data;horario;n_da_ocorrencia;tipo_de_ocorrencia;km;trecho;sentido;tipo_de_acidente;automovel;bicicleta;caminhao;moto;onibus;outros;tracao_animal;transporte_de_cargas_especiais;trator_maquinas;utilitarios;ilesos;levemente_feridos;moderadamente_feridos;gravemente_feridos;mortos
22/01/2015;13:14:00;77;com vítima;25;BR-101/RJ;Sul;Capotamento;1;;;;;;;;;;0;;2;;
14/01/2010;18:02:00;148;com vítima;26;BR-101/RJ;Sul;Colisão Frontal;2;;;;;;;;;;1;4;1;1;
03/04/2012;09:37:00;64;com vítima;26;BR-101/RJ;Norte;Colisão Frontal;1;;1;;;;;;;1;0;2;1;3;2
14/04/2012;04:11:00;24;com vítima;26,1;BR-101/RJ;Sul;Colisão Frontal;1;;1;;;;;;;;2;;;;1
16/04/2012;17:14:00;138;sem vítima;26;BR-101/RJ;Sul;Colisão Lateral;;;1;;1;;;;;;4;;;;
31/12/2012;06:34:00;24;sem vítima;26;BR-101/RJ;Norte;Saida de Pista;1;;;;;;;;;;3;;;;
06/08/2013;13:28:00;83;sem vítima;26;BR-101/RJ;Norte;Colisão Lateral;1;;1;;;;;;;;3;;;;
24/10/2013;02:48:00;11;com vítima;26,221;BR-101/RJ;Norte;Colisão Frontal;1;;2;;;;;;;;0;3;;;1
17/03/2014;19:32:00;203;com vítima;26;BR-101/RJ;Norte;Queda de Moto;;;;1;;;;;;;0;;1;;
11/07/2014;00:18:00;2;com vítima;26,218;BR-101/RJ;Norte;Saida de Pista;1;;;;;;;;;;0;1;;;
30/08/2014;05:00:00;14;com vítima;26,179;BR-101/RJ;Norte;Colisão Frontal;1;;1;;;;;;;;1;;;1;2
17/11/2015;09:19:00;77;com vítima;26,622;BR-101/RJ;Sul;Colisão Frontal;1;;1;;;;;;;;1;;;;1
21/01/2010;21:08:00;219;com vítima;27;BR-101/RJ;Norte;Outros;;;1;;;;;;;;3;;1;;
22/01/2010;20:13:00;189;sem vítima;27;BR-101/RJ;Norte;Colisão Lateral;1;;1;;;;;;;;3;;;;
13/01/2011;17:19:00;122;com vítima;27;BR-101/RJ;Norte;Queda de Moto;;;;1;;;;;;;0;2;;;
12/08/2011;11:12:00;84;com vítima;27;BR-101/RJ;Sul;Colisão Frontal;;;2;;;;;;;;3;1;;;
14/08/2011;22:54:00;192;sem vítima;27;BR-101/RJ;Sul;Saida de Pista;1;;;;;;;;;;1;;;;
02/01/2012;22:47:00;253;sem vítima;27,8;BR-101/RJ;Norte;Colisão Traseira;;;2;;;;;;;;2;;;;
23/01/2012;22:48:00;245;com vítima;27,1;BR-101/RJ;Sul;Colisão Traseira;1;;;;;1;;;;;2;1;;;
28/01/2012;06:06:00;37;sem vítima;27;BR-101/RJ;Norte;Saida de Pista;1;;;;;;;;;;4;;;;
07/11/2012;16:08:00;119;sem vítima;27;BR-101/RJ;Sul;Saida de Pista;1;;;;;;;;;;1;;;;
04/12/2012;17:28:00;155;sem vítima;27;BR-101/RJ;Norte;Colisão Traseira;;;1;;;1;;;;;2;;;;
07/12/2012;05:25:00;26;sem vítima;27;BR-101/RJ;Norte;Colisão Traseira;1;;;;;;;;;1;3;;;;
12/06/2013;17:01:00;127;com vítima;27;BR-101/RJ;Norte;Colisão Frontal;1;;1;;1;;;;;;2;;1;;
18/01/2014;09:37:00;104;com vítima;27;BR-101/RJ;Norte;Colisão Lateral;;;1;;;;;;;1;1;;2;;
25/05/2014;18:33:00;139;sem vítima;27;BR-101/RJ;Norte;Colisão Traseira;2;;;;;;;;;;3;;;;
24/06/2014;06:18:00;22;sem vítima;27;BR-101/RJ;Sul;Colisão Lateral;;;1;;1;;;;;;2;;;;
01/09/2014;18:19:00;145;com vítima;27,5;BR-101/RJ;Sul;Saida de Pista;;;1;;;;;;;;0;;;;1
05/09/2014;15:24:00;111;com vítima;27;BR-101/RJ;Norte;Queda de Moto;;;;1;;;;;;;0;2;;;
12/10/2014;07:06:00;31;com vítima;27,617;BR-101/RJ;Sul;Saida de Pista;;;;1;;;;;;;0;;1;;
14/12/2014;22:55:00;182;com vítima;27,8;BR-101/RJ;Norte;Colisão Traseira;;;1;1;;;;;;;1;;;;1
19/11/2015;05:31:00;22;com vítima;27;BR-101/RJ;Norte;Colisão Traseira;;;2;;;;;;;;1;1;;;
03/01/2010;16:49:00;170;sem vítima;28;BR-101/RJ;Norte;Colisão Lateral;1;;1;;;;;;;;3;;;;
28/10/2010;16:10:00;123;sem vítima;28;BR-101/RJ;Sul;Colisão Lateral;1;;1;;;;;;;;3;;;;
26/12/2010;16:27:00;125;sem vítima;28;BR-101/RJ;Norte;Saida de Pista;1;;;;;;;;;;3;;;;
30/01/2011;19:03:00;148;sem vítima;28;BR-101/RJ;Sul;Colisão Lateral;1;;;;;1;;;;;3;;;;
02/03/2011;21:02:00;165;com vítima;59;BR-101/RJ;Norte;Atropelamento - Andarilho;1;;;;;;;;;;1;;1;;
30/09/2011;15:08:00;133;com vítima;28;BR-101/RJ;Norte;Colisão Traseira;;;;1;;;;;;1;1;1;;;
12/08/2012;06:03:00;34;com vítima;28;BR-101/RJ;Sul;Choque - Arvore;;;;;;;;;;1;0;;1;;
09/09/2012;09:33:00;57;sem vítima;28;BR-101/RJ;Norte;Saida de Pista;1;;;;;;;;;;3;;;;
17/01/2013;03:56:00;19;sem vítima;28;BR-101/RJ;Norte;Atropelamento de Animal;;;1;;;;;;;;1;;;;
03/05/2013;19:08:00;166;sem vítima;28;BR-101/RJ;Sul;Colisão Lateral;1;;1;;;;;;;;2;;;;
13/02/2010;20:05:00;422;sem vítima;29;BR-101/RJ;Norte;Colisão Frontal;1;;;;;;;;;;1;;;;
28/12/2010;19:55:00;174;sem vítima;29;BR-101/RJ;Norte;Tombamento;;;1;;;;;;;;1;;;;
04/08/2011;05:52:00;15;com vítima;29;BR-101/RJ;Sul;Saida de Pista;1;;;;;;;;;;0;1;;;
24/09/2012;16:42:00;159;com vítima;29;BR-101/RJ;Norte;Atropelamento - Morador;;;;;;1;;;;;1;;1;;
14/12/2012;06:58:00;35;com vítima;29,4;BR-101/RJ;Norte;Tombamento;;;1;;;;;;;;0;1;;;
25/01/2013;00:40:00;1;com vítima;29;BR-101/RJ;Norte;Colisão Frontal;1;;1;;;;;;;;2;1;1;;1
08/11/2013;05:09:00;21;com vítima;29,3;BR-101/RJ;Norte;Colisão Frontal;1;;2;;;;;;;;3;;;1;
28/10/2015;04:50:00;18;sem vítima;29;BR-101/RJ;Sul;Colisão Traseira;;;1;;;1;;;;;2;;;;
25/02/2010;07:35:00;24;com vítima;30;BR-101/RJ;Norte;Capotamento;1;;;;;;;;;;0;1;2;;
05/12/2012;00:19:00;2;sem vítima;30,15;BR-101/RJ;Sul;Colisão Traseira;;;2;;;;;;;;3;;;;
03/01/2014;01:16:00;7;com vítima;30,9;BR-101/RJ;Sul;Saida de Pista;;;;1;;;;;;;0;1;;;
22/05/2015;04:03:00;22;sem vítima;30;BR-101/RJ;Norte;Choque - Elemento de Drenagem;1;;;;;;;;;;1;;;;
16/03/2012;06:31:00;30;sem vítima;31;BR-101/RJ;Sul;Colisão Frontal;;;2;;;;;;;;2;;;;
29/06/2013;17:58:00;151;sem vítima;31,875;BR-101/RJ;Norte;Atropelamento de Animal;1;;;;;;;;;;3;;;;
24/05/2014;03:59:00;22;com vítima;31,71;BR-101/RJ;Sul;Colisão Frontal;2;;;;;;;;;;0;2;3;;1
05/04/2015;22:08:00;217;sem vítima;31,8;BR-101/RJ;Norte;Atropelamento de Animal;1;;;;;;;;;;3;;;;
16/12/2015;15:58:00;183;com vítima;31,861;BR-101/RJ;Sul;Colisão Transversal;1;;;;;;;;;1;3;1;;;
07/05/2010;17:46:00;196;com vítima;32;BR-101/RJ;Norte;Atropelamento - Morador;1;;;;;;;;;;3;1;;;
25/09/2011;03:30:00;13;com vítima;32;BR-101/RJ;Norte;Colisão Lateral;;;1;;;;;;;1;1;;1;;
25/09/2012;18:04:00;163;sem vítima;32,3;BR-101/RJ;Sul;Saida de Pista;1;;;;;;;;;;1;;;;
17/02/2013;21:40:00;194;com vítima;32,7;BR-101/RJ;Norte;Colisão Frontal;;;1;1;;;;;;;1;1;;;
31/12/2013;10:09:00;54;sem vítima;32;BR-101/RJ;Norte;Saida de Pista;1;;;;;;;;;;2;;;;
21/01/2010;09:34:00;80;com vítima;33;BR-101/RJ;Sul;Colisão Frontal;3;;;;;;;;;;1;1;2;;
12/06/2010;00:38:00;6;com vítima;33;BR-101/RJ;Norte;Saida de Pista;1;;;;;;;;;;2;3;;;
21/08/2010;19:56:00;159;com vítima;33,79999923706055;BR-101/RJ;Norte;Colisão Lateral;1;;;;;;;;;1;3;1;;;
02/12/2010;16:13:00;128;sem vítima;33;BR-101/RJ;Norte;Saida de Pista;1;;;;;;;;;;2;;;;
27/01/2012;11:27:00;70;sem vítima;33,7;BR-101/RJ;Sul;Colisão Lateral;1;;;;;;;;;1;4;;;;
15/02/2012;17:56:00;162;com vítima;33,8;BR-101/RJ;Sul;Colisão Lateral;1;;1;;;;;;;;1;;2;;
09/07/2013;06:58:00;33;sem vítima;33;BR-101/RJ;Norte;Saida de Pista;1;;;;;;;;;;2;;;;
03/09/2013;23:14:00;190;com vítima;33,541;BR-101/RJ;Norte;Colisão Frontal;1;;;;1;;;;;;13;;;1;
03/09/2013;16:39:00;150;sem vítima;33,8;BR-101/RJ;Norte;Colisão Lateral;1;;;;;1;;;;;2;;;;
19/10/2013;19:07:00;165;com vítima;33,8;BR-101/RJ;Norte;Colisão Frontal;2;;;;;;;;;;2;5;;;
02/11/2013;13:33:00;117;sem vítima;33,763;BR-101/RJ;Norte;Colisão Traseira;2;;;;;;;;;;8;;;;
23/03/2014;21:06:00;121;sem vítima;33;BR-101/RJ;Norte;Colisão Transversal;1;;;;;1;;;;;3;;;;
25/04/2014;16:47:00;105;com vítima;33,8;BR-101/RJ;Norte;Colisão Transversal;1;;1;;;;;;;;1;;1;;
06/09/2015;18:46:00;117;sem vítima;33,2;BR-101/RJ;Norte;Choque - Suporte de Sinalização;1;;;;;;;;;;3;;;;
11/01/2010;16:11:00;149;sem vítima;34;BR-101/RJ;Sul;Colisão Lateral;;;2;;;;;;;;3;;;;
30/01/2010;01:07:00;10;sem vítima;34;BR-101/RJ;Sul;Colisão Lateral;;;1;;;1;;;;;2;;;;
02/03/2011;21:58:00;175;com vítima;10;BR-101/RJ;Norte;Capotamento;1;;;;;;;;;;0;;1;;
24/05/2011;16:45:00;156;com vítima;34;BR-101/RJ;Norte;Colisão Frontal;2;;;;;;;;;;0;1;3;;
03/09/2011;11:08:00;68;sem vítima;34;BR-101/RJ;Norte;Colisão Frontal;2;;;;;;;;;;8;;;;
18/11/2011;06:59:00;31;com vítima;34;BR-101/RJ;Norte;Colisão Lateral;1;;;;;1;;;;;1;;1;;
04/01/2012;15:58:00;136;sem vítima;34,5;BR-101/RJ;Norte;Colisão Frontal;2;;;;;;;;;;4;;;;
09/03/2012;10:12:00;68;com vítima;34;BR-101/RJ;Sul;Saida de Pista;1;;;;;;;;;;0;2;;;
03/11/2012;19:19:00;129;sem vítima;34;BR-101/RJ;Sul;Colisão Frontal;;;1;;;;;;;;1;;;;
22/02/2013;05:33:00;23;sem vítima;34;BR-101/RJ;Sul;Saida de Pista;;;1;;;;;;;;1;;;;
31/03/2013;15:19:00;103;sem vítima;34,8;BR-101/RJ;Norte;Colisão Lateral;2;;;;;;;;;;7;;;;
01/06/2013;13:05:00;83;com vítima;34;BR-101/RJ;Sul;Colisão Lateral;;;1;1;;;;;;;1;1;1;;
28/06/2013;12:16:00;87;com vítima;34;BR-101/RJ;Sul;Colisão Traseira;1;;1;;;;;;;;0;4;;;
02/04/2014;09:11:00;65;com vítima;34,83;BR-101/RJ;Sul;Atropelamento - Morador;;;;;;1;;;;;1;;;;1
03/06/2014;20:22:00;152;sem vítima;34;BR-101/RJ;Norte;Colisão Transversal;;;1;;;;;;;1;2;;;;
07/06/2014;12:29:00;69;sem vítima;34,095;BR-101/RJ;Norte;Colisão Traseira;2;;;;;;;;;;7;;;;
16/11/2014;10:02:00;49;sem vítima;34;BR-101/RJ;Norte;Colisão Transversal;1;;;;;1;;;;;2;;;;
12/04/2015;01:52:00;9;sem vítima;34;BR-101/RJ;Norte;Colisão Transversal;1;;;;;1;;;;;2;;;;
10/10/2015;10:10:00;95;com vítima;34;BR-101/RJ;Norte;Colisão Transversal;;;;1;;1;;;;;1;;1;;
16/10/2015;19:22:00;241;com vítima;34;BR-101/RJ;Sul;Colisão Traseira;1;;;1;;;;;;;1;;1;;
16/07/2010;06:41:00;19;sem vítima;35;BR-101/RJ;Sul;Colisão Lateral;;;2;;;;;;;;2;;;;
15/11/2010;18:30:00;158;com vítima;35,5;BR-101/RJ;Sul;Queda de Moto;;;;1;;;;;;;0;;1;;
15/02/2011;11:06:00;72;com vítima;35;BR-101/RJ;Norte;Capotamento;1;;;;;;;;;;1;1;1;;
28/11/2011;04:51:00;22;sem vítima;35;BR-101/RJ;Norte;Atropelamento de Animal;;;1;;;;;;;;1;;;;
22/05/2012;11:20:00;78;sem vítima;35;BR-101/RJ;Norte;Saida de Pista;;;1;;;;;;;;1;;;;
29/07/2012;08:42:00;47;sem vítima;35,5;BR-101/RJ;Sul;Saida de Pista;1;;;;;1;;;;;2;;;;
07/09/2012;00:20:00;6;sem vítima;35,9;BR-101/RJ;Sul;Saida de Pista;;;1;;;;;;;;1;;;;
27/01/2013;03:24:00;17;sem vítima;35,5;BR-101/RJ;Norte;Saida de Pista;;;1;;;;;;;;1;;;;
26/09/2013;16:55:00;147;com vítima;35,5;BR-101/RJ;Norte;Saida de Pista;1;;;;;;;;;;0;;;;1
28/03/2014;13:27:00;106;sem vítima;35;BR-101/RJ;Sul;Saida de Pista;;;;;;;;;;1;1;;;;
27/07/2014;10:40:00;50;sem vítima;35;BR-101/RJ;Sul;Saida de Pista;1;;;;;;;;;;2;;;;
06/08/2014;07:15:00;29;sem vítima;35;BR-101/RJ;Norte;Colisão Traseira;1;;1;;;1;;;;;5;;;;
21/10/2014;09:12:00;57;sem vítima;35;BR-101/RJ;Sul;Colisão Lateral;1;;1;;;;;;;;2;;;;
23/02/2015;09:53:00;59;com vítima;35;BR-101/RJ;Norte;Tombamento;;;1;;;;;;;;1;1;1;;
14/06/2015;17:18:00;123;com vítima;35,95;BR-101/RJ;Norte;Colisão Transversal;1;;1;;;;;;;;1;;1;;
08/09/2015;21:01:00;221;sem vítima;35;BR-101/RJ;Norte;Objeto lançado contra veículo;;;2;;;;;;;;2;;;;
05/05/2010;07:44:00;41;sem vítima;36;BR-101/RJ;Sul;Choque - Outros;;;1;;1;;;;;;25;;;;
09/05/2010;15:53:00;84;sem vítima;36;BR-101/RJ;Norte;Saida de Pista;1;;;;;;;;;;3;;;;
09/09/2010;01:34:00;9;com vítima;36,5;BR-101/RJ;Norte;Colisão Frontal;1;;1;;1;;;;;;51;;1;1;
24/09/2010;08:58:00;52;com vítima;36;BR-101/RJ;Sul;Colisão Traseira;;;1;1;;;;;;;2;1;;;
13/01/2013;10:30:00;77;sem vítima;36;BR-101/RJ;Sul;Engavetamento;5;;1;;;;;;;;14;;;;
15/07/2013;19:22:00;174;com vítima;36;BR-101/RJ;Norte;Queda de Moto;;;;1;;;;;;;0;;;1;
09/01/2014;18:01:00;161;com vítima;36,621;BR-101/RJ;Sul;Outros - Sequência;1;;;;;1;;;;;1;;;4;
11/04/2014;20:23:00;185;sem vítima;36;BR-101/RJ;Norte;Colisão Lateral;1;;;1;;;;;;;2;;;;
27/07/2014;18:38:00;127;sem vítima;36,3;BR-101/RJ;Norte;Saida de Pista;1;;;;;;;;;;2;;;;
13/09/2015;16:26:00;107;com vítima;36;BR-101/RJ;Norte;Colisão Frontal;2;;;;;;;;;;1;;1;;
01/07/2010;06:40:00;27;com vítima;37;BR-101/RJ;Sul;Colisão Transversal;;;1;;1;;;;;;29;1;3;;
24/07/2010;21:49:00;212;sem vítima;37;BR-101/RJ;Sul;Choque - Defensa, barreira ou "submarino";1;;;;;;;;;;1;;;;
19/12/2010;11:31:00;92;sem vítima;37,599998474121094;BR-101/RJ;Sul;Saida de Pista;1;;;;;;;;;;1;;;;
31/01/2011;19:16:00;179;sem vítima;37,79999923706055;BR-101/RJ;Sul;Colisão Lateral;;;1;;;1;;;;;2;;;;
02/03/2011;23:35:00;190;sem vítima;309;BR-101/RJ;Norte;Saida de Pista;1;;;;;;;;;;6;;;;
09/09/2011;04:51:00;18;com vítima;37,400001525878906;BR-101/RJ;Norte;Colisão Frontal;;;1;1;;;;;;;1;;;;1
19/10/2011;07:55:00;34;com vítima;37;BR-101/RJ;Norte;Colisão Lateral;;;1;1;;;;;;;1;1;;;
17/12/2011;06:35:00;27;sem vítima;37,70000076293945;BR-101/RJ;Sul;Colisão Lateral;1;;1;;;;;;;;4;;;;
30/01/2012;20:28:00;177;sem vítima;37;BR-101/RJ;Norte;Atropelamento de Animal;2;;;;;;;;;;2;;;;
09/03/2012;18:10:00;156;sem vítima;37;BR-101/RJ;Norte;Colisão Frontal;;;1;;;;;;;1;2;;;;
25/11/2012;15:24:00;94;sem vítima;37;BR-101/RJ;Norte;Colisão Traseira;2;;;;;1;;;;;7;;;;
27/12/2012;10:09:00;82;sem vítima;37;BR-101/RJ;Norte;Colisão Traseira;2;;;;;;;;;;2;;;;
05/02/2013;11:20:00;80;sem vítima;37;BR-101/RJ;Sul;Colisão Traseira;2;;;;;1;;;;;7;;;;
23/02/2013;14:25:00;128;com vítima;37,3;BR-101/RJ;Norte;Colisão Transversal;;;1;1;;;;;;1;2;;;1;
18/04/2014;05:48:00;37;sem vítima;37,827;BR-101/RJ;Norte;Colisão Traseira;2;;;;;;;;;;4;;;;
19/04/2014;16:18:00;95;sem vítima;37;BR-101/RJ;Sul;Colisão Traseira;2;;;;;;;;;;2;;;;
18/06/2014;09:24:00;53;sem vítima;37,89;BR-101/RJ;Norte;Colisão Traseira;2;;;;;;;;;;2;;;;
21/09/2014;12:12:00;59;com vítima;37;BR-101/RJ;Norte;Queda de Moto;;;;1;;;;;;;0;2;;;
30/04/2015;06:04:00;21;com vítima;37,313;BR-101/RJ;Sul;Colisão Transversal;;;1;1;;;;;;;3;;;;1
22/09/2015;21:45:00;192;com vítima;37;BR-101/RJ;Sul;Queda de Moto;;;;1;;;;;;;0;;1;;
27/09/2015;18:46:00;141;com vítima;37,5;BR-101/RJ;Norte;Colisão Frontal;2;;;;;;;;;;0;4;;1;
08/05/2010;01:58:00;20;com vítima;38;BR-101/RJ;Norte;Colisão Lateral;1;;;;;1;;;;;1;1;;;
02/08/2010;16:53:00;170;sem vítima;38;BR-101/RJ;Sul;Atropelamento de Animal;1;;;;;;;;;;1;;;;
09/02/2011;12:42:00;87;com vítima;38;BR-101/RJ;Norte;Colisão Frontal;2;;1;;;;;;;;0;3;;;
01/10/2011;18:17:00;170;sem vítima;38,599998474121094;BR-101/RJ;Sul;Colisão Traseira;;;2;;;;;;;;2;;;;
21/04/2012;19:33:00;147;sem vítima;38,5;BR-101/RJ;Norte;Queda de Moto;;;;1;;;;;;;1;;;;
16/06/2012;19:02:00;160;com vítima;38;BR-101/RJ;Norte;Queda de Moto;;;;1;;1;;;;;1;;1;;
27/08/2012;06:18:00;25;com vítima;38,4;BR-101/RJ;Sul;Queda de Moto;;;;1;;;;;;;0;;1;;
25/11/2012;05:02:00;20;sem vítima;38,3;BR-101/RJ;Norte;Saida de Pista;1;;;;;;;;;;1;;;;
09/04/2013;13:34:00;119;sem vítima;38;BR-101/RJ;Sul;Choque - Defensa, barreira ou "submarino";;;1;;;;;;;;1;;;;
14/05/2013;02:04:00;6;com vítima;38;BR-101/RJ;Norte;Colisão Lateral;1;;1;;;;;;;;4;1;1;;
14/07/2013;18:50:00;161;com vítima;38,1;BR-101/RJ;Norte;Saida de Pista;1;;;;;;;;;;2;2;;;
29/03/2014;21:19:00;227;sem vítima;38;BR-101/RJ;Norte;Colisão Lateral;1;;;1;;;;;;;5;;;;
01/04/2014;23:19:00;180;sem vítima;38,9;BR-101/RJ;Norte;Atropelamento de Animal;;;1;;;;;;;;1;;;;
17/04/2014;11:11:00;74;com vítima;38;BR-101/RJ;Sul;Colisão Traseira;2;;;;;;;;;;1;3;1;;
25/08/2014;11:33:00;83;sem vítima;38;BR-101/RJ;Sul;Saida de Pista;1;;;;;;;;;;2;;;;
20/05/2015;18:44:00;183;sem vítima;38,5;BR-101/RJ;Sul;Outros - Sequência;;;1;;;;;;;1;2;;;;
04/04/2010;19:01:00;205;sem vítima;39;BR-101/RJ;Sul;Colisão Traseira;2;;;;;;;;;;5;;;;
30/07/2010;04:56:00;19;sem vítima;39;BR-101/RJ;Norte;Colisão Lateral;;;1;;1;;;;;;2;;;;
03/09/2011;13:22:00;86;com vítima;39;BR-101/RJ;Norte;Colisão Transversal;1;;1;;;;;;;;1;;4;;
17/01/2012;03:56:00;19;sem vítima;39;BR-101/RJ;Sul;Colisão Traseira;1;;1;;;;;;;;3;;;;
17/01/2012;14:26:00;130;sem vítima;39;BR-101/RJ;Norte;Colisão Traseira;2;;;;;;;;;;4;;;;
17/01/2012;00:20:00;5;com vítima;39,95;BR-101/RJ;Norte;Colisão Frontal;;;1;;1;;;;;;0;39;5;1;3
23/01/2012;12:17:00;99;sem vítima;39;BR-101/RJ;Norte;Colisão Transversal;1;;;;;;;;;1;5;;;;
05/02/2012;21:07:00;183;sem vítima;39;BR-101/RJ;Norte;Colisão Traseira;1;;1;;;;;;;;4;;;;
31/03/2012;00:52:00;2;sem vítima;39;BR-101/RJ;Norte;Colisão Traseira;1;;;;;1;;;;;2;;;;
13/04/2012;18:06:00;180;sem vítima;39;BR-101/RJ;Norte;Colisão Lateral;1;;1;;;;;;;;2;;;;
20/05/2012;23:49:00;167;com vítima;39;BR-101/RJ;Sul;Saida de Pista;1;;;;;;;;;;0;5;;;
14/06/2012;00:49:00;8;sem vítima;39;BR-101/RJ;Norte;Saida de Pista;1;;;;;;;;;;5;;;;
25/07/2012;18:27:00;156;com vítima;39;BR-101/RJ;Norte;Queda de Moto;;;;1;;;;;;;0;1;;;
04/10/2012;08:21:00;55;sem vítima;39;BR-101/RJ;Sul;Colisão Traseira;;;2;;;;;;;;2;;;;
24/02/2013;11:05:00;73;com vítima;39;BR-101/RJ;Norte;Colisão Frontal;2;;;;;;;;;;0;2;2;;
26/01/2014;18:44:00;148;com vítima;39;BR-101/RJ;Norte;Colisão Traseira;;;;2;;;;;;;1;1;1;;
06/03/2014;12:29:00;119;sem vítima;39;BR-101/RJ;Norte;Colisão Traseira;2;;;;;1;;;;;6;;;;
15/11/2014;13:44:00;102;sem vítima;39,894;BR-101/RJ;Sul;Colisão Lateral;1;;1;;;;;;;;4;;;;
05/03/2015;21:22:00;125;com vítima;39;BR-101/RJ;Norte;Atropelamento - Andarilho;1;;;;;;;;;;2;0;0;0;1
23/08/2015;19:38:00;156;sem vítima;39;BR-101/RJ;Norte;Atropelamento de Animal;;;1;;;;;;;;2;;;;
26/03/2010;18:32:00;165;com vítima;40;BR-101/RJ;Norte;Colisão Lateral;2;;;;;;;;;;2;1;2;;
13/04/2010;08:50:00;63;sem vítima;40;BR-101/RJ;Sul;Queda de Moto;;;;1;;;;;;;1;;;;
16/05/2010;03:32:00;17;sem vítima;40;BR-101/RJ;Norte;Choque - Defensa, barreira ou "submarino";2;;;;;;;;;;4;;;;
06/08/2010;06:18:00;24;sem vítima;40;BR-101/RJ;Norte;Choque - Cancela de Pedagio;;;1;;;;;;;;1;;;;
11/09/2010;21:46:00;183;sem vítima;40;BR-101/RJ;Sul;Colisão Lateral;;;1;;1;;;;;;4;;;;
12/09/2010;15:43:00;95;sem vítima;40;BR-101/RJ;Sul;Colisão Traseira;;;2;;;;;;;;2;;;;
15/09/2010;17:07:00;148;sem vítima;40;BR-101/RJ;Sul;Choque - Outros;;;1;;;;;;;;1;;;;
21/09/2010;08:49:00;51;sem vítima;40;BR-101/RJ;Sul;Colisão Traseira;1;;1;;;;;;;;2;;;;
24/10/2010;12:52:00;81;sem vítima;40;BR-101/RJ;Sul;Engavetamento;1;;1;;1;;;;;;4;;;;
26/11/2010;12:23:00;76;sem vítima;40;BR-101/RJ;Sul;Colisão Traseira;2;;;;;;;;;;2;;;;
28/11/2010;11:18:00;78;com vítima;40;BR-101/RJ;Sul;Colisão Traseira;;;;;2;;;;;;58;2;;;
09/12/2010;15:01:00;95;sem vítima;40;BR-101/RJ;Sul;Colisão Traseira;1;;1;;;;;;;;2;;;;
28/12/2010;12:36:00;86;sem vítima;40;BR-101/RJ;Sul;Colisão Traseira;;;2;;;;;;;;2;;;;
06/01/2011;07:26:00;45;sem vítima;40;BR-101/RJ;Sul;Colisão Traseira;1;;1;;;;;;;;3;;;;
07/01/2011;08:30:00;43;sem vítima;40;BR-101/RJ;Norte;Colisão Traseira;1;;;;;1;;;;;2;;;;
23/01/2011;08:54:00;34;sem vítima;40;BR-101/RJ;Norte;Choque - Cancela de Pedagio;;;1;;;;;;;;1;;;;
02/02/2011;08:17:00;47;sem vítima;40;BR-101/RJ;Norte;Colisão Traseira;;;2;;;;;;;;3;;;;
12/02/2011;13:28:00;108;sem vítima;40;BR-101/RJ;Sul;Colisão Traseira;1;;;;;;;;;1;2;;;;
16/02/2011;01:10:00;9;sem vítima;40;BR-101/RJ;Norte;Colisão Traseira;2;;;;;;;;;;2;;;;
16/02/2011;06:47:00;34;sem vítima;40;BR-101/RJ;Norte;Choque - Cancela de Pedagio;;;1;;;;;;;;1;;;;
03/03/2011;01:30:00;8;com vítima;320;BR-101/RJ;Norte;Engavetamento;2;;1;1;;;;;;;5;1;2;;
03/03/2011;05:54:00;21;sem vítima;295;BR-101/RJ;Norte;Colisão Lateral;2;;;;;;;;;;2;;;;
22/05/2011;22:14:00;180;sem vítima;40;BR-101/RJ;Sul;Colisão Traseira;1;;1;;;;;;;;2;;;;
01/08/2011;09:32:00;81;sem vítima;40;BR-101/RJ;Sul;Colisão Traseira;1;;1;;;;;;;;2;;;;
12/08/2011;06:57:00;24;sem vítima;40;BR-101/RJ;Norte;Choque - Cancela de Pedagio;;;1;;;;;;;;1;;;;
22/11/2011;02:55:00;15;sem vítima;40;BR-101/RJ;Norte;Choque - Suporte de Sinalização;;;1;;;;;;;;1;;;;
13/12/2011;18:33:00;173;sem vítima;40;BR-101/RJ;Sul;Engavetamento;;;2;;;;;;;1;4;;;;
27/12/2011;15:55:00;148;sem vítima;40;BR-101/RJ;Norte;Colisão Traseira;1;;;1;;;;;;;2;;;;
20/01/2012;07:40:00;57;com vítima;40;BR-101/RJ;Norte;Choque - Suporte de Sinalização;;;;1;;;;;;;1;1;;;
15/02/2012;09:37:00;61;sem vítima;40;BR-101/RJ;Norte;Colisão Traseira;1;;1;;;1;;;;;3;;;;
26/04/2012;13:33:00;111;sem vítima;40;BR-101/RJ;Norte;Colisão Lateral;;;2;;;;;;;;2;;;;
17/06/2012;22:34:00;173;com vítima;40,4;BR-101/RJ;Norte;Colisão Lateral;2;;;;;;;;;;1;1;1;;
12/07/2012;03:04:00;10;com vítima;40;BR-101/RJ;Norte;Colisão Traseira;;;2;;;;;;;;1;;1;;
24/07/2012;09:36:00;63;sem vítima;40;BR-101/RJ;Norte;Colisão Traseira;1;;1;;;;;;;;3;;;;
10/09/2012;13:58:00;143;com vítima;40;BR-101/RJ;Norte;Queda de Moto;;;;1;;;;;;;0;1;;;
13/12/2012;17:50:00;160;sem vítima;40;BR-101/RJ;Norte;Colisão Traseira;2;;;;;;;;;;2;;;;
03/01/2013;10:08:00;84;sem vítima;40;BR-101/RJ;Norte;Colisão Traseira;2;;;;;;;;;;9;;;;
05/01/2013;13:18:00;81;com vítima;40;BR-101/RJ;Sul;Colisão Traseira;1;;1;;;;;;;;3;1;;;
07/01/2013;11:55:00;109;sem vítima;40;BR-101/RJ;Norte;Colisão Traseira;2;;;;;;;;;;7;;;;
15/01/2013;13:07:00;94;sem vítima;40;BR-101/RJ;Norte;Colisão Traseira;;;2;;;;;;;;2;;;;
17/01/2013;23:04:00;209;sem vítima;40;BR-101/RJ;Sul;Colisão Traseira;;;2;;;;;;;;2;;;;