data;horario;n_da_ocorrencia;tipo_de_ocorrencia;km;trecho;sentido;tipo_de_acidente;automovel;bicicleta;caminhao;moto;onibus;outros;tracao_animal;transporte_de_cargas_especiais;trator_maquinas;utilitarios;ilesos;levemente_feridos;moderadamente_feridos;gravemente_feridos;mortos
08/02/2013;06:21:00;64;sem vítima;40;BR-101/RJ;Norte;Colisão Traseira;2;;;;;;;;;;2;;;;
04/05/2013;15:06:00;114;sem vítima;40;BR-101/RJ;Norte;Colisão Traseira;;;1;;;;;;;1;3;;;;
23/05/2013;10:24:00;62;com vítima;40;BR-101/RJ;Norte;Saida de Pista;;;1;;;1;;;;;2;2;;;
05/07/2013;13:08:00;104;sem vítima;40;BR-101/RJ;Sul;Colisão Traseira;;;1;;;1;;;;;3;;;;
18/07/2013;16:28:00;145;sem vítima;40;BR-101/RJ;Norte;Colisão Traseira;;;1;;;;;;;1;2;;;;
21/08/2013;06:58:00;41;sem vítima;40;BR-101/RJ;Sul;Colisão Traseira;;;2;;;;;;;;2;;;;
09/09/2013;21:48:00;202;sem vítima;40;BR-101/RJ;Norte;Colisão Lateral;;;2;;;;;;;;2;;;;
19/11/2013;08:57:00;57;sem vítima;40,1;BR-101/RJ;Sul;Colisão Traseira;;;2;;;;;;;;2;;;;
04/04/2014;09:29:00;52;com vítima;40;BR-101/RJ;Norte;Queda de Moto;;;;1;;;;;;;0;1;;;
25/06/2014;08:13:00;35;sem vítima;40;BR-101/RJ;Sul;Colisão Traseira;1;;;;1;;;;;;21;;;;
13/07/2014;23:08:00;151;com vítima;40;BR-101/RJ;Sul;Queda de Moto;;;;1;;;;;;;0;;1;;
26/08/2014;21:56:00;163;sem vítima;40;BR-101/RJ;Sul;Colisão Traseira;1;;1;;;;;;;;3;;;;
05/10/2014;11:16:00;53;sem vítima;40,1;BR-101/RJ;Sul;Colisão Traseira;;;1;;1;;;;;;3;;;;
26/11/2014;07:39:00;36;sem vítima;40;BR-101/RJ;Sul;Choque - Suporte de Sinalização;;;1;;;;;;;1;2;;;;
17/02/2015;12:53:00;60;com vítima;40;BR-101/RJ;Norte;Queda de Moto;;;;1;;;;;;;0;0;1;0;0
02/07/2015;19:15:00;184;sem vítima;40;BR-101/RJ;Sul;Colisão Traseira;1;;1;;;;;;;;2;;;;
03/08/2015;15:54:00;145;com vítima;40,386;BR-101/RJ;Norte;Colisão Traseira;;;2;;;;;;;;1;1;;;
20/08/2015;10:52:00;98;sem vítima;40;BR-101/RJ;Norte;Colisão Lateral;2;;;;;;;;;;3;;;;
12/12/2015;08:31:00;67;sem vítima;40,1;BR-101/RJ;Norte;Choque - Outros;;;1;;;;;;;;1;;;;
06/12/2010;08:23:00;69;sem vítima;41,5;BR-101/RJ;Norte;Colisão Lateral;;;2;;;;;;;;2;;;;
27/01/2011;18:57:00;198;sem vítima;41;BR-101/RJ;Norte;Colisão Lateral;;;2;;;;;;;;2;;;;
12/08/2011;20:19:00;177;sem vítima;41;BR-101/RJ;Norte;Colisão Lateral;1;;;;;1;;;;;5;;;;
21/12/2011;12:30:00;106;com vítima;41,099998474121094;BR-101/RJ;Norte;Colisão Transversal;1;;;;1;;;;;;1;1;;;
11/02/2012;21:19:00;172;com vítima;41,8;BR-101/RJ;Norte;Colisão Frontal;2;;;;;;;;;;2;5;;;
18/08/2012;07:19:00;33;com vítima;41;BR-101/RJ;Sul;Colisão Transversal;;;1;;1;;;;;;43;1;2;;
03/03/2013;05:19:00;17;com vítima;41;BR-101/RJ;Sul;Saida de Pista;1;;;;;;;;;;1;;1;;
21/03/2013;02:16:00;7;com vítima;41,745;BR-101/RJ;Sul;Colisão Frontal;1;;;;;;;;;1;0;1;1;;1
15/05/2013;18:58:00;160;sem vítima;41;BR-101/RJ;Sul;Colisão Traseira;2;;;;;;;;;;3;;;;
08/10/2013;22:49:00;169;sem vítima;41;BR-101/RJ;Norte;Colisão Traseira;1;;1;;;;;;;;4;;;;
10/01/2014;22:33:00;242;sem vítima;41,331;BR-101/RJ;Norte;Atropelamento de Animal;1;;;;;;;;;;4;;;;
13/04/2014;23:46:00;189;com vítima;41;BR-101/RJ;Sul;Colisão Transversal;2;;;;;;;;;;0;4;;1;
03/08/2014;12:28:00;61;com vítima;41;BR-101/RJ;Sul;Objeto lançado contra veículo;1;;1;;;;;;;;1;1;;;
21/11/2014;20:03:00;168;com vítima;41,754;BR-101/RJ;Norte;Saida de Pista;1;;;;;;;;;;0;;1;;
10/12/2014;16:52:00;135;com vítima;41;BR-101/RJ;Sul;Colisão Lateral;;;;1;;;;;;1;8;;1;;
27/09/2015;15:59:00;115;com vítima;41,2;BR-101/RJ;Norte;Colisão Frontal;1;;1;;;;;;;;1;1;;1;1
17/12/2015;17:07:00;211;com vítima;41;BR-101/RJ;Sul;Colisão Transversal;1;;;1;;;;;;;3;;1;1;
18/05/2010;18:11:00;142;sem vítima;42;BR-101/RJ;Sul;Colisão Lateral;1;;;;;1;;;;;2;;;;
06/08/2010;13:56:00;92;com vítima;42;BR-101/RJ;Norte;Colisão Traseira;2;;;;;;;;;;0;4;;;
16/10/2010;20:08:00;142;com vítima;42;BR-101/RJ;Sul;Atropelamento - Ciclista;1;1;;;;;;;;;1;;;1;
06/04/2012;18:08:00;166;sem vítima;42;BR-101/RJ;Sul;Saida de Pista;1;;;;;;;;;;1;;;;
19/04/2012;07:44:00;34;sem vítima;42;BR-101/RJ;Sul;Colisão Lateral;1;;1;;;;;;;;2;;;;
24/03/2013;04:21:00;16;com vítima;42,178;BR-101/RJ;Sul;Colisão Frontal;1;;1;;;;;;;;2;;;2;
13/09/2013;06:33:00;23;com vítima;42,825;BR-101/RJ;Sul;Atropelamento - Morador;1;;;;;;;;;;2;;1;;
17/11/2013;17:34:00;160;com vítima;42;BR-101/RJ;Norte;Saida de Pista;1;;;;;;;;;;2;2;1;;
07/12/2013;03:35:00;27;com vítima;42,21;BR-101/RJ;Sul;Queda de Moto;;;;1;;;;;;;0;1;;;
15/03/2014;06:01:00;28;sem vítima;42;BR-101/RJ;Norte;Colisão Traseira;2;;;;;;;;;;2;;;;
06/04/2014;16:32:00;116;com vítima;42,115;BR-101/RJ;Sul;Colisão Frontal;1;;1;;;;;;;;0;1;3;;1
19/06/2014;19:18:00;97;sem vítima;42,367;BR-101/RJ;Sul;Saida de Pista;1;;;;;;;;;;5;;;;
27/11/2014;20:19:00;145;sem vítima;42;BR-101/RJ;Norte;Saida de Pista;;;;;;;;;1;;1;;;;
26/12/2014;10:40:00;52;sem vítima;42,95;BR-101/RJ;Norte;Choque - Defensa, barreira ou "submarino";1;;;;;;;;;;6;;;;
25/07/2015;00:29:00;213;com vítima;42;BR-101/RJ;Norte;Queda de Moto;;;;1;;;;;;;0;;1;;
09/08/2015;21:03:00;156;com vítima;42,7;BR-101/RJ;Sul;Capotamento;1;;;;;;;;;;0;1;;;
02/09/2015;18:43:00;167;sem vítima;42,162;BR-101/RJ;Norte;Colisão Lateral;2;;;;;;;;;;2;;;;
03/10/2015;21:30:00;187;com vítima;42,153;BR-101/RJ;Norte;Saida de Pista;1;;;;;;;;;;0;1;;;
20/11/2015;22:11:00;212;com vítima;42,5;BR-101/RJ;Sul;Queda de Moto;;;;1;;;;;;;0;;1;;
09/01/2010;02:51:00;19;com vítima;43;BR-101/RJ;Norte;Saida de Pista;1;;;;;;;;;;0;;3;;1
04/06/2010;06:16:00;15;sem vítima;43;BR-101/RJ;Sul;Tombamento;;;1;;;;;;;;2;;;;
01/02/2012;20:48:00;172;sem vítima;43;BR-101/RJ;Norte;Colisão Lateral;;;2;;;;;;;;2;;;;
17/02/2012;03:43:00;29;sem vítima;43;BR-101/RJ;Sul;Saida de Pista;1;;;;;;;;;;3;;;;
31/05/2013;02:08:00;11;sem vítima;43,4;BR-101/RJ;Sul;Colisão Traseira;1;;;;;1;;;;;2;;;;
21/06/2013;06:26:00;25;com vítima;43,981;BR-101/RJ;Norte;Colisão Frontal;1;;1;;;;;;;;1;1;;;
24/11/2013;22:40:00;171;com vítima;43;BR-101/RJ;Sul;Atropelamento de Animal;1;;;;;;;;;;0;1;2;;
06/12/2014;16:29:00;128;com vítima;43,232;BR-101/RJ;Norte;Saida de Pista;1;;;;;;;;;;0;;2;;1
07/06/2015;17:21:00;143;sem vítima;43;BR-101/RJ;Sul;Choque - Defensa, barreira ou "submarino";1;;;;;;;;;;1;;;;
06/12/2015;21:35:00;174;com vítima;43;BR-101/RJ;Norte;Choque - Arvore;1;;;;;;;;;;2;;1;;
04/02/2010;08:29:00;47;com vítima;44;BR-101/RJ;Norte;Colisão Lateral;1;;1;;;;;;;;2;1;1;;
14/01/2011;10:48:00;78;com vítima;44;BR-101/RJ;Sul;Capotamento;1;;;;;;;;;;0;;1;;
03/03/2011;08:44:00;55;sem vítima;228;BR-101/RJ;Sul;Saida de Pista;1;;;;;;;;;;1;;;;
03/02/2012;22:43:00;213;sem vítima;44,5;BR-101/RJ;Sul;Colisão Traseira;2;;;;;;;;;;2;;;;
23/04/2012;13:36:00;80;sem vítima;44;BR-101/RJ;Norte;Queda de Moto;;;;1;;;;;;;1;;;;
23/03/2013;18:50:00;175;com vítima;44,449;BR-101/RJ;Norte;Colisão Frontal;3;;;;;;;;;;2;;2;;
11/07/2013;07:55:00;44;com vítima;44,709;BR-101/RJ;Norte;Colisão Transversal;;;1;1;;;;;;;1;;1;;
25/08/2013;19:37:00;155;com vítima;44,466;BR-101/RJ;Norte;Colisão Lateral;;;;1;;1;;;;;1;;;1;
03/10/2013;04:57:00;16;com vítima;44,535;BR-101/RJ;Norte;Saida de Pista;1;;;;;;;;;;0;;1;;
10/11/2013;21:15:00;191;com vítima;44,2;BR-101/RJ;Norte;Colisão Frontal;1;;1;;;;;;;;1;;1;;
30/11/2013;18:47:00;191;com vítima;44;BR-101/RJ;Norte;Queda de Moto;;;;1;;;;;;;0;1;;;
23/01/2014;13:08:00;102;com vítima;44,7;BR-101/RJ;Norte;Colisão Transversal;1;;1;;;;;;;;3;2;1;;
12/08/2014;17:23:00;150;com vítima;44,375;BR-101/RJ;Norte;Colisão Lateral;;;1;1;;;;;;;1;1;;;
14/10/2014;05:21:00;25;sem vítima;44;BR-101/RJ;Sul;Choque - Defensa, barreira ou "submarino";;;1;;;;;;;;1;;;;
13/02/2015;19:55:00;209;com vítima;44,8;BR-101/RJ;Sul;Colisão Lateral;;;1;1;;;;;;;1;0;0;1;0
29/03/2015;23:20:00;158;com vítima;44;BR-101/RJ;Sul;Colisão Transversal;;;1;1;;;;;;;1;0;2;0;0
26/04/2015;04:16:00;19;com vítima;44,8;BR-101/RJ;Sul;Colisão Traseira;;;;1;;1;;;;;1;;1;;1
05/07/2015;01:46:00;6;sem vítima;44;BR-101/RJ;Sul;Colisão Transversal;1;;1;;;;;;;;2;;;;
26/07/2015;20:36:00;165;com vítima;44;BR-101/RJ;Sul;Colisão Lateral;1;;;;;;1;;;;2;1;;;
02/08/2015;22:28:00;186;sem vítima;44;BR-101/RJ;Sul;Colisão Traseira;2;;;;;;;;;;6;;;;
20/09/2015;18:23:00;171;com vítima;44,731;BR-101/RJ;Sul;Colisão Traseira;1;;1;;;;;;;;2;;;1;
22/01/2010;22:16:00;218;com vítima;45;BR-101/RJ;Norte;Atropelamento - Morador;;;;;;1;;;;;1;;;;1
18/03/2010;18:35:00;165;com vítima;45;BR-101/RJ;Norte;Queda de Moto;;;;1;;;;;;;0;;1;;
04/04/2010;17:17:00;158;com vítima;45;BR-101/RJ;Norte;Atropelamento - Usuário;1;;1;;;;;;;;4;1;;;
13/04/2010;19:42:00;162;sem vítima;45;BR-101/RJ;Sul;Colisão Traseira;;;2;;;;;;;;2;;;;
05/10/2010;14:42:00;111;com vítima;45;BR-101/RJ;Sul;Atropelamento - Andarilho;;;;;1;;;;;;1;1;;;
11/10/2010;10:46:00;52;com vítima;45;BR-101/RJ;Norte;Colisão Traseira;1;;;1;;;;;;;3;;1;;
01/01/2011;09:29:00;43;com vítima;45;BR-101/RJ;Sul;Colisão Traseira;1;;1;;;;;;;;3;;1;;
23/08/2011;23:58:00;193;sem vítima;45;BR-101/RJ;Norte;Atropelamento de Animal;1;;;;;1;;;;;2;;;;
25/10/2011;21:03:00;209;com vítima;45;BR-101/RJ;Norte;Tombamento;1;;;;;;;;;1;0;4;;;
01/11/2011;08:19:00;38;com vítima;45;BR-101/RJ;Sul;Atropelamento - Morador;;;;;;;;;;1;3;;;1;
16/11/2011;18:14:00;135;com vítima;45;BR-101/RJ;Norte;Colisão Frontal;1;;1;;;;;;;;2;;;;1
08/12/2011;11:20:00;94;sem vítima;45,599998474121094;BR-101/RJ;Sul;Saida de Pista;1;;;;;;;;;;4;;;;
23/12/2011;03:39:00;19;com vítima;45;BR-101/RJ;Norte;Queda de Moto;;;;1;;;;;;;0;;1;;
16/01/2012;10:00:00;72;com vítima;45,3;BR-101/RJ;Norte;Tombamento;;;;;;;;;;1;0;2;;;
12/06/2012;16:28:00;172;com vítima;45;BR-101/RJ;Norte;Colisão Traseira;;;2;;;;;;;;1;;1;;
24/10/2012;19:40:00;196;sem vítima;45;BR-101/RJ;Norte;Colisão Lateral;;;;;1;1;;;;;3;;;;
15/11/2012;20:32:00;159;com vítima;45;BR-101/RJ;Norte;Colisão Frontal;;;1;1;;;;;;;1;;2;;
16/11/2012;23:14:00;161;sem vítima;45;BR-101/RJ;Sul;Saida de Pista;;;1;;;;;;;;1;;;;
25/12/2012;20:33:00;185;sem vítima;45;BR-101/RJ;Sul;Colisão Lateral;2;;;;;;;;;;3;;;;
05/01/2013;05:23:00;18;sem vítima;45;BR-101/RJ;Sul;Atropelamento de Animal;;;1;;;;;;;;1;;;;
16/02/2013;12:26:00;112;sem vítima;45;BR-101/RJ;Sul;Colisão Traseira;1;;;;;1;;;;;6;;;;
09/06/2013;18:13:00;118;sem vítima;45,233;BR-101/RJ;Norte;Saida de Pista;1;;;;;;;;;;1;;;;
22/08/2013;02:07:00;12;sem vítima;45,9;BR-101/RJ;Norte;Atropelamento de Animal;;;1;;;;;;;;1;;;;
27/09/2013;20:24:00;189;sem vítima;45;BR-101/RJ;Norte;Colisão Traseira;;;1;;1;;;;;;2;;;;
15/02/2014;00:38:00;9;sem vítima;45,855;BR-101/RJ;Sul;Colisão Traseira;1;;1;;;;;;;;4;;;;
26/02/2014;21:42:00;230;sem vítima;45;BR-101/RJ;Sul;Colisão Lateral;;;1;;;1;;;;;2;;;;
27/04/2014;18:06:00;108;com vítima;45;BR-101/RJ;Sul;Colisão Lateral;;;1;1;;;;;;;1;;1;;
03/05/2014;17:11:00;99;sem vítima;45;BR-101/RJ;Norte;Colisão Traseira;;;2;;;;;;;;2;;;;
04/05/2014;08:35:00;30;sem vítima;45;BR-101/RJ;Sul;Colisão Traseira;2;;;;;;;;;;7;;;;
06/07/2014;18:56:00;117;sem vítima;45;BR-101/RJ;Sul;Colisão Traseira;1;;;1;;;;;;;3;;;;
25/07/2014;06:57:00;28;com vítima;45;BR-101/RJ;Norte;Capotamento;2;;;;;;;;;;2;2;;;
28/08/2014;01:20:00;6;sem vítima;45,5;BR-101/RJ;Norte;Saida de Pista;1;;;;;;;;;;2;;;;
21/12/2014;01:42:00;9;sem vítima;45;BR-101/RJ;Norte;Saida de Pista;1;;;;;;;;;;2;;;;
30/04/2015;17:22:00;167;sem vítima;45;BR-101/RJ;Sul;Colisão Lateral;1;;;;1;;;;;;3;;;;
26/05/2015;15:33:00;134;sem vítima;45;BR-101/RJ;Sul;Colisão Lateral;1;;1;;;;;;;;2;;;;
15/08/2015;23:50:00;194;com vítima;45,49;BR-101/RJ;Sul;Colisão Frontal;2;;1;;;;;;;;0;4;1;;
19/11/2015;21:58:00;232;com vítima;45;BR-101/RJ;Norte;Queda de Moto;;;;1;;;;;;;0;1;;;
18/12/2015;03:15:00;23;sem vítima;45;BR-101/RJ;Norte;Colisão Frontal;;;1;;1;;;;;;46;;;;
30/04/2010;05:27:00;26;sem vítima;46;BR-101/RJ;Norte;Atropelamento de Animal;;;1;;;1;;;;;2;;;;
22/10/2010;19:40:00;169;com vítima;46;BR-101/RJ;Sul;Atropelamento - Morador;;;;1;;;;;;;1;;1;;
10/11/2010;07:12:00;28;sem vítima;46;BR-101/RJ;Norte;Atropelamento de Animal;1;;;;;;;;;;3;;;;
10/12/2010;20:19:00;188;sem vítima;46;BR-101/RJ;Sul;Colisão Lateral;2;;;;;;;;;;2;;;;
08/05/2011;17:14:00;119;sem vítima;46;BR-101/RJ;Norte;Colisão Traseira;3;;;;;;;;;;7;;;;
08/08/2011;03:13:00;15;sem vítima;46;BR-101/RJ;Norte;Colisão Lateral;;;1;;;;;;;;1;;;;
20/09/2011;19:38:00;156;com vítima;46;BR-101/RJ;Norte;Atropelamento - Ciclista;1;1;;;;;;;;;3;;;1;
22/09/2011;02:19:00;11;com vítima;46,5;BR-101/RJ;Norte;Queda de Moto;;;;1;;1;;;;;1;;;;1
30/10/2011;19:48:00;133;com vítima;46;BR-101/RJ;Norte;Queda de Moto;;;;1;;1;;;;;1;;1;;
04/12/2011;20:22:00;150;com vítima;46;BR-101/RJ;Norte;Colisão Frontal;1;;1;;;;;;;;1;;;1;
25/12/2011;17:25:00;105;sem vítima;46;BR-101/RJ;Norte;Colisão Lateral;1;;;;1;;;;;;6;;;;
18/02/2012;20:56:00;327;com vítima;46;BR-101/RJ;Sul;Colisão Lateral;2;;;;;;;;;;2;1;1;;
20/05/2012;18:46:00;140;sem vítima;46;BR-101/RJ;Sul;Atropelamento de Animal;1;;;;;;;;;;2;;;;
27/06/2012;18:39:00;173;com vítima;46;BR-101/RJ;Norte;Queda de Moto;;;;1;;;;;;;0;1;;;
10/10/2012;23:50:00;283;com vítima;46,513;BR-101/RJ;Norte;Colisão Transversal;;;;1;;1;;;;;1;;;1;
19/10/2012;02:19:00;14;sem vítima;46,615;BR-101/RJ;Sul;Colisão Lateral;1;;;;1;;;;;;2;;;;
17/12/2012;13:32:00;108;sem vítima;46;BR-101/RJ;Norte;Atropelamento de Animal;1;;;;;;;;;;1;;;;
22/12/2012;15:05:00;161;com vítima;46,8;BR-101/RJ;Norte;Atropelamento - Andarilho;;;;;;1;;;;;1;;1;;
23/12/2012;03:16:00;14;com vítima;46,1;BR-101/RJ;Norte;Colisão Transversal;;;;1;1;;;;;;1;;;;1
26/06/2013;18:10:00;142;com vítima;46,8;BR-101/RJ;Sul;Queda de Moto;;;;1;;;;;;;0;1;;;
08/07/2013;19:09:00;145;com vítima;46,75;BR-101/RJ;Norte;Colisão Transversal;1;;;;;;;;;1;0;1;4;1;
16/09/2013;23:34:00;210;com vítima;46,619;BR-101/RJ;Norte;Atropelamento - Outros;;;1;;;1;;;;;1;;1;;
03/11/2013;20:19:00;183;com vítima;46,946;BR-101/RJ;Norte;Colisão Traseira;2;;1;;;;;;;;4;;2;;
23/12/2013;13:01:00;137;sem vítima;46,915;BR-101/RJ;Sul;Colisão Transversal;2;;;;;;;;;;2;;;;
21/01/2014;05:06:00;31;sem vítima;46,54;BR-101/RJ;Norte;Atropelamento de Animal;;;1;;;;;;;;2;;;;
13/04/2014;15:49:00;125;sem vítima;46;BR-101/RJ;Norte;Colisão Lateral;1;;;;1;;;;;;6;;;;
18/08/2014;07:37:00;50;sem vítima;46;BR-101/RJ;Sul;Choque - Defensa, barreira ou "submarino";1;;;;;;;;;;1;;;;
13/10/2014;18:45:00;197;com vítima;46,915;BR-101/RJ;Norte;Colisão Frontal;2;;;;;;;;;;2;3;;;
28/10/2014;14:53:00;92;com vítima;46,444;BR-101/RJ;Norte;Colisão Traseira;;;;1;;;;;;1;2;;1;;
29/11/2014;20:52:00;169;com vítima;46;BR-101/RJ;Norte;Colisão Traseira;1;;;1;;;;;;;1;1;;;
07/12/2014;00:04:00;1;com vítima;46,91;BR-101/RJ;Sul;Colisão Transversal;;;;1;;1;;;;;1;;1;;1
07/01/2015;21:11:00;168;com vítima;46,671;BR-101/RJ;Sul;Colisão Transversal;;;;1;;1;;;;;1;;1;;
12/07/2015;03:21:00;9;sem vítima;46,95;BR-101/RJ;Norte;Choque - Elemento de Drenagem;1;;;;;;;;;;2;;;;
14/10/2015;07:20:00;42;sem vítima;46;BR-101/RJ;Sul;Choque - Defensa, barreira ou "submarino";1;;;;;;;;;;2;;;;
20/12/2015;18:37:00;163;sem vítima;46,95;BR-101/RJ;Sul;Colisão Transversal;1;;1;;;;;;;;3;;;;
06/02/2010;20:32:00;222;com vítima;47;BR-101/RJ;Norte;Colisão Frontal;1;;;;;;;;;1;2;1;;1;
13/02/2010;17:52:00;376;com vítima;47;BR-101/RJ;Norte;Atropelamento - Morador;1;;;;;;;;;;1;1;;1;
10/04/2010;16:40:00;137;com vítima;47;BR-101/RJ;Norte;Colisão Transversal;1;;;1;;;;;;;0;;2;;1
15/05/2010;07:37:00;47;sem vítima;47;BR-101/RJ;Sul;Saida de Pista;1;;;;;;;;;;2;;;;
02/08/2010;00:31:00;9;com vítima;47;BR-101/RJ;Norte;Atropelamento de Animal;;;;;1;;;;;;0;;1;;
04/08/2010;06:25:00;12;sem vítima;47;BR-101/RJ;Norte;Colisão Traseira;1;;;;1;;;;;;2;;;;
23/09/2010;07:46:00;48;com vítima;47;BR-101/RJ;Sul;Saida de Pista;1;;;;;;;;;;4;;1;;
23/10/2010;04:32:00;24;com vítima;47;BR-101/RJ;Sul;Colisão Lateral;;;1;1;;;;;;;1;;;;1
16/01/2011;19:00:00;200;com vítima;47;BR-101/RJ;Norte;Atropelamento - Usuário;1;;;;;;;;;;1;1;;;
20/01/2011;04:54:00;14;sem vítima;47;BR-101/RJ;Sul;Atropelamento de Animal;;;1;;;;;;;;1;;;;
28/02/2011;00:04:00;2;com vítima;47;BR-101/RJ;Norte;Queda de Moto;;;;1;;;;;;;0;1;;;
03/03/2011;09:53:00;66;sem vítima;250;BR-101/RJ;Norte;Colisão Traseira;2;;;;;;;;;;5;;;;
03/03/2011;13:51:00;103;sem vítima;302;BR-101/RJ;Norte;Colisão Lateral;1;;;1;;;;;;;2;;;;
11/06/2011;22:56:00;205;com vítima;47;BR-101/RJ;Sul;Queda de Moto;;;;1;;1;;;;;1;;1;;
02/08/2011;18:19:00;160;com vítima;47;BR-101/RJ;Sul;Atropelamento - Morador;1;;;;;;;;;;1;;1;;
12/08/2011;10:16:00;76;sem vítima;47;BR-101/RJ;Sul;Tombamento;;;1;;;;;;;;1;;;;
24/10/2011;22:09:00;168;sem vítima;47;BR-101/RJ;Norte;Colisão Lateral;1;;1;;;;;;;;2;;;;
02/11/2011;08:38:00;33;com vítima;47;BR-101/RJ;Norte;Outros;;1;1;;;;;;;;1;1;;;
01/01/2012;03:14:00;19;com vítima;47;BR-101/RJ;Norte;Queda de Moto;;;;1;;;;;;;0;;1;;
02/01/2012;08:55:00;51;sem vítima;47;BR-101/RJ;Norte;Colisão Transversal;1;;;;1;;;;;;2;;;;
16/01/2012;14:58:00;131;sem vítima;47;BR-101/RJ;Sul;Colisão Transversal;1;;1;;;;;;;;3;;;;
16/01/2012;21:50:00;214;com vítima;47,93;BR-101/RJ;Sul;Atropelamento - Ciclista;1;1;;;;;;;;;1;;;;1
20/03/2012;18:35:00;118;com vítima;47;BR-101/RJ;Norte;Saida de Pista;1;;;;;;;;;;0;1;;;
25/03/2012;18:52:00;131;com vítima;47;BR-101/RJ;Sul;Colisão Lateral;;;;1;;1;;;;;1;1;1;;
30/03/2012;18:01:00;158;sem vítima;47;BR-101/RJ;Sul;Colisão Traseira;;;2;;;;;;;;2;;;;
22/04/2012;16:58:00;100;com vítima;47;BR-101/RJ;Sul;Colisão Lateral;1;;;1;;;;;;;1;;1;1;
08/07/2012;01:40:00;10;com vítima;47;BR-101/RJ;Sul;Queda de Moto;;;;1;;;;;;;0;;;1;
12/08/2012;03:36:00;24;sem vítima;47;BR-101/RJ;Norte;Atropelamento de Animal;1;;;;1;;;;;;2;;;;
22/08/2012;10:00:00;90;sem vítima;47;BR-101/RJ;Sul;Colisão Lateral;2;;;;;;;;;;4;;;;
15/09/2012;21:00:00;191;com vítima;47,235;BR-101/RJ;Norte;Atropelamento - Morador;;;;;;1;;;;;1;;1;;
22/09/2012;19:45:00;156;com vítima;47;BR-101/RJ;Norte;Queda de Moto;;;;1;;;;;;;0;1;1;;
10/11/2012;16:58:00;133;sem vítima;47;BR-101/RJ;Sul;Saida de Pista;1;;;;;;;;;;1;;;;
18/12/2012;21:38:00;191;com vítima;47;BR-101/RJ;Norte;Atropelamento - Morador;;;;;;1;;;;;1;;;;1
02/02/2013;11:41:00;95;sem vítima;47;BR-101/RJ;Sul;Colisão Lateral;1;;1;;;;;;;;2;;;;
21/02/2013;18:38:00;167;com vítima;47;BR-101/RJ;Norte;Atropelamento - Ciclista;1;1;;;;;;;;;2;1;;1;
11/05/2013;20:29:00;180;com vítima;47;BR-101/RJ;Sul;Atropelamento - Morador;;1;;;;1;;;;;1;;1;;
19/05/2013;17:46:00;135;com vítima;47,5;BR-101/RJ;Norte;Atropelamento - Ciclista;1;1;;;;;;;;;1;;1;;
02/06/2013;08:06:00;48;sem vítima;47;BR-101/RJ;Norte;Colisão Transversal;2;;;;;;;;;;2;;;;
05/06/2013;13:02:00;90;sem vítima;47;BR-101/RJ;Sul;Colisão Transversal;2;;;;;;;;;;4;;;;
18/08/2013;19:59:00;125;sem vítima;47,536;BR-101/RJ;Norte;Colisão Lateral;1;;;;;1;;;;;2;;;;
30/08/2013;03:03:00;14;com vítima;47;BR-101/RJ;Sul;Colisão Frontal;;;1;;;1;;;;;1;1;;;
31/08/2013;17:18:00;126;com vítima;47;BR-101/RJ;Norte;Colisão Lateral;;;;1;;;;;;1;0;1;;1;
14/09/2013;01:40:00;12;com vítima;47,414;BR-101/RJ;Norte;Colisão Traseira;;;2;;;;;;;;1;;1;;
23/09/2013;12:59:00;99;com vítima;47,961;BR-101/RJ;Norte;Colisão Lateral;;;1;1;;;;;;;1;;1;;
17/11/2013;13:20:00;104;com vítima;47,666;BR-101/RJ;Sul;Colisão Transversal;;;;1;;1;;;;;1;1;1;;
26/11/2013;20:35:00;188;com vítima;47,412;BR-101/RJ;Norte;Saida de Pista;1;;1;;;;;;;;0;2;;;
22/12/2013;11:56:00;98;sem vítima;47,023;BR-101/RJ;Sul;Saida de Pista;1;;;;;;;;;;2;;;;
31/12/2013;10:10:00;55;com vítima;47;BR-101/RJ;Norte;Colisão Transversal;;;1;1;;;;;;;1;;1;;
16/02/2014;19:34:00;149;com vítima;47,116;BR-101/RJ;Norte;Colisão Frontal;;;;1;;1;;;;;1;;;;1
01/05/2014;18:19:00;118;com vítima;47,383;BR-101/RJ;Sul;Colisão Lateral;;;;1;;1;;;;;1;1;;;
04/05/2014;21:01:00;151;sem vítima;47;BR-101/RJ;Norte;Colisão Lateral;2;;;;;;;;;;5;;;;
19/05/2014;18:57:00;151;sem vítima;47;BR-101/RJ;Norte;Colisão Transversal;2;;;;;;;;;;3;;;;
11/07/2014;22:08:00;195;com vítima;47,838;BR-101/RJ;Sul;Colisão Transversal;;;;1;;;;;;1;2;1;;;2
01/09/2014;00:28:00;3;sem vítima;47;BR-101/RJ;Norte;Capotamento;1;;;;;;;;;;1;;;;
03/10/2014;14:33:00;122;sem vítima;47;BR-101/RJ;Sul;Colisão Transversal;1;;1;;;;;;;;2;;;;
26/10/2014;11:11:00;62;com vítima;47;BR-101/RJ;Norte;Colisão Traseira;1;;;1;;;;;;;4;;1;;
23/11/2014;19:21:00;150;sem vítima;47,177;BR-101/RJ;Norte;Engavetamento;4;;;;;;;;;;5;;;;
23/11/2014;18:01:00;135;sem vítima;47,757;BR-101/RJ;Sul;Engavetamento;3;;;;;1;;;;;5;;;;
18/01/2015;11:35:00;75;com vítima;47;BR-101/RJ;Sul;Colisão Transversal;2;;;;;;;;;;2;2;;;
09/02/2015;06:14:00;24;com vítima;47;BR-101/RJ;Sul;Atropelamento de Animal;1;;;;;1;;;;1;4;1;0;0;0
17/02/2015;16:56:00;107;com vítima;47;BR-101/RJ;Norte;Colisão Traseira;;;;1;;1;;;;;1;0;1;0;0