data;horario;n_da_ocorrencia;tipo_de_ocorrencia;km;trecho;sentido;tipo_de_acidente;automovel;bicicleta;caminhao;moto;onibus;outros;tracao_animal;transporte_de_cargas_especiais;trator_maquinas;utilitarios;ilesos;levemente_feridos;moderadamente_feridos;gravemente_feridos;mortos
15/03/2015;12:57:00;71;com vítima;47;BR-101/RJ;Norte;Queda de Moto;;;;1;;;;;;;1;1;0;0;0
31/05/2015;13:32:00;98;sem vítima;47;BR-101/RJ;Sul;Saida de Pista;1;;;;;;;;;;1;;;;
15/06/2015;18:21:00;169;com vítima;47,926;BR-101/RJ;Norte;Outros - Sequência;1;;1;;;;;;;;3;3;;;
19/06/2015;00:14:00;1;sem vítima;47;BR-101/RJ;Sul;Atropelamento de Animal;;;1;;;;;;;;1;;;;
23/07/2015;20:13:00;203;com vítima;47;BR-101/RJ;Sul;Colisão Transversal;;;;;;1;;;;1;2;;1;;
16/08/2015;19:02:00;131;com vítima;47;BR-101/RJ;Norte;Colisão Transversal;1;;;1;;;;;;;5;1;;;
14/09/2015;19:05:00;213;sem vítima;47;BR-101/RJ;Sul;Colisão Lateral;1;;;;1;;;;;;6;;;;
07/10/2015;09:23:00;68;com vítima;47,934;BR-101/RJ;Norte;Colisão Transversal;1;;2;;;;;;;;2;;1;;
12/10/2015;19:35:00;166;sem vítima;47;BR-101/RJ;Sul;Colisão Traseira;1;;;;;;;;;1;4;;;;
14/10/2015;21:31:00;212;com vítima;47,713;BR-101/RJ;Sul;Colisão Traseira;;;;1;;1;;;;;1;;1;;1
03/11/2015;06:19:00;39;sem vítima;47,836;BR-101/RJ;Sul;Colisão Traseira;2;;;;;;;;;;3;;;;
06/01/2010;19:55:00;160;sem vítima;48;BR-101/RJ;Norte;Colisão Lateral;2;;;;;;;;;;4;;;;
28/05/2010;07:41:00;52;sem vítima;48;BR-101/RJ;Norte;Atropelamento de Animal;1;;;;;;;;;;4;;;;
30/05/2010;19:01:00;119;com vítima;48;BR-101/RJ;Sul;Colisão Lateral;1;;1;;;;;;;;2;2;;2;1
05/06/2010;15:44:00;111;com vítima;48;BR-101/RJ;Sul;Atropelamento - Morador;;;;;;1;;;;;1;;1;;
29/06/2010;05:38:00;25;com vítima;48;BR-101/RJ;Norte;Colisão Lateral;1;;;;;;;;;1;10;;1;1;
29/06/2010;05:52:00;26;com vítima;48;BR-101/RJ;Norte;Colisão Traseira;;;1;;1;;;;;;2;4;1;;
07/11/2010;17:13:00;125;sem vítima;48;BR-101/RJ;Norte;Colisão Transversal;2;;;;;;;;;;5;;;;
18/11/2010;09:50:00;84;com vítima;48;BR-101/RJ;Sul;Atropelamento - Morador;1;;;;;;;;;;2;;1;;
25/12/2010;00:38:00;7;com vítima;48;BR-101/RJ;Norte;Choque - Arvore;1;;;;;;;;;;0;;1;;
28/12/2010;20:00:00;175;com vítima;48;BR-101/RJ;Norte;Atropelamento - Outros;1;;;;;;;;;;1;2;;;
14/01/2011;09:04:00;64;sem vítima;48;BR-101/RJ;Norte;Colisão Lateral;2;;;;;;;;;;2;;;;
08/08/2011;00:00:00;1;com vítima;48,5;BR-101/RJ;Norte;Queda de Moto;;;;1;;;;;;;0;;2;;
09/08/2011;07:50:00;37;com vítima;48;BR-101/RJ;Norte;Colisão Traseira;1;;;;;;;;;1;2;1;;1;
08/10/2011;14:18:00;124;com vítima;48;BR-101/RJ;Norte;Colisão Traseira;;;;1;;1;;;;;1;1;;;
23/10/2011;18:31:00;126;com vítima;48;BR-101/RJ;Sul;Atropelamento - Morador;1;;;;;;;;;;1;;1;;
02/11/2011;20:54:00;119;com vítima;48;BR-101/RJ;Norte;Colisão Lateral;1;;;1;;;;;;;2;2;;;
08/11/2011;08:39:00;44;sem vítima;48;BR-101/RJ;Norte;Colisão Traseira;;;2;;;;;;;;2;;;;
12/11/2011;21:09:00;194;sem vítima;48;BR-101/RJ;Sul;Atropelamento de Animal;1;;;;;;;;;;1;;;;
13/11/2011;23:42:00;162;sem vítima;48;BR-101/RJ;Sul;Colisão Traseira;2;;;;;;;;;;5;;;;
21/12/2011;09:36:00;68;com vítima;48,150001525878906;BR-101/RJ;Sul;Choque - Arvore;1;;;;;;;;;;3;2;;;
31/12/2011;17:26:00;119;com vítima;48;BR-101/RJ;Norte;Atropelamento - Morador;;;;;;1;;;;;1;1;;;
09/01/2012;08:24:00;51;sem vítima;48;BR-101/RJ;Sul;Colisão Traseira;2;;;;;;;;;;2;;;;
26/02/2012;14:28:00;116;com vítima;48,6;BR-101/RJ;Norte;Queda de Moto;;;;1;;;;;;;0;;2;;
05/04/2012;21:55:00;222;com vítima;48;BR-101/RJ;Norte;Colisão Lateral;2;;;;;;;;;;2;5;1;;
03/07/2012;11:11:00;92;sem vítima;48;BR-101/RJ;Norte;Colisão Frontal;1;;1;;;;;;;;2;;;;
03/08/2012;06:36:00;21;com vítima;48,4;BR-101/RJ;Norte;Colisão Lateral;;;;1;;2;;;;;2;;;;1
10/08/2012;16:43:00;156;com vítima;48,57;BR-101/RJ;Sul;Atropelamento - Ciclista;1;1;;;;;;;;;2;;;1;
11/08/2012;13:18:00;110;sem vítima;48,7;BR-101/RJ;Norte;Colisão Lateral;2;;;;;;;;;;3;;;;
28/09/2012;08:03:00;46;sem vítima;48;BR-101/RJ;Norte;Colisão Lateral;1;;;1;;;;;;;2;;;;
04/10/2012;18:49:00;177;com vítima;48,4;BR-101/RJ;Sul;Colisão Traseira;;1;;1;;;;;;;0;1;2;;
14/10/2012;17:47:00;115;sem vítima;48;BR-101/RJ;Norte;Colisão Lateral;2;;;;;;;;;;4;;;;
27/01/2013;17:19:00;130;sem vítima;48;BR-101/RJ;Norte;Colisão Traseira;2;;;;;;;;;;4;;;;
18/03/2013;14:46:00;115;com vítima;48;BR-101/RJ;Sul;Colisão Transversal;2;;;;;;;;;;4;2;2;;
22/03/2013;15:16:00;135;sem vítima;48;BR-101/RJ;Norte;Colisão Lateral;1;;;;;1;;;;;3;;;;
29/03/2013;22:09:00;193;com vítima;48;BR-101/RJ;Sul;Colisão Transversal;2;;;;;;;;;;1;;1;;
06/04/2013;18:49:00;180;com vítima;48,936;BR-101/RJ;Norte;Colisão Frontal;1;;;;;;;;;1;0;4;;;
15/04/2013;17:55:00;163;com vítima;48;BR-101/RJ;Sul;Choque - Veiculo parado no acostamento;;;;1;;;;;;1;1;;;1;1
30/04/2013;17:40:00;142;com vítima;48,07;BR-101/RJ;Sul;Colisão Lateral;;;;1;;;;;;1;2;;1;1;
29/06/2013;02:33:00;14;sem vítima;48,9;BR-101/RJ;Norte;Capotamento;1;;;;;;;;;;1;;;;
05/07/2013;01:54:00;11;sem vítima;48;BR-101/RJ;Sul;Atropelamento de Animal;1;;;;;;;;;;1;;;;
19/08/2013;03:48:00;19;sem vítima;48,152;BR-101/RJ;Sul;Capotamento;1;;;;;;;;;;1;;;;
25/09/2013;18:43:00;131;com vítima;48,598;BR-101/RJ;Norte;Atropelamento - Morador;;1;;;;1;;;;;4;;1;;
20/11/2013;22:48:00;146;com vítima;48,15;BR-101/RJ;Norte;Atropelamento - Morador;;;;;;1;;;;;1;;;;1
05/05/2014;09:47:00;64;com vítima;48,309;BR-101/RJ;Sul;Atropelamento - Ciclista;;1;;1;;;;;;;0;1;1;;
23/05/2014;13:49:00;114;com vítima;48;BR-101/RJ;Norte;Colisão Lateral;;;;1;1;;;;;;1;;;1;
08/06/2014;13:25:00;91;com vítima;48;BR-101/RJ;Sul;Atropelamento - Ciclista;1;1;;;;;;;;;4;1;;;
19/07/2014;11:14:00;53;com vítima;48;BR-101/RJ;Norte;Saida de Pista;1;;;;;;;;;;0;1;;;
16/08/2014;10:41:00;49;com vítima;48;BR-101/RJ;Sul;Colisão Traseira;1;;;;1;;;;;;3;2;;;
06/10/2014;07:11:00;46;com vítima;48,946;BR-101/RJ;Sul;Outros - Sequência;1;;2;;;;;;;;3;;;1;
06/02/2015;15:06:00;104;com vítima;48;BR-101/RJ;Sul;Colisão Traseira;;;;2;;;;;;;0;2;0;0;0
23/02/2015;11:32:00;77;sem vítima;48;BR-101/RJ;Norte;Colisão Lateral;;;;;;;;;;2;2;;;;
05/03/2015;22:59:00;140;com vítima;48;BR-101/RJ;Sul;Colisão Lateral;1;;1;;;;;;;;1;0;1;0;0
14/03/2015;23:57:00;202;com vítima;48;BR-101/RJ;Sul;Colisão Transversal;2;;;;;;;;;;1;1;2;0;0
15/03/2015;07:54:00;30;com vítima;48,498;BR-101/RJ;Norte;Outros - Sequência;;;1;1;;;;;;1;2;1;0;0;1
22/03/2015;19:01:00;122;sem vítima;48,819;BR-101/RJ;Norte;Colisão Frontal;2;;;;;;;;;;3;0;0;0;0
04/04/2015;18:29:00;124;com vítima;48,9;BR-101/RJ;Norte;Colisão Lateral;1;;;1;;;;;;;1;;1;;
10/04/2015;20:17:00;213;com vítima;48,11;BR-101/RJ;Norte;Colisão Frontal;1;;;1;;;;;;;1;;;1;
21/05/2015;06:52:00;34;com vítima;48,365;BR-101/RJ;Norte;Queda de Moto;;;;1;;;;;;;0;1;;;
20/06/2015;01:16:00;6;sem vítima;48;BR-101/RJ;Norte;Colisão Lateral;1;;1;;;;;;;;2;;;;
10/07/2015;21:45:00;224;com vítima;48,241;BR-101/RJ;Sul;Outros - Sequência;3;;;;;;;;;;7;;2;;
07/08/2015;14:38:00;137;sem vítima;48;BR-101/RJ;Norte;Colisão Traseira;2;;;;;;;;;;2;;;;
08/08/2015;12:58:00;104;com vítima;48;BR-101/RJ;Norte;Colisão Transversal;;;;1;1;;;;;;1;1;;;
06/09/2015;14:06:00;75;com vítima;48,95;BR-101/RJ;Norte;Choque - Poste;;;;1;;;;;;;0;;1;;
03/12/2015;17:39:00;190;com vítima;48,3;BR-101/RJ;Norte;Colisão Lateral;1;;1;;;;;;;;3;;;1;
05/12/2015;05:21:00;26;sem vítima;48,63;BR-101/RJ;Sul;Colisão Transversal;1;;;;1;;;;;;3;;;;
30/01/2010;14:18:00;130;sem vítima;49;BR-101/RJ;Sul;Colisão Traseira;;;2;;;1;;;;;3;;;;
08/02/2010;06:58:00;40;com vítima;49;BR-101/RJ;Sul;Colisão Lateral;;;;1;;1;;;;;1;2;;;
01/04/2010;22:39:00;229;sem vítima;49;BR-101/RJ;Sul;Atropelamento de Animal;;;1;;;1;;;;;5;;;;
13/04/2010;01:04:00;8;sem vítima;49;BR-101/RJ;Sul;Atropelamento de Animal;;;1;;;1;;;;;2;;;;
03/06/2010;19:45:00;151;com vítima;49;BR-101/RJ;Sul;Atropelamento - Morador;;;;;;1;;;;;1;;1;;
20/07/2010;07:15:00;40;com vítima;49;BR-101/RJ;Norte;Queda de Moto;;;;;;1;;;;;0;;1;;
05/09/2010;21:04:00;158;com vítima;49;BR-101/RJ;Sul;Colisão Lateral;2;;;;;;;;;;0;;4;;
02/10/2010;19:49:00;161;com vítima;49;BR-101/RJ;Sul;Colisão Transversal;;;;2;;;;;;;1;;1;;
06/01/2011;06:57:00;41;com vítima;49;BR-101/RJ;Sul;Colisão Lateral;;;;1;;1;;;;;1;;1;;
14/01/2011;22:55:00;206;com vítima;49;BR-101/RJ;Norte;Atropelamento - Ciclista;;1;;;;1;;;;;1;;;;1
11/05/2011;04:14:00;5;com vítima;49;BR-101/RJ;Sul;Colisão Lateral;1;;1;;;;;;;;1;1;;;
15/06/2011;18:50:00;161;com vítima;49;BR-101/RJ;Norte;Atropelamento - Morador;1;;;;;;;;;;1;;1;;
11/08/2011;16:02:00;124;com vítima;49;BR-101/RJ;Norte;Colisão Frontal;1;;;;;1;;;;;2;1;;;1
14/08/2011;11:58:00;65;com vítima;49;BR-101/RJ;Norte;Colisão Traseira;1;;;1;;;;;;;5;;1;1;
17/12/2011;17:54:00;160;sem vítima;49;BR-101/RJ;Norte;Colisão Traseira;;;1;;;;;;;1;2;;;;
06/01/2012;09:36:00;55;sem vítima;49,5;BR-101/RJ;Norte;Saida de Pista;1;;;;;;;;;;1;;;;
08/01/2012;07:06:00;32;sem vítima;49;BR-101/RJ;Sul;Saida de Pista;1;;;;;;;;;;1;;;;
16/01/2012;16:45:00;154;sem vítima;49;BR-101/RJ;Norte;Colisão Traseira;2;;;;;;;;;;2;;;;
05/02/2012;09:36:00;46;com vítima;49,6;BR-101/RJ;Sul;Colisão Lateral;1;;;;;1;;;;;3;;1;;
13/05/2012;18:57:00;150;com vítima;49;BR-101/RJ;Sul;Colisão Transversal;1;;;1;;;;;;;1;1;1;;
05/09/2012;09:34:00;81;com vítima;49;BR-101/RJ;Sul;Colisão Frontal;1;;2;;;;;;;;2;;1;;
01/12/2012;04:50:00;21;com vítima;49,8;BR-101/RJ;Sul;Colisão Frontal;3;;1;;;;;;;;2;;1;1;1
21/02/2013;00:50:00;2;com vítima;49,5;BR-101/RJ;Sul;Outros;;;;;;1;;;;;1;1;;;
27/07/2013;12:39:00;94;com vítima;49,295;BR-101/RJ;Sul;Choque - Poste;1;;;;;;;;;;0;1;;;
19/08/2013;22:53:00;185;com vítima;49,346;BR-101/RJ;Norte;Colisão Traseira;1;;;1;;;;;;;4;;;;1
26/08/2013;06:59:00;36;com vítima;49,3;BR-101/RJ;Norte;Outros - Sequência;1;;;;;;;;;2;2;;1;2;1
24/10/2013;23:49:00;197;com vítima;49,041;BR-101/RJ;Norte;Colisão Lateral;;;1;;1;;;;;;3;2;;;
21/12/2013;21:20:00;202;com vítima;49;BR-101/RJ;Norte;Colisão Lateral;2;;;;;;;;;;1;1;2;;
11/01/2014;00:17:00;2;sem vítima;49;BR-101/RJ;Sul;Colisão Lateral;1;;1;;;;;;;;3;;;;
16/02/2014;21:51:00;177;com vítima;49,9;BR-101/RJ;Sul;Engavetamento;3;;;;;;;;;;4;1;2;;
14/07/2014;21:31:00;162;com vítima;49,8;BR-101/RJ;Sul;Colisão Transversal;;;1;1;;;;;;;1;;;;1
20/07/2014;00:00:00;1;com vítima;49;BR-101/RJ;Sul;Atropelamento de Animal;2;;;;;;;;;;4;1;;;
25/07/2014;19:48:00;174;com vítima;49;BR-101/RJ;Norte;Colisão Traseira;1;;;1;;;;;;;1;1;;;
07/10/2014;12:37:00;91;sem vítima;49;BR-101/RJ;Sul;Colisão Lateral;1;;;;1;;;;;;2;;;;
12/10/2014;04:27:00;16;com vítima;49;BR-101/RJ;Norte;Colisão Traseira;2;;;;;;;;;;1;1;;;
09/11/2014;00:06:00;2;sem vítima;49,7;BR-101/RJ;Sul;Saida de Pista;1;;;;;;;;;;1;;;;
25/12/2014;20:39:00;129;com vítima;49;BR-101/RJ;Norte;Atropelamento - Ciclista;1;;;;;;;;;;1;;1;;
26/04/2015;14:09:00;73;com vítima;49,115;BR-101/RJ;Sul;Outros - Sequência;2;;;;1;;;;;;2;;2;1;
11/05/2015;14:18:00;145;com vítima;49;BR-101/RJ;Sul;Colisão Traseira;1;;;1;;;;;;;2;;1;;
19/06/2015;10:55:00;82;com vítima;49;BR-101/RJ;Sul;Colisão Traseira;1;;;1;;;;;;;1;1;;;
03/09/2015;19:22:00;184;com vítima;49;BR-101/RJ;Norte;Colisão Transversal;1;;1;1;;;;;;;2;1;;;
28/11/2015;12:45:00;98;com vítima;49,591;BR-101/RJ;Norte;Queda de Moto;1;;;1;;2;;;;;4;;;1;
12/12/2015;18:46:00;190;com vítima;49,8;BR-101/RJ;Sul;Queda de Moto;;;;1;;;;;;;1;1;;;
22/04/2010;22:02:00;204;com vítima;50;BR-101/RJ;Norte;Queda de Moto;;;;1;;;;;;;0;;1;;
18/08/2010;05:12:00;15;sem vítima;50;BR-101/RJ;Sul;Colisão Traseira;1;;1;;;;;;;;2;;;;
22/08/2010;02:01:00;8;sem vítima;50;BR-101/RJ;Norte;Colisão Lateral;2;;;;;;;;;;3;;;;
12/09/2010;04:30:00;21;sem vítima;50;BR-101/RJ;Sul;Capotamento;2;;;;;;;;;;2;;;;
23/09/2010;10:06:00;70;com vítima;50;BR-101/RJ;Norte;Atropelamento - Andarilho;;;;;;1;;;;;1;1;;;
06/12/2010;01:16:00;9;com vítima;50;BR-101/RJ;Sul;Colisão Lateral;;;1;1;;;;;;;2;1;;;1
20/09/2011;18:53:00;144;com vítima;50;BR-101/RJ;Norte;Saida de Pista;;;;1;;;;;;;0;;;1;
02/10/2011;07:47:00;41;com vítima;50;BR-101/RJ;Sul;Colisão Frontal;1;;1;;;;;;;;1;;;;1
25/01/2012;05:50:00;20;com vítima;50;BR-101/RJ;Sul;Colisão Lateral;1;;1;;;;;;;;1;1;;;
15/04/2012;20:18:00;148;com vítima;50,9;BR-101/RJ;Sul;Colisão Transversal;1;;;;;1;;;;;1;;1;1;1
30/05/2012;11:32:00;76;com vítima;50,3;BR-101/RJ;Sul;Saida de Pista;1;;;;;;;;;;0;1;;;
11/07/2012;16:16:00;131;com vítima;50,66;BR-101/RJ;Norte;Colisão Transversal;2;;1;;;;;;;;1;4;;;
05/08/2012;17:32:00;139;com vítima;50,695;BR-101/RJ;Norte;Queda de Moto;;;;1;;1;;;;;1;1;;;
05/09/2012;21:23:00;200;sem vítima;50,13;BR-101/RJ;Sul;Atropelamento de Animal;;;1;;;;;;;;1;;;;
26/09/2012;10:03:00;63;sem vítima;50;BR-101/RJ;Sul;Colisão Traseira;2;;;;;;;;;;8;;;;
01/10/2012;03:42:00;14;com vítima;50,232;BR-101/RJ;Norte;Saida de Pista;1;;;;;;;;;;0;1;;;
14/11/2012;22:13:00;201;com vítima;50;BR-101/RJ;Sul;Colisão Lateral;3;;;;;;;;;;4;1;;;
14/12/2012;07:38:00;45;sem vítima;50,7;BR-101/RJ;Sul;Colisão Transversal;1;;1;;;;;;;;3;;;;
21/12/2012;15:13:00;170;com vítima;50;BR-101/RJ;Sul;Capotamento;1;;;;;;;;;;3;1;;;
14/03/2013;08:06:00;53;sem vítima;50;BR-101/RJ;Norte;Colisão Lateral;1;;1;;;;;;;;3;;;;
15/03/2013;20:11:00;175;com vítima;50,5;BR-101/RJ;Sul;Colisão Frontal;1;;1;;;;;;;;1;;;;1
26/04/2013;00:03:00;2;sem vítima;50;BR-101/RJ;Norte;Colisão Lateral;1;;;;;1;;;;;2;;;;
29/07/2013;01:57:00;14;com vítima;50,292;BR-101/RJ;Norte;Atropelamento de Animal;;;;1;;;;;;;0;;;;2
23/09/2013;01:30:00;7;com vítima;50,6;BR-101/RJ;Sul;Queda de Moto;;;;1;;;;;;;0;;;1;
13/10/2013;16:36:00;127;com vítima;50,1;BR-101/RJ;Norte;Outros - Sequência;2;;2;;;;;;;;5;1;;1;
16/02/2014;21:06:00;169;com vítima;50;BR-101/RJ;Norte;Colisão Frontal;1;;1;;;;;;;;2;3;;;
02/05/2014;00:34:00;5;sem vítima;50;BR-101/RJ;Sul;Colisão Frontal;2;;;;;;;;;;2;;;;
19/05/2014;11:50:00;95;com vítima;50,6;BR-101/RJ;Norte;Colisão Traseira;1;;;1;;;;;;;1;;1;;
27/05/2014;16:39:00;132;com vítima;50,66;BR-101/RJ;Norte;Colisão Transversal;1;;;;1;;;;;;2;1;;;
28/06/2014;20:17:00;135;sem vítima;50;BR-101/RJ;Norte;Colisão Lateral;;;;;1;1;;;;;8;;;;
20/09/2014;18:16:00;151;com vítima;50,7;BR-101/RJ;Norte;Colisão Transversal;1;;;;;;;;;1;1;;1;;
28/09/2014;17:03:00;92;com vítima;50,695;BR-101/RJ;Norte;Colisão Transversal;;;1;1;;;;;;;2;;1;;
13/01/2015;18:12:00;147;com vítima;50,357;BR-101/RJ;Sul;Choque - Poste;;;1;;;;;;;;0;1;;;
15/01/2015;20:38:00;161;com vítima;50;BR-101/RJ;Sul;Atropelamento de Animal;2;;;;;1;;;;;1;2;;;
02/02/2015;13:10:00;109;com vítima;50;BR-101/RJ;Norte;Queda de Moto;;;;1;;;;;;;0;2;0;0;0
25/04/2015;00:26:00;2;com vítima;50,4;BR-101/RJ;Norte;Colisão Frontal;1;;;1;;;;;;;2;;;;1
19/07/2015;04:10:00;23;com vítima;50,842;BR-101/RJ;Norte;Colisão Transversal;2;;;;;;;;;;2;1;1;;
11/08/2015;09:21:00;82;com vítima;50,221;BR-101/RJ;Sul;Choque - Defensa, barreira ou "submarino";1;;;;;;;;;;0;1;;;
22/01/2010;21:02:00;200;com vítima;51;BR-101/RJ;Sul;Colisão Lateral;1;;;1;;;;;;;1;1;;1;1
15/03/2010;00:55:00;6;com vítima;51;BR-101/RJ;Sul;Capotamento;1;;;;;;;;;;3;1;;;
25/06/2010;15:59:00;101;com vítima;51;BR-101/RJ;Sul;Queda de Moto;1;;;1;;;;;;;1;;1;;
05/07/2010;00:42:00;6;com vítima;51;BR-101/RJ;Sul;Saida de Pista;1;;;;;;;;;;1;1;;;
05/07/2010;07:38:00;47;com vítima;51;BR-101/RJ;Norte;Tombamento;;;1;;;;;;;;0;1;;;
27/10/2010;19:14:00;140;com vítima;51;BR-101/RJ;Sul;Queda de Moto;;;;1;;;;;;;0;2;;;
30/10/2010;20:09:00;216;sem vítima;51;BR-101/RJ;Sul;Colisão Lateral;;;1;;;;;;;1;2;;;;
26/12/2010;21:57:00;203;com vítima;51;BR-101/RJ;Sul;Colisão Frontal;2;;;;;;;;;;0;;;;3
06/01/2011;23:52:00;203;com vítima;51;BR-101/RJ;Sul;Atropelamento - Morador;;;;1;;;;;;;1;;1;;
17/01/2011;11:28:00;97;com vítima;51;BR-101/RJ;Norte;Saida de Pista;1;;;;;;;;;;0;;;;1
14/02/2011;17:26:00;175;sem vítima;51;BR-101/RJ;Sul;Colisão Lateral;1;;1;;;;;;;;2;;;;
03/03/2011;14:53:00;116;sem vítima;320;BR-101/RJ;Norte;Colisão Lateral;1;;;1;;;;;;;2;;;;
09/05/2011;20:10:00;160;com vítima;51;BR-101/RJ;Sul;Saida de Pista;1;;;;;;;;;;0;;1;;
04/06/2011;18:11:00;154;com vítima;51;BR-101/RJ;Norte;Atropelamento - Sem Informação;;;;;;1;;;;;1;;;1;
22/10/2011;09:04:00;44;com vítima;51;BR-101/RJ;Sul;Saida de Pista;1;;;;;;;;;;0;2;2;;
25/11/2011;21:41:00;188;com vítima;51;BR-101/RJ;Sul;Atropelamento - Morador;;;;1;;;;;;;0;;1;;1
21/12/2011;16:45:00;182;com vítima;51,79999923706055;BR-101/RJ;Norte;Atropelamento - Andarilho;;;;;;1;;;;;1;;1;;
29/01/2012;22:25:00;163;com vítima;51;BR-101/RJ;Norte;Colisão Traseira;1;;;;;1;;;;;4;1;;;
31/01/2012;08:01:00;34;sem vítima;51,551;BR-101/RJ;Sul;Colisão Traseira;2;;;;;;;;;;2;;;;
06/02/2012;16:07:00;136;sem vítima;51;BR-101/RJ;Sul;Colisão Traseira;;;1;;;1;;;;;2;;;;
11/03/2012;18:31:00;146;com vítima;51;BR-101/RJ;Norte;Colisão Lateral;2;;;;;;;;;;5;1;;;
21/06/2012;15:26:00;120;sem vítima;51,9;BR-101/RJ;Sul;Colisão Traseira;2;;;;;;;;;;6;;;;
03/07/2012;09:44:00;79;sem vítima;51,9;BR-101/RJ;Sul;Colisão Lateral;1;;1;;;;;;;;3;;;;
18/07/2012;00:04:00;2;com vítima;51,1;BR-101/RJ;Sul;Tombamento;;;1;;;;;;;;0;1;;;
15/12/2012;17:42:00;160;com vítima;51,3;BR-101/RJ;Norte;Colisão Lateral;2;;;;;;;;;;1;1;;;
03/01/2013;15:09:00;136;com vítima;51,6;BR-101/RJ;Norte;Colisão Frontal;1;;;;1;;;;;;1;;1;1;
10/03/2013;21:46:00;176;com vítima;51,5;BR-101/RJ;Sul;Choque - Defensa, barreira ou "submarino";2;;;;;;;;;;4;1;;;
26/05/2013;12:16:00;71;sem vítima;51;BR-101/RJ;Norte;Colisão Traseira;2;;;;;;;;;;4;;;;
08/08/2013;07:00:00;26;com vítima;51,8;BR-101/RJ;Sul;Colisão Lateral;;;;1;;;;;;1;1;1;;;
14/08/2013;08:09:00;48;com vítima;51;BR-101/RJ;Norte;Atropelamento - Morador;1;;;;;;;;;;1;1;;;
03/11/2013;21:09:00;196;com vítima;51;BR-101/RJ;Norte;Atropelamento - Morador;;;;;1;;;;;;1;;1;;
23/12/2013;15:35:00;162;sem vítima;51;BR-101/RJ;Norte;Colisão Traseira;;;2;;;;;;;;2;;;;
28/12/2013;00:08:00;3;com vítima;51,669;BR-101/RJ;Sul;Colisão Lateral;2;;;;;;;;;;4;2;;;
24/01/2014;23:37:00;184;sem vítima;51,169;BR-101/RJ;Norte;Saida de Pista;1;;;;;;;;;;4;;;;
18/04/2014;13:54:00;155;com vítima;51;BR-101/RJ;Sul;Capotamento;1;;;;;;;;;;0;5;;;
16/05/2014;16:10:00;125;com vítima;51;BR-101/RJ;Norte;Queda de Moto;;;;1;;;;;;;0;;1;;
17/06/2014;19:18:00;158;com vítima;51;BR-101/RJ;Norte;Atropelamento - Morador;;;;;;1;;;;;1;;1;;
14/07/2014;22:34:00;165;sem vítima;51;BR-101/RJ;Norte;Engavetamento;1;;2;;;;;;;;3;;;;
25/07/2014;08:57:00;51;sem vítima;51;BR-101/RJ;Norte;Colisão Frontal;2;;;;;;;;;;2;;;;
07/08/2014;19:52:00;152;com vítima;51;BR-101/RJ;Norte;Saida de Pista;1;;;;;;;;;;1;1;;;
16/11/2014;19:47:00;143;sem vítima;51;BR-101/RJ;Sul;Choque - Objeto sobre a pista;1;;1;;;;;;;;4;;;;
07/02/2015;11:17:00;68;sem vítima;51;BR-101/RJ;Norte;Saida de Pista;1;;;;;;;;;;5;0;0;0;0
14/02/2015;13:03:00;171;sem vítima;51;BR-101/RJ;Norte;Colisão Lateral;1;;;;;;;;;1;4;0;0;0;0
01/03/2015;06:34:00;24;com vítima;51,7;BR-101/RJ;Norte;Saida de Pista;1;;;;;;;;;;0;1;0;0;0
10/03/2015;18:30:00;126;com vítima;51;BR-101/RJ;Norte;Queda de Moto;;;;1;;;;;;;0;0;1;0;0
26/03/2015;07:50:00;54;com vítima;51;BR-101/RJ;Sul;Saida de Pista;;;;;;;;;;1;0;1;0;0;0
02/07/2015;16:18:00;154;com vítima;51,5;BR-101/RJ;Norte;Atropelamento - Morador;;;;;;1;;;;;1;1;;;
09/08/2015;21:39:00;162;com vítima;51;BR-101/RJ;Norte;Colisão Lateral;3;;1;;;;;;;;4;1;;;
23/12/2015;00:36:00;2;com vítima;51,9;BR-101/RJ;Sul;Atropelamento de Animal;;;;1;;;;;;;0;2;;;
02/01/2010;16:11:00;148;com vítima;52;BR-101/RJ;Sul;Colisão Lateral;1;;;1;;;;;;;2;;2;;
22/01/2010;22:20:00;225;sem vítima;52;BR-101/RJ;Norte;Colisão Traseira;2;;;;;;;;;;2;;;;
28/02/2010;11:45:00;54;com vítima;52;BR-101/RJ;Sul;Colisão Frontal;1;;;1;;;;;;;0;4;;;
30/05/2010;10:27:00;45;com vítima;52;BR-101/RJ;Sul;Colisão Lateral;;;;2;;;;;;;0;;3;;
11/09/2010;11:56:00;80;com vítima;52;BR-101/RJ;Sul;Capotamento;1;;;;;;;;;;0;1;;;
15/12/2010;06:18:00;25;com vítima;52;BR-101/RJ;Norte;Colisão Lateral;;;1;;1;;;;;;1;2;3;;
26/12/2010;19:14:00;168;com vítima;52;BR-101/RJ;Norte;Colisão Lateral;1;;;1;;;;;;;2;;;1;
09/06/2011;02:41:00;11;com vítima;52;BR-101/RJ;Norte;Colisão Frontal;1;;1;;;;;;;;1;;1;;
27/06/2011;17:53:00;134;sem vítima;52,20000076293945;BR-101/RJ;Sul;Colisão Transversal;1;;;;;1;;;;;2;;;;
27/08/2011;18:46:00;136;com vítima;52;BR-101/RJ;Norte;Atropelamento - Morador;;;;;;1;;;;;1;;1;;
27/08/2011;19:20:00;141;sem vítima;52;BR-101/RJ;Sul;Colisão Lateral;1;;;;;1;;;;;4;;;;
02/09/2011;11:07:00;75;com vítima;52;BR-101/RJ;Norte;Queda de Moto;;;;1;;;;;;;0;;1;;
06/09/2011;15:26:00;101;com vítima;52;BR-101/RJ;Sul;Saida de Pista;1;;;;;;;;;;5;2;;;
25/12/2011;19:14:00;129;com vítima;52;BR-101/RJ;Norte;Colisão Frontal;2;;;;;;;;;;5;1;;;