data;horario;n_da_ocorrencia;tipo_de_ocorrencia;km;trecho;sentido;tipo_de_acidente;automovel;bicicleta;caminhao;moto;onibus;outros;tracao_animal;transporte_de_cargas_especiais;trator_maquinas;utilitarios;ilesos;levemente_feridos;moderadamente_feridos;gravemente_feridos;mortos
03/02/2013;02:47:00;18;sem vítima;55;BR-101/RJ;Norte;Colisão Lateral;2;;;;;;;;;;3;;;;
09/02/2013;15:58:00;243;com vítima;55;BR-101/RJ;Norte;Colisão Traseira;;;;1;;;;;;1;1;;1;;
12/02/2013;21:42:00;208;com vítima;55;BR-101/RJ;Norte;Colisão Frontal;1;;;;;;;;;1;3;1;;;
24/02/2013;23:49:00;198;com vítima;55,5;BR-101/RJ;Norte;Colisão Transversal;1;;;1;;;;;;;0;;2;;1
20/04/2013;23:36:00;179;sem vítima;55;BR-101/RJ;Norte;Colisão Traseira;1;;;1;;;;;;;3;;;;
24/04/2013;01:18:00;5;com vítima;55,6;BR-101/RJ;Sul;Atropelamento - Ciclista;1;1;;;;;;;;;1;;;1;
27/05/2013;17:22:00;151;com vítima;55;BR-101/RJ;Norte;Colisão Traseira;1;;;1;;;;;;;1;;1;;
08/06/2013;23:47:00;195;com vítima;55;BR-101/RJ;Norte;Atropelamento - Morador;;;;1;;;;;;;0;;2;;
24/06/2013;02:31:00;5;com vítima;55,444;BR-101/RJ;Norte;Colisão Traseira;1;;;1;;;;;;;1;;1;1;
19/08/2013;11:20:00;96;sem vítima;55,06;BR-101/RJ;Norte;Colisão Traseira;2;;;;;;;;;;6;;;;
25/08/2013;20:45:00;171;com vítima;55,703;BR-101/RJ;Sul;Colisão Lateral;1;;;1;;;;;;;2;;;1;1
26/08/2013;02:44:00;12;sem vítima;55,119;BR-101/RJ;Sul;Colisão Transversal;1;;;;1;;;;;;2;;;;
06/09/2013;03:05:00;17;com vítima;55,479;BR-101/RJ;Norte;Tombamento;1;;1;;;;;;;;1;1;;;
28/09/2013;23:33:00;194;com vítima;55,94;BR-101/RJ;Norte;Engavetamento;1;;1;;;1;;;;;3;3;;;
25/10/2013;09:01:00;61;com vítima;55,458;BR-101/RJ;Sul;Colisão Transversal;2;;;;;;;;;;1;1;;;
25/11/2013;07:39:00;40;com vítima;55,19;BR-101/RJ;Sul;Queda de Moto;;;;1;;;;;;;0;;1;;
26/12/2013;23:52:00;279;sem vítima;55;BR-101/RJ;Sul;Colisão Traseira;2;;;;;;;;;;2;;;;
03/01/2014;08:06:00;49;com vítima;55,414;BR-101/RJ;Sul;Colisão Transversal;1;;;1;;;;;;;1;;;1;
09/01/2014;20:33:00;183;sem vítima;55,48;BR-101/RJ;Norte;Colisão Frontal;2;;;;;;;;;;2;;;;
13/01/2014;12:16:00;104;com vítima;55,705;BR-101/RJ;Norte;Colisão Lateral;;;;1;;1;;;;;1;1;;1;
18/03/2014;11:57:00;84;sem vítima;55;BR-101/RJ;Norte;Colisão Lateral;1;;;;;1;;;;;2;;;;
09/05/2014;11:27:00;84;sem vítima;55;BR-101/RJ;Norte;Colisão Transversal;2;;;;;;;;;;2;;;;
28/05/2014;18:25:00;142;com vítima;55,692;BR-101/RJ;Norte;Colisão Traseira;;;;1;;1;;;;;1;;;1;
31/05/2014;18:02:00;132;com vítima;55;BR-101/RJ;Norte;Colisão Traseira;;;;1;;1;;;;;1;1;;;
07/06/2014;18:20:00;135;com vítima;55;BR-101/RJ;Norte;Colisão Transversal;3;;;;;;;;;;3;;1;;
08/06/2014;02:49:00;22;com vítima;55;BR-101/RJ;Sul;Capotamento;1;;;;;;;;;;0;;;1;
17/08/2014;19:00:00;129;com vítima;55,523;BR-101/RJ;Sul;Colisão Traseira;;;;1;;;;;;1;1;1;;;
31/08/2014;18:32:00;135;com vítima;55;BR-101/RJ;Sul;Colisão Transversal;1;;;1;;;;;;;1;;;1;
04/10/2014;18:20:00;137;com vítima;55;BR-101/RJ;Norte;Colisão Traseira;;;;1;;1;;;;;1;;1;;
10/01/2015;08:00:00;48;com vítima;55,084;BR-101/RJ;Norte;Colisão Transversal;;;;1;;1;;;;;1;;1;;
21/01/2015;04:02:00;10;sem vítima;55;BR-101/RJ;Sul;Atropelamento de Animal;;;1;;;;;;;;2;;;;
06/04/2015;04:00:00;24;sem vítima;55;BR-101/RJ;Norte;Atropelamento de Animal;;;1;;;;;;;;1;;;;
14/05/2015;14:41:00;127;com vítima;55;BR-101/RJ;Norte;Colisão Lateral;1;;;1;;;;;;;1;;2;;
05/06/2015;02:58:00;12;sem vítima;55,2;BR-101/RJ;Sul;Atropelamento de Animal;;;;;1;;;;;;1;;;;
27/06/2015;21:07:00;164;com vítima;55,5;BR-101/RJ;Norte;Colisão Frontal;2;;;;;;;;;;0;;2;3;1
05/09/2015;05:18:00;31;sem vítima;55,084;BR-101/RJ;Sul;Colisão Traseira;2;;;;;;;;;;6;;;;
17/09/2015;16:59:00;194;com vítima;55;BR-101/RJ;Sul;Queda de Moto;;;;;;2;;;;;1;;1;;
01/11/2015;13:43:00;91;com vítima;55,089;BR-101/RJ;Sul;Colisão Frontal;2;;;;;;;;;;1;;3;;
14/11/2015;01:34:00;10;com vítima;55;BR-101/RJ;Norte;Colisão Traseira;;;;1;;1;;;;;1;1;;;
14/11/2015;01:43:00;11;sem vítima;55;BR-101/RJ;Norte;Colisão Lateral;1;;;;;1;;;;;5;;;;
22/11/2015;14:56:00;117;sem vítima;55;BR-101/RJ;Sul;Choque - Defensa, barreira ou "submarino";;;;;;;;;;1;2;;;;
30/12/2015;12:18:00;122;com vítima;55;BR-101/RJ;Sul;Colisão Transversal;2;;;;;;;;;;1;1;;;
06/01/2010;20:58:00;165;com vítima;56;BR-101/RJ;Sul;Atropelamento - Morador;;;;;;1;;;;;1;;1;;
02/02/2010;03:23:00;13;sem vítima;56;BR-101/RJ;Norte;Atropelamento de Animal;1;;;;;;;;;;1;;;;
16/05/2010;23:35:00;172;com vítima;56;BR-101/RJ;Norte;Queda de Moto;;;;1;;;;;;;0;;;1;
16/06/2010;18:23:00;147;sem vítima;56;BR-101/RJ;Sul;Tombamento;;;1;;;;;;;;1;;;;
29/06/2010;18:41:00;127;com vítima;56;BR-101/RJ;Sul;Colisão Lateral;2;;;;;;;;;;3;1;2;;
08/09/2010;07:43:00;47;com vítima;56;BR-101/RJ;Norte;Atropelamento - Morador;;;;;1;1;;;;;2;;;1;
19/09/2010;18:34:00;130;com vítima;56;BR-101/RJ;Norte;Queda de Moto;;;;1;;;;;;;0;;1;;
19/09/2010;18:53:00;136;sem vítima;56;BR-101/RJ;Sul;Engavetamento;2;;;;1;;;;;;5;;;;
26/09/2010;21:27:00;159;com vítima;56,5;BR-101/RJ;Norte;Atropelamento - Morador;;;;;;1;;;;;1;;1;;
23/10/2010;00:19:00;3;com vítima;56;BR-101/RJ;Sul;Colisão Transversal;;;;2;;;;;;;1;;;1;
04/11/2010;18:30:00;151;com vítima;56;BR-101/RJ;Norte;Atropelamento - Usuário;;;;;;1;;;;;1;;;;1
02/12/2010;14:05:00;102;com vítima;56,599998474121094;BR-101/RJ;Norte;Saida de Pista;;;;1;;;;;;;0;1;;;
06/12/2010;12:23:00;135;com vítima;56;BR-101/RJ;Sul;Colisão Lateral;1;;;1;;;;;;;1;2;;;
12/12/2010;12:22:00;78;sem vítima;56;BR-101/RJ;Sul;Saida de Pista;1;;;;;;;;;;1;;;;
19/02/2011;05:03:00;16;com vítima;56;BR-101/RJ;Norte;Saida de Pista;1;;;;;;;;;;0;2;;;
03/03/2011;18:30:00;172;sem vítima;62;BR-101/RJ;Sul;Colisão Traseira;2;;;;;;;;;;3;;;;
03/03/2011;18:37:00;173;sem vítima;62;BR-101/RJ;Norte;Engavetamento;4;;;;;1;;;;;5;;;;
03/03/2011;18:47:00;175;com vítima;297;BR-101/RJ;Norte;Colisão Lateral;1;;;1;;;;;;;2;;1;;
03/03/2011;19:30:00;184;sem vítima;297;BR-101/RJ;Sul;Colisão Lateral;1;;1;;;;;;;;2;;;;
03/05/2011;08:04:00;36;sem vítima;56;BR-101/RJ;Norte;Saida de Pista;;;;;;;;;;1;1;;;;
04/06/2011;04:36:00;22;com vítima;56;BR-101/RJ;Norte;Atropelamento - Andarilho;;;;;;1;;;;;1;;1;;
01/08/2011;00:06:00;1;com vítima;56;BR-101/RJ;Norte;Colisão Lateral;;;;2;;;;;;;1;1;4;;
17/08/2011;23:12:00;178;com vítima;56,599998474121094;BR-101/RJ;Sul;Atropelamento - Ciclista;;1;;1;;;;;;;0;2;;;
10/09/2011;15:01:00;107;com vítima;56;BR-101/RJ;Norte;Atropelamento - Morador;;;1;;;;;;;;1;;;;1
07/10/2011;18:50:00;185;sem vítima;56;BR-101/RJ;Sul;Choque - Outros;1;;;;;1;;;;;2;;;;
15/10/2011;13:44:00;111;sem vítima;56;BR-101/RJ;Norte;Colisão Traseira;3;;;;;;;;;;10;;;;
07/11/2011;00:17:00;3;com vítima;56,099998474121094;BR-101/RJ;Norte;Colisão Traseira;;;;1;;2;;;;;2;;1;;1
22/01/2012;20:14:00;187;sem vítima;56;BR-101/RJ;Norte;Outros - Sequência;2;;;1;;;;;;;6;;;;
17/02/2012;14:49:00;118;sem vítima;56;BR-101/RJ;Norte;Saida de Pista;1;;;;;;;;;;1;;;;
24/02/2012;15:16:00;108;com vítima;56,5;BR-101/RJ;Norte;Colisão Traseira;1;;;1;;;;;;;1;1;;;
11/03/2012;23:32:00;197;com vítima;56;BR-101/RJ;Norte;Colisão Frontal;;;;2;;;;;;;0;;;2;
28/04/2012;03:16:00;14;sem vítima;56;BR-101/RJ;Sul;Atropelamento de Animal;;;;;;;;;;1;2;;;;
14/05/2012;11:10:00;87;com vítima;56;BR-101/RJ;Norte;Colisão Lateral;1;;;1;;1;;;;;2;;1;;
22/06/2012;22:50:00;168;com vítima;56,7;BR-101/RJ;Norte;Colisão Frontal;1;;1;;;;;;;;1;;1;;
07/08/2012;13:00:00;102;com vítima;56;BR-101/RJ;Norte;Colisão Transversal;2;;;;;;;;;;2;;1;;
15/08/2012;13:03:00;83;com vítima;56,7;BR-101/RJ;Sul;Capotamento;1;;;;;;;;;;0;;1;;
10/09/2012;23:59:00;1;sem vítima;56;BR-101/RJ;Norte;Atropelamento - Ciclista;;1;1;;;;;;;;2;;;;
29/09/2012;22:05:00;168;com vítima;56,761;BR-101/RJ;Norte;Colisão Frontal;2;;;;;;;;;;0;;;2;
27/10/2012;20:31:00;195;com vítima;56;BR-101/RJ;Norte;Queda de Moto;;;;1;;1;;;;;1;;1;;
01/11/2012;22:24:00;205;com vítima;56,3;BR-101/RJ;Norte;Atropelamento - Andarilho;;;;;;1;;;;;1;;;1;
18/12/2012;22:03:00;193;com vítima;56,3;BR-101/RJ;Sul;Atropelamento - Morador;;;;1;;;;;;;0;;1;1;
06/01/2013;11:36:00;62;com vítima;56,6;BR-101/RJ;Sul;Atropelamento - Morador;1;;;;;;;;;;3;;;1;
08/01/2013;08:53:00;54;sem vítima;56,5;BR-101/RJ;Norte;Colisão Traseira;3;;;;;;;;;;7;;;;
16/02/2013;11:02:00;92;sem vítima;56;BR-101/RJ;Norte;Tombamento;1;;1;;;;;;;;2;;;;
16/02/2013;11:26:00;96;com vítima;56,2;BR-101/RJ;Norte;Atropelamento - Morador;;;1;;;;;;;;1;;;1;
19/02/2013;00:39:00;5;com vítima;56;BR-101/RJ;Norte;Capotamento;;;;;;;;;;1;2;;1;;
20/02/2013;18:19:00;162;com vítima;56;BR-101/RJ;Sul;Queda de Moto;;;;1;;1;;;;;1;;1;;
22/03/2013;18:09:00;179;com vítima;56,8;BR-101/RJ;Sul;Atropelamento - Ciclista;1;1;;;;;;;;;1;;1;;
01/04/2013;12:03:00;115;com vítima;56;BR-101/RJ;Sul;Colisão Traseira;1;;;1;;;;;;;2;2;;;
06/04/2013;16:36:00;156;sem vítima;56;BR-101/RJ;Norte;Queda de Moto;1;;;1;;;;;;;2;;;;
11/05/2013;19:19:00;163;com vítima;56,8;BR-101/RJ;Sul;Queda de Moto;;;;1;;;;;;;0;2;;;
08/07/2013;06:48:00;33;com vítima;56;BR-101/RJ;Norte;Colisão Frontal;1;;1;;;;;;;;1;;2;1;
21/09/2013;16:43:00;127;com vítima;56;BR-101/RJ;Sul;Capotamento;1;;;;;;;;;;0;1;;;
29/09/2013;02:00:00;7;com vítima;56,223;BR-101/RJ;Sul;Choque - Arvore;1;;;;;;;;;;0;;;;3
31/10/2013;23:35:00;157;sem vítima;56,5;BR-101/RJ;Sul;Colisão Transversal;1;;;;;;;;;1;4;;;;
01/11/2013;00:00:00;1;sem vítima;56;BR-101/RJ;Sul;Colisão Traseira;;;1;;;1;;;;;2;;;;
29/11/2013;01:00:00;7;sem vítima;56,625;BR-101/RJ;Norte;Atropelamento de Animal;;;1;;;;;;;;1;;;;
05/03/2014;17:07:00;156;sem vítima;56;BR-101/RJ;Sul;Colisão Traseira;2;;;;;;;;;;2;;;;
07/03/2014;19:16:00;185;com vítima;56,788;BR-101/RJ;Sul;Colisão Transversal;;;;2;;;;;;;0;;;2;2
26/07/2014;11:53:00;59;com vítima;56;BR-101/RJ;Norte;Objeto lançado contra veículo;1;;;1;;;;;;;1;1;;;
10/08/2014;10:09:00;51;com vítima;56,9;BR-101/RJ;Norte;Capotamento;1;;;;;;;;;;0;;1;;
20/12/2014;01:57:00;18;com vítima;56;BR-101/RJ;Sul;Choque - Defensa, barreira ou "submarino";1;;;;;;;;;;2;1;;;
31/12/2014;15:05:00;144;com vítima;56,9;BR-101/RJ;Sul;Choque - Poste;1;;;;;;;;;;0;;2;;1
04/01/2015;17:24:00;145;com vítima;56;BR-101/RJ;Sul;Colisão Traseira;1;;;;;1;;;;;1;3;;;
04/01/2015;18:17:00;155;com vítima;56;BR-101/RJ;Norte;Colisão Traseira;1;;1;;;;;;;;1;2;;;
03/02/2015;20:07:00;166;com vítima;56,7;BR-101/RJ;Norte;Queda de Moto;;;;1;;;;;;;0;2;0;0;0
20/02/2015;18:18:00;152;com vítima;56;BR-101/RJ;Norte;Engavetamento;3;;;;;;;;;;5;1;0;0;0
20/02/2015;18:24:00;153;com vítima;56;BR-101/RJ;Norte;Atropelamento - Ciclista;;;;;;1;;;;;1;0;1;0;0
10/04/2015;14:40:00;137;com vítima;56,13;BR-101/RJ;Norte;Colisão Transversal;2;;;;;;;;;;0;;4;;
27/04/2015;17:07:00;147;com vítima;56;BR-101/RJ;Norte;Colisão Transversal;1;;1;;;;;;;;1;;;;1
05/05/2015;22:33:00;188;com vítima;56,5;BR-101/RJ;Norte;Outros - Sequência;1;;;;;;;;;;0;;;1;
19/09/2015;16:15:00;152;com vítima;56,2;BR-101/RJ;Sul;Colisão Transversal;1;;;1;;;;;;;1;;2;;
12/10/2015;17:34:00;141;com vítima;56,688;BR-101/RJ;Sul;Colisão Traseira;1;;;1;;;;;;;2;1;;;
09/01/2010;15:14:00;138;com vítima;57;BR-101/RJ;Sul;Saida de Pista;;;1;;;;;;;;0;;1;;
20/01/2010;03:33:00;20;com vítima;57;BR-101/RJ;Sul;Choque - Arvore;1;;;;;;;;;;0;2;;;
15/05/2010;22:42:00;181;com vítima;57;BR-101/RJ;Norte;Atropelamento - Morador;;;;1;;;;;;;0;3;;;
05/06/2010;18:10:00;136;com vítima;57;BR-101/RJ;Sul;Atropelamento - Morador;1;;;;;;;;;;2;1;;;
14/06/2010;00:08:00;3;com vítima;57;BR-101/RJ;Sul;Colisão Lateral;;;;1;;1;;;;;1;;;2;
26/06/2010;15:49:00;120;com vítima;57;BR-101/RJ;Norte;Atropelamento - Ciclista;1;1;;;;;;;;;3;;1;;
11/07/2010;00:34:00;4;sem vítima;57;BR-101/RJ;Norte;Colisão Lateral;2;;;;;;;;;;3;;;;
17/07/2010;20:24:00;211;com vítima;57;BR-101/RJ;Norte;Colisão Lateral;;;;1;;1;;;;;1;;1;;
30/07/2010;06:58:00;31;com vítima;57;BR-101/RJ;Norte;Atropelamento - Morador;;;;;;1;;;;;1;1;;;
03/08/2010;10:21:00;68;sem vítima;57;BR-101/RJ;Sul;Choque - Outros;;;1;;;1;;;;;2;;;;
13/08/2010;13:11:00;102;com vítima;57;BR-101/RJ;Sul;Colisão Frontal;2;;;;;;;;;;4;;1;;
25/08/2010;15:35:00;118;sem vítima;57;BR-101/RJ;Norte;Colisão Traseira;;;2;;;;;;;;2;;;;
04/09/2010;18:34:00;238;com vítima;57;BR-101/RJ;Norte;Atropelamento - Andarilho;;;;;;1;;;;;1;;;1;
07/09/2010;19:05:00;173;sem vítima;57;BR-101/RJ;Norte;Engavetamento;2;;;;;2;;;;;4;;;;
12/10/2010;20:26:00;169;com vítima;57;BR-101/RJ;Norte;Atropelamento - Ciclista;;1;;;;1;;;;;1;;1;;
31/10/2010;20:34:00;164;com vítima;57;BR-101/RJ;Norte;Colisão Frontal;;;;1;;1;;;;;1;;1;;
11/12/2010;14:07:00;112;com vítima;57;BR-101/RJ;Sul;Choque - Arvore;;;1;;;;;;;;0;1;;1;
15/12/2010;17:31:00;162;com vítima;57,79999923706055;BR-101/RJ;Sul;Colisão Lateral;;;;1;;1;;;;;1;;1;;
26/01/2011;05:06:00;25;sem vítima;57;BR-101/RJ;Norte;Saida de Pista;1;;;;;;;;;;1;;;;
09/02/2011;22:08:00;179;com vítima;57;BR-101/RJ;Sul;Colisão Traseira;;;1;1;;;;;;;1;;;1;
09/02/2011;23:01:00;192;com vítima;57,5;BR-101/RJ;Sul;Colisão Traseira;1;;1;;;;;;;;1;;2;;
03/03/2011;21:26:00;206;com vítima;281;BR-101/RJ;Sul;Atropelamento - Andarilho;1;;;;;;;;;;1;;;;1
15/05/2011;02:27:00;19;com vítima;57;BR-101/RJ;Norte;Saida de Pista;1;;;;;;;;;;0;1;1;;
24/05/2011;09:16:00;59;sem vítima;57;BR-101/RJ;Sul;Colisão Traseira;2;;;;;;;;;;2;;;;
30/08/2011;17:27:00;145;com vítima;57,5;BR-101/RJ;Norte;Colisão Lateral;1;;;1;;;;;;;1;1;;;
05/10/2011;08:22:00;51;com vítima;57;BR-101/RJ;Norte;Colisão Traseira;1;;1;;;;;;;;3;1;;;
16/10/2011;08:33:00;28;com vítima;57;BR-101/RJ;Norte;Capotamento;1;;;;;;;;;;0;1;;;
22/10/2011;12:35:00;74;com vítima;57;BR-101/RJ;Norte;Atropelamento - Ciclista;;1;1;;;;;;;;2;;;1;
03/12/2011;09:59:00;60;sem vítima;57;BR-101/RJ;Norte;Colisão Transversal;1;;;;;1;;;;;3;;;;
28/12/2011;16:03:00;152;com vítima;57;BR-101/RJ;Sul;Colisão Transversal;1;;;1;;;;;;;2;;1;;
02/01/2012;11:40:00;93;sem vítima;57;BR-101/RJ;Norte;Engavetamento;2;;;;;;;;;1;5;;;;
02/01/2012;14:14:00;126;sem vítima;57;BR-101/RJ;Sul;Colisão Traseira;3;;;;;;;;;;10;;;;
14/01/2012;11:04:00;68;com vítima;57;BR-101/RJ;Norte;Colisão Transversal;1;;;1;;;;;;;2;;1;;
15/01/2012;20:06:00;163;com vítima;57;BR-101/RJ;Norte;Colisão Traseira;2;;;;;;;;;;4;3;;;
30/01/2012;22:24:00;194;com vítima;57;BR-101/RJ;Norte;Queda de Moto;;;;1;;;;;;;0;;1;;
01/02/2012;18:16:00;139;com vítima;57;BR-101/RJ;Norte;Atropelamento - Morador;;;;1;;;;;;;1;1;;;
22/02/2012;16:24:00;162;sem vítima;57,3;BR-101/RJ;Sul;Engavetamento;3;;;;;;;;;;11;;;;
23/02/2012;08:48:00;78;com vítima;57,5;BR-101/RJ;Sul;Colisão Transversal;;;;1;;;;;;1;1;;1;;
07/03/2012;13:33:00;101;sem vítima;57;BR-101/RJ;Norte;Engavetamento;3;;;;;;;;;;3;;;;
13/04/2012;18:01:00;179;com vítima;57,9;BR-101/RJ;Sul;Colisão Traseira;;;;1;;1;;;;;1;;1;;
26/05/2012;13:01:00;102;com vítima;57;BR-101/RJ;Norte;Queda de Moto;;;;1;;;;;;;0;2;;;
04/06/2012;04:54:00;17;com vítima;57;BR-101/RJ;Sul;Capotamento;1;;;;;;;;;;0;3;;;
09/06/2012;23:24:00;170;com vítima;57;BR-101/RJ;Sul;Choque - Arvore;1;;;;;;;;;;0;1;;;
16/06/2012;21:07:00;181;com vítima;57;BR-101/RJ;Norte;Saida de Pista;1;;;;;;;;;;0;1;;;
23/06/2012;22:48:00;163;com vítima;57,6;BR-101/RJ;Norte;Atropelamento - Ciclista;;1;;;;1;;;;;1;;;;1
19/07/2012;00:52:00;4;com vítima;57,1;BR-101/RJ;Norte;Atropelamento - Morador;3;;;;;;;;;;4;;;;1
01/08/2012;18:13:00;168;sem vítima;57;BR-101/RJ;Norte;Colisão Traseira;1;;;;;1;;;;;3;;;;
14/08/2012;06:54:00;39;com vítima;57,2;BR-101/RJ;Sul;Atropelamento - Ciclista;;1;;1;;;;;;;1;;;1;
01/10/2012;15:50:00;122;com vítima;57;BR-101/RJ;Sul;Queda de Moto;;;;1;;;;;;;0;1;;;
02/11/2012;19:16:00;155;sem vítima;57,6;BR-101/RJ;Norte;Colisão Traseira;1;;;;;1;;;;;4;;;;
18/11/2012;17:32:00;104;sem vítima;57;BR-101/RJ;Sul;Engavetamento;3;;;;;1;;;;;10;;;;
23/11/2012;19:20:00;191;sem vítima;57;BR-101/RJ;Norte;Colisão Traseira;1;;;1;;;;;;;4;;;;
15/12/2012;15:02:00;123;com vítima;57;BR-101/RJ;Norte;Saida de Pista;1;;;;;;;;;;0;;;1;
26/12/2012;07:59:00;51;com vítima;57,461;BR-101/RJ;Norte;Atropelamento - Ciclista;1;1;;;;;;;;;3;;1;;
29/12/2012;14:02:00;141;sem vítima;57;BR-101/RJ;Norte;Objeto lançado contra veículo;2;;;;;;;;;;2;;;;
01/01/2013;12:43:00;98;sem vítima;57,3;BR-101/RJ;Sul;Capotamento;1;;;;;;;;;;4;;;;
03/01/2013;21:29:00;195;com vítima;57;BR-101/RJ;Sul;Atropelamento - Morador;1;;;;;;;;;;1;;1;;
18/01/2013;23:49:00;220;sem vítima;57;BR-101/RJ;Norte;Atropelamento de Animal;1;;;;;;;;;;1;;;;
20/01/2013;17:13:00;138;sem vítima;57;BR-101/RJ;Sul;Engavetamento;4;;;;;;;;;;20;;;;
04/02/2013;14:39:00;122;sem vítima;57;BR-101/RJ;Sul;Colisão Traseira;1;;1;;;;;;;;6;;;;
13/02/2013;09:13:00;80;sem vítima;57;BR-101/RJ;Norte;Colisão Lateral;;;;1;;1;;;;;3;;;;
13/02/2013;11:49:00;115;sem vítima;57;BR-101/RJ;Sul;Colisão Traseira;2;;;;;1;;;;;11;;;;
17/02/2013;16:06:00;130;sem vítima;57;BR-101/RJ;Sul;Colisão Traseira;2;;;;;;;;;;3;;;;
06/03/2013;10:57:00;103;com vítima;57,6;BR-101/RJ;Sul;Queda de Moto;;;;1;;;;;;;0;1;;;
07/03/2013;13:09:00;124;com vítima;57;BR-101/RJ;Norte;Colisão Lateral;1;;;1;;;;;;;1;1;;;
13/03/2013;10:24:00;90;com vítima;57,572;BR-101/RJ;Norte;Colisão Lateral;;;;;;;;;;2;0;2;;;
21/03/2013;07:14:00;33;com vítima;57;BR-101/RJ;Norte;Queda de Moto;;;;1;;;;;;;0;1;;;
06/05/2013;13:16:00;88;com vítima;57,6;BR-101/RJ;Norte;Colisão Lateral;1;;;1;;;;;;;2;;1;;
15/05/2013;18:00:00;140;sem vítima;57;BR-101/RJ;Norte;Colisão Traseira;;;1;;1;;;;;;2;;;;
19/07/2013;16:13:00;146;sem vítima;57,65;BR-101/RJ;Norte;Engavetamento;5;;;;;2;;;;;11;;;;
11/08/2013;19:03:00;145;com vítima;57,518;BR-101/RJ;Sul;Colisão Frontal;2;;;;;;;;;;0;2;2;;
08/09/2013;18:10:00;159;com vítima;57,123;BR-101/RJ;Sul;Colisão Traseira;;;2;;;;;;;;1;;2;;
08/09/2013;17:54:00;154;sem vítima;57,8;BR-101/RJ;Sul;Colisão Traseira;3;;;;;;;;;;3;;;;
19/09/2013;08:56:00;55;sem vítima;57;BR-101/RJ;Norte;Engavetamento;3;;;;;;;;;;3;;;;
25/10/2013;06:29:00;32;sem vítima;57,5;BR-101/RJ;Sul;Colisão Lateral;1;;;;;;;;;1;3;;;;
28/01/2014;16:28:00;142;com vítima;57;BR-101/RJ;Norte;Colisão Lateral;;;;1;;1;;;;;1;2;;;
02/02/2014;17:02:00;145;sem vítima;57;BR-101/RJ;Norte;Engavetamento;3;;;;;;;;;;8;;;;
02/02/2014;18:06:00;164;sem vítima;57;BR-101/RJ;Sul;Colisão Traseira;2;;;;;;;;;;4;;;;
15/02/2014;07:50:00;56;com vítima;57;BR-101/RJ;Norte;Colisão Lateral;1;;;1;;;;;;;1;;1;;
07/03/2014;20:27:00;197;sem vítima;57;BR-101/RJ;Norte;Colisão Traseira;1;;;;;;;;;1;3;;;;
06/05/2014;14:56:00;108;sem vítima;57;BR-101/RJ;Norte;Colisão Traseira;2;;;;;;;;;;3;;;;
07/05/2014;22:29:00;165;com vítima;57,305;BR-101/RJ;Norte;Atropelamento - Morador;;;;1;;;;;;;0;;1;1;1
19/05/2014;09:17:00;66;com vítima;57,35;BR-101/RJ;Norte;Queda de Moto;;;;1;;1;;;;;1;;1;;
23/05/2014;18:55:00;170;com vítima;57,6;BR-101/RJ;Norte;Colisão Lateral;1;;;1;;;;;;;6;;2;;
25/05/2014;19:15:00;146;com vítima;57;BR-101/RJ;Norte;Colisão Transversal;1;;;1;;;;;;;1;;1;;
28/07/2014;08:13:00;38;sem vítima;57,461;BR-101/RJ;Sul;Colisão Traseira;2;;;;;;;;;;3;;;;
06/09/2014;23:16:00;180;com vítima;57;BR-101/RJ;Norte;Atropelamento - Ciclista;1;1;;;;;;;;;0;1;1;;
14/09/2014;18:36:00;148;sem vítima;57,6;BR-101/RJ;Norte;Saida de Pista;1;;;;;;;;;;3;;;;
11/10/2014;12:48:00;107;com vítima;57;BR-101/RJ;Sul;Colisão Transversal;1;;1;;;;;;;;0;2;;;
12/10/2014;19:26:00;149;sem vítima;57,691;BR-101/RJ;Sul;Colisão Traseira;1;;;;;1;;;;;4;;;;
13/10/2014;22:04:00;223;sem vítima;57;BR-101/RJ;Norte;Atropelamento de Animal;1;;;;;;;;;;1;;;;
26/10/2014;19:14:00;129;com vítima;57,8;BR-101/RJ;Sul;Colisão Frontal;1;;;1;;;;;;;1;;1;;
21/12/2014;19:08:00;165;sem vítima;57;BR-101/RJ;Norte;Engavetamento;2;;;;;;;;;1;6;;;;
31/12/2014;18:35:00;185;sem vítima;57;BR-101/RJ;Norte;Colisão Traseira;2;;;;;;;;;;6;;;;
11/01/2015;17:41:00;116;sem vítima;57;BR-101/RJ;Norte;Engavetamento;3;;;;;;;;;;5;;;;
18/01/2015;21:14:00;206;com vítima;57;BR-101/RJ;Sul;Colisão Traseira;1;;;1;;;;;;;2;;1;;
29/01/2015;13:33:00;94;sem vítima;57;BR-101/RJ;Sul;Colisão Lateral;2;;;;;;;;;;2;;;;
03/02/2015;09:07:00;57;sem vítima;57;BR-101/RJ;Norte;Colisão Lateral;2;;;;;;;;;;3;0;0;0;0
18/02/2015;13:17:00;99;sem vítima;57;BR-101/RJ;Sul;Engavetamento;3;;;;;;;;;;8;0;0;0;0
22/02/2015;15:49:00;106;sem vítima;57,8;BR-101/RJ;Sul;Engavetamento;3;;;;;;;;;;3;;;;
10/04/2015;17:09:00;175;sem vítima;57;BR-101/RJ;Sul;Colisão Traseira;;;2;;;;;;;;4;;;;
15/05/2015;19:17:00;176;com vítima;57;BR-101/RJ;Norte;Colisão Traseira;1;;;1;;;;;;;1;2;;;
19/05/2015;14:34:00;127;com vítima;57,18;BR-101/RJ;Sul;Colisão Frontal;2;;;;;;;;;;0;;3;;1
01/07/2015;19:56:00;194;com vítima;57;BR-101/RJ;Sul;Colisão Lateral;;;;1;;;;;;1;2;;1;;