data;horario;n_da_ocorrencia;tipo_de_ocorrencia;km;trecho;sentido;tipo_de_acidente;automovel;bicicleta;caminhao;moto;onibus;outros;tracao_animal;transporte_de_cargas_especiais;trator_maquinas;utilitarios;ilesos;levemente_feridos;moderadamente_feridos;gravemente_feridos;mortos
02/10/2011;23:10:00;183;com vítima;61;BR-101/RJ;Norte;Colisão Lateral;1;;;;;;;;;1;2;2;;;
05/10/2011;08:01:00;45;com vítima;61;BR-101/RJ;Norte;Choque - Outros;;;;;;2;;;;;1;;1;;
05/10/2011;12:13:00;84;sem vítima;61;BR-101/RJ;Sul;Colisão Lateral;1;;;;;1;;;;;4;;;;
12/10/2011;17:28:00;123;sem vítima;61;BR-101/RJ;Sul;Colisão Lateral;1;;;1;;;;;;;2;;;;
15/10/2011;20:17:00;170;com vítima;61;BR-101/RJ;Norte;Colisão Lateral;2;;;;;;;;;;2;1;;;
20/10/2011;22:36:00;185;sem vítima;61;BR-101/RJ;Sul;Queda de Moto;;;;1;;;;;;;1;;;;
23/10/2011;15:06:00;87;com vítima;61;BR-101/RJ;Norte;Colisão Transversal;1;;;;;;;;;1;3;3;;;
25/10/2011;12:11:00;96;sem vítima;61;BR-101/RJ;Sul;Colisão Traseira;1;;;;;;;;;1;2;;;;
28/10/2011;12:57:00;81;com vítima;61;BR-101/RJ;Norte;Queda de Moto;;;;1;;;;;;;0;1;;;
01/12/2011;17:48:00;133;com vítima;61,5;BR-101/RJ;Sul;Colisão Transversal;1;;;1;;;;;;;2;;1;;
10/12/2011;23:14:00;234;com vítima;61,099998474121094;BR-101/RJ;Sul;Colisão Transversal;1;;;1;;;;;;;2;;1;;
16/12/2011;14:39:00;144;com vítima;61;BR-101/RJ;Sul;Colisão Transversal;1;;;;;;;;;1;2;1;1;;
16/12/2011;20:16:00;211;sem vítima;61;BR-101/RJ;Norte;Saida de Pista;1;;;;;;;;;;1;;;;
28/12/2011;22:06:00;221;sem vítima;61;BR-101/RJ;Norte;Saida de Pista;1;;;;;;;;;;1;;;;
02/01/2012;07:42:00;33;com vítima;61;BR-101/RJ;Norte;Colisão Transversal;1;;;1;;;;;;;1;1;1;;
06/01/2012;19:14:00;171;sem vítima;61;BR-101/RJ;Norte;Colisão Lateral;2;;;;;1;;;;;4;;;;
09/01/2012;00:44:00;7;com vítima;61;BR-101/RJ;Sul;Colisão Lateral;2;;;;;;;;;;2;;1;;
13/01/2012;19:12:00;193;sem vítima;61;BR-101/RJ;Norte;Colisão Traseira;2;;;;;;;;;;3;;;;
15/01/2012;16:37:00;121;com vítima;61,05;BR-101/RJ;Norte;Colisão Traseira;;;;;1;1;;;;;1;;1;;
22/01/2012;20:02:00;185;com vítima;61,1;BR-101/RJ;Norte;Colisão Transversal;;;;2;;;;;;;0;;2;;
25/01/2012;09:44:00;60;sem vítima;61,7;BR-101/RJ;Sul;Engavetamento;1;;2;;;;;;;1;7;;;;
26/01/2012;08:51:00;39;sem vítima;61,73;BR-101/RJ;Norte;Colisão Traseira;;;2;;;;;;;;2;;;;
28/01/2012;16:04:00;135;com vítima;61;BR-101/RJ;Norte;Colisão Traseira;1;;;1;;;;;;;3;;1;;
30/01/2012;14:55:00;120;sem vítima;61,3;BR-101/RJ;Sul;Colisão Lateral;2;;;;;;;;;;5;;;;
15/02/2012;07:03:00;30;sem vítima;61;BR-101/RJ;Norte;Colisão Lateral;1;;;1;;;;;;;2;;;;
25/02/2012;19:31:00;170;com vítima;61;BR-101/RJ;Norte;Colisão Transversal;;;;1;;1;;;;;1;1;;;
28/02/2012;08:13:00;41;com vítima;61;BR-101/RJ;Norte;Atropelamento - Sem Informação;;;;;;1;;;;;1;;1;;
19/03/2012;04:42:00;16;sem vítima;61;BR-101/RJ;Sul;Colisão Frontal;1;;1;;;;;;;;3;;;;
20/03/2012;07:11:00;26;com vítima;61;BR-101/RJ;Norte;Colisão Transversal;1;;;1;;;;;;;2;;2;;
31/03/2012;04:16:00;14;com vítima;61;BR-101/RJ;Sul;Colisão Frontal;1;;;1;;;;;;;1;;1;;
16/04/2012;14:20:00;105;sem vítima;61;BR-101/RJ;Norte;Colisão Transversal;2;;;;;;;;;;2;;;;
22/04/2012;11:10:00;58;sem vítima;61;BR-101/RJ;Norte;Saida de Pista;1;;;;;;;;;;1;;;;
29/04/2012;01:47:00;5;com vítima;61;BR-101/RJ;Norte;Choque - Poste;1;;;;;;;;;;2;;1;;
01/05/2012;12:53:00;77;sem vítima;61;BR-101/RJ;Norte;Colisão Frontal;2;;;;;;;;;;5;;;;
12/05/2012;16:29:00;140;com vítima;61;BR-101/RJ;Norte;Atropelamento - Ciclista;;1;;;;1;;;;;1;1;;;
14/05/2012;19:11:00;153;com vítima;61,6;BR-101/RJ;Norte;Colisão Transversal;1;;;;;1;;;;;1;;1;;
21/05/2012;11:42:00;87;sem vítima;61;BR-101/RJ;Norte;Colisão Lateral;1;;1;;;;;;;;2;;;;
24/05/2012;20:18:00;165;com vítima;61;BR-101/RJ;Sul;Colisão Lateral;2;;;;;;;;;;0;2;1;;
28/05/2012;00:39:00;5;com vítima;61;BR-101/RJ;Sul;Colisão Lateral;1;;;1;;;;;;;1;1;;;
07/07/2012;22:31:00;194;com vítima;61;BR-101/RJ;Norte;Colisão Traseira;2;;1;;;;;;;;4;1;;;
10/07/2012;18:27:00;143;com vítima;61,271;BR-101/RJ;Sul;Queda de Moto;1;;;1;;;;;;;4;1;;;
11/07/2012;10:41:00;74;sem vítima;61;BR-101/RJ;Sul;Colisão Traseira;1;;1;;;;;;;;2;;;;
16/07/2012;18:12:00;154;sem vítima;61;BR-101/RJ;Norte;Colisão Lateral;1;;1;;;;;;;;3;;;;
28/07/2012;15:35:00;140;com vítima;61,471;BR-101/RJ;Sul;Atropelamento - Ciclista;;1;;;1;;;;;;2;1;;;
31/07/2012;08:18:00;46;com vítima;61;BR-101/RJ;Norte;Colisão Lateral;1;;;1;;;;;;;1;1;;;
03/08/2012;15:26:00;122;sem vítima;61;BR-101/RJ;Norte;Colisão Transversal;1;;1;;;;;;;;5;;;;
11/08/2012;15:31:00;137;com vítima;61,6;BR-101/RJ;Norte;Colisão Traseira;;;;2;;;;;;;0;2;;;
22/08/2012;22:53:00;230;sem vítima;61;BR-101/RJ;Sul;Colisão Traseira;2;;;;;;;;;;2;;;;
06/09/2012;20:23:00;158;sem vítima;61;BR-101/RJ;Norte;Engavetamento;3;;;;;;;;;;4;;;;
07/09/2012;11:02:00;122;sem vítima;61,4;BR-101/RJ;Norte;Colisão Traseira;2;;;;;;;;;;2;;;;
14/09/2012;07:55:00;35;com vítima;61,5;BR-101/RJ;Norte;Colisão Lateral;1;;;;;;;;;1;1;1;;;
22/09/2012;23:27:00;195;com vítima;61,689;BR-101/RJ;Norte;Atropelamento - Ciclista;1;1;;;;;;;;;1;;;;1
27/09/2012;14:08:00;133;sem vítima;61;BR-101/RJ;Norte;Colisão Traseira;1;;;;;1;;;;;3;;;;
06/10/2012;15:26:00;135;sem vítima;61;BR-101/RJ;Norte;Colisão Traseira;3;;;;;;;;;;3;;;;
08/10/2012;09:50:00;69;sem vítima;61;BR-101/RJ;Sul;Colisão Lateral;2;;;;;;;;;;5;;;;
10/10/2012;08:41:00;77;com vítima;61;BR-101/RJ;Norte;Colisão Lateral;1;;;1;;;;;;;0;;2;;
10/10/2012;02:05:00;15;com vítima;61,86;BR-101/RJ;Norte;Atropelamento de Animal;;;;1;;;;;;;0;1;;;
12/10/2012;14:24:00;153;sem vítima;61;BR-101/RJ;Norte;Colisão Traseira;1;;;;;1;;;;;2;;;;
22/10/2012;07:01:00;46;com vítima;61;BR-101/RJ;Norte;Colisão Transversal;1;;;1;;;;;;;3;;1;;
24/10/2012;17:08:00;167;sem vítima;61;BR-101/RJ;Norte;Colisão Lateral;2;;;;;;;;;;3;;;;
30/10/2012;15:41:00;147;sem vítima;61,716;BR-101/RJ;Sul;Colisão Frontal;;;1;1;;;;;;;3;;;;
03/11/2012;10:56:00;56;sem vítima;61,5;BR-101/RJ;Norte;Colisão Traseira;2;;;;;;;;;;2;;;;
05/11/2012;09:36:00;53;sem vítima;61;BR-101/RJ;Sul;Engavetamento;2;;;;;1;;;;;4;;;;
10/11/2012;20:52:00;173;com vítima;61;BR-101/RJ;Sul;Colisão Frontal;1;;;;;1;;;;;1;1;;;
15/11/2012;07:02:00;30;sem vítima;61;BR-101/RJ;Sul;Colisão Traseira;2;;;;;;;;;;5;;;;
15/11/2012;23:18:00;180;sem vítima;61;BR-101/RJ;Sul;Colisão Traseira;2;;;;;;;;;;5;;;;
19/11/2012;12:53:00;97;sem vítima;61;BR-101/RJ;Norte;Colisão Traseira;2;;;;;;;;;;3;;;;
03/12/2012;08:36:00;64;sem vítima;61;BR-101/RJ;Norte;Colisão Traseira;2;;;;;;;;;;3;;;;
13/12/2012;13:51:00;115;sem vítima;61;BR-101/RJ;Sul;Colisão Traseira;1;;1;;;;;;;;2;;;;
21/12/2012;18:20:00;212;com vítima;61;BR-101/RJ;Norte;Queda de Moto;;;;1;;;;;;;0;;1;;
21/12/2012;18:54:00;223;sem vítima;61;BR-101/RJ;Norte;Engavetamento;3;;;;;;;;;;3;;;;
24/12/2012;14:09:00;90;sem vítima;61;BR-101/RJ;Sul;Colisão Transversal;2;;;;;;;;;;2;;;;
11/01/2013;13:59:00;113;sem vítima;61;BR-101/RJ;Sul;Colisão Traseira;1;;1;;;;;;;;2;;;;
13/01/2013;14:30:00;105;sem vítima;61;BR-101/RJ;Sul;Colisão Traseira;2;;;;;;;;;;2;;;;
13/01/2013;22:35:00;200;com vítima;61;BR-101/RJ;Sul;Colisão Traseira;2;;;;;;;;;;2;;1;;
14/01/2013;19:46:00;179;sem vítima;61;BR-101/RJ;Norte;Colisão Transversal;1;;;;;;;;;1;2;;;;
17/01/2013;12:24:00;100;com vítima;61;BR-101/RJ;Sul;Colisão Traseira;;;1;1;;;;;;;2;1;;;
18/01/2013;18:09:00;166;sem vítima;61;BR-101/RJ;Norte;Engavetamento;3;;;;;;;;;;3;;;;
22/01/2013;17:22:00;162;sem vítima;61;BR-101/RJ;Norte;Colisão Traseira;1;;1;;;;;;;;4;;;;
10/02/2013;00:34:00;5;sem vítima;61;BR-101/RJ;Norte;Colisão Lateral;1;;;1;;;;;;;2;;;;
17/02/2013;20:55:00;185;com vítima;61;BR-101/RJ;Sul;Outros;;;;1;;1;;;;;1;2;;;
26/04/2013;04:50:00;27;sem vítima;61;BR-101/RJ;Norte;Saida de Pista;;;1;;;1;;;;;3;;;;
02/05/2013;18:53:00;125;sem vítima;61;BR-101/RJ;Norte;Colisão Traseira;1;;;;;1;;;;;3;;;;
08/05/2013;18:22:00;134;sem vítima;61,8;BR-101/RJ;Norte;Colisão Lateral;1;;;1;;;;;;;3;;;;
09/05/2013;08:00:00;45;sem vítima;61;BR-101/RJ;Sul;Colisão Transversal;1;;;;;1;;;;;3;;;;
11/05/2013;23:28:00;211;sem vítima;61;BR-101/RJ;Norte;Colisão Traseira;2;;;;;;;;;;2;;;;
01/06/2013;16:44:00;129;sem vítima;61;BR-101/RJ;Sul;Colisão Traseira;;;1;;;1;;;;;2;;;;
18/06/2013;23:34:00;201;com vítima;61;BR-101/RJ;Sul;Colisão Transversal;1;;;1;;;;;;;1;;;1;
10/07/2013;21:36:00;164;sem vítima;61;BR-101/RJ;Sul;Colisão Transversal;1;;;;1;;;;;;3;;;;
14/07/2013;06:05:00;34;com vítima;61,272;BR-101/RJ;Norte;Colisão Frontal;2;;;;1;;;;;;1;;4;2;
21/07/2013;16:02:00;132;sem vítima;61;BR-101/RJ;Sul;Colisão Lateral;2;;;;;;;;;;4;;;;
04/08/2013;10:51:00;70;sem vítima;61;BR-101/RJ;Sul;Colisão Transversal;1;;1;;;;;;;;2;;;;
10/08/2013;05:23:00;21;sem vítima;61,954;BR-101/RJ;Sul;Saida de Pista;1;;;;;;;;;;2;;;;
19/08/2013;18:34:00;162;com vítima;61,5;BR-101/RJ;Sul;Colisão Traseira;;;1;1;;;;;;;1;1;;;
27/08/2013;18:01:00;127;sem vítima;61;BR-101/RJ;Sul;Colisão Transversal;2;;;;;;;;;;2;;;;
02/09/2013;17:41:00;140;com vítima;61;BR-101/RJ;Norte;Colisão Lateral;1;;;1;;;;;;;2;;1;;
06/09/2013;19:53:00;184;com vítima;61,6;BR-101/RJ;Norte;Colisão Transversal;1;;;1;;;;;;;1;;1;;
24/09/2013;07:48:00;46;sem vítima;61;BR-101/RJ;Sul;Colisão Traseira;;;;;1;;;;;1;2;;;;
04/10/2013;10:39:00;78;sem vítima;61,7;BR-101/RJ;Sul;Colisão Lateral;1;;;;;;;;;1;2;;;;
09/10/2013;15:59:00;129;com vítima;61;BR-101/RJ;Sul;Atropelamento - Morador;1;;;;;;;;;;2;1;;;
28/10/2013;14:24:00;99;sem vítima;61;BR-101/RJ;Norte;Colisão Traseira;;;2;;;;;;;;3;;;;
09/11/2013;22:23:00;185;com vítima;61;BR-101/RJ;Norte;Colisão Lateral;2;;;;;;;;;;1;1;;;
10/11/2013;00:55:00;9;com vítima;61;BR-101/RJ;Sul;Colisão Lateral;;;;;;2;;;;;1;;;1;
11/11/2013;14:09:00;111;sem vítima;61,311;BR-101/RJ;Norte;Colisão Lateral;2;;;;;;;;;;4;;;;
28/11/2013;21:29:00;207;com vítima;61;BR-101/RJ;Norte;Atropelamento - Outros;;;;1;;;;;;;0;2;;;
29/11/2013;23:54:00;282;sem vítima;61,35;BR-101/RJ;Norte;Colisão Traseira;1;;;;;;;;;1;2;;;;
30/11/2013;10:42:00;83;com vítima;61;BR-101/RJ;Norte;Colisão Lateral;1;;;1;;;;;;;1;;1;;
04/12/2013;23:40:00;210;com vítima;61;BR-101/RJ;Sul;Colisão Lateral;2;;;;;;;;;;5;2;;;
06/12/2013;08:57:00;60;com vítima;61,252;BR-101/RJ;Sul;Colisão Transversal;;;;2;;;;;;;1;;1;;
12/12/2013;14:04:00;126;sem vítima;61;BR-101/RJ;Sul;Colisão Lateral;1;;;;1;;;;;;4;;;;
28/12/2013;13:33:00;154;com vítima;61,701;BR-101/RJ;Sul;Colisão Lateral;1;;1;;;;;;;;2;1;;;
01/01/2014;16:17:00;136;sem vítima;61,454;BR-101/RJ;Norte;Colisão Lateral;1;;1;;;;;;;;3;;;;
03/01/2014;16:35:00;170;sem vítima;61,282;BR-101/RJ;Norte;Colisão Traseira;1;;1;;;;;;;;2;;;;
21/01/2014;23:17:00;218;com vítima;61,818;BR-101/RJ;Sul;Colisão Traseira;;;1;1;;;;;;;1;;1;;
26/01/2014;15:13:00;103;sem vítima;61;BR-101/RJ;Sul;Colisão Traseira;2;;;;;;;;;;5;;;;
27/01/2014;13:34:00;121;com vítima;61,227;BR-101/RJ;Sul;Colisão Lateral;1;;;1;;;;;;;1;;1;;
30/01/2014;16:37:00;162;sem vítima;61;BR-101/RJ;Sul;Colisão Traseira;1;;;;1;;;;;;4;;;;
22/02/2014;12:16:00;90;com vítima;61,023;BR-101/RJ;Sul;Colisão Lateral;1;;;1;;;;;;;4;1;;;
25/02/2014;12:57:00;120;com vítima;61;BR-101/RJ;Norte;Colisão Lateral;1;;;1;;;;;;;1;1;;;
08/03/2014;11:10:00;71;com vítima;61,357;BR-101/RJ;Sul;Colisão Lateral;;;;1;;1;;;;;1;1;;;
14/03/2014;21:09:00;198;sem vítima;61;BR-101/RJ;Norte;Colisão Transversal;2;;;;;;;;;;5;;;;
21/03/2014;20:21:00;201;com vítima;61;BR-101/RJ;Norte;Colisão Traseira;;;;1;;1;;;;;0;1;;;
02/04/2014;12:59:00;111;com vítima;61;BR-101/RJ;Norte;Colisão Transversal;1;;;1;;;;;;;1;1;;;
07/04/2014;06:53:00;38;sem vítima;61;BR-101/RJ;Norte;Engavetamento;3;;;;;;;;;;5;;;;
26/05/2014;05:41:00;30;com vítima;61,205;BR-101/RJ;Norte;Colisão Transversal;;;1;;1;;;;;;22;1;;;
10/06/2014;18:42:00;151;sem vítima;61;BR-101/RJ;Norte;Colisão Traseira;1;;;1;;;;;;;2;;;;
12/06/2014;22:36:00;183;com vítima;61;BR-101/RJ;Sul;Colisão Transversal;1;;;1;;;;;;;1;;;1;
15/06/2014;00:39:00;5;com vítima;61;BR-101/RJ;Norte;Atropelamento - Ciclista;;;;;;1;;;;;1;1;;;
26/07/2014;13:17:00;70;com vítima;61,713;BR-101/RJ;Norte;Outros - Sequência;3;;;;;;;;;;0;;4;;
11/08/2014;00:00:00;3;com vítima;61;BR-101/RJ;Norte;Colisão Transversal;;;;1;;1;;;;;1;1;;;
22/08/2014;18:13:00;145;com vítima;61;BR-101/RJ;Norte;Engavetamento;3;;;;;;;;;;4;;1;;
26/08/2014;06:46:00;30;com vítima;61;BR-101/RJ;Sul;Atropelamento - Usuário;;;;1;;;;;;;0;;2;;
26/08/2014;11:35:00;72;com vítima;61;BR-101/RJ;Norte;Choque - Suporte de Sinalização;1;;;;;;;;;;1;1;;;
29/08/2014;21:50:00;187;sem vítima;61;BR-101/RJ;Sul;Colisão Transversal;2;;;;;;;;;;2;;;;
04/09/2014;08:50:00;35;sem vítima;61;BR-101/RJ;Norte;Colisão Traseira;2;;;;;;;;;;2;;;;
06/09/2014;10:18:00;59;sem vítima;61,122;BR-101/RJ;Norte;Colisão Traseira;2;;;;;;;;;;4;;;;
27/09/2014;00:59:00;8;sem vítima;61;BR-101/RJ;Sul;Colisão Transversal;1;;;;;1;;;;;2;;;;
02/12/2014;16:46:00;129;com vítima;61;BR-101/RJ;Norte;Atropelamento - Outros;;;;1;;;;;;;2;1;;;
04/12/2014;13:43:00;108;sem vítima;61;BR-101/RJ;Norte;Colisão Lateral;1;;1;;;;;;;;3;;;;
18/01/2015;10:27:00;63;sem vítima;61;BR-101/RJ;Norte;Colisão Traseira;2;;;;;;;;;;2;;;;
30/01/2015;03:56:00;16;com vítima;61;BR-101/RJ;Norte;Colisão Lateral;;;1;1;;;;;;;3;1;;;
31/01/2015;10:59:00;66;com vítima;61;BR-101/RJ;Norte;Engavetamento;2;;;1;;;;;;;2;1;;;
04/02/2015;15:41:00;129;sem vítima;61;BR-101/RJ;Norte;Colisão Lateral;1;;1;;;;;;;;2;0;0;0;0
08/02/2015;16:23:00;79;com vítima;61;BR-101/RJ;Sul;Engavetamento;3;;;;;;;;;;4;2;0;0;0
14/02/2015;10:19:00;129;sem vítima;61;BR-101/RJ;Norte;Colisão Lateral;1;;;;;;;;;1;4;0;0;0;0
02/03/2015;20:10:00;152;sem vítima;61;BR-101/RJ;Sul;Colisão Lateral;;;1;;1;;;;;;2;0;0;0;0
10/03/2015;22:09:00;158;sem vítima;61;BR-101/RJ;Sul;Colisão Traseira;1;;1;;;;;;;;3;0;0;0;0
18/03/2015;11:50:00;103;sem vítima;61;BR-101/RJ;Sul;Colisão Transversal;1;;1;;;;;;;;2;0;0;0;0
22/03/2015;20:34:00;140;com vítima;61;BR-101/RJ;Sul;Atropelamento - Andarilho;1;;;;;;;;;;1;0;1;0;0
28/03/2015;05:49:00;28;com vítima;61;BR-101/RJ;Sul;Colisão Traseira;2;;;;;;;;;;1;1;0;0;0
02/04/2015;21:28:00;228;com vítima;61;BR-101/RJ;Sul;Atropelamento - Morador;;;1;;;;;;;;1;1;;;
11/04/2015;17:22:00;152;sem vítima;61;BR-101/RJ;Sul;Colisão Transversal;1;;1;;;;;;;;2;;;;
01/06/2015;18:36:00;174;sem vítima;61;BR-101/RJ;Norte;Engavetamento;4;;;;;;;;;;7;;;;
12/07/2015;07:42:00;31;sem vítima;61;BR-101/RJ;Norte;Choque - Defensa, barreira ou "submarino";1;;;;;;;;;;1;;;;
13/07/2015;17:35:00;166;sem vítima;61;BR-101/RJ;Sul;Colisão Lateral;;;1;;;1;;;;;3;;;;
16/08/2015;00:12:00;2;com vítima;61,355;BR-101/RJ;Norte;Capotamento;1;;;;;;;;;;1;1;;;
31/08/2015;18:03:00;190;sem vítima;61;BR-101/RJ;Norte;Engavetamento;3;;;;;;;;;;3;;;;
04/09/2015;19:52:00;191;sem vítima;61;BR-101/RJ;Sul;Colisão Lateral;2;;;;;;;;;;5;;;;
05/09/2015;12:35:00;103;sem vítima;61,841;BR-101/RJ;Sul;Colisão Traseira;2;;;;;;;;;;2;;;;
10/09/2015;06:09:00;22;sem vítima;61,294;BR-101/RJ;Norte;Engavetamento;1;;2;;;;;;;;4;;;;
17/09/2015;05:41:00;22;com vítima;61,745;BR-101/RJ;Norte;Queda de Moto;;;;1;;;;;;;0;1;;;
19/09/2015;23:31:00;220;com vítima;61;BR-101/RJ;Sul;Engavetamento;4;;;;;;;;;;8;1;;;
05/10/2015;15:20:00;135;sem vítima;61;BR-101/RJ;Norte;Colisão Traseira;1;;1;;;;;;;;4;;;;
31/10/2015;06:29:00;35;sem vítima;61,261;BR-101/RJ;Sul;Colisão Transversal;1;;1;;;;;;;;3;;;;
03/11/2015;18:17:00;182;com vítima;61,538;BR-101/RJ;Norte;Colisão Traseira;1;;;1;1;;;;;;2;;1;;
09/11/2015;15:55:00;157;sem vítima;61,3;BR-101/RJ;Sul;Colisão Lateral;2;;;;;;;;;;3;;;;
02/12/2015;21:50:00;214;com vítima;61,233;BR-101/RJ;Sul;Colisão Transversal;1;;;1;;;;;;;0;2;1;;
08/02/2010;07:54:00;54;sem vítima;62;BR-101/RJ;Sul;Colisão Traseira;1;;1;;;;;;;;3;;;;
01/03/2010;12:28:00;97;com vítima;62;BR-101/RJ;Sul;Colisão Lateral;1;;;1;;;;;;;2;1;;;
12/03/2010;12:48:00;94;com vítima;62;BR-101/RJ;Sul;Colisão Traseira;2;;;;;;;;;;0;1;1;;
24/03/2010;16:08:00;109;com vítima;62;BR-101/RJ;Sul;Colisão Lateral;1;;;1;;;;;;;2;;1;;
01/04/2010;11:49:00;111;sem vítima;62;BR-101/RJ;Norte;Colisão Transversal;2;;;;;;;;;;3;;;;
08/05/2010;09:27:00;73;com vítima;62;BR-101/RJ;Sul;Colisão Lateral;1;;;1;;;;;;;1;1;;;
28/06/2010;19:58:00;136;com vítima;62;BR-101/RJ;Norte;Colisão Frontal;2;;;;;;;;;;9;2;;;
29/06/2010;12:56:00;83;com vítima;62;BR-101/RJ;Norte;Queda de Moto;;;;1;;1;;;;;1;1;;;
16/07/2010;17:31:00;171;sem vítima;62;BR-101/RJ;Sul;Colisão Lateral;2;;;;;;;;;;3;;;;
17/07/2010;21:57:00;227;sem vítima;62;BR-101/RJ;Norte;Colisão Traseira;2;;;;;;;;;;2;;;;
25/07/2010;02:21:00;10;sem vítima;62;BR-101/RJ;Sul;Choque - Defensa, barreira ou "submarino";1;;;;;;;;;;1;;;;
25/07/2010;03:21:00;15;sem vítima;62;BR-101/RJ;Norte;Colisão Traseira;2;;;;;;;;;;3;;;;
29/07/2010;11:04:00;87;sem vítima;62;BR-101/RJ;Norte;Colisão Traseira;2;;;;;;;;;;4;;;;
03/08/2010;08:53:00;57;sem vítima;62;BR-101/RJ;Sul;Colisão Traseira;2;;;;;;;;;;7;;;;
29/09/2010;13:47:00;111;sem vítima;62;BR-101/RJ;Norte;Colisão Lateral;2;;;;;;;;;;2;;;;
02/10/2010;18:39:00;150;com vítima;62;BR-101/RJ;Norte;Queda de Moto;;;;1;;;;;;;0;1;1;;
16/10/2010;13:52:00;74;com vítima;62;BR-101/RJ;Norte;Colisão Lateral;;1;;;;1;;;;;1;1;;;
27/10/2010;18:08:00;133;sem vítima;62,5;BR-101/RJ;Sul;Colisão Transversal;1;;;;;;;;;1;2;;;;
05/11/2010;19:59:00;177;com vítima;62;BR-101/RJ;Norte;Atropelamento - Morador;1;;;;;;;;;;2;;1;;
13/11/2010;04:33:00;22;sem vítima;62;BR-101/RJ;Norte;Saida de Pista;1;;;;;;;;;;1;;;;
13/11/2010;05:48:00;33;sem vítima;62;BR-101/RJ;Sul;Saida de Pista;1;;;;;;;;;;1;;;;
25/11/2010;02:16:00;11;sem vítima;62;BR-101/RJ;Norte;Choque - Outros;1;;;;;;;;;;3;;;;
12/12/2010;18:16:00;152;sem vítima;62;BR-101/RJ;Norte;Colisão Traseira;2;;;;;;;;;;4;;;;
19/12/2010;18:07:00;153;sem vítima;62;BR-101/RJ;Norte;Colisão Lateral;2;;;;;;;;;;5;;;;
23/12/2010;21:43:00;257;sem vítima;62;BR-101/RJ;Norte;Colisão Lateral;1;;;;;1;;;;;6;;;;
24/12/2010;20:09:00;179;sem vítima;62;BR-101/RJ;Norte;Colisão Traseira;1;;;;;1;;;;;4;;;;
25/12/2010;06:39:00;32;com vítima;62;BR-101/RJ;Sul;Choque - Poste;1;;;;;;;;;;0;;1;;
04/03/2011;08:57:00;85;sem vítima;209;BR-101/RJ;Norte;Colisão Traseira;2;;;;;;;;;;2;;;;
04/03/2011;09:13:00;88;com vítima;66;BR-101/RJ;Norte;Colisão Lateral;1;;;1;;;;;;;2;;1;;
07/05/2011;07:28:00;38;com vítima;62;BR-101/RJ;Norte;Queda de Moto;;;;1;;;;;;;0;;1;;
23/05/2011;09:55:00;71;sem vítima;62;BR-101/RJ;Norte;Colisão Traseira;1;;;;;;;;;1;2;;;;
13/06/2011;15:16:00;119;sem vítima;62;BR-101/RJ;Norte;Colisão Transversal;1;;;;1;;;;;;2;;;;
14/06/2011;05:50:00;20;com vítima;62;BR-101/RJ;Norte;Colisão Frontal;1;;;1;;;;;;;5;;;1;
21/06/2011;23:05:00;175;com vítima;62;BR-101/RJ;Sul;Colisão Lateral;1;;;1;;;;;;;1;;1;;
26/06/2011;05:28:00;11;com vítima;62,099998474121094;BR-101/RJ;Norte;Queda de Moto;;;;1;;;;;;;0;;1;;
09/08/2011;08:39:00;42;com vítima;62,400001525878906;BR-101/RJ;Norte;Colisão Lateral;1;;;1;;;;;;;1;;1;;
28/08/2011;04:42:00;24;sem vítima;62,20000076293945;BR-101/RJ;Norte;Choque - Defensa, barreira ou "submarino";1;;;;;;;;;;1;;;;
31/08/2011;10:05:00;54;com vítima;62;BR-101/RJ;Norte;Colisão Lateral;1;;;1;;;;;;;3;1;1;;
11/09/2011;01:09:00;13;sem vítima;62;BR-101/RJ;Norte;Colisão Lateral;2;;;;;1;;;;;5;;;;
15/09/2011;07:21:00;33;sem vítima;62;BR-101/RJ;Sul;Colisão Traseira;;;2;;;;;;;;2;;;;
10/10/2011;12:13:00;92;sem vítima;62;BR-101/RJ;Norte;Colisão Lateral;2;;;;;;;;;;2;;;;
15/10/2011;20:04:00;165;sem vítima;62;BR-101/RJ;Sul;Colisão Traseira;2;;;;;;;;;;2;;;;
27/10/2011;11:34:00;81;sem vítima;62,5;BR-101/RJ;Norte;Saida de Pista;;;1;;;;;;;;1;;;;
09/11/2011;07:26:00;28;com vítima;62;BR-101/RJ;Norte;Atropelamento - Ciclista;;1;;1;;;;;;;0;2;;;
11/11/2011;11:02:00;70;sem vítima;62;BR-101/RJ;Norte;Colisão Traseira;2;;;;;;;;;;7;;;;
19/11/2011;20:08:00;116;com vítima;62;BR-101/RJ;Sul;Colisão Traseira;1;;;2;;;;;;;2;1;1;;1
05/12/2011;08:21:00;65;com vítima;62;BR-101/RJ;Norte;Atropelamento - Morador;1;;;1;;;;;;;2;;1;;
05/01/2012;12:21:00;106;sem vítima;62;BR-101/RJ;Norte;Colisão Traseira;2;;;;;1;;;;;3;;;;
24/01/2012;06:45:00;34;com vítima;62,1;BR-101/RJ;Sul;Colisão Transversal;;;;2;;;;;;;0;;2;;
23/02/2012;12:24:00;122;com vítima;62;BR-101/RJ;Sul;Colisão Transversal;1;;;1;;;;;;;1;1;1;;
10/03/2012;05:57:00;24;sem vítima;62;BR-101/RJ;Norte;Queda de Moto;;;;1;;;;;;;1;;;;
30/03/2012;21:09:00;188;com vítima;62;BR-101/RJ;Norte;Colisão Transversal;;;;1;;1;;;;;1;1;;;
07/04/2012;18:53:00;124;com vítima;62;BR-101/RJ;Norte;Queda de Moto;;;;1;;;;;;;0;1;;;
28/04/2012;11:12:00;69;com vítima;62;BR-101/RJ;Sul;Colisão Lateral;2;;;;;;;;;;0;3;;;