data;horario;n_da_ocorrencia;tipo_de_ocorrencia;km;trecho;sentido;tipo_de_acidente;automovel;bicicleta;caminhao;moto;onibus;outros;tracao_animal;transporte_de_cargas_especiais;trator_maquinas;utilitarios;ilesos;levemente_feridos;moderadamente_feridos;gravemente_feridos;mortos
03/05/2012;02:35:00;6;sem vítima;62;BR-101/RJ;Norte;Saida de Pista;1;;;;;;;;;;4;;;;
06/05/2012;04:07:00;12;sem vítima;62;BR-101/RJ;Sul;Saida de Pista;1;;;;;;;;;;1;;;;
14/05/2012;03:30:00;11;sem vítima;62;BR-101/RJ;Norte;Saida de Pista;1;;;;;;;;;;1;;;;
29/05/2012;08:15:00;44;sem vítima;62;BR-101/RJ;Sul;Colisão Traseira;1;;1;;;;;;;;2;;;;
02/06/2012;01:44:00;19;sem vítima;62;BR-101/RJ;Norte;Saida de Pista;;;;;;;;;;1;1;;;;
11/06/2012;19:41:00;173;sem vítima;62;BR-101/RJ;Norte;Colisão Traseira;1;;;;1;;;;;;6;;;;
12/06/2012;08:26:00;57;sem vítima;62;BR-101/RJ;Norte;Colisão Lateral;1;;1;;;;;;;;2;;;;
12/06/2012;13:50:00;139;com vítima;62;BR-101/RJ;Sul;Colisão Traseira;1;;;;;1;;;;;1;1;;;
16/06/2012;15:38:00;137;com vítima;62;BR-101/RJ;Norte;Queda de Moto;1;;;1;;;;;;;1;;1;;
11/07/2012;07:01:00;30;com vítima;62;BR-101/RJ;Sul;Colisão Lateral;;;;1;;;;;;1;1;;1;;
13/07/2012;21:42:00;193;sem vítima;62;BR-101/RJ;Norte;Colisão Traseira;1;;;;1;;;;;;3;;;;
17/07/2012;10:20:00;80;sem vítima;62;BR-101/RJ;Sul;Colisão Traseira;1;;;;;1;;;;;2;;;;
18/07/2012;08:01:00;40;sem vítima;62;BR-101/RJ;Sul;Colisão Frontal;1;;;;;1;;;;;2;;;;
19/07/2012;20:47:00;180;sem vítima;62;BR-101/RJ;Norte;Colisão Traseira;1;;;;;;;;;1;2;;;;
11/08/2012;04:49:00;26;sem vítima;62,225;BR-101/RJ;Sul;Choque - Outros;1;;;;;;;;;;2;;;;
03/09/2012;07:43:00;42;sem vítima;62,6;BR-101/RJ;Norte;Colisão Lateral;1;;;;1;;;;;;2;;;;
19/09/2012;03:05:00;15;com vítima;62,212;BR-101/RJ;Norte;Saida de Pista;1;;;;;;;;;;1;1;;;
20/09/2012;22:30:00;164;sem vítima;62;BR-101/RJ;Norte;Colisão Frontal;1;;;1;;;;;;;2;;;;
20/09/2012;22:44:00;166;sem vítima;62;BR-101/RJ;Norte;Engavetamento;3;;;;;;;;;;3;;;;
10/10/2012;16:21:00;205;sem vítima;62;BR-101/RJ;Norte;Colisão Lateral;1;;1;;;;;;;;2;;;;
20/10/2012;17:02:00;160;sem vítima;62;BR-101/RJ;Norte;Colisão Lateral;2;;;;;;;;;;2;;;;
31/10/2012;10:17:00;86;sem vítima;62,2;BR-101/RJ;Norte;Colisão Traseira;2;;;;;;;;;;2;;;;
08/11/2012;17:42:00;126;sem vítima;62;BR-101/RJ;Sul;Colisão Traseira;2;;;;;;;;;;4;;;;
14/11/2012;10:40:00;96;sem vítima;62;BR-101/RJ;Norte;Colisão Traseira;;;2;;;;;;;;2;;;;
27/11/2012;08:56:00;48;sem vítima;62;BR-101/RJ;Norte;Colisão Lateral;1;;;1;;;;;;;2;;;;
01/02/2013;05:52:00;29;sem vítima;62,2;BR-101/RJ;Sul;Saida de Pista;1;;;;;;;;;;1;;;;
08/02/2013;15:13:00;176;sem vítima;62;BR-101/RJ;Norte;Colisão Traseira;1;;;;;1;;;;;2;;;;
23/02/2013;15:38:00;142;sem vítima;62;BR-101/RJ;Norte;Engavetamento;3;;;;;;;;;;7;;;;
01/03/2013;17:31:00;137;sem vítima;62;BR-101/RJ;Sul;Engavetamento;2;;;;;;;;;1;8;;;;
02/03/2013;17:19:00;143;com vítima;62;BR-101/RJ;Norte;Outros;;1;;;1;;;;;;1;1;;;
04/03/2013;02:34:00;10;com vítima;62;BR-101/RJ;Norte;Queda de Moto;;;;1;;;;;;;0;1;;;
06/03/2013;17:51:00;188;sem vítima;62;BR-101/RJ;Norte;Colisão Transversal;2;;;;1;;;;;;4;;;;
08/03/2013;19:06:00;172;com vítima;62;BR-101/RJ;Norte;Colisão Lateral;1;;;1;;;;;;;1;1;;;
12/03/2013;17:16:00;144;com vítima;62;BR-101/RJ;Sul;Colisão Frontal;;;;2;;;;;;;1;2;;;
12/03/2013;10:13:00;78;com vítima;62,375;BR-101/RJ;Sul;Engavetamento;1;;;;1;;;;;2;3;;1;;
27/03/2013;21:59:00;189;sem vítima;62;BR-101/RJ;Norte;Colisão Lateral;1;;;;;;;;;;2;;;;
19/04/2013;23:20:00;216;sem vítima;62,5;BR-101/RJ;Norte;Saida de Pista;1;;;;;;;;;;1;;;;
03/05/2013;19:04:00;164;com vítima;62;BR-101/RJ;Sul;Colisão Transversal;1;;;1;;;;;;;1;;2;;
12/05/2013;14:19:00;82;com vítima;62;BR-101/RJ;Norte;Colisão Lateral;1;;;1;;;;;;;1;1;;;
16/05/2013;18:35:00;132;sem vítima;62;BR-101/RJ;Sul;Colisão Transversal;1;;;1;1;;;;;;5;;;;
18/05/2013;06:40:00;39;sem vítima;62;BR-101/RJ;Sul;Saida de Pista;1;;;;;;;;;;1;;;;
23/06/2013;18:54:00;114;com vítima;62;BR-101/RJ;Sul;Colisão Frontal;2;;;;;;;;;;2;1;;;
13/07/2013;15:20:00;135;sem vítima;62,8;BR-101/RJ;Norte;Colisão Traseira;1;;;;1;;;;;;4;;;;
24/07/2013;00:08:00;2;sem vítima;62,94;BR-101/RJ;Norte;Colisão Lateral;2;;;;;;;;;;6;;;;
19/08/2013;12:45:00;109;sem vítima;62;BR-101/RJ;Norte;Engavetamento;2;;;;;1;;;;;5;;;;
04/10/2013;08:22:00;50;sem vítima;62,4;BR-101/RJ;Norte;Colisão Traseira;1;;1;;;;;;;;3;;;;
17/10/2013;16:41:00;130;com vítima;62,067;BR-101/RJ;Norte;Atropelamento - Andarilho;;;1;;;;;;;;1;;;1;
19/11/2013;15:42:00;132;sem vítima;62;BR-101/RJ;Norte;Engavetamento;2;;;;;;;;;1;4;;;;
23/11/2013;03:19:00;19;sem vítima;62;BR-101/RJ;Norte;Saida de Pista;1;;;;;;;;;;1;;;;
23/11/2013;19:27:00;170;com vítima;62,591;BR-101/RJ;Norte;Colisão Lateral;1;;1;;;;;;;;1;;1;;
13/12/2013;02:13:00;10;com vítima;62,207;BR-101/RJ;Norte;Queda de Moto;;;;1;;;;;;;0;;2;;
22/12/2013;08:13:00;57;sem vítima;62,217;BR-101/RJ;Norte;Colisão Traseira;2;;;;;;;;;;6;;;;
17/01/2014;15:13:00;117;com vítima;62,127;BR-101/RJ;Norte;Atropelamento - Andarilho;;;;1;;;;;;;2;;1;;
17/01/2014;19:58:00;162;sem vítima;62,954;BR-101/RJ;Norte;Saida de Pista;1;;;;;;;;;;4;;;;
30/01/2014;21:16:00;221;com vítima;62;BR-101/RJ;Sul;Atropelamento - Morador;;;;;;1;;;;;1;;1;;
27/02/2014;22:31:00;254;com vítima;62,18;BR-101/RJ;Sul;Colisão Frontal;;;;2;;;;;;;0;;2;;
01/05/2014;04:33:00;24;sem vítima;62;BR-101/RJ;Norte;Saida de Pista;1;;;;;;;;;;1;;;;
21/05/2014;10:16:00;59;sem vítima;62;BR-101/RJ;Norte;Colisão Traseira;2;;;;;;;;;;8;;;;
17/06/2014;22:34:00;174;com vítima;62,9;BR-101/RJ;Norte;Colisão Lateral;2;;;;;;;;;;1;1;2;;
04/07/2014;16:30:00;124;sem vítima;62;BR-101/RJ;Norte;Engavetamento;1;;;;;3;;;;;4;;;;
09/07/2014;18:27:00;151;com vítima;62;BR-101/RJ;Norte;Colisão Lateral;;;;1;;1;;;;;1;2;;;
16/07/2014;19:05:00;152;sem vítima;62;BR-101/RJ;Sul;Engavetamento;3;;;;;2;;;;;5;;;;
11/08/2014;09:12:00;55;sem vítima;62;BR-101/RJ;Norte;Colisão Traseira;2;;;;;;;;;;2;;;;
13/08/2014;18:49:00;141;sem vítima;62;BR-101/RJ;Norte;Engavetamento;2;;;;;;;;;1;6;;;;
15/08/2014;07:36:00;34;sem vítima;62;BR-101/RJ;Sul;Colisão Traseira;3;;;;;;;;;;3;;;;
27/08/2014;02:52:00;10;com vítima;62;BR-101/RJ;Sul;Choque - Defensa, barreira ou "submarino";1;;;;;;;;;;0;1;;;
05/09/2014;20:05:00;178;sem vítima;62;BR-101/RJ;Norte;Engavetamento;2;;;;;;;;;1;3;;;;
13/09/2014;20:33:00;150;sem vítima;62,9;BR-101/RJ;Norte;Colisão Transversal;1;;1;;;;;;;;2;;;;
22/09/2014;17:21:00;121;com vítima;62,112;BR-101/RJ;Norte;Colisão Traseira;1;;;1;;;;;;;1;1;;;
30/09/2014;20:05:00;158;sem vítima;62,6;BR-101/RJ;Sul;Colisão Traseira;2;;;;;;;;;;2;;;;
10/10/2014;04:05:00;17;sem vítima;62;BR-101/RJ;Sul;Choque - Outros;1;;;;;;;;;;1;;;;
27/10/2014;01:20:00;10;com vítima;62;BR-101/RJ;Sul;Choque - Poste;1;;;;;;;;;;1;1;;;
14/11/2014;21:11:00;210;sem vítima;62;BR-101/RJ;Sul;Colisão Traseira;2;;;;;;;;;;2;;;;
18/11/2014;11:07:00;80;com vítima;62;BR-101/RJ;Sul;Colisão Lateral;1;;;1;;;;;;;1;2;;;
23/12/2014;09:07:00;59;com vítima;62;BR-101/RJ;Norte;Colisão Traseira;;;;1;;1;;;;;1;1;;;
16/01/2015;17:29:00;142;com vítima;62;BR-101/RJ;Norte;Engavetamento;3;;;;;1;;;;;10;1;;;
17/01/2015;14:02:00;113;sem vítima;62;BR-101/RJ;Sul;Engavetamento;3;;;;;;;;;;7;;;;
24/01/2015;20:45:00;141;com vítima;62,2;BR-101/RJ;Sul;Atropelamento - Ciclista;;1;;1;;;;;;;0;1;;1;1
12/03/2015;10:09:00;75;com vítima;62;BR-101/RJ;Sul;Choque - Poste;;;1;;;;;;;;0;2;0;0;0
18/04/2015;02:40:00;11;com vítima;62;BR-101/RJ;Norte;Choque - Poste;1;;;;;;;;;;0;;3;;
19/04/2015;03:05:00;14;sem vítima;62,1;BR-101/RJ;Norte;Choque - Poste;1;;;;;;;;;;2;;;;
13/07/2015;02:35:00;15;com vítima;62,3;BR-101/RJ;Norte;Saida de Pista;1;;;;;;;;;;0;1;;;
16/07/2015;09:21:00;86;com vítima;62;BR-101/RJ;Norte;Atropelamento - Morador;1;;;;;;;;;;1;4;;;
09/08/2015;19:49:00;143;com vítima;62,58;BR-101/RJ;Norte;Engavetamento;4;;;;;;;;;;9;1;;;
13/08/2015;18:37:00;156;com vítima;62;BR-101/RJ;Norte;Colisão Traseira;;1;;1;;;;;;;0;2;;;
16/09/2015;17:49:00;200;sem vítima;62,626;BR-101/RJ;Sul;Tombamento;;;1;;;;;;;;2;;;;
01/10/2015;10:06:00;78;com vítima;62,095;BR-101/RJ;Sul;Atropelamento - Morador;;;;1;;;;;;;0;2;1;;
10/10/2015;23:30:00;282;com vítima;62;BR-101/RJ;Norte;Colisão Traseira;1;;1;;;;;;;;1;1;;;
19/10/2015;16:53:00;121;com vítima;62;BR-101/RJ;Norte;Colisão Traseira;1;;1;;;;;;;;1;1;1;;
23/10/2015;10:33:00;80;com vítima;62,42;BR-101/RJ;Sul;Queda de Moto;;;;1;;;;;;;0;1;;;
28/10/2015;23:40:00;189;sem vítima;62;BR-101/RJ;Norte;Choque - Outros;1;;;;;;;;;;2;;;;
05/11/2015;18:30:00;188;sem vítima;62,32;BR-101/RJ;Norte;Engavetamento;2;;;;;1;;;;;3;;;;
17/12/2015;16:39:00;205;sem vítima;62;BR-101/RJ;Norte;Engavetamento;3;;;;;;;;;;6;;;;
19/12/2015;23:21:00;275;com vítima;62;BR-101/RJ;Norte;Colisão Transversal;;;;2;;;;;;;0;2;;1;
23/01/2010;04:04:00;15;sem vítima;63;BR-101/RJ;Sul;Colisão Lateral;1;;1;;;;;;;;2;;;;
23/01/2010;23:25:00;217;sem vítima;63;BR-101/RJ;Sul;Colisão Traseira;1;;;;1;;;;;;4;;;;
01/02/2010;20:10:00;202;sem vítima;63;BR-101/RJ;Norte;Engavetamento;3;;;;;;;;;;3;;;;
12/02/2010;18:53:00;238;com vítima;63;BR-101/RJ;Norte;Engavetamento;1;;2;;;;;;;;3;2;1;;
27/02/2010;11:40:00;76;sem vítima;63;BR-101/RJ;Norte;Colisão Lateral;1;;1;;;;;;;;2;;;;
19/03/2010;15:40:00;149;sem vítima;63;BR-101/RJ;Sul;Colisão Traseira;2;;;;;;;;;;3;;;;
17/04/2010;09:00:00;41;sem vítima;63;BR-101/RJ;Sul;Colisão Lateral;1;;1;;;;;;;;3;;;;
17/04/2010;09:14:00;44;com vítima;63;BR-101/RJ;Norte;Queda de Moto;;;;1;;;;;;;0;1;;;
24/04/2010;16:25:00;103;com vítima;63;BR-101/RJ;Norte;Saida de Pista;1;;;;;;;;;;0;;2;;
30/04/2010;18:52:00;140;com vítima;63;BR-101/RJ;Norte;Colisão Frontal;;;;2;;;;;;;1;;1;;
16/06/2010;17:30:00;134;sem vítima;63;BR-101/RJ;Norte;Colisão Traseira;1;;;;1;;;;;;6;;;;
17/06/2010;19:46:00;156;sem vítima;63;BR-101/RJ;Sul;Colisão Traseira;2;;;;;;;;;;2;;;;
28/06/2010;15:25:00;116;sem vítima;63;BR-101/RJ;Sul;Colisão Lateral;1;;1;;;;;;;;2;;;;
24/07/2010;22:33:00;219;sem vítima;63;BR-101/RJ;Norte;Colisão Traseira;2;;;;;;;;;;2;;;;
06/08/2010;03:48:00;12;sem vítima;63;BR-101/RJ;Norte;Saida de Pista;1;;;;;;;;;;3;;;;
28/08/2010;04:40:00;18;com vítima;63;BR-101/RJ;Norte;Colisão Lateral;2;;;;;;;;;;5;1;;;
29/08/2010;04:17:00;14;sem vítima;63;BR-101/RJ;Sul;Saida de Pista;1;;;;;;;;;;2;;;;
07/09/2010;03:34:00;15;sem vítima;63;BR-101/RJ;Sul;Choque - Outros;1;;;;;;;;;;1;;;;
12/09/2010;03:19:00;18;sem vítima;63;BR-101/RJ;Norte;Saida de Pista;1;;;;;;;;;;1;;;;
03/10/2010;03:05:00;10;sem vítima;63;BR-101/RJ;Norte;Colisão Transversal;2;;;;;;;;;;2;;;;
09/10/2010;01:35:00;15;sem vítima;63;BR-101/RJ;Sul;Choque - Poste;1;;;;;;;;;;1;;;;
26/10/2010;22:53:00;190;sem vítima;63;BR-101/RJ;Norte;Objeto lançado contra veículo;3;;1;;;;;;;;7;;;;
10/11/2010;21:26:00;166;com vítima;63;BR-101/RJ;Norte;Engavetamento;1;;;;1;2;;;;;31;2;;;
20/11/2010;21:58:00;207;sem vítima;63;BR-101/RJ;Norte;Colisão Lateral;1;;;1;;;;;;;3;;;;
21/11/2010;04:23:00;17;com vítima;63;BR-101/RJ;Norte;Colisão Lateral;3;;;1;;;;;;;4;1;;;
28/11/2010;00:06:00;1;sem vítima;63;BR-101/RJ;Norte;Colisão Frontal;2;;;;;;;;;;3;;;;
03/12/2010;06:00:00;17;sem vítima;63;BR-101/RJ;Norte;Capotamento;1;;;;;;;;;;1;;;;
19/12/2010;06:34:00;46;sem vítima;63;BR-101/RJ;Norte;Choque - Defensa, barreira ou "submarino";1;;;;;;;;;;4;;;;
03/01/2011;10:51:00;129;sem vítima;63;BR-101/RJ;Norte;Colisão Traseira;2;;;;;;;;;;2;;;;
31/01/2011;00:03:00;2;com vítima;63;BR-101/RJ;Sul;Colisão Frontal;2;;;;;;;;;;1;1;;;
04/03/2011;09:36:00;91;sem vítima;66;BR-101/RJ;Norte;Colisão Lateral;1;;1;;;;;;;;2;;;;
04/03/2011;10:02:00;99;sem vítima;298;BR-101/RJ;Norte;Colisão Traseira;;;2;;;;;;;;2;;;;
08/06/2011;14:47:00;109;sem vítima;63;BR-101/RJ;Norte;Engavetamento;2;;;;;1;;;;;6;;;;
14/06/2011;21:55:00;152;sem vítima;63;BR-101/RJ;Norte;Colisão Traseira;1;;;;;;;;;1;3;;;;
02/08/2011;09:31:00;74;sem vítima;63;BR-101/RJ;Norte;Colisão Lateral;2;;;;;;;;;;2;;;;
24/08/2011;16:53:00;121;sem vítima;63;BR-101/RJ;Sul;Colisão Traseira;2;;;;;;;;;;2;;;;
27/08/2011;12:34:00;80;sem vítima;63;BR-101/RJ;Norte;Outros - Sequência;1;;1;;;;;;;;2;;;;
06/09/2011;14:12:00;84;sem vítima;63;BR-101/RJ;Norte;Colisão Traseira;2;;;;;;;;;;2;;;;
10/09/2011;11:28:00;76;sem vítima;63;BR-101/RJ;Sul;Colisão Lateral;1;;1;;;;;;;;2;;;;
30/10/2011;09:54:00;39;sem vítima;63;BR-101/RJ;Sul;Colisão Traseira;;;2;;;;;;;;2;;;;
24/11/2011;23:26:00;175;sem vítima;63;BR-101/RJ;Norte;Choque - Arvore;1;;;;;;;;;;1;;;;
29/11/2011;10:21:00;74;sem vítima;63;BR-101/RJ;Norte;Colisão Lateral;2;;;;;;;;;;2;;;;
12/12/2011;07:43:00;37;sem vítima;63;BR-101/RJ;Norte;Engavetamento;3;;;;;;;;;;4;;;;
23/12/2011;16:04:00;156;com vítima;63;BR-101/RJ;Sul;Colisão Lateral;1;1;;;;;;;;;2;;1;;
12/02/2012;13:21:00;78;sem vítima;63;BR-101/RJ;Norte;Colisão Lateral;1;;;1;;;;;;;2;;;;
17/02/2012;22:54:00;247;sem vítima;63;BR-101/RJ;Norte;Colisão Traseira;2;;;;;;;;;;3;;;;
13/03/2012;17:27:00;156;com vítima;63;BR-101/RJ;Sul;Colisão Lateral;;;1;1;;;;;;;1;;1;;
02/04/2012;19:33:00;173;sem vítima;63;BR-101/RJ;Norte;Colisão Lateral;1;;1;;;;;;;;2;;;;
10/04/2012;22:41:00;178;sem vítima;63;BR-101/RJ;Norte;Queda de Moto;;;;1;;;;;;;1;;;;
21/04/2012;05:43:00;22;sem vítima;63;BR-101/RJ;Norte;Choque - Defensa, barreira ou "submarino";1;;;;;;;;;;1;;;;
27/05/2012;16:56:00;118;sem vítima;63;BR-101/RJ;Norte;Colisão Traseira;1;;1;;;;;;;;2;;;;
07/06/2012;21:30:00;170;sem vítima;63,8;BR-101/RJ;Norte;Colisão Traseira;2;;;;;;;;;;3;;;;
12/06/2012;09:32:00;82;sem vítima;63;BR-101/RJ;Sul;Engavetamento;1;;2;;;;;;;;3;;;;
22/06/2012;15:44:00;103;sem vítima;63;BR-101/RJ;Norte;Colisão Lateral;1;;1;;;;;;;;2;;;;
29/06/2012;08:36:00;44;com vítima;63;BR-101/RJ;Sul;Outros - Sequência;1;1;;;;;;;;;5;2;;;
10/08/2012;13:55:00;117;sem vítima;63;BR-101/RJ;Norte;Colisão Lateral;;;;;;;;;;2;2;;;;
20/08/2012;13:32:00;106;sem vítima;63;BR-101/RJ;Norte;Colisão Lateral;1;;1;;;;;;;;4;;;;
04/09/2012;07:19:00;34;sem vítima;63;BR-101/RJ;Norte;Colisão Lateral;;;1;;1;;;;;;2;;;;
20/09/2012;19:11:00;135;com vítima;63;BR-101/RJ;Norte;Colisão Transversal;3;;;;;;;;;;3;2;;;
22/10/2012;15:16:00;126;sem vítima;63;BR-101/RJ;Sul;Colisão Traseira;1;;1;;;;;;;;2;;;;
15/11/2012;10:35:00;63;sem vítima;63;BR-101/RJ;Norte;Colisão Lateral;1;;1;;;;;;;;2;;;;
17/11/2012;05:43:00;14;com vítima;63;BR-101/RJ;Norte;Colisão Frontal;1;;;1;;;;;;;1;1;;;
10/12/2012;18:00:00;190;sem vítima;63;BR-101/RJ;Sul;Colisão Lateral;1;;1;;;;;;;;3;;;;
22/12/2012;02:23:00;22;com vítima;63;BR-101/RJ;Norte;Colisão Lateral;2;;;;;;;;;;5;1;;;
29/12/2012;09:50:00;76;sem vítima;63;BR-101/RJ;Norte;Colisão Traseira;2;;;;;;;;;;2;;;;
01/02/2013;11:45:00;102;sem vítima;63;BR-101/RJ;Norte;Colisão Lateral;1;;;1;;;;;;;2;;;;
01/02/2013;13:28:00;116;sem vítima;63;BR-101/RJ;Norte;Colisão Lateral;1;;1;;;;;;;;4;;;;
10/02/2013;16:27:00;167;sem vítima;63;BR-101/RJ;Norte;Colisão Traseira;1;;;;;1;;;;;2;;;;
16/02/2013;13:35:00;129;sem vítima;63;BR-101/RJ;Norte;Colisão Traseira;1;;;;;1;;;;;2;;;;
01/03/2013;19:11:00;156;com vítima;63;BR-101/RJ;Norte;Saida de Pista;1;;;;;;;;;;2;1;;;
02/03/2013;12:43:00;100;sem vítima;63;BR-101/RJ;Norte;Engavetamento;2;;1;1;;;;;;;4;;;;
25/03/2013;22:30:00;190;sem vítima;63;BR-101/RJ;Norte;Saida de Pista;1;;;;;;;;;;2;;;;
02/04/2013;23:01:00;178;sem vítima;63;BR-101/RJ;Sul;Colisão Lateral;1;;;;;;;;;;1;;;;
24/04/2013;20:15:00;177;sem vítima;63;BR-101/RJ;Norte;Colisão Traseira;;;1;;1;;;;;;2;;;;
25/04/2013;08:34:00;52;com vítima;63;BR-101/RJ;Norte;Atropelamento - Morador;1;;;;;;;;;;1;;1;;
23/05/2013;03:21:00;11;com vítima;63;BR-101/RJ;Norte;Colisão Lateral;1;;1;;;;;;;;1;1;;;
25/05/2013;09:56:00;59;sem vítima;63;BR-101/RJ;Norte;Colisão Lateral;1;;1;;;;;;;;6;;;;
09/08/2013;07:40:00;26;sem vítima;63;BR-101/RJ;Norte;Colisão Lateral;2;;;;;;;;;;2;;;;
20/08/2013;16:03:00;122;com vítima;63,6;BR-101/RJ;Norte;Choque - Arvore;1;;;;;;;;;;0;1;;;
31/08/2013;01:45:00;15;com vítima;63,317;BR-101/RJ;Norte;Colisão Transversal;1;;;;;;;;;1;0;1;1;;
13/11/2013;12:58:00;95;sem vítima;63;BR-101/RJ;Norte;Engavetamento;1;;1;;1;;;;;;3;;;;
26/11/2013;08:10:00;50;com vítima;63,215;BR-101/RJ;Sul;Colisão Traseira;1;;1;;;;;;;;1;1;;;
01/12/2013;22:59:00;208;sem vítima;63;BR-101/RJ;Norte;Saida de Pista;1;;;;;;;;;;1;;;;
16/12/2013;21:19:00;221;sem vítima;63;BR-101/RJ;Norte;Saida de Pista;1;;;;;;;;;;1;;;;
17/12/2013;12:04:00;92;com vítima;63;BR-101/RJ;Norte;Colisão Transversal;;;;2;;;;;;;0;2;;;
12/02/2014;15:39:00;130;com vítima;63,336;BR-101/RJ;Norte;Colisão Lateral;;;1;;;;;;;1;1;7;1;;
24/02/2014;06:45:00;33;sem vítima;63;BR-101/RJ;Norte;Outros - Sequência;2;;1;;;;;;;;4;;;;
25/03/2014;10:44:00;75;sem vítima;63;BR-101/RJ;Norte;Colisão Frontal;2;;;;;;;;;;3;;;;
21/05/2014;07:03:00;24;sem vítima;63;BR-101/RJ;Norte;Colisão Lateral;1;;1;;;;;;;;6;;;;
11/07/2014;11:25:00;83;sem vítima;63;BR-101/RJ;Norte;Colisão Traseira;1;;1;;;;;;;;3;;;;
18/07/2014;11:04:00;89;com vítima;63;BR-101/RJ;Norte;Colisão Lateral;1;;1;;;;;;;;3;;1;;
10/08/2014;03:46:00;15;sem vítima;63;BR-101/RJ;Norte;Saida de Pista;1;;;;;;;;;;1;;;;
01/09/2014;15:16:00;117;sem vítima;63;BR-101/RJ;Norte;Colisão Lateral;1;;1;;;;;;;;3;;;;
05/09/2014;05:15:00;17;sem vítima;63;BR-101/RJ;Sul;Choque - Poste;1;;;;;;;;;;1;;;;
24/09/2014;16:53:00;129;sem vítima;63;BR-101/RJ;Norte;Colisão Lateral;1;;1;;;;;;;;2;;;;
10/10/2014;09:46:00;71;sem vítima;63;BR-101/RJ;Sul;Engavetamento;2;;1;;;;;;;;3;;;;
12/10/2014;00:20:00;3;sem vítima;63;BR-101/RJ;Sul;Colisão Lateral;2;;;;;;;;;;3;;;;
25/10/2014;16:31:00;112;com vítima;63;BR-101/RJ;Norte;Colisão Transversal;1;;;1;;;;;;;1;;1;;
09/11/2014;12:46:00;64;sem vítima;63;BR-101/RJ;Norte;Colisão Traseira;2;;;;;;;;;;2;;;;
10/11/2014;10:07:00;79;com vítima;63;BR-101/RJ;Sul;Colisão Lateral;1;;;;;;;;;1;0;2;;;
04/12/2014;07:36:00;33;sem vítima;63;BR-101/RJ;Norte;Colisão Lateral;1;;1;;;;;;;;2;;;;
17/01/2015;01:25:00;13;sem vítima;63;BR-101/RJ;Norte;Colisão Transversal;2;;;;;;;;;;2;;;;
20/02/2015;10:39:00;76;sem vítima;63;BR-101/RJ;Sul;Colisão Traseira;1;;1;;;;;;;;2;0;0;0;0
09/05/2015;05:11:00;29;com vítima;63;BR-101/RJ;Sul;Queda de Moto;;;;1;;;;;;;0;1;1;;
20/05/2015;13:26:00;124;sem vítima;63;BR-101/RJ;Sul;Colisão Transversal;1;;;;;;;;;1;3;;;;
16/06/2015;15:35:00;120;sem vítima;63,9;BR-101/RJ;Norte;Colisão Lateral;1;;1;;;;;;;;4;;;;
30/06/2015;17:45:00;186;com vítima;63;BR-101/RJ;Sul;Atropelamento - Sem Informação;;;;;;1;;;;;1;;;1;
23/07/2015;20:06:00;200;sem vítima;63;BR-101/RJ;Norte;Choque - Elemento de Drenagem;1;;;;;;;;;;3;;;;
07/08/2015;16:09:00;166;sem vítima;63;BR-101/RJ;Norte;Colisão Traseira;2;;;;;;;;;;3;;;;
13/09/2015;21:14:00;162;sem vítima;63;BR-101/RJ;Norte;Choque - Outros;1;;;;;;;;;;1;;;;
20/09/2015;20:46:00;209;sem vítima;63,519;BR-101/RJ;Sul;Colisão Lateral;1;;1;;;;;;;;4;;;;
22/09/2015;09:38:00;80;sem vítima;63,95;BR-101/RJ;Sul;Engavetamento;3;;;;;;;;;;3;;;;
07/10/2015;20:15:00;161;sem vítima;63,437;BR-101/RJ;Norte;Colisão Lateral;1;;1;;;;;;;;3;;;;
16/10/2015;10:13:00;104;sem vítima;63,03;BR-101/RJ;Norte;Engavetamento;2;;;;;2;;;;;7;;;;
16/10/2015;09:43:00;94;sem vítima;63,1;BR-101/RJ;Norte;Colisão Lateral;1;;1;;;;;;;;3;;;;
11/11/2015;19:56:00;211;sem vítima;63;BR-101/RJ;Sul;Colisão Lateral;1;;1;;;;;;;;3;;;;
23/11/2015;19:32:00;199;sem vítima;63;BR-101/RJ;Sul;Colisão Transversal;1;;1;;;;;;;;2;;;;
05/12/2015;04:51:00;22;com vítima;63;BR-101/RJ;Norte;Choque - Outros;;;;1;;;;;;;0;1;;;
06/12/2015;23:04:00;183;sem vítima;63;BR-101/RJ;Sul;Colisão Traseira;2;;;;;;;;;;3;;;;
13/12/2015;10:22:00;93;sem vítima;63;BR-101/RJ;Sul;Colisão Traseira;2;;;;;;;;;;4;;;;
17/03/2010;12:56:00;87;sem vítima;64;BR-101/RJ;Norte;Colisão Lateral;;;;;;;;;;2;4;;;;
25/04/2010;08:23:00;31;sem vítima;64;BR-101/RJ;Norte;Outros - Sequência;2;;;;;;;;;1;9;;;;
14/07/2010;14:33:00;95;com vítima;64;BR-101/RJ;Sul;Colisão Lateral;1;;;1;;;;;;;1;1;;;
19/09/2010;22:48:00;163;sem vítima;64;BR-101/RJ;Norte;Colisão Traseira;2;;;;;;;;;;2;;;;
09/10/2010;21:40:00;207;com vítima;64;BR-101/RJ;Norte;Colisão Lateral;;;;1;;1;;;;;1;1;;;
09/11/2010;21:34:00;184;com vítima;64;BR-101/RJ;Sul;Colisão Transversal;2;;;;;;;;;;0;4;;;
01/02/2011;18:02:00;171;com vítima;64;BR-101/RJ;Norte;Colisão Lateral;1;;;1;;;;;;;1;1;;;
12/02/2011;16:50:00;146;com vítima;64;BR-101/RJ;Norte;Colisão Traseira;;;;;;2;;;;;1;;1;;
04/03/2011;13:56:00;141;com vítima;59;BR-101/RJ;Norte;Colisão Traseira;1;;;;1;;;;;;1;;1;;
23/05/2011;17:31:00;161;com vítima;64;BR-101/RJ;Norte;Colisão Traseira;;;1;1;;;;;;;1;;1;;
25/05/2011;13:31:00;99;com vítima;64;BR-101/RJ;Norte;Colisão Lateral;2;;;;;;;;;;1;2;;;