data;horario;n_da_ocorrencia;tipo_de_ocorrencia;km;trecho;sentido;tipo_de_acidente;automovel;bicicleta;caminhao;moto;onibus;outros;tracao_animal;transporte_de_cargas_especiais;trator_maquinas;utilitarios;ilesos;levemente_feridos;moderadamente_feridos;gravemente_feridos;mortos
09/08/2010;17:16:00;142;sem vítima;83;BR-101/RJ;Norte;Choque - Poste;;;1;;;;;;;;2;;;;
15/08/2010;15:01:00;99;sem vítima;83;BR-101/RJ;Norte;Tombamento;1;;1;;;;;;;;3;;;;
17/08/2010;06:59:00;29;sem vítima;83;BR-101/RJ;Norte;Colisão Lateral;;;2;;;1;;;;;3;;;;
20/08/2010;21:25:00;187;sem vítima;83;BR-101/RJ;Norte;Engavetamento;4;;;;;;;;;;5;;;;
07/09/2010;16:18:00;129;sem vítima;83;BR-101/RJ;Sul;Colisão Lateral;1;;;;;1;;;;;2;;;;
26/09/2010;04:42:00;17;sem vítima;83;BR-101/RJ;Norte;Choque - Suporte de Sinalização;;;;;;;;;;1;2;;;;
08/10/2010;07:20:00;34;sem vítima;83;BR-101/RJ;Sul;Saida de Pista;;;;;;;;;;1;3;;;;
27/12/2010;14:09:00;114;com vítima;83;BR-101/RJ;Norte;Colisão Lateral;2;;;;;;;;;;5;1;;;
31/12/2010;09:22:00;94;sem vítima;83;BR-101/RJ;Sul;Colisão Lateral;1;;;;;1;;;;;4;;;;
05/03/2011;07:33:00;95;sem vítima;303;BR-101/RJ;Sul;Saida de Pista;1;;;;;;;;;;1;;;;
06/10/2011;02:39:00;17;com vítima;83;BR-101/RJ;Sul;Saida de Pista;1;;;;;;;;;;0;1;;;
04/12/2011;20:05:00;145;com vítima;83;BR-101/RJ;Sul;Atropelamento - Andarilho;;;;;;1;;;;;1;;;1;
06/12/2011;22:04:00;217;sem vítima;83,5;BR-101/RJ;Norte;Queda de Moto;;;;1;;;;;;;1;;;;
24/12/2011;11:42:00;93;com vítima;83;BR-101/RJ;Sul;Queda de Moto;;;;1;;;;;;;0;1;;;
31/12/2011;04:44:00;22;com vítima;83;BR-101/RJ;Norte;Queda de Moto;;;;1;;;;;;;0;;;1;
31/12/2011;23:09:00;164;sem vítima;83;BR-101/RJ;Norte;Saida de Pista;1;;;;;;;;;;1;;;;
19/03/2012;08:08:00;37;sem vítima;83,9;BR-101/RJ;Norte;Choque - Arvore;;;;;;;;;;1;1;;;;
10/05/2012;03:00:00;14;sem vítima;83,5;BR-101/RJ;Norte;Atropelamento de Animal;;;1;;;;;;;;1;;;;
06/06/2012;01:12:00;4;com vítima;83;BR-101/RJ;Sul;Colisão Lateral;1;;2;;;;;;;;2;1;;;
15/06/2012;11:56:00;96;sem vítima;83,6;BR-101/RJ;Sul;Saida de Pista;1;;;;;;;;;;1;;;;
30/07/2012;07:39:00;43;sem vítima;83,05;BR-101/RJ;Sul;Colisão Traseira;2;;;;;;;;;;6;;;;
09/08/2012;12:28:00;79;com vítima;83,7;BR-101/RJ;Norte;Tombamento;;;1;;;;;;;;0;;1;;
21/08/2012;17:02:00;132;com vítima;83,837;BR-101/RJ;Norte;Colisão Lateral;;;1;1;;;;;;;1;2;;;
26/08/2012;18:13:00;128;com vítima;83,697;BR-101/RJ;Sul;Saida de Pista;1;;;;;;;;;;0;2;;;
27/08/2012;23:05:00;180;sem vítima;83;BR-101/RJ;Sul;Saida de Pista;1;;;;;;;;;;1;;;;
25/11/2012;23:41:00;181;sem vítima;83,757;BR-101/RJ;Norte;Saida de Pista;1;;;;;;;;;;4;;;;
27/01/2013;09:54:00;62;com vítima;83,787;BR-101/RJ;Norte;Tombamento;;;1;;;;;;;;0;1;;;
02/06/2013;23:55:00;210;sem vítima;83,553;BR-101/RJ;Sul;Saida de Pista;1;;;;;;;;;;1;;;;
17/06/2013;21:29:00;156;sem vítima;83,451;BR-101/RJ;Sul;Saida de Pista;1;;;;;;;;;;2;;;;
02/07/2013;11:02:00;55;com vítima;83;BR-101/RJ;Norte;Saida de Pista;1;;;;;;;;;;0;2;;;
26/07/2013;08:13:00;52;com vítima;83,455;BR-101/RJ;Norte;Choque - Poste;1;;;;;;;;;;0;3;;;
30/08/2013;07:50:00;30;com vítima;83,4;BR-101/RJ;Norte;Saida de Pista;;;1;;;;;;;;0;1;;;
04/09/2013;11:51:00;75;com vítima;83;BR-101/RJ;Norte;Colisão Frontal;2;;;;;;;;;;3;1;;;
04/09/2013;16:49:00;119;com vítima;83,8;BR-101/RJ;Sul;Saida de Pista;;;;;;;;;;1;0;;1;1;
16/09/2013;19:43:00;193;com vítima;83,744;BR-101/RJ;Norte;Tombamento;;;1;;;;;;;;0;;1;;
22/09/2013;18:58:00;144;com vítima;83,534;BR-101/RJ;Norte;Colisão Traseira;;;;1;;1;;;;;1;;;1;
01/10/2013;06:38:00;21;sem vítima;83,501;BR-101/RJ;Sul;Capotamento;1;;;;;;;;;;1;;;;
09/03/2014;02:26:00;21;sem vítima;83;BR-101/RJ;Norte;Saida de Pista;1;;;;;;;;;;6;;;;
09/05/2014;23:23:00;195;sem vítima;83,49;BR-101/RJ;Norte;Saida de Pista;1;;;;;;;;;;5;;;;
02/06/2014;06:26:00;25;sem vítima;83;BR-101/RJ;Norte;Saida de Pista;1;;;;;;;;;;1;;;;
13/06/2014;10:07:00;74;sem vítima;83;BR-101/RJ;Norte;Capotamento;1;;;;;;;;;;1;;;;
03/07/2014;10:55:00;77;com vítima;83,6;BR-101/RJ;Norte;Saida de Pista;;;1;;;;;;;;0;1;;;
03/07/2014;13:36:00;105;sem vítima;83,6;BR-101/RJ;Norte;Colisão Traseira;1;;1;;;;;;;;3;;;;
07/07/2014;08:39:00;60;sem vítima;83;BR-101/RJ;Sul;Colisão Lateral;;;1;;1;;;;;;3;;;;
21/08/2014;05:25:00;25;sem vítima;83;BR-101/RJ;Sul;Saida de Pista;1;;;;;;;;;;1;;;;
01/10/2014;07:45:00;40;sem vítima;83;BR-101/RJ;Norte;Colisão Lateral;;;1;;;1;;;;;2;;;;
20/10/2014;00:36:00;7;com vítima;83,489;BR-101/RJ;Sul;Atropelamento - Sem Informação;;;;;;;;;;;0;;;;1
26/10/2014;07:29:00;30;sem vítima;83,539;BR-101/RJ;Norte;Saida de Pista;1;;;;;;;;;;1;;;;
15/11/2014;17:03:00;126;sem vítima;83,323;BR-101/RJ;Norte;Colisão Traseira;1;;1;;;;;;;;2;;;;
04/01/2015;10:09:00;61;sem vítima;83;BR-101/RJ;Sul;Engavetamento;3;;;;;;;;;;3;;;;
19/02/2015;20:56:00;201;sem vítima;83,5;BR-101/RJ;Norte;Saida de Pista;;;1;;;;;;;;1;0;0;0;0
24/02/2015;15:12:00;111;com vítima;83;BR-101/RJ;Norte;Tombamento;;;1;;;;;;;;0;1;;;
29/10/2015;06:48:00;34;com vítima;83,017;BR-101/RJ;Sul;Saida de Pista;;;;1;;;;;;;0;1;;;
29/11/2015;21:25:00;199;com vítima;83;BR-101/RJ;Sul;Colisão Frontal;2;;;;;;;;;;2;;2;;
09/12/2015;04:01:00;21;com vítima;83,616;BR-101/RJ;Sul;Colisão Frontal;1;;1;;;;;;;;1;;;;3
21/02/2010;13:35:00;109;sem vítima;84;BR-101/RJ;Norte;Saida de Pista;;;1;;;;;;;;2;;;;
21/02/2010;15:27:00;130;sem vítima;84;BR-101/RJ;Norte;Colisão Lateral;1;;1;;;;;;;;2;;;;
31/03/2010;16:32:00;133;sem vítima;84;BR-101/RJ;Norte;Colisão Lateral;1;;1;;;;;;;;2;;;;
03/06/2010;21:54:00;160;com vítima;84;BR-101/RJ;Sul;Colisão Frontal;1;;1;;;;;;;;1;;1;;2
02/07/2010;19:06:00;144;com vítima;84;BR-101/RJ;Norte;Atropelamento - Morador;;;;;;1;;;;;1;;1;;
14/09/2010;10:17:00;54;com vítima;84;BR-101/RJ;Norte;Colisão Lateral;1;;;1;;;;;;;1;1;1;;
25/01/2011;15:59:00;144;sem vítima;84;BR-101/RJ;Norte;Saida de Pista;;;1;;;;;;;1;5;;;;
05/03/2011;08:06:00;106;sem vítima;304;BR-101/RJ;Norte;Colisão Traseira;1;;1;;;;;;;;5;;;;
24/09/2011;02:54:00;17;sem vítima;84;BR-101/RJ;Norte;Atropelamento de Animal;;;;;;;;;;1;11;;;;
10/10/2011;18:51:00;171;com vítima;84;BR-101/RJ;Norte;Colisão Lateral;;;1;;;1;;;;;1;1;;;
10/12/2011;15:54:00;162;sem vítima;84;BR-101/RJ;Sul;Saida de Pista;1;;;;;;;;;;3;;;;
05/02/2012;19:11:00;152;com vítima;84;BR-101/RJ;Norte;Colisão Frontal;;;1;1;;;;;;;1;;2;;
10/06/2012;19:21:00;184;com vítima;84,9;BR-101/RJ;Sul;Saida de Pista;1;;;;;;;;;;0;2;;;
07/07/2012;12:16:00;91;com vítima;84;BR-101/RJ;Sul;Queda de Moto;;;;1;;;;;;;0;;1;;
15/12/2012;16:24:00;140;sem vítima;84;BR-101/RJ;Norte;Saida de Pista;1;;;;;;;;;;2;;;;
23/12/2012;11:25:00;85;sem vítima;84;BR-101/RJ;Norte;Engavetamento;4;;;;;;;;;;14;;;;
01/01/2013;02:25:00;15;com vítima;84;BR-101/RJ;Norte;Queda de Moto;;;;1;;;;;;;0;;1;;
10/01/2013;05:39:00;24;sem vítima;84;BR-101/RJ;Sul;Queda de Moto;;;1;1;;;;;;;4;;;;
23/02/2013;19:43:00;177;com vítima;84;BR-101/RJ;Sul;Choque - Arvore;;;;1;;;;;;;0;;1;;
04/06/2013;10:12:00;67;sem vítima;84;BR-101/RJ;Sul;Colisão Traseira;1;;1;;;;;;;;2;;;;
09/08/2013;06:24:00;14;com vítima;84;BR-101/RJ;Sul;Atropelamento - Morador;1;;;;;;;;;;1;1;;;
11/08/2013;03:34:00;13;com vítima;84;BR-101/RJ;Norte;Queda de Moto;;;;1;;;;;;;1;;1;;
24/08/2013;23:19:00;200;com vítima;84,348;BR-101/RJ;Norte;Atropelamento - Ciclista;;1;;;;1;;;;;1;;;1;
06/11/2013;22:04:00;167;sem vítima;84;BR-101/RJ;Norte;Saida de Pista;1;;;;;;;;;;1;;;;
17/11/2013;21:04:00;221;sem vítima;84;BR-101/RJ;Norte;Colisão Traseira;1;;;;;1;;;;;4;;;;
23/12/2013;22:05:00;244;sem vítima;84;BR-101/RJ;Sul;Saida de Pista;;;;;;;;;;1;2;;;;
11/05/2014;07:33:00;39;sem vítima;84;BR-101/RJ;Norte;Colisão Lateral;1;;1;;;;;;;;2;;;;
29/03/2015;04:03:00;22;com vítima;84;BR-101/RJ;Norte;Queda de Moto;;;;1;;;;;;;0;0;1;0;0
04/09/2015;17:52:00;176;sem vítima;84,5;BR-101/RJ;Norte;Colisão Traseira;1;;;;;;;;;1;3;;;;
05/09/2015;10:05:00;78;com vítima;84,5;BR-101/RJ;Norte;Choque - Outros;1;;;;;1;;;;;1;2;;;
19/09/2015;10:13:00;86;com vítima;84,78;BR-101/RJ;Sul;Colisão Transversal;1;;;1;;;;;;;1;1;;;
31/01/2010;16:41:00;145;com vítima;85;BR-101/RJ;Sul;Colisão Frontal;1;;1;;;;;;;;1;;;;1
25/05/2010;21:32:00;157;sem vítima;85;BR-101/RJ;Sul;Colisão Traseira;;;1;;1;;;;;;5;;;;
15/08/2010;13:29:00;81;com vítima;85;BR-101/RJ;Norte;Queda de Moto;;;;1;;1;;;;;1;2;;;
09/10/2010;15:12:00;133;sem vítima;85,80000305175781;BR-101/RJ;Sul;Saida de Pista;1;;;;;;;;;;6;;;;
04/11/2010;22:38:00;182;sem vítima;85;BR-101/RJ;Sul;Tombamento;;;1;;;;;;;;1;;;;
02/04/2012;10:23:00;91;com vítima;85;BR-101/RJ;Norte;Capotamento;1;;;;;;;;;;0;;1;;
11/10/2012;18:32:00;196;sem vítima;85;BR-101/RJ;Sul;Colisão Transversal;1;;;1;;;;;;;2;;;;
01/12/2012;09:17:00;57;com vítima;85,2;BR-101/RJ;Norte;Colisão Frontal;2;;2;;;;;;;;6;;;1;
14/06/2013;17:33:00;131;com vítima;85,58;BR-101/RJ;Sul;Colisão Lateral;;;;1;1;;;;;;50;;2;;
13/07/2013;17:46:00;160;com vítima;85,6;BR-101/RJ;Norte;Atropelamento - Ciclista;1;1;;;;;;;;;3;;;;1
15/07/2013;01:55:00;14;sem vítima;85,06;BR-101/RJ;Sul;Saida de Pista;1;;;;;;;;;;2;;;;
29/11/2013;21:45:00;253;com vítima;85,5;BR-101/RJ;Norte;Capotamento;;;;;;;;;;1;2;2;;;
01/05/2014;19:14:00;125;com vítima;85,44;BR-101/RJ;Norte;Saida de Pista;;;1;;;;;;;;0;1;;;
11/05/2014;18:06:00;139;com vítima;85;BR-101/RJ;Norte;Colisão Frontal;3;;;;;;;;;;2;3;1;;
11/06/2014;15:23:00;128;sem vítima;85;BR-101/RJ;Sul;Colisão Traseira;1;;1;;;;;;;;4;;;;
06/01/2015;03:01:00;12;sem vítima;85;BR-101/RJ;Norte;Atropelamento de Animal;;;;;1;;;;;;1;;;;
09/02/2015;13:36:00;107;sem vítima;85,9;BR-101/RJ;Norte;Engavetamento;2;;;;;1;;;;;4;0;0;0;0
21/03/2015;11:07:00;71;com vítima;85,79;BR-101/RJ;Sul;Tombamento;;;1;;;;;;;;0;0;0;0;1
02/06/2015;20:50:00;188;sem vítima;85;BR-101/RJ;Sul;Saida de Pista;1;;;;;;;;;;1;;;;
14/12/2015;15:13:00;167;sem vítima;85,5;BR-101/RJ;Sul;Colisão Traseira;2;;;;;;;;;;6;;;;
18/08/2010;02:12:00;8;sem vítima;86;BR-101/RJ;Sul;Saida de Pista;;;1;;;;;;;;1;;;;
18/10/2010;06:43:00;27;sem vítima;86;BR-101/RJ;Sul;Saida de Pista;1;;;;;;;;;;1;;;;
21/11/2010;03:20:00;13;com vítima;86;BR-101/RJ;Norte;Saida de Pista;1;;;;;;;;;;0;;1;;
30/11/2010;20:05:00;176;sem vítima;86;BR-101/RJ;Sul;Colisão Lateral;;;2;;;;;;;;2;;;;
21/08/2011;02:01:00;10;sem vítima;86;BR-101/RJ;Norte;Saida de Pista;1;;;;;;;;;;2;;;;
02/09/2012;04:28:00;10;com vítima;86;BR-101/RJ;Norte;Queda de Moto;;;;1;;;;;;;0;;1;;
02/05/2013;09:12:00;53;sem vítima;86,1;BR-101/RJ;Sul;Saida de Pista;1;;;;;;;;;;1;;;;
23/05/2013;04:16:00;17;com vítima;86,05;BR-101/RJ;Norte;Saida de Pista;;;1;;;;;;;;0;;1;;
14/07/2013;06:46:00;41;sem vítima;86;BR-101/RJ;Norte;Saida de Pista;1;;;;;;;;;;2;;;;
11/09/2013;21:46:00;148;sem vítima;86,188;BR-101/RJ;Norte;Tombamento;;;1;;;;;;;;1;;;;
19/11/2013;00:30:00;4;com vítima;86,95;BR-101/RJ;Sul;Tombamento;;;1;;;;;;;;0;;2;1;
24/05/2014;15:42:00;101;sem vítima;86;BR-101/RJ;Norte;Saida de Pista;;;;;;;;;;1;2;;;;
06/08/2014;16:49:00;122;com vítima;86;BR-101/RJ;Sul;Queda de Moto;;;;1;;;;;;;0;2;;;
25/04/2015;06:17:00;28;sem vítima;86;BR-101/RJ;Sul;Outros;1;;1;;;;;;;;4;;;;
19/06/2015;01:16:00;7;com vítima;86;BR-101/RJ;Sul;Atropelamento - Morador;1;;;;;;;;;;1;;;1;
16/09/2015;13:32:00;147;sem vítima;86;BR-101/RJ;Norte;Saida de Pista;1;;;;;;;;;;1;;;;
05/02/2010;23:49:00;229;com vítima;87;BR-101/RJ;Sul;Saida de Pista;1;;;;;;;;;;0;4;1;;
03/05/2010;12:09:00;88;com vítima;87;BR-101/RJ;Sul;Saida de Pista;1;;;;;;;;;;0;1;;;
14/05/2010;07:16:00;35;com vítima;87;BR-101/RJ;Sul;Capotamento;1;;;;;;;;;;0;;3;;1
14/05/2010;07:52:00;41;sem vítima;87;BR-101/RJ;Sul;Colisão Traseira;1;;1;;;;;;;;7;;;;
25/07/2010;13:47:00;81;sem vítima;87,5;BR-101/RJ;Sul;Engavetamento;3;;;;;1;;;;;5;;;;
11/09/2010;14:19:00;106;com vítima;87;BR-101/RJ;Norte;Queda de Moto;;;;1;;;;;;;1;1;;;
18/09/2010;21:50:00;179;sem vítima;87;BR-101/RJ;Sul;Saida de Pista;1;;;;;;;;;;1;;;;
29/12/2010;21:48:00;209;sem vítima;87;BR-101/RJ;Sul;Colisão Lateral;1;;1;;;;;;;;2;;;;
09/02/2011;09:08:00;49;com vítima;87;BR-101/RJ;Sul;Queda de Moto;;;;1;;1;;;;;1;;;1;
15/02/2011;18:21:00;155;com vítima;87;BR-101/RJ;Sul;Tombamento;;;1;;;;;;;;1;;1;;
02/09/2011;00:58:00;3;sem vítima;87,30000305175781;BR-101/RJ;Sul;Tombamento;;;1;;;;;;;;1;;;;
11/09/2012;17:08:00;123;sem vítima;87,5;BR-101/RJ;Sul;Queda de Moto;;;;1;;;;;;;2;;;;
05/11/2012;08:47:00;48;com vítima;87,5;BR-101/RJ;Sul;Colisão Frontal;1;;1;;;;;;;;0;3;1;;
14/02/2013;06:37:00;46;com vítima;87,7;BR-101/RJ;Sul;Colisão Frontal;2;;;;1;;;;;;4;;;;1
27/03/2013;08:04:00;41;sem vítima;87,3;BR-101/RJ;Sul;Colisão Traseira;2;;;;;;;;;;4;;;;
06/04/2013;18:39:00;178;sem vítima;87,436;BR-101/RJ;Norte;Saida de Pista;1;;;;;;;;;;2;;;;
30/09/2013;14:53:00;92;sem vítima;87;BR-101/RJ;Sul;Saida de Pista;;;1;;;;;;;;1;;;;
25/10/2013;08:08:00;54;com vítima;87,143;BR-101/RJ;Sul;Colisão Lateral;1;;1;;;;;;;;1;;1;;
03/12/2013;13:53:00;122;com vítima;87,933;BR-101/RJ;Sul;Capotamento;1;;;;;;;;;;0;;1;1;
12/12/2013;17:47:00;170;sem vítima;87,789;BR-101/RJ;Norte;Colisão Traseira;;;2;;;;;;;;3;;;;
22/03/2014;20:11:00;174;sem vítima;87;BR-101/RJ;Norte;Tombamento;;;1;;;;;;;;2;;;;
29/04/2014;22:38:00;186;sem vítima;87;BR-101/RJ;Sul;Colisão Traseira;;;1;;;1;;;;;2;;;;
21/05/2014;16:15:00;111;sem vítima;87;BR-101/RJ;Norte;Saida de Pista;1;;;;;;;;;;1;;;;
20/06/2014;11:00:00;76;sem vítima;87,445;BR-101/RJ;Norte;Colisão Frontal;2;;;;;;;;;;4;;;;
03/09/2014;13:21:00;94;com vítima;87;BR-101/RJ;Norte;Capotamento;1;;;;;;;;;;0;2;;;
19/11/2014;02:24:00;10;com vítima;87;BR-101/RJ;Sul;Capotamento;1;;;;;;;;;;0;;2;;
05/06/2015;05:41:00;15;sem vítima;87;BR-101/RJ;Sul;Colisão Lateral;1;;1;;;;;;;;2;;;;
14/06/2015;11:49:00;72;com vítima;87,2;BR-101/RJ;Sul;Tombamento;;;1;;;;;;;;0;1;1;;
14/07/2015;09:30:00;76;sem vítima;87;BR-101/RJ;Norte;Colisão Traseira;;;1;;;;;;;1;3;;;;
12/12/2015;22:10:00;229;com vítima;87,7;BR-101/RJ;Sul;Capotamento;1;;;;;;;;;;0;1;;;
27/12/2015;18:51:00;173;sem vítima;87,25;BR-101/RJ;Sul;Choque - Outros;;;1;;;;;;;;2;;;;
30/12/2015;11:38:00;109;sem vítima;87;BR-101/RJ;Norte;Tombamento;;;1;;;;;;;;1;;;;
10/02/2010;02:11:00;19;sem vítima;88;BR-101/RJ;Norte;Tombamento;;;1;;;;;;;;2;;;;
12/05/2010;11:05:00;75;sem vítima;88;BR-101/RJ;Norte;Colisão Frontal;;;1;;;;;;;1;2;;;;
07/06/2010;08:18:00;55;sem vítima;88;BR-101/RJ;Norte;Colisão Traseira;2;;;;;;;;;;2;;;;
07/02/2011;08:47:00;60;sem vítima;88;BR-101/RJ;Sul;Colisão Lateral;1;;;;1;;;;;;6;;;;
25/02/2011;05:37:00;32;sem vítima;88;BR-101/RJ;Sul;Saida de Pista;1;;;;;;;;;;1;;;;
16/06/2011;09:26:00;59;com vítima;88;BR-101/RJ;Norte;Tombamento;;;1;;;;;;;;0;1;;;
24/12/2011;11:38:00;92;sem vítima;88;BR-101/RJ;Sul;Colisão Traseira;1;;1;;;1;;;;;3;;;;
26/12/2011;15:57:00;131;com vítima;88;BR-101/RJ;Sul;Colisão Transversal;4;;1;;;;;;;;7;1;;;
23/01/2012;16:24:00;157;sem vítima;88;BR-101/RJ;Sul;Colisão Traseira;2;;;;;;;;;;2;;;;
20/04/2012;22:38:00;190;com vítima;88;BR-101/RJ;Norte;Capotamento;1;;;;;;;;;;1;4;;;
03/05/2012;02:39:00;7;com vítima;88;BR-101/RJ;Sul;Colisão Lateral;;;1;;1;;;;;;3;1;;;
13/05/2012;18:37:00;141;sem vítima;88;BR-101/RJ;Norte;Colisão Traseira;2;;;;;;;;;;9;;;;
24/08/2012;15:56:00;121;com vítima;88;BR-101/RJ;Norte;Engavetamento;;;4;;;;;;;;6;1;;;
27/08/2012;09:58:00;73;com vítima;88;BR-101/RJ;Sul;Colisão Frontal;2;;1;;;;;;;;4;1;;;
26/09/2012;13:48:00;85;com vítima;88,2;BR-101/RJ;Sul;Capotamento;;;1;;;;;;;;1;1;;;
07/01/2013;09:47:00;71;sem vítima;88,536;BR-101/RJ;Sul;Colisão Lateral;1;;1;;;;;;;;5;;;;
15/05/2013;19:20:00;166;sem vítima;88,5;BR-101/RJ;Norte;Colisão Traseira;2;;;;;;;;;;4;;;;
16/07/2013;10:17:00;79;com vítima;88;BR-101/RJ;Norte;Engavetamento;3;;1;;;;;;;;3;1;;;
26/07/2013;19:18:00;181;com vítima;88,2;BR-101/RJ;Sul;Tombamento;;;1;;;;;;;;0;;1;;
27/07/2013;03:01:00;13;sem vítima;88,47;BR-101/RJ;Sul;Engavetamento;1;;1;;1;;;;;;45;;;;
29/08/2013;23:05:00;181;com vítima;88;BR-101/RJ;Norte;Atropelamento - Morador;;;;;;1;;;;;1;1;;;
05/09/2013;04:36:00;25;sem vítima;88,521;BR-101/RJ;Norte;Colisão Traseira;1;;;;1;;;;;;4;;;;
02/10/2013;06:20:00;21;sem vítima;88,2;BR-101/RJ;Norte;Tombamento;;;1;;;;;;;;1;;;;
06/01/2014;22:59:00;196;com vítima;88,28;BR-101/RJ;Norte;Outros - Sequência;1;;2;;;;;;;;2;1;1;;
15/02/2014;05:27:00;33;sem vítima;88,4;BR-101/RJ;Sul;Atropelamento de Animal;;;1;;;;;;;;1;;;;
18/02/2015;07:10:00;29;sem vítima;88;BR-101/RJ;Sul;Outros - Sequência;;;;2;;;;;;;3;0;0;0;0
12/06/2015;09:35:00;71;sem vítima;88;BR-101/RJ;Sul;Engavetamento;2;;1;;;1;;;;;5;;;;
02/12/2015;07:02:00;34;com vítima;88;BR-101/RJ;Norte;Colisão Traseira;;;1;;;1;;;;;1;1;;;
03/12/2015;10:34:00;105;sem vítima;88,21;BR-101/RJ;Norte;Saida de Pista;;;1;;;;;;;;1;;;;
25/07/2010;19:57:00;157;sem vítima;89;BR-101/RJ;Sul;Atropelamento de Animal;;;;;1;1;;;;;2;;;;
09/09/2010;13:30:00;101;sem vítima;89;BR-101/RJ;Sul;Saida de Pista;1;;;;;;;;;;1;;;;
22/08/2011;06:45:00;25;sem vítima;89,80000305175781;BR-101/RJ;Sul;Colisão Traseira;2;;;;;;;;;;4;;;;
27/09/2011;12:41:00;82;sem vítima;89;BR-101/RJ;Norte;Saida de Pista;1;;;;;;;;;;1;;;;
13/11/2011;05:20:00;29;sem vítima;89;BR-101/RJ;Sul;Atropelamento de Animal;1;;;;;1;;;;;2;;;;
23/11/2011;16:29:00;121;com vítima;89;BR-101/RJ;Norte;Colisão Lateral;1;;;;;;;;;1;3;;1;;
11/02/2012;19:20:00;154;com vítima;89;BR-101/RJ;Norte;Atropelamento - Ciclista;;1;;;;1;;;;;1;1;;;
05/07/2012;09:58:00;75;sem vítima;89;BR-101/RJ;Norte;Colisão Traseira;2;;;;;;;;;;2;;;;
21/07/2012;18:32:00;168;sem vítima;89;BR-101/RJ;Sul;Colisão Traseira;2;;;;;;;;;;6;;;;
27/07/2012;08:49:00;44;com vítima;89;BR-101/RJ;Sul;Colisão Traseira;;;;2;;;;;;;2;1;1;;
17/09/2012;06:49:00;41;sem vítima;89,5;BR-101/RJ;Sul;Saida de Pista;1;;;;;;;;;;1;;;;
18/10/2012;08:54:00;63;sem vítima;89;BR-101/RJ;Sul;Colisão Traseira;1;;1;;;;;;;;2;;;;
18/10/2012;11:21:00;96;sem vítima;89;BR-101/RJ;Norte;Colisão Traseira;1;;;;;1;;;;;3;;;;
22/10/2012;03:02:00;20;sem vítima;89;BR-101/RJ;Sul;Colisão Lateral;1;;;;;1;;;;;2;;;;
21/03/2013;18:15:00;192;com vítima;89,459;BR-101/RJ;Sul;Saida de Pista;1;;;;;;;;;;0;1;;;
02/05/2014;16:59:00;110;com vítima;89;BR-101/RJ;Norte;Engavetamento;4;;;;;;;;;;8;;3;;
28/06/2014;21:04:00;140;com vítima;89;BR-101/RJ;Norte;Saida de Pista;1;;;;;;;;;;3;1;;;
21/07/2014;00:51:00;2;com vítima;89,835;BR-101/RJ;Sul;Colisão Transversal;1;;1;;;;;;;;1;;3;1;1
17/08/2014;16:29:00;106;sem vítima;89;BR-101/RJ;Norte;Colisão Traseira;1;;;;;;;;;1;6;;;;
21/06/2015;02:36:00;9;com vítima;89;BR-101/RJ;Norte;Queda de Moto;;;;1;;;;;;;0;1;;;
03/07/2015;22:51:00;228;sem vítima;89,81;BR-101/RJ;Norte;Colisão Traseira;1;;;;;1;;;;;3;;;;
19/12/2015;09:57:00;112;sem vítima;89;BR-101/RJ;Norte;Colisão Traseira;1;;;;;;;;;1;3;;;;
21/02/2010;09:43:00;55;com vítima;90;BR-101/RJ;Sul;Colisão Frontal;1;;;;;;;;;1;1;1;1;2;
22/06/2010;11:13:00;66;sem vítima;90;BR-101/RJ;Norte;Colisão Lateral;1;;1;;;;;;;;3;;;;
27/08/2010;03:44:00;17;sem vítima;90;BR-101/RJ;Sul;Colisão Traseira;1;;;;1;1;;;;;12;;;;
27/08/2010;07:33:00;37;com vítima;90;BR-101/RJ;Norte;Colisão Lateral;1;;1;;;;;;;;1;;;;1
12/10/2010;18:17:00;150;sem vítima;90;BR-101/RJ;Sul;Colisão Traseira;2;;;;;;;;;;7;;;;
18/12/2010;09:55:00;85;sem vítima;90;BR-101/RJ;Norte;Colisão Traseira;2;;1;;;;;;;;8;;;;
29/12/2010;18:19:00;177;sem vítima;90;BR-101/RJ;Sul;Colisão Traseira;2;;;;;;;;;;6;;;;
09/02/2011;09:56:00;60;sem vítima;90,9000015258789;BR-101/RJ;Sul;Saida de Pista;1;;;;;;;;;;1;;;;
22/05/2011;06:38:00;28;com vítima;90;BR-101/RJ;Norte;Saida de Pista;1;;;;;;;;;;0;;1;;
21/08/2011;06:19:00;31;com vítima;90;BR-101/RJ;Norte;Colisão Lateral;1;;;;1;;;;;;6;1;;;
18/09/2011;07:49:00;33;sem vítima;90;BR-101/RJ;Sul;Saida de Pista;1;;;;;;;;;;1;;;;
29/09/2011;17:00:00;116;com vítima;90;BR-101/RJ;Norte;Colisão Frontal;4;;;;;;;;;;5;1;2;1;
11/10/2011;12:38:00;94;sem vítima;90;BR-101/RJ;Sul;Saida de Pista;1;;;;;;;;;;1;;;;
07/11/2011;06:12:00;27;com vítima;90,30000305175781;BR-101/RJ;Norte;Capotamento;1;;;;;;;;;;1;;1;;
16/11/2011;08:18:00;37;sem vítima;90;BR-101/RJ;Norte;Colisão Lateral;2;;;;;;;;;;2;;;;
12/02/2012;10:37:00;55;com vítima;90;BR-101/RJ;Norte;Saida de Pista;1;;;;;;;;;;0;2;1;;
19/02/2012;02:24:00;21;sem vítima;90,8;BR-101/RJ;Norte;Saida de Pista;1;;;;;;;;;;1;;;;
04/05/2012;08:44:00;50;sem vítima;90;BR-101/RJ;Norte;Saida de Pista;1;;;;;;;;;;4;;;;
19/06/2012;07:42:00;50;com vítima;90,5;BR-101/RJ;Norte;Colisão Frontal;2;;;;;;;;;;0;;;2;2
02/07/2012;06:49:00;20;com vítima;90;BR-101/RJ;Norte;Colisão Transversal;1;;1;;;;;;;;2;3;;;
20/07/2012;16:35:00;133;com vítima;90,529;BR-101/RJ;Sul;Colisão Lateral;;;2;;;;;;;;1;1;;;
07/09/2012;20:21:00;231;sem vítima;90,576;BR-101/RJ;Norte;Capotamento;1;;;;;;;;;;1;;;;