data;horario;n_da_ocorrencia;tipo_de_ocorrencia;km;trecho;sentido;tipo_de_acidente;automovel;bicicleta;caminhao;moto;onibus;outros;tracao_animal;transporte_de_cargas_especiais;trator_maquinas;utilitarios;ilesos;levemente_feridos;moderadamente_feridos;gravemente_feridos;mortos
22/09/2012;10:33:00;86;sem vítima;90;BR-101/RJ;Norte;Tombamento;;;1;;;;;;;;2;;;;
01/12/2012;09:51:00;61;sem vítima;90;BR-101/RJ;Norte;Colisão Traseira;2;;;;;;;;;;6;;;;
16/12/2012;04:11:00;28;sem vítima;90,7;BR-101/RJ;Norte;Capotamento;1;;;;;;;;;;1;;;;
16/12/2012;05:27:00;30;com vítima;90,77;BR-101/RJ;Norte;Colisão Frontal;;;2;;;;;;;;1;;;1;
27/12/2012;23:39:00;235;sem vítima;90,397;BR-101/RJ;Norte;Colisão Lateral;;;2;;;;;;;;4;;;;
29/01/2013;11:07:00;80;sem vítima;90;BR-101/RJ;Sul;Tombamento;;;1;;;;;;;;1;;;;
27/02/2013;06:16:00;25;com vítima;90,9;BR-101/RJ;Sul;Saida de Pista;1;;;;;;;;;;0;1;;;
02/03/2013;16:04:00;132;com vítima;90,3;BR-101/RJ;Sul;Saida de Pista;1;;;;;;;;;;0;1;;;
10/03/2013;16:41:00;124;com vítima;90;BR-101/RJ;Sul;Queda de Moto;;;;1;;;;;;;0;1;;;
05/04/2013;18:37:00;146;com vítima;90;BR-101/RJ;Sul;Colisão Traseira;2;;1;;;;;;;;7;1;;;
10/04/2013;09:42:00;63;com vítima;90;BR-101/RJ;Norte;Saida de Pista;1;;;;;;;;;;0;1;;;
31/05/2013;08:25:00;38;sem vítima;90;BR-101/RJ;Norte;Saida de Pista;1;;;;;;;;;;1;;;;
18/07/2013;19:10:00;172;sem vítima;90,088;BR-101/RJ;Norte;Colisão Traseira;2;;;;;;;;;;2;;;;
26/07/2013;00:56:00;3;com vítima;90,492;BR-101/RJ;Norte;Saida de Pista;1;;;;;;;;;;0;4;;;
30/07/2013;13:37:00;84;sem vítima;90,8;BR-101/RJ;Sul;Colisão Lateral;1;;1;;;;;;;;6;;;;
17/08/2013;17:31:00;140;com vítima;90,8;BR-101/RJ;Sul;Colisão Transversal;2;;;;;;;;;;0;2;1;;
16/11/2013;07:23:00;27;com vítima;90,75;BR-101/RJ;Sul;Tombamento;;;1;;;;;;;;0;1;;;
23/11/2013;09:11:00;54;com vítima;90,648;BR-101/RJ;Norte;Saida de Pista;1;;;;;;;;;;0;1;;;
24/01/2014;18:47:00;142;sem vítima;90;BR-101/RJ;Norte;Colisão Traseira;1;;;;;1;;;;;4;;;;
12/02/2014;18:51:00;169;com vítima;90,68;BR-101/RJ;Sul;Tombamento;;;1;;;;;;;;0;;;1;
28/02/2014;13:51:00;143;sem vítima;90,5;BR-101/RJ;Sul;Engavetamento;3;;;;;;;;;;9;;;;
28/03/2014;17:21:00;156;sem vítima;90,5;BR-101/RJ;Norte;Saida de Pista;1;;;;;;;;;;1;;;;
25/07/2014;10:58:00;78;sem vítima;90;BR-101/RJ;Sul;Saida de Pista;1;;;;;;;;;;1;;;;
13/08/2014;07:00:00;29;com vítima;90,729;BR-101/RJ;Sul;Colisão Frontal;2;;;;;;;;;;0;;;3;1
26/10/2014;08:04:00;36;sem vítima;90,6;BR-101/RJ;Sul;Saida de Pista;1;;;;;;;;;;1;;;;
11/11/2014;19:57:00;152;sem vítima;90;BR-101/RJ;Norte;Colisão Traseira;;;2;;;;;;;;4;;;;
23/11/2014;16:00:00;106;com vítima;90,555;BR-101/RJ;Norte;Saida de Pista;1;;;;;;;;;;0;3;;;
26/11/2014;16:41:00;140;com vítima;90;BR-101/RJ;Sul;Colisão Frontal;2;;;;;;;;;;0;4;2;;
20/12/2014;21:31:00;197;sem vítima;90,8;BR-101/RJ;Sul;Tombamento;;;1;;;;;;;;1;;;;
24/12/2014;05:19:00;29;sem vítima;90;BR-101/RJ;Sul;Colisão Lateral;1;;1;;;;;;;;6;;;;
08/03/2015;15:45:00;120;sem vítima;90;BR-101/RJ;Sul;Colisão Traseira;1;;1;;;;;;;;6;0;0;0;0
11/03/2015;17:14:00;123;sem vítima;90,7;BR-101/RJ;Norte;Tombamento;;;1;;;;;;;;1;0;0;0;0
27/04/2015;23:22:00;203;com vítima;90;BR-101/RJ;Sul;Tombamento;;;1;;;;;;;;0;1;;;
08/05/2015;00:12:00;2;sem vítima;90;BR-101/RJ;Sul;Saida de Pista;;;1;;;;;;;;1;;;;
29/05/2015;07:17:00;23;com vítima;90;BR-101/RJ;Sul;Colisão Lateral;1;;1;;;;;;;;1;;1;;
06/09/2015;00:23:00;1;sem vítima;90,453;BR-101/RJ;Norte;Choque - Suporte de Sinalização;1;;;;;1;;;;;5;;;;
19/10/2015;06:51:00;27;com vítima;90;BR-101/RJ;Sul;Saida de Pista;1;;;;;;;;;;0;1;;;
08/11/2015;04:49:00;32;sem vítima;90,6;BR-101/RJ;Sul;Choque - Outros;1;;;;;;;;;;3;;;;
04/12/2015;22:08:00;242;com vítima;90,8;BR-101/RJ;Sul;Colisão Frontal;1;;1;1;;;;;;;2;;;1;
18/01/2010;07:20:00;32;sem vítima;91;BR-101/RJ;Sul;Colisão Traseira;1;;;;;;;;;1;2;;;;
22/06/2010;21:56:00;153;com vítima;91;BR-101/RJ;Sul;Saida de Pista;1;;;;;;;;;;0;1;;;
13/01/2011;05:14:00;19;sem vítima;91;BR-101/RJ;Sul;Colisão Lateral;;;1;;;1;;;;;2;;;;
01/08/2011;15:29:00;147;sem vítima;91;BR-101/RJ;Norte;Colisão Traseira;1;;;;;;;;;1;2;;;;
17/08/2011;08:17:00;44;com vítima;91;BR-101/RJ;Norte;Atropelamento - Andarilho;;;1;;;;;;;;1;;;;1
10/10/2011;23:01:00;194;sem vítima;91;BR-101/RJ;Norte;Tombamento;;;1;;;;;;;;1;;;;
08/01/2012;13:17:00;91;com vítima;91,5;BR-101/RJ;Norte;Saida de Pista;1;;;;;;;;;;0;2;;;1
15/02/2012;14:31:00;113;sem vítima;91;BR-101/RJ;Norte;Saida de Pista;1;;;;;;;;;;1;;;;
07/03/2012;03:11:00;14;com vítima;91,7;BR-101/RJ;Norte;Tombamento;;;1;;;;;;;;1;;1;;
05/08/2012;16:29:00;115;sem vítima;91;BR-101/RJ;Sul;Saida de Pista;1;;;;;;;;;;4;;;;
28/09/2012;00:34:00;4;com vítima;91,6;BR-101/RJ;Norte;Tombamento;;;1;;;;;;;;0;;1;;
05/01/2013;03:22:00;14;sem vítima;91;BR-101/RJ;Norte;Tombamento;;;1;;;;;;;;1;;;;
12/01/2013;09:18:00;42;sem vítima;91;BR-101/RJ;Norte;Saida de Pista;1;;;;;;;;;;2;;;;
05/02/2013;12:15:00;85;com vítima;91;BR-101/RJ;Norte;Colisão Lateral;2;;;;;;;;;;0;2;1;1;
13/02/2013;05:58:00;46;sem vítima;91,615;BR-101/RJ;Sul;Colisão Traseira;;;1;;;1;;;;;2;;;;
19/02/2013;10:00:00;81;com vítima;91,344;BR-101/RJ;Norte;Choque - Defensa, barreira ou "submarino";;;;1;;;;;;;0;;;1;
10/03/2013;00:01:00;1;sem vítima;91;BR-101/RJ;Norte;Colisão Frontal;2;;;;;;;;;;2;;;;
17/05/2013;17:11:00;142;com vítima;91;BR-101/RJ;Sul;Atropelamento - Ciclista;;1;;;;1;;;;;1;;1;;
30/06/2013;23:15:00;159;com vítima;91,23;BR-101/RJ;Sul;Queda de Moto;;;;1;;;;;;;0;1;;;
03/07/2013;14:10:00;98;com vítima;91,745;BR-101/RJ;Sul;Tombamento;;;1;;;;;;;;0;;1;1;
03/10/2013;18:13:00;132;sem vítima;91;BR-101/RJ;Norte;Choque - Objeto sobre a pista;;;1;1;;;;;;1;3;;;;
21/11/2013;23:48:00;218;sem vítima;91,84;BR-101/RJ;Sul;Tombamento;;;1;;;;;;;;1;;;;
23/12/2013;06:52:00;39;sem vítima;91,6;BR-101/RJ;Norte;Colisão Lateral;1;;;;1;;;;;;38;;;;
12/02/2014;13:29:00;119;sem vítima;91,989;BR-101/RJ;Sul;Tombamento;;;1;;;;;;;;2;;;;
17/02/2014;19:19:00;159;sem vítima;91,8;BR-101/RJ;Sul;Saida de Pista;1;;;;;;;;;;1;;;;
24/03/2014;06:23:00;18;com vítima;91;BR-101/RJ;Sul;Tombamento;;;1;;;;;;;;0;1;;;
24/05/2014;14:51:00;89;sem vítima;91;BR-101/RJ;Sul;Saida de Pista;1;;;;;;;;;;1;;;;
26/07/2014;09:20:00;38;sem vítima;91;BR-101/RJ;Norte;Saida de Pista;1;;;;;;;;;;2;;;;
10/08/2014;18:17:00;134;com vítima;91,8;BR-101/RJ;Norte;Atropelamento - Morador;1;;;;;;;;;;1;;;1;
18/08/2014;03:05:00;19;sem vítima;91,395;BR-101/RJ;Sul;Saida de Pista;1;;;;;;;;;;1;;;;
10/09/2014;20:41:00;168;com vítima;91,91;BR-101/RJ;Norte;Saida de Pista;1;;;;;;;;;;0;;1;;
17/10/2014;19:48:00;180;sem vítima;91;BR-101/RJ;Norte;Colisão Lateral;1;;;;;1;;;;;3;;;;
25/01/2015;17:48:00;107;sem vítima;91;BR-101/RJ;Norte;Engavetamento;3;;;;;;;;;;8;;;;
13/04/2015;15:54:00;138;sem vítima;91;BR-101/RJ;Norte;Colisão Lateral;1;;;;;1;;;;;2;;;;
19/10/2015;23:30:00;175;com vítima;91,855;BR-101/RJ;Sul;Tombamento;;;1;;;;;;;;0;1;;;
21/12/2015;13:44:00;130;com vítima;91;BR-101/RJ;Sul;Tombamento;;;1;;;;;;;;0;1;;;
29/01/2010;15:52:00;137;com vítima;92;BR-101/RJ;Sul;Colisão Lateral;;;1;1;;;;;;;1;;;1;
30/01/2010;05:02:00;38;com vítima;92;BR-101/RJ;Sul;Colisão Frontal;;;1;;;;;;;;0;1;;;
05/02/2010;06:51:00;43;sem vítima;92;BR-101/RJ;Sul;Tombamento;;;1;;;;;;;;1;;;;
17/02/2010;08:08:00;62;com vítima;92;BR-101/RJ;Norte;Queda de Moto;;;;1;;;;;;;0;;1;;
27/03/2010;11:31:00;73;com vítima;92;BR-101/RJ;Norte;Colisão Frontal;;;1;1;1;;;;;;5;;;;1
10/04/2010;04:43:00;27;sem vítima;92;BR-101/RJ;Sul;Tombamento;;;1;;;;;;;;1;;;;
29/04/2010;08:31:00;63;com vítima;92;BR-101/RJ;Norte;Tombamento;;;1;;;;;;;;0;;1;;
31/07/2010;18:28:00;191;com vítima;92;BR-101/RJ;Sul;Colisão Frontal;2;;;1;;;;;;;3;2;;1;
03/08/2010;23:37:00;179;com vítima;92;BR-101/RJ;Sul;Colisão Transversal;1;;1;;2;;;;;;2;2;;;
11/08/2010;13:34:00;90;com vítima;92;BR-101/RJ;Sul;Tombamento;;;1;;;;;;;;0;1;;;
04/10/2010;05:49:00;14;sem vítima;92,5;BR-101/RJ;Norte;Saida de Pista;1;;;;;;;;;;1;;;;
08/11/2010;08:25:00;45;com vítima;92,4000015258789;BR-101/RJ;Norte;Colisão Frontal;3;;;;;;;;;;0;6;3;;
22/12/2010;21:30:00;213;com vítima;92;BR-101/RJ;Sul;Capotamento;1;;;;;;;;;;0;;1;;
04/02/2011;02:10:00;9;com vítima;92;BR-101/RJ;Sul;Tombamento;;;1;;;;;;;;1;1;;;
28/02/2011;07:00:00;37;com vítima;92;BR-101/RJ;Sul;Colisão Frontal;1;;1;;;;;;;;0;2;1;;
05/03/2011;08:09:00;108;com vítima;65;BR-101/RJ;Norte;Colisão Lateral;1;1;;;;;;;;;2;1;;;
05/03/2011;10:31:00;142;sem vítima;203;BR-101/RJ;Norte;Engavetamento;4;;;;;;;;;;12;;;;
11/06/2011;11:50:00;91;sem vítima;92,5;BR-101/RJ;Norte;Colisão Lateral;1;;;1;;;;;;;2;;;;
11/06/2011;11:50:00;102;sem vítima;92,5;BR-101/RJ;Norte;Colisão Traseira;2;;;;;;;;;;4;;;;
24/06/2011;23:50:00;179;com vítima;92,30000305175781;BR-101/RJ;Norte;Saida de Pista;;;1;;;;;;;;0;;1;;
26/06/2011;13:21:00;74;sem vítima;92;BR-101/RJ;Norte;Colisão Traseira;2;;;;;;;;;;5;;;;
04/08/2011;09:42:00;61;com vítima;92,80000305175781;BR-101/RJ;Sul;Tombamento;;;1;;;;;;;;1;;1;;
10/09/2011;15:12:00;110;sem vítima;92,00499725341797;BR-101/RJ;Norte;Objeto lançado contra veículo;;;1;;1;;;;;;18;;;;
18/09/2011;14:55:00;91;com vítima;92;BR-101/RJ;Sul;Colisão Frontal;;;2;;;;;;;;0;2;;;
05/01/2012;07:56:00;33;com vítima;92,7;BR-101/RJ;Norte;Outros - Sequência;3;;1;;;;;;;;10;2;;;
12/01/2012;12:01:00;101;com vítima;92;BR-101/RJ;Norte;Tombamento;;;1;;;;;;;;0;;1;;
15/02/2012;08:25:00;47;com vítima;92;BR-101/RJ;Norte;Colisão Lateral;;;;1;;1;;;;;1;1;1;;
16/02/2012;23:52:00;232;com vítima;92,7;BR-101/RJ;Sul;Saida de Pista;;;1;;;;;;;;0;;;1;
17/02/2012;08:27:00;58;sem vítima;92,7;BR-101/RJ;Norte;Engavetamento;3;;;;;;;;;;12;;;;
17/02/2012;08:33:00;61;sem vítima;92,7;BR-101/RJ;Norte;Colisão Traseira;2;;;;;;;;;;5;;;;
17/02/2012;09:41:00;72;sem vítima;92,7;BR-101/RJ;Norte;Colisão Traseira;1;;;;;1;;;;;3;;;;
12/03/2012;15:53:00;142;sem vítima;92;BR-101/RJ;Norte;Saida de Pista;1;;;;;;;;;;3;;;;
24/03/2012;08:31:00;54;com vítima;92;BR-101/RJ;Sul;Tombamento;;;1;;;;;;;;0;1;;;
15/04/2012;19:10:00;137;com vítima;92,2;BR-101/RJ;Sul;Colisão Frontal;1;;;;;;;;;1;2;2;2;;
18/04/2012;03:20:00;8;com vítima;92;BR-101/RJ;Norte;Saida de Pista;;;1;;;;;;;;0;1;1;;
18/04/2012;08:37:00;36;com vítima;92,5;BR-101/RJ;Sul;Choque - Arvore;1;;;;;;;;;;0;1;;;
30/04/2012;20:57:00;141;sem vítima;92;BR-101/RJ;Norte;Saida de Pista;1;;;;;;;;;;5;;;;
15/06/2012;23:52:00;233;com vítima;92;BR-101/RJ;Norte;Colisão Lateral;1;;1;;;;;;;;5;;1;1;
08/07/2012;12:22:00;69;com vítima;92;BR-101/RJ;Sul;Colisão Frontal;1;;1;;;;;;;;4;;;;1
08/07/2012;08:49:00;42;com vítima;92,2;BR-101/RJ;Norte;Queda de Moto;;;;1;;;;;;;0;;1;;
19/09/2012;11:14:00;91;com vítima;92;BR-101/RJ;Norte;Queda de Moto;;;;1;;;;;;;0;1;;;
29/09/2012;04:10:00;21;com vítima;92,7;BR-101/RJ;Norte;Colisão Frontal;1;;1;;;;;;;;1;;;;5
20/01/2013;09:11:00;56;com vítima;92,669;BR-101/RJ;Sul;Colisão Frontal;1;;;;;;;;;1;3;1;1;;
30/05/2013;06:14:00;24;sem vítima;92;BR-101/RJ;Norte;Colisão Lateral;2;;;;;;;;;;7;;;;
31/05/2013;12:13:00;75;sem vítima;92;BR-101/RJ;Norte;Engavetamento;3;;;;;;;;;;3;;;;
18/07/2013;08:56:00;59;com vítima;92;BR-101/RJ;Norte;Colisão Traseira;2;;;;;;;;;;2;;1;;
24/07/2013;08:24:00;43;sem vítima;92;BR-101/RJ;Norte;Colisão Traseira;1;;;;;1;;;;;3;;;;
31/07/2013;13:35:00;103;sem vítima;92,8;BR-101/RJ;Sul;Colisão Traseira;1;;;;;;;;;1;7;;;;
04/09/2013;05:59:00;21;com vítima;92,2;BR-101/RJ;Sul;Saida de Pista;;;1;;;;;;;;0;1;;;
31/10/2013;10:07:00;50;sem vítima;92;BR-101/RJ;Sul;Colisão Traseira;2;;;;;;;;;;2;;;;
16/11/2013;19:22:00;151;sem vítima;92;BR-101/RJ;Norte;Colisão Lateral;;;1;;;;;;;1;4;;;;
17/01/2014;19:13:00;151;com vítima;92,826;BR-101/RJ;Norte;Colisão Frontal;1;;1;;;;;;;;1;;1;1;2
28/01/2014;09:35:00;66;sem vítima;92;BR-101/RJ;Norte;Colisão Traseira;2;;;;;;;;;;4;;;;
19/02/2014;09:36:00;74;sem vítima;92;BR-101/RJ;Sul;Colisão Traseira;2;;;;;;;;;;5;;;;
19/03/2014;11:28:00;93;sem vítima;92,472;BR-101/RJ;Sul;Colisão Traseira;1;;1;;;;;;;;4;;;;
31/05/2014;18:10:00;135;com vítima;92;BR-101/RJ;Norte;Saida de Pista;1;;;;;;;;;;1;3;;;
05/07/2014;08:01:00;41;com vítima;92,7;BR-101/RJ;Sul;Tombamento;;;1;;;;;;;;0;1;;;
12/07/2014;23:32:00;167;com vítima;92,22;BR-101/RJ;Norte;Tombamento;;;1;;;;;;;;0;;1;;
18/07/2014;22:47:00;220;com vítima;92;BR-101/RJ;Norte;Queda de Moto;;;;1;;;;;;;1;1;;;
19/07/2014;16:01:00;101;com vítima;92;BR-101/RJ;Norte;Queda de Moto;;;;1;;;;;;;0;;1;;
21/10/2014;09:43:00;65;sem vítima;92,594;BR-101/RJ;Norte;Saida de Pista;1;;;;;;;;;;1;;;;
30/10/2014;10:01:00;64;sem vítima;92,8;BR-101/RJ;Norte;Colisão Traseira;4;;;;;;;;;;8;;;;
31/10/2014;15:05:00;124;sem vítima;92,879;BR-101/RJ;Sul;Colisão Lateral;1;;1;;;;;;;1;3;;;;
14/12/2014;05:41:00;32;com vítima;92;BR-101/RJ;Sul;Capotamento;1;;;;;;;;;;0;1;;;
20/12/2014;14:21:00;108;com vítima;92;BR-101/RJ;Sul;Saida de Pista;;;;1;;;;;;;0;1;;;
21/12/2014;17:07:00;132;sem vítima;92;BR-101/RJ;Norte;Saida de Pista;1;;;;;;;;;;5;;;;
15/01/2015;19:06:00;146;com vítima;92,9;BR-101/RJ;Norte;Colisão Lateral;1;;;;1;;;;;;1;1;;;
03/02/2015;21:28:00;175;com vítima;92;BR-101/RJ;Norte;Atropelamento - Andarilho;;;1;;;;;;;;1;0;0;1;0
17/03/2015;23:11:00;191;sem vítima;92;BR-101/RJ;Norte;Choque - Outros;1;;1;;;;;;;;2;0;0;0;0
22/03/2015;15:13:00;86;com vítima;92,838;BR-101/RJ;Norte;Colisão Frontal;1;;;;;;;;;2;6;2;1;0;0
21/04/2015;10:09:00;50;com vítima;92,491;BR-101/RJ;Norte;Capotamento;1;;;;;;;;;;0;2;;1;
13/05/2015;08:04:00;43;com vítima;92;BR-101/RJ;Norte;Choque - Talude;1;;;;;;;;;;0;4;;1;
04/06/2015;20:16:00;175;sem vítima;92;BR-101/RJ;Norte;Colisão Traseira;2;;;;;;;;;;4;;;;
04/06/2015;15:08:00;134;com vítima;92,72;BR-101/RJ;Norte;Colisão Lateral;2;;2;;;;;;;;4;2;;;2
23/06/2015;17:01:00;140;sem vítima;92,142;BR-101/RJ;Norte;Choque - Talude;1;;;;;;;;;;1;;;;
23/07/2015;23:57:00;227;sem vítima;92;BR-101/RJ;Sul;Saida de Pista;1;;;;;;;;;;1;;;;
29/08/2015;21:07:00;172;com vítima;92,5;BR-101/RJ;Norte;Choque - Outros;1;;;;;;;;;;0;1;;;
11/10/2015;20:06:00;153;sem vítima;92;BR-101/RJ;Sul;Tombamento;;;1;;;;;;;;1;;;;
27/10/2015;16:20:00;123;sem vítima;92,433;BR-101/RJ;Norte;Colisão Traseira;1;;1;;;;;;;;3;;;;
21/11/2015;19:12:00;162;com vítima;92,672;BR-101/RJ;Sul;Capotamento;1;;;;;;;;;;1;1;;;
08/12/2015;13:08:00;157;com vítima;92,28;BR-101/RJ;Norte;Colisão Traseira;1;;;;;;;;;1;1;;2;;
08/12/2015;11:35:00;141;sem vítima;92,57;BR-101/RJ;Norte;Choque - Talude;1;;;;;;;;;;1;;;;
23/03/2010;22:11:00;207;com vítima;93;BR-101/RJ;Sul;Capotamento;1;;;;;;;;;;0;1;;;
14/05/2010;14:46:00;108;com vítima;93;BR-101/RJ;Sul;Saida de Pista;;;1;;;;;;;;0;;;1;
22/05/2010;13:33:00;85;sem vítima;93;BR-101/RJ;Norte;Colisão Lateral;1;;;;1;;;;;;37;;;;
01/06/2010;15:39:00;115;com vítima;93;BR-101/RJ;Norte;Colisão Frontal;3;;;;;;;;;;2;3;1;;
03/07/2010;09:54:00;47;sem vítima;93,30000305175781;BR-101/RJ;Sul;Saida de Pista;1;;;;;;;;;;1;;;;
08/10/2010;18:27:00;145;com vítima;93;BR-101/RJ;Norte;Saida de Pista;1;;;;;;;;;;0;;1;;
26/12/2010;07:32:00;31;com vítima;93;BR-101/RJ;Norte;Saida de Pista;1;;;;;;;;;;0;2;;;
17/01/2011;11:12:00;89;com vítima;93;BR-101/RJ;Norte;Colisão Frontal;2;;;;;;;;;;3;1;1;;
09/05/2011;20:26:00;166;com vítima;93;BR-101/RJ;Norte;Choque - Arvore;;;;;;;;;;1;0;2;;;
06/08/2011;04:42:00;22;sem vítima;93;BR-101/RJ;Norte;Atropelamento de Animal;;;;;;2;;;;;2;;;;
09/10/2011;18:32:00;144;com vítima;93;BR-101/RJ;Sul;Engavetamento;;;3;;;;;;;;1;2;;;
10/10/2011;18:31:00;169;sem vítima;93;BR-101/RJ;Sul;Colisão Lateral;;;1;;;1;;;;;2;;;;
04/11/2011;19:37:00;160;com vítima;93;BR-101/RJ;Sul;Saida de Pista;1;;;;;;;;;;0;1;;;
21/03/2012;19:32:00;143;sem vítima;93;BR-101/RJ;Sul;Saida de Pista;1;;;;;;;;;;1;;;;
25/03/2012;07:40:00;28;com vítima;93,8;BR-101/RJ;Sul;Colisão Frontal;2;;;;;;;;;;0;2;3;;
09/05/2012;23:58:00;202;sem vítima;93;BR-101/RJ;Norte;Tombamento;;;1;;;;;;;;1;;;;
13/05/2012;17:29:00;126;com vítima;93;BR-101/RJ;Norte;Queda de Moto;;;;1;;;;;;;1;1;;;
11/06/2012;08:43:00;61;sem vítima;93;BR-101/RJ;Sul;Colisão Traseira;2;;;;;;;;;;2;;;;
07/11/2012;10:11:00;61;sem vítima;93;BR-101/RJ;Sul;Colisão Traseira;2;;;;;;;;;;2;;;;
21/12/2012;17:58:00;209;com vítima;93,96;BR-101/RJ;Sul;Colisão Traseira;2;;;;;1;;;;;2;;1;;
25/02/2013;06:34:00;31;sem vítima;93;BR-101/RJ;Sul;Colisão Traseira;2;;;;;;;;;;7;;;;
07/03/2013;19:40:00;199;com vítima;93;BR-101/RJ;Norte;Saida de Pista;;;1;;;;;;;;0;;1;;
08/06/2013;14:29:00;113;com vítima;93,727;BR-101/RJ;Sul;Queda de Moto;;;;1;;;;;;;0;;2;;
03/07/2013;15:54:00;113;sem vítima;93,3;BR-101/RJ;Sul;Saida de Pista;1;;;;;;;;;;2;;;;
03/07/2013;23:15:00;163;sem vítima;93,33;BR-101/RJ;Sul;Colisão Traseira;2;;;;;;;;;;2;;;;
07/07/2013;18:18:00;137;com vítima;93;BR-101/RJ;Norte;Queda de Moto;;;;1;;;;;;;0;1;1;;
15/07/2013;06:41:00;44;sem vítima;93,2;BR-101/RJ;Sul;Colisão Traseira;2;;;;;;;;;;2;;;;
30/12/2013;19:41:00;189;com vítima;93;BR-101/RJ;Sul;Saida de Pista;;;;1;;;;;;;0;1;1;;
26/02/2014;14:14:00;132;sem vítima;93,38;BR-101/RJ;Sul;Saida de Pista;1;;;;;;;;;;1;;;;
31/05/2014;23:05:00;170;com vítima;93;BR-101/RJ;Norte;Queda de Moto;;;;1;;;;;;;0;1;;1;
08/06/2014;14:34:00;101;com vítima;93;BR-101/RJ;Sul;Saida de Pista;1;;;;;;;;;;1;2;3;;
24/08/2014;16:01:00;112;sem vítima;93,505;BR-101/RJ;Sul;Colisão Traseira;1;;;;;;;;;1;6;;;;
06/12/2014;12:32:00;87;com vítima;93;BR-101/RJ;Sul;Outros - Sequência;1;;1;;;;;;;;1;;;2;3
13/12/2014;08:09:00;49;com vítima;93;BR-101/RJ;Norte;Colisão Lateral;1;;;;;1;;;;1;10;2;;;
25/03/2015;23:06:00;194;com vítima;93;BR-101/RJ;Norte;Colisão Traseira;;;2;;;;;;;;1;0;1;0;0
14/11/2015;05:49:00;28;com vítima;93,889;BR-101/RJ;Norte;Tombamento;;;;;;;;;;1;0;1;;;
01/04/2010;06:28:00;40;sem vítima;94;BR-101/RJ;Norte;Choque - Talude;1;;;;;;;;;;2;;;;
21/05/2010;19:13:00;144;sem vítima;94;BR-101/RJ;Sul;Engavetamento;3;;;;;;;;;;4;;;;
18/11/2010;17:41:00;166;com vítima;94,5999984741211;BR-101/RJ;Sul;Saida de Pista;;;1;;;;;;;;0;;1;;
22/01/2011;06:49:00;42;sem vítima;94;BR-101/RJ;Sul;Saida de Pista;;;1;;;;;;;;1;;;;
11/09/2011;16:38:00;118;sem vítima;94;BR-101/RJ;Norte;Colisão Traseira;2;;;;;;;;;;6;;;;
09/01/2012;04:42:00;22;sem vítima;94;BR-101/RJ;Sul;Colisão Traseira;;;2;;;;;;;;2;;;;
15/01/2012;09:16:00;44;sem vítima;94;BR-101/RJ;Norte;Queda de Moto;;;;1;;;;;;;1;;;;
20/01/2012;07:59:00;51;sem vítima;94;BR-101/RJ;Norte;Colisão Lateral;;;2;;;;;;;;3;;;;
20/06/2012;09:06:00;63;com vítima;94;BR-101/RJ;Sul;Tombamento;;;1;;;;;;;;0;;1;;
06/07/2012;09:37:00;83;sem vítima;94;BR-101/RJ;Norte;Colisão Lateral;1;;1;;;;;;;;2;;;;
08/07/2012;16:03:00;99;sem vítima;94;BR-101/RJ;Norte;Colisão Frontal;3;;1;;;;;;;;14;;;;
11/07/2012;10:16:00;68;sem vítima;94;BR-101/RJ;Norte;Colisão Traseira;;;2;;;;;;;;2;;;;
20/07/2012;12:51:00;96;com vítima;94;BR-101/RJ;Norte;Colisão Traseira;2;;;;;;;;;;3;1;;;
22/09/2012;01:33:00;14;sem vítima;94,857;BR-101/RJ;Norte;Saida de Pista;1;;;;;;;;;;1;;;;
14/10/2012;13:03:00;77;sem vítima;94,3;BR-101/RJ;Sul;Engavetamento;1;;;;;2;;;;;4;;;;
31/03/2013;16:22:00;123;sem vítima;94;BR-101/RJ;Norte;Colisão Traseira;1;;;;;1;;;;;2;;;;
03/11/2013;11:50:00;75;sem vítima;94,749;BR-101/RJ;Norte;Colisão Traseira;2;;;;;;;;;;7;;;;
22/09/2014;14:49:00;102;sem vítima;94;BR-101/RJ;Norte;Saida de Pista;;;;;;;;;;1;1;;;;
25/09/2014;21:41:00;170;com vítima;94;BR-101/RJ;Norte;Saida de Pista;1;;;;;;;;;;4;1;;;
30/11/2014;01:17:00;14;com vítima;94;BR-101/RJ;Sul;Queda de Moto;;;;1;;;;;;;0;2;;;
10/03/2015;16:20:00;109;sem vítima;94;BR-101/RJ;Sul;Tombamento;;;1;;;;;;;;2;0;0;0;0
24/03/2015;15:18:00;124;sem vítima;94;BR-101/RJ;Norte;Colisão Lateral;1;;;;1;;;;;;2;0;0;0;0
28/07/2015;07:11:00;39;com vítima;94;BR-101/RJ;Norte;Tombamento;;;;;;;;;;1;0;1;;;
25/11/2015;08:01:00;52;com vítima;94,382;BR-101/RJ;Sul;Queda de Moto;;;;1;;;;;;;0;;;1;
03/03/2010;03:33:00;21;com vítima;95;BR-101/RJ;Norte;Colisão Frontal;1;;;;1;;;;;;25;4;3;;2
08/05/2011;05:35:00;30;com vítima;95;BR-101/RJ;Norte;Colisão Lateral;;;1;1;;;;;;;1;1;;;
18/06/2011;10:56:00;68;sem vítima;95;BR-101/RJ;Norte;Saida de Pista;1;;;;;;;;;;3;;;;
01/08/2011;13:48:00;130;sem vítima;95;BR-101/RJ;Norte;Colisão Traseira;;;1;;;1;;;;;3;;;;
15/09/2011;15:49:00;112;sem vítima;95;BR-101/RJ;Norte;Colisão Lateral;2;;1;;;;;;;;3;;;;
27/11/2011;15:54:00;107;com vítima;95,69999694824219;BR-101/RJ;Norte;Saida de Pista;1;;;;;;;;;;1;;;2;
11/06/2012;16:54:00;152;sem vítima;95;BR-101/RJ;Norte;Colisão Lateral;2;;;;;;;;;;4;;;;
30/06/2012;03:11:00;25;sem vítima;95,6;BR-101/RJ;Norte;Atropelamento de Animal;;;;;;1;;;;;1;;;;
31/07/2012;16:17:00;116;com vítima;95;BR-101/RJ;Sul;Colisão Frontal;;;1;;;;;;;1;0;;2;;