data;horario;n_da_ocorrencia;tipo_de_ocorrencia;km;trecho;sentido;tipo_de_acidente;automovel;bicicleta;caminhao;moto;onibus;outros;tracao_animal;transporte_de_cargas_especiais;trator_maquinas;utilitarios;ilesos;levemente_feridos;moderadamente_feridos;gravemente_feridos;mortos
11/10/2012;22:25:00;231;com vítima;95,577;BR-101/RJ;Norte;Choque - Arvore;1;;;;;;;;;;0;;2;;
16/05/2013;09:59:00;51;sem vítima;95;BR-101/RJ;Norte;Saida de Pista;;;1;;;;;;;;1;;;;
25/07/2013;09:56:00;55;sem vítima;95;BR-101/RJ;Norte;Colisão Lateral;1;;1;;;;;;;;4;;;;
18/10/2013;23:06:00;182;sem vítima;95,5;BR-101/RJ;Norte;Colisão Traseira;2;;;;;;;;;;6;;;;
18/03/2014;20:52:00;165;sem vítima;95,1;BR-101/RJ;Norte;Saida de Pista;1;;;;;;;;;;1;;;;
08/06/2014;07:50:00;44;com vítima;95;BR-101/RJ;Sul;Saida de Pista;1;;;;;;;;;;1;1;1;;
19/06/2014;17:45:00;91;sem vítima;95,6;BR-101/RJ;Norte;Colisão Traseira;2;;;;;;;;;;2;;;;
19/06/2015;11:54:00;91;sem vítima;95;BR-101/RJ;Norte;Colisão Traseira;2;;;;;;;;;;6;;;;
11/10/2015;18:44:00;141;com vítima;95,8;BR-101/RJ;Sul;Atropelamento de Animal;1;;;;;;;;;;3;;1;;
06/03/2010;12:04:00;93;com vítima;96;BR-101/RJ;Sul;Colisão Transversal;;;2;;;;;;;1;2;;2;;
23/07/2010;19:47:00;185;sem vítima;96;BR-101/RJ;Sul;Tombamento;;;1;;;;;;;;1;;;;
11/10/2010;21:01:00;153;sem vítima;96;BR-101/RJ;Norte;Colisão Lateral;1;;;;;1;;;;;4;;;;
19/11/2010;15:19:00;126;sem vítima;96;BR-101/RJ;Norte;Engavetamento;2;;1;;;;;;;;8;;;;
10/01/2011;00:41:00;7;com vítima;96;BR-101/RJ;Sul;Colisão Lateral;1;;1;;;;;;;;2;;;;1
05/03/2011;10:55:00;148;sem vítima;190;BR-101/RJ;Sul;Colisão Transversal;2;;;;;;;;;;2;;;;
04/08/2011;13:12:00;92;sem vítima;96;BR-101/RJ;Norte;Colisão Traseira;2;;;;;;;;;;2;;;;
02/10/2011;11:53:00;76;com vítima;96;BR-101/RJ;Sul;Atropelamento - Ciclista;;1;;;;1;;;;;1;1;;;
15/11/2011;02:12:00;7;sem vítima;96;BR-101/RJ;Sul;Saida de Pista;;;1;;;;;;;;3;;;;
15/11/2011;13:48:00;90;sem vítima;96;BR-101/RJ;Norte;Colisão Traseira;2;;;;;1;;;;;8;;;;
01/01/2012;21:00:00;184;com vítima;96;BR-101/RJ;Norte;Capotamento;1;;;;;;;;;;1;1;;;
01/01/2012;23:45:00;225;sem vítima;96,1;BR-101/RJ;Norte;Saida de Pista;1;;;;;;;;;;2;;;;
16/02/2012;13:40:00;112;com vítima;96,3;BR-101/RJ;Norte;Saida de Pista;1;;;;;;;;;;0;;1;;
13/05/2012;21:22:00;189;com vítima;96;BR-101/RJ;Sul;Choque - Arvore;1;;;;;;;;;;1;1;;;
14/05/2012;05:05:00;14;sem vítima;96;BR-101/RJ;Norte;Tombamento;1;;;;;;;;;;1;;;;
16/06/2012;07:02:00;34;sem vítima;96,3;BR-101/RJ;Norte;Tombamento;;;1;;;;;;;;1;;;;
21/06/2012;07:52:00;39;com vítima;96;BR-101/RJ;Norte;Saida de Pista;;;1;;;;;;;;0;1;;;
05/07/2012;09:20:00;65;sem vítima;96;BR-101/RJ;Norte;Colisão Traseira;;;2;;;;;;;;2;;;;
06/07/2012;20:33:00;216;com vítima;96,1;BR-101/RJ;Norte;Queda de Moto;;;;1;;;;;;;0;2;;;
04/09/2012;01:08:00;9;com vítima;96,5;BR-101/RJ;Sul;Colisão Frontal;;;2;;;;;;;;0;1;;;1
25/11/2012;03:15:00;12;com vítima;96,3;BR-101/RJ;Norte;Capotamento;1;;;;;;;;;;0;;1;;
01/12/2012;04:51:00;22;com vítima;96,3;BR-101/RJ;Norte;Colisão Frontal;1;;1;;;;;;;;2;1;;;1
06/05/2013;18:00:00;137;com vítima;96,7;BR-101/RJ;Norte;Colisão Frontal;1;;1;;;;;;;;2;;1;;
19/05/2013;23:58:00;186;sem vítima;96,5;BR-101/RJ;Norte;Capotamento;1;;;;;;;;;;1;;;;
25/08/2013;13:41:00;91;com vítima;96,5;BR-101/RJ;Sul;Colisão Frontal;1;;;;1;;;;;;0;6;;;1
06/11/2013;12:32:00;93;com vítima;96,25;BR-101/RJ;Sul;Colisão Frontal;2;;;;;;;;;;0;1;;1;
28/04/2014;20:14:00;145;com vítima;96,3;BR-101/RJ;Norte;Capotamento;1;;;;;;;;;;0;1;2;;
13/06/2014;05:46:00;25;sem vítima;96;BR-101/RJ;Norte;Saida de Pista;1;;;;;;;;;;1;;;;
16/08/2014;12:50:00;58;sem vítima;96;BR-101/RJ;Norte;Saida de Pista;1;;;;;;;;;;1;;;;
14/09/2014;19:43:00;173;com vítima;96,32;BR-101/RJ;Norte;Colisão Frontal;1;;;;;;;;;1;0;;1;;1
11/10/2014;07:52:00;39;sem vítima;96;BR-101/RJ;Sul;Saida de Pista;1;;;;;;;;;;3;;;;
12/10/2014;05:55:00;23;com vítima;96,216;BR-101/RJ;Norte;Saida de Pista;1;;;;;;;;;;0;2;;;
13/11/2014;23:38:00;202;com vítima;96;BR-101/RJ;Sul;Queda de Moto;;;;1;;;;;;;0;2;;;
02/12/2014;19:44:00;160;sem vítima;96;BR-101/RJ;Sul;Colisão Traseira;1;1;1;;;;;;;;4;;;;
06/12/2014;13:35:00;94;sem vítima;96;BR-101/RJ;Norte;Choque - Objeto sobre a pista;1;;;;;;;;;;1;;;;
21/12/2014;18:17:00;154;com vítima;96,9;BR-101/RJ;Norte;Colisão Frontal;1;;1;;;;;;;;1;;2;;
12/01/2015;08:00:00;41;sem vítima;96;BR-101/RJ;Norte;Capotamento;1;;;;;;;;;;1;;;;
30/03/2015;21:49:00;184;com vítima;96;BR-101/RJ;Sul;Capotamento;1;;;;;;;;;;0;3;1;0;0
30/03/2015;00:13:00;2;sem vítima;96;BR-101/RJ;Sul;Saida de Pista;1;;;;;;;;;;1;0;0;0;0
09/04/2015;14:19:00;128;com vítima;96;BR-101/RJ;Norte;Saida de Pista;1;;;;;;;;;;1;1;;;
12/04/2015;22:28:00;185;sem vítima;96,5;BR-101/RJ;Norte;Tombamento;;;1;;;;;;;;1;;;;
22/04/2015;00:43:00;4;com vítima;96;BR-101/RJ;Sul;Choque - Talude;;;;1;;;;;;;0;1;;;
13/06/2015;15:23:00;156;com vítima;96,5;BR-101/RJ;Norte;Capotamento;1;;;;;;;;;;0;1;;;
13/08/2015;22:05:00;181;sem vítima;96;BR-101/RJ;Norte;Saida de Pista;1;;;;;;;;;;1;;;;
18/10/2015;09:06:00;38;com vítima;96,467;BR-101/RJ;Norte;Colisão Transversal;2;;;;;;;;;;0;;2;;1
20/11/2015;12:16:00;111;com vítima;96,049;BR-101/RJ;Norte;Tombamento;;;;;;;;;;1;1;1;;;
28/11/2015;16:55:00;157;com vítima;96;BR-101/RJ;Norte;Capotamento;1;;;;;;;;;;1;1;;;
02/02/2010;20:06:00;169;com vítima;97;BR-101/RJ;Sul;Colisão Frontal;;;4;;;;;;;;3;1;2;;
26/05/2010;13:44:00;98;com vítima;97;BR-101/RJ;Sul;Colisão Frontal;2;;;;;;;;;;1;;;4;3
25/09/2010;09:11:00;52;com vítima;97;BR-101/RJ;Norte;Colisão Frontal;1;;1;;;;;;;;0;1;;;1
04/11/2011;06:27:00;26;sem vítima;97;BR-101/RJ;Norte;Colisão Traseira;;;2;;;;;;;;2;;;;
29/12/2011;00:58:00;6;com vítima;97,80000305175781;BR-101/RJ;Norte;Colisão Traseira;;;2;;;;;;;;0;1;;1;
09/07/2012;11:24:00;90;com vítima;97,4;BR-101/RJ;Norte;Engavetamento;1;;1;;1;;;;;;30;2;;;
28/11/2012;07:31:00;31;sem vítima;97,9;BR-101/RJ;Sul;Colisão Traseira;2;;1;;;;;;;;5;;;;
22/12/2012;06:44:00;53;com vítima;97;BR-101/RJ;Sul;Tombamento;;;;;1;;;;;;27;7;5;;
20/01/2013;14:01:00;106;sem vítima;97;BR-101/RJ;Norte;Saida de Pista;1;;;;;;;;;;2;;;;
15/07/2013;10:53:00;89;sem vítima;97,5;BR-101/RJ;Norte;Colisão Transversal;2;;;;;;;;;;3;;;;
02/09/2013;10:32:00;79;sem vítima;97,4;BR-101/RJ;Sul;Colisão Traseira;2;;;;;;;;;;2;;;;
26/11/2013;05:50:00;20;sem vítima;97;BR-101/RJ;Norte;Colisão Lateral;1;;;;;1;;;;;3;;;;
15/04/2014;09:04:00;61;sem vítima;97;BR-101/RJ;Norte;Colisão Transversal;1;;1;;;;;;;;2;;;;
09/08/2014;13:24:00;97;com vítima;97;BR-101/RJ;Sul;Tombamento;;;1;;;;;;;;0;1;;;
03/06/2015;04:29:00;20;sem vítima;97,85;BR-101/RJ;Norte;Atropelamento de Animal;;;1;;;;;;;;1;;;;
30/06/2015;16:37:00;175;sem vítima;97,129;BR-101/RJ;Norte;Colisão Traseira;1;;1;;;;;;;;3;;;;
26/11/2015;07:55:00;41;com vítima;97,09;BR-101/RJ;Norte;Colisão Frontal;2;;1;;;;;;;1;5;2;;;
17/12/2015;09:39:00;99;sem vítima;97;BR-101/RJ;Sul;Colisão Traseira;1;;1;;;;;;;;2;;;;
17/12/2015;16:47:00;208;sem vítima;97;BR-101/RJ;Sul;Saida de Pista;1;;;;;;;;;;3;;;;
27/01/2010;05:07:00;13;sem vítima;98;BR-101/RJ;Sul;Atropelamento de Animal;;;1;;;;;;;;1;;;;
10/03/2010;06:28:00;40;sem vítima;98;BR-101/RJ;Norte;Colisão Traseira;1;;1;;;;;;;;4;;;;
26/03/2010;20:38:00;187;com vítima;98;BR-101/RJ;Sul;Colisão Lateral;;;;1;;1;;;;;1;;;1;
21/07/2010;10:14:00;86;sem vítima;98;BR-101/RJ;Norte;Colisão Traseira;2;;;;;;;;;;5;;;;
03/10/2010;22:13:00;158;com vítima;98;BR-101/RJ;Norte;Colisão Traseira;;;2;;;;;;;1;1;;1;1;1
24/11/2010;19:17:00;158;sem vítima;98;BR-101/RJ;Sul;Colisão Lateral;1;;1;;;;;;;;2;;;;
22/12/2010;05:06:00;25;sem vítima;98;BR-101/RJ;Norte;Colisão Lateral;;;1;;;1;;;;;2;;;;
04/02/2011;06:32:00;26;sem vítima;98;BR-101/RJ;Sul;Colisão Lateral;1;;;;;1;;;;;2;;;;
11/02/2011;05:38:00;16;sem vítima;98;BR-101/RJ;Sul;Colisão Lateral;2;;1;;;;;;;;5;;;;
28/02/2011;19:53:00;205;sem vítima;98;BR-101/RJ;Sul;Saida de Pista;1;;;;;;;;;;1;;;;
05/03/2011;11:24:00;155;com vítima;168;BR-101/RJ;Norte;Saida de Pista;2;;;;;;;;;;5;1;;;
06/05/2011;22:07:00;216;com vítima;98;BR-101/RJ;Sul;Colisão Traseira;;;;1;;;;;;;0;;;1;
13/05/2011;04:56:00;15;sem vítima;98;BR-101/RJ;Sul;Atropelamento de Animal;;;1;;;;;;;;1;;;;
03/06/2011;15:33:00;131;sem vítima;98;BR-101/RJ;Norte;Tombamento;1;;;;;;;;;;2;;;;
13/06/2011;12:02:00;89;com vítima;98;BR-101/RJ;Sul;Atropelamento - Andarilho;1;;;;;;;;;;1;;;1;
21/01/2012;17:58:00;132;sem vítima;98;BR-101/RJ;Norte;Colisão Traseira;2;;;;;;;;;;9;;;;
05/02/2012;20:54:00;178;sem vítima;98;BR-101/RJ;Sul;Colisão Lateral;3;;;;;;;;;;4;;;;
29/02/2012;08:42:00;50;sem vítima;98;BR-101/RJ;Norte;Colisão Lateral;1;;1;;;;;;;;2;;;;
08/04/2012;19:46:00;207;sem vítima;98;BR-101/RJ;Sul;Colisão Lateral;2;;;;;;;;;;4;;;;
26/06/2012;18:00:00;140;com vítima;98,06;BR-101/RJ;Sul;Atropelamento - Morador;;;;;;1;;;;;1;;;1;
14/07/2012;05:15:00;32;com vítima;98;BR-101/RJ;Norte;Queda de Moto;;;;1;;;;;;;0;1;;;
01/08/2012;16:25:00;147;com vítima;98,05;BR-101/RJ;Sul;Saida de Pista;1;;;;;;;;;;0;;2;;
17/08/2012;06:49:00;22;com vítima;98,3;BR-101/RJ;Norte;Colisão Frontal;;;1;;1;;;;;;1;5;1;;
13/12/2012;06:15:00;21;com vítima;98,2;BR-101/RJ;Sul;Outros - Sequência;;;4;;;;;;;;3;1;;;
19/01/2013;03:53:00;26;com vítima;98,4;BR-101/RJ;Sul;Colisão Frontal;;;1;;1;;;;;;21;;1;;1
22/01/2013;06:52:00;22;sem vítima;98,347;BR-101/RJ;Sul;Colisão Traseira;2;;;;;;;;;;4;;;;
26/03/2013;17:01:00;150;sem vítima;98;BR-101/RJ;Norte;Colisão Frontal;2;;;;;;;;;;2;;;;
15/04/2013;18:22:00;165;com vítima;98,5;BR-101/RJ;Sul;Saida de Pista;1;;;;;;;;;;0;1;;;
30/08/2013;14:56:00;122;sem vítima;98;BR-101/RJ;Sul;Colisão Lateral;2;;;;;;;;;;2;;;;
08/10/2013;20:36:00;158;sem vítima;98;BR-101/RJ;Sul;Colisão Traseira;;;2;;;;;;;;4;;;;
22/11/2013;00:14:00;2;sem vítima;98;BR-101/RJ;Sul;Colisão Transversal;1;;1;;;;;;;;2;;;;
21/12/2013;11:02:00;79;sem vítima;98;BR-101/RJ;Norte;Colisão Lateral;1;;;;;1;;;;;2;;;;
18/01/2014;05:46:00;55;com vítima;98,8;BR-101/RJ;Norte;Colisão Frontal;2;;;;;;;;;;5;;1;;
29/01/2014;06:00:00;20;com vítima;98,689;BR-101/RJ;Norte;Colisão Transversal;;;2;;;;;;;;1;1;;;
23/03/2014;06:38:00;20;sem vítima;98,8;BR-101/RJ;Norte;Saida de Pista;1;;;;;;;;;;1;;;;
30/03/2014;21:41:00;197;com vítima;98;BR-101/RJ;Sul;Atropelamento - Morador;;;;;;1;;;;;1;;;1;
02/04/2014;09:15:00;67;sem vítima;98;BR-101/RJ;Sul;Colisão Lateral;2;;;;;;;;;;2;;;;
11/04/2014;11:00:00;81;sem vítima;98;BR-101/RJ;Norte;Colisão Transversal;1;;1;;;;;;;;3;;;;
18/04/2014;07:42:00;62;sem vítima;98;BR-101/RJ;Norte;Colisão Lateral;;;2;;;;;;;;2;;;;
11/05/2014;07:22:00;37;sem vítima;98,95;BR-101/RJ;Norte;Saida de Pista;1;;;;;;;;;;1;;;;
13/11/2014;19:58:00;179;com vítima;98,827;BR-101/RJ;Norte;Colisão Frontal;1;;1;;;;;;;;1;;;;1
23/12/2014;22:34:00;215;com vítima;98,95;BR-101/RJ;Norte;Outros - Sequência;3;;2;;;;;;;;8;;;1;
08/04/2015;06:19:00;29;com vítima;98,4;BR-101/RJ;Sul;Colisão Frontal;;;2;;;;;;;;2;;;1;2
28/04/2015;00:29:00;3;com vítima;98;BR-101/RJ;Norte;Saida de Pista;1;;;;;;;;;;0;1;;;
13/06/2015;02:28:00;15;com vítima;98;BR-101/RJ;Sul;Saida de Pista;;;;;;;;;;1;0;2;;;
16/06/2015;21:00:00;166;com vítima;98,175;BR-101/RJ;Norte;Colisão Frontal;1;;1;;;;;;;;2;1;;1;
01/08/2015;16:29:00;128;com vítima;98;BR-101/RJ;Norte;Choque - Arvore;1;;;;;;;;;;0;1;;;
17/12/2015;16:02:00;200;com vítima;98;BR-101/RJ;Norte;Colisão Frontal;2;;;;;;;;;;2;2;;;
28/02/2010;18:48:00;110;sem vítima;99;BR-101/RJ;Norte;Colisão Lateral;;;2;;;;;;;;4;;;;
05/05/2010;04:04:00;14;com vítima;99;BR-101/RJ;Norte;Tombamento;;;1;;;;;;;;0;1;;;
27/06/2010;19:28:00;143;com vítima;99;BR-101/RJ;Sul;Colisão Lateral;1;;2;;;;;;;;0;4;;;
18/07/2010;19:43:00;159;sem vítima;99;BR-101/RJ;Norte;Saida de Pista;;;1;;;;;;;;3;;;;
12/08/2010;16:50:00;136;sem vítima;99,19999694824219;BR-101/RJ;Sul;Saida de Pista;1;;;;;;;;;;2;;;;
09/12/2010;03:59:00;18;sem vítima;99;BR-101/RJ;Sul;Saida de Pista;;;1;;;;;;;;1;;;;
21/02/2011;21:17:00;199;sem vítima;99;BR-101/RJ;Sul;Saida de Pista;;;1;;;;;;;;1;;;;
27/09/2011;18:54:00;154;sem vítima;99;BR-101/RJ;Sul;Colisão Lateral;1;;;;;1;;;;;2;;;;
04/02/2012;20:16:00;187;sem vítima;99,6;BR-101/RJ;Sul;Saida de Pista;;;1;;;;;;;;1;;;;
05/02/2012;22:07:00;199;com vítima;99;BR-101/RJ;Norte;Queda de Moto;;;;1;;;;;;;0;;1;;
30/04/2012;01:51:00;8;com vítima;99;BR-101/RJ;Sul;Queda de Moto;;;;1;;;;;;;0;1;1;;
17/12/2013;20:39:00;184;com vítima;99,4;BR-101/RJ;Sul;Colisão Frontal;1;;1;;;;;;;;5;1;;;
16/01/2014;12:44:00;99;sem vítima;99;BR-101/RJ;Norte;Colisão Lateral;;;2;;;;;;;;2;;;;
03/04/2014;21:28:00;197;sem vítima;99,7;BR-101/RJ;Norte;Colisão Traseira;;;1;;1;;;;;;2;;;;
10/08/2014;07:50:00;32;sem vítima;99;BR-101/RJ;Norte;Capotamento;1;;;;;;;;;;1;;;;
23/11/2014;21:24:00;172;com vítima;99;BR-101/RJ;Sul;Colisão Frontal;2;;;;;;;;;;0;;2;2;
05/02/2015;03:20:00;11;sem vítima;99;BR-101/RJ;Sul;Saida de Pista;1;;;;;;;;;;1;0;0;0;0
21/03/2015;15:32:00;115;com vítima;99,5;BR-101/RJ;Norte;Colisão Frontal;2;;;;;;;;;;0;1;1;0;0
04/05/2015;18:30:00;189;sem vítima;99;BR-101/RJ;Norte;Colisão Lateral;;;2;;;;;;;;2;;;;
02/11/2015;05:27:00;22;com vítima;99,495;BR-101/RJ;Norte;Tombamento;1;;;;;;;;;;0;1;;;
15/12/2015;10:13:00;106;com vítima;99,756;BR-101/RJ;Sul;Colisão Traseira;3;;;;;;;;;;7;3;1;;
18/12/2015;09:27:00;86;sem vítima;99,406;BR-101/RJ;Norte;Engavetamento;3;;;;;;;;;;4;;;;
14/06/2010;12:55:00;105;com vítima;100;BR-101/RJ;Sul;Queda de Moto;;;;1;;;;;;;0;1;;;
06/11/2010;18:58:00;148;com vítima;100;BR-101/RJ;Norte;Capotamento;1;;;;;;;;;;0;1;;;
22/11/2010;20:24:00;190;com vítima;100,19999694824219;BR-101/RJ;Sul;Saida de Pista;;;1;;;;;;;;0;;2;;
25/05/2011;06:47:00;24;sem vítima;100;BR-101/RJ;Norte;Colisão Traseira;1;;1;;;;;;;;6;;;;
25/09/2011;08:50:00;32;sem vítima;100,5;BR-101/RJ;Sul;Saida de Pista;1;;;;;;;;;;2;;;;
19/05/2012;01:41:00;12;com vítima;100;BR-101/RJ;Sul;Saida de Pista;1;;;;;;;;;;0;2;;;
14/09/2012;19:35:00;161;sem vítima;100,734;BR-101/RJ;Sul;Saida de Pista;1;;;;;;;;;;2;;;;
26/10/2012;16:06:00;129;sem vítima;100,748;BR-101/RJ;Sul;Colisão Traseira;1;;2;;;;;;;;7;;;;
08/11/2012;01:04:00;4;sem vítima;100;BR-101/RJ;Norte;Saida de Pista;1;;;;;;;;;;4;;;;
23/11/2012;15:45:00;153;com vítima;100,32;BR-101/RJ;Sul;Queda de Moto;;;;1;;;;;;;0;1;;;
20/12/2012;22:33:00;231;com vítima;100,5;BR-101/RJ;Norte;Saida de Pista;1;;;;;;;;;;3;;1;;
10/01/2013;04:32:00;20;sem vítima;100,5;BR-101/RJ;Norte;Saida de Pista;1;;;;;;;;;;2;;;;
12/02/2013;17:48:00;158;sem vítima;100;BR-101/RJ;Norte;Saida de Pista;1;;;;;;;;;;5;;;;
28/03/2013;04:32:00;24;sem vítima;100;BR-101/RJ;Norte;Colisão Traseira;2;;;;;;;;;;2;;;;
04/09/2013;23:49:00;166;sem vítima;100,573;BR-101/RJ;Sul;Colisão Lateral;2;;;;;;;;;;2;;;;
28/09/2013;23:29:00;192;sem vítima;100,435;BR-101/RJ;Norte;Saida de Pista;1;;;;;;;;;;1;;;;
06/04/2014;17:32:00;127;sem vítima;100;BR-101/RJ;Sul;Saida de Pista;;;1;;;;;;;;1;;;;
26/04/2014;19:31:00;162;com vítima;100;BR-101/RJ;Norte;Colisão Transversal;2;;;;;;;;;;1;;1;;
31/07/2014;16:00:00;127;sem vítima;100,9;BR-101/RJ;Norte;Tombamento;;;1;;;;;;;;1;;;;
19/11/2014;07:42:00;44;sem vítima;100,38;BR-101/RJ;Norte;Tombamento;;;1;;;;;;;;1;;;;
01/03/2015;17:17:00;106;sem vítima;100,5;BR-101/RJ;Sul;Engavetamento;4;;;;;;;;;;10;0;0;0;0
04/07/2015;20:30:00;175;com vítima;100,353;BR-101/RJ;Sul;Tombamento;;;1;;;;;;;;0;;;1;
20/08/2015;09:47:00;77;sem vítima;100;BR-101/RJ;Sul;Choque - Suporte de Sinalização;1;;;;;1;;;;;5;;;;
11/02/2010;13:28:00;117;com vítima;101;BR-101/RJ;Norte;Tombamento;;;1;;;;;;;;2;1;;;
08/03/2010;18:43:00;170;com vítima;101;BR-101/RJ;Norte;Queda de Moto;;;;1;;;;;;;0;;1;;
27/04/2010;04:25:00;19;com vítima;101;BR-101/RJ;Sul;Colisão Frontal;1;;1;;;;;;;;4;;;1;
05/05/2010;06:04:00;22;sem vítima;101;BR-101/RJ;Sul;Colisão Frontal;;;2;;;;;;;;2;;;;
12/05/2010;18:21:00;128;com vítima;101,5;BR-101/RJ;Norte;Atropelamento - Ciclista;1;1;;;;;;;;;1;;;;1
08/06/2010;12:06:00;80;sem vítima;101;BR-101/RJ;Norte;Colisão Traseira;2;;;;;;;;;;3;;;;
19/07/2010;18:45:00;165;sem vítima;101;BR-101/RJ;Norte;Colisão Lateral;2;;;;;;;;;;3;;;;
15/11/2010;07:59:00;31;com vítima;101;BR-101/RJ;Norte;Saida de Pista;1;;;;;;;;;;0;1;;;
27/12/2010;12:40:00;102;com vítima;101;BR-101/RJ;Sul;Colisão Lateral;;;;1;;1;;;;;1;1;;;
27/01/2011;21:22:00;224;sem vítima;101;BR-101/RJ;Norte;Colisão Lateral;;;1;;;1;;;;;2;;;;
11/01/2012;05:56:00;26;sem vítima;101;BR-101/RJ;Norte;Saida de Pista;1;;;;;;;;;;1;;;;
13/01/2012;14:05:00;108;com vítima;101,8;BR-101/RJ;Sul;Colisão Frontal;2;;;;;;;;;;0;4;2;;
13/02/2012;07:24:00;52;com vítima;101;BR-101/RJ;Sul;Colisão Frontal;5;;;;;;;;;;6;;;2;2
06/07/2012;23:06:00;249;sem vítima;101;BR-101/RJ;Sul;Atropelamento de Animal;;;;;;1;;;;;1;;;;
26/10/2012;17:04:00;145;sem vítima;101;BR-101/RJ;Sul;Colisão Traseira;2;;;;;;;;;;2;;;;
22/11/2012;08:01:00;42;sem vítima;101,3;BR-101/RJ;Sul;Colisão Traseira;2;;;;;;;;;;4;;;;
28/11/2012;12:51:00;97;com vítima;101,9;BR-101/RJ;Sul;Colisão Frontal;2;;;;;;;;;;1;;;;1
13/03/2014;01:34:00;11;com vítima;101,3;BR-101/RJ;Norte;Outros - Sequência;1;;1;;;1;;;;;2;;;1;1
17/06/2014;05:34:00;25;sem vítima;101;BR-101/RJ;Sul;Colisão Lateral;1;;2;;;;;;;1;8;;;;
09/10/2014;23:55:00;221;sem vítima;101;BR-101/RJ;Sul;Atropelamento de Animal;1;;;;;;;;;;3;;;;
06/11/2014;16:09:00;121;sem vítima;101;BR-101/RJ;Sul;Colisão Traseira;1;;1;;;;;;;;3;;;;
23/04/2015;14:34:00;116;com vítima;101,45;BR-101/RJ;Sul;Atropelamento - Ciclista;;1;;;;1;;;;;1;;1;;
15/12/2015;19:54:00;249;sem vítima;101;BR-101/RJ;Norte;Choque - Suporte de Sinalização;;;1;;;;;;;;1;;;;
03/03/2010;17:52:00;150;sem vítima;102;BR-101/RJ;Sul;Tombamento;;;1;;;;;;;;2;;;;
09/08/2010;17:37:00;143;sem vítima;102;BR-101/RJ;Sul;Atropelamento de Animal;1;;;;;;;;;;1;;;;
16/01/2011;15:19:00;156;com vítima;102;BR-101/RJ;Norte;Colisão Lateral;;;;1;;1;;;;;0;1;1;;
11/06/2011;08:20:00;58;sem vítima;102;BR-101/RJ;Norte;Colisão Traseira;2;;;;;;;;;;5;;;;
20/07/2012;16:21:00;130;sem vítima;102,3;BR-101/RJ;Norte;Colisão Traseira;2;;;;;;;;;;5;;;;
22/09/2012;13:51:00;112;sem vítima;102;BR-101/RJ;Sul;Colisão Traseira;1;;1;;;;;;;;2;;;;
05/10/2013;16:21:00;117;sem vítima;102,487;BR-101/RJ;Sul;Capotamento;1;;;;;;;;;;3;;;;
30/11/2013;19:05:00;199;sem vítima;102;BR-101/RJ;Sul;Saida de Pista;1;;;;;;;;;;1;;;;
23/03/2014;08:39:00;28;sem vítima;102;BR-101/RJ;Sul;Colisão Traseira;1;;;;;1;;;;;3;;;;
24/03/2014;05:58:00;14;com vítima;102;BR-101/RJ;Sul;Saida de Pista;1;;;;;;;;;;0;1;;;
15/03/2015;07:48:00;27;com vítima;102,084;BR-101/RJ;Norte;Queda de Moto;;;;1;;;;;;;0;1;0;0;0
01/03/2010;16:51:00;141;com vítima;103;BR-101/RJ;Norte;Saida de Pista;1;;;;;;;;;;0;1;;;
13/05/2010;17:05:00;116;sem vítima;103;BR-101/RJ;Norte;Colisão Traseira;1;;1;;;;;;;;3;;;;
03/12/2010;20:12:00;179;sem vítima;103;BR-101/RJ;Norte;Colisão Traseira;;;;;;1;;;;1;2;;;;
13/08/2011;09:45:00;79;com vítima;103;BR-101/RJ;Norte;Colisão Traseira;1;;1;;;;;;;;3;1;1;;
17/08/2011;22:40:00;174;sem vítima;103;BR-101/RJ;Norte;Colisão Traseira;1;;;;;;;;;;1;;;;
04/04/2012;09:24:00;68;sem vítima;103;BR-101/RJ;Sul;Colisão Traseira;2;;;;;;;;;;2;;;;
05/05/2012;20:35:00;156;com vítima;103;BR-101/RJ;Norte;Capotamento;;;;;;;;;;1;0;2;;1;
03/06/2012;19:29:00;186;com vítima;103;BR-101/RJ;Norte;Atropelamento - Ciclista;1;1;;;;;;;;;1;;;;1
21/07/2012;10:40:00;76;sem vítima;103;BR-101/RJ;Norte;Engavetamento;2;;1;;1;;;;;;55;;;;
27/09/2012;19:02:00;173;sem vítima;103;BR-101/RJ;Sul;Colisão Frontal;1;;1;;;;;;;;2;;;;
05/05/2013;23:53:00;158;com vítima;103,7;BR-101/RJ;Sul;Saida de Pista;;;;;;;;;;1;0;1;1;;
24/08/2013;06:34:00;30;com vítima;103,931;BR-101/RJ;Norte;Colisão Traseira;;;;1;;1;;;;;1;;;2;
09/11/2013;17:55:00;147;sem vítima;103,599;BR-101/RJ;Norte;Colisão Traseira;;;2;;;;;;;;2;;;;
10/04/2014;17:10:00;156;sem vítima;103;BR-101/RJ;Norte;Colisão Traseira;;;1;;;;;;1;;2;;;;
21/04/2014;16:33:00;128;sem vítima;103,069;BR-101/RJ;Sul;Colisão Traseira;2;;;;;;;;;;10;;;;
01/06/2014;11:49:00;75;com vítima;103,96;BR-101/RJ;Norte;Tombamento;;;1;;;;;;;;0;1;;;
04/06/2014;11:10:00;79;sem vítima;103,8;BR-101/RJ;Norte;Colisão Traseira;1;;;;1;;;;;;7;;;;
18/12/2014;01:14:00;11;com vítima;103,3;BR-101/RJ;Sul;Colisão Frontal;1;;;1;;;;;;;0;1;;;1
02/01/2015;19:04:00;136;com vítima;103;BR-101/RJ;Norte;Capotamento;1;;;;;;;;;;0;1;;;
18/04/2015;09:04:00;51;com vítima;103,399;BR-101/RJ;Norte;Capotamento;1;;;;;;;;;;0;3;;;
19/08/2015;21:29:00;205;com vítima;103;BR-101/RJ;Norte;Queda de Moto;;;;1;;;;;;;0;2;;;
21/09/2015;06:03:00;27;com vítima;103,755;BR-101/RJ;Sul;Queda de Moto;;;;1;;;;;;;0;;1;;