data;horario;n_da_ocorrencia;tipo_de_ocorrencia;km;trecho;sentido;tipo_de_acidente;automovel;bicicleta;caminhao;moto;onibus;outros;tracao_animal;transporte_de_cargas_especiais;trator_maquinas;utilitarios;ilesos;levemente_feridos;moderadamente_feridos;gravemente_feridos;mortos
12/01/2011;15:40:00;104;com vítima;115;BR-101/RJ;Norte;Colisão Frontal;2;;;;;;;;;;0;;1;1;1
06/05/2011;09:00:00;45;sem vítima;115;BR-101/RJ;Norte;Colisão Traseira;;;2;;;;;;;;5;;;;
26/06/2011;13:20:00;72;sem vítima;115;BR-101/RJ;Norte;Colisão Traseira;2;;;;;1;;;;;5;;;;
29/10/2011;22:16:00;187;com vítima;115,9000015258789;BR-101/RJ;Norte;Queda de Moto;;;;1;;;;;;;0;;1;1;
01/11/2011;21:32:00;161;com vítima;115;BR-101/RJ;Norte;Queda de Moto;;;;1;;;;;;;0;;1;;
14/11/2011;02:55:00;14;sem vítima;115;BR-101/RJ;Sul;Colisão Lateral;;;1;;;1;;;;;2;;;;
05/12/2011;14:57:00;128;sem vítima;115;BR-101/RJ;Norte;Saida de Pista;;;1;;;;;;;;1;;;;
26/12/2011;15:26:00;124;sem vítima;115;BR-101/RJ;Norte;Saida de Pista;1;;;;;;;;;;1;;;;
17/03/2012;13:59:00;98;com vítima;115;BR-101/RJ;Norte;Colisão Traseira;1;;1;;;;;;;;3;2;;;
20/06/2012;09:04:00;62;com vítima;115,2;BR-101/RJ;Sul;Colisão Traseira;;;1;;1;;;;;;41;4;;;
15/07/2012;16:17:00;111;sem vítima;115;BR-101/RJ;Norte;Colisão Traseira;1;;;;;1;;;;;2;;;;
11/03/2013;07:11:00;46;sem vítima;115;BR-101/RJ;Sul;Colisão Traseira;2;;;;;;;;;;2;;;;
16/03/2013;07:08:00;55;sem vítima;115;BR-101/RJ;Sul;Colisão Traseira;2;;;;;;;;;;2;;;;
06/04/2013;05:45:00;22;com vítima;115,8;BR-101/RJ;Norte;Capotamento;1;;;;;;;;;;0;1;;;
28/07/2013;00:28:00;3;sem vítima;115,628;BR-101/RJ;Norte;Atropelamento de Animal;1;;;;;;;;;;1;;;;
10/08/2013;06:57:00;28;sem vítima;115;BR-101/RJ;Sul;Colisão Lateral;1;;1;;;;;;;;3;;;;
10/10/2013;23:28:00;177;com vítima;115,8;BR-101/RJ;Sul;Colisão Frontal;;;1;;1;;;;;;2;1;;;
09/11/2013;19:17:00;159;sem vítima;115;BR-101/RJ;Sul;Saida de Pista;1;;;;;;;;;;1;;;;
15/02/2014;10:57:00;93;sem vítima;115;BR-101/RJ;Norte;Capotamento;1;;;;;;;;;;2;;;;
08/03/2014;07:11:00;28;sem vítima;115;BR-101/RJ;Sul;Colisão Lateral;1;;;;1;;;;;;2;;;;
13/05/2014;22:31:00;198;com vítima;115,52;BR-101/RJ;Norte;Tombamento;;;3;;;;;;;;2;;1;;
04/06/2014;06:37:00;31;com vítima;115,1;BR-101/RJ;Norte;Saida de Pista;2;;;;1;;;;;1;33;11;1;;
04/06/2014;09:01:00;59;sem vítima;115,1;BR-101/RJ;Norte;Colisão Traseira;;;2;;;;;;;;2;;;;
11/11/2014;00:17:00;3;sem vítima;115;BR-101/RJ;Sul;Choque - Defensa, barreira ou "submarino";1;;;;;1;;;;;3;;;;
28/12/2014;14:01:00;85;sem vítima;115;BR-101/RJ;Norte;Saida de Pista;1;;;;;;;;;;3;;;;
21/06/2015;18:08:00;139;com vítima;115;BR-101/RJ;Sul;Colisão Lateral;1;;;1;;;;;;;2;2;1;;
12/04/2010;11:38:00;90;com vítima;116;BR-101/RJ;Norte;Colisão Frontal;2;;;;;;;;;;0;;;1;1
01/06/2010;18:14:00;141;com vítima;116;BR-101/RJ;Norte;Atropelamento - Ciclista;;1;;;;;;;;1;3;;;;1
19/08/2010;18:14:00;152;sem vítima;116;BR-101/RJ;Sul;Saida de Pista;1;;;;;;;;;;1;;;;
01/02/2011;12:51:00;102;sem vítima;116;BR-101/RJ;Norte;Colisão Traseira;1;;1;;;;;;;;2;;;;
02/06/2012;09:31:00;67;sem vítima;116;BR-101/RJ;Sul;Engavetamento;3;;;;;;;;;;5;;;;
13/08/2013;10:43:00;67;sem vítima;116;BR-101/RJ;Sul;Capotamento;;;1;;;;;;;;1;;;;
22/12/2013;00:42:00;7;com vítima;116,44;BR-101/RJ;Norte;Colisão Frontal;2;;;;1;;;;;;3;;1;;
08/02/2014;13:40:00;102;sem vítima;116,113;BR-101/RJ;Norte;Colisão Traseira;1;;1;;;;;;;;2;;;;
12/06/2014;16:34:00;144;sem vítima;116;BR-101/RJ;Norte;Colisão Lateral;;;1;;1;;;;;;2;;;;
04/01/2015;21:09:00;187;sem vítima;116;BR-101/RJ;Sul;Choque - Defensa, barreira ou "submarino";;;1;;;;;;;;1;;;;
23/03/2015;17:24:00;185;sem vítima;116;BR-101/RJ;Sul;Saida de Pista;1;;;;;;;;;;1;0;0;0;0
29/03/2015;23:34:00;159;com vítima;116;BR-101/RJ;Sul;Colisão Traseira;;;1;;;;;;;1;0;1;1;0;0
28/06/2015;19:14:00;130;sem vítima;116;BR-101/RJ;Sul;Saida de Pista;2;;;;;1;;;;;3;;;;
02/07/2015;23:40:00;225;com vítima;116,343;BR-101/RJ;Sul;Tombamento;;;1;;;;;;;;0;;1;;
05/07/2015;21:26:00;155;sem vítima;116;BR-101/RJ;Norte;Choque - Defensa, barreira ou "submarino";1;;;;;;;;;;2;;;;
18/10/2015;05:29:00;17;sem vítima;116,753;BR-101/RJ;Norte;Choque - Defensa, barreira ou "submarino";1;;;;;;;;;;1;;;;
26/01/2010;15:08:00;128;com vítima;117;BR-101/RJ;Sul;Colisão Frontal;5;;;;;;;;;;2;2;2;2;
01/06/2010;01:05:00;6;com vítima;117;BR-101/RJ;Sul;Colisão Frontal;1;;2;;1;;;;;;3;;;1;
17/12/2010;11:05:00;91;com vítima;117;BR-101/RJ;Norte;Colisão Frontal;3;;;;;;;;;;0;4;1;;1
14/01/2011;03:11:00;22;com vítima;117;BR-101/RJ;Norte;Capotamento;1;;;;;;;;;;0;1;;;
17/05/2011;22:29:00;180;sem vítima;117;BR-101/RJ;Sul;Colisão Lateral;;;1;;;1;;;;;2;;;;
21/05/2011;10:02:00;62;sem vítima;117;BR-101/RJ;Sul;Saida de Pista;1;;;;;;;;;;6;;;;
13/08/2011;02:40:00;29;com vítima;117,69999694824219;BR-101/RJ;Norte;Capotamento;;;;;;;;;;1;0;8;;;1
18/11/2011;02:39:00;14;com vítima;117;BR-101/RJ;Sul;Colisão Lateral;1;;1;;;;;;;;0;1;1;;
07/01/2013;02:49:00;11;com vítima;117;BR-101/RJ;Sul;Colisão Lateral;2;;1;;;;;;;;4;2;1;;
09/03/2013;19:07:00;188;com vítima;117,95;BR-101/RJ;Norte;Colisão Frontal;1;;;1;;;;;;;0;3;;;1
26/05/2013;15:14:00;96;sem vítima;117,3;BR-101/RJ;Sul;Colisão Lateral;2;;;;;;;;;;3;;;;
06/07/2015;10:28:00;81;com vítima;117,902;BR-101/RJ;Sul;Capotamento;;;;;;;;;;1;0;;1;;
12/12/2015;00:54:00;9;sem vítima;117;BR-101/RJ;Sul;Colisão Lateral;1;;1;;;;;;;;5;;;;
30/12/2015;13:58:00;146;sem vítima;117;BR-101/RJ;Sul;Colisão Lateral;1;;1;;;;;;;;4;;;;
06/08/2010;22:14:00;189;sem vítima;118,5;BR-101/RJ;Norte;Atropelamento de Animal;;;;;;;;;;1;1;;;;
08/09/2010;00:32:00;4;com vítima;118;BR-101/RJ;Norte;Colisão Lateral;;;;2;;1;;;;;1;;1;;1
22/12/2010;21:52:00;221;sem vítima;118;BR-101/RJ;Norte;Saida de Pista;1;;;;;;;;;;2;;;;
15/12/2011;10:36:00;71;com vítima;118,9000015258789;BR-101/RJ;Norte;Colisão Frontal;1;;;;;;;;;1;2;;2;;
01/06/2012;19:52:00;186;sem vítima;118;BR-101/RJ;Norte;Colisão Traseira;1;;;;;1;;;;;2;;;;
07/07/2012;07:28:00;39;com vítima;118;BR-101/RJ;Sul;Saida de Pista;1;;;;;;;;;;3;1;1;;
24/04/2013;10:23:00;83;sem vítima;118;BR-101/RJ;Sul;Colisão Traseira;;;1;;1;;;;;;18;;;;
15/06/2013;18:42:00;156;sem vítima;118;BR-101/RJ;Sul;Saida de Pista;;;;;;;;;;1;1;;;;
24/11/2013;21:28:00;161;sem vítima;118;BR-101/RJ;Sul;Colisão Lateral;1;;1;;;;;;;;3;;;;
20/06/2014;18:01:00;134;sem vítima;118,176;BR-101/RJ;Sul;Colisão Frontal;1;;1;;;;;;;;3;;;;
23/12/2014;18:51:00;170;sem vítima;118;BR-101/RJ;Sul;Saida de Pista;1;;;;;;;;;;1;;;;
23/12/2014;19:14:00;177;sem vítima;118;BR-101/RJ;Norte;Colisão Transversal;1;;1;;;;;;;;5;;;;
12/08/2015;06:39:00;31;com vítima;118;BR-101/RJ;Norte;Colisão Lateral;1;;;1;;;;;;;1;1;;;
09/10/2010;12:43:00;110;com vítima;119;BR-101/RJ;Norte;Atropelamento de Animal;;;;;1;1;;;;;1;1;1;;
19/11/2010;08:34:00;60;sem vítima;119;BR-101/RJ;Norte;Choque - Arvore;1;;;;;;;;;;1;;;;
22/01/2011;00:36:00;5;sem vítima;119;BR-101/RJ;Sul;Choque - Outros;;;1;;1;;;;;;2;;;;
13/05/2011;19:14:00;157;com vítima;119;BR-101/RJ;Norte;Colisão Transversal;2;;;;;;;;;;1;3;1;;
12/08/2011;06:47:00;23;com vítima;119,41799926757812;BR-101/RJ;Sul;Atropelamento - Morador;1;;;;;;;;;;1;;;;1
26/01/2012;02:02:00;11;sem vítima;119;BR-101/RJ;Norte;Atropelamento de Animal;;;1;;;;;;;;1;;;;
12/04/2012;20:04:00;181;sem vítima;119;BR-101/RJ;Sul;Colisão Traseira;1;;1;;;;;;;;3;;;;
11/08/2012;18:08:00;158;com vítima;119,1;BR-101/RJ;Sul;Saida de Pista;1;;;;;;;;;;0;1;;;
17/08/2012;20:17:00;169;sem vítima;119;BR-101/RJ;Norte;Colisão Traseira;2;;;;;;;;;;5;;;;
09/09/2012;17:33:00;194;sem vítima;119;BR-101/RJ;Norte;Colisão Traseira;2;;;;;;;;;;10;;;;
26/10/2012;16:54:00;143;sem vítima;119;BR-101/RJ;Norte;Colisão Lateral;1;;1;;;;;;;;2;;;;
07/08/2013;16:28:00;110;sem vítima;119;BR-101/RJ;Norte;Colisão Lateral;2;;;;;;;;;;2;;;;
14/04/2014;12:59:00;101;com vítima;119;BR-101/RJ;Sul;Queda de Moto;;;;1;;;;;;;0;1;;;
18/04/2014;11:39:00;124;sem vítima;119;BR-101/RJ;Sul;Engavetamento;4;;;;;;;;;;12;;;;
29/11/2014;19:18:00;154;com vítima;119;BR-101/RJ;Sul;Colisão Transversal;2;;;;;;;;;;0;3;1;;
25/04/2015;02:18:00;15;sem vítima;119;BR-101/RJ;Norte;Colisão Frontal;;;1;;;;;;;1;2;;;;
16/09/2010;16:38:00;122;com vítima;120;BR-101/RJ;Norte;Colisão Lateral;;;1;1;;;;;;;1;1;;;
12/10/2010;02:48:00;12;sem vítima;120;BR-101/RJ;Sul;Colisão Lateral;1;;1;;;;;;;;4;;;;
03/12/2010;18:25:00;155;sem vítima;120;BR-101/RJ;Sul;Saida de Pista;1;;;;;;;;;;1;;;;
29/12/2010;19:25:00;190;sem vítima;120;BR-101/RJ;Norte;Saida de Pista;1;;;;;;;;;;1;;;;
29/01/2011;12:53:00;106;sem vítima;120;BR-101/RJ;Norte;Colisão Lateral;1;;1;;;;;;;;2;;;;
04/02/2011;23:04:00;219;com vítima;120;BR-101/RJ;Sul;Colisão Lateral;;1;;1;;;;;;;0;;2;;
05/03/2011;12:07:00;164;sem vítima;143;BR-101/RJ;Sul;Colisão Traseira;2;;;;;1;;;;;3;;;;
07/06/2011;02:35:00;8;com vítima;120;BR-101/RJ;Norte;Engavetamento;;;3;;;;;;;;3;;1;;
11/09/2011;18:56:00;151;sem vítima;120,9000015258789;BR-101/RJ;Sul;Colisão Lateral;1;;1;;;;;;;;2;;;;
15/09/2011;08:47:00;49;sem vítima;120;BR-101/RJ;Norte;Colisão Lateral;1;;1;;;;;;;;2;;;;
24/12/2011;17:36:00;173;com vítima;120;BR-101/RJ;Norte;Colisão Transversal;1;;;1;;;;;;;4;;1;;
25/01/2012;08:49:00;46;sem vítima;120;BR-101/RJ;Norte;Colisão Lateral;1;;;;;1;;;;;2;;;;
17/02/2012;09:39:00;71;sem vítima;120;BR-101/RJ;Norte;Colisão Traseira;2;;;;;;;;;;6;;;;
17/02/2012;07:37:00;50;sem vítima;120,358;BR-101/RJ;Sul;Engavetamento;1;;1;;1;;;;;;11;;;;
04/05/2012;06:23:00;23;com vítima;120;BR-101/RJ;Sul;Tombamento;;;1;;;1;;;;;1;1;;;
11/05/2012;16:42:00;133;com vítima;120,3;BR-101/RJ;Norte;Engavetamento;4;;1;;;;;;;;3;5;1;;
11/05/2012;18:00:00;166;sem vítima;120,7;BR-101/RJ;Norte;Colisão Traseira;1;;1;;;;;;;;2;;;;
21/05/2012;06:01:00;16;com vítima;120;BR-101/RJ;Sul;Colisão Lateral;2;;;;;;;;;;1;;1;;
14/06/2012;18:08:00;171;sem vítima;120,95;BR-101/RJ;Norte;Saida de Pista;1;;;;;;;;;;1;;;;
09/08/2012;08:30:00;49;com vítima;120;BR-101/RJ;Sul;Atropelamento - Morador;1;;;;;;;;;;4;;;;1
11/08/2012;18:27:00;165;com vítima;120,226;BR-101/RJ;Sul;Atropelamento - Ciclista;1;1;;;;1;;;;;5;;1;;
14/09/2012;18:16:00;138;com vítima;120,9;BR-101/RJ;Norte;Colisão Traseira;2;;;;;;;;;;2;;2;;
30/09/2012;20:29:00;162;com vítima;120;BR-101/RJ;Norte;Saida de Pista;1;;1;;;;;;;;1;3;1;;
25/10/2012;08:01:00;56;sem vítima;120;BR-101/RJ;Norte;Engavetamento;2;;1;;;;;;;;6;;;;
30/10/2012;18:42:00;184;com vítima;120;BR-101/RJ;Norte;Atropelamento - Morador;;;1;;;;;;;;1;;;1;
14/11/2012;17:49:00;171;com vítima;120;BR-101/RJ;Norte;Colisão Frontal;2;;;;;;;;;;4;;1;;
24/02/2013;07:35:00;42;com vítima;120,5;BR-101/RJ;Norte;Atropelamento - Sem Informação;;;;;;1;;;;;1;;1;;
30/03/2013;06:18:00;25;sem vítima;120;BR-101/RJ;Norte;Colisão Lateral;2;;;;;;;;;;2;;;;
30/03/2013;00:40:00;4;com vítima;120,5;BR-101/RJ;Sul;Saida de Pista;1;;;;;;;;;;0;2;2;;
09/04/2013;12:15:00;101;com vítima;120;BR-101/RJ;Norte;Colisão Transversal;1;;1;;;;;;;;1;;1;;
12/04/2013;17:35:00;169;com vítima;120;BR-101/RJ;Sul;Colisão Traseira;1;;;;;;;;;1;0;4;;;
20/04/2013;02:19:00;11;com vítima;120,11;BR-101/RJ;Norte;Colisão Frontal;1;;;;1;;;;;;1;;1;;
23/05/2013;18:33:00;136;com vítima;120,561;BR-101/RJ;Norte;Colisão Frontal;;;2;;;;;;;;1;;1;1;
06/07/2013;12:17:00;94;com vítima;120,775;BR-101/RJ;Sul;Colisão Frontal;2;;;;;;;;;;2;1;;;
14/07/2013;18:33:00;154;com vítima;120;BR-101/RJ;Norte;Atropelamento - Ciclista;;1;;;;1;;;;;2;;2;;
28/10/2013;10:23:00;59;sem vítima;120,35;BR-101/RJ;Sul;Colisão Lateral;1;;;1;;;;;;;3;;;;
18/11/2013;02:51:00;25;com vítima;120;BR-101/RJ;Sul;Colisão Traseira;1;;1;;;;;;;;3;1;;;
11/12/2013;18:17:00;160;sem vítima;120,733;BR-101/RJ;Sul;Colisão Transversal;2;;;;;;;;;;3;;;;
14/12/2013;16:40:00;159;sem vítima;120;BR-101/RJ;Norte;Colisão Traseira;2;;;;;;;;;;3;;;;
01/03/2014;20:18:00;345;com vítima;120,95;BR-101/RJ;Norte;Colisão Frontal;1;;1;;;;;;;;0;;;2;1
15/03/2014;13:01:00;124;com vítima;120;BR-101/RJ;Sul;Colisão Traseira;1;;;1;;;;;;;1;;2;;
25/03/2014;17:52:00;141;sem vítima;120,5;BR-101/RJ;Norte;Colisão Traseira;1;;1;;;;;;;;3;;;;
23/05/2014;17:48:00;154;com vítima;120;BR-101/RJ;Norte;Atropelamento - Morador;;;;1;;;;;;;1;;1;;
29/05/2014;18:25:00;172;sem vítima;120;BR-101/RJ;Sul;Colisão Traseira;1;;1;;;;;;;;3;;;;
06/06/2014;09:15:00;53;com vítima;120;BR-101/RJ;Sul;Saida de Pista;1;;;;;;;;1;;2;;1;;
13/09/2014;20:07:00;145;com vítima;120,8;BR-101/RJ;Norte;Colisão Lateral;1;;;1;;;;;;;1;2;;;
03/10/2014;00:26:00;2;sem vítima;120;BR-101/RJ;Norte;Colisão Transversal;1;;;;1;;;;;;4;;;;
13/12/2014;09:42:00;71;sem vítima;120;BR-101/RJ;Norte;Tombamento;1;;;;;;;;;;1;;;;
14/02/2015;05:00:00;45;sem vítima;120;BR-101/RJ;Sul;Colisão Traseira;2;;;;;;;;;;9;0;0;0;0
24/03/2015;19:50:00;163;com vítima;120;BR-101/RJ;Norte;Colisão Traseira;1;;;1;;;;;;;1;1;0;0;0
10/04/2015;05:38:00;32;com vítima;120;BR-101/RJ;Norte;Atropelamento - Morador;1;;;;;;;;;;1;;;1;
25/05/2015;12:19:00;120;com vítima;120,927;BR-101/RJ;Norte;Atropelamento - Outros;;;1;;;;;;;;2;;;;1
17/06/2015;16:02:00;148;sem vítima;120;BR-101/RJ;Sul;Colisão Lateral;2;;;;;;;;;;5;;;;
21/07/2015;09:32:00;74;com vítima;120,461;BR-101/RJ;Sul;Colisão Traseira;2;;;;;;;;;;0;4;;;
28/07/2015;17:45:00;184;com vítima;120;BR-101/RJ;Sul;Colisão Traseira;1;;;;;;;;;1;3;1;;;
01/09/2015;23:02:00;227;sem vítima;120;BR-101/RJ;Norte;Colisão Traseira;;;2;;;;;;;;2;;;;
03/09/2015;17:27:00;170;com vítima;120,5;BR-101/RJ;Norte;Colisão Transversal;;;1;1;;;;;;;2;;;1;
07/09/2015;18:15:00;154;com vítima;120;BR-101/RJ;Sul;Atropelamento - Andarilho;1;;;;;;;;;;1;;;1;
16/10/2015;22:37:00;279;sem vítima;120,8;BR-101/RJ;Norte;Colisão Traseira;1;;;;1;;;;;;6;;;;
25/11/2015;06:12:00;19;com vítima;120;BR-101/RJ;Sul;Atropelamento - Andarilho;;;;;;1;;;;;1;;1;;
28/01/2010;05:20:00;28;sem vítima;121;BR-101/RJ;Norte;Tombamento;;;1;;;;;;;;2;;;;
17/04/2010;18:00:00;148;com vítima;121;BR-101/RJ;Norte;Colisão Lateral;;;1;;;;;;;1;1;5;2;2;
22/08/2010;21:53:00;166;sem vítima;121;BR-101/RJ;Sul;Atropelamento de Animal;1;;;;;;;;;;1;;;;
26/12/2011;12:58:00;95;sem vítima;121;BR-101/RJ;Sul;Colisão Traseira;1;;1;;;;;;;;2;;;;
08/01/2012;05:57:00;24;sem vítima;121;BR-101/RJ;Norte;Colisão Transversal;;;1;;1;;;;;;4;;;;
21/03/2012;18:25:00;130;sem vítima;121,7;BR-101/RJ;Sul;Colisão Traseira;2;;;;;;;;;;2;;;;
26/03/2012;10:14:00;75;sem vítima;121;BR-101/RJ;Sul;Colisão Traseira;;;1;;;;;;;1;2;;;;
19/12/2012;10:44:00;71;sem vítima;121,3;BR-101/RJ;Norte;Colisão Traseira;1;;;;;;;;;;1;;;;
25/01/2013;20:45:00;208;sem vítima;121;BR-101/RJ;Norte;Atropelamento - Ciclista;1;1;;;;;;;;;2;;;;
29/03/2013;14:02:00;125;com vítima;121;BR-101/RJ;Norte;Atropelamento - Andarilho;1;;;;;;;;;;4;;1;;
11/02/2014;23:45:00;206;sem vítima;121;BR-101/RJ;Sul;Atropelamento de Animal;1;;;;;;;;;;2;;;;
06/09/2014;00:49:00;6;sem vítima;121;BR-101/RJ;Norte;Choque - Defensa, barreira ou "submarino";1;;;;;;;;;;1;;;;
26/09/2014;05:16:00;14;com vítima;121;BR-101/RJ;Sul;Choque - Defensa, barreira ou "submarino";;;1;;;;;;;;0;1;;;
10/10/2014;14:59:00;140;sem vítima;121,9;BR-101/RJ;Norte;Colisão Lateral;;;2;;;;;;;;4;;;;
13/07/2015;14:27:00;144;com vítima;121,8;BR-101/RJ;Sul;Colisão Frontal;1;;;;1;;;;;;1;1;;;
22/12/2015;23:21:00;255;com vítima;121,52;BR-101/RJ;Sul;Colisão Frontal;1;;1;;;;;;;;1;;;;1
20/05/2010;16:33:00;135;sem vítima;122;BR-101/RJ;Norte;Colisão Traseira;1;;1;;;;;;;;3;;;;
22/05/2010;18:05:00;125;com vítima;122;BR-101/RJ;Norte;Colisão Traseira;1;;;;;1;;;;;3;2;;;
22/01/2011;01:57:00;18;sem vítima;122;BR-101/RJ;Norte;Saida de Pista;1;;;;;1;;;;;2;;;;
09/03/2012;15:09:00;118;com vítima;122;BR-101/RJ;Norte;Colisão Lateral;1;;1;;;;;;;;1;;2;;
27/03/2012;12:53:00;99;sem vítima;122;BR-101/RJ;Norte;Engavetamento;1;;2;;;1;;;;1;5;;;;
31/03/2012;12:00:00;83;sem vítima;122;BR-101/RJ;Norte;Colisão Lateral;2;;;;;;;;;;4;;;;
27/06/2012;07:31:00;40;sem vítima;122;BR-101/RJ;Sul;Colisão Traseira;;;3;;;;;;;;5;;;;
27/06/2012;11:04:00;98;sem vítima;122;BR-101/RJ;Sul;Colisão Traseira;;;1;;1;;;;;;15;;;;
13/07/2012;11:58:00;87;sem vítima;122,8;BR-101/RJ;Norte;Colisão Traseira;2;;;;;;;;;;2;;;;
24/10/2012;09:25:00;63;sem vítima;122,9;BR-101/RJ;Norte;Colisão Transversal;1;;1;;;;;;;;3;;;;
28/06/2013;14:31:00;101;sem vítima;122;BR-101/RJ;Norte;Colisão Traseira;;;2;;;;;;;;2;;;;
19/07/2014;06:17:00;19;sem vítima;122;BR-101/RJ;Norte;Colisão Lateral;2;;;;;;;;;;7;;;;
06/08/2014;12:07:00;87;sem vítima;122;BR-101/RJ;Sul;Saida de Pista;1;;;;;;;;;;1;;;;
28/08/2014;17:42:00;106;sem vítima;122;BR-101/RJ;Norte;Colisão Lateral;1;;1;;;;;;;;2;;;;
03/09/2014;08:12:00;38;sem vítima;122;BR-101/RJ;Norte;Colisão Lateral;1;;1;;;;;;;;5;;;;
25/09/2014;18:05:00;146;sem vítima;122,1;BR-101/RJ;Norte;Colisão Frontal;;;1;;;1;;;;;2;;;;
12/03/2015;08:39:00;53;com vítima;122,8;BR-101/RJ;Norte;Outros - Sequência;2;;1;;;;;;;;1;2;2;0;0
18/01/2010;00:59:00;4;sem vítima;123;BR-101/RJ;Sul;Colisão Traseira;1;;1;;;;;;;;2;;;;
22/01/2010;19:57:00;186;sem vítima;123;BR-101/RJ;Sul;Colisão Traseira;;;1;1;;;;;;;2;;;;
22/01/2010;20:32:00;194;sem vítima;123;BR-101/RJ;Sul;Choque - Cancela de Pedagio;;;1;;;;;;;;2;;;;
24/02/2010;16:13:00;149;sem vítima;123;BR-101/RJ;Sul;Colisão Traseira;2;;;;;;;;;;2;;;;
15/03/2010;06:36:00;30;sem vítima;123;BR-101/RJ;Sul;Choque - Defensa, barreira ou "submarino";;;1;;;;;;;;2;;;;
09/06/2010;08:40:00;54;sem vítima;123;BR-101/RJ;Norte;Colisão Traseira;1;;1;;;;;;;;5;;;;
09/06/2010;18:07:00;152;sem vítima;123;BR-101/RJ;Norte;Colisão Traseira;1;;2;;;;;;;;4;;;;
17/07/2010;20:50:00;217;sem vítima;123;BR-101/RJ;Norte;Choque - Defensa, barreira ou "submarino";1;;;;;;;;;;3;;;;
04/08/2010;11:55:00;83;sem vítima;123;BR-101/RJ;Norte;Colisão Traseira;1;;1;;;;;;;;3;;;;
14/08/2010;10:23:00;77;sem vítima;123;BR-101/RJ;Norte;Colisão Traseira;1;;1;;;;;;;;2;;;;
23/08/2010;21:20:00;184;sem vítima;123;BR-101/RJ;Sul;Engavetamento;3;;;;;;;;;;6;;;;
01/09/2010;08:36:00;39;com vítima;123;BR-101/RJ;Norte;Colisão Traseira;2;;;;;;;;;;3;;1;;
22/09/2010;22:38:00;195;sem vítima;123;BR-101/RJ;Sul;Colisão Traseira;;;3;;;;;;;;3;;;;
21/10/2010;15:21:00;118;sem vítima;123;BR-101/RJ;Norte;Colisão Traseira;1;;1;;;;;;;;2;;;;
01/11/2010;18:46:00;146;sem vítima;123;BR-101/RJ;Sul;Choque - Suporte de Sinalização;1;;;;;;;;;;1;;;;
13/11/2010;20:12:00;214;com vítima;123;BR-101/RJ;Norte;Colisão Frontal;2;;;;;;;;;;4;;2;;
16/11/2010;07:54:00;50;sem vítima;123;BR-101/RJ;Sul;Colisão Traseira;2;;;;;;;;;;4;;;;
18/11/2010;12:11:00;116;sem vítima;123;BR-101/RJ;Norte;Colisão Traseira;1;;1;;;;;;;;5;;;;
02/12/2010;16:18:00;129;sem vítima;123;BR-101/RJ;Norte;Colisão Traseira;2;;;;;;;;;;3;;;;
03/12/2010;04:52:00;15;sem vítima;123;BR-101/RJ;Sul;Choque - Defensa, barreira ou "submarino";1;;;;;;;;;;2;;;;
06/12/2010;20:19:00;219;sem vítima;123;BR-101/RJ;Sul;Colisão Traseira;1;;;;;1;;;;;2;;;;
07/12/2010;20:33:00;187;sem vítima;123;BR-101/RJ;Norte;Colisão Traseira;;;1;;1;;;;;;2;;;;
09/12/2010;15:06:00;96;sem vítima;123;BR-101/RJ;Sul;Colisão Traseira;;;2;;;;;;;;3;;;;
22/12/2010;21:43:00;215;sem vítima;123;BR-101/RJ;Sul;Choque - Cancela de Pedagio;;;1;;;;;;;;1;;;;
24/12/2010;06:33:00;26;sem vítima;123;BR-101/RJ;Sul;Colisão Traseira;;;2;;;;;;;;2;;;;
29/12/2010;14:04:00;130;sem vítima;123;BR-101/RJ;Norte;Colisão Traseira;1;;1;;;;;;;;5;;;;
06/01/2011;07:00:00;42;sem vítima;123;BR-101/RJ;Norte;Choque - Defensa, barreira ou "submarino";;;1;;;;;;;;1;;;;
08/01/2011;10:56:00;113;sem vítima;123;BR-101/RJ;Sul;Colisão Traseira;;;2;;;;;;;;7;;;;
11/01/2011;06:47:00;33;sem vítima;123;BR-101/RJ;Sul;Colisão Traseira;1;;;;;;;;;;1;;;;
17/01/2011;00:17:00;2;sem vítima;123;BR-101/RJ;Sul;Colisão Traseira;;;2;;;;;;;;2;;;;
10/02/2011;03:08:00;18;sem vítima;123;BR-101/RJ;Norte;Atropelamento de Animal;;;1;;;1;;;;;2;;;;
18/02/2011;10:26:00;64;sem vítima;123;BR-101/RJ;Sul;Colisão Traseira;;;1;;;;;;;1;2;;;;
05/03/2011;12:10:00;165;sem vítima;305;BR-101/RJ;Norte;Colisão Lateral;1;;;1;;;;;;;2;;;;
03/06/2011;06:53:00;41;com vítima;123;BR-101/RJ;Sul;Colisão Traseira;1;;1;;;;;;;;0;3;2;;
05/06/2011;14:40:00;78;sem vítima;123;BR-101/RJ;Sul;Colisão Lateral;1;;;;;;;;;;3;;;;
07/06/2011;18:54:00;155;sem vítima;123;BR-101/RJ;Sul;Colisão Traseira;1;;1;;;;;;;;3;;;;
09/06/2011;21:56:00;185;sem vítima;123;BR-101/RJ;Sul;Colisão Traseira;;;1;;1;;;;;;3;;;;
23/08/2011;19:13:00;159;sem vítima;123;BR-101/RJ;Norte;Choque - Outros;;;1;;;;;;;;1;;;;
26/08/2011;13:43:00;95;sem vítima;123;BR-101/RJ;Norte;Colisão Traseira;1;;;;1;;;;;;2;;;;
30/08/2011;22:18:00;179;sem vítima;123;BR-101/RJ;Norte;Colisão Traseira;1;;1;;;;;;;;4;;;;