data;horario;n_da_ocorrencia;tipo_de_ocorrencia;km;trecho;sentido;tipo_de_acidente;automovel;bicicleta;caminhao;moto;onibus;outros;tracao_animal;transporte_de_cargas_especiais;trator_maquinas;utilitarios;ilesos;levemente_feridos;moderadamente_feridos;gravemente_feridos;mortos
10/01/2015;01:07:00;11;sem vítima;168;BR-101/RJ;Sul;Colisão Frontal;;;1;;;1;;;;;2;;;;
02/06/2010;13:18:00;104;com vítima;169;BR-101/RJ;Sul;Colisão Frontal;2;;1;;;;;;;;2;1;3;;
22/08/2010;18:48:00;133;com vítima;169;BR-101/RJ;Sul;Colisão Transversal;2;;;;;;;;;;9;;1;;
08/01/2011;07:55:00;69;com vítima;169;BR-101/RJ;Sul;Saida de Pista;1;;;;;;;;;;0;2;1;;
11/01/2011;14:20:00;112;sem vítima;169,5;BR-101/RJ;Norte;Capotamento;1;;;;;;;;;;1;;;;
19/01/2011;13:12:00;110;sem vítima;169;BR-101/RJ;Norte;Colisão Transversal;2;;;;;;;;;;3;;;;
24/02/2011;21:12:00;174;sem vítima;169;BR-101/RJ;Norte;Colisão Traseira;;;1;;;1;;;;;2;;;;
06/03/2011;00:56:00;5;sem vítima;320;BR-101/RJ;Sul;Colisão Lateral;1;;;1;;;;;;;2;;;;
20/05/2011;16:34:00;133;com vítima;169;BR-101/RJ;Sul;Colisão Traseira;2;;;;;;;;;;2;1;;;
26/08/2011;04:24:00;15;sem vítima;169;BR-101/RJ;Norte;Saida de Pista;1;;;;;;;;;;1;;;;
03/09/2011;13:19:00;85;sem vítima;169,5;BR-101/RJ;Sul;Colisão Frontal;2;;;;;;;;;;4;;;;
03/10/2011;15:02:00;116;com vítima;169,8000030517578;BR-101/RJ;Sul;Colisão Transversal;2;;;;;;;;;;0;2;;;
17/10/2011;09:54:00;60;sem vítima;169;BR-101/RJ;Sul;Colisão Traseira;2;;;;;;;;;;4;;;;
17/10/2011;09:20:00;55;sem vítima;169,1999969482422;BR-101/RJ;Sul;Colisão Traseira;2;;;;;;;;;;7;;;;
23/10/2011;14:46:00;80;com vítima;169;BR-101/RJ;Sul;Colisão Transversal;2;;;;;;;;;;3;4;;;
22/01/2012;18:05:00;155;sem vítima;169;BR-101/RJ;Sul;Colisão Traseira;2;;;;;;;;;;9;;;;
02/02/2012;08:59:00;64;sem vítima;169,8;BR-101/RJ;Sul;Saida de Pista;;;1;;;;;;;;1;;;;
08/02/2012;17:37:00;154;sem vítima;169;BR-101/RJ;Norte;Colisão Lateral;1;;;;1;;;;;;2;;;;
12/02/2012;13:10:00;73;sem vítima;169;BR-101/RJ;Norte;Colisão Traseira;2;;;;;;;;;;11;;;;
25/02/2012;12:45:00;90;sem vítima;169;BR-101/RJ;Sul;Colisão Transversal;2;;;;;;;;;;6;;;;
09/03/2012;00:56:00;5;sem vítima;169;BR-101/RJ;Norte;Colisão Transversal;1;;1;;;;;;;;2;;;;
08/04/2012;09:37:00;54;sem vítima;169;BR-101/RJ;Norte;Colisão Traseira;1;;;;;1;;;;1;18;;;;
08/04/2012;14:33:00;116;com vítima;169;BR-101/RJ;Sul;Colisão Transversal;2;;;;;;;;;;0;1;1;1;
19/05/2012;09:32:00;62;sem vítima;169,5;BR-101/RJ;Sul;Choque - Suporte de Sinalização;1;;;;;;;;;;1;;;;
29/05/2012;08:26:00;45;sem vítima;169,5;BR-101/RJ;Norte;Saida de Pista;1;;;;;1;;;;;3;;;;
05/06/2012;11:36:00;71;com vítima;169,7;BR-101/RJ;Sul;Tombamento;;;1;;;;;;;;1;1;;;
06/07/2012;13:51:00;122;sem vítima;169;BR-101/RJ;Sul;Colisão Lateral;1;;1;;;;;;;;4;;;;
12/07/2012;17:35:00;151;com vítima;169,667;BR-101/RJ;Sul;Colisão Lateral;2;;;;;;;;;;0;4;;;
12/08/2012;04:01:00;26;sem vítima;169;BR-101/RJ;Sul;Colisão Lateral;1;;1;;;;;;;;7;;;;
20/08/2012;11:30:00;83;sem vítima;169;BR-101/RJ;Sul;Colisão Lateral;;;;1;1;;;;;;22;;;;
23/08/2012;02:47:00;13;sem vítima;169;BR-101/RJ;Sul;Atropelamento de Animal;;;1;;;1;;;;;2;;;;
26/08/2012;16:06:00;104;com vítima;169,664;BR-101/RJ;Norte;Colisão Transversal;2;;;;;;;;;;4;1;;;
04/09/2012;16:37:00;136;sem vítima;169,5;BR-101/RJ;Norte;Colisão Lateral;1;;1;;;;;;;;3;;;;
17/09/2012;10:53:00;88;sem vítima;169,5;BR-101/RJ;Sul;Colisão Lateral;1;;;;;1;;;;;2;;;;
22/11/2012;15:21:00;128;com vítima;169;BR-101/RJ;Norte;Colisão Transversal;1;;;1;;;;;;;2;1;;;
26/11/2012;11:51:00;98;com vítima;169;BR-101/RJ;Norte;Saida de Pista;1;;;;;;;;;;0;1;;;
06/12/2012;08:55:00;68;sem vítima;169;BR-101/RJ;Norte;Colisão Traseira;1;;1;;;;;;;;4;;;;
09/12/2012;20:51:00;190;com vítima;169;BR-101/RJ;Norte;Saida de Pista;1;;;;;;;;;;3;2;;;
17/12/2012;15:35:00;133;com vítima;169,5;BR-101/RJ;Norte;Colisão Transversal;1;;1;;;;;;;;2;;2;;
22/12/2012;08:25:00;71;sem vítima;169,7;BR-101/RJ;Sul;Colisão Traseira;2;;;;;;;;;;5;;;;
23/12/2012;08:54:00;53;com vítima;169,661;BR-101/RJ;Sul;Colisão Frontal;2;;;;;;;;;;1;2;;;
06/01/2013;06:14:00;22;com vítima;169;BR-101/RJ;Norte;Saida de Pista;1;;;;;;;;;;0;2;;;
09/01/2013;17:46:00;173;com vítima;169,7;BR-101/RJ;Sul;Colisão Transversal;2;;;;;;;;;;3;4;;;
16/01/2013;11:57:00;98;sem vítima;169;BR-101/RJ;Norte;Engavetamento;3;;;;;;;;;;3;;;;
17/01/2013;03:35:00;17;sem vítima;169;BR-101/RJ;Norte;Colisão Traseira;;;2;;;;;;;;2;;;;
19/02/2013;12:57:00;114;sem vítima;169;BR-101/RJ;Sul;Colisão Traseira;2;;;;;;;;;;3;;;;
23/03/2013;10:42:00;78;sem vítima;169;BR-101/RJ;Sul;Colisão Traseira;1;;1;;;;;;;;5;;;;
26/03/2013;11:01:00;95;sem vítima;169,6;BR-101/RJ;Norte;Colisão Lateral;1;;;;;1;;;;;4;;;;
29/04/2013;07:27:00;40;sem vítima;169;BR-101/RJ;Norte;Colisão Traseira;1;;;;;1;;;;;2;;;;
17/05/2013;05:05:00;21;sem vítima;169,5;BR-101/RJ;Sul;Saida de Pista;;;1;;;;;;;;1;;;;
14/09/2013;05:22:00;36;sem vítima;169;BR-101/RJ;Sul;Colisão Traseira;1;;;;;;;;;1;4;;;;
26/09/2013;10:34:00;85;sem vítima;169;BR-101/RJ;Sul;Colisão Traseira;1;;;;1;;;;;;2;;;;
16/10/2013;10:16:00;71;sem vítima;169;BR-101/RJ;Sul;Colisão Traseira;;;;1;;;;;;;1;;;;
31/10/2013;15:57:00;92;sem vítima;169,122;BR-101/RJ;Sul;Engavetamento;1;;1;;;;;;;1;6;;;;
12/11/2013;16:59:00;165;com vítima;169,606;BR-101/RJ;Norte;Choque - Defensa, barreira ou "submarino";1;;;;;;;;;;0;2;;;
18/11/2013;03:34:00;30;sem vítima;169,9;BR-101/RJ;Norte;Choque - Defensa, barreira ou "submarino";1;;;;;;;;;;5;;;;
12/12/2013;15:20:00;144;sem vítima;169,104;BR-101/RJ;Sul;Saida de Pista;1;;;;;;;;;;2;;;;
25/12/2013;11:55:00;67;com vítima;169,5;BR-101/RJ;Sul;Choque - Suporte de Sinalização;1;;;;;;;;;;2;1;1;;
14/01/2014;07:45:00;38;com vítima;169,975;BR-101/RJ;Norte;Colisão Traseira;1;;;;;;;;;1;7;;1;;
11/02/2014;07:14:00;44;com vítima;169,89;BR-101/RJ;Norte;Colisão Frontal;2;;;;;;;;;;1;2;1;1;2
14/02/2014;08:42:00;70;sem vítima;169,716;BR-101/RJ;Sul;Colisão Frontal;2;;;;;;;;;;4;;;;
19/02/2014;09:09:00;68;sem vítima;169,084;BR-101/RJ;Sul;Tombamento;;;;;;;;;;1;1;;;;
09/05/2014;21:59:00;185;sem vítima;169,714;BR-101/RJ;Norte;Saida de Pista;1;;;;;;;;;;1;;;;
11/07/2014;19:27:00;162;com vítima;169;BR-101/RJ;Sul;Colisão Frontal;2;;;;;;;;;;6;3;;;
08/09/2014;09:34:00;66;com vítima;169;BR-101/RJ;Norte;Queda de Moto;;;;1;;;;;;;0;1;;;
23/09/2014;14:16:00;103;sem vítima;169;BR-101/RJ;Norte;Colisão Lateral;;;2;;;;;;;;4;;;;
06/10/2014;19:09:00;170;com vítima;169,24;BR-101/RJ;Norte;Colisão Lateral;1;;1;;;;;;;;1;3;;;
08/11/2014;17:43:00;135;com vítima;169,123;BR-101/RJ;Norte;Saida de Pista;1;;;;;;;;;;4;1;;;
30/11/2014;16:28:00;116;com vítima;169,538;BR-101/RJ;Norte;Choque - Talude;1;;;;;;;;;;0;1;;;
09/03/2015;23:23:00;192;com vítima;169;BR-101/RJ;Norte;Capotamento;1;;;;;;;;;;1;0;1;0;0
29/03/2015;16:39:00;95;sem vítima;169,075;BR-101/RJ;Sul;Saida de Pista;1;;;;;;;;;;1;0;0;0;0
30/04/2015;14:34:00;130;sem vítima;169,078;BR-101/RJ;Norte;Saida de Pista;1;;;;;;;;;;3;;;;
04/05/2015;02:25:00;12;com vítima;169,05;BR-101/RJ;Sul;Saida de Pista;1;;;;;;;;;;0;5;;3;1
08/05/2015;15:20:00;142;sem vítima;169;BR-101/RJ;Norte;Colisão Lateral;1;;1;;;;;;;;2;;;;
26/08/2015;15:10:00;129;com vítima;169;BR-101/RJ;Norte;Queda de Moto;;;;1;;;;;;;0;;1;;
02/09/2015;08:18:00;56;sem vítima;169;BR-101/RJ;Sul;Choque - Defensa, barreira ou "submarino";1;;;;;;;;;;1;;;;
14/09/2015;15:13:00;164;sem vítima;169;BR-101/RJ;Norte;Choque - Talude;1;;;;;;;;;;3;;;;
29/10/2015;09:08:00;78;sem vítima;169,507;BR-101/RJ;Norte;Choque - Defensa, barreira ou "submarino";1;;;;;;;;;;1;;;;
27/11/2015;11:48:00;132;com vítima;169,87;BR-101/RJ;Norte;Colisão Frontal;3;;1;;;;;;;;6;;1;;
03/12/2015;07:48:00;48;com vítima;169,146;BR-101/RJ;Norte;Colisão Transversal;1;;1;;;;;;;;1;;1;;
16/12/2015;15:07:00;170;com vítima;169;BR-101/RJ;Norte;Choque - Defensa, barreira ou "submarino";;;1;;;;;;;;1;1;;;
23/12/2015;08:20:00;67;com vítima;169;BR-101/RJ;Sul;Colisão Frontal;1;;;;;;;;;1;4;;1;;
23/12/2015;21:32:00;256;sem vítima;169;BR-101/RJ;Norte;Colisão Lateral;1;;;;;1;;;;;3;;;;
27/12/2015;05:32:00;28;sem vítima;169;BR-101/RJ;Norte;Saida de Pista;;;1;;;;;;;;4;;;;
03/01/2010;07:02:00;25;sem vítima;170;BR-101/RJ;Norte;Colisão Traseira;2;;;;;;;;;;2;;;;
08/01/2010;16:03:00;131;com vítima;170;BR-101/RJ;Norte;Colisão Lateral;1;;1;;;;;;;;6;2;;;
29/01/2010;10:38:00;85;sem vítima;170;BR-101/RJ;Sul;Colisão Lateral;2;;;;;;;;;;2;;;;
31/01/2010;11:21:00;80;com vítima;170;BR-101/RJ;Sul;Colisão Transversal;;;;1;;;;;;1;3;;1;;
31/01/2010;18:28:00;165;com vítima;170;BR-101/RJ;Sul;Queda de Moto;;;;1;;;;;;;1;1;;;
05/02/2010;09:01:00;69;com vítima;170;BR-101/RJ;Sul;Colisão Lateral;1;;1;;;;;;;;2;;2;;
12/02/2010;10:57:00;111;sem vítima;170;BR-101/RJ;Norte;Colisão Traseira;1;;1;;;;;;;;3;;;;
13/02/2010;18:53:00;402;com vítima;170;BR-101/RJ;Sul;Atropelamento - Funcionário;2;;;;;;;;;;2;1;;;
05/03/2010;14:20:00;124;com vítima;170;BR-101/RJ;Sul;Colisão Transversal;1;;1;;;;;;;;2;;1;;
08/03/2010;10:23:00;79;sem vítima;170;BR-101/RJ;Norte;Colisão Traseira;2;;;;;;;;;;2;;;;
11/03/2010;11:44:00;85;sem vítima;170;BR-101/RJ;Norte;Colisão Lateral;2;;;;;;;;;;3;;;;
31/03/2010;13:15:00;102;com vítima;170;BR-101/RJ;Norte;Colisão Lateral;1;;;;;;;;;1;3;2;2;1;
02/04/2010;06:38:00;45;sem vítima;170;BR-101/RJ;Norte;Colisão Lateral;;;1;;;1;;;;;2;;;;
02/04/2010;13:01:00;116;sem vítima;170;BR-101/RJ;Sul;Colisão Traseira;1;;;;1;;;;;;2;;;;
04/04/2010;10:39:00;54;sem vítima;170;BR-101/RJ;Sul;Saida de Pista;1;;;;;;;;;;1;;;;
04/04/2010;17:11:00;157;sem vítima;170;BR-101/RJ;Norte;Colisão Lateral;1;;1;;;;;;;;4;;;;
18/04/2010;15:01:00;79;sem vítima;170;BR-101/RJ;Sul;Colisão Traseira;1;;;;1;;;;;;2;;;;
28/04/2010;18:14:00;155;sem vítima;170;BR-101/RJ;Norte;Colisão Lateral;1;;1;;;;;;;;3;;;;
04/05/2010;14:02:00;111;com vítima;170;BR-101/RJ;Norte;Colisão Transversal;1;;1;;;;;;;;1;1;1;;
07/05/2010;17:23:00;189;sem vítima;170;BR-101/RJ;Norte;Colisão Lateral;1;;1;;;;;;;;3;;;;
29/05/2010;00:30:00;3;sem vítima;170;BR-101/RJ;Norte;Queda de Moto;;;;1;;;;;;;1;;;;
02/06/2010;17:28:00;146;com vítima;170;BR-101/RJ;Norte;Colisão Lateral;1;;1;;;;;;;;1;;1;;
06/06/2010;14:37:00;89;com vítima;170;BR-101/RJ;Norte;Colisão Frontal;2;;;;;;;;;;3;1;1;;
18/07/2010;15:33:00;122;sem vítima;170;BR-101/RJ;Sul;Colisão Transversal;1;;1;;;;;;;;2;;;;
20/07/2010;13:26:00;103;com vítima;170;BR-101/RJ;Norte;Colisão Lateral;1;;;1;;;;;;;1;;2;;
21/07/2010;19:03:00;198;com vítima;170;BR-101/RJ;Norte;Tombamento;2;;1;;;;;;;;1;7;2;;
23/07/2010;12:40:00;86;sem vítima;170;BR-101/RJ;Sul;Colisão Traseira;1;;;;1;;;;;;3;;;;
27/07/2010;09:02:00;55;com vítima;170;BR-101/RJ;Norte;Colisão Lateral;1;;1;;;;;;;;1;1;5;;
01/08/2010;15:23:00;133;com vítima;170;BR-101/RJ;Sul;Colisão Transversal;2;;;;;;;;;;2;1;1;;
02/08/2010;16:51:00;169;com vítima;170;BR-101/RJ;Sul;Colisão Transversal;1;;1;;;;;;;;4;1;;;
02/08/2010;17:29:00;181;sem vítima;170;BR-101/RJ;Sul;Colisão Transversal;;;1;;;1;;;;;2;;;;
13/08/2010;10:02:00;67;sem vítima;170;BR-101/RJ;Norte;Colisão Traseira;1;;;;;1;;;;;3;;;;
14/08/2010;11:37:00;101;sem vítima;170;BR-101/RJ;Norte;Colisão Transversal;2;;;;;;;;;;3;;;;
18/08/2010;19:47:00;151;com vítima;170;BR-101/RJ;Sul;Colisão Lateral;1;;1;;;;;;;;1;2;;;
26/08/2010;18:08:00;161;com vítima;170;BR-101/RJ;Norte;Colisão Lateral;;;1;1;;;;;;;1;;;2;
31/08/2010;18:46:00;177;sem vítima;170;BR-101/RJ;Norte;Atropelamento de Animal;;;1;;;;;;;;1;;;;
19/09/2010;20:49:00;151;com vítima;170;BR-101/RJ;Norte;Colisão Traseira;1;;1;;;;;;;;3;;1;;
08/10/2010;21:18:00;175;com vítima;170;BR-101/RJ;Sul;Colisão Transversal;1;;1;;;;;;;;3;1;;2;
25/10/2010;04:38:00;25;sem vítima;170;BR-101/RJ;Norte;Colisão Frontal;1;;;;1;;;;;;38;;;;
11/11/2010;13:48:00;108;com vítima;170;BR-101/RJ;Sul;Colisão Frontal;1;;1;;;;;;;;3;;1;;
22/11/2010;18:04:00;172;sem vítima;170;BR-101/RJ;Norte;Colisão Lateral;1;;1;;;;;;;;5;;;;
27/12/2010;15:30:00;127;com vítima;170;BR-101/RJ;Sul;Colisão Transversal;1;;1;;;;;;;;2;2;;;
29/12/2010;09:34:00;71;com vítima;170;BR-101/RJ;Norte;Colisão Lateral;2;;;;;;;;;;3;2;1;;
13/01/2011;10:49:00;63;sem vítima;170;BR-101/RJ;Norte;Colisão Lateral;1;;1;;;;;;;;2;;;;
16/01/2011;19:11:00;203;sem vítima;170;BR-101/RJ;Sul;Colisão Transversal;2;;;;;;;;;;6;;;;
31/01/2011;03:51:00;17;com vítima;170;BR-101/RJ;Norte;Colisão Transversal;1;;1;;;;;;;;6;;1;;
05/02/2011;12:55:00;114;com vítima;170;BR-101/RJ;Norte;Saida de Pista;;;1;;;;;;;;0;;1;;
06/03/2011;03:48:00;23;sem vítima;303;BR-101/RJ;Norte;Colisão Traseira;2;;;;;;;;;;2;;;;
06/03/2011;07:52:00;44;sem vítima;255;BR-101/RJ;Norte;Engavetamento;3;;;;;;;;;;11;;;;
06/03/2011;08:11:00;47;sem vítima;292;BR-101/RJ;Norte;Colisão Traseira;2;;;;;;;;;;2;;;;
06/03/2011;08:40:00;54;sem vítima;59;BR-101/RJ;Sul;Colisão Lateral;1;;1;;;;;;;;2;;;;
06/05/2011;10:01:00;49;sem vítima;170;BR-101/RJ;Norte;Colisão Traseira;1;;;;1;;;;;;2;;;;
07/05/2011;10:53:00;74;sem vítima;170;BR-101/RJ;Sul;Colisão Traseira;1;;;;1;;;;;;4;;;;
12/05/2011;01:14:00;6;sem vítima;170;BR-101/RJ;Norte;Choque - Poste;;;1;;;;;;;;1;;;;
14/05/2011;03:59:00;19;sem vítima;170;BR-101/RJ;Norte;Saida de Pista;;;;;;;;;;1;1;;;;
25/05/2011;17:32:00;143;sem vítima;170;BR-101/RJ;Sul;Colisão Transversal;2;;;;;;;;;;3;;;;
12/06/2011;14:34:00;95;com vítima;170;BR-101/RJ;Norte;Colisão Transversal;1;;1;;;;;;;;1;;3;;2
22/06/2011;07:46:00;44;sem vítima;170,8000030517578;BR-101/RJ;Sul;Saida de Pista;;;;;;;;;;1;1;;;;
26/06/2011;23:28:00;206;sem vítima;170;BR-101/RJ;Sul;Colisão Lateral;1;;1;;;;;;;;5;;;;
30/08/2011;17:29:00;146;sem vítima;170;BR-101/RJ;Norte;Colisão Traseira;;;;;1;;;;;1;2;;;;
01/09/2011;16:22:00;116;sem vítima;170;BR-101/RJ;Norte;Colisão Lateral;1;;1;;;;;;;;4;;;;
01/09/2011;19:16:00;146;sem vítima;170;BR-101/RJ;Sul;Atropelamento de Animal;;;1;;;;;;;;1;;;;
11/09/2011;23:39:00;190;com vítima;170,89999389648438;BR-101/RJ;Sul;Capotamento;1;;;;;;;;;;0;1;;;
27/09/2011;15:19:00;107;com vítima;170;BR-101/RJ;Norte;Colisão Lateral;2;;;;;;;;;;1;1;;;
27/09/2011;19:31:00;160;com vítima;170,5;BR-101/RJ;Sul;Colisão Transversal;1;;;1;;;;;;;3;;;;2
06/10/2011;16:56:00;154;sem vítima;170;BR-101/RJ;Sul;Colisão Lateral;1;;1;;;;;;;;6;;;;
25/10/2011;07:55:00;53;com vítima;170;BR-101/RJ;Sul;Colisão Traseira;1;;1;;;;;;;;1;1;;;
21/11/2011;08:13:00;55;sem vítima;170;BR-101/RJ;Norte;Colisão Traseira;2;;;;;;;;;;5;;;;
25/11/2011;16:10:00;117;sem vítima;170;BR-101/RJ;Sul;Colisão Traseira;2;;;;;;;;;;2;;;;
02/12/2011;12:10:00;97;sem vítima;170;BR-101/RJ;Norte;Saida de Pista;1;;;;;;;;;;1;;;;
11/01/2012;08:44:00;60;com vítima;170;BR-101/RJ;Norte;Colisão Transversal;1;;;;;;;;;1;0;2;1;;
07/02/2012;11:55:00;82;sem vítima;170,1;BR-101/RJ;Norte;Colisão Traseira;1;;;;;1;;;;;2;;;;
12/02/2012;14:56:00;95;sem vítima;170;BR-101/RJ;Norte;Colisão Traseira;2;;;;;;;;;;2;;;;
12/02/2012;09:01:00;41;sem vítima;170,5;BR-101/RJ;Sul;Saida de Pista;1;;;;;;;;;;1;;;;
12/02/2012;11:49:00;65;com vítima;170,5;BR-101/RJ;Norte;Colisão Traseira;3;;2;;;;;;;1;7;3;;;
13/02/2012;10:14:00;78;sem vítima;170;BR-101/RJ;Norte;Colisão Traseira;1;;;;1;;;;;;3;;;;
25/02/2012;17:42:00;153;com vítima;170;BR-101/RJ;Sul;Capotamento;1;;;;;;;;;;0;1;;;
18/04/2012;22:08:00;150;sem vítima;170;BR-101/RJ;Norte;Colisão Transversal;2;;;;;;;;;;3;;;;
05/12/2012;07:42:00;42;sem vítima;170;BR-101/RJ;Sul;Colisão Traseira;;;2;;;;;;;;3;;;;
15/12/2012;12:10:00;92;sem vítima;170;BR-101/RJ;Sul;Colisão Lateral;1;;;;;1;;;;;6;;;;
01/01/2013;17:53:00;168;com vítima;170,6;BR-101/RJ;Norte;Queda de Moto;;;;1;;;;;;;0;1;1;;
31/01/2013;13:39:00;99;com vítima;170,1;BR-101/RJ;Norte;Colisão Traseira;1;;;1;;;;;;;1;2;;;
26/02/2013;07:24:00;35;sem vítima;170,605;BR-101/RJ;Norte;Colisão Traseira;1;;1;;;;;;;;3;;;;
31/03/2013;08:54:00;48;com vítima;170;BR-101/RJ;Sul;Engavetamento;3;;;;;;;;;;3;1;2;;
15/04/2013;11:14:00;87;sem vítima;170;BR-101/RJ;Norte;Colisão Traseira;1;;1;;;1;;;;;6;;;;
22/04/2013;08:18:00;40;sem vítima;170;BR-101/RJ;Norte;Colisão Traseira;1;;;;;;;;;1;3;;;;
30/05/2013;12:29:00;78;sem vítima;170;BR-101/RJ;Norte;Engavetamento;3;;;;;;;;;;9;;;;
12/06/2013;08:41:00;45;sem vítima;170;BR-101/RJ;Norte;Engavetamento;;;2;;1;;;;;;7;;;;
13/06/2013;09:15:00;57;sem vítima;170;BR-101/RJ;Norte;Engavetamento;3;;;;;;;;;;4;;;;
18/06/2013;07:24:00;42;sem vítima;170,4;BR-101/RJ;Norte;Engavetamento;3;;;;;;;;;;13;;;;
24/06/2013;21:40:00;158;sem vítima;170;BR-101/RJ;Sul;Colisão Traseira;2;;;;;;;;;;3;;;;
05/07/2013;08:16:00;43;sem vítima;170,244;BR-101/RJ;Norte;Colisão Traseira;1;;1;;;1;;;;;3;;;;
23/07/2013;16:50:00;117;sem vítima;170,272;BR-101/RJ;Norte;Colisão Traseira;2;;;;;;;;;;4;;;;
25/07/2013;14:04:00;91;sem vítima;170;BR-101/RJ;Norte;Colisão Traseira;1;;1;;;;;;;;3;;;;
01/08/2013;11:51:00;89;sem vítima;170;BR-101/RJ;Sul;Colisão Traseira;2;;;;;;;;;;3;;;;
27/08/2013;09:28:00;49;sem vítima;170,4;BR-101/RJ;Norte;Engavetamento;3;;;;;;;;;;4;;;;
28/08/2013;09:27:00;47;com vítima;170,4;BR-101/RJ;Norte;Colisão Traseira;2;;;;;;;;;;2;1;;;
10/09/2013;17:34:00;137;com vítima;170,111;BR-101/RJ;Sul;Colisão Traseira;;;;1;;1;;;;;1;1;;;
28/09/2013;08:58:00;60;com vítima;170;BR-101/RJ;Sul;Queda de Moto;;;;1;;;;;;;0;1;;;
25/10/2013;07:09:00;39;sem vítima;170,332;BR-101/RJ;Sul;Colisão Frontal;2;;;;;;;;;;4;;;;
28/10/2013;05:49:00;17;com vítima;170;BR-101/RJ;Sul;Queda de Moto;;;;1;;;;;;;0;;1;;
07/11/2013;16:53:00;128;com vítima;170;BR-101/RJ;Norte;Engavetamento;3;;;;;;;;;;2;2;;;
05/12/2013;09:02:00;66;sem vítima;170;BR-101/RJ;Norte;Colisão Traseira;1;;1;;;;;;;;2;;;;
15/01/2014;10:21:00;79;sem vítima;170;BR-101/RJ;Norte;Colisão Lateral;1;;1;;;;;;;;3;;;;
19/01/2014;12:06:00;81;sem vítima;170,287;BR-101/RJ;Norte;Colisão Traseira;2;;;;;;;;;;4;;;;
26/01/2014;07:01:00;27;sem vítima;170,523;BR-101/RJ;Norte;Colisão Traseira;1;;1;;;;;;;;3;;;;
07/04/2014;20:58:00;207;sem vítima;170;BR-101/RJ;Sul;Atropelamento de Animal;;;1;;;;;;;;1;;;;
17/04/2014;09:46:00;58;com vítima;170;BR-101/RJ;Norte;Queda de Moto;;;;1;;;;;;;0;1;;;
19/05/2014;19:10:00;154;sem vítima;170;BR-101/RJ;Norte;Colisão Transversal;1;;1;;;;;;;;8;;;;
13/06/2014;10:04:00;73;com vítima;170;BR-101/RJ;Sul;Queda de Moto;;;;1;;;;;;;0;1;;;
04/07/2014;00:15:00;2;sem vítima;170;BR-101/RJ;Sul;Engavetamento;;;3;;;;;;;;3;;;;
21/10/2014;05:06:00;22;sem vítima;170;BR-101/RJ;Sul;Colisão Transversal;1;;1;;;;;;;;4;;;;
26/11/2014;09:43:00;64;sem vítima;170,062;BR-101/RJ;Sul;Colisão Lateral;1;;1;;;;;;;;3;;;;
29/12/2014;16:05:00;127;sem vítima;170;BR-101/RJ;Sul;Colisão Lateral;2;;;;;;;;;;2;;;;
03/01/2015;13:56:00;87;com vítima;170;BR-101/RJ;Norte;Queda de Moto;;;;1;;;;;;;0;1;;;
13/02/2015;17:46:00;184;sem vítima;170;BR-101/RJ;Norte;Saida de Pista;1;;;;;1;;;;;4;0;0;0;0
14/02/2015;00:21:00;6;sem vítima;170;BR-101/RJ;Sul;Colisão Traseira;1;;;;;;;;;1;5;0;0;0;0
24/02/2015;01:24:00;6;com vítima;170;BR-101/RJ;Norte;Saida de Pista;1;;;;;;;;;;0;1;;;
20/07/2015;22:53:00;211;sem vítima;170;BR-101/RJ;Sul;Colisão Traseira;1;;;;1;;;;;;4;;;;
02/08/2015;03:56:00;14;sem vítima;170;BR-101/RJ;Sul;Queda de Moto;;;;1;;;;;;;2;;;;
15/08/2015;11:03:00;71;sem vítima;170;BR-101/RJ;Sul;Colisão Transversal;2;;;;;;;;;;4;;;;
12/02/2010;11:00:00;113;sem vítima;171;BR-101/RJ;Norte;Colisão Traseira;1;;;;;;;;;1;6;;;;
15/09/2010;07:52:00;43;sem vítima;171;BR-101/RJ;Norte;Colisão Traseira;1;;;;;;;;;1;2;;;;
24/01/2011;10:59:00;98;sem vítima;171;BR-101/RJ;Norte;Colisão Traseira;2;;;;;;;;;;2;;;;
06/03/2011;09:04:00;59;com vítima;303;BR-101/RJ;Sul;Choque - Defensa, barreira ou "submarino";1;;;;;;;;;;0;1;;;
05/06/2011;19:35:00;128;sem vítima;171;BR-101/RJ;Norte;Saida de Pista;;;1;;;;;;;;1;;;;
16/06/2011;19:22:00;164;sem vítima;171;BR-101/RJ;Norte;Colisão Traseira;;;1;;1;;;;;;39;;;;
13/08/2011;06:55:00;51;sem vítima;171;BR-101/RJ;Norte;Colisão Lateral;1;;2;;;;;;;;5;;;;
28/09/2011;08:13:00;38;com vítima;171;BR-101/RJ;Sul;Queda de Moto;;;;1;;;;;;;0;1;;;
30/01/2012;12:19:00;100;com vítima;171,5;BR-101/RJ;Norte;Colisão Frontal;1;;1;;;;;;;;1;;;;1
15/02/2012;16:24:00;131;com vítima;171;BR-101/RJ;Sul;Colisão Lateral;1;;1;;;;;;;;4;1;;;
01/08/2012;19:20:00;179;sem vítima;171,8;BR-101/RJ;Sul;Tombamento;;;1;;;;;;;;1;;;;
06/10/2012;16:31:00;150;com vítima;171;BR-101/RJ;Norte;Capotamento;1;;;;;;;;;;0;;1;;
21/10/2012;01:47:00;10;sem vítima;171,542;BR-101/RJ;Sul;Saida de Pista;;;1;;;;;;;;1;;;;
26/12/2012;06:54:00;36;sem vítima;171;BR-101/RJ;Sul;Colisão Lateral;2;;;;;;;;;;2;;;;
06/03/2014;00:10:00;2;sem vítima;171;BR-101/RJ;Sul;Atropelamento de Animal;;;;;;1;;;;;1;;;;