data;horario;n_da_ocorrencia;tipo_de_ocorrencia;km;trecho;sentido;tipo_de_acidente;automovel;bicicleta;caminhao;moto;onibus;outros;tracao_animal;transporte_de_cargas_especiais;trator_maquinas;utilitarios;ilesos;levemente_feridos;moderadamente_feridos;gravemente_feridos;mortos
11/05/2013;13:48:00;103;com vítima;180;BR-101/RJ;Norte;Colisão Traseira;;;2;;;;;;;;1;1;;;
18/05/2013;17:15:00;126;sem vítima;180;BR-101/RJ;Sul;Saida de Pista;1;;;;;;;;;;4;;;;
23/05/2013;04:01:00;13;com vítima;180;BR-101/RJ;Sul;Capotamento;1;;;;;;;;;;0;2;;;
22/07/2013;08:11:00;41;com vítima;180,1;BR-101/RJ;Sul;Saida de Pista;1;;;;;;;;;;0;1;;;
10/08/2013;08:32:00;48;com vítima;180,4;BR-101/RJ;Sul;Saida de Pista;2;;;;;;;;;;0;2;;;
19/09/2013;10:41:00;82;sem vítima;180;BR-101/RJ;Sul;Colisão Traseira;2;;;;;;;;;;3;;;;
02/10/2013;12:56:00;86;com vítima;180,2;BR-101/RJ;Norte;Saida de Pista;1;;;;;;;;;;0;;1;;
05/10/2013;18:06:00;130;com vítima;180,506;BR-101/RJ;Norte;Capotamento;1;;;;;;;;;;0;1;;;
06/11/2013;12:45:00;95;com vítima;180;BR-101/RJ;Norte;Saida de Pista;1;;;;;;;;;;2;1;;;
25/11/2013;05:55:00;24;com vítima;180,452;BR-101/RJ;Sul;Colisão Frontal;1;;1;;;;;;;;1;2;;;
03/12/2013;03:01:00;11;sem vítima;180;BR-101/RJ;Sul;Colisão Lateral;;;1;;;1;;;;;2;;;;
15/02/2014;16:53:00;154;com vítima;180;BR-101/RJ;Sul;Capotamento;1;;;;;;;;;;0;1;;;
18/02/2014;10:37:00;86;com vítima;180,5;BR-101/RJ;Norte;Saida de Pista;;;1;;;;;;;;1;1;;;
02/04/2014;17:12:00;154;sem vítima;180;BR-101/RJ;Norte;Saida de Pista;1;;;;;;;;;;1;;;;
24/05/2014;07:16:00;38;sem vítima;180,475;BR-101/RJ;Sul;Capotamento;1;;;;;;;;;;1;;;;
26/05/2014;09:28:00;68;com vítima;180;BR-101/RJ;Sul;Saida de Pista;1;;;;;1;;;;;1;1;;;
16/07/2014;23:29:00;182;sem vítima;180,948;BR-101/RJ;Norte;Saida de Pista;1;;;;;;;;;;1;;;;
03/10/2014;05:36:00;15;sem vítima;180;BR-101/RJ;Norte;Saida de Pista;1;;;;;;;;;;1;;;;
06/10/2014;06:04:00;39;sem vítima;180,505;BR-101/RJ;Sul;Saida de Pista;1;;;;;;;;;;1;;;;
23/10/2014;22:47:00;188;sem vítima;180,45;BR-101/RJ;Norte;Saida de Pista;1;;;;;;;;;;1;;;;
16/11/2014;11:44:00;60;sem vítima;180;BR-101/RJ;Sul;Saida de Pista;1;;;;;;;;;;4;;;;
24/11/2014;05:10:00;26;com vítima;180;BR-101/RJ;Sul;Saida de Pista;1;;;;;;;;;;0;1;;;
12/01/2015;19:27:00;179;sem vítima;180,776;BR-101/RJ;Sul;Colisão Traseira;2;;1;;;;;;;;3;;;;
21/09/2015;09:37:00;81;sem vítima;180,503;BR-101/RJ;Norte;Choque - Defensa, barreira ou "submarino";1;;;;;;;;;;1;;;;
01/03/2010;16:07:00;132;sem vítima;181;BR-101/RJ;Norte;Capotamento;1;;;;;;;;;;1;;;;
23/05/2010;21:30:00;175;com vítima;181;BR-101/RJ;Sul;Capotamento;1;;;;1;;;;;;1;;1;;
25/10/2010;02:12:00;13;sem vítima;181;BR-101/RJ;Norte;Atropelamento de Animal;;;1;;;;;;;;1;;;;
20/12/2010;07:38:00;31;sem vítima;181;BR-101/RJ;Norte;Colisão Lateral;1;;;;;1;;;;;2;;;;
03/06/2011;20:27:00;201;com vítima;181;BR-101/RJ;Sul;Colisão Traseira;;;1;;;;;;;1;1;;1;;
07/06/2011;22:06:00;190;com vítima;181;BR-101/RJ;Sul;Saida de Pista;;;1;;;;;;;;0;1;;1;
11/06/2011;22:09:00;200;com vítima;181;BR-101/RJ;Norte;Saida de Pista;2;;;;;1;;;;;6;1;;;
26/09/2011;07:55:00;37;sem vítima;181;BR-101/RJ;Norte;Colisão Lateral;1;;1;;;;;;;;3;;;;
01/10/2011;06:31:00;26;sem vítima;181;BR-101/RJ;Sul;Saida de Pista;1;;;;;;;;;;2;;;;
15/11/2011;20:28:00;162;com vítima;181;BR-101/RJ;Sul;Saida de Pista;1;;;;;;;;;;0;1;1;;
02/12/2011;10:01:00;78;sem vítima;181;BR-101/RJ;Norte;Colisão Frontal;;;2;;;;;;;;2;;;;
05/01/2012;21:28:00;207;com vítima;181,8;BR-101/RJ;Norte;Colisão Lateral;1;;;1;;;;;;;1;;;1;
02/02/2012;15:10:00;125;com vítima;181;BR-101/RJ;Norte;Saida de Pista;1;;;;;;;;;;1;;1;;
13/05/2012;21:46:00;196;sem vítima;181;BR-101/RJ;Sul;Choque - Talude;1;;;;;;;;;;3;;;;
29/07/2012;12:27:00;80;com vítima;181,5;BR-101/RJ;Sul;Colisão Frontal;2;;;;;;;;;;0;1;;2;
01/08/2012;17:13:00;157;com vítima;181;BR-101/RJ;Norte;Colisão Lateral;;;;1;;1;;;;;1;;1;;
30/10/2012;19:10:00;189;sem vítima;181,8;BR-101/RJ;Norte;Saida de Pista;;;1;;;;;;;;1;;;;
26/11/2012;08:50:00;60;sem vítima;181;BR-101/RJ;Sul;Saida de Pista;;;;;;;;;;1;1;;;;
28/11/2012;17:50:00;150;com vítima;181,712;BR-101/RJ;Sul;Colisão Traseira;2;;;;;;;;;;1;1;;;
18/03/2013;00:17:00;5;sem vítima;181;BR-101/RJ;Sul;Capotamento;1;;;;;;;;;;1;;;;
23/05/2013;04:07:00;15;sem vítima;181,7;BR-101/RJ;Sul;Colisão Transversal;1;;1;;;;;;;;2;;;;
10/07/2013;17:51:00;141;com vítima;181;BR-101/RJ;Norte;Colisão Traseira;;;;1;;1;;;;;1;1;;;
23/03/2014;16:43:00;84;sem vítima;181;BR-101/RJ;Sul;Saida de Pista;1;;;;;;;;;;3;;;;
03/04/2014;14:36:00;127;com vítima;181;BR-101/RJ;Sul;Capotamento;1;;;;;;;;;;0;3;;;
23/05/2014;07:35:00;39;com vítima;181;BR-101/RJ;Norte;Colisão Lateral;1;;1;;;;;;;;0;4;2;;
04/06/2014;15:50:00;130;com vítima;181;BR-101/RJ;Sul;Outros - Sequência;2;;;;;;;;;1;9;1;;;
26/06/2014;20:52:00;165;com vítima;181,8;BR-101/RJ;Sul;Saida de Pista;;;1;;;;;;;;0;;;1;
27/07/2014;19:21:00;142;com vítima;181,6;BR-101/RJ;Sul;Atropelamento - Morador;;;;;;1;;;;;1;;;;1
08/08/2014;09:54:00;70;sem vítima;181;BR-101/RJ;Norte;Colisão Traseira;1;;1;;;;;;;;3;;;;
09/09/2014;11:48:00;73;com vítima;181;BR-101/RJ;Norte;Outros - Sequência;1;;;;;1;;;;;1;1;;;
06/12/2014;09:26:00;51;sem vítima;181;BR-101/RJ;Sul;Colisão Frontal;1;;2;;;;;;;;7;;;;
28/01/2015;03:30:00;12;sem vítima;181;BR-101/RJ;Sul;Colisão Traseira;;;2;;;;;;;;2;;;;
12/10/2015;14:41:00;96;com vítima;181,3;BR-101/RJ;Sul;Queda de Moto;;;;1;;;;;;;0;1;;;
01/03/2010;05:03:00;21;sem vítima;182;BR-101/RJ;Norte;Saida de Pista;1;;;;;;;;;;1;;;;
03/03/2010;19:07:00;161;com vítima;182;BR-101/RJ;Sul;Colisão Lateral;;;;1;;1;;;;;1;;1;;
17/08/2010;19:21:00;161;sem vítima;182;BR-101/RJ;Sul;Colisão Lateral;;;;;1;1;;;;;2;;;;
25/08/2010;06:39:00;26;sem vítima;182;BR-101/RJ;Sul;Colisão Lateral;;;2;;;;;;;;2;;;;
30/10/2010;13:23:00;134;sem vítima;182;BR-101/RJ;Norte;Colisão Traseira;1;;1;;;;;;;;4;;;;
23/12/2010;11:24:00;105;sem vítima;182;BR-101/RJ;Sul;Colisão Traseira;2;;;;;;;;;;4;;;;
04/01/2011;19:18:00;198;com vítima;182;BR-101/RJ;Sul;Saida de Pista;;;;;;;;;;1;0;1;1;;
06/03/2011;11:02:00;79;com vítima;272;BR-101/RJ;Norte;Colisão Transversal;1;;;1;;;;;;;3;;;1;
03/05/2011;21:26:00;160;com vítima;182,8000030517578;BR-101/RJ;Sul;Colisão Lateral;;;2;;;;;;;;1;;1;;
26/05/2011;01:59:00;7;com vítima;182;BR-101/RJ;Sul;Saida de Pista;;;1;;;;;;;;0;;1;;
04/06/2011;13:43:00;104;sem vítima;182;BR-101/RJ;Norte;Saida de Pista;;;1;;;;;;;;1;;;;
26/08/2011;07:41:00;38;sem vítima;182,89999389648438;BR-101/RJ;Norte;Colisão Traseira;;;1;;;1;;;;;4;;;;
29/10/2011;17:45:00;141;com vítima;182;BR-101/RJ;Sul;Saida de Pista;1;;;;;;;;;;0;;;1;
30/10/2011;20:12:00;140;com vítima;182;BR-101/RJ;Sul;Colisão Frontal;1;;1;;;1;;;;;4;;;;1
07/11/2011;18:19:00;159;com vítima;182;BR-101/RJ;Sul;Queda de Moto;;;;1;;;;;;;0;2;;;
03/01/2012;12:35:00;122;com vítima;182;BR-101/RJ;Sul;Outros - Sequência;3;;;;;;;;;;0;2;4;2;
10/02/2012;18:02:00;171;sem vítima;182;BR-101/RJ;Norte;Colisão Transversal;2;;;;;;;;;;6;;;;
05/07/2012;09:29:00;67;sem vítima;182;BR-101/RJ;Sul;Colisão Traseira;;;1;;1;;;;;;2;;;;
06/10/2012;08:39:00;55;com vítima;182;BR-101/RJ;Norte;Saida de Pista;1;;;;;;;;;;3;2;;;
10/11/2012;00:03:00;1;sem vítima;182;BR-101/RJ;Norte;Colisão Traseira;2;;;;;;;;;;4;;;;
23/11/2012;10:48:00;91;com vítima;182,9;BR-101/RJ;Norte;Queda de Moto;;;;1;;1;;;;;1;1;;;
20/12/2012;16:43:00;160;sem vítima;182;BR-101/RJ;Norte;Colisão Traseira;;;1;;;1;;;;;3;;;;
05/02/2013;08:10:00;43;sem vítima;182,1;BR-101/RJ;Norte;Colisão Traseira;1;;1;;;;;;;;3;;;;
18/05/2013;04:26:00;27;com vítima;182,15;BR-101/RJ;Norte;Colisão Frontal;1;;1;;;;;;;;1;1;;1;
07/06/2013;21:18:00;184;sem vítima;182;BR-101/RJ;Norte;Colisão Traseira;2;;;;;;;;;;3;;;;
30/07/2013;15:27:00;101;sem vítima;182;BR-101/RJ;Sul;Colisão Traseira;1;;;;;1;;;;;2;;;;
09/08/2013;17:02:00;127;sem vítima;182;BR-101/RJ;Norte;Colisão Traseira;1;;;1;;;;;;;2;;;;
11/10/2013;17:03:00;162;sem vítima;182;BR-101/RJ;Sul;Colisão Lateral;1;;1;;;;;;;;4;;;;
20/10/2013;18:59:00;135;sem vítima;182;BR-101/RJ;Sul;Colisão Traseira;2;;;;;;;;;;2;;;;
28/11/2013;09:18:00;72;sem vítima;182,575;BR-101/RJ;Sul;Colisão Traseira;1;;;;;;;;;1;6;;;;
27/01/2014;17:20:00;164;sem vítima;182,138;BR-101/RJ;Sul;Engavetamento;2;;1;;;;;;;;7;;;;
27/04/2014;15:25:00;82;sem vítima;182;BR-101/RJ;Sul;Saida de Pista;1;;;;;;;;;;2;;;;
18/05/2014;22:03:00;163;sem vítima;182;BR-101/RJ;Norte;Colisão Traseira;1;;;;;1;;;;;2;;;;
02/06/2014;06:38:00;27;sem vítima;182;BR-101/RJ;Sul;Saida de Pista;1;;;;;;;;;;1;;;;
22/06/2014;14:37:00;83;sem vítima;182;BR-101/RJ;Norte;Saida de Pista;1;;;;;;;;;;1;;;;
11/07/2014;02:22:00;14;com vítima;182;BR-101/RJ;Norte;Colisão Transversal;1;;1;;;;;;;;1;1;;;
28/07/2014;06:43:00;25;sem vítima;182,1;BR-101/RJ;Norte;Saida de Pista;1;;;;;;;;;;2;;;;
06/08/2014;00:10:00;1;com vítima;182,87;BR-101/RJ;Norte;Colisão Frontal;1;;1;;;;;;;;1;;;;1
15/09/2014;17:17:00;138;sem vítima;182;BR-101/RJ;Sul;Colisão Lateral;;;1;;1;;;;;;41;;;;
27/11/2014;21:22:00;157;com vítima;182;BR-101/RJ;Sul;Choque - Poste;;;;1;;;;;;;0;;1;;
06/01/2015;08:34:00;28;com vítima;182;BR-101/RJ;Sul;Saida de Pista;1;;;;;1;;;;;1;1;;;
05/02/2015;11:40:00;58;sem vítima;182;BR-101/RJ;Sul;Outros - Sequência;;;2;;;;;;;;2;0;0;0;0
21/03/2015;11:56:00;85;com vítima;182;BR-101/RJ;Sul;Colisão Transversal;1;;;;;;;;;1;1;3;0;0;0
08/08/2015;10:49:00;87;sem vítima;182,485;BR-101/RJ;Norte;Capotamento;1;;;;;;;;;;1;;;;
30/08/2015;20:52:00;155;com vítima;182;BR-101/RJ;Norte;Atropelamento de Animal;;;;;;;;;;1;0;1;;;
18/10/2015;12:19:00;61;sem vítima;182;BR-101/RJ;Norte;Saida de Pista;;;;;;;;;;1;3;;;;
18/10/2015;04:19:00;11;com vítima;182,6;BR-101/RJ;Sul;Capotamento;1;;;;;;;;;;1;1;;;
07/12/2015;07:58:00;53;sem vítima;182,731;BR-101/RJ;Norte;Colisão Traseira;;;2;;;;;;;;2;;;;
17/09/2010;11:44:00;85;com vítima;183;BR-101/RJ;Sul;Colisão Lateral;1;;1;;;1;;;;;6;1;;;
26/10/2010;17:02:00;139;sem vítima;183;BR-101/RJ;Sul;Saida de Pista;1;;;;;;;;;;1;;;;
23/12/2010;07:28:00;53;sem vítima;183;BR-101/RJ;Norte;Saida de Pista;1;;;;;;;;;;3;;;;
25/12/2010;16:09:00;104;com vítima;183;BR-101/RJ;Sul;Colisão Traseira;2;;;;;;;;;;1;1;;;
31/12/2010;15:41:00;186;sem vítima;183;BR-101/RJ;Sul;Saida de Pista;1;;;;;;;;;;1;;;;
06/03/2011;11:08:00;80;com vítima;217;BR-101/RJ;Norte;Colisão Lateral;3;;1;;;;;;;;10;4;;;
09/05/2011;10:48:00;76;sem vítima;183;BR-101/RJ;Norte;Engavetamento;3;;1;;;;;;;;10;;;;
28/06/2011;20:22:00;171;sem vítima;183;BR-101/RJ;Norte;Saida de Pista;1;;;;;;;;;;1;;;;
30/06/2011;16:42:00;100;sem vítima;183,6999969482422;BR-101/RJ;Sul;Colisão Traseira;2;;;;;;;;;;7;;;;
29/09/2011;13:56:00;83;com vítima;183;BR-101/RJ;Norte;Tombamento;;;1;;;;;;;;0;2;;;
18/11/2011;14:43:00;101;com vítima;183,5;BR-101/RJ;Norte;Engavetamento;2;;2;;;;;;;;3;2;2;;
23/12/2011;10:45:00;91;sem vítima;183;BR-101/RJ;Norte;Saida de Pista;;;1;;;;;;;;1;;;;
27/12/2011;13:04:00;106;sem vítima;183;BR-101/RJ;Norte;Colisão Lateral;2;;;;;;;;;;2;;;;
22/01/2012;17:30:00;145;sem vítima;183;BR-101/RJ;Norte;Queda de Moto;;;;1;;;;;;;1;;;;
20/03/2012;16:17:00;99;sem vítima;183;BR-101/RJ;Norte;Saida de Pista;1;;;;;;;;;;1;;;;
21/05/2012;16:11:00;137;sem vítima;183;BR-101/RJ;Sul;Saida de Pista;;;;;;;;;;1;3;;;;
28/07/2012;17:22:00;164;com vítima;183;BR-101/RJ;Norte;Queda de Moto;;;;1;;;;;;;0;2;;;
11/01/2013;00:04:00;2;sem vítima;183;BR-101/RJ;Norte;Saida de Pista;1;;;;;;;;;;1;;;;
01/02/2013;18:44:00;188;com vítima;183,11;BR-101/RJ;Norte;Colisão Frontal;1;;1;;;;;;;;2;;1;;
27/02/2013;08:32:00;58;sem vítima;183;BR-101/RJ;Norte;Saida de Pista;1;;;;;;;;;;1;;;;
05/03/2014;11:55:00;92;com vítima;183,376;BR-101/RJ;Norte;Saida de Pista;1;;;;;;;;;;0;3;;;
19/08/2014;19:50:00;133;com vítima;183;BR-101/RJ;Norte;Colisão Frontal;1;;;;;;;;;1;0;3;;;
30/04/2015;19:13:00;195;com vítima;183;BR-101/RJ;Norte;Colisão Traseira;2;;;;;;;;;;1;1;;;
28/06/2015;14:42:00;88;sem vítima;183,64;BR-101/RJ;Sul;Saida de Pista;1;;;;;1;;;;;3;;;;
22/07/2015;15:25:00;135;com vítima;183;BR-101/RJ;Norte;Colisão Traseira;2;;;;;;;;;;1;1;;;
01/08/2015;18:10:00;144;sem vítima;183;BR-101/RJ;Sul;Colisão Traseira;2;;;;;;;;;;3;;;;
13/09/2015;19:19:00;143;sem vítima;183,3;BR-101/RJ;Sul;Atropelamento de Animal;;;1;;;;;;;;2;;;;
16/09/2015;18:02:00;204;sem vítima;183;BR-101/RJ;Sul;Objeto lançado contra veículo;1;;1;;;;;;;;2;;;;
12/01/2010;14:27:00;123;sem vítima;184;BR-101/RJ;Norte;Colisão Lateral;;;1;;;1;;;;;6;;;;
08/02/2010;12:37:00;136;sem vítima;184;BR-101/RJ;Sul;Engavetamento;3;;;;;;;;;;3;;;;
23/02/2010;01:53:00;14;sem vítima;184;BR-101/RJ;Sul;Tombamento;;;1;;;;;;;;1;;;;
09/03/2010;16:29:00;151;sem vítima;184;BR-101/RJ;Norte;Saida de Pista;;;1;;;1;;;;;2;;;;
20/04/2010;15:24:00;106;com vítima;184;BR-101/RJ;Norte;Queda de Moto;;;;1;;;;;;;0;;1;;
20/05/2010;13:24:00;101;com vítima;184;BR-101/RJ;Sul;Saida de Pista;1;;;;;;;;;;2;;1;;
26/10/2010;17:40:00;147;sem vítima;184;BR-101/RJ;Norte;Saida de Pista;;;1;;;;;;;;1;;;;
09/05/2011;07:17:00;22;sem vítima;184,8000030517578;BR-101/RJ;Norte;Colisão Traseira;3;;;;;;;;;;10;;;;
13/12/2011;12:18:00;108;com vítima;184;BR-101/RJ;Norte;Colisão Frontal;;;2;;;;;;;;1;1;1;1;
21/02/2012;12:45:00;71;sem vítima;184,8;BR-101/RJ;Sul;Capotamento;;;1;;;;;;;;1;;;;
13/05/2012;14:28:00;97;com vítima;184;BR-101/RJ;Sul;Saida de Pista;;;1;;;;;;;;2;1;;;
13/05/2012;17:47:00;131;com vítima;184;BR-101/RJ;Sul;Saida de Pista;2;;;;;;;;;;1;2;;;
09/06/2012;07:44:00;32;sem vítima;184;BR-101/RJ;Norte;Colisão Transversal;1;;1;;;;;;;;2;;;;
06/07/2012;11:41:00;100;com vítima;184,9;BR-101/RJ;Norte;Atropelamento - Funcionário;1;;;;;;;;;;3;;;;1
07/10/2012;21:18:00;181;com vítima;184,996;BR-101/RJ;Norte;Atropelamento - Andarilho;;;;;;1;;;;;1;;;1;
12/10/2012;22:35:00;221;sem vítima;184,56;BR-101/RJ;Norte;Saida de Pista;1;;;;;;;;;;2;;;;
13/10/2012;20:59:00;153;sem vítima;184,844;BR-101/RJ;Norte;Saida de Pista;;;1;;;;;;;;1;;;;
02/11/2012;23:36:00;179;com vítima;184,622;BR-101/RJ;Sul;Colisão Frontal;2;;;;;;;;;;0;;3;;
07/11/2012;10:51:00;69;com vítima;184,6;BR-101/RJ;Sul;Capotamento;1;;;;;;;;;;0;1;;;
07/01/2013;13:50:00;125;sem vítima;184;BR-101/RJ;Sul;Colisão Lateral;;;2;;;;;;;;3;;;;
18/01/2013;18:02:00;163;sem vítima;184;BR-101/RJ;Norte;Saida de Pista;1;;;;;;;;;;4;;;;
30/01/2013;23:48:00;196;com vítima;184,6;BR-101/RJ;Norte;Colisão Frontal;1;;1;;;;;;;;1;;;;1
02/02/2013;09:47:00;68;sem vítima;184;BR-101/RJ;Sul;Colisão Traseira;1;;;;;1;;;;;2;;;;
10/03/2013;01:36:00;6;sem vítima;184,1;BR-101/RJ;Norte;Saida de Pista;1;;;;;;;;;;1;;;;
18/04/2013;09:16:00;51;com vítima;184;BR-101/RJ;Norte;Colisão Frontal;;;2;;;;;;;;3;1;;;
03/05/2013;16:05:00;133;sem vítima;184;BR-101/RJ;Norte;Saida de Pista;1;;;;;;;;;;2;;;;
17/05/2013;18:20:00;153;sem vítima;184,5;BR-101/RJ;Sul;Colisão Frontal;;;4;;;;;;;;6;;;;
17/05/2013;22:50:00;197;sem vítima;184,864;BR-101/RJ;Sul;Saida de Pista;1;;;;;;;;;;1;;;;
02/07/2013;16:46:00;102;com vítima;184;BR-101/RJ;Norte;Saida de Pista;1;;;;;;;;;;0;1;;;
15/07/2013;05:20:00;29;sem vítima;184,744;BR-101/RJ;Norte;Saida de Pista;1;;;;;;;;;;1;;;;
10/08/2013;15:25:00;128;com vítima;184;BR-101/RJ;Sul;Queda de Moto;;;;1;;;;;;;0;2;;;
20/08/2013;06:25:00;32;sem vítima;184;BR-101/RJ;Sul;Saida de Pista;1;;;;;;;;;;3;;;;
04/09/2013;04:37:00;16;sem vítima;184,692;BR-101/RJ;Sul;Saida de Pista;;;1;;;;;;;;1;;;;
13/09/2013;16:21:00;144;com vítima;184,675;BR-101/RJ;Norte;Colisão Traseira;2;;;;;;;;;;5;2;;;
20/09/2013;12:21:00;95;com vítima;184,774;BR-101/RJ;Sul;Tombamento;;;1;;;;;;;;0;;1;;
23/11/2013;00:32:00;3;sem vítima;184,775;BR-101/RJ;Sul;Colisão Lateral;;;2;;;;;;;;3;;;;
25/11/2013;06:31:00;31;sem vítima;184,665;BR-101/RJ;Norte;Colisão Traseira;2;;;;;;;;;;2;;;;
15/02/2014;15:34:00;140;sem vítima;184;BR-101/RJ;Norte;Saida de Pista;;;1;;;;;;;;1;;;;
18/02/2014;18:43:00;151;sem vítima;184,524;BR-101/RJ;Norte;Saida de Pista;;;1;;;;;;;;1;;;;
26/07/2014;23:33:00;138;sem vítima;184;BR-101/RJ;Norte;Capotamento;1;;;;;;;;;;2;;;;
14/11/2014;13:32:00;122;com vítima;184;BR-101/RJ;Norte;Saida de Pista;1;;;;;;;;;;0;3;;;
30/11/2014;13:14:00;91;sem vítima;184,138;BR-101/RJ;Norte;Saida de Pista;1;;;;;;;;;;1;;;;
31/12/2014;13:24:00;123;sem vítima;184;BR-101/RJ;Sul;Colisão Traseira;2;;;;;;;;;;3;;;;
08/01/2015;09:04:00;48;sem vítima;184;BR-101/RJ;Norte;Colisão Transversal;2;;;;;;;;;;6;;;;
19/05/2015;12:10:00;102;com vítima;184,881;BR-101/RJ;Norte;Capotamento;1;;;;;;;;;;0;2;;;
19/05/2015;20:53:00;181;sem vítima;184,95;BR-101/RJ;Norte;Saida de Pista;1;;;;;;;;;;1;;;;
14/07/2015;21:29:00;212;sem vítima;184;BR-101/RJ;Sul;Colisão Traseira;;;2;;;;;;;;2;;;;
31/08/2015;15:11:00;148;com vítima;184,829;BR-101/RJ;Sul;Tombamento;;;1;;;;;;;;0;;;;1
06/09/2015;05:25:00;18;sem vítima;184,056;BR-101/RJ;Norte;Choque - Outros;1;;;;;;;;;;2;;;;
09/09/2015;15:53:00;158;com vítima;184;BR-101/RJ;Norte;Colisão Frontal;1;;1;;;;;;;;2;1;;;
22/09/2015;05:33:00;17;sem vítima;184,336;BR-101/RJ;Sul;Colisão Lateral;;;2;;;;;;;;2;;;;
15/01/2010;07:16:00;34;sem vítima;185;BR-101/RJ;Norte;Saida de Pista;1;;;;;;;;;;2;;;;
26/02/2010;06:14:00;25;sem vítima;185;BR-101/RJ;Norte;Saida de Pista;;;;;;;;;;1;1;;;;
26/02/2010;15:03:00;118;sem vítima;185;BR-101/RJ;Sul;Saida de Pista;;;1;;;;;;;;2;;;;
14/03/2010;15:30:00;119;com vítima;185;BR-101/RJ;Sul;Colisão Lateral;2;;1;;;;;;;;6;1;;;
14/03/2010;05:53:00;35;com vítima;185,5;BR-101/RJ;Norte;Colisão Frontal;2;;;;;;;;;;0;2;1;;
12/05/2010;15:53:00;107;sem vítima;185;BR-101/RJ;Norte;Saida de Pista;1;;;;;;;;;;1;;;;
09/07/2010;19:58:00;159;sem vítima;185;BR-101/RJ;Norte;Colisão Traseira;2;;1;;;;;;;;3;;;;
15/08/2010;07:45:00;35;com vítima;185;BR-101/RJ;Sul;Saida de Pista;;;1;;;;;;;;0;1;;;
06/11/2010;18:23:00;142;sem vítima;185;BR-101/RJ;Norte;Saida de Pista;1;;;;;;;;;;2;;;;
13/12/2010;08:26:00;48;com vítima;185;BR-101/RJ;Norte;Colisão Traseira;;;2;;;;;;;;0;;2;;
03/02/2011;14:40:00;111;sem vítima;185;BR-101/RJ;Sul;Capotamento;;;;;;;;;;1;3;;;;
10/05/2011;04:35:00;18;sem vítima;185;BR-101/RJ;Sul;Saida de Pista;;;;;;;;;;1;1;;;;
12/05/2011;13:35:00;100;sem vítima;185,5;BR-101/RJ;Sul;Saida de Pista;;;1;;;;;;;;1;;;;
26/05/2011;15:11:00;114;sem vítima;185;BR-101/RJ;Norte;Colisão Traseira;2;;;;;;;;;;4;;;;
18/09/2011;01:43:00;12;sem vítima;185;BR-101/RJ;Sul;Saida de Pista;1;;;;;;;;;;1;;;;
12/12/2011;16:47:00;150;sem vítima;185;BR-101/RJ;Sul;Saida de Pista;;;1;;;;;;;;1;;;;
18/02/2012;06:30:00;60;sem vítima;185;BR-101/RJ;Sul;Colisão Traseira;1;;;;1;;;;;;5;;;;
28/02/2012;22:42:00;198;sem vítima;185;BR-101/RJ;Norte;Saida de Pista;;;1;;;;;;;;1;;;;
11/03/2012;14:55:00;87;com vítima;185;BR-101/RJ;Sul;Queda de Moto;;;;1;;;;;;;0;1;;;
21/04/2012;06:26:00;26;sem vítima;185,6;BR-101/RJ;Norte;Tombamento;;;1;;;;;;;;1;;;;
21/06/2012;07:04:00;27;sem vítima;185;BR-101/RJ;Norte;Colisão Traseira;2;;;;;;;;;;2;;;;
04/10/2012;19:23:00;180;com vítima;185;BR-101/RJ;Sul;Queda de Moto;;;;1;;;;;;;0;1;;;
01/11/2012;18:32:00;178;sem vítima;185;BR-101/RJ;Sul;Saida de Pista;1;;;;;;;;;;5;;;;
17/05/2013;06:58:00;33;com vítima;185,03;BR-101/RJ;Norte;Saida de Pista;1;;;;;;;;;;2;2;;;
25/05/2013;21:22:00;159;sem vítima;185;BR-101/RJ;Norte;Saida de Pista;;;1;;;;;;;;1;;;;
06/11/2013;13:05:00;97;sem vítima;185;BR-101/RJ;Sul;Saida de Pista;1;;;;;;;;;;1;;;;
22/03/2014;12:17:00;80;sem vítima;185;BR-101/RJ;Norte;Saida de Pista;1;;;;;;;;;;1;;;;
20/05/2014;22:37:00;172;sem vítima;185;BR-101/RJ;Sul;Atropelamento de Animal;1;;;;;;;;;;1;;;;
26/02/2010;10:36:00;66;sem vítima;186;BR-101/RJ;Norte;Saida de Pista;1;;;;;;;;;;1;;;;
12/03/2010;02:12:00;15;com vítima;186;BR-101/RJ;Sul;Colisão Frontal;;;3;;;;;;;;2;;;1;
16/09/2010;07:15:00;24;sem vítima;186;BR-101/RJ;Norte;Colisão Traseira;1;;1;;;;;;;;2;;;;
10/10/2011;07:06:00;38;sem vítima;186;BR-101/RJ;Norte;Saida de Pista;1;;;;;;;;;;1;;;;
22/03/2012;16:15:00;119;sem vítima;186;BR-101/RJ;Sul;Colisão Lateral;1;;;;;1;;;;;2;;;;
16/06/2012;08:53:00;49;com vítima;186;BR-101/RJ;Sul;Capotamento;1;;;;;;;;;;0;;;1;
31/08/2012;08:00:00;50;sem vítima;186;BR-101/RJ;Norte;Colisão Traseira;;;1;;;;;;;1;8;;;;
09/11/2012;17:14:00;147;sem vítima;186,6;BR-101/RJ;Sul;Saida de Pista;1;;;;;;;;;;1;;;;
24/03/2013;18:47:00;144;com vítima;186;BR-101/RJ;Norte;Saida de Pista;;;;1;;;;;;;0;1;;;
18/05/2013;15:45:00;107;com vítima;186,5;BR-101/RJ;Sul;Saida de Pista;1;;;;;;;;;;0;2;;;
23/06/2013;19:57:00;119;com vítima;186;BR-101/RJ;Sul;Queda de Moto;;;;1;;;;;;;0;;;1;
02/11/2013;06:11:00;36;sem vítima;186,978;BR-101/RJ;Sul;Saida de Pista;1;;;;;;;;;;2;;;;