data;horario;n_da_ocorrencia;tipo_de_ocorrencia;km;trecho;sentido;tipo_de_acidente;automovel;bicicleta;caminhao;moto;onibus;outros;tracao_animal;transporte_de_cargas_especiais;trator_maquinas;utilitarios;ilesos;levemente_feridos;moderadamente_feridos;gravemente_feridos;mortos
23/08/2012;10:09:00;77;com vítima;193;BR-101/RJ;Norte;Choque - Defensa, barreira ou "submarino";;;;;;;;;;1;1;2;;;
08/09/2012;06:42:00;25;sem vítima;193;BR-101/RJ;Norte;Choque - Cancela de Pedagio;1;;;;;;;;;;1;;;;
14/09/2012;09:26:00;50;sem vítima;193;BR-101/RJ;Norte;Colisão Lateral;1;;1;;;;;;;;2;;;;
21/09/2012;13:31:00;99;sem vítima;193;BR-101/RJ;Norte;Colisão Lateral;;;2;;;;;;;;2;;;;
27/09/2012;13:27:00;120;sem vítima;193;BR-101/RJ;Sul;Colisão Traseira;;;2;;;;;;;;2;;;;
05/10/2012;08:50:00;71;sem vítima;193;BR-101/RJ;Sul;Colisão Traseira;;;1;;1;;;;;;3;;;;
30/10/2012;10:44:00;95;sem vítima;193;BR-101/RJ;Sul;Colisão Traseira;1;;1;;;;;;;;2;;;;
04/11/2012;07:29:00;37;sem vítima;193;BR-101/RJ;Norte;Colisão Traseira;;;2;;;;;;;;2;;;;
04/11/2012;18:33:00;145;com vítima;193;BR-101/RJ;Sul;Colisão Traseira;2;;;;;;;;;;3;2;;;
04/11/2012;16:53:00;129;com vítima;193,2;BR-101/RJ;Sul;Colisão Frontal;2;;;;;;;;;;2;2;1;1;
15/11/2012;10:57:00;69;sem vítima;193;BR-101/RJ;Sul;Colisão Traseira;2;;;;;;;;;;7;;;;
07/12/2012;14:09:00;168;sem vítima;193;BR-101/RJ;Sul;Colisão Traseira;1;;1;;;;;;;;2;;;;
26/01/2013;13:18:00;103;com vítima;193;BR-101/RJ;Norte;Colisão Lateral;;;1;1;;;;;;;1;;1;;
30/01/2013;10:42:00;78;sem vítima;193;BR-101/RJ;Sul;Colisão Traseira;;;2;;;;;;;;2;;;;
01/03/2013;09:49:00;68;sem vítima;193,25;BR-101/RJ;Sul;Colisão Traseira;1;;1;;;;;;;;2;;;;
03/04/2013;23:55:00;171;sem vítima;193;BR-101/RJ;Sul;Colisão Transversal;;;2;;;;;;;;2;;;;
04/05/2013;09:50:00;64;sem vítima;193;BR-101/RJ;Sul;Colisão Lateral;;;2;;;;;;;;2;;;;
04/06/2013;12:27:00;90;sem vítima;193;BR-101/RJ;Sul;Colisão Traseira;2;;;;;;;;;;2;;;;
04/06/2013;15:27:00;123;sem vítima;193;BR-101/RJ;Norte;Colisão Traseira;1;;1;;;;;;;;2;;;;
14/06/2013;16:50:00;123;sem vítima;193;BR-101/RJ;Sul;Colisão Traseira;1;;1;;;;;;;;7;;;;
15/06/2013;15:43:00;126;sem vítima;193;BR-101/RJ;Norte;Colisão Traseira;2;;;;;;;;;;4;;;;
16/06/2013;14:26:00;81;com vítima;193;BR-101/RJ;Sul;Colisão Traseira;1;;1;;;;;;;;3;1;;;
20/06/2013;08:25:00;36;sem vítima;193;BR-101/RJ;Norte;Colisão Traseira;1;;1;;;;;;;;2;;;;
29/06/2013;18:38:00;158;sem vítima;193,196;BR-101/RJ;Sul;Colisão Frontal;2;;;;;;;;;;4;;;;
03/07/2013;20:53:00;143;sem vítima;193;BR-101/RJ;Sul;Colisão Lateral;;;2;;;;;;;;2;;;;
11/07/2013;19:07:00;135;sem vítima;193;BR-101/RJ;Norte;Colisão Traseira;;;;;;1;;;;1;2;;;;
05/08/2013;13:14:00;111;sem vítima;193;BR-101/RJ;Sul;Colisão Traseira;1;;1;;;;;;;;2;;;;
08/08/2013;07:47:00;34;sem vítima;193;BR-101/RJ;Norte;Colisão Traseira;;;2;;;;;;;;2;;;;
13/08/2013;08:09:00;31;sem vítima;193;BR-101/RJ;Sul;Colisão Traseira;1;;1;;;;;;;;2;;;;
19/08/2013;08:38:00;59;sem vítima;193;BR-101/RJ;Norte;Colisão Traseira;1;;1;;;;;;;;2;;;;
23/08/2013;19:26:00;173;sem vítima;193;BR-101/RJ;Sul;Colisão Traseira;2;;;;;;;;;;2;;;;
14/10/2013;07:15:00;35;sem vítima;193;BR-101/RJ;Norte;Colisão Traseira;;;2;;;;;;;;2;;;;
24/10/2013;07:32:00;28;sem vítima;193,1;BR-101/RJ;Norte;Colisão Traseira;;;2;;;;;;;;2;;;;
04/11/2013;16:08:00;136;sem vítima;193;BR-101/RJ;Sul;Tombamento;;;1;;;;;;;;1;;;;
11/11/2013;15:08:00;122;com vítima;193,757;BR-101/RJ;Norte;Colisão Lateral;2;;1;;;;;;;;2;;1;1;
03/12/2013;13:37:00;119;sem vítima;193;BR-101/RJ;Sul;Colisão Traseira;2;;;;;;;;;;2;;;;
09/12/2013;08:34:00;55;sem vítima;193;BR-101/RJ;Norte;Colisão Traseira;1;;1;;;;;;;;2;;;;
13/12/2013;10:14:00;73;sem vítima;193;BR-101/RJ;Sul;Colisão Traseira;2;;;;;1;;;;;3;;;;
30/12/2013;10:59:00;87;com vítima;193;BR-101/RJ;Sul;Queda de Moto;;;;1;;;;;;;1;1;;;
01/01/2014;15:54:00;127;sem vítima;193;BR-101/RJ;Sul;Colisão Traseira;2;;;;;;;;;;2;;;;
14/01/2014;17:13:00;148;sem vítima;193;BR-101/RJ;Norte;Colisão Traseira;1;;1;;;;;;;;2;;;;
08/02/2014;14:27:00;108;sem vítima;193;BR-101/RJ;Norte;Colisão Lateral;1;;1;;;;;;;;3;;;;
12/02/2014;18:52:00;170;sem vítima;193;BR-101/RJ;Norte;Choque - Suporte de Sinalização;;;1;;;;;;;;1;;;;
01/03/2014;21:05:00;355;sem vítima;193;BR-101/RJ;Norte;Colisão Lateral;1;;1;;;;;;;;2;;;;
11/03/2014;22:38:00;169;sem vítima;193;BR-101/RJ;Sul;Colisão Traseira;2;;;;;;;;;;2;;;;
23/04/2014;20:57:00;172;sem vítima;193;BR-101/RJ;Sul;Colisão Traseira;1;;1;;;;;;;;4;;;;
09/05/2014;05:58:00;23;com vítima;193,639;BR-101/RJ;Norte;Colisão Frontal;1;;;;;;;;;1;2;1;;;
05/06/2014;20:31:00;181;sem vítima;193;BR-101/RJ;Sul;Colisão Traseira;2;;;;;;;;;;2;;;;
17/06/2014;02:17:00;18;sem vítima;193;BR-101/RJ;Norte;Choque - Cancela de Pedagio;;;1;;;;;;;;1;;;;
27/06/2014;07:37:00;33;sem vítima;193;BR-101/RJ;Sul;Colisão Traseira;1;;1;;;;;;;;3;;;;
13/07/2014;13:02:00;64;com vítima;193,63;BR-101/RJ;Norte;Outros - Sequência;3;;;;1;;;;;;38;;;1;1
14/07/2014;15:21:00;109;sem vítima;193;BR-101/RJ;Norte;Choque - Defensa, barreira ou "submarino";;;1;;;;;;;;1;;;;
17/07/2014;17:41:00;128;sem vítima;193;BR-101/RJ;Norte;Colisão Traseira;;;2;;;;;;;;2;;;;
23/07/2014;20:49:00;164;sem vítima;193;BR-101/RJ;Sul;Colisão Lateral;;;1;;;;;;;1;2;;;;
07/08/2014;19:30:00;146;sem vítima;193;BR-101/RJ;Norte;Colisão Lateral;2;;;;;;;;;;2;;;;
11/08/2014;21:33:00;168;com vítima;193,171;BR-101/RJ;Sul;Colisão Lateral;1;;1;;;;;;;;1;1;;;
15/08/2014;12:27:00;78;sem vítima;193;BR-101/RJ;Norte;Colisão Lateral;2;;;;;;;;;;2;;;;
03/09/2014;10:25:00;68;sem vítima;193;BR-101/RJ;Norte;Colisão Traseira;1;;1;;;;;;;;2;;;;
11/09/2014;13:52:00;105;sem vítima;193;BR-101/RJ;Sul;Colisão Traseira;1;;1;;;;;;;;2;;;;
23/09/2014;19:12:00;153;sem vítima;193;BR-101/RJ;Norte;Colisão Traseira;1;;1;;;;;;;;3;;;;
28/10/2014;01:37:00;6;sem vítima;193;BR-101/RJ;Norte;Colisão Traseira;2;;;;;;;;;;2;;;;
03/12/2014;17:12:00;122;sem vítima;193;BR-101/RJ;Norte;Colisão Traseira;1;;1;;;;;;;;2;;;;
09/12/2014;13:47:00;109;sem vítima;193;BR-101/RJ;Norte;Choque - Defensa, barreira ou "submarino";;;1;;;;;;;;1;;;;
19/12/2014;08:35:00;55;sem vítima;193;BR-101/RJ;Norte;Colisão Traseira;1;;1;;;;;;;;2;;;;
02/01/2015;08:18:00;35;sem vítima;193;BR-101/RJ;Sul;Colisão Traseira;2;;;;;;;;;;2;;;;
26/01/2015;07:24:00;35;com vítima;193;BR-101/RJ;Norte;Colisão Traseira;;;2;;;;;;;;1;1;;;
28/01/2015;15:17:00;114;sem vítima;193;BR-101/RJ;Norte;Colisão Traseira;1;;1;;;;;;;;3;;;;
16/02/2015;18:30:00;86;sem vítima;193;BR-101/RJ;Sul;Colisão Traseira;2;;;;;;;;;;2;0;0;0;0
13/03/2015;07:50:00;35;sem vítima;193;BR-101/RJ;Norte;Colisão Traseira;2;;;;;;;;;;2;0;0;0;0
23/04/2015;12:12:00;95;com vítima;193;BR-101/RJ;Sul;Colisão Traseira;1;;1;;;;;;;;0;3;;;
19/05/2015;11:36:00;95;com vítima;193;BR-101/RJ;Sul;Colisão Traseira;1;;1;;;;;;;;1;1;;;
14/06/2015;15:38:00;106;sem vítima;193;BR-101/RJ;Sul;Colisão Traseira;1;;1;;;;;;;;2;;;;
26/06/2015;08:57:00;65;sem vítima;193;BR-101/RJ;Norte;Colisão Traseira;;;;;;1;;;;1;2;;;;
28/06/2015;12:17:00;60;sem vítima;193;BR-101/RJ;Norte;Colisão Lateral;2;;;;;;;;;;4;;;;
03/07/2015;18:44:00;201;sem vítima;193;BR-101/RJ;Sul;Colisão Traseira;2;;;;;;;;;;2;;;;
09/07/2015;16:56:00;160;sem vítima;193;BR-101/RJ;Sul;Saida de Pista;;;1;;;;;;;;1;;;;
13/09/2015;20:00:00;147;sem vítima;193,753;BR-101/RJ;Sul;Saida de Pista;1;;;;;;;;;;2;;;;
07/10/2015;15:52:00;124;sem vítima;193;BR-101/RJ;Sul;Colisão Traseira;;;1;;1;;;;;;2;;;;
09/10/2015;15:43:00;170;sem vítima;193;BR-101/RJ;Norte;Colisão Lateral;2;;;;;;;;;;5;;;;
13/11/2015;18:13:00;190;sem vítima;193;BR-101/RJ;Sul;Colisão Lateral;2;;;;;;;;;;2;;;;
19/11/2015;15:05:00;147;sem vítima;193;BR-101/RJ;Norte;Saida de Pista;1;;;;;;;;;;2;;;;
19/12/2015;20:36:00;246;sem vítima;193;BR-101/RJ;Sul;Colisão Traseira;1;;1;;;;;;;;6;;;;
24/12/2015;00:57:00;9;sem vítima;193;BR-101/RJ;Norte;Colisão Transversal;1;;;;;;;;;1;7;;;;
26/12/2015;16:59:00;174;sem vítima;193;BR-101/RJ;Sul;Colisão Traseira;1;;;;;1;;;;;5;;;;
16/08/2010;13:53:00;106;com vítima;194;BR-101/RJ;Norte;Colisão Frontal;1;;;1;;;;;;;1;;1;;
21/11/2010;14:13:00;108;sem vítima;194;BR-101/RJ;Sul;Tombamento;;;;;;;;;;1;4;;;;
21/12/2010;09:43:00;86;sem vítima;194;BR-101/RJ;Norte;Colisão Traseira;1;;1;;;;;;;;3;;;;
29/12/2010;18:15:00;174;com vítima;194;BR-101/RJ;Sul;Colisão Traseira;;;2;;;;;;;;2;;;1;
07/03/2011;08:28:00;33;sem vítima;320;BR-101/RJ;Norte;Choque - Suporte de Sinalização;1;;;;;;;;;;1;;;;
06/05/2011;10:49:00;61;sem vítima;194;BR-101/RJ;Sul;Colisão Traseira;1;;1;;;;;;;;2;;;;
20/05/2011;08:29:00;36;com vítima;194;BR-101/RJ;Sul;Colisão Traseira;1;;;;;1;;;;;1;2;1;;
05/08/2011;13:48:00;102;sem vítima;194,89999389648438;BR-101/RJ;Norte;Colisão Traseira;2;;1;;;;;;;;7;;;;
01/09/2011;20:36:00;160;sem vítima;194,5;BR-101/RJ;Sul;Saida de Pista;1;;;;;;;;;;1;;;;
18/02/2012;12:35:00;177;sem vítima;194,3;BR-101/RJ;Norte;Engavetamento;3;;;;;;;;;;12;;;;
03/05/2012;16:30:00;163;sem vítima;194,5;BR-101/RJ;Sul;Colisão Traseira;2;;;;;;;;;;2;;;;
26/07/2012;09:37:00;63;sem vítima;194,452;BR-101/RJ;Sul;Saida de Pista;1;;;;;;;;;;1;;;;
29/08/2012;04:03:00;12;com vítima;194,5;BR-101/RJ;Sul;Colisão Traseira;2;;;;;;;;;;1;1;;;
25/11/2012;18:59:00;135;sem vítima;194,236;BR-101/RJ;Sul;Colisão Traseira;2;;;;;;;;;;5;;;;
03/12/2012;16:47:00;167;sem vítima;194;BR-101/RJ;Norte;Colisão Traseira;;;2;;;;;;;;3;;;;
26/12/2012;00:34:00;4;sem vítima;194;BR-101/RJ;Norte;Colisão Traseira;2;;;;;;;;;;6;;;;
26/12/2012;00:34:00;9;sem vítima;194;BR-101/RJ;Norte;Colisão Traseira;2;;;;;;;;;;3;;;;
23/08/2013;17:47:00;154;sem vítima;194;BR-101/RJ;Sul;Colisão Transversal;2;;;;;;;;;;2;;;;
03/09/2014;16:08:00;119;sem vítima;194,6;BR-101/RJ;Sul;Colisão Traseira;2;;;;;;;;;;2;;;;
09/10/2014;08:02:00;59;sem vítima;194;BR-101/RJ;Norte;Colisão Traseira;1;;1;;;;;;;;3;;;;
11/02/2015;14:11:00;119;com vítima;194;BR-101/RJ;Sul;Colisão Traseira;1;;;1;;;;;;;1;1;0;0;0
18/02/2015;19:48:00;185;com vítima;194;BR-101/RJ;Sul;Colisão Lateral;1;;;1;;;;;;;1;0;1;0;0
13/05/2015;12:12:00;90;com vítima;194,981;BR-101/RJ;Norte;Tombamento;;;1;;;;;;;;0;1;;;
28/07/2015;13:44:00;131;com vítima;194;BR-101/RJ;Norte;Choque - Defensa, barreira ou "submarino";1;;;;;;;;;;0;1;;;
28/12/2015;06:17:00;39;com vítima;194;BR-101/RJ;Norte;Choque - Outros;1;;;;;;;;;;2;1;;;
21/03/2010;20:58:00;147;sem vítima;195;BR-101/RJ;Norte;Queda de Moto;;;;1;;;;;;;2;;;;
24/04/2010;13:31:00;86;com vítima;195;BR-101/RJ;Sul;Choque - Talude;1;;;;;;;;;;1;2;;1;
29/04/2010;17:18:00;144;sem vítima;195;BR-101/RJ;Sul;Capotamento;1;;;;;;;;;;1;;;;
04/05/2010;12:09:00;90;sem vítima;195;BR-101/RJ;Sul;Objeto lançado contra veículo;1;;1;;;;;;;;4;;;;
20/06/2010;01:21:00;8;sem vítima;195;BR-101/RJ;Norte;Saida de Pista;1;;;;;;;;;;3;;;;
02/09/2010;09:39:00;67;sem vítima;195;BR-101/RJ;Norte;Saida de Pista;1;;;;;;;;;;1;;;;
06/09/2010;15:14:00;105;com vítima;195;BR-101/RJ;Sul;Colisão Frontal;;;2;;;;;;;1;3;;;;1
02/10/2010;09:39:00;57;com vítima;195;BR-101/RJ;Norte;Colisão Lateral;2;;5;;;;;;;;6;1;2;;
26/10/2010;06:15:00;15;sem vítima;195;BR-101/RJ;Sul;Saida de Pista;1;;;;;;;;;;1;;;;
01/11/2010;23:12:00;178;com vítima;195;BR-101/RJ;Norte;Capotamento;1;;;;;;;;;;0;1;;;
14/12/2010;01:41:00;8;com vítima;195,5;BR-101/RJ;Norte;Colisão Frontal;1;;1;;;;;;;;2;;;;1
10/01/2011;13:57:00;123;sem vítima;195;BR-101/RJ;Sul;Colisão Lateral;2;;;;;;;;;;2;;;;
07/03/2011;09:55:00;46;sem vítima;124;BR-101/RJ;Sul;Colisão Lateral;1;;1;;;;;;;;5;;;;
27/05/2011;23:52:00;203;com vítima;195;BR-101/RJ;Norte;Colisão Frontal;2;;;;;;;;;;0;;3;1;2
08/08/2011;12:32:00;121;sem vítima;195;BR-101/RJ;Norte;Colisão Traseira;2;;;;;;;;;;3;;;;
03/04/2012;21:16:00;172;sem vítima;195;BR-101/RJ;Sul;Saida de Pista;1;;;;;;;;;;1;;;;
16/07/2012;04:46:00;13;sem vítima;195;BR-101/RJ;Sul;Saida de Pista;1;;;;;;;;;;1;;;;
24/07/2012;22:24:00;204;sem vítima;195;BR-101/RJ;Sul;Atropelamento de Animal;1;;;;;;;;;;2;;;;
17/08/2012;02:17:00;6;sem vítima;195,4;BR-101/RJ;Sul;Choque - Poste;1;;;;;;;;;;1;;;;
06/11/2012;22:05:00;189;com vítima;195,2;BR-101/RJ;Sul;Colisão Transversal;2;;;;;;;;;;1;;;;1
10/11/2012;12:12:00;93;sem vítima;195;BR-101/RJ;Sul;Colisão Lateral;1;;;;;;;;;1;4;;;;
10/11/2012;19:08:00;156;sem vítima;195;BR-101/RJ;Norte;Colisão Traseira;1;;1;;;;;;;;2;;;;
12/11/2012;14:16:00;125;sem vítima;195;BR-101/RJ;Sul;Saida de Pista;;;;;;;;;;1;1;;;;
27/11/2012;02:16:00;11;com vítima;195,241;BR-101/RJ;Sul;Tombamento;;;1;;;;;;;;0;1;;;
08/01/2013;06:47:00;37;com vítima;195,1;BR-101/RJ;Sul;Colisão Frontal;1;;1;;;;;;;;0;1;;;2
10/01/2013;14:28:00;128;sem vítima;195;BR-101/RJ;Norte;Colisão Traseira;2;;;;;;;;;;2;;;;
26/01/2013;15:57:00;139;sem vítima;195;BR-101/RJ;Sul;Saida de Pista;1;;;;;;;;;;1;;;;
31/01/2013;01:34:00;7;sem vítima;195;BR-101/RJ;Norte;Colisão Lateral;;;1;;;1;;;;;2;;;;
23/07/2013;12:18:00;102;sem vítima;195;BR-101/RJ;Sul;Colisão Traseira;2;;;;;;;;;;3;;;;
23/07/2013;04:16:00;19;com vítima;195,446;BR-101/RJ;Sul;Tombamento;;;1;;;;;;;;0;;1;;
29/03/2014;16:07:00;157;com vítima;195;BR-101/RJ;Norte;Queda de Moto;;;;2;;;;;;;1;1;;;
30/03/2014;02:46:00;15;com vítima;195,255;BR-101/RJ;Norte;Saida de Pista;1;;;;;;;;;;0;1;;;
23/04/2014;14:20:00;100;sem vítima;195;BR-101/RJ;Norte;Engavetamento;3;;;;;;;;;;10;;;;
28/04/2014;07:43:00;29;sem vítima;195;BR-101/RJ;Norte;Colisão Traseira;2;;;;;;;;;;2;;;;
09/09/2014;17:24:00;128;com vítima;195;BR-101/RJ;Sul;Queda de Moto;;;;1;;;;;;;0;1;;;
18/03/2015;08:23:00;51;com vítima;195,744;BR-101/RJ;Norte;Colisão Frontal;1;;1;;;;;;;;1;3;0;0;0
22/04/2015;18:06:00;139;sem vítima;195;BR-101/RJ;Sul;Choque - Defensa, barreira ou "submarino";;;;;;;;;;1;1;;;;
19/06/2015;06:59:00;28;com vítima;195,037;BR-101/RJ;Norte;Saida de Pista;1;;;;;;;;;;0;2;;;
21/06/2015;15:40:00;109;com vítima;195,78;BR-101/RJ;Sul;Tombamento;;;1;1;;;;;;;0;2;;;
07/09/2015;11:23:00;59;sem vítima;195;BR-101/RJ;Norte;Saida de Pista;1;;;;;;;;;;3;;;;
28/10/2015;11:39:00;97;sem vítima;195;BR-101/RJ;Sul;Choque - Talude;1;;;;;;;;;;2;;;;
15/03/2010;05:43:00;24;sem vítima;196;BR-101/RJ;Sul;Saida de Pista;1;;;;;;;;;;1;;;;
25/04/2010;16:50:00;131;sem vítima;196;BR-101/RJ;Norte;Colisão Traseira;2;;;;;;;;;;4;;;;
10/07/2010;11:06:00;80;sem vítima;196;BR-101/RJ;Sul;Saida de Pista;1;;;;;;;;;;2;;;;
10/07/2010;18:06:00;145;sem vítima;196;BR-101/RJ;Sul;Saida de Pista;1;;;;;;;;;;2;;;;
11/09/2010;20:50:00;177;sem vítima;196;BR-101/RJ;Norte;Colisão Traseira;1;;1;;;;;;;;4;;;;
27/09/2010;07:54:00;40;sem vítima;196;BR-101/RJ;Norte;Saida de Pista;1;;;;;;;;;;1;;;;
05/12/2010;02:09:00;12;com vítima;196;BR-101/RJ;Sul;Queda de Moto;;;;1;;;;;;;0;;1;;
29/12/2010;17:44:00;166;sem vítima;196;BR-101/RJ;Sul;Capotamento;1;;;;;;;;;;3;;;;
28/02/2011;02:44:00;19;com vítima;196;BR-101/RJ;Sul;Choque - Talude;1;;;;;;;;;;3;1;;;
07/03/2011;10:31:00;50;com vítima;80;BR-101/RJ;Norte;Outros - Sequência;1;;1;;1;;;;;;7;1;;1;
07/03/2011;11:30:00;57;com vítima;270,5;BR-101/RJ;Sul;Saida de Pista;1;;;;;;;;;;0;;;2;
27/12/2011;15:01:00;129;com vítima;196;BR-101/RJ;Norte;Capotamento;1;;;;;;;;;;0;;1;;
05/02/2012;12:18:00;67;com vítima;196;BR-101/RJ;Sul;Colisão Frontal;2;;;;;;;;;;0;2;4;;
06/04/2012;16:39:00;153;com vítima;196;BR-101/RJ;Norte;Colisão Frontal;3;;;;;;;;;;2;3;;1;
21/05/2012;21:47:00;197;sem vítima;196;BR-101/RJ;Sul;Saida de Pista;1;;;;;;;;;;1;;;;
12/10/2012;08:30:00;68;sem vítima;196;BR-101/RJ;Sul;Colisão Frontal;2;;;;;;;;;;7;;;;
02/12/2012;16:34:00;132;com vítima;196;BR-101/RJ;Norte;Saida de Pista;1;;;;;;;;;;0;1;;;
09/12/2012;12:13:00;85;sem vítima;196;BR-101/RJ;Sul;Colisão Lateral;1;;;1;;;;;;;4;;;;
17/01/2013;21:22:00;198;sem vítima;196,9;BR-101/RJ;Sul;Queda de Moto;;;;1;;;;;;;1;;;;
22/02/2013;16:32:00;137;com vítima;196;BR-101/RJ;Sul;Colisão Traseira;2;;;;;;;;;;3;3;;;
10/04/2013;14:40:00;108;com vítima;196,2;BR-101/RJ;Sul;Colisão Frontal;;;1;1;;;;;;;1;;;;2
01/05/2013;08:58:00;37;sem vítima;196;BR-101/RJ;Sul;Queda de Moto;;;;1;;;;;;;1;;;;
13/07/2013;03:38:00;15;com vítima;196;BR-101/RJ;Norte;Saida de Pista;1;;1;;;;;;;;0;4;;;
20/08/2013;12:09:00;83;sem vítima;196;BR-101/RJ;Sul;Colisão Frontal;1;;1;;;;;;;;3;;;;
02/01/2014;19:32:00;183;sem vítima;196;BR-101/RJ;Norte;Colisão Traseira;2;;;;;;;;;;2;;;;
02/01/2014;19:01:00;179;com vítima;196,055;BR-101/RJ;Norte;Colisão Transversal;3;;1;;;;;;;;4;1;2;;1
21/02/2014;07:33:00;47;com vítima;196,5;BR-101/RJ;Sul;Tombamento;;;1;;;;;;;;0;2;;;
03/03/2014;04:23:00;18;sem vítima;196,8;BR-101/RJ;Norte;Saida de Pista;1;;;;;;;;;;1;;;;
24/03/2014;22:23:00;174;sem vítima;196;BR-101/RJ;Norte;Saida de Pista;1;;;;;;;;;;2;;;;
29/09/2014;07:20:00;32;sem vítima;196;BR-101/RJ;Norte;Colisão Traseira;;;1;;;;;;;1;5;;;;
06/10/2014;10:44:00;89;com vítima;196,95;BR-101/RJ;Sul;Colisão Frontal;1;;1;;;;;;;;0;;1;;1
14/11/2014;00:47:00;6;sem vítima;196;BR-101/RJ;Sul;Saida de Pista;1;;;;;;;;;;1;;;;
26/11/2014;14:59:00;125;sem vítima;196;BR-101/RJ;Sul;Saida de Pista;1;;;;;;;;;;1;;;;
01/12/2014;18:59:00;177;sem vítima;196,223;BR-101/RJ;Norte;Saida de Pista;1;;;;;;;;;;2;;;;
20/01/2015;14:44:00;124;sem vítima;196;BR-101/RJ;Norte;Colisão Traseira;1;;1;;;;;;;;2;;;;
21/03/2015;13:15:00;100;sem vítima;196;BR-101/RJ;Sul;Saida de Pista;1;;;;;;;;;;1;0;0;0;0
14/04/2015;08:15:00;47;com vítima;196;BR-101/RJ;Norte;Queda de Moto;;;;1;;;;;;;0;1;;;
04/08/2015;08:12:00;51;com vítima;196,536;BR-101/RJ;Norte;Queda de Moto;;;;1;;;;;;;0;1;;;
02/11/2015;20:50:00;168;com vítima;196;BR-101/RJ;Norte;Queda de Moto;;;;1;;;;;;;0;2;;;
18/12/2015;20:57:00;274;sem vítima;196;BR-101/RJ;Sul;Colisão Traseira;1;;1;;;;;;;;2;;;;
20/12/2015;02:04:00;9;sem vítima;196;BR-101/RJ;Norte;Choque - Defensa, barreira ou "submarino";1;;;;;;;;;;1;;;;
13/02/2010;07:30:00;121;sem vítima;197;BR-101/RJ;Norte;Saida de Pista;1;;;;;;;;;;5;;;;
07/03/2010;20:47:00;177;com vítima;197;BR-101/RJ;Norte;Colisão Lateral;1;;;1;;;;;;;2;;;;1
12/04/2010;10:45:00;76;sem vítima;197;BR-101/RJ;Norte;Engavetamento;2;;;;1;;;;;;3;;;;
02/06/2010;08:22:00;47;sem vítima;197;BR-101/RJ;Norte;Atropelamento de Animal;;;1;;;;;;;;1;;;;
25/06/2010;14:21:00;92;sem vítima;197;BR-101/RJ;Norte;Colisão Traseira;1;;1;;;;;;;;2;;;;
29/06/2010;11:20:00;65;sem vítima;197;BR-101/RJ;Sul;Saida de Pista;1;;;;;;;;;;2;;;;
26/08/2010;15:18:00;127;com vítima;197;BR-101/RJ;Sul;Saida de Pista;1;;;;;;;;;;0;;;1;
11/09/2010;19:07:00;161;com vítima;197;BR-101/RJ;Sul;Saida de Pista;;;1;;;;;;;;1;;1;;
19/09/2010;03:12:00;20;com vítima;197;BR-101/RJ;Norte;Atropelamento - Ciclista;;1;;1;;;;;;;2;;1;;
15/11/2010;15:06:00;108;sem vítima;197;BR-101/RJ;Norte;Colisão Lateral;1;;1;;;;;;;;5;;;;
26/11/2010;17:28:00;135;com vítima;197;BR-101/RJ;Sul;Queda de Moto;;;;1;;;;;;;0;1;;;
24/05/2011;11:25:00;95;sem vítima;197;BR-101/RJ;Norte;Colisão Traseira;1;;1;;;;;;;;2;;;;
03/06/2011;19:34:00;183;sem vítima;197;BR-101/RJ;Norte;Colisão Lateral;;;2;;;;;;;;2;;;;
18/06/2011;18:04:00;126;com vítima;197;BR-101/RJ;Norte;Colisão Transversal;3;;;;;1;;;;;5;1;;;
07/08/2011;08:52:00;45;com vítima;197,1999969482422;BR-101/RJ;Norte;Colisão Lateral;2;;1;;;;;;;;4;1;;;
10/09/2011;22:00:00;167;com vítima;197;BR-101/RJ;Norte;Colisão Lateral;3;;;;;;;;;;1;4;;;
16/09/2011;14:51:00;93;sem vítima;197;BR-101/RJ;Sul;Colisão Traseira;2;;;;;;;;;;2;;;;
05/01/2012;13:30:00;123;com vítima;197;BR-101/RJ;Norte;Colisão Transversal;2;;;;;;;;;;2;2;;;
18/02/2012;14:23:00;215;sem vítima;197;BR-101/RJ;Norte;Engavetamento;5;;;;;1;;;;;17;;;;
25/04/2012;13:20:00;108;com vítima;197;BR-101/RJ;Sul;Engavetamento;2;;;;;;;;;1;5;;1;;
05/05/2012;22:58:00;168;com vítima;197;BR-101/RJ;Norte;Choque - Arvore;1;;;;;;;;;;0;1;2;;
25/09/2012;14:58:00;117;com vítima;197;BR-101/RJ;Norte;Saida de Pista;1;;;;;;;;;;2;1;;;
27/10/2012;00:22:00;3;sem vítima;197,5;BR-101/RJ;Norte;Saida de Pista;1;;;;;;;;;;2;;;;
15/03/2013;14:11:00;117;com vítima;197,42;BR-101/RJ;Sul;Colisão Frontal;2;;;;;;;;;;0;2;2;;
23/08/2013;10:11:00;59;sem vítima;197;BR-101/RJ;Norte;Saida de Pista;1;;;;;;;;;;1;;;;
05/01/2014;11:47:00;82;sem vítima;197;BR-101/RJ;Norte;Saida de Pista;1;;;;;1;;;;;3;;;;
01/03/2014;17:49:00;304;com vítima;197,46;BR-101/RJ;Norte;Colisão Traseira;1;;1;;;;;;;;2;1;;;
08/06/2014;09:15:00;56;com vítima;197;BR-101/RJ;Norte;Saida de Pista;1;;;;;;;;;;0;2;;;
23/07/2014;16:02:00;115;sem vítima;197;BR-101/RJ;Norte;Colisão Lateral;1;;;;1;;;;;;26;;;;
02/08/2014;15:02:00;90;sem vítima;197;BR-101/RJ;Sul;Colisão Frontal;1;;1;;;1;;;;;5;;;;
13/09/2014;20:58:00;152;sem vítima;197,445;BR-101/RJ;Norte;Saida de Pista;1;;;;;;;;;;3;;;;