data;horario;n_da_ocorrencia;tipo_de_ocorrencia;km;trecho;sentido;tipo_de_acidente;automovel;bicicleta;caminhao;moto;onibus;outros;tracao_animal;transporte_de_cargas_especiais;trator_maquinas;utilitarios;ilesos;levemente_feridos;moderadamente_feridos;gravemente_feridos;mortos
17/10/2014;06:47:00;26;sem vítima;197;BR-101/RJ;Norte;Colisão Traseira;2;;;;;;;;;;2;;;;
26/10/2014;09:14:00;48;com vítima;197,466;BR-101/RJ;Sul;Colisão Transversal;1;;;;;;;;;1;2;4;;;
25/01/2015;16:08:00;93;com vítima;197;BR-101/RJ;Norte;Colisão Transversal;1;;;1;;;;;;;1;2;;;
25/03/2015;06:08:00;24;sem vítima;197;BR-101/RJ;Sul;Saida de Pista;1;;;;;;;;;;1;0;0;0;0
26/04/2015;07:46:00;34;sem vítima;197;BR-101/RJ;Sul;Colisão Lateral;1;;;;;1;;;;;2;;;;
10/08/2015;11:09:00;116;com vítima;197,617;BR-101/RJ;Norte;Choque - Suporte de Sinalização;1;;;;;;;;;;0;3;;;
02/10/2015;07:22:00;31;sem vítima;197,428;BR-101/RJ;Norte;Colisão Traseira;2;;;;;;;;;;2;;;;
16/10/2015;18:35:00;232;sem vítima;197;BR-101/RJ;Sul;Colisão Traseira;2;;;;;;;;;;5;;;;
04/11/2015;14:14:00;130;sem vítima;197;BR-101/RJ;Sul;Colisão Traseira;1;;;;1;;;;;;3;;;;
07/12/2015;23:05:00;221;sem vítima;197;BR-101/RJ;Norte;Capotamento;1;;;;;;;;;;1;;;;
19/12/2015;13:53:00;163;sem vítima;197,5;BR-101/RJ;Norte;Choque - Poste;;;;;;1;;;;;1;;;;
22/04/2010;17:11:00;154;sem vítima;198;BR-101/RJ;Norte;Colisão Transversal;2;;;;;;;;;;2;;;;
22/04/2010;18:38:00;166;sem vítima;198;BR-101/RJ;Norte;Engavetamento;3;;;;;;;;;;9;;;;
18/05/2010;15:48:00;125;com vítima;198;BR-101/RJ;Norte;Queda de Moto;;;;1;;;;;;;0;;2;;
22/06/2010;01:53:00;9;sem vítima;198;BR-101/RJ;Sul;Atropelamento de Animal;;;1;;;1;;;;;2;;;;
29/07/2010;15:49:00;142;sem vítima;198;BR-101/RJ;Sul;Colisão Traseira;;;2;;;;;;;;3;;;;
27/08/2010;06:40:00;27;sem vítima;198;BR-101/RJ;Norte;Colisão Traseira;;;1;;1;;;;;;3;;;;
06/11/2010;09:45:00;64;com vítima;198;BR-101/RJ;Norte;Colisão Traseira;1;;;1;;1;;;;;5;;1;;
05/05/2011;10:54:00;75;sem vítima;198;BR-101/RJ;Sul;Colisão Transversal;2;;;;;;;;;;6;;;;
20/06/2011;06:21:00;17;sem vítima;198;BR-101/RJ;Sul;Colisão Traseira;2;;;;;;;;;;2;;;;
01/09/2011;19:28:00;148;com vítima;198,5;BR-101/RJ;Sul;Outros - Sequência;2;;4;;;;;;;;5;2;;1;
20/11/2011;06:29:00;17;sem vítima;198;BR-101/RJ;Norte;Colisão Traseira;1;;;;;1;;;;;2;;;;
07/03/2012;22:57:00;177;com vítima;198;BR-101/RJ;Norte;Saida de Pista;2;;;;;;;;;;1;;1;;
14/03/2012;16:42:00;122;com vítima;198;BR-101/RJ;Norte;Colisão Lateral;2;;;;;;;;;;0;;;3;
01/07/2012;20:35:00;155;sem vítima;198,4;BR-101/RJ;Norte;Saida de Pista;1;;;;;;;;;;1;;;;
24/09/2012;13:23:00;126;com vítima;198;BR-101/RJ;Norte;Queda de Moto;;;;1;;;;;;;0;1;;;
24/10/2012;21:32:00;217;com vítima;198;BR-101/RJ;Sul;Saida de Pista;1;;;;;;;;;;0;2;;;
29/11/2012;05:32:00;20;com vítima;198,7;BR-101/RJ;Norte;Colisão Frontal;1;;1;;;;;;;;1;;;;1
20/12/2012;19:37:00;198;sem vítima;198;BR-101/RJ;Sul;Colisão Transversal;2;;;;;;;;;;2;;;;
04/01/2013;18:55:00;166;sem vítima;198,2;BR-101/RJ;Sul;Saida de Pista;1;;;;;;;;;;1;;;;
10/02/2013;03:57:00;31;sem vítima;198;BR-101/RJ;Norte;Colisão Traseira;3;;;;;;;;;;12;;;;
15/02/2013;13:09:00;127;sem vítima;198;BR-101/RJ;Norte;Colisão Traseira;;;;1;;;;;;1;5;;;;
29/06/2013;09:00:00;55;sem vítima;198;BR-101/RJ;Sul;Colisão Traseira;2;;;;;;;;;;2;;;;
14/07/2013;10:51:00;71;com vítima;198;BR-101/RJ;Norte;Saida de Pista;;;;1;1;;;;;;1;;1;;
14/10/2013;18:04:00;178;com vítima;198;BR-101/RJ;Norte;Atropelamento - Ciclista;1;1;;;;;;;;;1;1;;;
01/06/2014;22:55:00;164;com vítima;198,6;BR-101/RJ;Norte;Colisão Frontal;1;;;;;;;;;1;0;3;1;2;
12/08/2014;15:52:00;135;sem vítima;198;BR-101/RJ;Sul;Colisão Lateral;1;;;;;;;;;1;3;;;;
02/11/2014;16:49:00;108;com vítima;198,84;BR-101/RJ;Sul;Colisão Transversal;2;;;;;;;;;;8;2;;;
20/12/2014;05:07:00;30;sem vítima;198;BR-101/RJ;Sul;Choque - Defensa, barreira ou "submarino";1;;;;;;;;;;5;;;;
15/01/2015;09:30:00;67;sem vítima;198;BR-101/RJ;Norte;Colisão Traseira;2;;;;;;;;;;1;;;;
09/02/2015;17:32:00;154;sem vítima;198,8;BR-101/RJ;Sul;Saida de Pista;;;1;;;;;;;;1;0;0;0;0
18/02/2015;14:53:00;120;com vítima;198;BR-101/RJ;Norte;Colisão Traseira;2;;;;;;;;;;4;2;0;0;0
11/08/2015;16:16:00;168;com vítima;198;BR-101/RJ;Norte;Queda de Moto;;;;1;;;;;;;0;1;;;
15/01/2010;06:52:00;26;sem vítima;199,5;BR-101/RJ;Sul;Saida de Pista;2;;;;;;;;;;2;;;;
01/03/2010;12:25:00;96;sem vítima;199;BR-101/RJ;Norte;Capotamento;1;;;;;;;;;;1;;;;
10/03/2010;15:12:00;134;sem vítima;199;BR-101/RJ;Norte;Colisão Traseira;2;;;;;1;;;;;2;;;;
04/08/2010;15:53:00;116;sem vítima;199;BR-101/RJ;Norte;Saida de Pista;;;;;1;;;;;;2;;;;
13/08/2010;16:52:00;145;com vítima;199;BR-101/RJ;Norte;Colisão Frontal;2;;;;;;;;;;2;1;;;
13/08/2010;17:40:00;156;sem vítima;199;BR-101/RJ;Norte;Colisão Traseira;1;;1;;;;;;;;2;;;;
01/10/2010;20:21:00;205;com vítima;199;BR-101/RJ;Sul;Saida de Pista;1;;;;;;;;;;0;;1;;
24/12/2010;15:43:00;129;com vítima;199;BR-101/RJ;Norte;Colisão Frontal;2;;;;;;;;;;0;;5;1;
16/06/2011;17:26:00;143;com vítima;199;BR-101/RJ;Norte;Outros - Sequência;2;;1;;;;;;;;2;;1;;
10/11/2011;09:17:00;57;com vítima;199;BR-101/RJ;Sul;Colisão Frontal;2;;;;;;;;;;0;1;;;1
19/11/2011;18:21:00;104;com vítima;199;BR-101/RJ;Sul;Saida de Pista;;;1;;;;;;;;0;1;;;
28/04/2012;01:22:00;6;sem vítima;199;BR-101/RJ;Sul;Saida de Pista;1;;;;;;;;;;1;;;;
22/10/2012;00:18:00;4;sem vítima;199,37;BR-101/RJ;Sul;Atropelamento de Animal;;;1;;;;;;;;1;;;;
04/01/2013;23:09:00;200;com vítima;199,8;BR-101/RJ;Norte;Colisão Frontal;1;;1;;;;;;;;1;3;1;1;3
14/02/2013;17:00:00;172;sem vítima;199;BR-101/RJ;Norte;Colisão Lateral;2;;;;;;;;;;2;;;;
03/06/2013;04:41:00;16;sem vítima;199,882;BR-101/RJ;Norte;Saida de Pista;1;;;;;;;;;;1;;;;
14/08/2013;13:27:00;108;sem vítima;199;BR-101/RJ;Norte;Colisão Lateral;2;;;;;;;;;;2;;;;
24/09/2013;17:13:00;126;com vítima;199,8;BR-101/RJ;Sul;Colisão Frontal;1;;1;;;;;;;;2;2;;;
24/11/2013;20:34:00;158;sem vítima;199;BR-101/RJ;Norte;Colisão Lateral;1;;1;;;;;;;;6;;;;
10/02/2014;14:29:00;131;com vítima;199;BR-101/RJ;Sul;Colisão Lateral;;;;1;;1;;;;;1;1;;;
01/03/2014;17:06:00;290;sem vítima;199;BR-101/RJ;Norte;Colisão Traseira;1;;1;;;;;;;;6;;;;
28/05/2014;19:15:00;148;com vítima;199,26;BR-101/RJ;Norte;Atropelamento - Ciclista;1;1;;;;;;;;;1;;1;;
23/07/2014;10:46:00;60;com vítima;199;BR-101/RJ;Sul;Saida de Pista;1;;;;;;;;;;0;1;;;
21/11/2014;02:18:00;16;sem vítima;199;BR-101/RJ;Norte;Colisão Lateral;;;1;;;1;;;;;2;;;;
23/11/2014;20:41:00;163;com vítima;199;BR-101/RJ;Norte;Colisão Transversal;2;;;;;;;;;;1;1;;;
11/12/2014;06:24:00;28;com vítima;199;BR-101/RJ;Norte;Capotamento;1;;;;;;;;;;0;1;;;
18/02/2015;15:20:00;125;sem vítima;199;BR-101/RJ;Sul;Engavetamento;4;;1;;;;;;;;18;0;0;0;0
16/03/2015;08:23:00;58;sem vítima;199,85;BR-101/RJ;Sul;Colisão Traseira;1;;;;;;;;;1;3;0;0;0;0
29/03/2015;03:33:00;21;com vítima;199;BR-101/RJ;Sul;Colisão Traseira;2;;;;;;;;;;3;3;0;0;0
09/07/2015;13:48:00;136;com vítima;199,54;BR-101/RJ;Norte;Colisão Frontal;1;;2;;1;;;;;;22;1;;;
07/09/2015;18:14:00;153;sem vítima;199;BR-101/RJ;Sul;Engavetamento;3;;;;;;;;;;3;;;;
27/12/2015;05:27:00;27;com vítima;199,4;BR-101/RJ;Norte;Colisão Frontal;3;;;;;;;;;;4;;1;1;1
30/03/2010;22:42:00;203;sem vítima;200;BR-101/RJ;Norte;Engavetamento;2;;;;;;;;;;4;;;;
25/04/2010;22:37:00;193;com vítima;200;BR-101/RJ;Sul;Colisão Frontal;2;;;;;;;;;;1;2;3;;
12/05/2010;17:21:00;122;sem vítima;200;BR-101/RJ;Sul;Colisão Traseira;1;;1;;;;;;;;2;;;;
17/05/2010;16:54:00;116;sem vítima;200;BR-101/RJ;Sul;Colisão Traseira;;;2;;;;;;;;5;;;;
23/06/2010;11:31:00;49;sem vítima;200;BR-101/RJ;Norte;Saida de Pista;1;;;;;;;;;;1;;;;
27/06/2010;00:58:00;6;sem vítima;200;BR-101/RJ;Sul;Atropelamento de Animal;;;;;1;;;;;;2;;;;
01/08/2010;16:45:00;149;com vítima;200;BR-101/RJ;Norte;Colisão Traseira;2;;;;;;;;;;4;1;1;;
26/08/2010;14:26:00;115;sem vítima;200;BR-101/RJ;Norte;Saida de Pista;1;;;;;;;;;;2;;;;
24/09/2010;07:34:00;31;sem vítima;200;BR-101/RJ;Norte;Colisão Traseira;2;;;;;;;;;;2;;;;
06/10/2010;21:43:00;151;sem vítima;200;BR-101/RJ;Sul;Colisão Lateral;;;2;;;;;;;;2;;;;
04/11/2010;18:12:00;150;sem vítima;200;BR-101/RJ;Sul;Saida de Pista;;;1;;;;;;;;1;;;;
09/12/2010;00:26:00;4;sem vítima;200;BR-101/RJ;Sul;Colisão Traseira;;;2;;;;;;;;2;;;;
21/01/2011;17:31:00;160;sem vítima;200;BR-101/RJ;Sul;Engavetamento;3;;2;;;;;;;;9;;;;
05/02/2011;19:23:00;196;com vítima;200;BR-101/RJ;Sul;Queda de Moto;;;;1;;;;;;;0;;1;;
07/03/2011;13:18:00;72;sem vítima;4;BR-101/RJ;Norte;Saida de Pista;1;;;;;;;;;;1;;;;
11/05/2011;05:34:00;8;sem vítima;200;BR-101/RJ;Sul;Atropelamento de Animal;;;1;;;;;;;;1;;;;
16/06/2011;08:15:00;48;com vítima;200;BR-101/RJ;Sul;Colisão Frontal;;;1;;;;;;;1;1;6;2;;
17/06/2011;13:22:00;107;sem vítima;200;BR-101/RJ;Norte;Colisão Lateral;1;;;;;;;;;1;2;;;;
26/06/2011;18:44:00;158;com vítima;200;BR-101/RJ;Norte;Queda de Moto;;;;1;;;;;;;0;1;1;;
13/08/2011;19:08:00;187;com vítima;200;BR-101/RJ;Norte;Atropelamento - Sem Informação;;1;;;;1;;;;;1;;;1;
20/08/2011;14:57:00;98;sem vítima;200;BR-101/RJ;Sul;Engavetamento;3;;;;;;;;;;11;;;;
03/09/2011;18:02:00;128;com vítima;200;BR-101/RJ;Norte;Atropelamento - Ciclista;;1;1;;;;;;;;1;;;1;
16/09/2011;14:55:00;94;com vítima;200;BR-101/RJ;Sul;Atropelamento - Morador;1;;;;;;;;;;2;;1;;
05/10/2011;07:24:00;34;sem vítima;200,89300537109375;BR-101/RJ;Sul;Colisão Traseira;2;;;;;;;;;;2;;;;
20/10/2011;14:24:00;116;sem vítima;200;BR-101/RJ;Sul;Colisão Traseira;;;1;;;;;;;1;2;;;;
04/12/2011;17:38:00;131;com vítima;200;BR-101/RJ;Sul;Colisão Transversal;2;;;;;;;;;;4;;4;;
15/12/2011;14:08:00;96;sem vítima;200;BR-101/RJ;Norte;Capotamento;2;;;;;;;;;;2;;;;
28/12/2011;14:43:00;128;com vítima;200;BR-101/RJ;Norte;Colisão Frontal;2;;;;;;;;;1;0;;4;1;1
19/01/2012;22:23:00;206;sem vítima;200;BR-101/RJ;Sul;Colisão Lateral;2;;;;;;;;;;5;;;;
17/02/2012;06:12:00;43;sem vítima;200;BR-101/RJ;Sul;Colisão Transversal;2;;;;;;;;;;5;;;;
19/02/2012;07:30:00;46;com vítima;200,517;BR-101/RJ;Norte;Colisão Frontal;4;;;;;;;;;;9;2;2;;1
18/03/2012;11:48:00;69;com vítima;200;BR-101/RJ;Norte;Colisão Lateral;2;;;;;;;;;;1;4;;;
04/04/2012;21:45:00;196;sem vítima;200;BR-101/RJ;Norte;Colisão Transversal;2;;;;;;;;;;4;;;;
07/04/2012;18:34:00;122;sem vítima;200,8;BR-101/RJ;Norte;Atropelamento de Animal;;;1;;;;;;;;1;;;;
29/06/2012;06:42:00;17;sem vítima;200,5;BR-101/RJ;Norte;Colisão Traseira;;;2;;;;;;;;2;;;;
04/07/2012;06:15:00;25;com vítima;200;BR-101/RJ;Sul;Colisão Traseira;1;;;1;;;;;;;1;;;1;
08/09/2012;23:36:00;170;com vítima;200,4;BR-101/RJ;Sul;Colisão Transversal;2;;;;;;;;;;2;4;4;;
22/11/2012;02:33:00;10;sem vítima;200,5;BR-101/RJ;Norte;Saida de Pista;1;;;;;;;;;;1;;;;
29/11/2012;15:34:00;142;com vítima;200,05;BR-101/RJ;Sul;Tombamento;;;1;;;;;;;;0;2;;;
01/12/2012;09:52:00;62;sem vítima;200;BR-101/RJ;Norte;Colisão Traseira;2;;;;;;;;;;4;;;;
03/12/2012;13:25:00;126;com vítima;200;BR-101/RJ;Sul;Colisão Frontal;2;;;;;;;;;;2;;1;;
08/12/2012;05:55:00;33;com vítima;200;BR-101/RJ;Norte;Colisão Lateral;1;;1;;;;;;;;1;1;;;
22/12/2012;18:53:00;202;com vítima;200;BR-101/RJ;Sul;Saida de Pista;1;;;;;;;;;;0;2;;;
08/02/2013;21:28:00;266;com vítima;200;BR-101/RJ;Norte;Colisão Transversal;;;;1;1;;;;;;1;;;1;
09/02/2013;00:51:00;11;sem vítima;200;BR-101/RJ;Norte;Saida de Pista;1;;;;1;;;;;;2;;;;
20/03/2013;09:46:00;71;sem vítima;200;BR-101/RJ;Sul;Saida de Pista;1;;;;;;;;;;1;;;;
02/05/2013;09:09:00;51;com vítima;200;BR-101/RJ;Sul;Colisão Frontal;2;;;;;;;;;;1;1;;;
24/05/2013;21:43:00;173;sem vítima;200;BR-101/RJ;Norte;Saida de Pista;;;1;;;;;;;;1;;;;
20/09/2013;12:03:00;90;com vítima;200,633;BR-101/RJ;Sul;Colisão Traseira;1;;1;;;;;;;;1;2;;;
13/10/2013;20:31:00;179;com vítima;200;BR-101/RJ;Norte;Colisão Lateral;2;;;;;;;;;;6;;1;;
18/10/2013;16:07:00;115;com vítima;200;BR-101/RJ;Norte;Colisão Lateral;1;;;1;;;;;;;1;1;;;
17/01/2014;18:18:00;142;sem vítima;200;BR-101/RJ;Norte;Colisão Traseira;1;;;;;;;;;1;2;;;;
18/01/2014;01:13:00;19;com vítima;200;BR-101/RJ;Sul;Tombamento;;;1;;;;;;;;0;3;;;
26/02/2014;12:17:00;118;sem vítima;200,716;BR-101/RJ;Norte;Colisão Transversal;1;;;;;;;;;1;3;;;;
03/03/2014;08:50:00;44;sem vítima;200;BR-101/RJ;Norte;Colisão Traseira;2;;;;;;;;;;4;;;;
04/04/2014;17:47:00;147;sem vítima;200,088;BR-101/RJ;Norte;Colisão Traseira;2;;;;;;;;;;2;;;;
18/04/2014;17:34:00;198;sem vítima;200;BR-101/RJ;Norte;Colisão Lateral;2;;;;;;;;;;5;;;;
13/06/2014;13:23:00;108;sem vítima;200;BR-101/RJ;Norte;Colisão Transversal;1;;;;;1;;;;;2;;;;
06/07/2014;10:16:00;56;com vítima;200;BR-101/RJ;Sul;Colisão Lateral;;;;1;;1;;;;;2;1;;;
04/11/2014;13:32:00;114;sem vítima;200;BR-101/RJ;Norte;Tombamento;;;1;;;;;;;;1;;;;
29/11/2014;16:40:00;123;com vítima;200;BR-101/RJ;Sul;Atropelamento - Ciclista;1;1;;;;;;;;;1;;1;;
13/12/2014;13:41:00;113;sem vítima;200;BR-101/RJ;Norte;Colisão Transversal;2;;;;;;;;;;2;;;;
14/02/2015;04:15:00;36;com vítima;200;BR-101/RJ;Sul;Queda de Moto;;;;1;;;;;;;0;1;0;0;0
20/03/2015;02:06:00;9;sem vítima;200;BR-101/RJ;Norte;Saida de Pista;1;;;;;;;;;;2;0;0;0;0
19/05/2015;09:49:00;71;sem vítima;200;BR-101/RJ;Norte;Colisão Traseira;2;;;;;;;;;;3;;;;
07/06/2015;21:49:00;194;sem vítima;200,477;BR-101/RJ;Norte;Outros - Sequência;2;;;;;;;;;;2;;;;
27/06/2015;01:32:00;7;com vítima;200,09;BR-101/RJ;Sul;Colisão Transversal;;;1;;1;;;;;;1;1;;;
20/08/2015;18:59:00;167;com vítima;200;BR-101/RJ;Sul;Saida de Pista;1;;;;;;;;;;0;2;;;
23/08/2015;23:50:00;200;sem vítima;200,5;BR-101/RJ;Sul;Atropelamento de Animal;;;1;;;;;;;;1;;;;
30/08/2015;01:27:00;7;sem vítima;200,6;BR-101/RJ;Sul;Atropelamento de Animal;;;1;;;;;;;;1;;;;
11/09/2015;10:23:00;97;sem vítima;200;BR-101/RJ;Norte;Colisão Transversal;2;;;;;;;;;;4;;;;
05/10/2015;09:18:00;77;sem vítima;200,583;BR-101/RJ;Norte;Colisão Frontal;1;;1;;;;;;;;2;;;;
02/11/2015;21:03:00;173;sem vítima;200;BR-101/RJ;Sul;Saida de Pista;1;;;;;;;;;;1;;;;
12/11/2015;13:54:00;128;sem vítima;200;BR-101/RJ;Sul;Saida de Pista;1;;;;;1;;;;;2;;;;
10/02/2010;06:25:00;48;sem vítima;201;BR-101/RJ;Norte;Tombamento;;;1;;;;;;;;2;;;;
24/02/2010;09:15:00;63;com vítima;201;BR-101/RJ;Sul;Colisão Lateral;2;;;;;;;;;;5;1;;;
14/04/2010;04:34:00;27;com vítima;201;BR-101/RJ;Norte;Colisão Lateral;1;;1;;;;;;;;3;;1;;
28/05/2010;12:26:00;106;com vítima;201;BR-101/RJ;Norte;Atropelamento - Ciclista;;1;1;;;;;;;;1;;;;1
07/06/2010;22:04:00;179;sem vítima;201;BR-101/RJ;Sul;Saida de Pista;1;;;;;;;;;;1;;;;
15/09/2010;07:29:00;34;com vítima;201;BR-101/RJ;Norte;Outros - Sequência;;;;;;;;;;1;0;2;;;
28/10/2010;12:23:00;95;com vítima;201;BR-101/RJ;Sul;Saida de Pista;1;;1;;;;;;;;2;2;;;
01/11/2010;20:21:00;156;sem vítima;201;BR-101/RJ;Norte;Capotamento;1;;;;;;;;;;1;;;;
07/03/2011;20:55:00;136;sem vítima;308;BR-101/RJ;Sul;Atropelamento de Animal;1;;;;;;;;;;3;;;;
18/05/2011;18:41:00;181;com vítima;201;BR-101/RJ;Norte;Choque - Defensa, barreira ou "submarino";;;;;;;;;;1;0;;1;;
16/06/2011;19:01:00;161;sem vítima;201;BR-101/RJ;Norte;Colisão Traseira;2;;;;;;;;;;4;;;;
27/06/2011;08:32:00;42;com vítima;201;BR-101/RJ;Norte;Colisão Frontal;3;;;;;;;;;;0;1;1;2;
02/08/2011;05:47:00;32;sem vítima;201,10000610351562;BR-101/RJ;Sul;Choque - Defensa, barreira ou "submarino";1;;;;;;;;;;2;;;;
29/08/2011;12:59:00;114;com vítima;201;BR-101/RJ;Sul;Colisão Frontal;;;3;;;;;;;;1;3;1;;
19/02/2012;08:50:00;69;sem vítima;201;BR-101/RJ;Norte;Colisão Traseira;2;;;;;;;;;;2;;;;
19/02/2012;09:34:00;85;sem vítima;201;BR-101/RJ;Norte;Colisão Traseira;2;;;;;;;;;;6;;;;
23/02/2012;08:11:00;67;com vítima;201;BR-101/RJ;Norte;Colisão Lateral;2;;;;;;;;;;5;1;;;
13/06/2012;12:29:00;103;sem vítima;201;BR-101/RJ;Norte;Colisão Traseira;2;;;;;;;;;;3;;;;
14/09/2012;10:56:00;66;com vítima;201;BR-101/RJ;Sul;Colisão Traseira;;;;;;;;;;2;3;2;;;
12/10/2012;10:08:00;96;sem vítima;201;BR-101/RJ;Sul;Colisão Traseira;2;;;;;;;;;;4;;;;
01/11/2012;17:39:00;164;sem vítima;201;BR-101/RJ;Sul;Colisão Traseira;1;;;;;;;;;1;5;;;;
13/12/2012;08:48:00;58;com vítima;201;BR-101/RJ;Sul;Colisão Traseira;2;;;;;;;;;;1;1;;;
31/10/2013;18:09:00;116;com vítima;201,4;BR-101/RJ;Sul;Colisão Lateral;;;2;;;;;;;;1;1;1;;
29/12/2013;07:25:00;35;sem vítima;201;BR-101/RJ;Sul;Outros - Sequência;4;;;;;;;;;;10;;;;
18/01/2014;08:15:00;78;sem vítima;201;BR-101/RJ;Norte;Colisão Traseira;;;2;;;;;;;;2;;;;
05/02/2014;01:15:00;5;sem vítima;201;BR-101/RJ;Norte;Choque - Outros;1;;;;;;;;;;1;;;;
15/02/2014;08:51:00;65;sem vítima;201;BR-101/RJ;Sul;Saida de Pista;1;;;;;;;;;;2;;;;
01/03/2014;12:00:00;200;sem vítima;201;BR-101/RJ;Norte;Outros - Sequência;1;;;;;1;;;;1;13;;;;
01/03/2014;12:51:00;216;sem vítima;201;BR-101/RJ;Norte;Colisão Traseira;2;;;;;;;;;;7;;;;
01/03/2014;14:33:00;244;sem vítima;201,8;BR-101/RJ;Norte;Engavetamento;4;;;;;;;;;;4;;;;
10/04/2014;15:55:00;144;sem vítima;201;BR-101/RJ;Sul;Colisão Traseira;2;;;;;;;;;;2;;;;
11/06/2014;18:07:00;164;sem vítima;201;BR-101/RJ;Norte;Choque - Defensa, barreira ou "submarino";;;;1;;;;;;;1;;;;
23/09/2014;13:48:00;96;sem vítima;201;BR-101/RJ;Sul;Saida de Pista;;;1;;;;;;;;1;;;;
12/02/2015;00:00:00;242;sem vítima;201;BR-101/RJ;Sul;Atropelamento de Animal;;;;;1;;;;;;3;0;0;0;0
02/03/2015;15:14:00;112;com vítima;201;BR-101/RJ;Sul;Colisão Traseira;1;;;;;;;;;1;1;0;1;0;0
27/07/2015;06:50:00;26;sem vítima;201,616;BR-101/RJ;Sul;Saida de Pista;1;;;;;;;;;;1;;;;
29/10/2015;18:47:00;185;com vítima;201,914;BR-101/RJ;Norte;Colisão Frontal;;;2;;;;;;;;2;1;;;
27/12/2015;12:37:00;105;sem vítima;201;BR-101/RJ;Norte;Colisão Traseira;1;;;;;1;;;;;6;;;;
04/04/2010;23:18:00;272;com vítima;202;BR-101/RJ;Norte;Saida de Pista;1;;;;;;;;;;0;1;;;
15/07/2010;09:10:00;50;com vítima;202;BR-101/RJ;Sul;Colisão Frontal;2;;;;;;;;;;3;;3;;
17/11/2010;13:40:00;107;com vítima;202;BR-101/RJ;Norte;Saida de Pista;1;;;;;;;;;;0;2;;;
07/03/2011;23:28:00;148;sem vítima;320;BR-101/RJ;Norte;Colisão Lateral;1;;1;;;;;;;;2;;;;
19/06/2011;15:02:00;97;com vítima;202;BR-101/RJ;Norte;Colisão Frontal;2;;1;;;;;;;;2;1;4;;1
01/09/2011;01:20:00;5;com vítima;202,5;BR-101/RJ;Norte;Saida de Pista;;;1;;;;;;;;0;1;;;
16/09/2011;17:05:00;117;sem vítima;202;BR-101/RJ;Sul;Colisão Traseira;;;2;;;;;;;;2;;;;
09/12/2011;03:41:00;10;sem vítima;202,5;BR-101/RJ;Sul;Saida de Pista;;;;;;;;;;1;2;;;;
18/09/2013;15:31:00;131;com vítima;202,5;BR-101/RJ;Norte;Saida de Pista;;;1;;;;;;;;1;1;;;
18/04/2014;11:37:00;122;sem vítima;202,55;BR-101/RJ;Norte;Engavetamento;2;;;;;1;;;;;3;;;;
05/07/2014;17:21:00;112;com vítima;202;BR-101/RJ;Norte;Saida de Pista;1;;;;;;;;;;4;1;;;
19/07/2014;09:31:00;39;com vítima;202,273;BR-101/RJ;Sul;Colisão Lateral;1;;1;;;;;;;;1;1;;;
01/09/2014;12:22:00;90;sem vítima;202,8;BR-101/RJ;Norte;Colisão Traseira;2;;;;;;;;;;6;;;;
14/09/2014;22:38:00;197;sem vítima;202;BR-101/RJ;Sul;Colisão Traseira;2;;;;;;;;;;6;;;;
23/09/2014;17:33:00;133;com vítima;202,9;BR-101/RJ;Sul;Colisão Traseira;;;2;;;;;;;;1;;1;;
04/08/2015;16:52:00;147;com vítima;202,6;BR-101/RJ;Sul;Colisão Frontal;3;;;;;;;;;;0;5;2;;
25/02/2010;17:53:00;147;sem vítima;203;BR-101/RJ;Sul;Colisão Lateral;1;;1;;;;;;;;2;;;;
05/03/2010;18:34:00;156;sem vítima;203;BR-101/RJ;Sul;Colisão Lateral;1;;;;;;;;;1;7;;;;
07/08/2010;05:44:00;31;sem vítima;203;BR-101/RJ;Sul;Capotamento;1;;;;;;;;;;1;;;;
08/03/2011;02:00:00;4;com vítima;319;BR-101/RJ;Sul;Outros - Sequência;1;;;;;;;;;;0;1;;;
01/10/2011;12:07:00;84;sem vítima;203;BR-101/RJ;Sul;Colisão Traseira;3;;;;;;;;;;3;;;;
05/02/2012;17:47:00;123;sem vítima;203;BR-101/RJ;Norte;Colisão Transversal;2;;;;;;;;;;2;;;;
27/10/2012;15:01:00;131;com vítima;203;BR-101/RJ;Sul;Colisão Frontal;1;;;;;;;;;1;1;2;1;1;
27/11/2012;16:22:00;103;sem vítima;203;BR-101/RJ;Norte;Saida de Pista;;;1;;;;;;;;1;;;;
29/01/2013;11:38:00;84;com vítima;203,494;BR-101/RJ;Sul;Outros - Sequência;2;;1;;;;;;;;3;1;1;;
02/02/2013;22:03:00;218;sem vítima;203;BR-101/RJ;Sul;Colisão Lateral;1;;;1;;;;;;;3;;;;
13/03/2013;22:44:00;224;sem vítima;203,15;BR-101/RJ;Sul;Saida de Pista;;;1;;;;;;;;1;;;;
28/03/2013;14:21:00;153;sem vítima;203;BR-101/RJ;Sul;Colisão Traseira;1;;;1;;;;;;;2;;;;
10/11/2013;10:32:00;68;sem vítima;203;BR-101/RJ;Sul;Queda de Moto;;;;1;;;;;;;2;;;;
26/09/2014;18:24:00;151;sem vítima;203;BR-101/RJ;Sul;Saida de Pista;;;;1;;;;;;;2;;;;
13/07/2015;19:47:00;192;com vítima;203;BR-101/RJ;Sul;Capotamento;1;;;;;;;;;;0;;2;;
10/10/2015;02:34:00;17;sem vítima;203;BR-101/RJ;Norte;Saida de Pista;1;;;;;;;;;;1;;;;
11/10/2015;13:03:00;79;sem vítima;203,167;BR-101/RJ;Norte;Colisão Lateral;2;;;;;;;;;;2;;;;
13/02/2010;08:16:00;136;sem vítima;204;BR-101/RJ;Norte;Colisão Traseira;2;;;;;;;;;;9;;;;