data;horario;n_da_ocorrencia;tipo_de_ocorrencia;km;trecho;sentido;tipo_de_acidente;automovel;bicicleta;caminhao;moto;onibus;outros;tracao_animal;transporte_de_cargas_especiais;trator_maquinas;utilitarios;ilesos;levemente_feridos;moderadamente_feridos;gravemente_feridos;mortos
18/04/2010;17:51:00;111;sem vítima;204;BR-101/RJ;Norte;Colisão Traseira;3;;;;;;;;;;12;;;;
17/05/2011;04:57:00;9;sem vítima;204;BR-101/RJ;Norte;Saida de Pista;1;;;;;;;;;;1;;;;
13/09/2011;23:47:00;148;sem vítima;204;BR-101/RJ;Norte;Saida de Pista;1;;;;;;;;;;1;;;;
28/10/2011;12:05:00;74;sem vítima;204;BR-101/RJ;Sul;Engavetamento;3;;;;;;;;;;7;;;;
20/07/2012;11:03:00;77;sem vítima;204;BR-101/RJ;Sul;Engavetamento;3;;;;;;;;;;5;;;;
04/08/2012;18:31:00;168;com vítima;204,796;BR-101/RJ;Sul;Colisão Transversal;2;;;;;;;;;;6;1;;;
05/09/2012;09:36:00;82;sem vítima;204;BR-101/RJ;Sul;Objeto lançado contra veículo;1;;1;;;;;;;;5;;;;
20/10/2012;01:53:00;8;sem vítima;204,3;BR-101/RJ;Sul;Colisão Lateral;;;2;;;;;;;;2;;;;
26/11/2012;16:39:00;149;com vítima;204,289;BR-101/RJ;Sul;Queda de Moto;;;1;1;;;;;;;1;1;;;
22/12/2012;21:22:00;229;com vítima;204,8;BR-101/RJ;Sul;Colisão Frontal;2;;;;;;;;;;0;;;2;1
01/01/2013;18:00:00;172;sem vítima;204;BR-101/RJ;Norte;Colisão Transversal;2;;;;;;;;;;2;;;;
26/01/2013;22:53:00;205;sem vítima;204;BR-101/RJ;Norte;Colisão Frontal;2;;;;;;;;;;8;;;;
12/12/2013;06:09:00;26;sem vítima;204,808;BR-101/RJ;Norte;Colisão Transversal;;;1;;;;;;;1;3;;;;
25/04/2014;16:41:00;103;sem vítima;204,93;BR-101/RJ;Norte;Saida de Pista;1;;;;;;;;;;4;;;;
01/08/2014;16:29:00;122;sem vítima;204;BR-101/RJ;Sul;Colisão Lateral;2;;;;;;;;;;3;;;;
23/01/2015;17:51:00;155;sem vítima;204;BR-101/RJ;Sul;Engavetamento;3;;;;;;;;;;10;;;;
01/06/2015;13:36:00;119;sem vítima;204;BR-101/RJ;Norte;Queda de Moto;;;;1;;;;;;;1;;;;
05/11/2015;20:18:00;200;sem vítima;204,397;BR-101/RJ;Sul;Capotamento;1;;;;;;;;;;4;;;;
21/04/2010;13:47:00;105;com vítima;205;BR-101/RJ;Norte;Outros;1;;;;;;;;;;3;;1;;
01/06/2010;09:55:00;60;com vítima;205;BR-101/RJ;Sul;Colisão Transversal;1;;;1;;;;;;;1;1;;;
24/08/2010;16:14:00;147;sem vítima;205;BR-101/RJ;Sul;Colisão Traseira;1;;1;;;;;;;;3;;;;
08/09/2010;10:42:00;95;sem vítima;205;BR-101/RJ;Sul;Colisão Traseira;2;;;;;;;;;;2;;;;
11/10/2010;03:21:00;9;sem vítima;205;BR-101/RJ;Norte;Saida de Pista;;;;;;;;;;1;4;;;;
03/11/2010;15:21:00;120;sem vítima;205;BR-101/RJ;Norte;Colisão Lateral;2;;;;;;;;;;2;;;;
13/12/2010;08:35:00;50;sem vítima;205;BR-101/RJ;Norte;Colisão Traseira;2;;1;;;;;;;;3;;;;
22/12/2010;05:42:00;28;sem vítima;205;BR-101/RJ;Norte;Saida de Pista;1;;;;;;;;;;3;;;;
14/01/2011;17:26:00;156;sem vítima;205;BR-101/RJ;Norte;Colisão Lateral;1;;2;;;;;;;;7;;;;
28/01/2011;18:38:00;232;sem vítima;205;BR-101/RJ;Sul;Colisão Traseira;2;;;;;;;;;;2;;;;
26/02/2011;18:25:00;128;com vítima;205;BR-101/RJ;Norte;Colisão Frontal;1;;;;;;;;;1;5;2;;;
08/03/2011;09:36:00;36;com vítima;166;BR-101/RJ;Sul;Saida de Pista;1;;;;;;;;;;0;4;;;1
08/03/2011;11:08:00;48;com vítima;291,5;BR-101/RJ;Sul;Colisão Traseira;2;;;;;;;;;;2;1;;;
03/09/2011;10:00:00;55;com vítima;205;BR-101/RJ;Sul;Saida de Pista;;;;;;;;;;1;0;;1;1;
14/09/2011;22:41:00;164;com vítima;205;BR-101/RJ;Norte;Colisão Lateral;;;;1;;1;;;;;1;1;;;
27/09/2011;07:06:00;25;com vítima;205;BR-101/RJ;Norte;Colisão Traseira;1;;1;;;;;;;;1;;;1;
25/10/2011;19:56:00;201;sem vítima;205;BR-101/RJ;Norte;Atropelamento - Ciclista;;1;;;1;;;;;;2;;;;
27/10/2011;09:33:00;58;sem vítima;205;BR-101/RJ;Sul;Colisão Lateral;2;;;;;;;;;;2;;;;
29/10/2011;18:19:00;146;sem vítima;205;BR-101/RJ;Norte;Colisão Frontal;2;;;;;;;;;;2;;;;
11/11/2011;12:25:00;91;sem vítima;205;BR-101/RJ;Norte;Colisão Lateral;1;;;;;;;;;1;2;;;;
09/12/2011;14:35:00;103;sem vítima;205,39999389648438;BR-101/RJ;Sul;Colisão Lateral;1;;;1;;;;;;;2;;;;
22/12/2011;13:02:00;111;sem vítima;205;BR-101/RJ;Sul;Colisão Traseira;3;;;;;;;;;;5;;;;
04/01/2012;13:26:00;110;sem vítima;205;BR-101/RJ;Sul;Colisão Traseira;1;;1;;;;;;;;2;;;;
12/01/2012;16:28:00;154;sem vítima;205;BR-101/RJ;Sul;Colisão Lateral;2;;;;;;;;;;3;;;;
12/01/2012;12:02:00;103;com vítima;205,5;BR-101/RJ;Norte;Colisão Transversal;2;;;;;;;;;;0;3;;;
17/01/2012;12:12:00;112;sem vítima;205;BR-101/RJ;Norte;Colisão Lateral;2;;;;;;;;;;6;;;;
07/03/2012;07:28:00;38;sem vítima;205;BR-101/RJ;Norte;Colisão Traseira;1;;1;;;;;;;;2;;;;
15/03/2012;11:57:00;83;sem vítima;205;BR-101/RJ;Norte;Colisão Lateral;1;;1;;;;;;;;5;;;;
20/03/2012;21:54:00;159;sem vítima;205;BR-101/RJ;Norte;Atropelamento de Animal;;;1;;;;;;;;1;;;;
02/05/2012;16:19:00;155;sem vítima;205;BR-101/RJ;Norte;Colisão Traseira;2;;;;;;;;;;2;;;;
17/06/2012;00:35:00;5;com vítima;205;BR-101/RJ;Norte;Saida de Pista;1;;;;;;;;;;0;1;1;;
04/07/2012;17:19:00;151;sem vítima;205;BR-101/RJ;Norte;Colisão Traseira;3;;;;;;;;;;3;;;;
31/08/2012;07:20:00;40;com vítima;205,89;BR-101/RJ;Norte;Colisão Traseira;1;;;;1;;;;;;5;;1;;
09/09/2012;11:51:00;83;sem vítima;205,494;BR-101/RJ;Sul;Colisão Lateral;2;;;;;;;;;;2;;;;
10/09/2012;07:34:00;52;com vítima;205;BR-101/RJ;Norte;Colisão Transversal;1;;;1;;;;;;;1;1;;;
14/09/2012;20:33:00;166;com vítima;205,865;BR-101/RJ;Sul;Colisão Lateral;2;;;;;;;;;;5;;2;;
17/10/2012;09:17:00;56;sem vítima;205;BR-101/RJ;Sul;Colisão Traseira;2;;;;;;;;;;2;;;;
21/12/2012;10:17:00;98;sem vítima;205,7;BR-101/RJ;Norte;Colisão Traseira;;;2;;;;;;;;2;;;;
29/12/2012;09:43:00;74;sem vítima;205;BR-101/RJ;Norte;Colisão Traseira;1;;;;;1;;;;;3;;;;
02/01/2013;21:22:00;214;sem vítima;205,879;BR-101/RJ;Norte;Colisão Traseira;2;;;;;;;;;;2;;;;
19/01/2013;12:08:00;106;sem vítima;205;BR-101/RJ;Norte;Colisão Traseira;1;;;;;;;;;1;2;;;;
23/03/2013;16:39:00;147;sem vítima;205;BR-101/RJ;Sul;Colisão Traseira;1;;1;;;;;;;;5;;;;
16/04/2013;17:19:00;137;sem vítima;205;BR-101/RJ;Sul;Colisão Transversal;2;;;;;;;;;;2;;;;
06/05/2013;08:04:00;40;com vítima;205,01;BR-101/RJ;Sul;Colisão Frontal;1;;2;;;;;;;;2;;;;1
07/06/2013;19:26:00;172;com vítima;205,3;BR-101/RJ;Norte;Colisão Frontal;2;;1;;;;;;;;2;1;2;1;
19/06/2013;10:10:00;74;sem vítima;205;BR-101/RJ;Sul;Engavetamento;2;;;;1;;;;;;3;;;;
19/06/2013;07:10:00;36;com vítima;205,8;BR-101/RJ;Sul;Colisão Traseira;1;;;;;;;;;1;1;1;;;
08/07/2013;23:48:00;176;com vítima;205;BR-101/RJ;Norte;Colisão Traseira;2;;;;;;;;;;4;1;;;
14/09/2013;23:52:00;214;sem vítima;205,48;BR-101/RJ;Norte;Colisão Transversal;2;;;;;;;;;;1;;;;
02/10/2013;16:21:00;113;sem vítima;205;BR-101/RJ;Norte;Colisão Lateral;1;;1;;;;;;;;2;;;;
03/11/2013;20:06:00;181;com vítima;205,57;BR-101/RJ;Norte;Atropelamento - Morador;1;1;;;;;;;;;4;;;;1
03/12/2013;11:39:00;96;sem vítima;205,9;BR-101/RJ;Sul;Colisão Transversal;1;;1;;;;;;;;4;;;;
11/12/2013;17:45:00;158;sem vítima;205,422;BR-101/RJ;Sul;Colisão Lateral;1;;1;;;;;;;;3;;;;
01/02/2014;14:34:00;126;com vítima;205,73;BR-101/RJ;Norte;Colisão Lateral;1;;;1;;;;;;;1;1;;;
18/02/2014;13:05:00;110;com vítima;205,828;BR-101/RJ;Sul;Colisão Lateral;1;;;1;;;;;;;1;;2;;
26/02/2014;08:43:00;72;com vítima;205,32;BR-101/RJ;Norte;Colisão Lateral;1;;;1;;;;;;;3;1;;;
01/03/2014;16:14:00;271;com vítima;205;BR-101/RJ;Norte;Engavetamento;3;;;1;;;;;;;13;1;;;
30/03/2014;04:22:00;21;sem vítima;205;BR-101/RJ;Sul;Colisão Traseira;2;;;;;;;;;;6;;;;
01/08/2014;14:53:00;105;sem vítima;205;BR-101/RJ;Sul;Colisão Lateral;2;;;;;;;;;;4;;;;
29/08/2014;17:23:00;138;com vítima;205,3;BR-101/RJ;Sul;Colisão Transversal;1;;;1;;;;;;;1;1;;;
15/10/2014;16:04:00;111;sem vítima;205;BR-101/RJ;Norte;Colisão Traseira;;;1;;;;;;;1;2;;;;
06/12/2014;12:54:00;90;sem vítima;205;BR-101/RJ;Sul;Colisão Traseira;2;;;;;;;;;;2;;;;
17/12/2014;10:52:00;81;com vítima;205;BR-101/RJ;Norte;Colisão Traseira;2;;;;;;;;;;2;1;;;
09/01/2015;06:56:00;16;com vítima;205,86;BR-101/RJ;Sul;Colisão Frontal;1;;;1;;;;;;;1;;;1;
11/01/2015;17:09:00;107;sem vítima;205;BR-101/RJ;Norte;Engavetamento;4;;;;;1;;;;;11;;;;
11/01/2015;18:40:00;127;sem vítima;205;BR-101/RJ;Norte;Engavetamento;3;;;;;;;;;;13;;;;
12/01/2015;09:25:00;58;sem vítima;205;BR-101/RJ;Sul;Engavetamento;3;;;;;1;;;;;7;;;;
15/01/2015;02:29:00;9;sem vítima;205;BR-101/RJ;Sul;Queda de Moto;;;;1;;;;;;;1;;;;
11/04/2015;23:59:00;203;com vítima;205;BR-101/RJ;Sul;Colisão Traseira;2;;;;;;;;;;1;;2;;
08/05/2015;11:42:00;94;sem vítima;205;BR-101/RJ;Norte;Saida de Pista;1;;;;;;;;;;2;;;;
22/05/2015;17:12:00;166;sem vítima;205;BR-101/RJ;Norte;Colisão Lateral;2;;;;;;;;;;2;;;;
13/07/2015;06:48:00;34;com vítima;205;BR-101/RJ;Sul;Capotamento;1;;;;;;;;;;0;1;;;
29/07/2015;08:40:00;63;com vítima;205,176;BR-101/RJ;Norte;Colisão Traseira;2;;;;;;;;;;6;1;;;
07/10/2015;17:58:00;145;sem vítima;205,728;BR-101/RJ;Sul;Engavetamento;3;;;;;;;;;;5;;;;
29/10/2015;12:50:00;119;sem vítima;205,481;BR-101/RJ;Norte;Tombamento;;;;;;;;;;1;2;;;;
23/11/2015;13:06:00;112;com vítima;205,4;BR-101/RJ;Sul;Colisão Lateral;2;;;;;;;;;;2;1;;;
22/01/2010;11:59:00;95;sem vítima;206;BR-101/RJ;Norte;Colisão Lateral;1;;;1;;;;;;;2;;;;
27/01/2010;19:23:00;178;sem vítima;206;BR-101/RJ;Sul;Colisão Traseira;1;;;;;1;;;;;2;;;;
11/02/2010;21:05:00;233;com vítima;206;BR-101/RJ;Norte;Atropelamento - Ciclista;;1;;1;;;;;;;1;1;;;
12/02/2010;00:39:00;6;com vítima;206;BR-101/RJ;Norte;Colisão Traseira;;;2;;;;;;;;1;1;;;
14/02/2010;07:31:00;67;sem vítima;206;BR-101/RJ;Norte;Colisão Traseira;2;;;;;;;;;;2;;;;
31/03/2010;15:06:00;119;com vítima;206;BR-101/RJ;Sul;Queda de Moto;;;;1;;1;;;;;1;;1;;
07/05/2010;20:15:00;217;sem vítima;206;BR-101/RJ;Sul;Colisão Traseira;;;;;;1;;;;1;2;;;;
24/05/2010;12:47:00;109;sem vítima;206;BR-101/RJ;Sul;Colisão Lateral;2;;;;;;;;;;5;;;;
30/07/2010;17:48:00;173;sem vítima;206;BR-101/RJ;Sul;Colisão Traseira;2;;;;;;;;;;3;;;;
17/08/2010;10:20:00;62;sem vítima;206;BR-101/RJ;Sul;Colisão Lateral;1;;;;1;;;;;;4;;;;
17/09/2010;19:11:00;167;sem vítima;206;BR-101/RJ;Sul;Colisão Traseira;2;;;;;;;;;;3;;;;
19/09/2010;02:30:00;16;com vítima;206;BR-101/RJ;Norte;Colisão Transversal;1;;;1;;;;;;;2;;1;;
19/09/2010;19:13:00;139;sem vítima;206;BR-101/RJ;Norte;Colisão Traseira;1;;;;;1;;;;;6;;;;
14/10/2010;18:00:00;145;sem vítima;206;BR-101/RJ;Sul;Colisão Traseira;3;;;;;;;;;;6;;;;
25/10/2010;09:21:00;76;sem vítima;206,85000610351562;BR-101/RJ;Norte;Colisão Traseira;2;;1;;;;;;;;3;;;;
30/11/2010;22:14:00;189;sem vítima;206;BR-101/RJ;Norte;Atropelamento de Animal;;;;1;;;;;;;1;;;;
21/12/2010;17:15:00;163;com vítima;206;BR-101/RJ;Norte;Colisão Transversal;;;1;1;;;;;;;1;1;;;
23/12/2010;15:28:00;163;sem vítima;206;BR-101/RJ;Sul;Engavetamento;3;;;;;;;;;;4;;;;
02/01/2011;14:34:00;102;com vítima;206;BR-101/RJ;Sul;Colisão Lateral;1;;;1;;;;;;;6;1;;;
04/01/2011;12:39:00;124;com vítima;206;BR-101/RJ;Norte;Colisão Lateral;1;;;;;1;;;;;1;;1;;
05/02/2011;21:06:00;219;sem vítima;206;BR-101/RJ;Norte;Saida de Pista;1;;;;;;;;;;1;;;;
21/02/2011;13:17:00;112;sem vítima;206;BR-101/RJ;Norte;Colisão Traseira;1;;1;;;;;;;;2;;;;
21/02/2011;16:18:00;152;sem vítima;206;BR-101/RJ;Sul;Colisão Traseira;;;1;;;;;;;1;2;;;;
23/02/2011;15:21:00;117;com vítima;206;BR-101/RJ;Sul;Queda de Moto;;;1;1;;;;;;;2;;;1;
28/02/2011;17:24:00;176;com vítima;206;BR-101/RJ;Norte;Colisão Traseira;1;;;;2;;;;;;5;1;2;;
08/03/2011;11:32:00;53;sem vítima;261;BR-101/RJ;Sul;Colisão Traseira;2;;;;;;;;;;5;;;;
20/05/2011;15:45:00;120;sem vítima;206;BR-101/RJ;Norte;Colisão Traseira;1;;1;;;;;;;;2;;;;
16/06/2011;22:09:00;181;com vítima;206;BR-101/RJ;Norte;Atropelamento - Usuário;;;;1;;;;;;;1;;1;;
12/08/2011;11:59:00;90;sem vítima;206;BR-101/RJ;Sul;Colisão Traseira;1;;;;;;;;;1;2;;;;
16/08/2011;20:50:00;177;com vítima;206;BR-101/RJ;Sul;Colisão Lateral;1;;;1;;;;;;;3;1;;;
06/09/2011;20:58:00;157;sem vítima;206;BR-101/RJ;Norte;Colisão Traseira;2;;;;;;;;;1;13;;;;
18/09/2011;20:43:00;154;sem vítima;206;BR-101/RJ;Sul;Colisão Transversal;2;;;;;;;;;;6;;;;
23/09/2011;15:51:00;119;sem vítima;206;BR-101/RJ;Norte;Colisão Lateral;1;;;;1;;;;;;10;;;;
23/09/2011;18:56:00;158;sem vítima;206;BR-101/RJ;Sul;Colisão Traseira;2;;;;;;;;;;2;;;;
25/09/2011;17:21:00;102;sem vítima;206,6999969482422;BR-101/RJ;Norte;Colisão Traseira;1;;1;;;;;;;;2;;;;
01/10/2011;12:37:00;93;com vítima;206;BR-101/RJ;Sul;Atropelamento - Outros;1;1;;;;;;;;;2;;1;;
05/10/2011;14:06:00;96;sem vítima;206;BR-101/RJ;Norte;Colisão Traseira;2;;;;;;;;;;2;;;;
10/10/2011;09:10:00;55;sem vítima;206;BR-101/RJ;Norte;Colisão Traseira;2;;;;;;;;;;3;;;;
30/10/2011;16:20:00;89;com vítima;206;BR-101/RJ;Norte;Colisão Transversal;1;;;1;;;;;;;1;1;;;
14/11/2011;00:26:00;7;sem vítima;206;BR-101/RJ;Norte;Choque - Arvore;1;;;;;;;;;;3;;;;
09/12/2011;14:27:00;101;sem vítima;206;BR-101/RJ;Sul;Colisão Traseira;2;;;;;;;;;1;4;;;;
09/12/2011;14:37:00;104;com vítima;206,60000610351562;BR-101/RJ;Sul;Colisão Frontal;1;;;;;;;;;1;2;4;1;;
12/01/2012;14:25:00;129;sem vítima;206;BR-101/RJ;Norte;Engavetamento;4;;;;;;;;;;4;;;;
25/01/2012;04:43:00;16;com vítima;206,8;BR-101/RJ;Sul;Colisão Traseira;;;2;;;;;;;;1;1;;;
27/01/2012;21:43:00;172;sem vítima;206;BR-101/RJ;Sul;Colisão Transversal;2;;;;;;;;;;2;;;;
03/02/2012;19:00:00;177;sem vítima;206;BR-101/RJ;Sul;Colisão Lateral;2;;;;;;;;;;2;;;;
22/02/2012;19:49:00;211;com vítima;206;BR-101/RJ;Norte;Colisão Transversal;1;;;1;;;;;;;3;1;;;
28/02/2012;17:44:00;145;com vítima;206;BR-101/RJ;Sul;Colisão Traseira;1;;1;;;;;;;1;4;1;;;
10/03/2012;09:26:00;54;sem vítima;206;BR-101/RJ;Sul;Colisão Transversal;2;;;;;;;;;;2;;;;
16/03/2012;17:37:00;152;sem vítima;206;BR-101/RJ;Norte;Engavetamento;1;;1;;;;;;;1;6;;;;
14/04/2012;17:06:00;130;sem vítima;206;BR-101/RJ;Norte;Saida de Pista;1;;;;;1;;;;;2;;;;
18/04/2012;13:39:00;74;sem vítima;206;BR-101/RJ;Sul;Colisão Transversal;2;;;;;;;;;;4;;;;
19/04/2012;08:18:00;37;com vítima;206;BR-101/RJ;Norte;Colisão Traseira;2;;;;;1;;;;;3;1;;;
19/04/2012;12:02:00;76;sem vítima;206;BR-101/RJ;Sul;Colisão Lateral;2;;;;;;;;;;2;;;;
30/04/2012;19:50:00;134;sem vítima;206,5;BR-101/RJ;Norte;Colisão Transversal;2;;;;;;;;;;2;;;;
11/05/2012;15:56:00;123;sem vítima;206;BR-101/RJ;Norte;Colisão Lateral;1;;;1;;;;;;;3;;;;
03/06/2012;18:30:00;170;com vítima;206;BR-101/RJ;Sul;Colisão Lateral;1;;;1;;;;;;;0;1;;1;
20/06/2012;15:04:00;115;sem vítima;206;BR-101/RJ;Sul;Colisão Lateral;2;;;;;;;;;1;6;;;;
25/06/2012;09:09:00;58;sem vítima;206,95;BR-101/RJ;Sul;Colisão Traseira;3;;;;;;;;;;4;;;;
29/06/2012;17:58:00;172;sem vítima;206;BR-101/RJ;Sul;Colisão Lateral;1;;1;;;;;;;;5;;;;
01/07/2012;11:45:00;69;sem vítima;206;BR-101/RJ;Norte;Colisão Traseira;1;;;;;;;;;1;7;;;;
04/07/2012;15:34:00;135;sem vítima;206;BR-101/RJ;Norte;Colisão Frontal;2;;;;;;;;;;2;;;;
10/09/2012;18:54:00;205;sem vítima;206,2;BR-101/RJ;Norte;Colisão Traseira;;;2;;;;;;;;4;;;;
26/09/2012;12:53:00;79;sem vítima;206,7;BR-101/RJ;Norte;Colisão Traseira;;;2;;;;;;;;4;;;;
06/11/2012;07:15:00;37;sem vítima;206;BR-101/RJ;Sul;Colisão Lateral;2;;;;;;;;;;2;;;;
08/11/2012;22:21:00;165;com vítima;206;BR-101/RJ;Norte;Atropelamento - Ciclista;;1;;1;;;;;;;0;;1;1;
09/11/2012;16:32:00;138;sem vítima;206,872;BR-101/RJ;Norte;Colisão Traseira;2;;;;;;;;;;2;;;;
17/11/2012;00:29:00;3;sem vítima;206,8;BR-101/RJ;Norte;Capotamento;1;;2;;;;;;;;4;;;;
21/11/2012;08:02:00;37;sem vítima;206;BR-101/RJ;Norte;Colisão Traseira;1;;1;;;;;;;;2;;;;
02/12/2012;15:14:00;116;sem vítima;206;BR-101/RJ;Norte;Saida de Pista;;;1;;;;;;;;1;;;;
20/12/2012;00:45:00;5;sem vítima;206;BR-101/RJ;Norte;Colisão Traseira;1;;1;;;;;;;;2;;;;
20/12/2012;15:21:00;139;com vítima;206;BR-101/RJ;Norte;Colisão Traseira;1;;1;;;;;;;;3;1;;;
25/12/2012;08:55:00;37;sem vítima;206;BR-101/RJ;Norte;Saida de Pista;1;;;;;;;;;;4;;;;
11/01/2013;08:20:00;53;com vítima;206;BR-101/RJ;Sul;Colisão Lateral;2;;;;;;;;;;1;1;;;
22/01/2013;12:55:00;111;com vítima;206,764;BR-101/RJ;Sul;Tombamento;;;1;;;;;;;;0;1;;;
24/01/2013;20:11:00;161;sem vítima;206;BR-101/RJ;Sul;Colisão Lateral;1;;1;;;;;;;;2;;;;
25/01/2013;14:24:00;116;com vítima;206,8;BR-101/RJ;Norte;Outros - Sequência;1;;2;;;;;;;;7;1;;;
26/01/2013;11:55:00;89;sem vítima;206,79;BR-101/RJ;Norte;Engavetamento;2;;;;;;;;;1;8;;;;
29/01/2013;12:57:00;99;sem vítima;206;BR-101/RJ;Norte;Colisão Traseira;2;;1;;;;;;;;3;;;;
10/02/2013;18:09:00;181;sem vítima;206;BR-101/RJ;Norte;Colisão Traseira;2;;;;;;;;;;7;;;;
16/02/2013;20:28:00;237;sem vítima;206;BR-101/RJ;Norte;Saida de Pista;1;;;;;;;;;;1;;;;
25/02/2013;16:57:00;137;sem vítima;206;BR-101/RJ;Sul;Colisão Lateral;2;;;;;;;;;;2;;;;
04/03/2013;05:48:00;28;com vítima;206,5;BR-101/RJ;Sul;Saida de Pista;1;;;;;;;;;;1;;1;;
02/04/2013;15:09:00;105;com vítima;206;BR-101/RJ;Norte;Colisão Lateral;1;;;1;;;;;;;1;1;;;
11/04/2013;15:59:00;121;sem vítima;206,485;BR-101/RJ;Sul;Colisão Lateral;2;;;;;;;;;;2;;;;
26/04/2013;20:12:00;211;com vítima;206;BR-101/RJ;Sul;Colisão Lateral;1;;;;1;;;;;;47;1;;;
02/05/2013;07:38:00;33;sem vítima;206;BR-101/RJ;Norte;Colisão Traseira;2;;;;;;;;;;2;;;;
04/05/2013;11:50:00;81;sem vítima;206;BR-101/RJ;Norte;Colisão Traseira;2;;;;;;;;;;3;;;;
07/05/2013;14:21:00;89;sem vítima;206;BR-101/RJ;Norte;Colisão Traseira;2;;;;;;;;;;2;;;;
11/05/2013;07:22:00;34;com vítima;206;BR-101/RJ;Norte;Queda de Moto;;;;1;;;;;;;0;1;;;
29/05/2013;14:46:00;112;sem vítima;206;BR-101/RJ;Sul;Colisão Lateral;2;;;;;;;;;;3;;;;
11/06/2013;07:13:00;34;sem vítima;206;BR-101/RJ;Norte;Colisão Traseira;;;1;;1;;;;;;2;;;;
14/06/2013;18:34:00;146;com vítima;206;BR-101/RJ;Sul;Colisão Frontal;1;;;1;;;;;;;1;;1;;
16/06/2013;20:14:00;152;com vítima;206;BR-101/RJ;Norte;Colisão Lateral;1;;1;;;;;;;;2;2;;;
26/06/2013;09:19:00;54;sem vítima;206,94;BR-101/RJ;Norte;Colisão Frontal;2;;;;;;;;;;4;;;;
13/07/2013;09:40:00;58;sem vítima;206;BR-101/RJ;Sul;Colisão Transversal;2;;;;;;;;;;2;;;;
15/07/2013;09:39:00;79;sem vítima;206;BR-101/RJ;Norte;Colisão Transversal;2;;;;;;;;;;5;;;;
27/07/2013;19:48:00;151;sem vítima;206,391;BR-101/RJ;Norte;Colisão Traseira;2;;;;;;;;;;2;;;;
13/08/2013;14:43:00;100;sem vítima;206;BR-101/RJ;Sul;Colisão Lateral;1;;1;;;;;;;;3;;;;
15/08/2013;21:37:00;170;sem vítima;206;BR-101/RJ;Norte;Colisão Lateral;1;;;;1;;;;;;2;;;;
16/08/2013;12:29:00;104;com vítima;206;BR-101/RJ;Norte;Colisão Frontal;;;1;1;;;;;;;1;;1;;
21/08/2013;18:15:00;152;com vítima;206;BR-101/RJ;Sul;Colisão Lateral;2;;;;;;;;;;1;1;;;
22/08/2013;16:14:00;127;com vítima;206;BR-101/RJ;Sul;Colisão Transversal;2;;;;;;;;;;2;;1;;
24/08/2013;08:23:00;48;sem vítima;206;BR-101/RJ;Sul;Colisão Traseira;2;;;;;;;;;;7;;;;
24/08/2013;05:46:00;24;sem vítima;206,666;BR-101/RJ;Sul;Colisão Traseira;2;;;;;;;;;;3;;;;
25/08/2013;10:19:00;62;com vítima;206,154;BR-101/RJ;Norte;Colisão Transversal;1;;;;;;;;;1;0;1;;;1
04/09/2013;19:23:00;146;com vítima;206,76;BR-101/RJ;Norte;Saida de Pista;;;1;;;;;;;;0;1;;;
13/09/2013;12:09:00;105;sem vítima;206,6;BR-101/RJ;Norte;Colisão Traseira;1;;1;;;;;;;;2;;;;
20/09/2013;13:29:00;105;sem vítima;206,008;BR-101/RJ;Norte;Engavetamento;3;;;;;;;;;;8;;;;
20/09/2013;19:51:00;173;sem vítima;206,266;BR-101/RJ;Sul;Colisão Traseira;2;;;;;;;;;;6;;;;
21/09/2013;17:23:00;132;sem vítima;206;BR-101/RJ;Norte;Colisão Traseira;2;;;;;;;;;;2;;;;
16/10/2013;19:01:00;151;sem vítima;206;BR-101/RJ;Sul;Colisão Lateral;2;;;;;;;;;;2;;;;
17/10/2013;07:32:00;29;sem vítima;206,666;BR-101/RJ;Norte;Engavetamento;1;;;;;;;;;2;4;;;;
18/11/2013;07:03:00;54;com vítima;206,5;BR-101/RJ;Norte;Colisão Lateral;1;;;1;;;;;;;1;1;1;;
19/12/2013;17:00:00;139;sem vítima;206;BR-101/RJ;Sul;Colisão Lateral;1;;;1;;;;;;;2;;;;
27/12/2013;09:24:00;64;sem vítima;206,897;BR-101/RJ;Norte;Engavetamento;2;;;;1;;;;;;6;;;;
01/01/2014;03:40:00;15;sem vítima;206;BR-101/RJ;Sul;Colisão Traseira;2;;;;;;;;;;2;;;;
12/01/2014;21:08:00;215;sem vítima;206;BR-101/RJ;Norte;Colisão Transversal;2;;;;;;;;;;2;;;;
01/02/2014;13:51:00;118;sem vítima;206,35;BR-101/RJ;Sul;Colisão Traseira;1;;1;;;;;;;;2;;;;
02/02/2014;18:35:00;170;sem vítima;206;BR-101/RJ;Norte;Colisão Traseira;2;;;;;;;;;;7;;;;
18/02/2014;14:33:00;120;sem vítima;206;BR-101/RJ;Norte;Colisão Transversal;2;;;;;;;;;;4;;;;
03/03/2014;21:01:00;160;sem vítima;206;BR-101/RJ;Sul;Colisão Lateral;1;;;1;;;;;;;5;;;;
19/03/2014;09:11:00;68;com vítima;206;BR-101/RJ;Sul;Colisão Lateral;1;;;1;;;;;;;1;;1;;
23/03/2014;13:13:00;60;com vítima;206;BR-101/RJ;Norte;Colisão Lateral;1;;;;;1;;;;;2;1;;;
22/04/2014;06:02:00;26;sem vítima;206;BR-101/RJ;Norte;Colisão Traseira;1;;;;;;;;;1;3;;;;
03/05/2014;19:50:00;120;sem vítima;206;BR-101/RJ;Sul;Colisão Traseira;2;;;;;;;;;;4;;;;
03/05/2014;07:58:00;32;sem vítima;206,93;BR-101/RJ;Norte;Colisão Traseira;2;;;;;;;;;;6;;;;