data;horario;n_da_ocorrencia;tipo_de_ocorrencia;km;trecho;sentido;tipo_de_acidente;automovel;bicicleta;caminhao;moto;onibus;outros;tracao_animal;transporte_de_cargas_especiais;trator_maquinas;utilitarios;ilesos;levemente_feridos;moderadamente_feridos;gravemente_feridos;mortos
07/05/2014;09:03:00;52;com vítima;206;BR-101/RJ;Norte;Atropelamento - Ciclista;;1;;;1;;;;;;33;;1;;
14/05/2014;12:32:00;86;com vítima;206;BR-101/RJ;Sul;Atropelamento - Ciclista;1;1;;;;;;;;;1;1;;;
22/05/2014;07:01:00;33;sem vítima;206;BR-101/RJ;Norte;Colisão Traseira;1;;;;;1;;;;;6;;;;
13/07/2014;17:23:00;101;com vítima;206;BR-101/RJ;Sul;Engavetamento;3;;;;;;;;;;5;1;;;
18/07/2014;12:10:00;101;com vítima;206;BR-101/RJ;Norte;Atropelamento - Ciclista;;1;1;;;;;;;;1;;1;;
02/09/2014;15:36:00;108;sem vítima;206,544;BR-101/RJ;Norte;Colisão Transversal;1;;;;;;;;;1;2;;;;
12/09/2014;09:29:00;58;sem vítima;206;BR-101/RJ;Sul;Colisão Lateral;1;;;1;;;;;;;2;;;;
14/09/2014;16:24:00;110;sem vítima;206;BR-101/RJ;Sul;Colisão Traseira;2;;;;;;;;;;2;;;;
26/09/2014;20:30:00;167;sem vítima;206;BR-101/RJ;Norte;Engavetamento;4;;;;;;;;;;4;;;;
13/12/2014;20:05:00;191;com vítima;206;BR-101/RJ;Sul;Atropelamento - Morador;;;;;;;;;;1;1;;1;;
18/12/2014;18:02:00;150;sem vítima;206;BR-101/RJ;Sul;Engavetamento;1;;1;;;1;;;;;3;;;;
29/12/2014;16:32:00;132;com vítima;206;BR-101/RJ;Sul;Colisão Lateral;1;;;;;;;;;1;1;2;;;
01/01/2015;11:22:00;58;sem vítima;206;BR-101/RJ;Sul;Colisão Transversal;2;;;;;;;;;;2;;;;
04/01/2015;11:06:00;73;sem vítima;206;BR-101/RJ;Norte;Colisão Traseira;1;;;;;1;;;;;2;;;;
04/02/2015;08:30:00;51;sem vítima;206;BR-101/RJ;Sul;Colisão Lateral;1;;;1;;;;;;;3;0;0;0;0
06/02/2015;16:25:00;117;sem vítima;206,5;BR-101/RJ;Sul;Colisão Lateral;2;;;;;;;;;;3;0;0;0;0
17/02/2015;20:23:00;144;sem vítima;206;BR-101/RJ;Norte;Colisão Lateral;1;;;;1;;;;;;3;0;0;0;0
18/02/2015;09:49:00;59;sem vítima;206;BR-101/RJ;Sul;Colisão Traseira;2;;;;;;;;;;8;0;0;0;0
18/02/2015;18:54:00;176;com vítima;206;BR-101/RJ;Norte;Colisão Transversal;1;;;;1;;;;;;1;0;1;0;0
24/02/2015;10:41:00;71;sem vítima;206;BR-101/RJ;Norte;Colisão Lateral;;;1;;1;;;;;;2;;;;
16/04/2015;12:47:00;119;sem vítima;206;BR-101/RJ;Norte;Colisão Lateral;;;1;;1;;;;;;3;;;;
03/05/2015;18:10:00;136;sem vítima;206;BR-101/RJ;Norte;Colisão Traseira;2;;;;;;;;;;8;;;;
18/06/2015;09:35:00;70;com vítima;206,02;BR-101/RJ;Norte;Outros - Sequência;1;;1;;;;;;;1;1;1;1;;
26/06/2015;17:33:00;169;sem vítima;206;BR-101/RJ;Norte;Colisão Lateral;2;;;;;;;;;;4;;;;
01/07/2015;22:41:00;208;com vítima;206,825;BR-101/RJ;Norte;Colisão Traseira;;;2;;;;;;;;0;2;;;
17/07/2015;07:40:00;49;sem vítima;206;BR-101/RJ;Norte;Colisão Traseira;1;;1;;;;;;;;2;;;;
30/07/2015;11:30:00;101;com vítima;206;BR-101/RJ;Norte;Engavetamento;2;;1;;;;;;;;1;2;;;
04/08/2015;00:50:00;5;sem vítima;206,377;BR-101/RJ;Norte;Colisão Traseira;1;;;;;1;;;;;2;;;;
05/09/2015;21:15:00;203;com vítima;206;BR-101/RJ;Norte;Colisão Transversal;2;;;;;;;;;1;6;1;;;
13/09/2015;18:54:00;139;com vítima;206;BR-101/RJ;Norte;Engavetamento;2;;;;1;;;;;;50;2;;;
27/09/2015;15:25:00;103;com vítima;206;BR-101/RJ;Norte;Atropelamento - Morador;1;;;;;;;;;;1;;1;;
11/10/2015;17:56:00;135;sem vítima;206,5;BR-101/RJ;Sul;Engavetamento;3;;;;;;;;;;3;;;;
16/10/2015;01:26:00;13;sem vítima;206;BR-101/RJ;Norte;Colisão Traseira;;;;;1;;;;;1;3;;;;
21/10/2015;07:08:00;33;sem vítima;206,804;BR-101/RJ;Norte;Colisão Traseira;1;;;;;1;;;;;2;;;;
05/11/2015;07:38:00;41;sem vítima;206,513;BR-101/RJ;Norte;Colisão Transversal;1;;;;;1;;;;;4;;;;
16/11/2015;00:39:00;6;sem vítima;206;BR-101/RJ;Norte;Colisão Traseira;2;;;;;;;;;;2;;;;
16/11/2015;19:03:00;185;sem vítima;206,8;BR-101/RJ;Sul;Colisão Transversal;2;;;;;;;;;;2;;;;
20/11/2015;11:17:00;99;sem vítima;206;BR-101/RJ;Sul;Colisão Traseira;1;;1;;;;;;;;2;;;;
25/11/2015;08:37:00;69;sem vítima;206,64;BR-101/RJ;Norte;Engavetamento;;;1;;;1;;;;1;4;;;;
12/02/2010;12:13:00;124;sem vítima;207;BR-101/RJ;Sul;Colisão Lateral;;;1;;;1;;;;;2;;;;
13/02/2010;20:16:00;425;com vítima;207;BR-101/RJ;Norte;Colisão Lateral;1;;;1;;;;;;;2;1;;;
26/02/2010;07:59:00;40;sem vítima;207;BR-101/RJ;Sul;Tombamento;;;1;;;;;;;;1;;;;
07/03/2010;18:56:00;147;com vítima;207;BR-101/RJ;Norte;Colisão Traseira;1;;;1;;;;;;;2;;1;;
18/03/2010;05:27:00;36;sem vítima;207;BR-101/RJ;Norte;Colisão Traseira;2;;;;;;;;;;4;;;;
21/03/2010;17:12:00;110;sem vítima;207;BR-101/RJ;Norte;Colisão Traseira;1;;;;;1;;;;;8;;;;
26/04/2010;07:48:00;46;sem vítima;207;BR-101/RJ;Norte;Colisão Traseira;1;;;;;1;;;;;2;;;;
26/04/2010;09:44:00;73;com vítima;207;BR-101/RJ;Norte;Colisão Transversal;2;;;;;;;;;;2;1;;;
07/05/2010;15:17:00;155;sem vítima;207;BR-101/RJ;Sul;Colisão Lateral;2;;;;;;;;;;2;;;;
09/05/2010;23:09:00;174;com vítima;207;BR-101/RJ;Sul;Colisão Lateral;1;;1;;;;;;;;1;2;;;
24/06/2010;08:32:00;59;sem vítima;207;BR-101/RJ;Sul;Colisão Traseira;2;;;;;;;;;;3;;;;
26/07/2010;00:25:00;8;sem vítima;207;BR-101/RJ;Sul;Colisão Traseira;;;1;;;1;;;;;2;;;;
26/07/2010;11:21:00;86;sem vítima;207;BR-101/RJ;Norte;Colisão Traseira;2;;;;;;;;;;3;;;;
28/07/2010;17:10:00;158;sem vítima;207;BR-101/RJ;Norte;Colisão Transversal;2;;;;;;;;;;6;;;;
05/08/2010;13:59:00;102;sem vítima;207;BR-101/RJ;Norte;Colisão Transversal;;;2;;;;;;;;4;;;;
13/09/2010;06:36:00;23;sem vítima;207;BR-101/RJ;Sul;Colisão Traseira;2;;;;;;;;;;10;;;;
24/09/2010;05:51:00;18;sem vítima;207;BR-101/RJ;Sul;Choque - Outros;;;;;;;;;;2;2;;;;
22/10/2010;17:53:00;144;sem vítima;207;BR-101/RJ;Norte;Colisão Traseira;1;;1;;;;;;;;3;;;;
08/11/2010;07:08:00;32;sem vítima;207;BR-101/RJ;Norte;Colisão Frontal;1;;;;;1;;;;;2;;;;
29/11/2010;02:21:00;20;sem vítima;207;BR-101/RJ;Norte;Colisão Traseira;1;;1;;1;;;;;;23;;;;
12/12/2010;21:23:00;189;sem vítima;207;BR-101/RJ;Norte;Colisão Traseira;2;;;;;;;;;;2;;;;
19/12/2010;09:38:00;75;sem vítima;207;BR-101/RJ;Norte;Colisão Traseira;2;;;;;;;;;;5;;;;
30/12/2010;16:43:00;139;sem vítima;207;BR-101/RJ;Norte;Colisão Traseira;1;;1;;;;;;;;5;;;;
03/01/2011;09:12:00;107;com vítima;207;BR-101/RJ;Norte;Colisão Lateral;;;1;;;;;;;1;1;3;;;
19/01/2011;17:19:00;174;sem vítima;207;BR-101/RJ;Norte;Colisão Traseira;2;;1;;;;;;;;8;;;;
03/02/2011;08:57:00;57;com vítima;207;BR-101/RJ;Norte;Colisão Traseira;2;;;;;1;;;;;3;1;;;
04/02/2011;01:03:00;5;sem vítima;207;BR-101/RJ;Norte;Colisão Traseira;2;;;;;;;;;;2;;;;
08/03/2011;11:59:00;59;com vítima;271;BR-101/RJ;Sul;Saida de Pista;1;;;;;;;;;;0;1;1;;
08/03/2011;13:56:00;78;sem vítima;261;BR-101/RJ;Sul;Engavetamento;3;;;;;;;;;;11;;;;
08/03/2011;15:44:00;103;sem vítima;123;BR-101/RJ;Sul;Choque - Defensa, barreira ou "submarino";1;;;;;;;;;;2;;;;
15/05/2011;06:57:00;46;com vítima;207;BR-101/RJ;Norte;Saida de Pista;1;;;;;;;;;;0;;1;;
22/10/2011;11:36:00;65;sem vítima;207;BR-101/RJ;Norte;Colisão Traseira;1;;;;;;;;;;1;;;;
19/11/2011;13:36:00;65;sem vítima;207;BR-101/RJ;Sul;Colisão Traseira;3;;;;;;;;;;3;;;;
10/12/2011;16:06:00;165;sem vítima;207;BR-101/RJ;Norte;Colisão Traseira;;;1;;1;;;;;;2;;;;
01/02/2012;08:04:00;38;sem vítima;207,5;BR-101/RJ;Norte;Tombamento;;;1;;;;;;;;1;;;;
09/03/2012;04:36:00;23;sem vítima;207;BR-101/RJ;Sul;Saida de Pista;1;;;;;;;;;;1;;;;
18/03/2012;20:26:00;140;sem vítima;207,5;BR-101/RJ;Norte;Colisão Traseira;1;;1;;;;;;;;7;;;;
01/04/2012;15:05:00;95;com vítima;207;BR-101/RJ;Norte;Capotamento;1;;;;;;;;;;0;4;;;
06/04/2012;08:15:00;57;com vítima;207;BR-101/RJ;Sul;Queda de Moto;;;;1;;;;;;;1;;1;;
22/04/2012;21:03:00;137;com vítima;207;BR-101/RJ;Norte;Colisão Frontal;;;3;;;;;;;;2;1;;;
26/05/2012;11:51:00;89;sem vítima;207;BR-101/RJ;Sul;Colisão Traseira;;;1;;1;;;;;;7;;;;
19/07/2012;11:07:00;83;sem vítima;207;BR-101/RJ;Sul;Colisão Traseira;2;;;;;;;;;;7;;;;
04/08/2012;04:17:00;19;sem vítima;207;BR-101/RJ;Norte;Colisão Traseira;1;;;;;1;;;;;2;;;;
31/08/2012;15:40:00;140;sem vítima;207,485;BR-101/RJ;Norte;Engavetamento;4;;;;;;;;;;7;;;;
27/09/2012;10:57:00;90;com vítima;207;BR-101/RJ;Sul;Colisão Lateral;1;;;1;;;;;;;1;;;2;
12/10/2012;06:47:00;41;sem vítima;207;BR-101/RJ;Norte;Colisão Traseira;1;;;;;1;;;;;5;;;;
15/10/2012;15:13:00;119;sem vítima;207;BR-101/RJ;Sul;Colisão Traseira;4;;;;;;;;;;12;;;;
21/10/2012;19:30:00;170;com vítima;207;BR-101/RJ;Sul;Colisão Frontal;1;;;1;;;;;;;2;;1;;
10/11/2012;06:24:00;32;sem vítima;207;BR-101/RJ;Sul;Colisão Traseira;1;;;;;1;;;;;2;;;;
30/12/2012;16:20:00;159;sem vítima;207;BR-101/RJ;Norte;Colisão Traseira;3;;;;;;;;;;4;;;;
06/01/2013;13:10:00;75;sem vítima;207;BR-101/RJ;Norte;Colisão Traseira;3;;;;;;;;;;3;;;;
20/01/2013;17:15:00;139;sem vítima;207;BR-101/RJ;Norte;Engavetamento;3;;;;;;;;;;3;;;;
20/01/2013;17:18:00;140;sem vítima;207;BR-101/RJ;Norte;Engavetamento;2;;;;;;;;;1;3;;;;
23/01/2013;11:36:00;90;sem vítima;207;BR-101/RJ;Norte;Colisão Lateral;1;;1;;;;;;;;2;;;;
30/01/2013;14:52:00;117;sem vítima;207;BR-101/RJ;Norte;Engavetamento;1;;2;;;;;;;;6;;;;
25/03/2013;11:23:00;87;sem vítima;207;BR-101/RJ;Norte;Colisão Traseira;2;;;;;;;;;;2;;;;
01/04/2013;07:56:00;55;sem vítima;207;BR-101/RJ;Norte;Colisão Traseira;1;;;;;1;;;;;2;;;;
27/04/2013;16:01:00;115;sem vítima;207;BR-101/RJ;Norte;Colisão Traseira;1;;;1;;;;;;;2;;;;
10/05/2013;13:35:00;90;com vítima;207;BR-101/RJ;Norte;Colisão Lateral;1;;;1;;;;;;;2;1;;;
23/07/2013;14:05:00;92;sem vítima;207,6;BR-101/RJ;Sul;Colisão Transversal;2;;;;;;;;;;7;;;;
12/08/2013;07:13:00;39;sem vítima;207,88;BR-101/RJ;Norte;Engavetamento;3;;;;;;;;;;10;;;;
08/09/2013;01:33:00;8;sem vítima;207;BR-101/RJ;Norte;Saida de Pista;1;;;;;;;;;;3;;;;
18/12/2013;13:51:00;118;com vítima;207,118;BR-101/RJ;Sul;Colisão Frontal;1;;1;;;;;;;;0;1;;;2
11/01/2014;16:51:00;174;sem vítima;207,233;BR-101/RJ;Sul;Colisão Transversal;2;;;;;;;;;;2;;;;
17/01/2014;12:18:00;88;sem vítima;207;BR-101/RJ;Sul;Colisão Lateral;1;;;1;;;;;;;2;;;;
23/01/2014;09:17:00;55;com vítima;207;BR-101/RJ;Sul;Colisão Frontal;1;;1;;;;;;;;2;2;;;
01/02/2014;11:09:00;82;sem vítima;207;BR-101/RJ;Sul;Colisão Transversal;2;;;;;;;;;;4;;;;
26/02/2014;04:11:00;23;sem vítima;207;BR-101/RJ;Norte;Colisão Traseira;;;2;;;;;;;;2;;;;
27/03/2014;12:24:00;103;com vítima;207;BR-101/RJ;Norte;Colisão Traseira;;;;3;;;;;;;2;2;;;
01/05/2014;07:30:00;29;sem vítima;207;BR-101/RJ;Norte;Colisão Transversal;1;;;1;;;;;;;2;;;;
02/07/2014;08:21:00;51;sem vítima;207;BR-101/RJ;Norte;Colisão Traseira;1;;;;;;;;;1;2;;;;
09/07/2014;07:40:00;43;com vítima;207,3;BR-101/RJ;Norte;Engavetamento;;;4;;;;;;;;0;3;;;1
07/08/2014;21:25:00;159;sem vítima;207;BR-101/RJ;Norte;Colisão Traseira;;;2;;;;;;;;2;;;;
10/08/2014;16:26:00;117;com vítima;207,345;BR-101/RJ;Norte;Saida de Pista;1;;;;;;;;;;0;2;;;
27/08/2014;16:11:00;109;sem vítima;207;BR-101/RJ;Sul;Colisão Traseira;1;;;;;;;;;1;2;;;;
13/09/2014;09:48:00;66;com vítima;207,801;BR-101/RJ;Norte;Saida de Pista;1;;;;;;;;;;0;4;;;
19/09/2014;15:34:00;126;sem vítima;207,32;BR-101/RJ;Norte;Colisão Traseira;2;;;;;;;;;;4;;;;
14/11/2014;08:29:00;52;sem vítima;207;BR-101/RJ;Norte;Colisão Lateral;2;;;;;;;;;;3;;;;
19/11/2014;16:41:00;118;sem vítima;207;BR-101/RJ;Norte;Colisão Traseira;2;;;;;;;;;;3;;;;
01/12/2014;06:44:00;28;sem vítima;207,199;BR-101/RJ;Norte;Colisão Traseira;2;;;;;;;;;;5;;;;
13/12/2014;14:39:00;124;com vítima;207;BR-101/RJ;Sul;Queda de Moto;;;;1;;;;;;;0;1;;;
14/12/2014;20:26:00;161;sem vítima;207;BR-101/RJ;Norte;Colisão Traseira;2;;;;;;;;;;5;;;;
03/01/2015;16:23:00;111;com vítima;207,735;BR-101/RJ;Norte;Engavetamento;5;;;;;;;;;;12;4;;;
25/01/2015;17:53:00;108;sem vítima;207;BR-101/RJ;Norte;Engavetamento;2;;;;;;;;;1;3;;;;
09/02/2015;17:13:00;151;sem vítima;207;BR-101/RJ;Norte;Engavetamento;2;;1;;;;;;;;7;0;0;0;0
13/02/2015;16:22:00;166;sem vítima;207;BR-101/RJ;Norte;Colisão Traseira;1;;;;;1;;;;;2;0;0;0;0
14/02/2015;13:14:00;174;sem vítima;207;BR-101/RJ;Norte;Colisão Lateral;1;;;;1;;;;;;4;0;0;0;0
18/02/2015;18:40:00;168;sem vítima;207;BR-101/RJ;Norte;Colisão Traseira;2;;;;;;;;;;6;0;0;0;0
02/04/2015;18:12:00;186;sem vítima;207;BR-101/RJ;Norte;Colisão Lateral;1;;1;;;;;;;;2;;;;
29/04/2015;08:36:00;56;sem vítima;207;BR-101/RJ;Norte;Engavetamento;1;;;;;1;;;;1;3;;;;
28/05/2015;14:14:00;141;com vítima;207,625;BR-101/RJ;Norte;Outros - Sequência;1;;2;;;;;;;;0;1;2;1;
05/06/2015;20:37:00;167;com vítima;207;BR-101/RJ;Sul;Atropelamento - Morador;;;;;;1;;;;;1;;;1;
16/06/2015;07:53:00;36;com vítima;207,333;BR-101/RJ;Sul;Queda de Moto;;;;1;;;;;;;0;;1;;
22/07/2015;17:27:00;152;sem vítima;207,07;BR-101/RJ;Sul;Colisão Lateral;1;;;;;1;;;;;5;;;;
08/08/2015;08:53:00;68;sem vítima;207,308;BR-101/RJ;Norte;Engavetamento;3;;;;;;;;;;13;;;;
10/08/2015;07:20:00;40;sem vítima;207;BR-101/RJ;Norte;Colisão Traseira;2;;;;;;;;;;2;;;;
16/08/2015;15:44:00;87;com vítima;207,642;BR-101/RJ;Sul;Atropelamento - Sem Informação;;;;1;;;;;;;0;1;;1;
22/09/2015;17:53:00;156;com vítima;207;BR-101/RJ;Norte;Atropelamento - Outros;;;;;;1;;;;;1;1;;;
24/10/2015;07:49:00;43;com vítima;207,12;BR-101/RJ;Sul;Colisão Frontal;1;;1;;;;;;;;1;1;;;
27/12/2015;17:42:00;179;sem vítima;207;BR-101/RJ;Norte;Engavetamento;3;;;;;;;;;;5;;;;
31/12/2015;11:47:00;129;sem vítima;207;BR-101/RJ;Norte;Colisão Traseira;2;;;;;;;;;;8;;;;
18/01/2010;05:48:00;18;sem vítima;208;BR-101/RJ;Sul;Colisão Traseira;1;;;1;;;;;;;2;;;;
09/04/2010;14:37:00;124;com vítima;208;BR-101/RJ;Sul;Colisão Frontal;2;;;;;;;;;;3;;1;;
22/08/2010;07:55:00;34;sem vítima;208;BR-101/RJ;Sul;Colisão Lateral;1;;;;;1;;;;;5;;;;
25/09/2010;09:20:00;54;com vítima;208;BR-101/RJ;Norte;Colisão Frontal;;;3;;;;;;;;0;2;1;;
04/01/2011;10:47:00;97;sem vítima;208;BR-101/RJ;Norte;Colisão Traseira;;;2;;;;;;;;2;;;;
14/01/2011;17:07:00;152;sem vítima;208;BR-101/RJ;Norte;Engavetamento;2;;1;;;;;;;;3;;;;
18/02/2011;18:34:00;159;com vítima;208;BR-101/RJ;Norte;Atropelamento - Ciclista;1;1;;;;;;;;;1;;1;;
30/10/2011;20:16:00;143;sem vítima;208,10000610351562;BR-101/RJ;Norte;Colisão Traseira;1;;1;;;;;;;;5;;;;
23/11/2011;11:53:00;79;sem vítima;208;BR-101/RJ;Norte;Colisão Traseira;2;;;;;;;;;;2;;;;
27/11/2011;07:01:00;33;sem vítima;208,89999389648438;BR-101/RJ;Sul;Saida de Pista;;;;;;;;;;1;3;;;;
27/11/2011;08:05:00;42;sem vítima;208,89999389648438;BR-101/RJ;Sul;Saida de Pista;1;;;;;;;;;;5;;;;
19/01/2012;16:10:00;138;sem vítima;208;BR-101/RJ;Norte;Colisão Lateral;2;;;;;;;;;;2;;;;
01/02/2012;15:32:00;109;sem vítima;208;BR-101/RJ;Sul;Colisão Traseira;1;;;;;1;;;;;2;;;;
14/03/2012;00:11:00;1;com vítima;208;BR-101/RJ;Sul;Colisão Frontal;1;;1;;;;;;;;2;;1;;
18/06/2012;06:41:00;76;sem vítima;208;BR-101/RJ;Norte;Saida de Pista;;;1;;;;;;;;1;;;;
18/06/2012;06:40:00;36;com vítima;208,3;BR-101/RJ;Norte;Colisão Frontal;2;;1;;;;;;;;2;;1;1;2
06/07/2012;06:19:00;38;sem vítima;208;BR-101/RJ;Norte;Saida de Pista;1;;;;;;;;;;1;;;;
24/07/2012;16:54:00;142;sem vítima;208;BR-101/RJ;Sul;Colisão Traseira;;;1;;1;;;;;;2;;;;
07/09/2012;15:58:00;189;sem vítima;208,7;BR-101/RJ;Norte;Colisão Traseira;1;;1;;;;;;;;2;;;;
09/02/2013;01:29:00;22;sem vítima;208;BR-101/RJ;Norte;Saida de Pista;1;;;;;;;;;;1;;;;
11/03/2013;06:02:00;31;sem vítima;208,8;BR-101/RJ;Norte;Saida de Pista;1;;;;;;;;;;1;;;;
29/04/2013;22:30:00;163;sem vítima;208;BR-101/RJ;Norte;Saida de Pista;1;;;;;;;;;;1;;;;
20/10/2013;12:52:00;75;com vítima;208,32;BR-101/RJ;Sul;Colisão Frontal;1;;1;;;;;;;;2;;;1;2
27/11/2013;18:01:00;184;sem vítima;208;BR-101/RJ;Norte;Saida de Pista;1;;;;;;;;;;1;;;;
25/01/2014;15:53:00;136;sem vítima;208;BR-101/RJ;Norte;Engavetamento;3;;;;;;;;;;4;;;;
25/01/2014;14:40:00;123;com vítima;208,7;BR-101/RJ;Sul;Colisão Frontal;2;;;;;;;;;;0;3;;;
17/02/2014;13:20:00;96;com vítima;208,55;BR-101/RJ;Norte;Colisão Traseira;;;2;;;;;;;;1;2;;;
08/04/2014;12:35:00;96;com vítima;208,6;BR-101/RJ;Norte;Colisão Frontal;2;;1;;;;;;;;2;;1;1;1
07/07/2014;20:18:00;170;sem vítima;208;BR-101/RJ;Sul;Atropelamento de Animal;;;1;;;;;;;;1;;;;
17/02/2015;14:01:00;67;com vítima;208;BR-101/RJ;Norte;Queda de Moto;;;;1;;;;;;;0;2;0;0;0
15/06/2015;14:44:00;123;com vítima;208;BR-101/RJ;Sul;Saida de Pista;;;1;;;;;;;;0;1;;;
06/07/2015;13:14:00;114;sem vítima;208;BR-101/RJ;Sul;Colisão Lateral;;;;;1;1;;;;;2;;;;
02/09/2015;18:27:00;165;com vítima;208,366;BR-101/RJ;Norte;Colisão Frontal;1;;1;;;;;;;;2;;1;;
30/09/2015;14:37:00;128;sem vítima;208;BR-101/RJ;Sul;Engavetamento;1;;2;;;;;;;;3;;;;
10/10/2015;16:41:00;195;sem vítima;208;BR-101/RJ;Sul;Colisão Lateral;2;;;;;;;;;;9;;;;
26/10/2015;12:31:00;115;sem vítima;208;BR-101/RJ;Norte;Colisão Traseira;2;;;;;;;;;;4;;;;
15/12/2015;13:06:00;140;sem vítima;208;BR-101/RJ;Sul;Colisão Frontal;;;1;;;1;;;;;2;;;;
13/02/2010;07:18:00;115;sem vítima;209;BR-101/RJ;Norte;Colisão Traseira;2;;;;;;;;;;2;;;;
15/03/2010;06:30:00;28;sem vítima;209,5;BR-101/RJ;Sul;Capotamento;1;;;;;;;;;;1;;;;
28/04/2010;04:16:00;24;sem vítima;209;BR-101/RJ;Sul;Saida de Pista;1;;;;;;;;;;1;;;;
14/07/2010;14:06:00;91;sem vítima;209;BR-101/RJ;Norte;Objeto lançado contra veículo;1;;;;1;;;;;;4;;;;
08/03/2011;17:41:00;133;com vítima;66;BR-101/RJ;Sul;Colisão Traseira;2;;;;;;;;;;4;;1;;
08/03/2011;18:12:00;139;sem vítima;265;BR-101/RJ;Sul;Colisão Lateral;1;;;;1;;;;;;6;;;;
08/03/2011;18:17:00;140;sem vítima;205,8000030517578;BR-101/RJ;Sul;Colisão Traseira;2;;;;;;;;;;2;;;;
08/03/2011;18:34:00;146;sem vítima;262;BR-101/RJ;Sul;Colisão Traseira;2;;;;;;;;;;5;;;;
30/06/2011;15:52:00;92;sem vítima;209,8000030517578;BR-101/RJ;Norte;Tombamento;;;1;;;;;;;;1;;;;
12/01/2012;08:50:00;66;sem vítima;209;BR-101/RJ;Norte;Colisão Traseira;1;;1;;;;;;;;2;;;;
22/03/2012;15:37:00;110;sem vítima;209;BR-101/RJ;Norte;Saida de Pista;1;;;;;;;;;;1;;;;
13/05/2012;09:33:00;53;com vítima;209,8;BR-101/RJ;Sul;Saida de Pista;1;;;;;;;;;;0;;;;1
10/06/2012;11:11:00;74;sem vítima;209;BR-101/RJ;Sul;Colisão Lateral;1;;1;;;;;;;;2;;;;
02/07/2012;13:04:00;90;sem vítima;209,05;BR-101/RJ;Sul;Colisão Traseira;2;;;;;;;;;;8;;;;
17/07/2012;10:21:00;81;sem vítima;209;BR-101/RJ;Norte;Colisão Traseira;2;;;;;;;;;;2;;;;
20/07/2012;08:23:00;48;sem vítima;209;BR-101/RJ;Norte;Colisão Lateral;3;;;;;;;;;;3;;;;
15/08/2012;12:26:00;76;sem vítima;209,958;BR-101/RJ;Sul;Saida de Pista;1;;;;;;;;;;4;;;;
10/09/2012;16:14:00;171;com vítima;209,8;BR-101/RJ;Sul;Queda de Moto;1;;;1;;;;;;;4;1;;;
19/11/2012;17:24:00;148;com vítima;209;BR-101/RJ;Sul;Atropelamento - Ciclista;;1;;;;1;;;;;1;;1;;
10/01/2013;23:14:00;217;sem vítima;209;BR-101/RJ;Sul;Saida de Pista;1;;;;;;;;;;1;;;;
11/01/2013;14:52:00;120;com vítima;209,88;BR-101/RJ;Sul;Colisão Frontal;1;;1;;;;;;;;0;3;;1;3
17/01/2013;10:01:00;68;sem vítima;209;BR-101/RJ;Sul;Colisão Lateral;1;;1;;;;;;;;3;;;;
01/02/2013;06:41:00;36;sem vítima;209,8;BR-101/RJ;Sul;Tombamento;1;;;;;;;;;;1;;;;
03/02/2013;07:17:00;28;sem vítima;209,73;BR-101/RJ;Norte;Tombamento;;;1;;;;;;;;1;;;;
24/03/2013;20:40:00;165;com vítima;209,1;BR-101/RJ;Norte;Saida de Pista;1;;;;;;;;;;2;1;;;
05/04/2013;20:34:00;164;sem vítima;209,224;BR-101/RJ;Norte;Atropelamento de Animal;;;2;;;;;;;;2;;;;
06/04/2013;23:48:00;220;sem vítima;209,65;BR-101/RJ;Norte;Tombamento;;;1;;;;;;;;1;;;;
21/04/2013;14:48:00;84;sem vítima;209;BR-101/RJ;Norte;Saida de Pista;1;;;;;;;;;;1;;;;
04/06/2013;15:45:00;129;com vítima;209,8;BR-101/RJ;Norte;Saida de Pista;1;;;;;;;;;;0;;2;;
16/06/2013;22:14:00;170;sem vítima;209,935;BR-101/RJ;Norte;Colisão Lateral;1;;1;;;;;;;;2;;;;
04/07/2013;22:29:00;165;sem vítima;209;BR-101/RJ;Sul;Saida de Pista;1;;;;;;;;;;1;;;;
09/07/2013;22:57:00;164;sem vítima;209,483;BR-101/RJ;Sul;Saida de Pista;;;1;;;;;;;;1;;;;
14/07/2013;13:18:00;96;com vítima;209,1;BR-101/RJ;Norte;Colisão Traseira;1;;1;;;;;;;;1;1;;;
03/09/2013;06:33:00;32;sem vítima;209,769;BR-101/RJ;Norte;Saida de Pista;1;;;;;;;;;;1;;;;
24/09/2013;06:30:00;29;sem vítima;209,6;BR-101/RJ;Sul;Saida de Pista;1;;;;;;;;;;1;;;;
04/10/2013;14:53:00;117;sem vítima;209,767;BR-101/RJ;Norte;Tombamento;;;1;;;;;;;;1;;;;
07/10/2013;21:33:00;160;sem vítima;209;BR-101/RJ;Sul;Colisão Lateral;1;;1;;;;;;;;4;;;;
23/11/2013;05:55:00;25;sem vítima;209,78;BR-101/RJ;Sul;Saida de Pista;1;;;;;1;;;;;3;;;;
03/12/2013;06:23:00;28;com vítima;209,754;BR-101/RJ;Norte;Colisão Frontal;;;3;;;;;;;;0;2;2;1;
16/12/2013;22:46:00;231;com vítima;209,84;BR-101/RJ;Norte;Saida de Pista;1;;;;;;;;;;0;2;;;
29/12/2013;17:23:00;155;com vítima;209,7;BR-101/RJ;Norte;Tombamento;;;;;1;;;;;;22;3;;;
22/01/2014;14:19:00;121;sem vítima;209;BR-101/RJ;Norte;Saida de Pista;1;;;;;;;;;;1;;;;
27/01/2014;08:50:00;66;com vítima;209,8;BR-101/RJ;Norte;Saida de Pista;;;1;;;;;;;;0;;1;;
04/02/2014;02:30:00;13;com vítima;209,5;BR-101/RJ;Sul;Tombamento;;;1;;;;;;;;0;2;;;