data;horario;n_da_ocorrencia;tipo_de_ocorrencia;km;trecho;sentido;tipo_de_acidente;automovel;bicicleta;caminhao;moto;onibus;outros;tracao_animal;transporte_de_cargas_especiais;trator_maquinas;utilitarios;ilesos;levemente_feridos;moderadamente_feridos;gravemente_feridos;mortos
23/04/2014;22:46:00;186;sem vítima;214;BR-101/RJ;Norte;Colisão Traseira;;;2;;;;;;;;2;;;;
23/04/2014;22:21:00;183;com vítima;214,134;BR-101/RJ;Sul;Saida de Pista;;;;;1;;;;;;37;3;6;2;2
10/05/2014;21:01:00;171;com vítima;214,96;BR-101/RJ;Sul;Colisão Frontal;2;;;;;;;;;;1;1;1;;1
02/06/2014;10:24:00;72;sem vítima;214;BR-101/RJ;Norte;Colisão Lateral;1;;;;1;;;;;;2;;;;
18/06/2014;20:22:00;163;sem vítima;214,953;BR-101/RJ;Norte;Saida de Pista;1;;;;;;;;;;1;;;;
08/07/2014;07:50:00;27;sem vítima;214;BR-101/RJ;Norte;Saida de Pista;;;1;;;;;;;;1;;;;
05/10/2014;05:27:00;17;com vítima;214,974;BR-101/RJ;Sul;Colisão Frontal;2;;;;;;;;;;0;3;;1;
21/10/2014;07:16:00;39;com vítima;214,982;BR-101/RJ;Sul;Colisão Frontal;2;;;;;;;;;;0;;1;1;3
14/12/2014;00:50:00;6;com vítima;214;BR-101/RJ;Norte;Choque - Suporte de Sinalização;1;;;;;;;;;;0;3;;;
24/01/2015;18:07:00;122;sem vítima;214;BR-101/RJ;Norte;Choque - Objeto sobre a pista;1;;;;;;;;;;1;;;;
01/02/2015;18:15:00;100;com vítima;214;BR-101/RJ;Sul;Saida de Pista;1;;;;;;;;;;0;0;0;1;0
31/03/2015;07:47:00;52;com vítima;214,2;BR-101/RJ;Norte;Choque - Defensa, barreira ou "submarino";1;;;;;;;;;;0;2;0;0;0
19/04/2015;00:50:00;4;sem vítima;214;BR-101/RJ;Norte;Saida de Pista;;;;;;;;;;1;1;;;;
19/04/2015;13:32:00;67;com vítima;214,201;BR-101/RJ;Sul;Colisão Lateral;1;;;;1;;;;;;9;1;;;
20/04/2015;16:19:00;114;com vítima;214;BR-101/RJ;Norte;Capotamento;1;;;;;;;;;;1;1;;;
16/05/2015;21:39:00;193;sem vítima;214;BR-101/RJ;Norte;Atropelamento de Animal;1;;;;;;;;;;2;;;;
23/06/2015;12:30:00;98;sem vítima;214;BR-101/RJ;Sul;Colisão Lateral;;;1;;;1;;;;;2;;;;
06/09/2015;16:18:00;100;sem vítima;214;BR-101/RJ;Norte;Colisão Transversal;2;;;;;;;;;;5;;;;
05/10/2015;04:34:00;14;com vítima;214,987;BR-101/RJ;Sul;Tombamento;;;;;;;;;;1;0;2;;;
09/10/2015;23:29:00;263;com vítima;214;BR-101/RJ;Sul;Colisão Frontal;2;;;;;;;;;;0;2;4;;
29/11/2015;19:36:00;177;sem vítima;214,9;BR-101/RJ;Norte;Colisão Frontal;1;;1;;;;;;;;2;;;;
29/11/2015;03:47:00;26;sem vítima;214,95;BR-101/RJ;Norte;Choque - Defensa, barreira ou "submarino";1;;;;;;;;;;4;;;;
30/11/2015;19:06:00;227;com vítima;214;BR-101/RJ;Norte;Saida de Pista;1;;;;;;;;;;0;1;;;
01/12/2015;05:20:00;27;com vítima;214;BR-101/RJ;Norte;Choque - Defensa, barreira ou "submarino";1;;1;;;;;;;;1;2;;;
05/12/2015;23:14:00;228;sem vítima;214;BR-101/RJ;Sul;Choque - Defensa, barreira ou "submarino";1;;;;;;;;;;1;;;;
07/12/2015;04:14:00;21;sem vítima;214,989;BR-101/RJ;Sul;Saida de Pista;1;;;;;;;;;;1;;;;
13/12/2015;00:56:00;7;sem vítima;214;BR-101/RJ;Sul;Saida de Pista;1;;;;;;;;;;4;;;;
19/12/2015;17:37:00;213;sem vítima;214;BR-101/RJ;Norte;Engavetamento;;;2;;1;;;;;;3;;;;
04/02/2010;10:37:00;81;sem vítima;215;BR-101/RJ;Norte;Colisão Traseira;3;;1;;;;;;;;6;;;;
09/03/2010;17:50:00;176;sem vítima;215;BR-101/RJ;Sul;Saida de Pista;1;;;;;;;;;;1;;;;
30/03/2010;01:14:00;11;sem vítima;215;BR-101/RJ;Norte;Saida de Pista;;;;;;;;;;1;1;;;;
19/04/2010;07:17:00;37;sem vítima;215;BR-101/RJ;Norte;Saida de Pista;1;;;;;;;;;;1;;;;
26/05/2010;09:35:00;54;sem vítima;215;BR-101/RJ;Norte;Colisão Traseira;2;;;;;;;;;;4;;;;
06/10/2010;21:47:00;152;sem vítima;215;BR-101/RJ;Norte;Saida de Pista;2;;;;;;;;;;2;;;;
21/10/2010;10:52:00;81;sem vítima;215;BR-101/RJ;Norte;Colisão Lateral;2;;;;;;;;;;2;;;;
26/10/2010;08:20:00;42;sem vítima;215;BR-101/RJ;Sul;Saida de Pista;1;;;;;;;;;;2;;;;
04/05/2011;15:15:00;81;sem vítima;215;BR-101/RJ;Sul;Colisão Transversal;2;;;;;;;;;;3;;;;
02/12/2011;15:30:00;137;sem vítima;215;BR-101/RJ;Norte;Colisão Frontal;2;;;;;;;;;;2;;;;
18/12/2011;03:22:00;15;sem vítima;215;BR-101/RJ;Sul;Colisão Lateral;;;2;;;;;;;;3;;;;
04/01/2012;11:01:00;77;com vítima;215;BR-101/RJ;Sul;Queda de Moto;;;;1;;;;;;;0;;1;;
04/01/2012;15:33:00;132;sem vítima;215;BR-101/RJ;Norte;Engavetamento;;;2;;;;;;;1;3;;;;
19/01/2012;14:36:00;122;sem vítima;215;BR-101/RJ;Norte;Colisão Traseira;1;;1;;;;;;;;2;;;;
31/05/2012;18:35:00;149;sem vítima;215;BR-101/RJ;Norte;Saida de Pista;1;;;;;;;;;;1;;;;
31/05/2012;19:29:00;160;sem vítima;215;BR-101/RJ;Norte;Saida de Pista;1;;;;;;;;;;1;;;;
09/06/2012;15:50:00;111;sem vítima;215;BR-101/RJ;Norte;Saida de Pista;1;;;;;;;;;;1;;;;
13/06/2012;12:44:00;106;com vítima;215,8;BR-101/RJ;Sul;Colisão Frontal;2;;;;;;;;;;0;3;2;;
15/08/2012;17:49:00;142;sem vítima;215,543;BR-101/RJ;Norte;Saida de Pista;1;;;;;;;;;;1;;;;
05/10/2012;23:06:00;235;com vítima;215,5;BR-101/RJ;Sul;Saida de Pista;;;;;;;;;;1;0;2;;;
05/11/2012;16:10:00;120;sem vítima;215;BR-101/RJ;Norte;Saida de Pista;1;;;;;;;;;;3;;;;
26/11/2012;09:26:00;65;sem vítima;215;BR-101/RJ;Sul;Saida de Pista;1;;;;;;;;;;2;;;;
02/12/2012;15:50:00;124;sem vítima;215;BR-101/RJ;Norte;Saida de Pista;1;;;;;;;;;;2;;;;
03/01/2013;19:42:00;175;sem vítima;215;BR-101/RJ;Norte;Capotamento;;;;;;;;;;1;2;;;;
09/01/2013;21:36:00;212;sem vítima;215;BR-101/RJ;Norte;Saida de Pista;1;;;;;;;;;;1;;;;
22/01/2013;09:47:00;68;sem vítima;215;BR-101/RJ;Norte;Saida de Pista;1;;;;;;;;;;1;;;;
08/02/2013;09:36:00;106;com vítima;215,661;BR-101/RJ;Sul;Colisão Frontal;2;;1;;;;;;;;2;1;2;1;1
09/04/2013;03:15:00;15;sem vítima;215;BR-101/RJ;Norte;Colisão Traseira;;;1;;;1;;;;;2;;;;
09/07/2013;11:14:00;78;com vítima;215;BR-101/RJ;Norte;Saida de Pista;1;;;;;;;;;;2;1;;;
12/07/2013;10:37:00;70;sem vítima;215,647;BR-101/RJ;Norte;Saida de Pista;;;1;;;;;;;;1;;;;
30/07/2013;07:31:00;35;com vítima;215,74;BR-101/RJ;Norte;Outros - Sequência;1;;2;1;;;;;;;3;2;;;
02/09/2013;06:35:00;36;com vítima;215,4;BR-101/RJ;Norte;Atropelamento - Morador;;;;;;1;;;;;1;;;;1
01/01/2014;14:13:00;110;com vítima;215,097;BR-101/RJ;Norte;Outros - Sequência;3;;;;;;;;;;4;1;2;3;1
23/01/2014;10:35:00;74;com vítima;215;BR-101/RJ;Norte;Queda de Moto;;;;1;;;;;;;1;1;;;
17/02/2014;19:32:00;160;sem vítima;215;BR-101/RJ;Sul;Saida de Pista;1;;;;;;;;;;1;;;;
28/02/2014;19:44:00;219;com vítima;215,914;BR-101/RJ;Norte;Colisão Traseira;1;;;;;1;;;;;1;8;;;
10/03/2014;06:29:00;32;com vítima;215,912;BR-101/RJ;Norte;Colisão Frontal;1;;;1;;;;;;;1;;;1;1
24/04/2014;22:07:00;173;sem vítima;215;BR-101/RJ;Norte;Saida de Pista;1;;;;;;;;;;1;;;;
28/07/2014;18:32:00;141;sem vítima;215,713;BR-101/RJ;Norte;Colisão Traseira;;;2;;;;;;;;2;;;;
03/08/2014;17:46:00;114;com vítima;215,8;BR-101/RJ;Norte;Engavetamento;4;;;;;;;;;;0;10;;;
17/10/2014;00:41:00;3;sem vítima;215;BR-101/RJ;Sul;Atropelamento de Animal;1;;;;;;;;;;1;;;;
12/01/2015;03:40:00;17;sem vítima;215;BR-101/RJ;Norte;Saida de Pista;1;;;;;;;;;;1;;;;
30/01/2015;10:31:00;86;com vítima;215;BR-101/RJ;Sul;Colisão Frontal;1;;1;;;;;;;;1;4;;;
15/02/2015;14:21:00;98;sem vítima;215;BR-101/RJ;Norte;Colisão Traseira;2;;;;;;;;;;5;0;0;0;0
15/02/2015;14:59:00;103;sem vítima;215;BR-101/RJ;Norte;Colisão Traseira;2;;;;;;;;;;6;0;0;0;0
17/02/2015;20:32:00;146;sem vítima;215;BR-101/RJ;Sul;Engavetamento;3;;;;;;;;;;6;0;0;0;0
28/02/2015;11:48:00;69;com vítima;215;BR-101/RJ;Norte;Saida de Pista;1;;;;;;;;;;3;1;;;
28/02/2015;11:51:00;70;com vítima;215;BR-101/RJ;Norte;Atropelamento - Usuário;1;;;;;;;;;;2;2;1;1;
18/03/2015;15:30:00;139;com vítima;215;BR-101/RJ;Sul;Colisão Frontal;2;;;;;;;;;;2;0;2;0;0
06/04/2015;17:26:00;166;sem vítima;215;BR-101/RJ;Norte;Saida de Pista;1;;;;;;;;;;6;;;;
19/06/2015;17:37:00;149;sem vítima;215,203;BR-101/RJ;Sul;Saida de Pista;1;;;;;;;;;;1;;;;
11/09/2015;22:24:00;235;sem vítima;215;BR-101/RJ;Norte;Choque - Defensa, barreira ou "submarino";1;;;;;;;;;;1;;;;
07/10/2015;09:00:00;65;sem vítima;215,639;BR-101/RJ;Norte;Engavetamento;2;;;;;1;;;;;4;;;;
19/11/2015;09:01:00;65;sem vítima;215,7;BR-101/RJ;Sul;Saida de Pista;1;;;;;;;;;;4;;;;
21/11/2015;12:18:00;76;sem vítima;215;BR-101/RJ;Sul;Saida de Pista;1;;;;;;;;;;1;;;;
22/11/2015;17:56:00;153;sem vítima;215,719;BR-101/RJ;Norte;Colisão Traseira;2;;;;;;;;;;2;;;;
23/11/2015;09:08:00;76;sem vítima;215;BR-101/RJ;Norte;Colisão Frontal;2;;;;;;;;;;3;;;;
02/12/2015;20:53:00;202;com vítima;215,5;BR-101/RJ;Sul;Tombamento;1;;;;;;;;;;0;1;;;
20/12/2015;14:45:00;124;sem vítima;215;BR-101/RJ;Sul;Colisão Transversal;2;;;;;;;;;;6;;;;
06/09/2010;18:50:00;134;sem vítima;216;BR-101/RJ;Sul;Atropelamento de Animal;;;2;;;1;;;;;4;;;;
09/01/2011;21:11:00;188;sem vítima;216;BR-101/RJ;Sul;Saida de Pista;1;;;;;;;;;;2;;;;
09/03/2011;09:38:00;64;sem vítima;191;BR-101/RJ;Sul;Engavetamento;3;;;;;;;;;1;12;;;;
16/06/2011;23:56:00;193;sem vítima;216;BR-101/RJ;Norte;Colisão Traseira;;;2;;;;;;;;2;;;;
23/06/2011;09:00:00;52;com vítima;216;BR-101/RJ;Norte;Capotamento;1;;;;;;;;;;0;2;1;;
23/06/2011;10:24:00;66;sem vítima;216;BR-101/RJ;Sul;Colisão Traseira;1;;1;;;;;;;;2;;;;
13/08/2011;17:44:00;173;sem vítima;216,8000030517578;BR-101/RJ;Sul;Saida de Pista;1;;;;;;;;;;2;;;;
11/09/2011;16:54:00;123;sem vítima;216;BR-101/RJ;Norte;Colisão Traseira;2;;;;;;;;;;6;;;;
25/09/2011;11:15:00;47;com vítima;216;BR-101/RJ;Norte;Colisão Traseira;1;;;1;;;;;;;2;1;;;
23/10/2011;17:16:00;112;com vítima;216,5;BR-101/RJ;Sul;Colisão Frontal;3;;;;;;;;;;2;;4;3;
15/12/2011;13:12:00;88;com vítima;216;BR-101/RJ;Norte;Colisão Transversal;2;;;;;;;;;;2;3;;;
16/12/2011;18:41:00;195;sem vítima;216;BR-101/RJ;Sul;Engavetamento;4;;;;;;;;;;14;;;;
28/12/2011;15:26:00;145;sem vítima;216;BR-101/RJ;Sul;Colisão Frontal;1;;1;;;;;;;;4;;;;
27/01/2012;19:37:00;156;sem vítima;216;BR-101/RJ;Norte;Saida de Pista;1;;;;;;;;;;1;;;;
22/02/2012;07:53:00;44;com vítima;216;BR-101/RJ;Sul;Saida de Pista;1;;;;;;;;;;0;4;1;;
22/02/2012;11:01:00;64;sem vítima;216;BR-101/RJ;Sul;Engavetamento;3;;;;;1;;;;;15;;;;
31/03/2012;16:29:00;113;sem vítima;216;BR-101/RJ;Sul;Saida de Pista;1;;;;;;;;;;1;;;;
11/04/2012;12:59:00;93;com vítima;216,3;BR-101/RJ;Norte;Outros - Sequência;1;;1;;;;;;;1;2;1;1;;
17/04/2012;09:22:00;59;sem vítima;216;BR-101/RJ;Norte;Colisão Lateral;1;;1;;;;;;;;2;;;;
19/04/2012;11:35:00;71;sem vítima;216;BR-101/RJ;Norte;Engavetamento;;;3;;;;;;;;4;;;;
06/06/2012;07:35:00;40;sem vítima;216;BR-101/RJ;Norte;Colisão Traseira;;;2;;;;;;;;3;;;;
15/06/2012;06:38:00;31;sem vítima;216;BR-101/RJ;Sul;Saida de Pista;;;;;;;;;;1;5;;;;
20/07/2012;11:09:00;78;sem vítima;216;BR-101/RJ;Sul;Choque - Arvore;;;1;;1;;;;;;3;;;;
13/12/2012;21:46:00;192;sem vítima;216;BR-101/RJ;Sul;Saida de Pista;1;;;;;1;;;;;5;;;;
03/01/2013;23:34:00;206;sem vítima;216,98;BR-101/RJ;Norte;Capotamento;1;;;;;;;;;;2;;;;
03/01/2013;23:59:00;208;sem vítima;216,98;BR-101/RJ;Norte;Saida de Pista;1;;;;;;;;;;1;;;;
23/03/2013;14:33:00;130;sem vítima;216;BR-101/RJ;Sul;Saida de Pista;2;;;;;;;;;;3;;;;
18/04/2013;09:47:00;63;com vítima;216,4;BR-101/RJ;Norte;Colisão Traseira;2;;;;;;;;;;0;3;;;
16/05/2013;09:35:00;45;sem vítima;216;BR-101/RJ;Norte;Saida de Pista;1;;;;;;;;;;1;;;;
25/06/2013;06:24:00;24;com vítima;216,366;BR-101/RJ;Norte;Colisão Frontal;2;;;;;;;;;;0;1;1;;
31/10/2013;15:34:00;89;sem vítima;216;BR-101/RJ;Norte;Engavetamento;;;3;;;1;;;;;4;;;;
15/11/2013;05:22:00;37;sem vítima;216;BR-101/RJ;Norte;Saida de Pista;1;;;;;;;;;;1;;;;
23/12/2013;16:29:00;171;com vítima;216;BR-101/RJ;Norte;Capotamento;1;;;;;;;;;;0;;3;;
06/03/2014;15:06:00;146;com vítima;216,4;BR-101/RJ;Sul;Colisão Transversal;1;;1;;;;;;;;1;4;;;
16/05/2014;17:53:00;149;com vítima;216,627;BR-101/RJ;Norte;Capotamento;1;;;;;;;;;;0;2;;;
05/06/2014;07:20:00;43;sem vítima;216;BR-101/RJ;Norte;Engavetamento;1;;2;;;;;;;;3;;;;
15/06/2014;02:56:00;12;sem vítima;216,88;BR-101/RJ;Norte;Saida de Pista;;;;;;;;;;1;3;;;;
04/11/2014;11:56:00;94;sem vítima;216,888;BR-101/RJ;Sul;Colisão Traseira;2;;;;;;;;;;4;;;;
07/12/2014;15:25:00;75;sem vítima;216;BR-101/RJ;Sul;Colisão Traseira;1;;;;;;;;;1;2;;;;
17/02/2015;18:20:00;120;com vítima;216,8;BR-101/RJ;Sul;Outros - Sequência;2;;1;;;1;;;;;1;8;1;1;1
05/04/2015;15:17:00;96;com vítima;216,73;BR-101/RJ;Norte;Saida de Pista;1;;;;;;;;;;2;1;;;
01/07/2015;08:38:00;77;com vítima;216,271;BR-101/RJ;Sul;Tombamento;;;1;;;;;;;;2;1;;;
24/08/2015;09:02:00;79;com vítima;216,215;BR-101/RJ;Norte;Saida de Pista;1;;;;;;;;;;1;1;;;
20/09/2015;17:33:00;161;sem vítima;216;BR-101/RJ;Sul;Colisão Traseira;2;;;;;;;;;;2;;;;
23/12/2015;08:21:00;65;sem vítima;216;BR-101/RJ;Norte;Colisão Traseira;1;;1;;;;;;;;7;;;;
30/12/2015;10:11:00;87;sem vítima;216;BR-101/RJ;Sul;Colisão Lateral;1;;;;;1;;;;;5;;;;
11/02/2010;20:43:00;226;sem vítima;217;BR-101/RJ;Sul;Saida de Pista;1;;;;;;;;;;1;;;;
15/03/2010;04:08:00;20;sem vítima;217;BR-101/RJ;Norte;Saida de Pista;1;;;;;;;;;;1;;;;
11/09/2010;07:39:00;40;com vítima;217;BR-101/RJ;Sul;Tombamento;;;1;;;;;;;;1;2;;;
19/10/2010;22:27:00;178;sem vítima;217;BR-101/RJ;Norte;Colisão Frontal;1;;;;1;;;;;;25;;;;
09/03/2011;10:42:00;86;sem vítima;58;BR-101/RJ;Norte;Colisão Traseira;4;;;;;;;;;;18;;;;
07/11/2011;07:09:00;38;sem vítima;217;BR-101/RJ;Norte;Colisão Lateral;1;;;;;1;;;;;2;;;;
15/11/2011;04:02:00;13;sem vítima;217;BR-101/RJ;Sul;Saida de Pista;1;;;;;;;;;;3;;;;
06/12/2011;00:06:00;2;sem vítima;217;BR-101/RJ;Sul;Colisão Lateral;;;1;;;1;;;;;2;;;;
05/01/2012;18:33:00;180;com vítima;217,1;BR-101/RJ;Norte;Saida de Pista;1;;;;;;;;;;0;1;1;;
31/01/2012;01:14:00;10;sem vítima;217;BR-101/RJ;Sul;Engavetamento;;;2;;1;;;;;;3;;;;
18/05/2012;10:19:00;80;sem vítima;217;BR-101/RJ;Norte;Engavetamento;3;;;;;1;;;;;4;;;;
08/07/2012;21:51:00;152;com vítima;217;BR-101/RJ;Sul;Colisão Frontal;2;;;;;;;;;;0;;5;;
16/08/2012;00:15:00;2;com vítima;217;BR-101/RJ;Sul;Capotamento;1;;;;;;;;;;0;;1;;
02/12/2012;11:15:00;79;com vítima;217,5;BR-101/RJ;Sul;Colisão Traseira;1;;;1;;;;;;;3;1;;;
13/04/2013;02:40:00;14;com vítima;217;BR-101/RJ;Norte;Saida de Pista;1;;;;;;;;;;0;2;;;
17/08/2013;19:09:00;154;com vítima;217,116;BR-101/RJ;Sul;Queda de Moto;;;;1;;;;;;;0;;1;;
02/09/2013;11:14:00;89;com vítima;217,8;BR-101/RJ;Norte;Colisão Frontal;2;;;;;;;;;;0;2;1;;1
13/09/2013;12:29:00;108;sem vítima;217;BR-101/RJ;Sul;Colisão Lateral;1;;1;;;;;;;;7;;;;
21/09/2013;18:34:00;151;com vítima;217;BR-101/RJ;Norte;Saida de Pista;;;;1;;;;;;;0;1;;;
11/04/2014;20:29:00;186;com vítima;217;BR-101/RJ;Norte;Colisão Lateral;2;;;;;;;;;;3;1;;;
20/04/2014;21:11:00;138;sem vítima;217;BR-101/RJ;Sul;Saida de Pista;1;;;;;;;;;;4;;;;
03/09/2014;04:23:00;16;sem vítima;217,697;BR-101/RJ;Norte;Saida de Pista;;;;;;;;;;1;1;;;;
15/10/2014;11:27:00;74;com vítima;217,987;BR-101/RJ;Sul;Capotamento;1;;;;;1;;;;;1;1;1;;
30/10/2014;11:24:00;78;sem vítima;217;BR-101/RJ;Norte;Colisão Frontal;2;;;;;;;;;;3;;;;
22/05/2015;15:59:00;152;sem vítima;217;BR-101/RJ;Norte;Colisão Traseira;1;;1;;;;;;;;8;;;;
23/05/2015;16:54:00;138;sem vítima;217,73;BR-101/RJ;Sul;Saida de Pista;;;1;;;;;;;;1;;;;
26/11/2015;14:11:00;132;com vítima;217,961;BR-101/RJ;Norte;Capotamento;1;;;;;;;;;;0;1;1;;
30/12/2015;22:14:00;256;com vítima;217;BR-101/RJ;Norte;Atropelamento de Animal;;;;1;;;;;;;0;;1;;
09/02/2010;01:29:00;8;com vítima;218;BR-101/RJ;Norte;Saida de Pista;1;;;;;;;;;;0;;1;;
08/03/2010;01:25:00;8;sem vítima;218;BR-101/RJ;Sul;Atropelamento de Animal;;;1;;;;;;;;1;;;;
18/06/2010;15:52:00;140;sem vítima;218;BR-101/RJ;Sul;Colisão Lateral;1;;;1;;1;;;;;8;;;;
15/09/2010;08:01:00;46;com vítima;218;BR-101/RJ;Norte;Tombamento;;;;;;;;;;1;0;2;;;
11/12/2010;18:03:00;161;sem vítima;218;BR-101/RJ;Sul;Objeto lançado contra veículo;;;2;;;;;;;;2;;;;
11/12/2010;18:05:00;162;sem vítima;218;BR-101/RJ;Sul;Colisão Traseira;2;;;;;;;;;;5;;;;
22/05/2011;06:26:00;25;com vítima;218;BR-101/RJ;Sul;Saida de Pista;1;;;;;;;;;;1;2;;;
11/12/2011;06:13:00;24;com vítima;218;BR-101/RJ;Sul;Colisão Frontal;1;;1;;;;;;;;2;;;;2
27/12/2011;03:31:00;13;sem vítima;218;BR-101/RJ;Norte;Capotamento;1;;;;;;;;;;1;;;;
07/01/2012;16:46:00;125;sem vítima;218;BR-101/RJ;Norte;Colisão Lateral;1;;;;1;;;;;;2;;;;
12/01/2012;13:44:00;120;sem vítima;218;BR-101/RJ;Norte;Colisão Lateral;1;;1;;;;;;;;2;;;;
19/02/2012;17:50:00;169;com vítima;218;BR-101/RJ;Sul;Queda de Moto;;;;1;;;;;;;0;1;;;
31/03/2012;09:15:00;54;sem vítima;218;BR-101/RJ;Sul;Objeto lançado contra veículo;;;2;;;;;;;;3;;;;
22/06/2012;04:58:00;19;sem vítima;218,9;BR-101/RJ;Sul;Colisão Frontal;1;;;;;;;;;;1;;;;
07/07/2012;07:51:00;47;sem vítima;218;BR-101/RJ;Sul;Colisão Traseira;2;;;;;;;;;;2;;;;
07/07/2012;07:19:00;37;com vítima;218,08;BR-101/RJ;Norte;Capotamento;;;1;;;;;;;;0;1;;;
12/10/2012;07:38:00;56;com vítima;218;BR-101/RJ;Norte;Colisão Traseira;3;;;;;;;;;;9;3;;;
09/12/2012;20:43:00;187;com vítima;218;BR-101/RJ;Norte;Colisão Traseira;2;;;;;;;;;;2;1;;;
31/08/2013;07:13:00;31;com vítima;218,575;BR-101/RJ;Norte;Capotamento;1;;;;;1;;;;;3;1;;;
04/10/2013;13:44:00;111;sem vítima;218;BR-101/RJ;Norte;Tombamento;;;1;;;;;;;;1;;;;
10/12/2013;08:42:00;72;sem vítima;218,5;BR-101/RJ;Sul;Engavetamento;2;;1;;;;;;;;6;;;;
02/02/2014;06:59:00;29;com vítima;218;BR-101/RJ;Sul;Colisão Frontal;1;;1;;;;;;;;1;1;;;
26/04/2014;17:43:00;148;com vítima;218,269;BR-101/RJ;Norte;Colisão Frontal;2;;;;;;;;;;0;1;;;1
23/08/2014;10:50:00;87;sem vítima;218;BR-101/RJ;Norte;Saida de Pista;1;;;;;;;;;;2;;;;
26/11/2014;05:32:00;19;sem vítima;218,8;BR-101/RJ;Norte;Saida de Pista;;;1;;;;;;;;1;;;;
09/12/2014;10:54:00;80;sem vítima;218;BR-101/RJ;Sul;Colisão Traseira;1;;;;;1;;;;;2;;;;
15/01/2010;08:38:00;55;sem vítima;219;BR-101/RJ;Norte;Colisão Traseira;;;1;;;1;;;;;2;;;;
06/02/2010;18:09:00;187;sem vítima;219;BR-101/RJ;Norte;Saida de Pista;1;;;;;1;;;;;3;;;;
28/02/2010;07:46:00;27;com vítima;219;BR-101/RJ;Norte;Queda de Moto;;;;1;;1;;;;;1;1;;;
01/07/2010;05:17:00;17;sem vítima;219;BR-101/RJ;Sul;Colisão Frontal;1;;;;;;;;;1;6;;;;
13/11/2010;07:23:00;53;com vítima;219;BR-101/RJ;Norte;Colisão Traseira;1;;;1;;;;;;;0;3;;;
13/01/2011;12:08:00;74;sem vítima;219;BR-101/RJ;Sul;Colisão Lateral;1;;1;;;;;;;;2;;;;
12/05/2011;16:16:00;128;sem vítima;219;BR-101/RJ;Norte;Saida de Pista;;;1;;;;;;;;1;;;;
01/09/2011;22:48:00;168;com vítima;219,6199951171875;BR-101/RJ;Sul;Colisão Frontal;2;;;;;;;;;;0;2;1;;
03/10/2011;08:45:00;53;sem vítima;219;BR-101/RJ;Norte;Saida de Pista;1;;;;;;;;;;1;;;;
11/11/2011;15:36:00;120;sem vítima;219;BR-101/RJ;Norte;Colisão Lateral;1;;;;;1;;;;;3;;;;
17/12/2011;13:56:00;102;sem vítima;219;BR-101/RJ;Norte;Saida de Pista;1;;;;;;;;;;3;;;;
07/02/2012;08:57:00;57;com vítima;219,9;BR-101/RJ;Sul;Tombamento;;;1;;;;;;;;0;;1;;
06/03/2012;00:09:00;3;sem vítima;219,5;BR-101/RJ;Sul;Colisão Frontal;;;2;;;;;;;;5;;;;
03/08/2012;16:08:00;137;sem vítima;219,9;BR-101/RJ;Sul;Colisão Traseira;2;;;;;;;;;;2;;;;
21/12/2012;01:36:00;14;sem vítima;219,7;BR-101/RJ;Sul;Saida de Pista;1;;;;;;;;;;2;;;;
07/01/2013;07:36:00;39;com vítima;219;BR-101/RJ;Norte;Queda de Moto;;;;1;;;;;;;0;1;;;
17/05/2013;07:12:00;38;sem vítima;219;BR-101/RJ;Norte;Colisão Traseira;1;;;;;1;;;;;2;;;;
08/01/2014;10:17:00;75;sem vítima;219,521;BR-101/RJ;Sul;Saida de Pista;1;;;;;;;;;;1;;;;
10/01/2014;19:01:00;207;com vítima;219,133;BR-101/RJ;Norte;Colisão Traseira;1;;;1;;;;;;;1;;1;;
27/06/2014;08:52:00;57;sem vítima;219;BR-101/RJ;Sul;Saida de Pista;1;;;;;;;;;;2;;;;
28/01/2015;11:12:00;81;sem vítima;219;BR-101/RJ;Norte;Colisão Traseira;2;;;;;;;;;;2;;;;
11/03/2015;21:10:00;161;com vítima;219;BR-101/RJ;Norte;Objeto lançado contra veículo;1;;1;;;;;;;;0;2;0;0;0
04/05/2015;03:25:00;16;sem vítima;219;BR-101/RJ;Sul;Saida de Pista;1;;;;;;;;;;1;;;;
05/05/2015;13:10:00;119;com vítima;219,916;BR-101/RJ;Norte;Saida de Pista;1;;;;;;;;;;0;1;;;
24/06/2015;08:19:00;46;com vítima;219,988;BR-101/RJ;Sul;Colisão Frontal;1;;1;;;;;;;;1;;;;1
21/03/2010;23:45:00;170;sem vítima;220;BR-101/RJ;Sul;Choque - Outros;;;2;;;1;;;;;3;;;;
30/03/2010;17:03:00;154;sem vítima;220;BR-101/RJ;Norte;Engavetamento;3;;;;;;;;;;6;;;;
05/12/2010;17:27:00;128;com vítima;220;BR-101/RJ;Sul;Saida de Pista;1;;;;;;;;;;0;1;;;
06/12/2010;03:25:00;18;sem vítima;220;BR-101/RJ;Norte;Colisão Lateral;1;;;;;;;;;;2;;;;
08/01/2011;06:12:00;48;sem vítima;220;BR-101/RJ;Sul;Colisão Transversal;2;;;;;;;;;;5;;;;
24/02/2011;04:41:00;21;com vítima;220;BR-101/RJ;Norte;Colisão Traseira;2;;;;;;;;;;1;1;;;
09/03/2011;10:59:00;93;sem vítima;56,900001525878906;BR-101/RJ;Sul;Colisão Traseira;3;;;;;;;;;;8;;;;
10/05/2011;18:39:00;163;sem vítima;220;BR-101/RJ;Sul;Choque - Outros;1;;;;;;;;;;3;;;;
03/06/2011;15:23:00;126;com vítima;220;BR-101/RJ;Sul;Colisão Traseira;;;2;;;;;;;;1;4;;;
15/06/2011;14:04:00;129;sem vítima;220;BR-101/RJ;Norte;Saida de Pista;1;;;;;;;;;;1;;;;