data;horario;n_da_ocorrencia;tipo_de_ocorrencia;km;trecho;sentido;tipo_de_acidente;automovel;bicicleta;caminhao;moto;onibus;outros;tracao_animal;transporte_de_cargas_especiais;trator_maquinas;utilitarios;ilesos;levemente_feridos;moderadamente_feridos;gravemente_feridos;mortos
04/11/2014;08:42:00;50;sem vítima;230,176;BR-101/RJ;Sul;Colisão Traseira;1;;;;;;;;;1;5;;;;
14/08/2015;21:33:00;191;com vítima;230;BR-101/RJ;Norte;Colisão Traseira;1;;1;;;;;;;;1;4;;;
19/07/2010;15:38:00;131;com vítima;231,5;BR-101/RJ;Sul;Capotamento;1;;;;;;;;;;0;1;1;;
18/11/2010;15:48:00;147;sem vítima;231;BR-101/RJ;Sul;Objeto lançado contra veículo;;;1;;1;;;;;1;4;;;;
08/12/2010;08:34:00;49;com vítima;231;BR-101/RJ;Sul;Colisão Frontal;;;1;;;;;;;1;0;1;1;;1
21/02/2011;14:13:00;125;sem vítima;231;BR-101/RJ;Norte;Capotamento;1;;;;;;;;;;1;;;;
10/03/2011;00:40:00;3;sem vítima;266;BR-101/RJ;Sul;Saida de Pista;1;;;;;;;;;;5;;;;
20/05/2011;18:40:00;153;com vítima;231;BR-101/RJ;Sul;Saida de Pista;1;;;;;;;;;;0;;1;;
30/06/2012;08:07:00;49;com vítima;231;BR-101/RJ;Sul;Atropelamento - Ciclista;;1;;;;1;;;;;1;2;;;
19/07/2012;13:31:00;105;sem vítima;231;BR-101/RJ;Sul;Colisão Traseira;2;;;;;;;;;;3;;;;
19/10/2012;05:22:00;23;sem vítima;231,942;BR-101/RJ;Sul;Saida de Pista;1;;;;;;;;;;1;;;;
04/11/2012;15:56:00;123;com vítima;231;BR-101/RJ;Norte;Queda de Moto;;;;1;;;;;;;1;1;;;
09/04/2013;15:34:00;135;com vítima;231;BR-101/RJ;Norte;Saida de Pista;;;;;;;;;;1;0;;1;;
12/04/2013;22:54:00;230;sem vítima;231,75;BR-101/RJ;Sul;Saida de Pista;1;;;;;;;;;;1;;;;
18/05/2013;04:36:00;29;sem vítima;231,1;BR-101/RJ;Norte;Saida de Pista;1;;;;;;;;;;1;;;;
30/07/2013;09:36:00;55;sem vítima;231,415;BR-101/RJ;Norte;Colisão Frontal;1;;1;;;;;;;;2;;;;
05/09/2013;12:02:00;88;com vítima;231;BR-101/RJ;Sul;Queda de Moto;;;;1;;;;;;;0;1;;;
15/11/2013;08:27:00;64;com vítima;231,056;BR-101/RJ;Sul;Saida de Pista;1;;;;;;;;;;0;1;;;
03/02/2014;15:11:00;155;com vítima;231,633;BR-101/RJ;Sul;Tombamento;;;1;;;;;;;;0;2;;;
03/02/2014;15:11:00;156;com vítima;231,633;BR-101/RJ;Sul;Colisão Traseira;1;;1;;;;;;;;0;2;;;
07/03/2014;09:35:00;74;sem vítima;231,153;BR-101/RJ;Sul;Colisão Traseira;2;;;;;;;;;;3;;;;
25/06/2014;17:07:00;124;com vítima;231,46;BR-101/RJ;Sul;Colisão Traseira;1;;1;;;;;;;;1;2;2;1;
17/07/2014;06:44:00;33;sem vítima;231;BR-101/RJ;Sul;Colisão Lateral;;;;;;1;;;;1;6;;;;
19/12/2014;15:59:00;140;com vítima;231,5;BR-101/RJ;Norte;Colisão Frontal;5;;;;;;;;;;0;10;;;
23/02/2015;16:53:00;118;sem vítima;231;BR-101/RJ;Sul;Queda de Moto;;;;1;;1;;;;;3;;;;
31/05/2015;22:26:00;178;com vítima;231;BR-101/RJ;Sul;Atropelamento - Sem Informação;1;;;;;;;;;;1;;;;1
28/09/2015;09:45:00;89;com vítima;231;BR-101/RJ;Sul;Engavetamento;2;;1;;;;;;;;5;1;2;;
12/10/2015;09:07:00;47;com vítima;231,962;BR-101/RJ;Norte;Colisão Traseira;;;;1;;1;;;;;1;2;;;
15/10/2015;16:51:00;161;com vítima;231,07;BR-101/RJ;Sul;Colisão Frontal;3;;1;;;;;;;;3;2;;;1
16/10/2015;15:28:00;187;sem vítima;231;BR-101/RJ;Norte;Colisão Traseira;1;;1;;;;;;;;2;;;;
27/11/2015;15:53:00;169;com vítima;231;BR-101/RJ;Norte;Colisão Frontal;1;;1;1;;;;;;;2;;1;;
16/03/2010;14:15:00;126;sem vítima;232;BR-101/RJ;Sul;Saida de Pista;1;;;;;;;;;;2;;;;
25/09/2010;16:20:00;133;sem vítima;232;BR-101/RJ;Sul;Colisão Traseira;1;;1;;;;;;;;3;;;;
28/09/2010;22:11:00;191;com vítima;232;BR-101/RJ;Norte;Colisão Frontal;1;;;;1;;;;;;0;3;;;
29/12/2010;16:26:00;151;sem vítima;232;BR-101/RJ;Norte;Saida de Pista;1;;;;;;;;;;1;;;;
07/02/2011;05:36:00;16;com vítima;232;BR-101/RJ;Sul;Colisão Lateral;2;;;;;;;;;;0;3;1;1;
17/10/2011;13:50:00;94;sem vítima;232;BR-101/RJ;Sul;Saida de Pista;1;;;;;;;;;;1;;;;
16/12/2011;18:07:00;189;com vítima;232;BR-101/RJ;Norte;Colisão Transversal;1;;1;;;;;;;;4;4;;;
14/01/2012;17:57:00;166;com vítima;232;BR-101/RJ;Norte;Saida de Pista;1;;1;;;;;;;;1;2;;;
24/03/2012;00:56:00;9;com vítima;232;BR-101/RJ;Sul;Capotamento;1;;;;;;;;;;0;;1;;
14/06/2012;11:27:00;100;sem vítima;232;BR-101/RJ;Sul;Colisão Lateral;;;1;;;1;;;;;2;;;;
09/10/2012;13:57:00;118;sem vítima;232;BR-101/RJ;Norte;Colisão Traseira;2;;;;;;;;;;2;;;;
11/11/2012;16:23:00;126;sem vítima;232;BR-101/RJ;Sul;Colisão Lateral;1;;;;;;;;;;4;;;;
24/03/2013;14:01:00;85;sem vítima;232,9;BR-101/RJ;Norte;Saida de Pista;1;;;;;;;;;;5;;;;
31/03/2013;18:01:00;138;sem vítima;232;BR-101/RJ;Norte;Colisão Traseira;2;;;;;;;;;;2;;;;
14/11/2013;01:31:00;16;sem vítima;232,2;BR-101/RJ;Norte;Engavetamento;4;;;;;1;;;;;9;;;;
09/12/2013;07:54:00;41;sem vítima;232,7;BR-101/RJ;Norte;Saida de Pista;1;;;;;;;;;;1;;;;
07/01/2014;01:39:00;7;com vítima;232,5;BR-101/RJ;Norte;Colisão Traseira;1;;1;;;;;;;;1;4;;;
22/02/2014;01:28:00;11;com vítima;232,9;BR-101/RJ;Norte;Capotamento;1;;;;;;;;;;0;1;;;
25/03/2014;12:00:00;88;sem vítima;232;BR-101/RJ;Sul;Colisão Traseira;1;;;;;1;;;;;2;;;;
18/10/2014;14:04:00;113;com vítima;232;BR-101/RJ;Sul;Engavetamento;1;;1;;;;;;;1;3;1;;;
10/01/2015;18:29:00;177;sem vítima;232;BR-101/RJ;Norte;Engavetamento;2;;;;;1;;;;1;7;;;;
20/02/2015;18:50:00;159;com vítima;232;BR-101/RJ;Sul;Queda de Moto;;;;1;;;;;;;0;1;0;0;0
13/09/2015;06:23:00;28;com vítima;232,944;BR-101/RJ;Sul;Choque - Defensa, barreira ou "submarino";1;;;;;;;;;;0;2;;;
11/11/2015;23:52:00;238;sem vítima;232,4;BR-101/RJ;Sul;Saida de Pista;;;;;;;;;;1;1;;;;
17/03/2010;12:59:00;88;sem vítima;233;BR-101/RJ;Norte;Saida de Pista;1;;;;;;;;;;2;;;;
11/04/2010;01:21:00;13;com vítima;233;BR-101/RJ;Norte;Colisão Frontal;1;;2;;;;;;;;0;2;;;3
24/07/2010;07:58:00;45;com vítima;233;BR-101/RJ;Sul;Capotamento;1;;;;;;;;;;0;1;;;
05/02/2011;20:55:00;216;sem vítima;233;BR-101/RJ;Sul;Colisão Lateral;1;;1;;;;;;;;2;;;;
10/03/2011;01:03:00;7;sem vítima;288;BR-101/RJ;Sul;Colisão Lateral;1;;1;;;;;;;;6;;;;
13/06/2011;13:52:00;109;sem vítima;233;BR-101/RJ;Norte;Saida de Pista;;;1;;;;;;;;1;;;;
01/10/2011;15:33:00;128;com vítima;233;BR-101/RJ;Sul;Saida de Pista;1;;;;;;;;;;0;;2;;
13/12/2011;09:11:00;62;sem vítima;233;BR-101/RJ;Norte;Colisão Traseira;2;;;;;;;;;;4;;;;
22/12/2011;02:18:00;13;com vítima;233;BR-101/RJ;Norte;Saida de Pista;1;;;;;;;;;;1;4;;;
11/03/2012;00:19:00;3;com vítima;233;BR-101/RJ;Sul;Colisão Frontal;2;;;;;;;;;;0;5;2;;
07/05/2012;11:20:00;85;sem vítima;233;BR-101/RJ;Sul;Saida de Pista;1;;;;;;;;;;1;;;;
17/07/2012;08:57:00;63;sem vítima;233,8;BR-101/RJ;Sul;Tombamento;;;1;;;;;;;;3;;;;
08/08/2012;09:19:00;52;sem vítima;233;BR-101/RJ;Sul;Colisão Traseira;;;2;;;;;;;;2;;;;
12/09/2012;05:06:00;16;sem vítima;233;BR-101/RJ;Norte;Colisão Frontal;;;2;;;;;;;;3;;;;
17/09/2012;14:34:00;139;sem vítima;233;BR-101/RJ;Norte;Colisão Lateral;2;;;;;;;;;1;10;;;;
24/09/2012;08:46:00;67;com vítima;233,38;BR-101/RJ;Sul;Saida de Pista;1;;;;;;;;;;0;1;;;
02/10/2012;06:04:00;23;com vítima;233,115;BR-101/RJ;Norte;Colisão Lateral;1;;1;;;;;;;;1;1;;;
15/12/2012;18:04:00;164;sem vítima;233;BR-101/RJ;Norte;Saida de Pista;1;;;;;;;;;;4;;;;
18/05/2013;17:25:00;130;sem vítima;233;BR-101/RJ;Norte;Saida de Pista;1;;;;;;;;;;1;;;;
17/02/2014;15:00:00;117;com vítima;233,638;BR-101/RJ;Norte;Colisão Frontal;1;;1;;;;;;;;3;2;;;
20/02/2014;00:15:00;1;com vítima;233,01;BR-101/RJ;Norte;Colisão Frontal;1;;2;;;;;;;;2;;;;1
18/06/2014;06:36:00;20;sem vítima;233,255;BR-101/RJ;Sul;Outros - Sequência;3;;;;;;;;;;8;;;;
07/08/2014;17:54:00;134;com vítima;233,26;BR-101/RJ;Sul;Outros - Sequência;3;;1;1;;;;;;;6;6;1;;
19/12/2014;16:40:00;143;com vítima;233,4;BR-101/RJ;Norte;Saida de Pista;1;;;;;;;;;;0;1;;;
23/03/2015;08:43:00;69;sem vítima;233,35;BR-101/RJ;Norte;Tombamento;;;1;;;;;;;;1;0;0;0;0
22/04/2015;12:24:00;95;sem vítima;233,365;BR-101/RJ;Norte;Colisão Traseira;2;;;;;;;;;;3;;;;
21/07/2015;16:09:00;165;sem vítima;233,14;BR-101/RJ;Sul;Colisão Frontal;2;;;;;;;;;;3;;;;
13/09/2015;09:15:00;53;sem vítima;233,355;BR-101/RJ;Norte;Saida de Pista;1;;;;;;;;;;2;;;;
28/10/2015;14:15:00;113;sem vítima;233;BR-101/RJ;Sul;Choque - Talude;1;;;;;;;;;;2;;;;
16/11/2015;17:08:00;169;com vítima;233,177;BR-101/RJ;Sul;Colisão Frontal;3;;;;;;;;;;1;3;1;;
18/11/2015;16:50:00;187;sem vítima;233;BR-101/RJ;Norte;Capotamento;1;;;;;;;;;;1;;;;
29/11/2015;17:13:00;145;sem vítima;233;BR-101/RJ;Sul;Choque - Defensa, barreira ou "submarino";1;;;;;;;;;;2;;;;
29/06/2010;18:48:00;128;sem vítima;234;BR-101/RJ;Sul;Colisão Lateral;1;;1;;;;;;;;3;;;;
15/07/2010;19:46:00;174;com vítima;234;BR-101/RJ;Norte;Saida de Pista;1;;;;;;;;;;0;;1;;
01/08/2010;11:44:00;84;sem vítima;234;BR-101/RJ;Norte;Colisão Traseira;1;;;;;1;;;;;5;;;;
23/01/2011;17:39:00;132;com vítima;234;BR-101/RJ;Sul;Colisão Lateral;;;;1;;1;;;;;1;1;;;
24/01/2011;19:55:00;226;sem vítima;234;BR-101/RJ;Norte;Colisão Lateral;1;;1;;;;;;;;5;;;;
10/03/2011;01:40:00;12;com vítima;213;BR-101/RJ;Sul;Colisão Traseira;1;;1;;;;;;;;3;;1;1;
10/03/2011;03:19:00;17;sem vítima;301;BR-101/RJ;Sul;Colisão Traseira;;;2;;;;;;;;3;;;;
18/09/2011;21:23:00;158;com vítima;234;BR-101/RJ;Sul;Atropelamento - Ciclista;1;1;;;;;;;;;0;1;;;1
14/10/2011;14:13:00;117;sem vítima;234;BR-101/RJ;Norte;Engavetamento;2;;;;;;;;;1;8;;;;
11/12/2011;10:27:00;49;sem vítima;234;BR-101/RJ;Sul;Saida de Pista;1;;;;;;;;;;2;;;;
16/12/2011;16:46:00;171;sem vítima;234;BR-101/RJ;Norte;Colisão Traseira;1;;1;;;;;;;;2;;;;
29/12/2011;07:20:00;34;com vítima;234;BR-101/RJ;Norte;Colisão Traseira;1;;;1;;;;;;;1;;1;;
22/02/2012;10:55:00;62;sem vítima;234;BR-101/RJ;Sul;Colisão Traseira;2;;;;;;;;;;8;;;;
15/03/2012;18:39:00;155;sem vítima;234;BR-101/RJ;Norte;Colisão Frontal;1;;;;;1;;;;;2;;;;
22/03/2012;15:24:00;108;com vítima;234;BR-101/RJ;Norte;Tombamento;;;1;;;;;;;;0;3;;;
26/04/2012;18:39:00;166;com vítima;234;BR-101/RJ;Sul;Colisão Frontal;1;;;1;;;;;;;1;1;;;
08/07/2012;22:11:00;154;sem vítima;234;BR-101/RJ;Norte;Colisão Frontal;2;;;;;;;;;;3;;;;
16/07/2012;18:12:00;155;sem vítima;234;BR-101/RJ;Norte;Colisão Traseira;2;;;;;;;;;;4;;;;
15/08/2012;23:23:00;188;sem vítima;234;BR-101/RJ;Norte;Colisão Traseira;;;1;;1;;;;;;47;;;;
22/09/2012;06:45:00;52;sem vítima;234,4;BR-101/RJ;Sul;Saida de Pista;1;;;;;;;;;;1;;;;
26/10/2012;03:19:00;19;sem vítima;234,2;BR-101/RJ;Sul;Colisão Lateral;;;2;;;;;;;;4;;;;
21/11/2012;21:54:00;201;sem vítima;234,461;BR-101/RJ;Norte;Outros;1;;;;;;;;;;3;;;;
13/02/2013;18:13:00;219;sem vítima;234;BR-101/RJ;Sul;Colisão Traseira;1;;1;;;;;;;;2;;;;
13/02/2013;01:42:00;13;sem vítima;234,1;BR-101/RJ;Norte;Colisão Frontal;1;;1;;;;;;;;7;;;;
14/03/2013;14:28:00;111;sem vítima;234;BR-101/RJ;Sul;Saida de Pista;;;1;;;;;;;;2;;;;
31/03/2013;14:24:00;95;com vítima;234,442;BR-101/RJ;Norte;Colisão Frontal;1;;1;;;;;;;;0;1;;1;2
26/05/2013;19:16:00;131;com vítima;234;BR-101/RJ;Sul;Choque - Objeto sobre a pista;;;;1;;;;;;;0;1;;;
12/06/2013;09:12:00;54;sem vítima;234;BR-101/RJ;Sul;Saida de Pista;1;;;;;;;;;;5;;;;
11/08/2013;14:32:00;92;sem vítima;234,7;BR-101/RJ;Norte;Capotamento;1;;;;;;;;;;2;;;;
29/09/2013;13:28:00;68;sem vítima;234,533;BR-101/RJ;Norte;Objeto lançado contra veículo;2;;;;;;;;;;7;;;;
12/10/2013;22:21:00;196;sem vítima;234;BR-101/RJ;Sul;Saida de Pista;1;;;;;;;;;;1;;;;
19/11/2013;17:31:00;150;com vítima;234,05;BR-101/RJ;Sul;Saida de Pista;1;;;;;;;;;;1;2;;;
19/02/2014;14:52:00;136;sem vítima;234,988;BR-101/RJ;Sul;Colisão Traseira;2;;;;;;;;;;3;;;;
10/03/2014;22:33:00;206;sem vítima;234;BR-101/RJ;Norte;Capotamento;1;;;;;;;;;;3;;;;
01/11/2014;08:43:00;54;com vítima;234;BR-101/RJ;Sul;Capotamento;1;;;;;;;;;;0;1;;;
06/01/2015;08:17:00;25;sem vítima;234;BR-101/RJ;Sul;Saida de Pista;1;;;;;;;;;;4;;;;
17/02/2015;16:28:00;95;sem vítima;234;BR-101/RJ;Sul;Colisão Lateral;2;;;;;;;;;;9;0;0;0;0
21/05/2015;12:46:00;119;sem vítima;234,639;BR-101/RJ;Sul;Saida de Pista;1;;;;;;;;;;4;;;;
13/06/2015;16:21:00;166;sem vítima;234;BR-101/RJ;Sul;Saida de Pista;1;;;;;;;;;;7;;;;
01/08/2015;18:31:00;147;com vítima;234,319;BR-101/RJ;Norte;Colisão Lateral;2;;;1;;;;;;;4;1;;;
25/08/2015;15:56:00;142;com vítima;234,177;BR-101/RJ;Norte;Engavetamento;1;;2;;;;;;;;2;1;1;;
24/10/2015;00:08:00;2;com vítima;234,3;BR-101/RJ;Norte;Colisão Frontal;1;;;;1;;;;;;2;;;;1
25/10/2015;06:14:00;22;com vítima;234,233;BR-101/RJ;Norte;Tombamento;;;1;;;;;;;;0;1;;;
12/12/2015;19:42:00;202;com vítima;234;BR-101/RJ;Norte;Atropelamento - Morador;;;;;;1;;;;;1;;;;1
24/12/2015;16:48:00;186;sem vítima;234;BR-101/RJ;Norte;Saida de Pista;1;;;;;;;;;;1;;;;
13/04/2010;23:30:00;183;sem vítima;235;BR-101/RJ;Norte;Objeto lançado contra veículo;1;;;;;1;;;;;4;;;;
12/07/2010;08:49:00;58;sem vítima;235;BR-101/RJ;Norte;Saida de Pista;1;;;;;;;;;;1;;;;
18/07/2010;11:58:00;70;sem vítima;235,89999389648438;BR-101/RJ;Norte;Saida de Pista;1;;;;;;;;;;1;;;;
30/07/2010;19:36:00;196;sem vítima;235;BR-101/RJ;Sul;Engavetamento;2;;;;;1;;;;;5;;;;
08/09/2010;01:13:00;10;sem vítima;235;BR-101/RJ;Norte;Saida de Pista;1;;;;;;;;;;1;;;;
17/09/2010;21:36:00;193;sem vítima;235;BR-101/RJ;Sul;Colisão Lateral;;;2;;;;;;;;2;;;;
13/12/2010;21:05:00;214;sem vítima;235;BR-101/RJ;Norte;Saida de Pista;1;;;;;;;;;;1;;;;
31/12/2010;10:52:00;120;com vítima;235;BR-101/RJ;Norte;Saida de Pista;1;;;;;;;;;;1;1;;;
07/02/2011;12:58:00;117;com vítima;235;BR-101/RJ;Sul;Colisão Transversal;;;1;;;;;;;1;1;1;;;
10/03/2011;06:43:00;28;com vítima;312;BR-101/RJ;Sul;Colisão Lateral;1;;;1;;;;;;;1;;1;;
09/05/2011;09:21:00;54;sem vítima;235;BR-101/RJ;Sul;Colisão Traseira;1;;;1;;;;;;;3;;;;
10/06/2011;13:43:00;116;sem vítima;235;BR-101/RJ;Norte;Saida de Pista;1;;;;;;;;;;2;;;;
08/01/2012;21:19:00;203;sem vítima;235;BR-101/RJ;Sul;Capotamento;;;;;;;;;;1;1;;;;
26/05/2012;21:26:00;195;com vítima;235;BR-101/RJ;Sul;Capotamento;1;;;;;;;;;;1;1;;;
12/10/2012;11:07:00;112;sem vítima;235,15;BR-101/RJ;Norte;Saida de Pista;1;;;;;;;;;;1;;;;
30/11/2012;17:46:00;178;sem vítima;235;BR-101/RJ;Sul;Colisão Traseira;2;;1;;;;;;;;5;;;;
16/12/2012;14:40:00;115;com vítima;235,2;BR-101/RJ;Norte;Saida de Pista;1;;;;;;;;;;0;3;1;;
19/12/2012;13:32:00;105;sem vítima;235;BR-101/RJ;Sul;Colisão Traseira;1;;1;;;;;;;;3;;;;
15/03/2013;19:10:00;163;sem vítima;235;BR-101/RJ;Sul;Saida de Pista;1;;;;;;;;;;1;;;;
18/03/2013;09:42:00;72;sem vítima;235;BR-101/RJ;Norte;Saida de Pista;1;;;;;;;;;;2;;;;
05/09/2013;16:01:00;128;com vítima;235,9;BR-101/RJ;Norte;Colisão Frontal;2;;;;;;;;;;0;1;2;;
09/10/2013;12:55:00;108;sem vítima;235,964;BR-101/RJ;Norte;Colisão Lateral;1;;1;;;;;;;;2;;;;
25/10/2013;00:07:00;1;sem vítima;235,5;BR-101/RJ;Norte;Colisão Lateral;;;1;;;1;;;;;2;;;;
01/12/2013;22:13:00;191;sem vítima;235;BR-101/RJ;Norte;Queda de Moto;;;;1;;;;;;;2;;;;
07/02/2014;02:57:00;14;sem vítima;235,5;BR-101/RJ;Norte;Colisão Lateral;1;;;;;1;;;;;2;;;;
18/06/2014;21:19:00;168;sem vítima;235,306;BR-101/RJ;Norte;Saida de Pista;1;;;;;;;;;;1;;;;
22/08/2014;23:59:00;195;sem vítima;235;BR-101/RJ;Norte;Colisão Traseira;;;1;;1;;;;;;2;;;;
02/09/2014;03:44:00;9;com vítima;235,291;BR-101/RJ;Norte;Queda de Moto;;;;1;;;;;;;0;1;;;
04/10/2014;17:42:00;128;com vítima;235,188;BR-101/RJ;Sul;Queda de Moto;;;;1;;;;;;;0;2;;;
10/11/2014;02:11:00;15;sem vítima;235;BR-101/RJ;Norte;Atropelamento de Animal;1;;;;;;;;;;1;;;;
14/11/2014;01:28:00;12;com vítima;235,22;BR-101/RJ;Sul;Colisão Frontal;1;;1;;;;;;;;2;1;;;1
16/02/2015;16:18:00;69;com vítima;235,684;BR-101/RJ;Sul;Colisão Frontal;2;;;;;;;;;;6;1;0;0;0
23/02/2015;05:18:00;14;com vítima;235;BR-101/RJ;Sul;Saida de Pista;1;;;;;;;;;;0;;2;1;
31/08/2015;02:26:00;11;com vítima;235;BR-101/RJ;Sul;Colisão Frontal;1;;1;;;;;;;;0;;2;;
07/09/2015;13:36:00;89;com vítima;235;BR-101/RJ;Norte;Engavetamento;3;;;;;;;;;;12;1;;;
06/01/2010;06:56:00;25;com vítima;236;BR-101/RJ;Norte;Colisão Frontal;;;;1;;1;;;;;1;;1;;
06/02/2010;03:47:00;29;sem vítima;236;BR-101/RJ;Norte;Colisão Lateral;1;;;;;;;;;1;7;;;;
16/02/2010;18:33:00;237;com vítima;236;BR-101/RJ;Norte;Queda de Moto;;;;1;;;;;;;1;;1;;
22/07/2010;02:27:00;9;com vítima;236;BR-101/RJ;Sul;Colisão Frontal;1;;1;;;;;;;;0;2;;;
14/08/2010;18:32:00;167;com vítima;236;BR-101/RJ;Norte;Atropelamento - Morador;1;;;;;1;;;;;2;;;;1
14/08/2010;20:13:00;180;sem vítima;236;BR-101/RJ;Norte;Colisão Traseira;1;;1;;;;;;;;5;;;;
24/09/2010;22:07:00;193;sem vítima;236;BR-101/RJ;Sul;Colisão Lateral;1;;;1;;;;;;;2;;;;
06/11/2010;17:34:00;129;sem vítima;236;BR-101/RJ;Sul;Saida de Pista;1;;;;;;;;;;4;;;;
21/11/2010;10:42:00;56;com vítima;236;BR-101/RJ;Norte;Colisão Transversal;1;;;1;;;;;;;5;1;;;
24/11/2010;06:48:00;29;sem vítima;236;BR-101/RJ;Sul;Saida de Pista;1;;;;;;;;;;2;;;;
24/11/2010;11:24:00;82;sem vítima;236;BR-101/RJ;Norte;Saida de Pista;1;;;;;;;;;;1;;;;
24/12/2010;16:33:00;144;com vítima;236;BR-101/RJ;Norte;Colisão Frontal;1;;1;;;;;;;;1;;1;3;
11/01/2011;17:41:00;156;sem vítima;236;BR-101/RJ;Sul;Colisão Lateral;1;;1;;;;;;;;3;;;;
26/01/2011;15:17:00;106;com vítima;236;BR-101/RJ;Norte;Colisão Frontal;;;;1;;;;;;1;0;2;1;;
10/03/2011;07:36:00;39;com vítima;307;BR-101/RJ;Norte;Outros - Sequência;;;1;;1;1;;;;;1;2;;;
10/03/2011;07:47:00;40;com vítima;319;BR-101/RJ;Sul;Colisão Traseira;1;;;1;;1;;;;;2;1;;;
10/03/2011;08:19:00;47;com vítima;319;BR-101/RJ;Sul;Colisão Traseira;1;;;2;;;;;;;4;1;1;;
02/06/2011;06:54:00;19;com vítima;236;BR-101/RJ;Sul;Colisão Frontal;1;;1;;;;;;;;2;;1;;
18/06/2011;05:08:00;21;sem vítima;236;BR-101/RJ;Sul;Saida de Pista;1;;;;;;;;;;1;;;;
14/08/2011;23:19:00;194;sem vítima;236,5;BR-101/RJ;Norte;Saida de Pista;1;;;;;;;;;;1;;;;
15/12/2011;17:11:00;128;sem vítima;236;BR-101/RJ;Norte;Colisão Lateral;;;1;;;1;;;;;2;;;;
15/12/2011;22:35:00;170;com vítima;236;BR-101/RJ;Norte;Colisão Frontal;2;;;;;;;;;;1;;;1;
27/12/2011;22:54:00;218;com vítima;236;BR-101/RJ;Norte;Colisão Frontal;;;2;;;;;;;;1;1;;;
05/01/2012;05:18:00;18;sem vítima;236,5;BR-101/RJ;Norte;Saida de Pista;;;1;;;;;;;;2;;;;
06/01/2012;04:24:00;13;sem vítima;236;BR-101/RJ;Norte;Saida de Pista;;;;1;;;;;;;1;;;;
11/02/2012;14:20:00;100;com vítima;236,5;BR-101/RJ;Sul;Atropelamento - Morador;1;;;;;;;;;;4;;;1;
01/03/2012;17:42:00;138;com vítima;236;BR-101/RJ;Norte;Atropelamento - Ciclista;1;1;;;;;;;;;1;1;;;
25/04/2012;00:30:00;5;sem vítima;236,5;BR-101/RJ;Sul;Colisão Traseira;;;2;;;;;;;;2;;;;
28/04/2012;16:57:00;124;com vítima;236;BR-101/RJ;Sul;Queda de Moto;;;;1;;;;;;;0;1;;;
19/05/2012;12:39:00;87;com vítima;236,2;BR-101/RJ;Norte;Colisão Transversal;1;;;1;;;;;;;2;;1;;
17/06/2012;15:33:00;99;com vítima;236;BR-101/RJ;Norte;Colisão Transversal;2;;;;;;;;;;0;3;;;
18/06/2012;19:38:00;168;sem vítima;236,95;BR-101/RJ;Sul;Colisão Frontal;2;;1;;;;;;;;3;;;;
04/07/2012;09:26:00;63;sem vítima;236;BR-101/RJ;Sul;Colisão Traseira;1;;;;;;;;;;3;;;;
08/07/2012;18:51:00;129;com vítima;236;BR-101/RJ;Sul;Atropelamento - Ciclista;;1;;;;1;;;;;1;;1;;
15/08/2012;17:10:00;131;com vítima;236,15;BR-101/RJ;Norte;Colisão Frontal;2;;;;;;;;;;0;1;2;2;1
02/09/2012;12:28:00;62;com vítima;236;BR-101/RJ;Norte;Colisão Frontal;2;;;;;;;;;;3;2;;;
20/10/2012;17:06:00;162;sem vítima;236;BR-101/RJ;Sul;Colisão Transversal;2;;;;;;;;;;5;;;;
23/10/2012;19:42:00;178;sem vítima;236;BR-101/RJ;Norte;Colisão Traseira;2;;;;;;;;;;5;;;;
20/11/2012;13:54:00;103;sem vítima;236;BR-101/RJ;Sul;Colisão Traseira;2;;;;;;;;;;3;;;;
26/01/2013;23:40:00;214;sem vítima;236;BR-101/RJ;Norte;Colisão Lateral;1;;;;;;;;;1;2;;;;
01/02/2013;00:05:00;2;sem vítima;236;BR-101/RJ;Norte;Capotamento;1;;;;;;;;;;1;;;;
02/02/2013;22:40:00;224;sem vítima;236;BR-101/RJ;Sul;Colisão Transversal;2;;;;;;;;;;6;;;;
03/05/2013;17:57:00;150;sem vítima;236,7;BR-101/RJ;Norte;Colisão Lateral;2;;;;;;;;;;2;;;;
05/05/2013;22:44:00;150;sem vítima;236;BR-101/RJ;Sul;Colisão Traseira;;;2;;;;;;;;2;;;;
28/06/2013;15:51:00;111;com vítima;236,438;BR-101/RJ;Sul;Colisão Lateral;2;;;;;;;;;;3;2;;;
29/06/2013;07:09:00;33;sem vítima;236;BR-101/RJ;Norte;Colisão Traseira;1;;;;;1;;;;;3;;;;
20/07/2013;11:42:00;102;com vítima;236,5;BR-101/RJ;Norte;Colisão Frontal;1;;;1;;;;;;;2;1;;;
27/08/2013;09:56:00;55;com vítima;236,65;BR-101/RJ;Sul;Capotamento;1;;;;;1;;;;;1;2;;;
18/09/2013;11:56:00;101;sem vítima;236;BR-101/RJ;Sul;Saida de Pista;1;;;;;;;;;;1;;;;
19/09/2013;14:46:00;125;com vítima;236,646;BR-101/RJ;Sul;Capotamento;1;;1;;;;;;;;1;;1;;
07/10/2013;23:56:00;173;sem vítima;236;BR-101/RJ;Norte;Saida de Pista;1;;;;;;;;;;5;;;;
16/10/2013;06:20:00;27;sem vítima;236;BR-101/RJ;Norte;Colisão Traseira;;;1;1;;;;;;;5;;;;
06/01/2014;19:33:00;160;sem vítima;236;BR-101/RJ;Norte;Colisão Transversal;2;;;;;;;;;;4;;;;
06/01/2014;06:56:00;24;com vítima;236,658;BR-101/RJ;Norte;Tombamento;1;;;;;;;;;;0;1;;;
20/01/2014;11:08:00;73;sem vítima;236;BR-101/RJ;Norte;Saida de Pista;1;;;;;;;;;;1;;;;