data;horario;n_da_ocorrencia;tipo_de_ocorrencia;km;trecho;sentido;tipo_de_acidente;automovel;bicicleta;caminhao;moto;onibus;outros;tracao_animal;transporte_de_cargas_especiais;trator_maquinas;utilitarios;ilesos;levemente_feridos;moderadamente_feridos;gravemente_feridos;mortos
20/01/2014;14:57:00;120;sem vítima;236;BR-101/RJ;Norte;Colisão Lateral;1;;1;;;;;;;;2;;;;
20/01/2014;15:48:00;135;com vítima;236;BR-101/RJ;Sul;Colisão Transversal;;;3;;;;;;;;3;;1;;
20/01/2014;21:59:00;213;sem vítima;236;BR-101/RJ;Sul;Colisão Lateral;1;;1;;;;;;;;2;;;;
25/01/2014;05:57:00;21;com vítima;236,43;BR-101/RJ;Norte;Saida de Pista;1;;;;;;;;;;0;2;;;
16/02/2014;21:24:00;172;sem vítima;236;BR-101/RJ;Sul;Colisão Lateral;1;;1;;;;;;;;2;;;;
04/03/2014;12:15:00;75;com vítima;236,539;BR-101/RJ;Sul;Colisão Lateral;2;;;;;;;;;;6;1;;;
11/04/2014;14:32:00;111;sem vítima;236;BR-101/RJ;Norte;Colisão Transversal;2;;;;;;;;;;3;;;;
30/04/2014;14:09:00;106;sem vítima;236;BR-101/RJ;Sul;Colisão Transversal;;;;;;1;;;;1;3;;;;
05/06/2014;14:18:00;116;sem vítima;236;BR-101/RJ;Sul;Colisão Traseira;2;;;;;;;;;;2;;;;
06/06/2014;13:50:00;99;sem vítima;236;BR-101/RJ;Sul;Engavetamento;5;;;;;;;;;;7;;;;
09/06/2014;08:10:00;40;com vítima;236;BR-101/RJ;Sul;Outros - Sequência;2;;;;;1;;;;;1;3;;;
16/07/2014;12:06:00;88;com vítima;236;BR-101/RJ;Norte;Colisão Lateral;2;;;;;;;;;;1;1;1;;
07/09/2014;07:32:00;27;sem vítima;236;BR-101/RJ;Norte;Colisão Lateral;;;1;;;1;;;;;2;;;;
16/12/2014;14:30:00;88;com vítima;236;BR-101/RJ;Norte;Colisão Transversal;2;;;;;;;;;;5;1;;;
21/12/2014;20:03:00;175;sem vítima;236;BR-101/RJ;Norte;Engavetamento;4;;;;;;;;;;9;;;;
19/01/2015;13:55:00;114;sem vítima;236;BR-101/RJ;Sul;Colisão Traseira;1;;1;;;;;;;;4;;;;
21/01/2015;09:19:00;49;sem vítima;236;BR-101/RJ;Sul;Colisão Lateral;2;;;;;;;;;;3;;;;
31/01/2015;17:45:00;112;sem vítima;236;BR-101/RJ;Sul;Colisão Traseira;1;;;;;;;;;1;7;;;;
11/02/2015;21:03:00;204;com vítima;236;BR-101/RJ;Sul;Colisão Transversal;1;;;1;;;;;;;2;0;0;2;0
26/02/2015;01:46:00;9;com vítima;236;BR-101/RJ;Norte;Colisão Traseira;1;;1;;;;;;;;1;1;;;
11/03/2015;14:44:00;100;com vítima;236,7;BR-101/RJ;Norte;Saida de Pista;1;;;;;;;;;;0;2;0;0;0
01/04/2015;00:35:00;4;com vítima;236;BR-101/RJ;Sul;Outros - Sequência;2;;2;;;;;;;1;4;;;;2
12/04/2015;14:10:00;93;com vítima;236;BR-101/RJ;Sul;Colisão Transversal;2;;;;;;;;;;5;1;;;
20/04/2015;23:46:00;171;sem vítima;236;BR-101/RJ;Norte;Saida de Pista;1;;;;;1;;;;;2;;;;
09/05/2015;21:14:00;193;com vítima;236,64;BR-101/RJ;Norte;Colisão Transversal;2;;;;;;;;;;1;6;;;
14/05/2015;18:11:00;166;sem vítima;236;BR-101/RJ;Norte;Colisão Traseira;1;;;;1;;;;;;26;;;;
29/05/2015;16:48:00;128;com vítima;236;BR-101/RJ;Sul;Colisão Transversal;2;;;;;;;;;;4;;2;;
16/06/2015;21:03:00;168;com vítima;236;BR-101/RJ;Sul;Colisão Transversal;1;;1;;;;;;;;0;1;;1;
02/08/2015;22:51:00;189;com vítima;236,66;BR-101/RJ;Sul;Colisão Transversal;2;;;;;;;;;;0;1;1;1;
24/08/2015;11:10:00;105;sem vítima;236,403;BR-101/RJ;Sul;Colisão Traseira;1;;;;;1;;;;;5;;;;
27/12/2015;20:22:00;221;com vítima;236,95;BR-101/RJ;Norte;Atropelamento - Morador;2;;;;;1;;;;;4;;;;1
28/01/2010;11:54:00;94;sem vítima;237;BR-101/RJ;Sul;Colisão Traseira;2;;;;;;;;;;2;;;;
29/01/2010;19:40:00;184;com vítima;237;BR-101/RJ;Sul;Queda de Moto;;;;1;;;;;;;1;1;;;
15/03/2010;09:06:00;65;com vítima;237;BR-101/RJ;Sul;Colisão Traseira;2;;;;;;;;;;2;1;;;
03/05/2010;21:33:00;182;sem vítima;237;BR-101/RJ;Norte;Saida de Pista;1;;;;;;;;;;2;;;;
25/05/2010;04:40:00;21;com vítima;237;BR-101/RJ;Sul;Atropelamento de Animal;1;;;;;;;;;;0;;1;;
12/11/2010;14:04:00;104;com vítima;237;BR-101/RJ;Sul;Colisão Lateral;1;;;;;;;;;1;3;1;1;;
13/12/2010;15:25:00;138;com vítima;237;BR-101/RJ;Sul;Saida de Pista;1;;;;;;;;;;0;1;;;
31/12/2010;11:31:00;127;sem vítima;237;BR-101/RJ;Norte;Colisão Lateral;;;;1;;1;;;;;2;;;;
04/05/2011;09:32:00;48;sem vítima;237;BR-101/RJ;Sul;Saida de Pista;1;;1;;;;;;;;2;;;;
27/08/2011;15:31:00;103;sem vítima;237;BR-101/RJ;Norte;Colisão Transversal;2;;;;;;;;;;3;;;;
03/10/2011;13:01:00;96;sem vítima;237;BR-101/RJ;Norte;Colisão Lateral;1;;;;1;;;;;;3;;;;
31/10/2011;14:51:00;101;com vítima;237,5;BR-101/RJ;Norte;Colisão Frontal;2;;;;1;;;;;;17;4;;;1
17/01/2012;07:16:00;40;sem vítima;237;BR-101/RJ;Norte;Colisão Lateral;1;;1;;;;;;;;6;;;;
22/05/2012;19:02:00;157;sem vítima;237;BR-101/RJ;Sul;Saida de Pista;1;;;;;;;;;;2;;;;
10/06/2012;04:55:00;26;com vítima;237;BR-101/RJ;Sul;Colisão Traseira;2;;;;;;;;;;5;1;;;
29/07/2012;12:36:00;81;com vítima;237,5;BR-101/RJ;Sul;Saida de Pista;;;;1;;;;;;;0;;;;1
17/09/2012;00:16:00;2;com vítima;237,67;BR-101/RJ;Sul;Colisão Transversal;1;;1;;;;;;;;3;;1;;
18/11/2012;13:37:00;70;com vítima;237;BR-101/RJ;Norte;Queda de Moto;;;;1;;;;;;;0;2;;;
20/01/2013;08:28:00;49;sem vítima;237;BR-101/RJ;Norte;Saida de Pista;1;;;;;;;;;;2;;;;
21/01/2013;19:08:00;174;sem vítima;237,5;BR-101/RJ;Sul;Saida de Pista;1;;;;;;;;;;1;;;;
12/02/2013;17:24:00;154;com vítima;237,7;BR-101/RJ;Sul;Atropelamento - Morador;1;;;;;1;;;;;4;;;;1
03/05/2013;00:38:00;5;com vítima;237,3;BR-101/RJ;Sul;Colisão Frontal;1;;1;;;;;;;;1;;1;;
22/07/2013;14:32:00;103;com vítima;237;BR-101/RJ;Sul;Colisão Lateral;1;;;;;1;;;;;1;2;;;
10/12/2013;05:58:00;38;com vítima;237,9;BR-101/RJ;Norte;Atropelamento - Morador;1;;;;;;;;;;4;1;;;
15/02/2014;15:55:00;145;sem vítima;237,9;BR-101/RJ;Norte;Saida de Pista;1;;;;;;;;;;4;;;;
16/02/2014;17:50:00;127;com vítima;237,941;BR-101/RJ;Sul;Colisão Transversal;2;;;;;;;;;;0;1;;1;2
20/04/2014;09:14:00;38;sem vítima;237,575;BR-101/RJ;Sul;Colisão Lateral;2;;;;;;;;;;6;;;;
21/09/2014;11:56:00;55;sem vítima;237;BR-101/RJ;Sul;Saida de Pista;1;;;;;;;;;;1;;;;
03/10/2014;23:37:00;183;com vítima;237;BR-101/RJ;Norte;Colisão Traseira;1;;1;;;;;;;;1;3;;;
03/10/2014;21:30:00;174;com vítima;237,976;BR-101/RJ;Sul;Colisão Frontal;2;;1;;;;;;;;1;3;;;
26/11/2014;06:10:00;24;com vítima;237;BR-101/RJ;Sul;Colisão Traseira;1;;;;;;;;;;0;;2;;
28/11/2014;20:07:00;161;com vítima;237,885;BR-101/RJ;Sul;Colisão Traseira;1;;;1;;;;;;;1;1;;;
13/02/2015;16:15:00;164;com vítima;237;BR-101/RJ;Sul;Colisão Lateral;;;;;1;;;;;1;39;3;0;0;0
16/05/2015;07:21:00;31;com vítima;237,503;BR-101/RJ;Sul;Atropelamento - Morador;1;;;;;;;;;;0;1;;1;
19/06/2015;05:59:00;24;com vítima;237,574;BR-101/RJ;Norte;Saida de Pista;1;;;;;;;;;;0;4;;;
04/07/2015;20:26:00;174;sem vítima;237;BR-101/RJ;Norte;Saida de Pista;1;;;;;;;;;;1;;;;
29/07/2015;22:26:00;201;sem vítima;237,8;BR-101/RJ;Norte;Atropelamento de Animal;1;;;;;;;;;;4;;;;
02/08/2015;22:08:00;180;sem vítima;237,21;BR-101/RJ;Sul;Colisão Traseira;;;2;;;;;;;;2;;;;
21/08/2015;14:51:00;122;sem vítima;237;BR-101/RJ;Norte;Saida de Pista;1;;;;;;;;;;2;;;;
07/09/2015;12:41:00;71;com vítima;237;BR-101/RJ;Sul;Colisão Transversal;2;;;;;;;;;;4;1;;;
21/01/2010;22:10:00;231;com vítima;238;BR-101/RJ;Sul;Colisão Traseira;;;1;1;;;;;;;2;;;1;
08/02/2010;11:32:00;120;com vítima;238;BR-101/RJ;Norte;Capotamento;1;;;;;;;;;;0;2;;;
16/03/2010;09:45:00;67;com vítima;238;BR-101/RJ;Sul;Colisão Traseira;1;;;1;;;;;;;2;1;;;
23/10/2010;08:26:00;50;com vítima;238;BR-101/RJ;Norte;Colisão Lateral;1;;;;;;;;;1;9;1;1;1;
03/11/2010;20:27:00;179;com vítima;238;BR-101/RJ;Norte;Saida de Pista;;;;1;;;;;;;0;;3;;
14/01/2011;12:58:00;99;sem vítima;238,8000030517578;BR-101/RJ;Sul;Colisão Traseira;1;;1;;;;;;;;5;;;;
26/06/2011;05:52:00;14;com vítima;238;BR-101/RJ;Norte;Choque - Talude;1;;;;;;;;;;0;1;;;
08/08/2011;02:15:00;11;sem vítima;238,5;BR-101/RJ;Norte;Saida de Pista;1;;;;;;;;;;3;;;;
27/12/2011;20:20:00;201;sem vítima;238;BR-101/RJ;Norte;Colisão Lateral;;;2;;;;;;;;4;;;;
21/02/2012;12:05:00;61;com vítima;238;BR-101/RJ;Sul;Objeto lançado contra veículo;1;;;;1;;;;;;1;1;;;
16/03/2012;18:53:00;167;sem vítima;238;BR-101/RJ;Sul;Colisão Traseira;2;;;;;;;;;;5;;;;
30/05/2012;10:47:00;68;sem vítima;238,8;BR-101/RJ;Norte;Colisão Lateral;1;;1;;;;;;;;3;;;;
15/06/2012;12:47:00;104;com vítima;238,6;BR-101/RJ;Sul;Colisão Lateral;1;;;1;;;;;;;1;;1;;
12/07/2012;21:25:00;189;sem vítima;238,3;BR-101/RJ;Norte;Saida de Pista;1;;;;;;;;;;1;;;;
21/07/2012;01:11:00;7;sem vítima;238,059;BR-101/RJ;Sul;Tombamento;;;1;;;;;;;;2;;;;
03/12/2012;20:10:00;194;com vítima;238;BR-101/RJ;Norte;Queda de Moto;;;;1;;;;;;;0;1;;;
25/12/2012;12:41:00;70;com vítima;238;BR-101/RJ;Sul;Saida de Pista;1;;;;;;;;;;5;;1;;
15/03/2013;23:57:00;206;sem vítima;238,678;BR-101/RJ;Sul;Saida de Pista;;;1;;;1;;;;;2;;;;
30/03/2013;23:59:00;168;sem vítima;238;BR-101/RJ;Norte;Saida de Pista;1;;;;;;;;;;4;;;;
06/04/2013;13:07:00;114;com vítima;238;BR-101/RJ;Sul;Colisão Traseira;1;;;1;;;;;;;1;1;;;
16/06/2013;16:58:00;103;sem vítima;238,671;BR-101/RJ;Sul;Colisão Traseira;1;;;;;;;;;;1;;;;
10/07/2013;09:57:00;61;sem vítima;238;BR-101/RJ;Norte;Colisão Traseira;2;;;;;;;;;;3;;;;
17/07/2013;12:01:00;84;sem vítima;238;BR-101/RJ;Sul;Colisão Transversal;2;;;;;;;;;;3;;;;
26/04/2014;04:21:00;18;com vítima;238;BR-101/RJ;Sul;Saida de Pista;1;;;;;;;;;;0;1;;;
31/08/2014;15:01:00;73;sem vítima;238;BR-101/RJ;Norte;Saida de Pista;1;;;;;;;;;;5;;;;
19/10/2014;22:30:00;185;com vítima;238,073;BR-101/RJ;Norte;Outros - Sequência;3;;;;;1;;;;;1;1;3;1;1
02/11/2014;18:05:00;133;sem vítima;238;BR-101/RJ;Sul;Saida de Pista;1;;;;;;;;;;3;;;;
04/11/2014;05:24:00;23;sem vítima;238;BR-101/RJ;Norte;Capotamento;1;;;;;;;;;;2;;;;
11/01/2015;20:39:00;156;com vítima;238;BR-101/RJ;Sul;Colisão Frontal;1;;;1;;;;;;;1;;;2;
14/02/2015;09:32:00;119;sem vítima;238;BR-101/RJ;Norte;Colisão Frontal;2;;;;;1;;;;;6;0;0;0;0
05/05/2015;07:15:00;44;com vítima;238;BR-101/RJ;Norte;Saida de Pista;1;;;;;;;;;;0;1;;;
14/07/2015;06:11:00;20;com vítima;238,177;BR-101/RJ;Sul;Colisão Traseira;;;1;;;;;;;1;12;2;;;
26/07/2015;12:19:00;68;com vítima;238,863;BR-101/RJ;Norte;Colisão Transversal;2;;;;;;;;;;0;4;2;2;
11/09/2015;06:07:00;27;com vítima;238;BR-101/RJ;Norte;Capotamento;1;;;;;;;;;;0;2;;;
31/12/2015;02:50:00;28;com vítima;238;BR-101/RJ;Norte;Choque - Defensa, barreira ou "submarino";1;;;;;;;;;;0;1;;;
11/01/2010;22:40:00;212;sem vítima;239;BR-101/RJ;Sul;Colisão Traseira;1;;1;;;;;;;;2;;;;
26/01/2010;10:16:00;73;sem vítima;239;BR-101/RJ;Sul;Saida de Pista;1;;;;;;;;;;5;;;;
28/01/2010;10:53:00;83;com vítima;239;BR-101/RJ;Sul;Colisão Traseira;1;;1;;;;;;;;4;2;;;
29/01/2010;11:59:00;97;com vítima;239;BR-101/RJ;Sul;Engavetamento;3;;2;;;;;;;;6;;;1;
18/02/2010;11:07:00;104;sem vítima;239,8000030517578;BR-101/RJ;Norte;Colisão Traseira;2;;;;;;;;;;10;;;;
15/04/2010;13:29:00;114;com vítima;239;BR-101/RJ;Norte;Saida de Pista;;;;1;;;;;;;1;1;;;
15/05/2010;00:29:00;4;com vítima;239;BR-101/RJ;Sul;Colisão Traseira;1;;;;;1;;;;;4;;1;;
31/05/2010;22:04:00;177;sem vítima;239;BR-101/RJ;Norte;Choque - Objeto sobre a pista;;;2;;;;;;;;2;;;;
15/06/2010;12:45:00;73;sem vítima;239;BR-101/RJ;Sul;Tombamento;;;;;;;;;;1;2;;;;
03/07/2010;16:20:00;121;com vítima;239;BR-101/RJ;Norte;Saida de Pista;1;;;;;;;;;;0;;1;;
17/07/2010;15:49:00;159;com vítima;239;BR-101/RJ;Norte;Colisão Frontal;1;;;;1;;;;;;28;2;7;;1
19/07/2010;12:56:00;99;sem vítima;239;BR-101/RJ;Norte;Colisão Traseira;2;;;;;;;;;;5;;;;
16/11/2010;10:25:00;84;com vítima;239;BR-101/RJ;Sul;Saida de Pista;1;;;;;;;;;;0;3;1;;
06/02/2011;20:49:00;194;sem vítima;239;BR-101/RJ;Norte;Queda de Moto;;;;1;;;;;;;1;;;;
01/08/2011;08:11:00;56;sem vítima;239;BR-101/RJ;Norte;Saida de Pista;1;;;;;;;;;;1;;;;
11/11/2011;18:46:00;158;sem vítima;239;BR-101/RJ;Sul;Saida de Pista;1;;;;;;;;;;1;;;;
24/12/2011;12:44:00;104;com vítima;239;BR-101/RJ;Norte;Colisão Frontal;1;;;1;;;;;;;1;;;1;
01/01/2012;14:28:00;83;sem vítima;239;BR-101/RJ;Sul;Colisão Traseira;1;;;;;;;;;1;3;;;;
19/01/2012;15:58:00;136;sem vítima;239;BR-101/RJ;Norte;Colisão Lateral;1;;1;;;;;;;;6;;;;
20/01/2012;17:09:00;181;com vítima;239;BR-101/RJ;Sul;Saida de Pista;1;;;;;;;;;;1;3;;;
11/08/2012;07:02:00;40;sem vítima;239;BR-101/RJ;Sul;Saida de Pista;1;;;;;;;;;;1;;;;
25/09/2012;23:33:00;201;sem vítima;239,247;BR-101/RJ;Sul;Saida de Pista;1;;;;;;;;;;2;;;;
25/11/2012;17:23:00;115;sem vítima;239,981;BR-101/RJ;Sul;Colisão Traseira;2;;;;;;;;;;2;;;;
06/12/2012;17:08:00;176;com vítima;239;BR-101/RJ;Norte;Colisão Traseira;2;;;;;;;;;;1;1;;;
11/12/2012;07:17:00;39;com vítima;239;BR-101/RJ;Norte;Atropelamento - Morador;;;1;;;1;;;;;2;1;;;
14/12/2012;17:46:00;161;com vítima;239;BR-101/RJ;Norte;Colisão Transversal;2;;2;;;;;;;;7;2;;;
03/01/2013;18:43:00;166;sem vítima;239;BR-101/RJ;Norte;Atropelamento de Animal;;;;;;;;;;1;1;;;;
06/02/2013;19:32:00;196;sem vítima;239,5;BR-101/RJ;Sul;Colisão Traseira;1;;;;1;;;;;;4;;;;
16/03/2013;20:59:00;202;com vítima;239;BR-101/RJ;Sul;Queda de Moto;;;;1;;;;;;;0;2;;;
20/07/2013;12:25:00;108;sem vítima;239;BR-101/RJ;Norte;Saida de Pista;1;;;;;;;;;;2;;;;
20/09/2013;10:39:00;71;sem vítima;239;BR-101/RJ;Norte;Colisão Traseira;;;2;;;;;;;;3;;;;
12/10/2013;05:30:00;30;com vítima;239;BR-101/RJ;Norte;Outros - Sequência;;;3;;;;;;;;2;1;;;
14/11/2013;18:28:00;163;sem vítima;239;BR-101/RJ;Norte;Colisão Traseira;2;;;;;;;;;;4;;;;
28/11/2013;12:35:00;112;com vítima;239,074;BR-101/RJ;Sul;Colisão Traseira;1;;;;;;;;;1;1;1;;;
06/03/2014;13:39:00;132;sem vítima;239;BR-101/RJ;Sul;Saida de Pista;1;;;;;;;;;;1;;;;
19/06/2014;02:30:00;11;com vítima;239;BR-101/RJ;Norte;Saida de Pista;;;;;;;;;;1;0;1;;;
13/08/2014;21:43:00;165;com vítima;239,92;BR-101/RJ;Sul;Colisão Traseira;;;2;;;;;;;;2;1;;;
24/08/2014;19:37:00;163;sem vítima;239,726;BR-101/RJ;Sul;Engavetamento;3;;;;;;;;;;5;;;;
30/08/2014;04:39:00;13;sem vítima;239,5;BR-101/RJ;Norte;Saida de Pista;;;1;;;;;;;;1;;;;
10/10/2014;18:32:00;179;com vítima;239;BR-101/RJ;Sul;Saida de Pista;1;;;;;;;;;;0;1;;;
11/02/2015;22:54:00;217;sem vítima;239;BR-101/RJ;Sul;Colisão Traseira;;;1;;;1;;;;;2;0;0;0;0
21/02/2015;08:04:00;42;sem vítima;239;BR-101/RJ;Norte;Colisão Traseira;1;;;1;;;;;;;3;0;0;0;0
11/07/2015;08:13:00;45;com vítima;239;BR-101/RJ;Norte;Colisão Traseira;3;;;;;;;;;;7;1;;;
14/08/2015;17:56:00;159;com vítima;239;BR-101/RJ;Sul;Colisão Traseira;;;;1;;1;;;;;1;;1;;
09/02/2010;17:11:00;161;sem vítima;240;BR-101/RJ;Sul;Colisão Traseira;;;2;;;;;;;;2;;;;
16/03/2010;09:48:00;70;sem vítima;240;BR-101/RJ;Norte;Queda de Moto;;;;1;;;;;;;1;;;;
05/05/2010;12:49:00;96;sem vítima;240;BR-101/RJ;Norte;Outros;;;2;;;;;;;;2;;;;
10/03/2011;08:33:00;49;com vítima;298;BR-101/RJ;Sul;Colisão Traseira;;;2;;;;;;;;3;2;;;
04/06/2011;19:20:00;163;sem vítima;240;BR-101/RJ;Sul;Colisão Traseira;2;;;;;;;;;;7;;;;
19/11/2011;14:40:00;74;com vítima;240;BR-101/RJ;Norte;Colisão Traseira;;;1;1;;;;;;1;3;2;;;
01/06/2012;18:19:00;163;com vítima;240;BR-101/RJ;Sul;Colisão Traseira;1;;;;1;;;;;;17;3;1;;
03/06/2012;17:57:00;164;com vítima;240;BR-101/RJ;Norte;Capotamento;2;;;;;;;;;;1;3;;;
10/06/2012;13:19:00;94;com vítima;240;BR-101/RJ;Sul;Colisão Transversal;2;;;;;;;;;;4;1;;;
29/06/2012;15:30:00;142;com vítima;240,5;BR-101/RJ;Norte;Colisão Frontal;4;;2;;;;;;;;11;2;;;
22/07/2012;06:51:00;33;com vítima;240,1;BR-101/RJ;Norte;Colisão Traseira;1;;1;;;;;;;;1;3;2;;
16/03/2013;02:57:00;17;com vítima;240,555;BR-101/RJ;Norte;Queda de Moto;;;;1;;;;;;;0;1;;;
04/05/2013;09:21:00;60;sem vítima;240;BR-101/RJ;Sul;Colisão Traseira;3;;;;;;;;;;5;;;;
05/05/2013;22:45:00;147;sem vítima;240;BR-101/RJ;Sul;Colisão Traseira;2;;;;;;;;;;4;;;;
06/09/2013;18:26:00;167;com vítima;240,218;BR-101/RJ;Sul;Colisão Frontal;2;;;;;;;;;;3;1;;;
03/03/2014;22:35:00;169;sem vítima;240;BR-101/RJ;Sul;Colisão Lateral;1;;1;;;;;;;;2;;;;
13/05/2014;19:07:00;171;com vítima;240,482;BR-101/RJ;Norte;Colisão Frontal;1;;;;1;;;;;;10;;1;;
08/08/2014;10:57:00;81;com vítima;240,877;BR-101/RJ;Norte;Colisão Frontal;1;;1;;;;;;;;0;3;1;;1
27/09/2014;08:27:00;47;sem vítima;240,495;BR-101/RJ;Sul;Saida de Pista;;;1;;;;;;;;1;;;;
23/10/2014;03:58:00;19;com vítima;240,789;BR-101/RJ;Norte;Queda de Moto;;;;1;;1;;;;;1;1;;;
27/10/2014;06:14:00;28;com vítima;240,8;BR-101/RJ;Sul;Saida de Pista;1;;;;;;;;;;0;;1;;
07/01/2015;12:05:00;83;sem vítima;240,3;BR-101/RJ;Norte;Saida de Pista;1;;;;;;;;;;2;;;;
12/04/2015;16:37:00;114;com vítima;240;BR-101/RJ;Norte;Colisão Lateral;2;;1;1;;;;;;;10;2;;;
28/06/2015;06:55:00;19;sem vítima;240,802;BR-101/RJ;Norte;Capotamento;1;;;;;;;;;;1;;;;
25/09/2015;14:27:00;155;sem vítima;240;BR-101/RJ;Sul;Engavetamento;2;;1;;;;;;;;7;;;;
22/10/2015;16:11:00;140;sem vítima;240,7;BR-101/RJ;Norte;Saida de Pista;;;1;;;;;;;;1;;;;
28/04/2010;15:34:00;129;sem vítima;241;BR-101/RJ;Norte;Colisão Lateral;2;;;;;;;;;;2;;;;
16/08/2010;07:35:00;23;sem vítima;241;BR-101/RJ;Norte;Colisão Traseira;2;;;;;;;;;;5;;;;
18/09/2010;19:28:00;161;com vítima;241;BR-101/RJ;Norte;Queda de Moto;;;;1;;;;;;;0;2;;;
18/09/2010;18:32:00;145;com vítima;241,5;BR-101/RJ;Sul;Choque - Arvore;;;;1;;;;;;;0;;;;1
15/10/2010;00:37:00;5;sem vítima;241;BR-101/RJ;Norte;Colisão Frontal;;;2;;;;;;;;3;;;;
22/10/2010;18:22:00;151;sem vítima;241;BR-101/RJ;Sul;Saida de Pista;1;;;;;1;;;;;3;;;;
14/12/2010;05:20:00;20;com vítima;241;BR-101/RJ;Sul;Colisão Frontal;1;;1;;;;;;;;1;;1;;
28/01/2011;12:06:00;125;sem vítima;241;BR-101/RJ;Norte;Colisão Traseira;2;;;;;;;;;;2;;;;
09/02/2011;21:31:00;177;sem vítima;241;BR-101/RJ;Sul;Saida de Pista;1;;;;;;;;;;2;;;;
19/05/2011;00:54:00;4;sem vítima;241;BR-101/RJ;Sul;Colisão Lateral;1;;1;;;;;;;;3;;;;
11/06/2011;23:45:00;207;sem vítima;241,89999389648438;BR-101/RJ;Norte;Saida de Pista;;;1;;;;;;;;1;;;;
06/08/2011;19:49:00;166;com vítima;241,89999389648438;BR-101/RJ;Sul;Colisão Lateral;1;;2;;;;;;;;5;;;1;
13/10/2011;21:39:00;192;com vítima;241,77000427246094;BR-101/RJ;Sul;Queda de Moto;1;;1;1;;;;;;;2;1;;;
13/01/2012;16:35:00;140;sem vítima;241,2;BR-101/RJ;Norte;Colisão Traseira;;;2;;;;;;;;2;;;;
17/02/2012;23:17:00;251;sem vítima;241;BR-101/RJ;Sul;Colisão Traseira;1;;;;;1;;;;;3;;;;
19/02/2012;06:52:00;254;com vítima;241;BR-101/RJ;Sul;Outros - Sequência;1;;;;1;;;;;;5;;;2;
25/02/2012;21:05:00;194;com vítima;241;BR-101/RJ;Sul;Saida de Pista;;;;1;;;;;;;0;1;;;
15/03/2012;19:50:00;165;sem vítima;241;BR-101/RJ;Norte;Tombamento;;;1;;;;;;;;1;;;;
19/03/2012;07:02:00;30;com vítima;241,9;BR-101/RJ;Norte;Outros - Sequência;3;;;;;;;;;;0;6;2;;
12/05/2012;08:04:00;43;com vítima;241,6;BR-101/RJ;Sul;Colisão Traseira;;;1;1;;;;;;;6;1;;;
17/05/2012;22:15:00;184;sem vítima;241,77;BR-101/RJ;Norte;Saida de Pista;1;;;;;;;;;;2;;;;
08/07/2012;17:14:00;113;sem vítima;241;BR-101/RJ;Sul;Colisão Traseira;3;;;;;;;;;;4;;;;
19/08/2012;18:22:00;144;com vítima;241,853;BR-101/RJ;Sul;Colisão Traseira;1;;;1;;;;;;;5;1;;;
04/09/2012;23:02:00;181;com vítima;241;BR-101/RJ;Sul;Colisão Traseira;2;;;;;;;;;;3;1;;;
27/09/2012;14:50:00;138;com vítima;241;BR-101/RJ;Sul;Saida de Pista;1;;;;;;;;;;0;1;;;
19/10/2012;10:05:00;72;sem vítima;241;BR-101/RJ;Norte;Colisão Lateral;2;;;;;;;;;;4;;;;
14/06/2013;05:04:00;13;sem vítima;241,7;BR-101/RJ;Sul;Saida de Pista;1;;;;;;;;;;1;;;;
11/09/2013;05:26:00;16;sem vítima;241,978;BR-101/RJ;Norte;Atropelamento de Animal;1;;;;;;;;;;1;;;;
13/10/2013;18:20:00;151;sem vítima;241,5;BR-101/RJ;Sul;Capotamento;1;;;;;;;;;;2;;;;
18/11/2013;21:44:00;219;sem vítima;241;BR-101/RJ;Norte;Colisão Traseira;2;;;;;;;;;;4;;;;
01/03/2014;14:10:00;237;com vítima;241,22;BR-101/RJ;Norte;Saida de Pista;1;;;;;;;;;;3;1;;;
24/04/2014;13:59:00;114;sem vítima;241;BR-101/RJ;Norte;Saida de Pista;;;1;;;;;;;;1;;;;
28/04/2014;06:30:00;18;sem vítima;241;BR-101/RJ;Sul;Saida de Pista;1;;;;;;;;;;5;;;;
27/09/2014;10:31:00;64;sem vítima;241,789;BR-101/RJ;Norte;Colisão Transversal;2;;;;;;;;;;3;;;;
10/10/2014;05:45:00;25;com vítima;241,3;BR-101/RJ;Norte;Colisão Traseira;;;2;;;;;;;;1;;;1;
27/10/2014;06:26:00;30;com vítima;241,1;BR-101/RJ;Sul;Saida de Pista;1;;;;;;;;;;0;;1;;
07/02/2015;23:26:00;156;com vítima;241,5;BR-101/RJ;Sul;Colisão Frontal;1;;1;;;;;;;;1;0;0;0;1
12/02/2015;18:25:00;201;sem vítima;241;BR-101/RJ;Sul;Colisão Lateral;;;2;;;;;;;;2;0;0;0;0
22/03/2015;21:28:00;157;sem vítima;241;BR-101/RJ;Sul;Colisão Traseira;1;;1;;;;;;;;5;0;0;0;0
28/05/2015;03:40:00;22;com vítima;241;BR-101/RJ;Norte;Queda de Moto;;;;1;;;;;;;0;1;;;
01/07/2015;21:49:00;203;com vítima;241,789;BR-101/RJ;Norte;Colisão Lateral;1;;1;;;;;;;;1;2;;;
04/08/2015;07:36:00;43;com vítima;241;BR-101/RJ;Sul;Colisão Frontal;2;;;;;;;;;;0;2;;;
12/08/2015;08:47:00;73;sem vítima;241,493;BR-101/RJ;Norte;Colisão Lateral;1;;;;;1;;;;;2;;;;
22/08/2015;22:34:00;177;sem vítima;241,4;BR-101/RJ;Norte;Colisão Traseira;1;;1;;;;;;;;2;;;;
10/10/2015;09:27:00;83;sem vítima;241,628;BR-101/RJ;Norte;Capotamento;1;;;;;;;;;;1;;;;