data;horario;n_da_ocorrencia;tipo_de_ocorrencia;km;trecho;sentido;tipo_de_acidente;automovel;bicicleta;caminhao;moto;onibus;outros;tracao_animal;transporte_de_cargas_especiais;trator_maquinas;utilitarios;ilesos;levemente_feridos;moderadamente_feridos;gravemente_feridos;mortos
02/04/2014;16:16:00;148;sem vítima;244;BR-101/RJ;Norte;Saida de Pista;1;;;;;;;;;;3;;;;
24/04/2014;23:24:00;179;sem vítima;244;BR-101/RJ;Sul;Saida de Pista;1;;;;;;;;;;1;;;;
03/06/2014;12:50:00;91;sem vítima;244,762;BR-101/RJ;Norte;Saida de Pista;1;;;;;;;;;;1;;;;
24/06/2014;06:53:00;29;com vítima;244;BR-101/RJ;Norte;Outros - Sequência;3;;1;1;;;;;;;6;1;;;
22/08/2014;10:11:00;68;com vítima;244;BR-101/RJ;Sul;Colisão Traseira;;;2;;;;;;;;3;2;;;
05/10/2014;05:35:00;19;com vítima;244,45;BR-101/RJ;Sul;Saida de Pista;1;;;;;;;;;;0;1;;;
25/10/2014;19:20:00;133;com vítima;244;BR-101/RJ;Norte;Colisão Transversal;2;;;;;;;;;;0;;2;;
01/03/2015;00:01:00;1;com vítima;244;BR-101/RJ;Norte;Atropelamento de Animal;1;;;;;;;;;;0;1;0;0;0
28/03/2015;21:55:00;187;com vítima;244,1;BR-101/RJ;Norte;Atropelamento - Morador;;;;1;;;;;;;0;2;0;1;0
29/03/2015;15:09:00;78;com vítima;244,142;BR-101/RJ;Sul;Colisão Transversal;1;;;1;;;;;;;4;1;0;0;0
19/06/2015;23:08:00;222;com vítima;244,2;BR-101/RJ;Norte;Outros - Sequência;1;;;;;1;;;;;3;1;2;;
26/07/2015;19:03:00;135;com vítima;244;BR-101/RJ;Norte;Colisão Lateral;2;;;;;;;;;;2;1;;;
14/10/2015;12:07:00;107;sem vítima;244,012;BR-101/RJ;Norte;Colisão Traseira;;;2;;;;;;;;3;;;;
24/11/2015;10:23:00;94;sem vítima;244,333;BR-101/RJ;Sul;Colisão Transversal;2;;;;;;;;;;3;;;;
26/11/2015;12:24:00;112;com vítima;244;BR-101/RJ;Norte;Saida de Pista;1;;;;;;;;;;1;1;;;
06/01/2010;06:16:00;21;sem vítima;245;BR-101/RJ;Norte;Saida de Pista;1;;;;;;;;;;1;;;;
07/01/2010;23:35:00;222;sem vítima;245;BR-101/RJ;Sul;Saida de Pista;1;;;;;;;;;;1;;;;
10/03/2010;23:46:00;226;sem vítima;245,3000030517578;BR-101/RJ;Sul;Saida de Pista;1;;;;;;;;;;1;;;;
06/04/2010;09:00:00;51;com vítima;245;BR-101/RJ;Sul;Capotamento;1;;;;;;;;;;0;;;;1
20/04/2010;03:14:00;19;sem vítima;245,5;BR-101/RJ;Sul;Saida de Pista;;;1;;;;;;;;1;;;;
22/10/2010;17:51:00;143;sem vítima;245;BR-101/RJ;Sul;Colisão Lateral;1;;1;;;;;;;;6;;;;
23/10/2010;18:28:00;155;com vítima;245;BR-101/RJ;Norte;Colisão Frontal;1;;;1;;;;;;;1;;1;1;
29/12/2010;20:28:00;201;sem vítima;245;BR-101/RJ;Norte;Colisão Lateral;;;2;;;;;;;;3;;;;
17/01/2011;18:03:00;183;com vítima;245;BR-101/RJ;Sul;Colisão Lateral;1;;1;;;;;;;;1;2;;;
29/01/2011;07:20:00;32;sem vítima;245;BR-101/RJ;Sul;Colisão Lateral;;;2;;;;;;;;2;;;;
30/05/2011;22:52:00;154;com vítima;245;BR-101/RJ;Norte;Colisão Frontal;1;;1;;;;;;;;1;4;1;;
03/02/2012;18:24:00;168;com vítima;245;BR-101/RJ;Sul;Saida de Pista;1;;;;;;;;;;4;;1;;
29/04/2012;04:15:00;14;com vítima;245;BR-101/RJ;Norte;Colisão Traseira;1;;;1;;;;;;;3;1;1;;
01/06/2012;18:10:00;157;sem vítima;245;BR-101/RJ;Sul;Saida de Pista;;;;;;;;;;1;2;;;;
16/06/2012;20:46:00;179;sem vítima;245,5;BR-101/RJ;Sul;Colisão Transversal;2;;;;;;;;;;7;;;;
26/09/2012;20:55:00;131;sem vítima;245;BR-101/RJ;Sul;Colisão Traseira;;;2;;;;;;;;3;;;;
28/01/2013;04:08:00;19;sem vítima;245;BR-101/RJ;Norte;Saida de Pista;1;;;;;;;;;;2;;;;
22/04/2013;00:08:00;1;com vítima;245,675;BR-101/RJ;Norte;Queda de Moto;;;;1;;;;;;;0;2;;;
04/05/2013;21:08:00;178;sem vítima;245;BR-101/RJ;Sul;Atropelamento de Animal;1;;;;;;;;;;1;;;;
15/05/2013;16:32:00;120;com vítima;245;BR-101/RJ;Norte;Saida de Pista;1;;;;;;;;;;0;2;;;
28/05/2013;23:38:00;181;sem vítima;245,9;BR-101/RJ;Sul;Colisão Traseira;;;2;;;;;;;;2;;;;
28/05/2013;23:39:00;182;com vítima;245,9;BR-101/RJ;Norte;Colisão Frontal;;;2;;;;;;;;1;1;;;
29/05/2013;17:49:00;139;sem vítima;245,9;BR-101/RJ;Sul;Colisão Traseira;1;;;1;;;;;;;2;;;;
28/06/2013;08:07:00;40;sem vítima;245;BR-101/RJ;Sul;Engavetamento;3;;;;;;;;;;8;;;;
27/08/2013;05:08:00;11;sem vítima;245;BR-101/RJ;Norte;Saida de Pista;;;1;;;;;;;;1;;;;
12/01/2014;09:58:00;77;sem vítima;245;BR-101/RJ;Sul;Atropelamento - Ciclista;1;1;;;;;;;;;2;;;;
17/02/2014;04:59:00;27;com vítima;245,5;BR-101/RJ;Norte;Colisão Lateral;4;;;;;;;;;;3;1;;;
16/03/2014;14:09:00;97;com vítima;245,307;BR-101/RJ;Sul;Saida de Pista;1;;;;;;;;;;3;2;;;
21/08/2014;17:45:00;143;com vítima;245,8;BR-101/RJ;Sul;Queda de Moto;;;;1;;;;;;;0;2;;;
22/03/2015;22:15:00;168;com vítima;245;BR-101/RJ;Sul;Colisão Traseira;;;1;1;;;;;;;1;0;1;1;0
09/05/2015;14:41:00;126;sem vítima;245;BR-101/RJ;Sul;Saida de Pista;1;;;;;;;;;;4;;;;
25/05/2015;18:59:00;197;com vítima;245;BR-101/RJ;Norte;Colisão Lateral;2;;;;;;;;;;1;1;;;
25/05/2015;19:23:00;199;com vítima;245;BR-101/RJ;Norte;Queda de Moto;;;;1;;;;;;;0;1;;;
19/06/2015;11:17:00;84;com vítima;245,444;BR-101/RJ;Sul;Engavetamento;2;;1;;;;;;;;4;2;;;
12/12/2015;20:55:00;218;sem vítima;245;BR-101/RJ;Norte;Atropelamento de Animal;;;1;;;;;;;;1;;;;
21/04/2010;17:10:00;145;sem vítima;246;BR-101/RJ;Sul;Colisão Lateral;2;;;;;;;;;;2;;;;
09/05/2010;16:44:00;97;sem vítima;246;BR-101/RJ;Sul;Saida de Pista;1;;;;;;;;;;3;;;;
01/06/2010;17:52:00;134;sem vítima;246;BR-101/RJ;Sul;Colisão Traseira;1;;;;;;;;;1;2;;;;
08/06/2010;09:02:00;51;com vítima;246;BR-101/RJ;Norte;Colisão Lateral;2;;1;;;;;;;;2;1;1;;
17/07/2010;08:27:00;63;com vítima;246;BR-101/RJ;Sul;Colisão Traseira;1;;;;;;;;;1;5;2;;;
26/08/2010;21:45:00;192;com vítima;246;BR-101/RJ;Sul;Colisão Frontal;2;;;;;;;;;;3;;;2;
18/02/2011;06:56:00;31;sem vítima;246;BR-101/RJ;Norte;Saida de Pista;1;;;;;;;;;;1;;;;
10/03/2011;15:20:00;152;sem vítima;297;BR-101/RJ;Norte;Choque - Defensa, barreira ou "submarino";1;;;;;;;;;;1;;;;
10/03/2011;15:43:00;156;com vítima;66;BR-101/RJ;Sul;Colisão Lateral;1;;;1;;;;;;;1;1;;;
10/05/2011;17:49:00;153;sem vítima;246;BR-101/RJ;Sul;Colisão Lateral;1;;;;;;;;;1;3;;;;
30/05/2011;10:23:00;65;sem vítima;246;BR-101/RJ;Sul;Colisão Lateral;2;;;;;;;;;;5;;;;
03/09/2011;11:28:00;71;com vítima;246,89999389648438;BR-101/RJ;Norte;Colisão Lateral;4;;;;;;;;;;3;1;3;;
25/05/2012;13:46:00;87;sem vítima;246;BR-101/RJ;Norte;Saida de Pista;1;;;;;;;;;;1;;;;
09/07/2012;09:57:00;67;sem vítima;246,8;BR-101/RJ;Norte;Saida de Pista;1;;;;;;;;;;2;;;;
10/08/2012;05:52:00;20;sem vítima;246;BR-101/RJ;Norte;Colisão Traseira;1;;;;;1;;;;;2;;;;
22/08/2012;09:23:00;80;sem vítima;246;BR-101/RJ;Norte;Colisão Lateral;1;;;;;1;;;;;3;;;;
13/09/2012;15:28:00;127;sem vítima;246,116;BR-101/RJ;Sul;Colisão Lateral;;;1;;1;;;;;;2;;;;
28/09/2012;13:20:00;114;sem vítima;246;BR-101/RJ;Sul;Colisão Lateral;1;;1;;;;;;;;2;;;;
08/02/2013;06:31:00;67;sem vítima;246;BR-101/RJ;Sul;Saida de Pista;1;;;;;;;;;;4;;;;
27/04/2013;20:52:00;155;sem vítima;246,9;BR-101/RJ;Norte;Saida de Pista;1;;;;;;;;;;1;;;;
20/07/2013;16:27:00;153;com vítima;246;BR-101/RJ;Sul;Colisão Traseira;1;;;1;;;;;;;4;1;;;
09/10/2013;15:07:00;119;sem vítima;246;BR-101/RJ;Sul;Colisão Lateral;2;;1;;;;;;;;3;;;;
29/10/2013;07:13:00;24;sem vítima;246;BR-101/RJ;Norte;Colisão Traseira;;;1;;;1;;;;;2;;;;
07/03/2014;16:54:00;169;com vítima;246,35;BR-101/RJ;Sul;Saida de Pista;;;1;;;;;;;;0;1;;;
12/07/2014;21:17:00;158;com vítima;246,667;BR-101/RJ;Sul;Colisão Lateral;1;;;1;;;;;;;2;;1;;
23/08/2014;16:20:00;134;sem vítima;246;BR-101/RJ;Sul;Saida de Pista;1;;;;;;;;;;3;;;;
08/10/2014;23:16:00;171;com vítima;246;BR-101/RJ;Norte;Saida de Pista;1;;;;;;;;;;0;1;;;
15/10/2014;20:43:00;158;com vítima;246,968;BR-101/RJ;Norte;Saida de Pista;1;;;;;;;;;;0;1;;;
21/12/2014;11:42:00;79;sem vítima;246;BR-101/RJ;Sul;Engavetamento;3;;;;;;;;;;10;;;;
16/04/2015;17:31:00;167;sem vítima;246;BR-101/RJ;Sul;Saida de Pista;;;;;;;;;;1;1;;;;
24/06/2015;22:00:00;191;com vítima;246,067;BR-101/RJ;Norte;Saida de Pista;;;1;;;;;;;;0;3;;;
18/07/2015;15:02:00;134;com vítima;246;BR-101/RJ;Sul;Colisão Traseira;;;;1;;1;;;;;1;1;;;
02/11/2015;11:50:00;54;com vítima;246,592;BR-101/RJ;Sul;Colisão Lateral;1;;;1;;;;;;;5;1;;;
10/01/2010;09:40:00;70;sem vítima;247;BR-101/RJ;Sul;Colisão Traseira;;;2;;;;;;;;2;;;;
05/02/2010;12:00:00;100;com vítima;247;BR-101/RJ;Norte;Outros - Sequência;;;1;;;;;;;1;1;;1;1;1
02/04/2010;10:28:00;82;sem vítima;247;BR-101/RJ;Sul;Colisão Traseira;2;;;;;;;;;;2;;;;
18/04/2010;22:46:00;146;sem vítima;247,8000030517578;BR-101/RJ;Sul;Colisão Traseira;;;2;;;;;;;;4;;;;
26/04/2010;21:40:00;181;com vítima;247;BR-101/RJ;Sul;Colisão Frontal;2;;;;;;;;;;0;2;1;;1
05/06/2010;07:14:00;40;sem vítima;247;BR-101/RJ;Norte;Atropelamento de Animal;1;;;;;;;;;;4;;;;
27/08/2010;20:34:00;197;sem vítima;247,3000030517578;BR-101/RJ;Norte;Colisão Lateral;1;;;;;1;;;;;2;;;;
12/10/2010;05:26:00;21;sem vítima;247;BR-101/RJ;Norte;Saida de Pista;1;;;;;;;;;;1;;;;
21/11/2010;08:13:00;38;sem vítima;247;BR-101/RJ;Sul;Saida de Pista;1;;;;;;;;;;1;;;;
14/12/2010;18:37:00;165;sem vítima;247;BR-101/RJ;Sul;Saida de Pista;1;;;;;;;;;;1;;;;
24/12/2010;15:59:00;134;sem vítima;247;BR-101/RJ;Sul;Saida de Pista;1;;;;;;;;;;1;;;;
16/02/2011;12:58:00;105;sem vítima;247;BR-101/RJ;Norte;Saida de Pista;;;1;;;;;;;;2;;;;
05/08/2011;22:44:00;197;sem vítima;247,1999969482422;BR-101/RJ;Norte;Colisão Lateral;;;2;;;;;;;;2;;;;
14/12/2011;08:38:00;51;com vítima;247;BR-101/RJ;Norte;Tombamento;;;;;;;;;;1;2;1;;;
30/12/2011;08:56:00;54;com vítima;247;BR-101/RJ;Norte;Saida de Pista;1;;;;;;;;;;0;3;1;;
13/05/2012;22:00:00;200;sem vítima;247;BR-101/RJ;Sul;Colisão Traseira;1;;;;;;;;;;1;;;;
18/05/2012;08:28:00;58;com vítima;247;BR-101/RJ;Sul;Colisão Traseira;1;;1;;;;;;;;1;1;;;
03/06/2012;23:47:00;220;com vítima;247;BR-101/RJ;Norte;Colisão Frontal;2;;1;;;;;;;;2;1;;;1
04/09/2012;06:18:00;26;com vítima;247,8;BR-101/RJ;Sul;Saida de Pista;1;;;;;;;;;;0;;1;;1
07/09/2012;21:44:00;237;sem vítima;247;BR-101/RJ;Sul;Colisão Lateral;1;;;;;1;;;;;3;;;;
01/10/2012;06:31:00;26;sem vítima;247,961;BR-101/RJ;Norte;Saida de Pista;1;;;;;;;;;;1;;;;
17/04/2013;19:57:00;154;com vítima;247;BR-101/RJ;Sul;Saida de Pista;1;;;;;;;;;;2;1;;;
20/05/2013;22:03:00;167;sem vítima;247;BR-101/RJ;Sul;Colisão Traseira;;;2;;;;;;;;2;;;;
06/06/2013;11:48:00;82;com vítima;247;BR-101/RJ;Sul;Queda de Moto;;;;1;;;;;;;0;1;;;
05/07/2013;10:48:00;75;sem vítima;247;BR-101/RJ;Sul;Objeto lançado contra veículo;1;;1;;;;;;;;3;;;;
11/08/2013;15:45:00;103;com vítima;247;BR-101/RJ;Sul;Queda de Moto;;;;1;;;;;;;0;;1;;
01/10/2013;23:23:00;168;sem vítima;247,287;BR-101/RJ;Sul;Saida de Pista;;;1;;;;;;;;1;;;;
30/12/2013;17:03:00;161;com vítima;247,5;BR-101/RJ;Sul;Saida de Pista;;;1;;;;;;;;1;1;;;
22/02/2014;14:22:00;107;sem vítima;247;BR-101/RJ;Sul;Colisão Traseira;1;;;;;;;;;1;5;;;;
25/05/2014;06:32:00;43;com vítima;247,118;BR-101/RJ;Norte;Colisão Frontal;;;1;;;;;;;1;1;;;;2
01/06/2014;14:00:00;89;com vítima;247,686;BR-101/RJ;Sul;Choque - Outros;;;;1;;;;;;;0;;1;;
14/06/2014;09:37:00;47;com vítima;247,749;BR-101/RJ;Norte;Colisão Frontal;1;;;1;;;;;;;0;1;;;1
16/10/2014;16:20:00;142;sem vítima;247;BR-101/RJ;Norte;Colisão Frontal;;;1;;;1;;;;;2;;;;
27/10/2014;09:06:00;59;com vítima;247;BR-101/RJ;Sul;Engavetamento;5;;;;;;;;;;9;1;1;;
31/10/2014;16:02:00;141;sem vítima;247,6;BR-101/RJ;Sul;Colisão Traseira;1;;;;;;;;;1;5;;;;
11/04/2015;01:28:00;13;com vítima;247,82;BR-101/RJ;Norte;Colisão Transversal;2;;;;;;;;;;0;;2;;
28/04/2015;07:29:00;27;sem vítima;247,5;BR-101/RJ;Norte;Colisão Traseira;1;;1;;;;;;;;3;;;;
04/05/2015;19:46:00;203;sem vítima;247;BR-101/RJ;Norte;Saida de Pista;1;;;;;;;;;;2;;;;
19/06/2015;02:56:00;16;com vítima;247,255;BR-101/RJ;Sul;Tombamento;;;1;;;;;;;;0;;1;;
11/07/2015;10:45:00;75;com vítima;247,78;BR-101/RJ;Norte;Capotamento;1;;;;;;;;;;0;4;1;;
17/07/2015;10:51:00;106;com vítima;247;BR-101/RJ;Norte;Engavetamento;6;;2;;;;;;;;13;10;;;
19/07/2015;08:02:00;44;com vítima;247;BR-101/RJ;Norte;Queda de Moto;;;;1;;;;;;;0;1;;;
26/09/2015;03:12:00;18;com vítima;247,955;BR-101/RJ;Norte;Colisão Traseira;1;;1;;;;;;;;1;1;;;
06/11/2015;13:20:00;118;com vítima;247,112;BR-101/RJ;Norte;Colisão Frontal;;;2;;;;;;;;3;;;;1
26/02/2010;11:32:00;80;sem vítima;248;BR-101/RJ;Norte;Saida de Pista;1;;;;;;;;;;1;;;;
31/03/2010;12:27:00;91;sem vítima;248;BR-101/RJ;Sul;Saida de Pista;;;;;;;;;;1;2;;;;
18/05/2010;17:08:00;135;com vítima;248;BR-101/RJ;Norte;Colisão Frontal;2;;;;;;;;;;0;2;;;1
12/06/2010;07:15:00;33;com vítima;248;BR-101/RJ;Norte;Colisão Transversal;2;;;;;;;;;;0;;1;1;
22/11/2010;14:16:00;135;sem vítima;248;BR-101/RJ;Norte;Saida de Pista;1;;;;;;;;;;1;;;;
25/01/2011;14:37:00;134;com vítima;248;BR-101/RJ;Norte;Colisão Frontal;2;;;;;;;;;;0;1;1;;1
28/01/2011;09:40:00;80;sem vítima;248;BR-101/RJ;Norte;Colisão Lateral;1;;;1;;;;;;;4;;;;
26/05/2011;01:29:00;4;sem vítima;248;BR-101/RJ;Sul;Colisão Lateral;;;1;;;1;;;;;2;;;;
15/06/2011;05:01:00;27;com vítima;248;BR-101/RJ;Sul;Saida de Pista;1;;;;;;;;;;0;1;;;
23/06/2011;07:59:00;43;sem vítima;248;BR-101/RJ;Norte;Saida de Pista;1;;;;;;;;;;1;;;;
20/08/2011;13:21:00;84;com vítima;248,1719970703125;BR-101/RJ;Sul;Colisão Transversal;2;;;;;;;;;;0;2;1;;
03/12/2011;17:57:00;139;com vítima;248,6999969482422;BR-101/RJ;Norte;Colisão Frontal;2;;;;;;;;;;0;1;;1;1
07/12/2011;05:22:00;23;sem vítima;248;BR-101/RJ;Norte;Saida de Pista;1;;;;;;;;;;1;;;;
22/04/2012;16:09:00;93;sem vítima;248;BR-101/RJ;Norte;Saida de Pista;1;;;;;1;;;;;3;;;;
05/06/2012;08:55:00;44;com vítima;248,3;BR-101/RJ;Norte;Colisão Traseira;2;;;;;;;;;;2;1;;;
08/06/2012;09:36:00;69;sem vítima;248;BR-101/RJ;Sul;Colisão Traseira;2;;;;;;;;;;4;;;;
21/07/2012;13:36:00;107;com vítima;248,336;BR-101/RJ;Norte;Saida de Pista;1;;;;;;;;;;0;2;;;1
22/07/2012;21:23:00;174;com vítima;248,215;BR-101/RJ;Norte;Colisão Lateral;2;;;;;;;;;;1;2;;;
08/08/2012;15:20:00;108;sem vítima;248;BR-101/RJ;Norte;Saida de Pista;;;;;;;;;;1;1;;;;
31/10/2012;02:08:00;11;sem vítima;248,56;BR-101/RJ;Norte;Saida de Pista;1;;;;;;;;;;4;;;;
25/01/2013;03:09:00;8;sem vítima;248;BR-101/RJ;Sul;Saida de Pista;1;;;;;;;;;;1;;;;
25/03/2013;14:34:00;112;sem vítima;248;BR-101/RJ;Norte;Colisão Lateral;1;;1;;;;;;;;3;;;;
17/08/2013;07:15:00;38;sem vítima;248;BR-101/RJ;Sul;Colisão Lateral;2;;;;;;;;;;3;;;;
18/10/2013;02:13:00;5;sem vítima;248;BR-101/RJ;Norte;Colisão Lateral;;;;;1;1;;;;;3;;;;
06/11/2013;21:05:00;161;sem vítima;248;BR-101/RJ;Norte;Tombamento;;;1;;;;;;;;1;;;;
16/03/2014;07:53:00;38;com vítima;248,908;BR-101/RJ;Norte;Outros - Sequência;1;;1;;;;;;;;2;2;;;2
18/05/2014;20:23:00;144;sem vítima;248;BR-101/RJ;Sul;Saida de Pista;1;;;;;;;;;;3;;;;
09/06/2014;08:50:00;49;com vítima;248;BR-101/RJ;Sul;Colisão Transversal;1;;1;;;;;;;;2;1;1;1;
04/07/2014;14:40:00;102;sem vítima;248;BR-101/RJ;Sul;Saida de Pista;1;;;;;;;;;;1;;;;
02/08/2014;10:51:00;57;sem vítima;248;BR-101/RJ;Norte;Saida de Pista;1;;;;;;;;;;1;;;;
06/12/2014;15:54:00;120;sem vítima;248;BR-101/RJ;Sul;Saida de Pista;1;;;;;;;;;;6;;;;
31/12/2014;06:47:00;39;sem vítima;248;BR-101/RJ;Norte;Saida de Pista;1;;;;;;;;;;1;;;;
12/01/2015;07:35:00;37;sem vítima;248;BR-101/RJ;Norte;Colisão Lateral;1;;;;;;;;;1;2;;;;
15/01/2015;11:25:00;81;sem vítima;248;BR-101/RJ;Sul;Colisão Transversal;1;;;;;;;;;1;2;;;;
05/04/2015;16:05:00;108;com vítima;248,795;BR-101/RJ;Sul;Capotamento;;;;;;;;;;1;3;1;;;
28/04/2015;08:07:00;39;sem vítima;248;BR-101/RJ;Norte;Colisão Lateral;2;;;;;;;;;;4;;;;
28/04/2015;06:16:00;17;com vítima;248,1;BR-101/RJ;Norte;Colisão Frontal;1;;;1;;;;;;;0;2;;;1
17/05/2015;18:22:00;109;com vítima;248,05;BR-101/RJ;Sul;Atropelamento - Ciclista;1;1;;;;;;;;;1;1;;1;
08/07/2015;18:06:00;186;sem vítima;248,215;BR-101/RJ;Sul;Colisão Lateral;1;;1;;;;;;;;3;;;;
11/08/2015;22:58:00;229;sem vítima;248,8;BR-101/RJ;Norte;Capotamento;1;;;;;1;;;;;2;;;;
19/08/2015;17:51:00;173;com vítima;248,18;BR-101/RJ;Norte;Colisão Traseira;1;;;1;;;;;;;1;1;1;;1
25/10/2015;10:59:00;50;com vítima;248;BR-101/RJ;Norte;Queda de Moto;;;;1;;;;;;;0;1;;;
01/12/2015;22:08:00;235;com vítima;248;BR-101/RJ;Sul;Atropelamento - Morador;1;;;;;;;;;;1;1;;;
15/04/2010;16:34:00;141;sem vítima;249;BR-101/RJ;Norte;Colisão Lateral;1;;2;;;;;;;;13;;;;
30/05/2010;15:38:00;83;sem vítima;249;BR-101/RJ;Norte;Colisão Lateral;2;;;;;;;;;;6;;;;
02/06/2010;00:29:00;3;sem vítima;249;BR-101/RJ;Norte;Saida de Pista;;;;;;;;;;1;1;;;;
14/10/2010;14:21:00;106;sem vítima;249;BR-101/RJ;Sul;Colisão Traseira;;;1;;;;;;;1;2;;;;
05/12/2010;13:56:00;89;com vítima;249,5;BR-101/RJ;Norte;Saida de Pista;1;;;;;;;;;;0;;1;1;
31/12/2010;00:58:00;11;com vítima;249;BR-101/RJ;Norte;Colisão Frontal;1;;1;;;;;;;;0;2;;;1
04/02/2011;12:26:00;105;com vítima;249;BR-101/RJ;Norte;Queda de Moto;;;;1;;;;;;;0;;1;;
26/05/2011;04:08:00;13;sem vítima;249;BR-101/RJ;Sul;Colisão Traseira;1;;1;;;;;;;;5;;;;
09/06/2011;14:31:00;114;com vítima;249;BR-101/RJ;Norte;Saida de Pista;1;;;;;;;;;;0;2;;;
27/09/2011;06:10:00;17;sem vítima;249,8000030517578;BR-101/RJ;Norte;Saida de Pista;1;;;;;;;;;;2;;;;
03/01/2012;04:17:00;19;sem vítima;249;BR-101/RJ;Norte;Colisão Lateral;;;;;1;;;;;1;2;;;;
07/06/2012;13:39:00;97;sem vítima;249;BR-101/RJ;Norte;Colisão Traseira;2;;;;;1;;;;;5;;;;
12/07/2012;22:11:00;194;com vítima;249,15;BR-101/RJ;Norte;Saida de Pista;1;;;;;;;;;;0;1;;;
30/01/2013;14:31:00;115;com vítima;249;BR-101/RJ;Sul;Saida de Pista;1;;;;;;;;;;1;1;;;
08/04/2013;16:16:00;158;com vítima;249,448;BR-101/RJ;Norte;Colisão Traseira;;;;1;;1;;;;;1;;1;1;
26/05/2013;20:00:00;138;sem vítima;249;BR-101/RJ;Norte;Colisão Lateral;1;;;;;1;;;;;2;;;;
01/07/2013;19:01:00;143;sem vítima;249,489;BR-101/RJ;Norte;Colisão Lateral;1;;;;;;;;;1;5;;;;
08/09/2013;15:36:00;125;sem vítima;249;BR-101/RJ;Norte;Colisão Traseira;2;;;;;;;;;;2;;;;
02/01/2014;08:33:00;58;sem vítima;249,46;BR-101/RJ;Sul;Saida de Pista;1;;;;;;;;;;2;;;;
10/04/2014;14:11:00;125;com vítima;249;BR-101/RJ;Sul;Colisão Traseira;1;;;;;1;;;;;2;1;;;
14/05/2014;07:30:00;39;com vítima;249,5;BR-101/RJ;Sul;Colisão Frontal;2;;2;;;;;;;;2;;1;;1
10/07/2014;12:08:00;83;com vítima;249,55;BR-101/RJ;Norte;Colisão Transversal;1;;;;;;;;;1;0;4;1;;
24/11/2014;18:30:00;158;com vítima;249,318;BR-101/RJ;Norte;Colisão Frontal;1;;1;;;;;;;;1;2;1;;
23/03/2015;01:22:00;8;sem vítima;249;BR-101/RJ;Sul;Saida de Pista;1;;;;;;;;;;1;0;0;0;0
03/06/2015;12:19:00;110;sem vítima;249,399;BR-101/RJ;Norte;Colisão Transversal;1;;1;;;;;;;;6;;;;
06/07/2015;02:18:00;12;com vítima;249,415;BR-101/RJ;Sul;Saida de Pista;;;1;;;;;;;;0;1;;;
26/09/2015;08:06:00;64;com vítima;249,253;BR-101/RJ;Sul;Saida de Pista;;;;;;;;;;1;0;1;;;
18/12/2015;23:00:00;296;com vítima;249,041;BR-101/RJ;Norte;Colisão Frontal;2;;;;;;;;;;0;1;1;1;
14/05/2010;13:45:00;99;sem vítima;250;BR-101/RJ;Sul;Colisão Traseira;2;;;;;;;;;;2;;;;
28/08/2010;19:01:00;167;sem vítima;250;BR-101/RJ;Norte;Colisão Lateral;2;;;;;;;;;;2;;;;
15/10/2010;10:13:00;62;sem vítima;250;BR-101/RJ;Norte;Colisão Traseira;2;;;;;;;;;;2;;;;
05/11/2010;18:14:00;156;sem vítima;250;BR-101/RJ;Sul;Colisão Traseira;2;;;;;;;;;;2;;;;
15/12/2010;21:46:00;209;com vítima;250;BR-101/RJ;Sul;Saida de Pista;;;;;;;;;;1;2;1;;;
02/01/2011;15:24:00;113;com vítima;250;BR-101/RJ;Norte;Saida de Pista;1;;;;;;;;;;3;1;;;
03/02/2011;07:36:00;34;sem vítima;250;BR-101/RJ;Sul;Colisão Traseira;;;2;;;;;;;;3;;;;
20/02/2011;09:55:00;63;com vítima;250;BR-101/RJ;Sul;Colisão Lateral;1;;;1;;;;;;;4;2;;;
10/03/2011;17:40:00;174;com vítima;292;BR-101/RJ;Sul;Atropelamento - Sem Informação;;;;;;1;;;;;1;;1;;
27/05/2011;18:46:00;162;sem vítima;250;BR-101/RJ;Norte;Colisão Lateral;1;;1;;;;;;;;5;;;;
22/10/2011;02:04:00;10;com vítima;250,10000610351562;BR-101/RJ;Sul;Colisão Lateral;2;;;;;;;;;;2;;1;1;
03/12/2011;06:51:00;34;com vítima;250;BR-101/RJ;Norte;Colisão Frontal;1;;;;;;;;;1;3;;2;;
13/12/2011;10:44:00;90;com vítima;250,5;BR-101/RJ;Sul;Colisão Traseira;;;3;;;;;;;;4;;1;;
18/12/2011;03:09:00;13;sem vítima;250,25;BR-101/RJ;Sul;Colisão Lateral;;;;;1;;;;;1;34;;;;
06/01/2012;19:26:00;176;sem vítima;250;BR-101/RJ;Sul;Saida de Pista;;;1;;;;;;;;1;;;;
30/05/2012;08:41:00;41;com vítima;250;BR-101/RJ;Norte;Colisão Traseira;1;;1;;;;;;;;2;1;;;
31/05/2012;13:30:00;117;com vítima;250,6;BR-101/RJ;Sul;Atropelamento - Outros;1;;;1;;;;;;;3;;1;;
25/08/2012;07:10:00;30;com vítima;250,3;BR-101/RJ;Sul;Queda de Moto;;;;1;;;;;;;0;1;;;
25/08/2012;06:33:00;25;com vítima;250,7;BR-101/RJ;Sul;Tombamento;;;1;;;;;;;;1;1;;;
26/11/2012;01:12:00;6;sem vítima;250,249;BR-101/RJ;Norte;Colisão Traseira;2;;;;;;;;;;2;;;;
02/08/2013;20:49:00;194;com vítima;250,613;BR-101/RJ;Sul;Colisão Lateral;;;;1;;1;;;;;1;;;1;
24/08/2013;22:38:00;196;sem vítima;250,407;BR-101/RJ;Norte;Saida de Pista;1;;;;;;;;;;1;;;;
31/12/2013;18:24:00;174;sem vítima;250;BR-101/RJ;Norte;Saida de Pista;1;;;;;;;;;;4;;;;
06/02/2014;16:11:00;144;sem vítima;250;BR-101/RJ;Norte;Saida de Pista;1;;;;;;;;;;1;;;;