data;horario;n_da_ocorrencia;tipo_de_ocorrencia;km;trecho;sentido;tipo_de_acidente;automovel;bicicleta;caminhao;moto;onibus;outros;tracao_animal;transporte_de_cargas_especiais;trator_maquinas;utilitarios;ilesos;levemente_feridos;moderadamente_feridos;gravemente_feridos;mortos
12/05/2015;21:28:00;177;sem vítima;256;BR-101/RJ;Sul;Colisão Transversal;1;;1;;;;;;;;3;;;;
01/08/2015;12:28:00;87;com vítima;256,3;BR-101/RJ;Sul;Colisão Traseira;2;;;;;;;;;;3;1;;;
01/08/2015;12:28:00;81;com vítima;256,317;BR-101/RJ;Norte;Engavetamento;2;;2;;;;;;;1;7;;1;2;
11/08/2015;20:56:00;219;com vítima;256,6;BR-101/RJ;Sul;Colisão Transversal;1;;;;;;;;;1;0;1;1;;
11/08/2015;22:25:00;226;com vítima;256,6;BR-101/RJ;Norte;Capotamento;1;;;;;;;;;;0;3;;;
02/09/2015;01:51:00;9;sem vítima;256,16;BR-101/RJ;Sul;Choque - Defensa, barreira ou "submarino";;;;;;;;;;1;1;;;;
02/10/2015;18:13:00;194;com vítima;256,4;BR-101/RJ;Sul;Colisão Traseira;;;;1;;;;;;;1;1;;;
23/12/2015;17:08:00;203;com vítima;256;BR-101/RJ;Sul;Colisão Traseira;2;;;;;;;;;;3;1;;;
23/12/2015;17:39:00;213;sem vítima;256;BR-101/RJ;Sul;Colisão Traseira;2;;;;;;;;;;2;;;;
21/03/2010;22:31:00;162;com vítima;257;BR-101/RJ;Sul;Colisão Frontal;1;;1;;;;;;;;3;;;;1
25/04/2010;11:31:00;59;sem vítima;257;BR-101/RJ;Sul;Colisão Traseira;2;;;;;;;;;;3;;;;
10/06/2010;18:13:00;145;com vítima;257;BR-101/RJ;Norte;Saida de Pista;1;;;;;1;;;;;1;3;;;
23/07/2010;11:44:00;75;sem vítima;257;BR-101/RJ;Norte;Saida de Pista;1;;;;;;;;;;3;;;;
26/09/2010;22:40:00;175;com vítima;257;BR-101/RJ;Norte;Atropelamento - Morador;;;;1;;;;;;;0;1;;1;
16/01/2011;06:47:00;33;sem vítima;257;BR-101/RJ;Norte;Saida de Pista;1;;;;;;;;;;2;;;;
21/01/2011;22:02:00;221;sem vítima;257;BR-101/RJ;Sul;Colisão Traseira;1;;1;;;;;;;;2;;;;
17/09/2011;06:41:00;34;com vítima;257,3999938964844;BR-101/RJ;Sul;Colisão Traseira;1;;;;1;;;;;;20;;2;;
21/10/2011;10:09:00;60;sem vítima;257;BR-101/RJ;Sul;Colisão Lateral;2;;1;;;;;;;;3;;;;
05/04/2012;19:04:00;190;com vítima;257;BR-101/RJ;Norte;Atropelamento de Animal;;;;1;;;;;;;0;;1;;
18/05/2012;22:28:00;180;com vítima;257,26;BR-101/RJ;Sul;Saida de Pista;1;;;;;;;;;;0;;1;;
26/05/2012;11:17:00;83;sem vítima;257;BR-101/RJ;Norte;Saida de Pista;1;;;;;;;;;;1;;;;
30/06/2012;05:26:00;31;sem vítima;257;BR-101/RJ;Sul;Colisão Traseira;2;;;;;;;;;;3;;;;
06/09/2012;22:01:00;172;sem vítima;257,997;BR-101/RJ;Norte;Colisão Lateral;1;;;;;1;;;;;4;;;;
15/09/2012;20:48:00;189;com vítima;257,739;BR-101/RJ;Sul;Atropelamento - Morador;;;;;;1;;;;;1;;;;1
27/09/2012;20:44:00;184;com vítima;257;BR-101/RJ;Norte;Saida de Pista;1;;;;;;;;;;1;1;;;
13/12/2012;05:24:00;14;com vítima;257,8;BR-101/RJ;Norte;Colisão Frontal;;;;1;;;;;;1;8;;;;1
24/03/2013;06:03:00;21;com vítima;257,506;BR-101/RJ;Sul;Saida de Pista;;;;;;;;;;1;0;3;;;
07/07/2013;04:13:00;19;sem vítima;257,544;BR-101/RJ;Norte;Saida de Pista;1;;;;;;;;;;2;;;;
30/07/2013;11:53:00;73;sem vítima;257;BR-101/RJ;Norte;Outros - Sequência;2;;;;;;;;;;6;;;;
05/11/2013;20:54:00;156;sem vítima;257;BR-101/RJ;Norte;Saida de Pista;1;;;;;;;;;;1;;;;
06/02/2014;12:23:00;102;sem vítima;257;BR-101/RJ;Norte;Colisão Traseira;2;;;;;;;;;;5;;;;
22/03/2014;02:22:00;15;com vítima;257,203;BR-101/RJ;Norte;Outros - Sequência;1;;;;;;;;;1;2;1;;;
22/03/2014;03:06:00;18;com vítima;257,203;BR-101/RJ;Norte;Outros - Sequência;2;;;;;;;;;;4;1;;;
18/04/2014;06:28:00;47;sem vítima;257;BR-101/RJ;Norte;Colisão Traseira;2;;;;;;;;;;2;;;;
11/05/2014;19:01:00;150;sem vítima;257,32;BR-101/RJ;Sul;Engavetamento;1;;;;;2;;;;;3;;;;
14/05/2014;12:29:00;85;sem vítima;257;BR-101/RJ;Sul;Colisão Traseira;2;;;;;;;;;;2;;;;
24/06/2014;16:49:00;135;com vítima;257,03;BR-101/RJ;Sul;Colisão Transversal;1;;;;;;;;;1;1;1;1;;
13/09/2014;21:49:00;161;com vítima;257,888;BR-101/RJ;Norte;Colisão Transversal;2;;;;;;;;;;1;1;1;;
23/09/2014;06:58:00;23;com vítima;257;BR-101/RJ;Sul;Colisão Transversal;1;;;1;;;;;;;1;1;;;
01/12/2014;06:30:00;23;com vítima;257;BR-101/RJ;Sul;Atropelamento - Morador;;;;1;;;;;;;0;2;;;
07/12/2014;17:59:00;111;com vítima;257;BR-101/RJ;Sul;Saida de Pista;1;;;;;;;;;;0;1;1;;
27/12/2014;20:12:00;154;com vítima;257;BR-101/RJ;Norte;Outros - Sequência;5;;;;;;;;;;12;1;3;;
12/01/2015;18:00:00;162;com vítima;257;BR-101/RJ;Sul;Colisão Frontal;2;;;;;;;;;;0;4;;;
13/01/2015;17:41:00;138;sem vítima;257;BR-101/RJ;Norte;Colisão Traseira;1;;;1;;;;;;;3;;;;
25/01/2015;15:11:00;85;com vítima;257;BR-101/RJ;Sul;Engavetamento;3;;;;;;;;;;7;2;;;
14/04/2015;21:05:00;178;sem vítima;257;BR-101/RJ;Norte;Colisão Traseira;1;;;;;;;;;1;2;;;;
30/04/2015;07:05:00;30;com vítima;257,55;BR-101/RJ;Sul;Queda de Moto;;;;1;;;;;;;0;1;;;
03/10/2015;07:07:00;46;sem vítima;257,796;BR-101/RJ;Sul;Saida de Pista;;;;;;;;;;1;1;;;;
19/11/2015;18:05:00;194;sem vítima;257;BR-101/RJ;Norte;Colisão Lateral;;;1;;;1;;;;;2;;;;
09/02/2010;21:31:00;222;com vítima;258;BR-101/RJ;Sul;Atropelamento - Ciclista;1;1;;;;;;;;;3;;;;1
25/04/2010;11:09:00;54;com vítima;258;BR-101/RJ;Norte;Saida de Pista;1;;;;;;;;;;0;1;1;;
30/04/2010;02:06:00;11;com vítima;258;BR-101/RJ;Sul;Colisão Transversal;1;;1;;;;;;;;1;;1;;
29/05/2010;02:16:00;12;sem vítima;258;BR-101/RJ;Sul;Saida de Pista;;;1;;;;;;;;1;;;;
21/10/2010;13:12:00;104;sem vítima;258;BR-101/RJ;Sul;Saida de Pista;1;;;;;;;;;;4;;;;
09/12/2010;08:02:00;37;sem vítima;258;BR-101/RJ;Norte;Colisão Lateral;1;;;;;;;;;;1;;;;
28/08/2011;10:55:00;52;com vítima;258;BR-101/RJ;Norte;Atropelamento - Morador;1;;;;;;;;;;2;;;;1
04/10/2011;15:22:00;117;sem vítima;258;BR-101/RJ;Sul;Colisão Lateral;;;2;;;;;;;;2;;;;
04/10/2011;11:57:00;78;com vítima;258,8999938964844;BR-101/RJ;Norte;Tombamento;1;;2;;;;;;;;1;2;;1;
10/11/2011;12:34:00;89;sem vítima;258;BR-101/RJ;Norte;Colisão Traseira;;;;;1;;;;;1;3;;;;
25/11/2011;16:39:00;128;sem vítima;258;BR-101/RJ;Norte;Colisão Traseira;;;1;;;1;;;;;2;;;;
05/12/2011;08:05:00;64;sem vítima;258;BR-101/RJ;Sul;Saida de Pista;1;;;;;;;;;;1;;;;
20/12/2011;17:30:00;174;sem vítima;258,5;BR-101/RJ;Norte;Saida de Pista;1;;;;;;;;;;2;;;;
16/02/2012;23:04:00;228;com vítima;258;BR-101/RJ;Sul;Queda de Moto;;;;;;2;;;;;1;1;;;
02/04/2012;20:44:00;184;sem vítima;258,5;BR-101/RJ;Sul;Colisão Transversal;;;;;;1;;;;1;3;;;;
21/04/2012;22:31:00;172;com vítima;258,9;BR-101/RJ;Norte;Colisão Frontal;1;;1;;;;;;;;1;;1;;
01/08/2012;19:02:00;178;sem vítima;258,05;BR-101/RJ;Norte;Colisão Lateral;2;;;;;;;;;;5;;;;
13/09/2012;20:55:00;186;com vítima;258,53;BR-101/RJ;Norte;Atropelamento - Morador;1;;;;;;;;;;0;1;;;1
14/10/2012;21:26:00;145;sem vítima;258;BR-101/RJ;Sul;Colisão Lateral;2;;;;;;;;;;3;;;;
09/11/2012;14:37:00;123;sem vítima;258,2;BR-101/RJ;Sul;Colisão Frontal;2;;1;;;;;;;1;7;;;;
23/11/2012;16:36:00;162;sem vítima;258;BR-101/RJ;Sul;Colisão Traseira;;;2;;;;;;;;4;;;;
23/03/2013;22:47:00;211;sem vítima;258,436;BR-101/RJ;Norte;Saida de Pista;1;;;;;;;;;;5;;;;
25/03/2013;14:17:00;108;sem vítima;258;BR-101/RJ;Norte;Colisão Traseira;2;;;;;;;;;;8;;;;
02/06/2013;03:00:00;20;sem vítima;258;BR-101/RJ;Norte;Saida de Pista;1;;;;;;;;;;2;;;;
19/06/2013;08:23:00;47;sem vítima;258;BR-101/RJ;Norte;Colisão Lateral;1;;1;;;;;;;;2;;;;
09/07/2013;17:19:00;128;sem vítima;258;BR-101/RJ;Sul;Colisão Lateral;2;;;;;;;;;;4;;;;
19/07/2013;08:29:00;59;com vítima;258,08;BR-101/RJ;Norte;Colisão Traseira;1;;1;;;;;;;;1;2;;;
20/07/2013;04:17:00;35;com vítima;258,744;BR-101/RJ;Norte;Colisão Lateral;;;;1;;1;;;;;1;;;;1
03/08/2013;12:42:00;100;com vítima;258;BR-101/RJ;Sul;Saida de Pista;1;;;;;;;;;;0;;1;;
13/10/2013;10:13:00;51;com vítima;258,5;BR-101/RJ;Sul;Colisão Lateral;1;;;1;;;;;;;2;1;;;
15/12/2013;04:10:00;21;com vítima;258,2;BR-101/RJ;Sul;Saida de Pista;1;;;;;;;;;;0;1;;;
17/02/2014;01:24:00;10;sem vítima;258;BR-101/RJ;Norte;Atropelamento de Animal;;;;;1;;;;;;46;;;;
21/02/2014;22:49:00;240;com vítima;258,43;BR-101/RJ;Norte;Colisão Lateral;;;;2;;;;;;;0;3;1;;
22/02/2014;20:44:00;173;com vítima;258,42;BR-101/RJ;Sul;Colisão Frontal;;;;1;;1;;;;;1;;;;1
18/04/2014;07:51:00;64;sem vítima;258,2;BR-101/RJ;Norte;Colisão Traseira;2;;;;;;;;;;2;;;;
08/07/2014;07:18:00;22;com vítima;258;BR-101/RJ;Norte;Colisão Transversal;2;;;;;;;;;;2;3;;;
09/08/2014;14:56:00;109;sem vítima;258;BR-101/RJ;Norte;Colisão Lateral;2;;;;;;;;;;2;;;;
15/08/2014;12:51:00;81;sem vítima;258;BR-101/RJ;Sul;Colisão Traseira;2;;;;;;;;;;4;;;;
06/10/2014;00:51:00;9;sem vítima;258;BR-101/RJ;Sul;Colisão Traseira;;;2;;;;;;;;2;;;;
04/11/2014;18:49:00;178;com vítima;258,656;BR-101/RJ;Sul;Capotamento;1;;;;;;;;;;0;;;1;
19/12/2014;22:13:00;199;com vítima;258;BR-101/RJ;Sul;Colisão Frontal;1;;;;;;;;;1;2;1;;;
10/02/2015;10:54:00;94;sem vítima;258;BR-101/RJ;Sul;Colisão Traseira;1;;1;;;;;;;;4;0;0;0;0
03/04/2015;06:21:00;28;com vítima;258,492;BR-101/RJ;Norte;Outros - Sequência;4;;;;;;;;;;8;5;;;
03/04/2015;04:22:00;16;com vítima;258,53;BR-101/RJ;Sul;Colisão Transversal;2;;;;;;;;;;0;4;2;;
22/05/2015;06:21:00;40;com vítima;258;BR-101/RJ;Sul;Saida de Pista;1;;;;;;;;;;0;1;;;
21/08/2015;06:42:00;21;com vítima;258,555;BR-101/RJ;Norte;Colisão Transversal;1;;;1;;;;;;;1;;1;;
13/09/2015;13:48:00;87;com vítima;258;BR-101/RJ;Norte;Colisão Frontal;2;;;;;;;;;;0;3;2;;
17/09/2015;06:54:00;31;com vítima;258;BR-101/RJ;Norte;Colisão Traseira;2;;;;;1;;;;;3;1;;;
22/09/2015;08:27:00;60;com vítima;258,248;BR-101/RJ;Norte;Colisão Frontal;;;1;1;;;;;;;2;;;;1
14/10/2015;23:23:00;222;sem vítima;258;BR-101/RJ;Norte;Atropelamento de Animal;;;1;;;;;;;;1;;;;
08/11/2015;17:41:00;149;com vítima;258,507;BR-101/RJ;Sul;Colisão Traseira;1;;1;;;;;;;;2;;;;2
02/01/2010;23:51:00;243;sem vítima;259;BR-101/RJ;Sul;Atropelamento de Animal;1;;;;;;;;;;2;;;;
16/01/2010;21:13:00;196;sem vítima;259;BR-101/RJ;Norte;Colisão Transversal;2;;;;;;;;;;5;;;;
01/02/2010;13:53:00;113;sem vítima;259;BR-101/RJ;Norte;Objeto lançado contra veículo;2;;;;;;;;;;2;;;;
04/03/2010;13:07:00;101;com vítima;259;BR-101/RJ;Sul;Colisão Frontal;;;2;;;;;;;;0;;2;1;
09/03/2010;17:35:00;169;sem vítima;259;BR-101/RJ;Sul;Colisão Lateral;1;;2;;;;;;;;4;;;;
10/03/2010;11:56:00;100;com vítima;259;BR-101/RJ;Norte;Colisão Lateral;1;;;;;;;;;;0;1;;;
11/03/2010;15:47:00;120;com vítima;259;BR-101/RJ;Sul;Colisão Lateral;1;;1;;;;;;;;2;1;;;
13/03/2010;08:47:00;55;com vítima;259;BR-101/RJ;Sul;Colisão Traseira;2;;;;;;;;;;2;2;;;
27/03/2010;08:02:00;41;com vítima;259;BR-101/RJ;Norte;Queda de Moto;;;;1;;;;;;;1;1;;;
04/04/2010;17:06:00;154;com vítima;259;BR-101/RJ;Norte;Atropelamento - Morador;1;;;;;;;;;;1;;2;;
10/04/2010;18:13:00;152;com vítima;259;BR-101/RJ;Norte;Queda de Moto;;;;1;;;;;;;0;;1;;
06/05/2010;08:24:00;47;com vítima;259;BR-101/RJ;Norte;Colisão Lateral;1;;2;;;;;;;;3;;;2;1
09/05/2010;00:26:00;4;sem vítima;259;BR-101/RJ;Sul;Colisão Traseira;2;;;;;;;;;;6;;;;
26/06/2010;23:08:00;165;com vítima;259;BR-101/RJ;Sul;Colisão Transversal;1;;1;;;;;;;;1;2;;1;
27/08/2010;18:19:00;170;sem vítima;259;BR-101/RJ;Norte;Colisão Traseira;2;;;;;;;;;;2;;;;
20/09/2010;19:20:00;155;sem vítima;259;BR-101/RJ;Sul;Colisão Transversal;;;1;;1;;;;;;2;;;;
02/10/2010;21:56:00;176;com vítima;259;BR-101/RJ;Sul;Colisão Transversal;1;;1;;;;;;;;1;2;;;
07/10/2010;10:09:00;66;sem vítima;259;BR-101/RJ;Sul;Colisão Lateral;1;;1;;;;;;;;2;;;;
19/10/2010;07:01:00;34;sem vítima;259;BR-101/RJ;Norte;Colisão Frontal;1;;2;;;;;;;;6;;;;
02/11/2010;20:39:00;166;com vítima;259;BR-101/RJ;Norte;Colisão Transversal;2;;;;;;;;;;4;3;;;
13/11/2010;14:01:00;138;com vítima;259;BR-101/RJ;Norte;Colisão Lateral;1;;1;;;;;;;;1;1;;;
23/11/2010;19:42:00;184;sem vítima;259;BR-101/RJ;Norte;Colisão Lateral;1;;1;;;;;;;;3;;;;
24/11/2010;13:43:00;100;com vítima;259;BR-101/RJ;Sul;Colisão Transversal;;;;1;;;;;;1;1;;1;;
10/01/2011;08:47:00;57;com vítima;259;BR-101/RJ;Sul;Colisão Traseira;1;;;1;;;;;;;1;;1;;
26/01/2011;19:22:00;161;sem vítima;259;BR-101/RJ;Sul;Colisão Traseira;1;;;;;;;;;1;2;;;;
10/02/2011;09:13:00;71;sem vítima;259;BR-101/RJ;Sul;Engavetamento;;;2;;;;;;;1;5;;;;
11/03/2011;11:17:00;69;sem vítima;96,5;BR-101/RJ;Sul;Colisão Traseira;1;;;;;;;;;1;11;;;;
03/05/2011;11:44:00;71;com vítima;259;BR-101/RJ;Sul;Atropelamento - Ciclista;1;1;;;;;;;;;4;1;;;
23/05/2011;00:20:00;4;com vítima;259;BR-101/RJ;Sul;Queda de Moto;;;;1;;;;;;;0;;1;;
04/09/2011;23:04:00;146;com vítima;259,6000061035156;BR-101/RJ;Sul;Colisão Transversal;1;;;;;;;;;1;2;;2;;
19/11/2011;21:42:00;132;sem vítima;259;BR-101/RJ;Norte;Queda de Moto;;;;1;;;;;;;1;;;;
28/11/2011;15:25:00;116;sem vítima;259;BR-101/RJ;Norte;Colisão Transversal;3;;;;;;;;;;5;;;;
29/11/2011;12:20:00;94;sem vítima;259,5;BR-101/RJ;Norte;Colisão Lateral;1;;1;;;;;;;;5;;;;
23/02/2012;09:36:00;87;com vítima;259;BR-101/RJ;Sul;Colisão Lateral;2;;;;;;;;;;0;3;;;
13/03/2012;10:03:00;77;sem vítima;259;BR-101/RJ;Sul;Engavetamento;3;;;;;;;;;1;6;;;;
18/03/2012;13:22:00;80;com vítima;259;BR-101/RJ;Norte;Engavetamento;4;;;;;;;;;;5;1;;;
21/03/2012;06:21:00;21;com vítima;259,5;BR-101/RJ;Norte;Colisão Traseira;;;1;;1;;;;;;1;3;;;
25/03/2012;11:28:00;59;sem vítima;259;BR-101/RJ;Norte;Colisão Lateral;1;;;;;;;;;1;3;;;;
06/04/2012;10:15:00;86;sem vítima;259;BR-101/RJ;Sul;Colisão Transversal;3;;;;;;;;;;8;;;;
19/04/2012;17:35:00;134;com vítima;259;BR-101/RJ;Norte;Atropelamento - Andarilho;1;;;;;;;;;;1;;;;1
29/06/2012;15:49:00;144;com vítima;259;BR-101/RJ;Norte;Colisão Transversal;1;;1;;;;;;;;2;1;;;
19/07/2012;03:44:00;12;com vítima;259,6;BR-101/RJ;Norte;Colisão Transversal;1;;1;;;;;;;;1;;2;;
05/08/2012;17:17:00;132;com vítima;259,59;BR-101/RJ;Norte;Colisão Transversal;1;;1;;;;;;;;1;;1;;
09/08/2012;14:14:00;91;com vítima;259,5;BR-101/RJ;Norte;Colisão Frontal;2;;1;;;;;;;;2;;1;;
20/10/2012;23:09:00;218;com vítima;259,559;BR-101/RJ;Norte;Atropelamento - Morador;;;1;;;;;;;;1;;;;1
18/11/2012;17:48:00;105;com vítima;259;BR-101/RJ;Norte;Colisão Transversal;1;;;1;;;;;;;2;;1;;
19/01/2013;00:55:00;7;com vítima;259,58;BR-101/RJ;Norte;Atropelamento - Morador;;;;;;1;;;;;1;;;;1
22/01/2013;16:55:00;155;sem vítima;259,6;BR-101/RJ;Norte;Colisão Transversal;;;2;;;;;;;;4;;;;
13/03/2013;20:17:00;210;com vítima;259,7;BR-101/RJ;Sul;Colisão Transversal;1;;1;;;;;;;;1;3;;;
22/03/2013;13:15:00;112;sem vítima;259,5;BR-101/RJ;Norte;Colisão Traseira;1;;;1;;;;;;;2;;;;
30/03/2013;00:02:00;1;sem vítima;259;BR-101/RJ;Norte;Colisão Traseira;;;1;;;1;;;;;2;;;;
05/05/2013;15:14:00;74;sem vítima;259,6;BR-101/RJ;Norte;Colisão Lateral;2;;;;;;;;;;4;;;;
05/05/2013;18:22:00;112;sem vítima;259,6;BR-101/RJ;Norte;Colisão Transversal;1;;1;;;;;;;;4;;;;
06/05/2013;06:34:00;25;sem vítima;259,61;BR-101/RJ;Sul;Saida de Pista;1;;;;;;;;;;3;;;;
10/05/2013;07:17:00;30;sem vítima;259,7;BR-101/RJ;Sul;Colisão Lateral;1;;1;;;;;;;;5;;;;
18/05/2013;22:47:00;173;com vítima;259,6;BR-101/RJ;Sul;Colisão Transversal;1;;;;;;;;;1;2;1;1;;
07/07/2013;18:05:00;134;com vítima;259,6;BR-101/RJ;Sul;Colisão Lateral;2;;;;;;;;;;0;4;;;
08/07/2013;11:59:00;78;com vítima;259,4;BR-101/RJ;Norte;Colisão Transversal;1;;1;;;;;;;;1;5;2;;
11/07/2013;07:02:00;31;sem vítima;259;BR-101/RJ;Sul;Colisão Frontal;2;;;;;;;;;;2;;;;
17/07/2013;12:02:00;85;sem vítima;259;BR-101/RJ;Sul;Colisão Traseira;;;;1;;1;;;;;2;;;;
20/07/2013;07:45:00;52;sem vítima;259,675;BR-101/RJ;Sul;Capotamento;1;;;;;;;;;;1;;;;
26/07/2013;21:04:00;192;com vítima;259,595;BR-101/RJ;Norte;Colisão Transversal;2;;;;;;;;;;2;7;;;
10/08/2013;00:09:00;2;com vítima;259,645;BR-101/RJ;Sul;Colisão Traseira;1;;;;;1;;;;;3;3;;;
25/10/2013;18:15:00;176;com vítima;259;BR-101/RJ;Sul;Engavetamento;1;;1;;;;;;;1;12;1;;;
05/11/2013;21:37:00;165;com vítima;259,7;BR-101/RJ;Norte;Colisão Lateral;;;1;1;;;;;;;1;;;;1
13/11/2013;20:30:00;162;com vítima;259,604;BR-101/RJ;Norte;Colisão Lateral;;;1;;1;;;;;;2;1;;;
14/12/2013;11:58:00;106;com vítima;259,6;BR-101/RJ;Norte;Atropelamento - Outros;1;;;;;;;;;;3;1;;;1
30/12/2013;22:10:00;219;com vítima;259,5;BR-101/RJ;Sul;Colisão Lateral;1;;;;;1;;;;;5;1;;;
02/01/2014;16:38:00;156;sem vítima;259,639;BR-101/RJ;Norte;Colisão Transversal;1;;1;;;;;;;;6;;;;
12/01/2014;01:28:00;11;com vítima;259,63;BR-101/RJ;Sul;Colisão Transversal;2;;;;;;;;;;1;3;;;
16/01/2014;16:06:00;132;com vítima;259,695;BR-101/RJ;Norte;Capotamento;1;;;;;;;;;;4;;1;;
17/01/2014;12:13:00;85;com vítima;259;BR-101/RJ;Sul;Queda de Moto;;;;1;;;;;;;0;;1;;
31/01/2014;10:13:00;73;sem vítima;259;BR-101/RJ;Norte;Colisão Traseira;;;2;;;;;;;;2;;;;
08/02/2014;13:37:00;101;sem vítima;259;BR-101/RJ;Norte;Saida de Pista;1;;;;;;;;;;1;;;;
28/03/2014;09:04:00;64;sem vítima;259,5;BR-101/RJ;Norte;Saida de Pista;1;;;;;;;;;;2;;;;
28/03/2014;02:16:00;10;com vítima;259,574;BR-101/RJ;Sul;Colisão Frontal;2;;1;;;;;;;;2;3;;;
09/04/2014;19:26:00;185;com vítima;259,655;BR-101/RJ;Sul;Colisão Transversal;1;;;1;;;;;;;4;;1;;
10/04/2014;12:55:00;114;sem vítima;259;BR-101/RJ;Norte;Colisão Lateral;1;;;;;1;;;;;3;;;;
02/05/2014;14:18:00;85;com vítima;259;BR-101/RJ;Sul;Saida de Pista;;;;;;;;;;1;0;1;;;
17/05/2014;16:25:00;114;sem vítima;259;BR-101/RJ;Norte;Colisão Lateral;1;;;;;;;;;;1;;;;
28/05/2014;20:59:00;162;sem vítima;259,497;BR-101/RJ;Norte;Colisão Transversal;;;1;;1;;;;;;3;;;;
25/06/2014;13:41:00;98;com vítima;259,569;BR-101/RJ;Norte;Colisão Transversal;1;;1;;;;;;;;2;;;;1
27/07/2014;19:22:00;143;sem vítima;259;BR-101/RJ;Norte;Saida de Pista;1;;;;;;;;;;1;;;;
20/08/2014;14:40:00;109;com vítima;259,229;BR-101/RJ;Norte;Queda de Moto;;;;1;;;;;;;0;;1;;
27/09/2014;17:53:00;140;sem vítima;259,59;BR-101/RJ;Norte;Colisão Transversal;2;;;;;;;;;;11;;;;
06/10/2014;19:56:00;176;com vítima;259,62;BR-101/RJ;Norte;Colisão Transversal;2;;;;;;;;;;0;3;;;
01/11/2014;22:44:00;214;com vítima;259;BR-101/RJ;Norte;Colisão Lateral;2;;;;;;;;;;0;3;1;;
04/11/2014;00:44:00;3;sem vítima;259;BR-101/RJ;Sul;Atropelamento de Animal;;;1;;;;;;;;1;;;;
12/12/2014;16:42:00;125;com vítima;259;BR-101/RJ;Norte;Atropelamento - Ciclista;;1;;;;;;;;1;5;;;1;
24/12/2014;11:15:00;79;sem vítima;259;BR-101/RJ;Norte;Colisão Transversal;2;;;;;;;;;;4;;;;
28/12/2014;09:58:00;40;sem vítima;259,6;BR-101/RJ;Norte;Colisão Transversal;2;;;;;;;;;;3;;;;
24/01/2015;07:56:00;38;com vítima;259,594;BR-101/RJ;Norte;Colisão Transversal;1;;1;;;;;;;;1;;1;1;1
13/03/2015;15:06:00;107;sem vítima;259;BR-101/RJ;Sul;Colisão Frontal;1;;;;;;;;;1;4;0;0;0;0
14/03/2015;20:05:00;167;com vítima;259,684;BR-101/RJ;Norte;Colisão Frontal;;;;1;;;;;;1;4;0;1;0;0
29/03/2015;00:29:00;3;com vítima;259,5;BR-101/RJ;Norte;Colisão Transversal;2;;;;;;;;;;3;0;1;0;0
16/04/2015;10:45:00;88;com vítima;259,579;BR-101/RJ;Norte;Colisão Transversal;1;;1;;;;;;;;0;1;;;2
22/05/2015;15:09:00;143;com vítima;259;BR-101/RJ;Sul;Colisão Lateral;2;;;;;;;;;;2;1;;;
14/08/2015;22:35:00;198;com vítima;259;BR-101/RJ;Sul;Atropelamento - Morador;;;;;;1;;;;;1;;1;;
20/08/2015;21:52:00;182;sem vítima;259,667;BR-101/RJ;Norte;Colisão Traseira;;;2;;;;;;;;2;;;;
22/08/2015;03:07:00;22;com vítima;259,63;BR-101/RJ;Norte;Colisão Transversal;;;2;1;;;;;;;0;1;;1;2
08/09/2015;02:21:00;19;sem vítima;259;BR-101/RJ;Norte;Saida de Pista;1;;;;;;;;;;1;;;;
12/09/2015;02:16:00;14;com vítima;259;BR-101/RJ;Sul;Atropelamento - Morador;1;;;;;;;;;;1;1;;;
17/09/2015;15:50:00;177;sem vítima;259;BR-101/RJ;Sul;Colisão Traseira;;;;1;;;;;;;1;;;;
28/11/2015;21:29:00;201;com vítima;259,6;BR-101/RJ;Norte;Colisão Lateral;1;;;1;;;;;;;2;1;;;
18/12/2015;22:03:00;286;com vítima;259;BR-101/RJ;Norte;Colisão Transversal;2;;;;;;;;;;2;1;;;
30/12/2015;08:20:00;61;sem vítima;259;BR-101/RJ;Sul;Colisão Traseira;1;;;1;;;;;;;2;;;;
17/02/2010;12:15:00;124;com vítima;260;BR-101/RJ;Norte;Colisão Transversal;;;1;;;;;;1;;0;1;1;;
17/02/2010;13:43:00;154;com vítima;260;BR-101/RJ;Norte;Colisão Traseira;1;;;1;;;;;;;1;1;1;;
18/02/2010;10:56:00;99;sem vítima;260;BR-101/RJ;Norte;Colisão Traseira;2;;;;;;;;;;8;;;;
06/03/2010;05:30:00;33;com vítima;260;BR-101/RJ;Sul;Colisão Frontal;;;1;;;;;;;1;1;;;1;
17/03/2010;20:46:00;173;sem vítima;260;BR-101/RJ;Sul;Tombamento;;;1;;;;;;;;1;;;;
17/04/2010;15:46:00;108;sem vítima;260;BR-101/RJ;Sul;Colisão Traseira;1;;;;;1;;;;;4;;;;
21/05/2010;10:33:00;68;sem vítima;260;BR-101/RJ;Norte;Colisão Lateral;1;;;;;;;;;1;2;;;;
21/05/2010;23:33:00;177;sem vítima;260;BR-101/RJ;Sul;Colisão Traseira;;;2;;;;;;;;2;;;;
22/05/2010;11:25:00;70;com vítima;260;BR-101/RJ;Norte;Colisão Lateral;1;;1;;;;;;;;2;1;;;
23/05/2010;11:53:00;78;com vítima;260;BR-101/RJ;Sul;Colisão Frontal;2;;;;;;;;;;4;2;1;;
08/06/2010;16:26:00;122;com vítima;260;BR-101/RJ;Sul;Colisão Transversal;1;;1;;;;;;;;1;1;;;
03/08/2010;16:26:00;126;com vítima;260;BR-101/RJ;Sul;Colisão Lateral;1;;;;;;;;;1;0;6;2;;