data;horario;n_da_ocorrencia;tipo_de_ocorrencia;km;trecho;sentido;tipo_de_acidente;automovel;bicicleta;caminhao;moto;onibus;outros;tracao_animal;transporte_de_cargas_especiais;trator_maquinas;utilitarios;ilesos;levemente_feridos;moderadamente_feridos;gravemente_feridos;mortos
19/12/2011;09:55:00;86;sem vítima;262;BR-101/RJ;Norte;Saida de Pista;1;;;;;;;;;;1;;;;
26/12/2011;22:12:00;204;sem vítima;262;BR-101/RJ;Norte;Saida de Pista;1;;;;;;;;;;3;;;;
02/01/2012;11:59:00;100;com vítima;262;BR-101/RJ;Sul;Colisão Traseira;2;;;;;;;;;;5;1;;;
13/01/2012;13:00:00;101;com vítima;262;BR-101/RJ;Norte;Tombamento;;;1;;;;;;;;2;;1;;
16/01/2012;17:02:00;159;sem vítima;262,8;BR-101/RJ;Sul;Colisão Traseira;;;1;;1;;;;;;2;;;;
21/01/2012;19:00:00;153;com vítima;262;BR-101/RJ;Sul;Colisão Traseira;1;;;1;;;;;;;1;1;1;;
23/01/2012;19:01:00;207;sem vítima;262;BR-101/RJ;Sul;Colisão Traseira;2;;;;;;;;;;2;;;;
28/01/2012;07:27:00;48;sem vítima;262;BR-101/RJ;Sul;Colisão Lateral;2;;;;;;;;;;2;;;;
16/02/2012;10:01:00;74;sem vítima;262;BR-101/RJ;Sul;Colisão Lateral;1;;1;;;;;;;;3;;;;
22/02/2012;11:28:00;70;sem vítima;262;BR-101/RJ;Sul;Engavetamento;3;;;;;;;;;;4;;;;
12/03/2012;11:25:00;90;sem vítima;262;BR-101/RJ;Sul;Saida de Pista;1;;;;;;;;;;2;;;;
09/04/2012;15:55:00;140;sem vítima;262;BR-101/RJ;Norte;Saida de Pista;1;;;;;;;;;;1;;;;
23/04/2012;08:01:00;38;com vítima;262;BR-101/RJ;Sul;Colisão Traseira;;;1;;;;;;;1;1;1;;;
26/05/2012;19:51:00;175;sem vítima;262;BR-101/RJ;Sul;Saida de Pista;1;;;;;;;;;;1;;;;
06/06/2012;12:30:00;101;sem vítima;262;BR-101/RJ;Norte;Outros - Sequência;2;;;;;;;;;;4;;;;
11/06/2012;10:22:00;86;com vítima;262;BR-101/RJ;Norte;Queda de Moto;;;;1;;;;;;;0;1;;;
20/06/2012;11:01:00;83;sem vítima;262,3;BR-101/RJ;Norte;Colisão Traseira;3;;;;;;;;;;8;;;;
09/07/2012;18:23:00;159;com vítima;262,8;BR-101/RJ;Norte;Choque - Defensa, barreira ou "submarino";1;;;;;;;;;;0;1;1;;
29/07/2012;18:53:00;168;com vítima;262,398;BR-101/RJ;Sul;Engavetamento;9;;;;;;;;;;23;1;1;;
02/08/2012;02:25:00;18;sem vítima;262,75;BR-101/RJ;Norte;Choque - Defensa, barreira ou "submarino";;;1;;;;;;;;1;;;;
05/08/2012;18:19:00;155;sem vítima;262;BR-101/RJ;Sul;Colisão Traseira;2;;;;;;;;;;6;;;;
05/08/2012;09:57:00;44;sem vítima;262,3;BR-101/RJ;Norte;Colisão Lateral;;;2;;;;;;;;2;;;;
05/08/2012;17:24:00;134;sem vítima;262,478;BR-101/RJ;Sul;Colisão Traseira;2;;;;;;;;;;6;;;;
05/08/2012;18:07:00;143;sem vítima;262,5;BR-101/RJ;Sul;Engavetamento;2;;;;;1;;;;;3;;;;
21/09/2012;23:31:00;204;sem vítima;262,5;BR-101/RJ;Sul;Saida de Pista;1;;;;;;;;;;3;;;;
28/09/2012;08:56:00;59;sem vítima;262;BR-101/RJ;Norte;Colisão Lateral;1;;1;;;;;;;;3;;;;
04/10/2012;20:38:00;193;sem vítima;262;BR-101/RJ;Sul;Colisão Lateral;2;;;;;;;;;;3;;;;
13/10/2012;08:31:00;36;sem vítima;262;BR-101/RJ;Norte;Colisão Lateral;;;2;;;;;;;;3;;;;
30/10/2012;17:24:00;166;sem vítima;262,495;BR-101/RJ;Norte;Colisão Traseira;1;;;;;1;;;;;2;;;;
11/11/2012;16:13:00;124;sem vítima;262;BR-101/RJ;Sul;Saida de Pista;1;;;;;;;;;;1;;;;
28/11/2012;17:22:00;147;sem vítima;262;BR-101/RJ;Sul;Colisão Lateral;1;;1;;;;;;;;2;;;;
01/12/2012;08:56:00;53;com vítima;262;BR-101/RJ;Norte;Queda de Moto;;;;1;;;;;;;0;;2;;
01/12/2012;21:34:00;175;sem vítima;262;BR-101/RJ;Sul;Outros;;1;;;;;;;;;1;;;;
02/12/2012;04:57:00;24;com vítima;262;BR-101/RJ;Sul;Queda de Moto;;;;1;;;;;;;0;;1;;
09/12/2012;10:18:00;65;sem vítima;262;BR-101/RJ;Norte;Capotamento;1;;;;;;;;;;7;;;;
17/12/2012;06:29:00;27;com vítima;262,8;BR-101/RJ;Sul;Choque - Defensa, barreira ou "submarino";;;;1;;;;;;;0;1;;;
23/12/2012;14:18:00;119;com vítima;262,3;BR-101/RJ;Sul;Saida de Pista;1;;;;;;;;;;1;3;;;
29/12/2012;07:00:00;40;com vítima;262;BR-101/RJ;Sul;Saida de Pista;1;;;;;;;;;;0;;1;;
02/01/2013;11:34:00;77;sem vítima;262;BR-101/RJ;Sul;Engavetamento;3;;;;;;;;;;7;;;;
02/01/2013;21:33:00;217;sem vítima;262;BR-101/RJ;Sul;Saida de Pista;1;;;;;;;;;;1;;;;
04/01/2013;17:13:00;147;sem vítima;262;BR-101/RJ;Sul;Colisão Lateral;1;;1;;;;;;;;2;;;;
10/01/2013;06:53:00;35;sem vítima;262;BR-101/RJ;Norte;Colisão Traseira;;;2;;;;;;;;2;;;;
10/01/2013;07:36:00;42;sem vítima;262;BR-101/RJ;Sul;Colisão Lateral;;;;;;2;;;;;2;;;;
19/01/2013;16:14:00;150;com vítima;262;BR-101/RJ;Sul;Atropelamento - Ciclista;;1;;1;;;;;;;1;1;1;;
20/01/2013;19:42:00;168;com vítima;262;BR-101/RJ;Sul;Engavetamento;6;;;;;;;;;;18;1;;;
05/02/2013;15:09:00;105;sem vítima;262;BR-101/RJ;Norte;Saida de Pista;1;;;;;;;;;;1;;;;
13/02/2013;20:08:00;248;com vítima;262;BR-101/RJ;Sul;Engavetamento;3;;;;;;;;;;13;1;;;
13/02/2013;23:41:00;285;sem vítima;262;BR-101/RJ;Sul;Colisão Traseira;1;;;;;1;;;;;4;;;;
03/03/2013;13:49:00;86;sem vítima;262,8;BR-101/RJ;Norte;Colisão Frontal;2;;;;;;;;;;6;;;;
04/04/2013;09:05:00;55;sem vítima;262,5;BR-101/RJ;Norte;Saida de Pista;1;;;;;;;;;;2;;;;
26/05/2013;01:49:00;15;com vítima;262;BR-101/RJ;Norte;Choque - Defensa, barreira ou "submarino";1;;;;;;;;;;0;1;;;
02/06/2013;12:27:00;80;sem vítima;262;BR-101/RJ;Sul;Colisão Traseira;2;;;;;;;;;;5;;;;
04/06/2013;00:57:00;2;sem vítima;262,525;BR-101/RJ;Norte;Colisão Traseira;2;;;;;;;;;;4;;;;
07/06/2013;21:41:00;189;sem vítima;262;BR-101/RJ;Norte;Choque - Defensa, barreira ou "submarino";1;;;;;1;;;;;5;;;;
15/06/2013;15:03:00;119;sem vítima;262;BR-101/RJ;Norte;Choque - Defensa, barreira ou "submarino";1;;;;;;;;;;4;;;;
22/06/2013;08:12:00;47;com vítima;262;BR-101/RJ;Sul;Colisão Traseira;2;;;;;;;;;;2;1;1;;
25/06/2013;07:46:00;34;sem vítima;262;BR-101/RJ;Sul;Saida de Pista;1;;;;;;;;;;3;;;;
02/07/2013;08:02:00;27;sem vítima;262;BR-101/RJ;Sul;Saida de Pista;1;;;;;;;;;;1;;;;
15/07/2013;16:34:00;144;sem vítima;262;BR-101/RJ;Norte;Colisão Traseira;2;;;;;;;;;;6;;;;
15/07/2013;02:38:00;18;sem vítima;262,491;BR-101/RJ;Sul;Saida de Pista;1;;;;;;;;;;4;;;;
16/07/2013;11:08:00;82;sem vítima;262;BR-101/RJ;Sul;Saida de Pista;1;;;;;;;;;;4;;;;
04/08/2013;21:52:00;211;com vítima;262;BR-101/RJ;Sul;Capotamento;1;;;;;;;;;;0;1;;;
08/08/2013;22:04:00;183;com vítima;262;BR-101/RJ;Norte;Saida de Pista;1;;;;;;;;;;0;1;;;
14/08/2013;11:31:00;92;sem vítima;262;BR-101/RJ;Norte;Engavetamento;2;;1;;;;;;;;5;;;;
24/08/2013;09:53:00;76;sem vítima;262,2;BR-101/RJ;Norte;Queda de Moto;;;;1;;;;;;;1;;;;
10/09/2013;08:49:00;57;sem vítima;262,5;BR-101/RJ;Norte;Colisão Traseira;2;;;1;;;;;;;3;;;;
10/09/2013;10:16:00;80;sem vítima;262,8;BR-101/RJ;Norte;Colisão Traseira;2;;;;;;;;;;3;;;;
15/09/2013;07:26:00;33;com vítima;262;BR-101/RJ;Norte;Saida de Pista;1;;;;;;;;;;0;2;;;
30/09/2013;16:57:00;110;sem vítima;262;BR-101/RJ;Norte;Colisão Traseira;1;;;;;1;;;;;5;;;;
04/10/2013;08:13:00;46;sem vítima;262;BR-101/RJ;Norte;Colisão Traseira;2;;;;;;;;;;2;;;;
07/10/2013;10:17:00;59;com vítima;262,093;BR-101/RJ;Norte;Engavetamento;4;;1;;;;;;;;10;1;;;
07/10/2013;10:29:00;61;sem vítima;262,133;BR-101/RJ;Norte;Colisão Traseira;1;;1;;;;;;;;3;;;;
13/10/2013;18:35:00;154;sem vítima;262;BR-101/RJ;Sul;Colisão Traseira;2;;;;;;;;;;4;;;;
16/10/2013;18:52:00;148;com vítima;262;BR-101/RJ;Sul;Saida de Pista;1;;;;;;;;;;2;1;;;
16/10/2013;14:54:00;116;sem vítima;262,308;BR-101/RJ;Sul;Colisão Traseira;2;;;;;;;;;;3;;;;
16/10/2013;15:01:00;119;sem vítima;262,355;BR-101/RJ;Sul;Engavetamento;2;;1;;;;;;;;5;;;;
16/10/2013;15:01:00;122;sem vítima;262,363;BR-101/RJ;Sul;Choque - Defensa, barreira ou "submarino";1;;;;;;;;;;2;;;;
19/10/2013;00:28:00;2;sem vítima;262;BR-101/RJ;Sul;Saida de Pista;1;;;;;;;;;;2;;;;
26/10/2013;07:46:00;39;com vítima;262,36;BR-101/RJ;Sul;Saida de Pista;1;;;;;;;;;;0;1;;;
02/11/2013;18:45:00;172;sem vítima;262,054;BR-101/RJ;Norte;Capotamento;1;;;;;;;;;;2;;;;
02/11/2013;22:11:00;188;sem vítima;262,477;BR-101/RJ;Sul;Colisão Lateral;1;;;;;1;;;;;4;;;;
14/11/2013;15:01:00;120;com vítima;262;BR-101/RJ;Norte;Queda de Moto;;;;1;;;;;;;0;;1;;
22/11/2013;18:22:00;165;com vítima;262;BR-101/RJ;Sul;Colisão Lateral;2;;;;;;;;;;1;1;;;
23/11/2013;01:45:00;8;com vítima;262;BR-101/RJ;Sul;Saida de Pista;1;;;;;;;;;;3;2;;;
24/12/2013;11:25:00;88;sem vítima;262,5;BR-101/RJ;Norte;Saida de Pista;1;;;;;;;;;;1;;;;
03/01/2014;23:23:00;262;com vítima;262;BR-101/RJ;Sul;Queda de Moto;;;;1;;;;;;;0;1;;;
07/01/2014;17:16:00;142;com vítima;262,057;BR-101/RJ;Norte;Colisão Frontal;2;;;;;;;;;;0;1;2;;
17/01/2014;13:43:00;100;sem vítima;262;BR-101/RJ;Norte;Choque - Defensa, barreira ou "submarino";1;;;;;;;;;;1;;;;
19/01/2014;10:44:00;70;sem vítima;262,147;BR-101/RJ;Norte;Saida de Pista;1;;;;;;;;;;1;;;;
26/01/2014;20:19:00;172;sem vítima;262;BR-101/RJ;Sul;Colisão Traseira;1;;;;;1;;;;;6;;;;
26/01/2014;09:34:00;51;sem vítima;262,035;BR-101/RJ;Sul;Colisão Traseira;;;;1;1;;;;;;2;;;;
26/01/2014;19:51:00;167;sem vítima;262,363;BR-101/RJ;Sul;Engavetamento;2;;;;;1;;;;;8;;;;
02/02/2014;20:51:00;205;sem vítima;262;BR-101/RJ;Sul;Engavetamento;2;;;;;1;;;;;3;;;;
02/02/2014;21:12:00;208;sem vítima;262;BR-101/RJ;Sul;Engavetamento;4;;;;;;;;;;16;;;;
09/02/2014;22:24:00;196;sem vítima;262,573;BR-101/RJ;Sul;Colisão Traseira;2;;;;;;;;;;6;;;;
15/02/2014;08:41:00;63;sem vítima;262;BR-101/RJ;Norte;Choque - Defensa, barreira ou "submarino";1;;;;;;;;;;2;;;;
15/02/2014;16:39:00;152;com vítima;262,105;BR-101/RJ;Norte;Choque - Defensa, barreira ou "submarino";;;1;;;;;;;;0;1;;;
16/02/2014;20:14:00;161;sem vítima;262;BR-101/RJ;Sul;Colisão Traseira;2;;;;;;;;;;5;;;;
27/02/2014;17:21:00;185;sem vítima;262,044;BR-101/RJ;Sul;Colisão Lateral;1;;1;;;;;;;;2;;;;
04/03/2014;21:35:00;185;sem vítima;262;BR-101/RJ;Sul;Colisão Traseira;1;;;;;1;;;;;6;;;;
05/03/2014;21:28:00;215;com vítima;262;BR-101/RJ;Sul;Engavetamento;3;;;;;;;;;;3;2;;;
06/03/2014;01:27:00;15;sem vítima;262;BR-101/RJ;Sul;Saida de Pista;1;;;;;;;;;;2;;;;
08/03/2014;12:28:00;86;sem vítima;262;BR-101/RJ;Sul;Engavetamento;3;;;;;;;;;;6;;;;
11/03/2014;06:10:00;18;com vítima;262;BR-101/RJ;Norte;Queda de Moto;;;;1;;;;;;;0;;;1;
11/03/2014;06:36:00;22;sem vítima;262;BR-101/RJ;Norte;Engavetamento;3;;;;;;;;;;4;;;;
20/03/2014;04:49:00;20;sem vítima;262,102;BR-101/RJ;Norte;Colisão Lateral;;;3;;;;;;;;4;;;;
22/03/2014;01:34:00;12;sem vítima;262,528;BR-101/RJ;Sul;Colisão Lateral;;;2;;;;;;;;2;;;;
26/03/2014;11:40:00;91;com vítima;262;BR-101/RJ;Sul;Saida de Pista;1;;;;;;;;;;0;1;1;;
08/04/2014;02:57:00;10;sem vítima;262,5;BR-101/RJ;Norte;Choque - Defensa, barreira ou "submarino";;;1;;;;;;;;1;;;;
14/04/2014;17:28:00;139;sem vítima;262;BR-101/RJ;Sul;Saida de Pista;1;;;;;;;;;;3;;;;
21/04/2014;20:39:00;166;sem vítima;262,499;BR-101/RJ;Sul;Engavetamento;3;;;;;;;;;;9;;;;
28/04/2014;21:15:00;152;sem vítima;262,778;BR-101/RJ;Sul;Choque - Defensa, barreira ou "submarino";;;1;;;;;;;;2;;;;
01/05/2014;07:48:00;32;com vítima;262;BR-101/RJ;Sul;Colisão Frontal;;;;1;1;;;;;;1;;;1;
11/05/2014;15:55:00;109;com vítima;262,255;BR-101/RJ;Sul;Saida de Pista;1;;;;;;;;;;0;5;;;
21/05/2014;04:58:00;12;sem vítima;262,32;BR-101/RJ;Sul;Tombamento;;;;;;;;;;1;4;;;;
25/05/2014;09:39:00;68;com vítima;262,4;BR-101/RJ;Norte;Colisão Traseira;1;;;;;;;;;1;3;1;;;
28/05/2014;21:11:00;165;sem vítima;262;BR-101/RJ;Norte;Saida de Pista;1;;;;;;;;;;1;;;;
06/06/2014;20:20:00;182;sem vítima;262;BR-101/RJ;Norte;Colisão Traseira;2;;;;;;;;;;4;;;;
06/06/2014;20:49:00;190;sem vítima;262;BR-101/RJ;Norte;Colisão Traseira;2;;;;;;;;;;2;;;;
15/06/2014;08:35:00;40;sem vítima;262;BR-101/RJ;Norte;Colisão Lateral;1;;1;;;;;;;;2;;;;
21/06/2014;09:56:00;39;com vítima;262;BR-101/RJ;Norte;Capotamento;1;;;;;;;;;;1;;1;;
03/07/2014;17:28:00;146;com vítima;262,3;BR-101/RJ;Sul;Colisão Lateral;1;;;1;;;;;;;5;;1;;
15/07/2014;19:30:00;141;com vítima;262,1;BR-101/RJ;Norte;Capotamento;1;;;;;;;;;;0;1;;;
25/07/2014;16:31:00;136;sem vítima;262,023;BR-101/RJ;Norte;Choque - Defensa, barreira ou "submarino";1;;;;;;;;;;3;;;;
26/07/2014;18:45:00;109;sem vítima;262;BR-101/RJ;Norte;Colisão Traseira;2;;;;;;;;;;6;;;;
26/07/2014;18:36:00;107;sem vítima;262,9;BR-101/RJ;Norte;Choque - Defensa, barreira ou "submarino";;;1;;;;;;;;1;;;;
07/08/2014;12:04:00;95;com vítima;262;BR-101/RJ;Norte;Colisão Frontal;1;;1;;;;;;;;1;;;1;
09/08/2014;04:22:00;27;sem vítima;262,5;BR-101/RJ;Sul;Saida de Pista;1;;;;;;;;;;1;;;;
12/08/2014;14:18:00;115;com vítima;262,156;BR-101/RJ;Norte;Queda de Moto;;;;1;;1;;;;;1;1;;;
27/08/2014;17:22:00;125;com vítima;262;BR-101/RJ;Norte;Colisão Transversal;2;;;;;;;;;;4;1;;;
30/08/2014;07:02:00;22;com vítima;262,881;BR-101/RJ;Sul;Colisão Lateral;2;;;;;;;;;;1;2;;;
01/09/2014;01:40:00;6;com vítima;262,8;BR-101/RJ;Norte;Choque - Defensa, barreira ou "submarino";1;;;;;;;;;;0;;2;;
02/09/2014;05:20:00;16;com vítima;262,261;BR-101/RJ;Norte;Capotamento;2;;;;;;;;;;7;2;;;
06/09/2014;03:57:00;15;sem vítima;262;BR-101/RJ;Sul;Saida de Pista;1;;;;;;;;;;1;;;;
07/09/2014;21:00:00;152;sem vítima;262;BR-101/RJ;Sul;Colisão Traseira;2;;;;;;;;;;6;;;;
10/09/2014;15:00:00;106;com vítima;262,563;BR-101/RJ;Norte;Queda de Moto;;;;1;;;;;;;0;1;;;
11/09/2014;21:28:00;185;sem vítima;262,7;BR-101/RJ;Sul;Saida de Pista;1;;;;;;;;;;4;;;;
23/09/2014;07:33:00;31;sem vítima;262,565;BR-101/RJ;Sul;Colisão Lateral;2;;;;;;;;;;4;;;;
12/10/2014;20:45:00;170;sem vítima;262;BR-101/RJ;Sul;Colisão Traseira;2;;;;;;;;;;2;;;;
20/10/2014;14:55:00;139;com vítima;262,49;BR-101/RJ;Norte;Colisão Lateral;2;;;;;;;;;;2;2;;;
20/10/2014;00:20:00;4;sem vítima;262,8;BR-101/RJ;Norte;Capotamento;1;;;;;;;;;;1;;;;
02/11/2014;17:51:00;127;com vítima;262;BR-101/RJ;Sul;Engavetamento;1;;;;;3;;;;;5;2;;;
03/11/2014;05:00:00;26;sem vítima;262;BR-101/RJ;Norte;Outros - Sequência;2;;;;;;;;;;2;;;;
07/11/2014;04:13:00;22;sem vítima;262;BR-101/RJ;Norte;Choque - Defensa, barreira ou "submarino";;;1;;;;;;;;2;;;;
22/11/2014;17:15:00;106;sem vítima;262,485;BR-101/RJ;Norte;Saida de Pista;1;;;;;;;;;;1;;;;
23/11/2014;21:30:00;179;sem vítima;262,35;BR-101/RJ;Sul;Colisão Traseira;2;;;;;;;;;;2;;;;
29/11/2014;06:29:00;17;com vítima;262;BR-101/RJ;Sul;Choque - Defensa, barreira ou "submarino";1;;;;;;;;;;1;1;;;
11/12/2014;10:05:00;67;com vítima;262;BR-101/RJ;Norte;Capotamento;1;;;;;;;;;;0;1;;;
14/01/2015;19:14:00;137;sem vítima;262;BR-101/RJ;Sul;Colisão Traseira;2;;;;;;;;;;3;;;;
25/01/2015;18:24:00;116;sem vítima;262;BR-101/RJ;Sul;Engavetamento;3;;;;;;;;;;12;;;;
30/01/2015;21:18:00;185;sem vítima;262;BR-101/RJ;Sul;Colisão Lateral;2;;;;;;;;;;3;;;;
17/02/2015;21:08:00;152;sem vítima;262;BR-101/RJ;Sul;Engavetamento;3;;;;;;;;;;4;0;0;0;0
17/02/2015;21:37:00;158;sem vítima;262;BR-101/RJ;Sul;Colisão Traseira;1;;;;;;;;;1;2;0;0;0;0
20/02/2015;06:15:00;24;com vítima;262;BR-101/RJ;Sul;Queda de Moto;;;;1;;;;;;;0;2;0;0;0
19/03/2015;19:26:00;161;sem vítima;262,3;BR-101/RJ;Norte;Saida de Pista;;;1;;;;;;;;1;0;0;0;0
20/03/2015;17:36:00;142;sem vítima;262;BR-101/RJ;Sul;Colisão Lateral;1;;1;;;;;;;;2;0;0;0;0
24/04/2015;21:02:00;160;sem vítima;262;BR-101/RJ;Norte;Choque - Defensa, barreira ou "submarino";1;;;;;;;;;;1;;;;
11/05/2015;21:58:00;199;sem vítima;262;BR-101/RJ;Norte;Choque - Defensa, barreira ou "submarino";;;1;;;;;;;;1;;;;
12/05/2015;06:55:00;28;sem vítima;262;BR-101/RJ;Sul;Saida de Pista;1;;;;;;;;;;1;;;;
16/05/2015;14:20:00;122;sem vítima;262;BR-101/RJ;Norte;Choque - Suporte de Sinalização;1;;;;;;;;;;3;;;;
30/05/2015;00:22:00;2;com vítima;262,099;BR-101/RJ;Norte;Tombamento;;;1;;;;;;;;0;1;;;
05/06/2015;19:47:00;156;sem vítima;262;BR-101/RJ;Sul;Outros - Sequência;1;;1;;;;;;;;2;;;;
20/06/2015;04:14:00;15;sem vítima;262;BR-101/RJ;Sul;Choque - Defensa, barreira ou "submarino";1;;;;;;;;;;1;;;;
26/06/2015;22:06:00;214;com vítima;262,09;BR-101/RJ;Norte;Capotamento;1;;;;;;;;;;0;3;;;
30/06/2015;09:30:00;101;com vítima;262,123;BR-101/RJ;Norte;Choque - Elemento de Drenagem;1;;;;;;;;;;0;;1;;
15/07/2015;01:13:00;7;com vítima;262,775;BR-101/RJ;Norte;Atropelamento de Animal;1;;;;;;;;;;0;1;;;
19/07/2015;11:02:00;77;com vítima;262,1;BR-101/RJ;Norte;Queda de Moto;;;;1;;;;;;;0;1;;;
25/07/2015;13:51:00;128;com vítima;262,105;BR-101/RJ;Norte;Queda de Moto;;;;1;;;;;;;0;;1;;
30/08/2015;14:46:00;80;com vítima;262,752;BR-101/RJ;Sul;Choque - Defensa, barreira ou "submarino";;;;1;;;;;;;0;2;;;
17/09/2015;22:55:00;252;com vítima;262;BR-101/RJ;Norte;Choque - Defensa, barreira ou "submarino";;;;1;;;;;;;0;1;;;
04/10/2015;13:27:00;81;com vítima;262,537;BR-101/RJ;Norte;Choque - Defensa, barreira ou "submarino";1;;;;;;;;;;0;2;;;
17/10/2015;13:27:00;99;com vítima;262,166;BR-101/RJ;Norte;Queda de Moto;;;;1;;;;;;;0;;1;;
22/11/2015;13:56:00;100;sem vítima;262;BR-101/RJ;Sul;Colisão Traseira;1;;;;;1;;;;;2;;;;
23/12/2015;13:00:00;138;com vítima;262,5;BR-101/RJ;Sul;Engavetamento;2;;1;;;;;;;;5;1;;;
26/12/2015;16:21:00;167;com vítima;262;BR-101/RJ;Sul;Atropelamento - Andarilho;1;;;;;;;;;;1;1;;;
31/12/2015;00:14:00;5;com vítima;262;BR-101/RJ;Norte;Colisão Lateral;;;;1;;1;;;;;1;2;;;
24/01/2010;18:09:00;144;sem vítima;263;BR-101/RJ;Sul;Colisão Traseira;2;;;;;;;;;;7;;;;
19/02/2010;15:04:00;100;sem vítima;263;BR-101/RJ;Sul;Colisão Lateral;1;;1;;;;;;;;4;;;;
21/02/2010;17:27:00;161;sem vítima;263;BR-101/RJ;Sul;Choque - Defensa, barreira ou "submarino";1;;;;;;;;;;4;;;;
15/04/2010;18:48:00;168;sem vítima;263;BR-101/RJ;Norte;Colisão Lateral;;;2;;;;;;;;2;;;;
07/08/2010;19:04:00;157;com vítima;263;BR-101/RJ;Norte;Atropelamento - Morador;;;;;;1;;;;;1;;1;;
08/08/2010;18:14:00;152;com vítima;263,5;BR-101/RJ;Norte;Atropelamento - Morador;;;;;;1;;;;;1;;1;;
15/08/2010;20:38:00;166;com vítima;263;BR-101/RJ;Norte;Saida de Pista;1;;;;;;;;;;1;;1;;
07/09/2010;11:00:00;57;sem vítima;263;BR-101/RJ;Sul;Engavetamento;5;;;;1;;;;;;16;;;;
29/10/2010;23:48:00;207;com vítima;263;BR-101/RJ;Norte;Queda de Moto;;;;1;;;;;;;0;;2;;
01/02/2011;10:43:00;76;sem vítima;263;BR-101/RJ;Norte;Colisão Lateral;1;;1;;;;;;;;2;;;;
01/05/2011;04:30:00;16;com vítima;263;BR-101/RJ;Norte;Queda de Moto;;;;1;;;;;;;0;;1;;
12/06/2011;02:10:00;9;com vítima;263;BR-101/RJ;Norte;Queda de Moto;;;;1;;;;;;;1;;;1;
14/08/2011;16:11:00;106;com vítima;263,4989929199219;BR-101/RJ;Norte;Colisão Traseira;2;;;;;;;;;;3;3;;;
17/10/2011;10:18:00;66;sem vítima;263;BR-101/RJ;Sul;Saida de Pista;1;;;;;;;;;;1;;;;
19/10/2011;11:41:00;65;sem vítima;263;BR-101/RJ;Sul;Colisão Traseira;2;;;;;;;;;;3;;;;
10/12/2011;20:18:00;212;com vítima;263;BR-101/RJ;Sul;Queda de Moto;;;;1;;;;;;;0;;;1;
01/01/2012;11:59:00;67;sem vítima;263;BR-101/RJ;Sul;Colisão Traseira;1;;;;;1;;;;;3;;;;
01/01/2012;12:15:00;68;sem vítima;263;BR-101/RJ;Sul;Colisão Traseira;2;;;;;;;;;;4;;;;
13/01/2012;09:30:00;62;sem vítima;263;BR-101/RJ;Norte;Choque - Defensa, barreira ou "submarino";;;1;;;;;;;;2;;;;
30/01/2012;13:06:00;106;sem vítima;263;BR-101/RJ;Sul;Colisão Traseira;2;;;;;;;;;;6;;;;
22/02/2012;04:19:00;24;sem vítima;263;BR-101/RJ;Norte;Saida de Pista;1;;;;;;;;;;1;;;;
24/02/2012;19:52:00;168;com vítima;263;BR-101/RJ;Sul;Atropelamento - Ciclista;1;1;;;;;;;;;1;;1;;
28/06/2012;12:19:00;103;sem vítima;263,8;BR-101/RJ;Norte;Colisão Traseira;1;;;;;1;;;;;2;;;;
15/10/2012;06:47:00;22;sem vítima;263,6;BR-101/RJ;Norte;Choque - Defensa, barreira ou "submarino";1;;;;;;;;;;5;;;;
17/10/2012;12:35:00;91;com vítima;263;BR-101/RJ;Sul;Tombamento;;;;;;;;;;1;1;1;;;
07/11/2012;08:57:00;45;com vítima;263;BR-101/RJ;Sul;Colisão Lateral;;;2;;1;;;;;;24;;1;;
24/11/2012;00:49:00;2;sem vítima;263;BR-101/RJ;Sul;Colisão Frontal;2;;;;;;;;;;4;;;;
03/02/2013;18:15:00;153;sem vítima;263,409;BR-101/RJ;Norte;Atropelamento - Ciclista;2;1;;;;;;;;;5;;;;
13/02/2013;13:25:00;134;sem vítima;263,03;BR-101/RJ;Sul;Engavetamento;2;;;;;;;;;1;11;;;;
07/03/2013;18:47:00;187;sem vítima;263;BR-101/RJ;Norte;Colisão Lateral;1;;1;;;;;;;;4;;;;
07/04/2013;06:55:00;41;sem vítima;263,8;BR-101/RJ;Norte;Choque - Defensa, barreira ou "submarino";1;;;;;;;;;;1;;;;
29/06/2013;05:06:00;23;com vítima;263,429;BR-101/RJ;Norte;Atropelamento de Animal;;;;1;;;;;;;0;1;;;
12/08/2013;18:49:00;168;com vítima;263,3;BR-101/RJ;Sul;Choque - Defensa, barreira ou "submarino";1;;;;;;;;;;0;2;;;
15/08/2013;16:19:00;117;sem vítima;263;BR-101/RJ;Sul;Choque - Defensa, barreira ou "submarino";1;;;;;;;;;;2;;;;
06/09/2013;15:59:00;129;sem vítima;263;BR-101/RJ;Norte;Colisão Traseira;1;;1;;;;;;;;3;;;;
18/09/2013;18:31:00;165;sem vítima;263;BR-101/RJ;Norte;Choque - Outros;1;;;;;;;;;;2;;;;
06/10/2013;18:22:00;111;sem vítima;263;BR-101/RJ;Sul;Engavetamento;4;;;;;;;;;;6;;;;
06/10/2013;18:59:00;118;sem vítima;263,278;BR-101/RJ;Norte;Colisão Traseira;2;;;;;;;;;;6;;;;
14/10/2013;18:03:00;177;com vítima;263;BR-101/RJ;Norte;Queda de Moto;;;;1;;;;;;;0;;2;;