data;horario;n_da_ocorrencia;tipo_de_ocorrencia;km;trecho;sentido;tipo_de_acidente;automovel;bicicleta;caminhao;moto;onibus;outros;tracao_animal;transporte_de_cargas_especiais;trator_maquinas;utilitarios;ilesos;levemente_feridos;moderadamente_feridos;gravemente_feridos;mortos
23/10/2013;17:25:00;132;sem vítima;263,3;BR-101/RJ;Norte;Choque - Defensa, barreira ou "submarino";1;;;;;;;;;;2;;;;
14/11/2013;00:34:00;8;sem vítima;263,7;BR-101/RJ;Sul;Colisão Traseira;;;2;;;;;;;;4;;;;
17/11/2013;23:23:00;251;sem vítima;263;BR-101/RJ;Sul;Colisão Traseira;;;3;;;;;;;;3;;;;
23/12/2013;12:11:00;126;sem vítima;263,84;BR-101/RJ;Norte;Engavetamento;3;;;;;;;;;;3;;;;
13/01/2014;22:14:00;214;com vítima;263,269;BR-101/RJ;Norte;Capotamento;1;;;;;1;;;;;1;1;;;
09/03/2014;22:11:00;199;com vítima;263;BR-101/RJ;Norte;Queda de Moto;;;;1;;1;;;;;1;2;;;
15/03/2014;17:56:00;185;sem vítima;263;BR-101/RJ;Sul;Engavetamento;1;;;;;2;;;;;3;;;;
23/03/2014;16:24:00;81;sem vítima;263;BR-101/RJ;Norte;Colisão Lateral;1;;;;;1;;;;;2;;;;
28/03/2014;17:44:00;161;com vítima;263,1;BR-101/RJ;Norte;Colisão Traseira;1;;;1;;;;;;;1;1;;;
15/04/2014;16:50:00;141;sem vítima;263;BR-101/RJ;Norte;Choque - Suporte de Sinalização;1;;;;;;;;;;1;;;;
17/04/2014;18:11:00;173;sem vítima;263;BR-101/RJ;Norte;Colisão Lateral;1;;1;;;;;;;;2;;;;
13/06/2014;16:58:00;147;com vítima;263,35;BR-101/RJ;Norte;Capotamento;;;;;;;;;;1;0;1;;;
18/06/2014;22:54:00;182;sem vítima;263,954;BR-101/RJ;Norte;Tombamento;;;1;;;;;;;;1;;;;
16/07/2014;02:48:00;13;sem vítima;263,654;BR-101/RJ;Sul;Colisão Traseira;;;2;;;;;;;;2;;;;
26/08/2014;01:23:00;6;sem vítima;263;BR-101/RJ;Norte;Atropelamento de Animal;1;;;;;;;;;;1;;;;
30/08/2014;17:28:00;113;sem vítima;263,8;BR-101/RJ;Sul;Saida de Pista;1;;;;;;;;;;1;;;;
10/11/2014;14:39:00;112;com vítima;263;BR-101/RJ;Sul;Colisão Lateral;1;;1;;;;;;;;1;1;;;
23/11/2014;12:23:00;69;com vítima;263,149;BR-101/RJ;Sul;Engavetamento;2;;;;;1;;;;;4;;1;;
14/12/2014;11:40:00;71;sem vítima;263;BR-101/RJ;Sul;Outros - Sequência;1;;1;;;;;;;;2;;;;
21/12/2014;18:06:00;152;sem vítima;263;BR-101/RJ;Sul;Capotamento;1;;;;;;;;;;1;;;;
24/12/2014;16:07:00;127;sem vítima;263;BR-101/RJ;Norte;Colisão Traseira;2;;;;;;;;;;3;;;;
21/01/2015;17:56:00;174;sem vítima;263;BR-101/RJ;Norte;Colisão Lateral;1;;1;;;;;;;;7;;;;
18/02/2015;13:49:00;106;sem vítima;263;BR-101/RJ;Sul;Colisão Traseira;2;;;;;;;;;;2;0;0;0;0
21/02/2015;05:05:00;25;com vítima;263;BR-101/RJ;Norte;Colisão Traseira;;;1;;;;;;;1;5;3;0;0;0
24/02/2015;13:10:00;92;sem vítima;263;BR-101/RJ;Norte;Colisão Lateral;2;;;;;;;;;;3;;;;
12/04/2015;15:20:00;105;com vítima;263,2;BR-101/RJ;Norte;Colisão Traseira;1;;;1;;;;;;;2;1;1;;
14/04/2015;13:29:00;111;sem vítima;263,263;BR-101/RJ;Norte;Colisão Lateral;1;;1;;;;;;;;2;;;;
24/08/2015;06:55:00;36;com vítima;263,201;BR-101/RJ;Norte;Colisão Traseira;1;1;;;;;;;;;5;;1;;
05/12/2015;09:46:00;67;sem vítima;263;BR-101/RJ;Sul;Choque - Defensa, barreira ou "submarino";1;;;;;;;;;;2;;;;
15/12/2015;17:08:00;215;sem vítima;263;BR-101/RJ;Sul;Engavetamento;2;;1;;;1;;;;;7;;;;
28/12/2015;09:56:00;93;sem vítima;263;BR-101/RJ;Norte;Colisão Lateral;2;;;;;;;;;;5;;;;
31/12/2015;16:59:00;213;com vítima;263;BR-101/RJ;Sul;Choque - Defensa, barreira ou "submarino";;;;1;;;;;;;0;;1;;
26/02/2010;10:26:00;64;sem vítima;264;BR-101/RJ;Norte;Colisão Lateral;2;;;;;;;;;;4;;;;
08/07/2010;20:15:00;154;com vítima;264;BR-101/RJ;Sul;Colisão Traseira;2;;;;;;;;;;3;4;;;
31/07/2010;18:13:00;185;com vítima;264;BR-101/RJ;Norte;Atropelamento - Ciclista;;1;;;;1;;;;;1;1;1;;
24/08/2010;05:27:00;22;sem vítima;264;BR-101/RJ;Sul;Colisão Lateral;;;2;;;;;;;;5;;;;
15/11/2010;18:58:00;169;sem vítima;264;BR-101/RJ;Sul;Colisão Traseira;2;;;;;;;;;;9;;;;
03/01/2011;15:07:00;190;sem vítima;264;BR-101/RJ;Sul;Colisão Traseira;2;;;;;;;;;;2;;;;
26/02/2011;17:57:00;124;sem vítima;264;BR-101/RJ;Sul;Colisão Traseira;2;;;;;;;;;;2;;;;
11/08/2011;18:40:00;152;com vítima;264,5;BR-101/RJ;Sul;Atropelamento - Andarilho;;;;;;;;;;1;0;1;;;1
18/08/2011;06:02:00;18;sem vítima;264,8999938964844;BR-101/RJ;Sul;Saida de Pista;1;;;;;;;;;;1;;;;
15/10/2011;12:07:00;94;sem vítima;264;BR-101/RJ;Sul;Colisão Lateral;1;;;;;1;;;;;2;;;;
27/10/2011;21:34:00;188;sem vítima;264;BR-101/RJ;Norte;Saida de Pista;1;;;;;;;;;;1;;;;
07/01/2012;17:26:00;137;sem vítima;264;BR-101/RJ;Norte;Colisão Traseira;2;;;;;;;;;;5;;;;
24/01/2012;16:40:00;146;sem vítima;264;BR-101/RJ;Sul;Colisão Traseira;2;;;;;;;;;;4;;;;
24/01/2012;17:00:00;149;sem vítima;264;BR-101/RJ;Sul;Colisão Traseira;2;;;;;;;;;;3;;;;
28/01/2012;12:56:00;101;sem vítima;264;BR-101/RJ;Sul;Engavetamento;5;;;;;;;;;;14;;;;
10/03/2012;13:31:00;88;sem vítima;264;BR-101/RJ;Norte;Colisão Traseira;1;;1;;;;;;;;3;;;;
18/06/2012;22:58:00;197;com vítima;264;BR-101/RJ;Sul;Colisão Traseira;2;;;;;;;;;;1;;1;;
23/06/2012;23:24:00;166;sem vítima;264,9;BR-101/RJ;Sul;Saida de Pista;1;;;;;;;;;;1;;;;
24/06/2012;16:42:00;121;com vítima;264,4;BR-101/RJ;Norte;Queda de Moto;;;;1;;;;;;;0;1;;;
12/07/2012;08:46:00;58;sem vítima;264;BR-101/RJ;Sul;Choque - Veiculo parado no acostamento;2;;;;;;;;;;2;;;;
21/07/2012;00:52:00;4;sem vítima;264;BR-101/RJ;Sul;Saida de Pista;1;;;;;;;;;;2;;;;
27/07/2012;11:14:00;77;sem vítima;264;BR-101/RJ;Norte;Colisão Traseira;2;;;;;;;;;;6;;;;
19/08/2012;11:39:00;65;com vítima;264;BR-101/RJ;Sul;Colisão Traseira;1;;;1;;;;;;;2;;;1;
08/09/2012;19:43:00;154;sem vítima;264,15;BR-101/RJ;Norte;Saida de Pista;;;1;;;;;;;;1;;;;
09/09/2012;10:17:00;69;sem vítima;264,1;BR-101/RJ;Sul;Engavetamento;3;;;;;1;;;;;9;;;;
05/10/2012;08:50:00;72;sem vítima;264;BR-101/RJ;Norte;Colisão Lateral;;;2;;;;;;;;2;;;;
09/10/2012;15:22:00;132;sem vítima;264;BR-101/RJ;Norte;Choque - Defensa, barreira ou "submarino";1;;;;;;;;;;1;;;;
30/12/2012;07:51:00;38;com vítima;264;BR-101/RJ;Norte;Colisão Traseira;3;;;;;;;;;;10;2;;;
09/02/2013;22:04:00;347;com vítima;264,653;BR-101/RJ;Sul;Atropelamento - Andarilho;1;;;;;;;;;;4;1;;;
18/02/2013;11:28:00;107;sem vítima;264;BR-101/RJ;Norte;Choque - Objeto sobre a pista;2;;;;;;;;;;4;;;;
11/03/2013;12:55:00;117;sem vítima;264;BR-101/RJ;Norte;Colisão Traseira;2;;;;;;;;;;4;;;;
14/04/2013;06:55:00;27;sem vítima;264;BR-101/RJ;Norte;Choque - Defensa, barreira ou "submarino";1;;;;;;;;;;1;;;;
18/04/2013;14:52:00;107;sem vítima;264;BR-101/RJ;Norte;Colisão Traseira;2;;;;;;;;;;5;;;;
21/04/2013;13:46:00;74;sem vítima;264;BR-101/RJ;Norte;Colisão Traseira;2;;;;;;;;;;3;;;;
22/04/2013;17:21:00;120;com vítima;264;BR-101/RJ;Norte;Colisão Traseira;2;;;;;;;;;;2;;1;;
05/05/2013;21:31:00;141;com vítima;264,493;BR-101/RJ;Sul;Colisão Traseira;1;;;1;;;;;;;1;1;1;;
24/05/2013;17:45:00;133;sem vítima;264,5;BR-101/RJ;Norte;Saida de Pista;1;;;;;;;;;;2;;;;
28/07/2013;18:10:00;147;sem vítima;264;BR-101/RJ;Sul;Engavetamento;5;;;;;;;;;;5;;;;
04/08/2013;21:19:00;203;sem vítima;264;BR-101/RJ;Norte;Colisão Transversal;1;;;;;1;;;;;2;;;;
13/09/2013;19:30:00;180;com vítima;264,1;BR-101/RJ;Sul;Engavetamento;4;;;;;;;;;;8;1;;;
22/09/2013;18:09:00;132;sem vítima;264,778;BR-101/RJ;Sul;Engavetamento;2;;;;;1;;;;;7;;;;
14/10/2013;08:45:00;51;sem vítima;264,166;BR-101/RJ;Sul;Engavetamento;2;;;;1;;;;;1;53;;;;
10/01/2014;00:52:00;3;com vítima;264,246;BR-101/RJ;Sul;Capotamento;1;;;;;;;;;;0;;;1;
10/01/2014;22:11:00;238;sem vítima;264,531;BR-101/RJ;Norte;Colisão Traseira;1;;;;1;;;;;;41;;;;
01/03/2014;02:59:00;49;com vítima;264;BR-101/RJ;Norte;Engavetamento;4;;;;;;;;;;4;1;;;
05/03/2014;07:51:00;53;sem vítima;264;BR-101/RJ;Sul;Colisão Traseira;2;;;;;;;;;;8;;;;
13/05/2014;00:18:00;3;sem vítima;264;BR-101/RJ;Sul;Choque - Defensa, barreira ou "submarino";1;;;;;;;;;;1;;;;
02/06/2014;14:02:00;108;com vítima;264;BR-101/RJ;Norte;Capotamento;1;;1;;;;;;;;2;2;;;
23/06/2014;16:57:00;127;com vítima;264,89;BR-101/RJ;Norte;Colisão Traseira;1;;;1;;;;;;;1;;1;;
09/07/2014;04:52:00;21;com vítima;264;BR-101/RJ;Sul;Atropelamento - Outros;1;;;;;;;;;;1;1;;;
02/11/2014;18:34:00;141;sem vítima;264;BR-101/RJ;Sul;Engavetamento;2;;;;;2;;;;;9;;;;
12/11/2014;20:58:00;166;sem vítima;264,5;BR-101/RJ;Norte;Colisão Lateral;1;;1;;;;;;;;5;;;;
21/11/2014;12:50:00;86;sem vítima;264;BR-101/RJ;Sul;Saida de Pista;1;;;;;;;;;;3;;;;
18/12/2014;14:15:00;113;sem vítima;264;BR-101/RJ;Norte;Colisão Traseira;2;;;;;;;;;;2;;;;
31/12/2014;07:05:00;41;sem vítima;264;BR-101/RJ;Norte;Saida de Pista;1;;;;;;;;;;2;;;;
30/01/2015;14:22:00;130;sem vítima;264;BR-101/RJ;Sul;Colisão Lateral;2;;;;;;;;;;6;;;;
05/02/2015;12:27:00;65;sem vítima;264;BR-101/RJ;Norte;Colisão Traseira;3;;;;;;;;;;3;0;0;0;0
22/02/2015;00:42:00;4;com vítima;264;BR-101/RJ;Norte;Atropelamento - Morador;;;;;;1;;;;;1;1;;;
07/03/2015;21:09:00;177;sem vítima;264,9;BR-101/RJ;Norte;Saida de Pista;1;;;;;;;;;;1;0;0;0;0
08/03/2015;05:19:00;28;sem vítima;264;BR-101/RJ;Sul;Saida de Pista;1;;;;;;;;;;4;0;0;0;0
10/04/2015;05:46:00;33;sem vítima;264;BR-101/RJ;Norte;Atropelamento de Animal;1;;;;;;;;;;2;;;;
18/04/2015;19:59:00;180;com vítima;264;BR-101/RJ;Norte;Tombamento;;;1;;;;;;;;0;1;;;
13/05/2015;17:14:00;140;sem vítima;264;BR-101/RJ;Sul;Colisão Lateral;2;;;;;;;;;;2;;;;
04/06/2015;14:13:00;119;sem vítima;264;BR-101/RJ;Sul;Choque - Defensa, barreira ou "submarino";1;;;;;;;;;;1;;;;
10/07/2015;23:59:00;244;com vítima;264,246;BR-101/RJ;Norte;Atropelamento - Morador;1;;;;;;;;;;3;;;;1
05/08/2015;21:08:00;173;com vítima;264;BR-101/RJ;Norte;Colisão Traseira;1;;1;;;;;;;;1;;1;;
24/11/2015;05:42:00;29;com vítima;264,938;BR-101/RJ;Sul;Saida de Pista;1;;;;;;;;;;2;2;;;
29/11/2015;23:18:00;213;sem vítima;264;BR-101/RJ;Sul;Saida de Pista;1;;;;;;;;;;1;;;;
04/01/2010;12:06:00;125;sem vítima;265;BR-101/RJ;Sul;Engavetamento;3;;;;;1;;;;;17;;;;
09/01/2010;21:26:00;231;sem vítima;265;BR-101/RJ;Norte;;;;;;;;;;;;1;;;;
19/01/2010;19:48:00;187;com vítima;265;BR-101/RJ;Sul;Queda de Moto;;;;1;;;;;;;0;;1;;
06/02/2010;20:38:00;225;com vítima;265;BR-101/RJ;Sul;Colisão Traseira;4;;;;;;;;;1;9;;2;;
22/02/2010;15:18:00;144;com vítima;265;BR-101/RJ;Norte;Colisão Lateral;2;;;;;;;;;;4;;1;;
14/03/2010;21:54:00;211;sem vítima;265;BR-101/RJ;Norte;Saida de Pista;1;;;;;;;;;;1;;;;
31/03/2010;06:53:00;30;com vítima;265;BR-101/RJ;Norte;Colisão Traseira;1;;1;;;;;;;;7;2;;;
08/05/2010;14:46:00;125;com vítima;265;BR-101/RJ;Norte;Capotamento;2;;;;;;;;;;8;;1;;
12/05/2010;15:53:00;106;com vítima;265;BR-101/RJ;Norte;Choque - Defensa, barreira ou "submarino";1;;;;;;;;;;0;;1;;
21/05/2010;15:49:00;115;com vítima;265;BR-101/RJ;Norte;Colisão Lateral;1;;1;;;;;;;;1;1;;;
31/05/2010;17:08:00;141;com vítima;265;BR-101/RJ;Norte;Colisão Lateral;1;;;1;;;;;;;1;4;;;
04/06/2010;18:43:00;147;com vítima;265;BR-101/RJ;Sul;Atropelamento - Morador;;;;1;;;;;;;1;;1;;
17/06/2010;16:10:00;129;sem vítima;265;BR-101/RJ;Sul;Capotamento;1;;;;;;;;;;1;;;;
27/06/2010;16:40:00;103;sem vítima;265;BR-101/RJ;Sul;Colisão Lateral;1;;1;;;;;;;;3;;;;
22/08/2010;21:03:00;156;com vítima;265;BR-101/RJ;Sul;Atropelamento - Morador;;;;;;1;;;;;1;;1;;
28/08/2010;19:55:00;178;com vítima;265;BR-101/RJ;Norte;Colisão Traseira;2;;;;;;;;;;1;2;;;
15/09/2010;11:44:00;98;sem vítima;265;BR-101/RJ;Sul;Colisão Lateral;1;;1;;;;;;;;2;;;;
24/09/2010;18:10:00;150;com vítima;265;BR-101/RJ;Norte;Colisão Traseira;2;;;;;;;;;;2;;4;;
26/09/2010;02:45:00;13;sem vítima;265;BR-101/RJ;Sul;Colisão Lateral;1;;;;;;;;;;1;;;;
27/09/2010;23:52:00;189;com vítima;265;BR-101/RJ;Norte;Colisão Traseira;1;;1;;;;;;;;3;;1;;
18/10/2010;14:51:00;86;sem vítima;265;BR-101/RJ;Sul;Saida de Pista;1;;;;;;;;;;2;;;;
07/11/2010;14:26:00;86;com vítima;265;BR-101/RJ;Sul;Choque - Defensa, barreira ou "submarino";1;;;;;;;;;;0;;2;;
12/12/2010;17:38:00;139;sem vítima;265;BR-101/RJ;Sul;Colisão Lateral;1;;;1;;;;;;;3;;;;
13/12/2010;20:08:00;202;com vítima;265;BR-101/RJ;Sul;Colisão Lateral;1;;;1;;;;;;;2;;1;;
18/12/2010;17:08:00;173;sem vítima;265;BR-101/RJ;Sul;Colisão Lateral;;;;;1;;;;;1;2;;;;
27/12/2010;20:19:00;184;com vítima;265;BR-101/RJ;Sul;Colisão Lateral;2;;;;;;;;;;4;3;;1;
27/12/2010;21:39:00;198;com vítima;265;BR-101/RJ;Sul;Colisão Lateral;1;;;1;;;;;;;5;;;2;
31/12/2010;06:56:00;57;com vítima;265;BR-101/RJ;Norte;Saida de Pista;1;;;;;;;;;;1;;2;;1
03/01/2011;07:57:00;89;sem vítima;265;BR-101/RJ;Sul;Saida de Pista;1;;;;;;;;;;2;;;;
04/01/2011;15:05:00;147;sem vítima;265;BR-101/RJ;Sul;Saida de Pista;1;;;;;;;;;;4;;;;
09/01/2011;21:47:00;193;com vítima;265;BR-101/RJ;Sul;Queda de Moto;;;;1;;;;;;;0;1;;;
14/01/2011;08:12:00;50;com vítima;265;BR-101/RJ;Sul;Atropelamento - Ciclista;;1;;;1;;;;;;1;;;1;
16/01/2011;19:36:00;208;com vítima;265;BR-101/RJ;Sul;Queda de Moto;;;;1;;;;;;;1;1;;;
24/01/2011;08:15:00;51;com vítima;265;BR-101/RJ;Sul;Queda de Moto;;;;1;;1;;;;;1;;;1;
24/01/2011;10:23:00;85;sem vítima;265,20001220703125;BR-101/RJ;Sul;Colisão Traseira;2;;;;;;;;;;4;;;;
14/02/2011;09:22:00;81;sem vítima;265;BR-101/RJ;Sul;Colisão Lateral;;;1;;;;;;;1;6;;;;
27/02/2011;22:07:00;220;sem vítima;265;BR-101/RJ;Sul;Saida de Pista;1;;;;;;;;;;5;;;;
12/03/2011;03:41:00;12;sem vítima;303;BR-101/RJ;Norte;Saida de Pista;1;;;;;;;;;;1;;;;
12/03/2011;05:03:00;15;sem vítima;236;BR-101/RJ;Sul;Colisão Lateral;;;1;;;1;;;;;2;;;;
05/05/2011;15:51:00;110;sem vítima;265;BR-101/RJ;Sul;Saida de Pista;1;;;;;;;;;;1;;;;
13/05/2011;06:02:00;17;sem vítima;265;BR-101/RJ;Sul;Saida de Pista;1;;;;;;;;;;1;;;;
14/05/2011;18:51:00;152;sem vítima;265;BR-101/RJ;Sul;Saida de Pista;;;;;;;;;;1;1;;;;
15/06/2011;23:24:00;190;sem vítima;265;BR-101/RJ;Norte;Colisão Traseira;;;2;;;;;;;;4;;;;
18/06/2011;20:57:00;154;com vítima;265;BR-101/RJ;Norte;Colisão Lateral;1;;;1;;;;;;;3;1;1;;
07/08/2011;04:05:00;20;sem vítima;265;BR-101/RJ;Sul;Saida de Pista;1;;;;;;;;;;1;;;;
01/09/2011;13:47:00;97;sem vítima;265,5;BR-101/RJ;Sul;Colisão Lateral;1;;1;;;;;;;;3;;;;
03/09/2011;15:58:00;100;sem vítima;265,5;BR-101/RJ;Sul;Colisão Traseira;2;;;;;;;;;;10;;;;
19/09/2011;15:38:00;152;sem vítima;265;BR-101/RJ;Sul;Atropelamento de Animal;;;1;;;;;;;;1;;;;
23/09/2011;17:43:00;142;sem vítima;265,79998779296875;BR-101/RJ;Sul;Colisão Frontal;2;;;;;;;;;;2;;;;
26/09/2011;06:50:00;26;sem vítima;265,70001220703125;BR-101/RJ;Norte;Colisão Lateral;1;;1;;;;;;;;6;;;;
01/10/2011;22:49:00;211;com vítima;265,8999938964844;BR-101/RJ;Sul;Saida de Pista;1;;;;;;;;;;1;1;;;
15/10/2011;11:25:00;85;com vítima;265;BR-101/RJ;Sul;Capotamento;6;;1;;;;;;;;13;3;2;1;
17/10/2011;07:13:00;39;com vítima;265;BR-101/RJ;Sul;Colisão Traseira;1;;;1;;;;;;;1;;;;1
17/10/2011;07:13:00;42;sem vítima;265;BR-101/RJ;Sul;Colisão Traseira;2;;;;;;;;;;4;;;;
23/10/2011;19:41:00;135;sem vítima;265,6000061035156;BR-101/RJ;Sul;Colisão Traseira;4;;;;;;;;;;7;;;;
23/10/2011;19:22:00;133;com vítima;265,79998779296875;BR-101/RJ;Sul;Colisão Lateral;2;;;;;;;;;;2;2;;;
10/11/2011;10:50:00;74;com vítima;265,6000061035156;BR-101/RJ;Sul;Atropelamento - Morador;1;;;;;;;;;;1;;;;1
04/12/2011;17:51:00;133;com vítima;265;BR-101/RJ;Sul;Saida de Pista;1;;;;;;;;;;0;;2;;
07/12/2011;05:48:00;25;sem vítima;265,5;BR-101/RJ;Sul;Colisão Traseira;;;2;;;;;;;;2;;;;
27/12/2011;03:32:00;14;sem vítima;265,5;BR-101/RJ;Sul;Choque - Defensa, barreira ou "submarino";1;;;;;;;;;;2;;;;
24/01/2012;06:50:00;36;com vítima;265,5;BR-101/RJ;Norte;Atropelamento - Ciclista;1;1;;;;;;;;;1;;;1;1
30/01/2012;22:57:00;198;com vítima;265;BR-101/RJ;Norte;Colisão Lateral;1;;1;;;;;;;;4;1;;;
07/02/2012;09:46:00;64;com vítima;265,5;BR-101/RJ;Sul;Outros - Sequência;3;;;;;;;;;;5;1;1;;
10/02/2012;02:19:00;14;com vítima;265,5;BR-101/RJ;Norte;Colisão Traseira;;;;1;;;;;;;0;1;;;
18/02/2012;13:15:00;194;sem vítima;265;BR-101/RJ;Norte;Engavetamento;3;;;;;;;;;;4;;;;
24/02/2012;18:05:00;143;com vítima;265,8;BR-101/RJ;Sul;Colisão Transversal;2;;;;;;;;;;1;2;;;
17/03/2012;05:13:00;19;com vítima;265;BR-101/RJ;Norte;Saida de Pista;1;;;;;;;;;;3;1;;;
19/03/2012;17:49:00;140;sem vítima;265;BR-101/RJ;Norte;Colisão Lateral;2;;;;;;;;;;2;;;;
23/03/2012;05:03:00;12;sem vítima;265;BR-101/RJ;Norte;Saida de Pista;1;;;;;;;;;;4;;;;
23/03/2012;22:55:00;184;sem vítima;265;BR-101/RJ;Sul;Colisão Lateral;1;;1;;;;;;;;2;;;;
26/03/2012;12:19:00;89;sem vítima;265;BR-101/RJ;Norte;Colisão Lateral;;;1;;;;;;;1;2;;;;
08/04/2012;15:21:00;129;com vítima;265;BR-101/RJ;Norte;Colisão Traseira;2;;;;;;;;;;2;1;;;
08/04/2012;00:21:00;3;sem vítima;265,6;BR-101/RJ;Sul;Colisão Traseira;2;;1;;;;;;;;3;;;;
18/04/2012;09:16:00;43;sem vítima;265;BR-101/RJ;Norte;Colisão Traseira;1;;1;;;;;;;;3;;;;
25/04/2012;14:23:00;119;sem vítima;265;BR-101/RJ;Norte;Colisão Traseira;2;;1;;;;;;;;4;;;;
10/05/2012;21:37:00;189;sem vítima;265;BR-101/RJ;Sul;Atropelamento de Animal;1;;;;;;;;;;3;;;;
18/05/2012;03:42:00;12;sem vítima;265;BR-101/RJ;Sul;Saida de Pista;1;;;;;;;;;;1;;;;
07/06/2012;20:16:00;156;sem vítima;265;BR-101/RJ;Norte;Saida de Pista;1;;;;;;;;;;5;;;;
10/06/2012;21:02:00;205;com vítima;265;BR-101/RJ;Sul;Saida de Pista;1;;;;;;;;;;2;2;;;
13/07/2012;12:46:00;96;sem vítima;265,763;BR-101/RJ;Sul;Colisão Traseira;1;;1;;;;;;;;5;;;;
19/07/2012;17:58:00;145;sem vítima;265;BR-101/RJ;Norte;Saida de Pista;1;;;;;;;;;;1;;;;
11/08/2012;00:09:00;2;com vítima;265;BR-101/RJ;Sul;Capotamento;2;;;;;;;;;;5;1;;3;
16/08/2012;19:23:00;152;com vítima;265;BR-101/RJ;Sul;Colisão Transversal;1;;;1;;;;;;;1;1;;;
16/08/2012;18:33:00;148;com vítima;265,8;BR-101/RJ;Norte;Atropelamento - Ciclista;1;1;;;;;;;;;1;1;;;
22/08/2012;21:36:00;219;sem vítima;265,75;BR-101/RJ;Sul;Colisão Lateral;;;1;;1;;;;;;5;;;;
24/08/2012;14:43:00;115;com vítima;265,8;BR-101/RJ;Sul;Colisão Lateral;2;;;;;;;;;;0;3;;;
24/08/2012;14:43:00;119;com vítima;265,8;BR-101/RJ;Sul;Colisão Lateral;2;;1;;;;;;;;2;;;;2
24/08/2012;17:10:00;133;sem vítima;265,8;BR-101/RJ;Sul;Colisão Traseira;3;;;;;;;;;;6;;;;
14/09/2012;07:39:00;31;com vítima;265;BR-101/RJ;Sul;Capotamento;1;;;;;;;;;;0;1;;;
08/10/2012;17:15:00;152;sem vítima;265;BR-101/RJ;Norte;Saida de Pista;1;;;;;;;;;;1;;;;
09/10/2012;16:01:00;142;sem vítima;265;BR-101/RJ;Sul;Colisão Lateral;1;;1;;;;;;;;2;;;;
13/10/2012;03:03:00;8;com vítima;265,651;BR-101/RJ;Sul;Saida de Pista;2;;1;;;;;;;;5;;;1;2
20/10/2012;22:44:00;215;com vítima;265,7;BR-101/RJ;Sul;Colisão Traseira;1;;;1;;;;;;;4;1;;;
22/10/2012;12:14:00;98;sem vítima;265;BR-101/RJ;Sul;Colisão Lateral;1;;;;;1;;;;;2;;;;
22/10/2012;16:47:00;150;com vítima;265;BR-101/RJ;Sul;Colisão Lateral;1;;1;;;;;;;;2;4;;;
29/10/2012;09:15:00;60;com vítima;265;BR-101/RJ;Norte;Atropelamento - Ciclista;1;1;;;;;;;;;2;;1;;
31/10/2012;11:16:00;99;sem vítima;265;BR-101/RJ;Sul;Colisão Traseira;1;;1;;;;;;;;4;;;;
01/11/2012;01:28:00;9;sem vítima;265,438;BR-101/RJ;Norte;Saida de Pista;1;;;;;;;;;;2;;;;
04/11/2012;13:43:00;93;sem vítima;265;BR-101/RJ;Sul;Colisão Traseira;2;;;;;;;;;;5;;;;
09/11/2012;21:37:00;196;sem vítima;265;BR-101/RJ;Sul;Saida de Pista;1;;;;;;;;;;1;;;;
10/11/2012;05:10:00;20;com vítima;265;BR-101/RJ;Norte;Colisão Traseira;1;;;1;;;;;;;2;;2;;
21/11/2012;16:00:00;126;sem vítima;265;BR-101/RJ;Sul;Colisão Traseira;;;1;;;1;;;;;2;;;;
24/11/2012;12:28:00;83;sem vítima;265;BR-101/RJ;Sul;Colisão Traseira;1;;1;;;;;;;;2;;;;
24/11/2012;12:27:00;92;sem vítima;265;BR-101/RJ;Norte;Saida de Pista;1;;;;;;;;;;1;;;;
24/11/2012;12:49:00;86;sem vítima;265,5;BR-101/RJ;Sul;Outros - Sequência;2;;;;;;;;;;5;;;;
24/11/2012;10:53:00;70;com vítima;265,7;BR-101/RJ;Sul;Colisão Lateral;2;;;;;;;;;;0;3;1;1;
25/11/2012;18:19:00;125;sem vítima;265;BR-101/RJ;Sul;Colisão Traseira;3;;;;;;;;;;3;;;;
06/12/2012;13:37:00;126;sem vítima;265,5;BR-101/RJ;Norte;Colisão Transversal;2;;;;;;;;;;5;;;;
23/12/2012;01:09:00;5;sem vítima;265;BR-101/RJ;Sul;Capotamento;1;;;;;;;;;;1;;;;
27/12/2012;17:54:00;167;sem vítima;265;BR-101/RJ;Sul;Colisão Lateral;2;;;;;;;;;;4;;;;
02/01/2013;16:14:00;151;com vítima;265;BR-101/RJ;Sul;Atropelamento - Morador;1;;;;;;;;;;1;;1;;
08/01/2013;21:54:00;232;sem vítima;265;BR-101/RJ;Norte;Choque - Defensa, barreira ou "submarino";1;;;;;;;;;;2;;;;
13/01/2013;19:36:00;165;sem vítima;265;BR-101/RJ;Sul;Saida de Pista;1;;;;;;;;;;1;;;;
19/01/2013;09:21:00;68;com vítima;265;BR-101/RJ;Norte;Saida de Pista;1;;;;;;;;;;1;1;;;
22/01/2013;14:02:00;122;sem vítima;265;BR-101/RJ;Norte;Colisão Traseira;;;;;1;1;;;;;2;;;;
18/02/2013;16:34:00;168;com vítima;265,78;BR-101/RJ;Sul;Colisão Lateral;2;;;;;;;;;;1;2;;;
28/02/2013;07:03:00;28;com vítima;265,15;BR-101/RJ;Sul;Colisão Traseira;;;;1;;;;;;1;1;;1;;
01/03/2013;20:07:00;168;com vítima;265;BR-101/RJ;Sul;Tombamento;;;1;;;;;;;;0;3;;;
18/03/2013;07:53:00;50;sem vítima;265;BR-101/RJ;Sul;Colisão Lateral;1;;1;;;;;;;;2;;;;