data;horario;n_da_ocorrencia;tipo_de_ocorrencia;km;trecho;sentido;tipo_de_acidente;automovel;bicicleta;caminhao;moto;onibus;outros;tracao_animal;transporte_de_cargas_especiais;trator_maquinas;utilitarios;ilesos;levemente_feridos;moderadamente_feridos;gravemente_feridos;mortos
23/03/2013;08:07:00;48;sem vítima;265;BR-101/RJ;Sul;Colisão Traseira;2;;;;;;;;;;2;;;;
01/04/2013;15:11:00;142;com vítima;265;BR-101/RJ;Norte;Colisão Traseira;1;;1;;;;;;;;2;2;;;
05/05/2013;12:25:00;51;sem vítima;265;BR-101/RJ;Sul;Colisão Lateral;1;;;;;1;;;;;2;;;;
08/05/2013;14:06:00;94;sem vítima;265;BR-101/RJ;Sul;Colisão Lateral;1;;;;;;;;;;1;;;;
27/05/2013;19:18:00;175;com vítima;265,6;BR-101/RJ;Sul;Atropelamento - Morador;1;;;;;;;;;;1;;;;1
31/05/2013;11:00:00;64;com vítima;265,8;BR-101/RJ;Norte;Saida de Pista;;;1;;;;;;;;0;1;;;
17/06/2013;16:23:00;112;sem vítima;265,2;BR-101/RJ;Norte;Tombamento;1;;1;;;;;;;;3;;;;
21/06/2013;21:48:00;180;sem vítima;265;BR-101/RJ;Norte;Saida de Pista;1;;;;;;;;;;1;;;;
24/06/2013;20:09:00;148;sem vítima;265;BR-101/RJ;Norte;Saida de Pista;1;;;;;;;;;;2;;;;
05/07/2013;15:12:00;126;sem vítima;265;BR-101/RJ;Norte;Colisão Lateral;2;;;;;;;;;;2;;;;
13/07/2013;14:31:00;127;sem vítima;265;BR-101/RJ;Norte;Colisão Lateral;1;;1;;;;;;;;3;;;;
16/07/2013;22:32:00;192;sem vítima;265,821;BR-101/RJ;Sul;Colisão Lateral;1;;;;;1;;;;;2;;;;
17/07/2013;10:53:00;79;sem vítima;265;BR-101/RJ;Norte;Colisão Traseira;1;;1;;;;;;;;2;;;;
02/08/2013;16:50:00;133;sem vítima;265,541;BR-101/RJ;Sul;Colisão Transversal;2;;;;;;;;;;5;;;;
08/08/2013;09:43:00;56;com vítima;265,775;BR-101/RJ;Sul;Colisão Transversal;1;;;1;;;;;;;2;;1;;
14/08/2013;00:44:00;5;com vítima;265;BR-101/RJ;Norte;Choque - Defensa, barreira ou "submarino";1;;;;;;;;;;0;;1;;
22/08/2013;14:02:00;109;com vítima;265,93;BR-101/RJ;Sul;Colisão Traseira;1;;1;;;;;;;;3;1;;;
14/09/2013;10:27:00;75;com vítima;265,5;BR-101/RJ;Sul;Queda de Moto;;;;1;;;;;;;0;;1;;
24/09/2013;18:36:00;143;com vítima;265,874;BR-101/RJ;Norte;Saida de Pista;1;;;;;;;;;;4;1;;;
27/09/2013;07:11:00;29;com vítima;265;BR-101/RJ;Sul;Queda de Moto;;;;1;;;;;;;0;;1;;
16/10/2013;18:38:00;145;sem vítima;265;BR-101/RJ;Norte;Saida de Pista;1;;;;;;;;;;1;;;;
30/11/2013;00:03:00;2;sem vítima;265,879;BR-101/RJ;Sul;Colisão Frontal;1;;;;;1;;;;;4;;;;
03/12/2013;18:33:00;176;com vítima;265;BR-101/RJ;Norte;Queda de Moto;;;;1;;;;;;;0;1;1;;
09/02/2014;22:50:00;203;sem vítima;265;BR-101/RJ;Sul;Engavetamento;2;;;;;1;;;;;5;;;;
03/03/2014;15:51:00;98;com vítima;265,588;BR-101/RJ;Sul;Choque - Defensa, barreira ou "submarino";;;1;;;;;;;;0;1;;;
09/04/2014;15:25:00;138;com vítima;265,94;BR-101/RJ;Norte;Saida de Pista;1;;;;;;;;;;0;2;;;
12/04/2014;03:28:00;22;com vítima;265,938;BR-101/RJ;Sul;Colisão Transversal;1;;;1;;;;;;;1;;;;1
14/04/2014;01:13:00;3;sem vítima;265;BR-101/RJ;Sul;Saida de Pista;1;;;;;;;;;;1;;;;
09/05/2014;15:51:00;126;com vítima;265;BR-101/RJ;Sul;Queda de Moto;;;;1;;;;;;;0;1;;;
12/07/2014;10:43:00;77;com vítima;265,495;BR-101/RJ;Sul;Choque - Defensa, barreira ou "submarino";1;;;;;;;;;;0;1;;;
28/07/2014;02:57:00;13;sem vítima;265;BR-101/RJ;Norte;Choque - Defensa, barreira ou "submarino";1;;;;;;;;;;1;;;;
06/08/2014;08:05:00;43;sem vítima;265;BR-101/RJ;Norte;Saida de Pista;1;;;;;;;;;;1;;;;
12/08/2014;22:44:00;188;com vítima;265,663;BR-101/RJ;Sul;Queda de Moto;;;;1;;;;;;;0;;1;;
19/08/2014;16:18:00;101;com vítima;265,315;BR-101/RJ;Norte;Capotamento;1;;;;;;;;;;0;1;;;
22/08/2014;08:15:00;50;sem vítima;265;BR-101/RJ;Norte;Colisão Traseira;2;;;;;;;;;;2;;;;
24/08/2014;04:46:00;25;sem vítima;265;BR-101/RJ;Sul;Saida de Pista;1;;;;;;;;;;1;;;;
31/08/2014;15:21:00;80;com vítima;265,429;BR-101/RJ;Sul;Queda de Moto;;;;1;;;;;;;0;1;;;
19/09/2014;16:03:00;135;sem vítima;265,105;BR-101/RJ;Sul;Choque - Defensa, barreira ou "submarino";1;;;;;;;;;;2;;;;
23/09/2014;19:06:00;150;sem vítima;265;BR-101/RJ;Sul;Saida de Pista;1;;;;;;;;;;1;;;;
06/10/2014;08:16:00;57;sem vítima;265;BR-101/RJ;Sul;Choque - Defensa, barreira ou "submarino";1;;;;;;;;;;1;;;;
16/11/2014;21:44:00;170;sem vítima;265,85;BR-101/RJ;Sul;Colisão Traseira;1;;;1;;;;;;;2;;;;
03/02/2015;12:26:00;94;sem vítima;265;BR-101/RJ;Sul;Colisão Traseira;1;;;;;;;;;1;2;0;0;0;0
18/02/2015;12:03:00;91;sem vítima;265;BR-101/RJ;Norte;Capotamento;1;;;;;;;;;;1;0;0;0;0
31/03/2015;09:41:00;92;com vítima;265,501;BR-101/RJ;Sul;Choque - Defensa, barreira ou "submarino";1;;;;;;;;;;0;0;1;0;0
07/04/2015;04:16:00;15;com vítima;265;BR-101/RJ;Sul;Colisão Traseira;1;;1;;;;;;;;2;;1;;
02/05/2015;17:13:00;110;sem vítima;265;BR-101/RJ;Sul;Choque - Defensa, barreira ou "submarino";1;;;;;;;;;;2;;;;
05/05/2015;07:34:00;52;sem vítima;265;BR-101/RJ;Norte;Saida de Pista;1;;;;;;;;;;3;;;;
24/05/2015;06:17:00;22;sem vítima;265,092;BR-101/RJ;Norte;Saida de Pista;1;;;;;;;;;;1;;;;
08/08/2015;18:33:00;178;com vítima;265;BR-101/RJ;Sul;Saida de Pista;1;;;;;;;;;;1;1;;;
09/08/2015;16:49:00;114;sem vítima;265;BR-101/RJ;Sul;Capotamento;1;;;;;;;;;;2;;;;
11/08/2015;20:02:00;214;com vítima;265;BR-101/RJ;Sul;Queda de Moto;;;;1;;;;;;;0;;1;;
14/08/2015;14:30:00;119;com vítima;265;BR-101/RJ;Norte;Tombamento;1;;;;;;;;;;1;1;;;
01/11/2015;08:03:00;56;com vítima;265,978;BR-101/RJ;Sul;Capotamento;1;;;;;;;;;;0;1;;;
05/12/2015;04:57:00;23;com vítima;265,5;BR-101/RJ;Sul;Colisão Frontal;1;;;1;;;;;;;0;2;2;;1
07/12/2015;00:58:00;7;sem vítima;265;BR-101/RJ;Norte;Saida de Pista;1;;;;;;;;;;2;;;;
22/12/2015;17:18:00;197;com vítima;265;BR-101/RJ;Sul;Queda de Moto;;;;1;;;;;;;0;2;;;
04/01/2010;13:27:00;147;sem vítima;266;BR-101/RJ;Sul;Colisão Traseira;2;;;;;;;;;;2;;;;
08/01/2010;13:35:00;100;com vítima;266;BR-101/RJ;Norte;Capotamento;1;;;;;;;;;;0;1;;;
10/01/2010;20:22:00;222;sem vítima;266;BR-101/RJ;Sul;Colisão Traseira;3;;;;;;;;;;12;;;;
10/01/2010;21:26:00;236;com vítima;266;BR-101/RJ;Sul;Queda de Moto;;;;1;;;;;;;0;;1;;
24/01/2010;18:52:00;155;sem vítima;266;BR-101/RJ;Sul;Colisão Traseira;2;;;;;;;;;;8;;;;
13/02/2010;18:48:00;400;com vítima;266;BR-101/RJ;Norte;Saida de Pista;1;;;;;;;;;;0;1;;;
13/02/2010;21:12:00;444;sem vítima;266;BR-101/RJ;Norte;Saida de Pista;;;;;;;;;;1;1;;;;
19/02/2010;08:40:00;45;sem vítima;266;BR-101/RJ;Sul;Saida de Pista;1;;;;;;;;;;1;;;;
22/02/2010;15:34:00;145;com vítima;266;BR-101/RJ;Norte;Colisão Lateral;1;;;;;;;;;1;3;;1;;
24/02/2010;19:02:00;181;com vítima;266;BR-101/RJ;Sul;Engavetamento;3;;;;;;;;;;4;;1;;
14/04/2010;07:27:00;43;sem vítima;266;BR-101/RJ;Norte;Saida de Pista;1;;;;;;;;;;1;;;;
19/04/2010;15:20:00;124;com vítima;266;BR-101/RJ;Sul;Colisão Transversal;2;;;;;;;;;;0;3;;;
27/04/2010;09:28:00;53;sem vítima;266;BR-101/RJ;Sul;Capotamento;1;;;;;;;;;;1;;;;
14/05/2010;15:10:00;111;sem vítima;266;BR-101/RJ;Norte;Saida de Pista;1;;;;;;;;;;2;;;;
25/07/2010;17:06:00;118;sem vítima;266;BR-101/RJ;Sul;Saida de Pista;1;;;;;;;;;;5;;;;
15/08/2010;06:52:00;28;com vítima;266;BR-101/RJ;Sul;Saida de Pista;1;;;;;;;;;;0;1;;;
04/09/2010;00:32:00;2;com vítima;266;BR-101/RJ;Norte;Saida de Pista;1;;;;;;;;;;0;1;;;
08/09/2010;11:27:00;104;com vítima;266;BR-101/RJ;Sul;Colisão Traseira;2;;;;;;;;;;3;;1;;
20/09/2010;04:39:00;33;sem vítima;266;BR-101/RJ;Sul;Saida de Pista;1;;;;;;;;;;1;;;;
12/12/2010;03:07:00;20;sem vítima;266;BR-101/RJ;Norte;Saida de Pista;1;;;;;;;;;;1;;;;
13/12/2010;20:19:00;206;sem vítima;266;BR-101/RJ;Sul;Saida de Pista;1;;;;;;;;;;2;;;;
13/12/2010;21:17:00;218;sem vítima;266;BR-101/RJ;Norte;Colisão Traseira;1;;;;;;;;;1;2;;;;
17/12/2010;16:08:00;145;com vítima;266;BR-101/RJ;Norte;Colisão Lateral;2;;1;;;;;;;;4;2;;;
22/12/2010;17:40:00;158;sem vítima;266;BR-101/RJ;Sul;Saida de Pista;;;1;;;;;;;;1;;;;
26/12/2010;19:28:00;170;com vítima;266;BR-101/RJ;Sul;Saida de Pista;1;;;;;;;;;;0;1;1;;
11/01/2011;17:08:00;147;sem vítima;266;BR-101/RJ;Sul;Colisão Lateral;1;;1;;;;;;;;5;;;;
13/01/2011;11:20:00;67;com vítima;266;BR-101/RJ;Norte;Colisão Traseira;2;;;;;;;;;;3;1;;;
16/01/2011;13:38:00;138;com vítima;266;BR-101/RJ;Sul;Capotamento;1;;;;;;;;;;1;1;2;;
11/02/2011;12:59:00;102;com vítima;266;BR-101/RJ;Sul;Capotamento;1;;;;;;;;;;2;1;;;
13/02/2011;21:29:00;175;sem vítima;266;BR-101/RJ;Sul;Engavetamento;3;;;;;1;;;;;11;;;;
23/02/2011;20:21:00;158;sem vítima;266;BR-101/RJ;Norte;Saida de Pista;1;;;;;;;;;;4;;;;
12/03/2011;10:03:00;66;com vítima;278;BR-101/RJ;Sul;Saida de Pista;1;;;;;;;;;;0;1;;;
12/03/2011;10:29:00;70;sem vítima;299;BR-101/RJ;Sul;Colisão Traseira;2;;;;;;;;;;2;;;;
04/05/2011;05:43:00;9;sem vítima;266;BR-101/RJ;Sul;Saida de Pista;;;;;;;;;;1;3;;;;
04/05/2011;05:47:00;11;com vítima;266;BR-101/RJ;Norte;Capotamento;;;;;;;;;;1;0;1;;;
13/05/2011;20:06:00;158;com vítima;266;BR-101/RJ;Norte;Outros - Sequência;;;1;;1;;;;;;1;1;1;;
03/08/2011;15:46:00;105;sem vítima;266;BR-101/RJ;Sul;Colisão Lateral;2;;;;;;;;;;2;;;;
28/08/2011;00:24:00;2;com vítima;266,9859924316406;BR-101/RJ;Norte;Capotamento;1;;;;;;;;;;0;;1;;1
27/09/2011;17:05:00;138;sem vítima;266,5;BR-101/RJ;Sul;Colisão Lateral;1;;;;1;1;;;;;4;;;;
01/10/2011;21:33:00;198;com vítima;266;BR-101/RJ;Sul;Colisão Traseira;1;;;1;;;;;;;1;1;;;
04/10/2011;13:17:00;94;sem vítima;266;BR-101/RJ;Sul;Saida de Pista;1;;;;;;;;;;1;;;;
22/10/2011;10:08:00;52;com vítima;266,8999938964844;BR-101/RJ;Sul;Saida de Pista;1;;;;;;;;;;0;;;2;
02/11/2011;05:51:00;18;com vítima;266,04998779296875;BR-101/RJ;Sul;Atropelamento - Morador;;;;;;1;;;;;1;;;1;
07/11/2011;22:15:00;188;com vítima;266;BR-101/RJ;Sul;Saida de Pista;1;;;;;;;;;;2;;1;;
13/11/2011;09:00:00;47;com vítima;266;BR-101/RJ;Sul;Choque - Defensa, barreira ou "submarino";1;;;;;;;;;;0;1;;;
14/11/2011;08:07:00;32;com vítima;266;BR-101/RJ;Sul;Saida de Pista;1;;;;;;;;;;0;;1;;
27/11/2011;22:47:00;196;com vítima;266;BR-101/RJ;Sul;Saida de Pista;1;;;;;;;;;;1;2;;;
27/11/2011;12:12:00;72;sem vítima;266,5;BR-101/RJ;Sul;Saida de Pista;1;;;;;;;;;;1;;;;
15/12/2011;15:11:00;101;com vítima;266;BR-101/RJ;Sul;Objeto lançado contra veículo;;;2;;;;;;;;1;1;;;
17/12/2011;11:02:00;65;com vítima;266;BR-101/RJ;Norte;Capotamento;1;;;;;;;;;;0;;1;;
18/12/2011;12:55:00;75;com vítima;266;BR-101/RJ;Norte;Colisão Transversal;2;;;;;;;;;;2;;3;;
27/12/2011;07:05:00;26;com vítima;266;BR-101/RJ;Sul;Capotamento;1;;;;;;;;;;0;2;2;;
01/01/2012;03:42:00;22;sem vítima;266;BR-101/RJ;Norte;Tombamento;1;;;;;;;;;;1;;;;
04/01/2012;16:27:00;147;sem vítima;266;BR-101/RJ;Sul;Colisão Transversal;2;;;;;;;;;;3;;;;
23/01/2012;21:13:00;235;sem vítima;266;BR-101/RJ;Norte;Saida de Pista;1;;;;;;;;;;2;;;;
21/02/2012;12:34:00;70;sem vítima;266;BR-101/RJ;Norte;Colisão Transversal;2;;;;;;;;;;6;;;;
25/02/2012;10:40:00;69;sem vítima;266;BR-101/RJ;Sul;Colisão Traseira;2;;;;;;;;;;3;;;;
28/02/2012;13:14:00;93;sem vítima;266;BR-101/RJ;Norte;Colisão Lateral;2;;;;;;;;;;2;;;;
09/03/2012;15:53:00;130;sem vítima;266;BR-101/RJ;Sul;Colisão Lateral;1;;;;;1;;;;;2;;;;
26/03/2012;13:29:00;98;sem vítima;266;BR-101/RJ;Sul;Saida de Pista;1;;;;;;;;;;1;;;;
02/04/2012;13:11:00;120;com vítima;266;BR-101/RJ;Norte;Capotamento;1;;;;;;;;;;0;1;;;
02/04/2012;21:56:00;197;com vítima;266;BR-101/RJ;Sul;Tombamento;;;1;;;;;;;;0;1;;;
17/04/2012;16:12:00;135;sem vítima;266;BR-101/RJ;Sul;Colisão Lateral;2;;;;;;;;;;4;;;;
23/04/2012;08:31:00;41;com vítima;266;BR-101/RJ;Norte;Capotamento;;;1;;;;;;;;0;2;;;
25/05/2012;16:05:00;109;com vítima;266;BR-101/RJ;Sul;Colisão Traseira;1;;;1;;;;;;;2;;1;;
29/05/2012;08:27:00;46;com vítima;266;BR-101/RJ;Norte;Colisão Lateral;1;;;1;;;;;;;1;1;;;
06/06/2012;14:25:00;114;com vítima;266;BR-101/RJ;Sul;Saida de Pista;1;;;;;;;;;;0;;1;;
11/06/2012;23:40:00;200;sem vítima;266;BR-101/RJ;Sul;Saida de Pista;1;;;;;;;;;;1;;;;
17/06/2012;15:53:00;102;com vítima;266,3;BR-101/RJ;Sul;Saida de Pista;1;;;;;;;;;;3;1;;;
25/07/2012;07:38:00;38;sem vítima;266;BR-101/RJ;Sul;Capotamento;2;;1;;;;;;;;6;;;;
26/07/2012;08:51:00;53;com vítima;266;BR-101/RJ;Norte;Colisão Traseira;2;;;;;;;;;;8;1;;;
03/08/2012;10:56:00;82;com vítima;266,8;BR-101/RJ;Norte;Saida de Pista;;;1;;;;;;;;0;1;;;
06/08/2012;10:04:00;63;sem vítima;266;BR-101/RJ;Sul;Colisão Transversal;2;;;;;;;;;;2;;;;
06/08/2012;16:34:00;128;com vítima;266,296;BR-101/RJ;Sul;Saida de Pista;1;;;;;;;;;;1;1;;;
13/08/2012;21:09:00;203;com vítima;266,361;BR-101/RJ;Sul;Saida de Pista;;;;1;;;;;;;0;1;;;
26/08/2012;09:37:00;43;sem vítima;266;BR-101/RJ;Norte;Colisão Transversal;1;;;;;;;;;;1;;;;
31/08/2012;18:10:00;177;sem vítima;266;BR-101/RJ;Sul;Saida de Pista;1;;;;;;;;;;1;;;;
21/09/2012;01:20:00;7;sem vítima;266,3;BR-101/RJ;Sul;Tombamento;;;1;;;;;;;;1;;;;
22/09/2012;09:16:00;71;sem vítima;266;BR-101/RJ;Sul;Saida de Pista;1;;;;;;;;;;1;;;;
07/10/2012;15:03:00;116;com vítima;266;BR-101/RJ;Sul;Colisão Lateral;2;;;;;;;;;;5;1;;;
21/10/2012;03:32:00;15;sem vítima;266;BR-101/RJ;Norte;Saida de Pista;1;;;;;;;;;;1;;;;
31/10/2012;17:23:00;189;com vítima;266;BR-101/RJ;Sul;Colisão Traseira;1;;;1;;;;;;;1;;1;;
01/11/2012;23:48:00;219;sem vítima;266,045;BR-101/RJ;Norte;Colisão Traseira;2;;;;;;;;;;5;;;;
18/11/2012;20:49:00;142;sem vítima;266;BR-101/RJ;Sul;Saida de Pista;1;;;;;;;;;;1;;;;
26/11/2012;06:08:00;24;sem vítima;266;BR-101/RJ;Sul;Colisão Traseira;2;;;;;;;;;;4;;;;
11/01/2013;09:04:00;60;sem vítima;266,467;BR-101/RJ;Norte;Choque - Defensa, barreira ou "submarino";;;1;;;;;;;;1;;;;
08/03/2013;20:36:00;186;com vítima;266;BR-101/RJ;Sul;Saida de Pista;1;;;;;1;;;;;2;1;;;
26/03/2013;21:33:00;189;com vítima;266;BR-101/RJ;Sul;Saida de Pista;;;;;;;;;;1;0;1;;;
27/03/2013;20:24:00;173;com vítima;266;BR-101/RJ;Norte;Colisão Traseira;2;;;;;;;;;;5;1;;;
01/04/2013;17:47:00;171;com vítima;266;BR-101/RJ;Sul;Colisão Traseira;1;;1;;;;;;;;3;1;;;
23/04/2013;13:51:00;108;sem vítima;266;BR-101/RJ;Norte;Colisão Traseira;2;;;;;;;;;;6;;;;
27/04/2013;21:15:00;157;sem vítima;266;BR-101/RJ;Norte;Saida de Pista;1;;;;;;;;;;2;;;;
20/07/2013;01:58:00;20;com vítima;266,333;BR-101/RJ;Norte;Capotamento;1;;;;;;;;;;0;2;;;
12/09/2013;21:23:00;184;sem vítima;266,3;BR-101/RJ;Sul;Saida de Pista;1;;;;;;;;;;1;;;;
29/09/2013;22:38:00;168;com vítima;266,5;BR-101/RJ;Norte;Colisão Traseira;2;;;;;;;;;;0;7;;;
21/10/2013;22:15:00;202;sem vítima;266;BR-101/RJ;Norte;Saida de Pista;1;;;;;;;;;;1;;;;
02/11/2013;12:55:00;110;sem vítima;266,744;BR-101/RJ;Norte;Colisão Lateral;1;;;;;1;;;;;2;;;;
03/11/2013;13:01:00;86;sem vítima;266;BR-101/RJ;Sul;Colisão Traseira;2;;;;;;;;;;2;;;;
24/11/2013;23:34:00;179;com vítima;266;BR-101/RJ;Sul;Saida de Pista;1;;;;;;;;;;0;1;;;
29/11/2013;17:18:00;198;sem vítima;266;BR-101/RJ;Norte;Colisão Lateral;1;;;1;;;;;;;2;;;;
11/12/2013;21:55:00;189;sem vítima;266,35;BR-101/RJ;Sul;Saida de Pista;;;1;;;;;;;;3;;;;
31/12/2013;17:10:00;145;sem vítima;266;BR-101/RJ;Norte;Capotamento;1;;;;;;;;;;1;;;;
05/03/2014;10:32:00;75;sem vítima;266,091;BR-101/RJ;Sul;Engavetamento;3;;;;;;;;;;8;;;;
18/03/2014;11:01:00;77;com vítima;266;BR-101/RJ;Sul;Saida de Pista;1;;;;;;;;;;0;1;;;
04/04/2014;08:42:00;43;sem vítima;266,337;BR-101/RJ;Norte;Saida de Pista;1;;;;;;;;;;1;;;;
12/04/2014;05:21:00;32;sem vítima;266;BR-101/RJ;Sul;Colisão Traseira;;;2;;;;;;;;2;;;;
27/04/2014;07:14:00;31;com vítima;266,118;BR-101/RJ;Norte;Saida de Pista;1;;;;;;;;;;0;;1;;
01/06/2014;05:20:00;27;com vítima;266;BR-101/RJ;Sul;Choque - Poste;1;;;;;;;;;;0;;1;;
15/06/2014;14:32:00;70;sem vítima;266;BR-101/RJ;Norte;Colisão Lateral;;;;;;;;;;2;21;;;;
19/07/2014;07:28:00;28;sem vítima;266;BR-101/RJ;Sul;Choque - Defensa, barreira ou "submarino";1;;;;;;;;;;1;;;;
04/08/2014;15:55:00;143;com vítima;266;BR-101/RJ;Sul;Queda de Moto;;;;1;;;;;;;0;1;;;
04/09/2014;09:28:00;43;sem vítima;266,408;BR-101/RJ;Sul;Choque - Defensa, barreira ou "submarino";1;;;;;;;;;;1;;;;
14/09/2014;17:37:00;129;sem vítima;266,897;BR-101/RJ;Sul;Engavetamento;3;;;;;;;;;;8;;;;
20/10/2014;06:58:00;41;sem vítima;266,083;BR-101/RJ;Norte;Capotamento;1;;;;;;;;;;1;;;;
03/11/2014;17:41:00;156;sem vítima;266;BR-101/RJ;Norte;Queda de Moto;;;;1;;;;;;;2;;;;
14/11/2014;08:38:00;55;sem vítima;266,335;BR-101/RJ;Sul;Colisão Traseira;2;;;;;;;;;;3;;;;
14/11/2014;18:51:00;185;sem vítima;266,699;BR-101/RJ;Norte;Colisão Traseira;1;;1;;;;;;;;6;;;;
28/11/2014;22:41:00;177;sem vítima;266;BR-101/RJ;Norte;Saida de Pista;1;;;;;;;;;;4;;;;
12/12/2014;22:33:00;182;com vítima;266;BR-101/RJ;Sul;Colisão Frontal;2;;;;;;;;;;2;1;;;
31/01/2015;14:56:00;93;sem vítima;266;BR-101/RJ;Sul;Choque - Defensa, barreira ou "submarino";1;;;;;;;;;;5;;;;
18/03/2015;04:29:00;19;com vítima;266;BR-101/RJ;Norte;Choque - Poste;1;;;;;;;;;;0;0;1;0;0
22/04/2015;11:51:00;90;com vítima;266,549;BR-101/RJ;Sul;Choque - Defensa, barreira ou "submarino";1;;;;;;;;;;0;2;;;
16/05/2015;08:25:00;41;com vítima;266,607;BR-101/RJ;Norte;Colisão Lateral;2;;;;;;;;;;5;4;;;
21/06/2015;11:13:00;79;com vítima;266;BR-101/RJ;Sul;Queda de Moto;;;;1;;;;;;;0;1;;;
16/07/2015;19:24:00;198;com vítima;266;BR-101/RJ;Norte;Colisão Traseira;;;;1;;1;;;;;1;1;;;
08/10/2015;12:31:00;130;sem vítima;266,983;BR-101/RJ;Sul;Choque - Defensa, barreira ou "submarino";;;;;;;;;;1;1;;;;
15/10/2015;04:29:00;18;sem vítima;266,268;BR-101/RJ;Sul;Choque - Suporte de Sinalização;1;;;;;;;;;;1;;;;
18/10/2015;03:38:00;9;com vítima;266,8;BR-101/RJ;Norte;Colisão Traseira;2;;;;;;;;;;3;1;1;;
31/10/2015;09:12:00;72;com vítima;266,07;BR-101/RJ;Sul;Queda de Moto;;;;1;;;;;;;0;1;;;
11/11/2015;04:07:00;23;sem vítima;266;BR-101/RJ;Norte;Choque - Defensa, barreira ou "submarino";1;;;;;;;;;;2;;;;
04/01/2010;11:31:00;113;sem vítima;267;BR-101/RJ;Sul;Colisão Traseira;2;;;;;;;;;;7;;;;
04/01/2010;12:35:00;131;sem vítima;267;BR-101/RJ;Sul;Colisão Traseira;3;;;;;;;;;;3;;;;
24/01/2010;17:36:00;138;sem vítima;267;BR-101/RJ;Sul;Engavetamento;3;;;;;;;;;;10;;;;
16/02/2010;20:02:00;260;sem vítima;267;BR-101/RJ;Sul;Engavetamento;3;;;;;;;;;;10;;;;
21/03/2010;04:39:00;18;sem vítima;267;BR-101/RJ;Norte;Choque - Talude;1;;;;;;;;;;1;;;;
26/07/2010;09:46:00;68;sem vítima;267;BR-101/RJ;Sul;Saida de Pista;1;;;;;;;;;;1;;;;
01/08/2010;15:23:00;132;com vítima;267,5;BR-101/RJ;Sul;Atropelamento - Ciclista;1;1;;;;;;;;;5;;1;;
14/08/2010;13:27:00;126;sem vítima;267;BR-101/RJ;Sul;Saida de Pista;1;;;;;;;;;;3;;;;
19/09/2010;01:02:00;9;sem vítima;267;BR-101/RJ;Sul;Saida de Pista;1;;;;;;;;;;3;;;;
26/09/2010;23:17:00;182;sem vítima;267;BR-101/RJ;Norte;Capotamento;1;;;;;;;;;;2;;;;
09/10/2010;19:30:00;182;com vítima;267;BR-101/RJ;Norte;Atropelamento - Ciclista;1;;;;;;;;;;4;;;1;
31/10/2010;09:59:00;55;com vítima;267;BR-101/RJ;Norte;Saida de Pista;1;;;;;;;;;;1;1;;;
02/01/2011;22:06:00;237;sem vítima;267;BR-101/RJ;Sul;Engavetamento;3;;;;;;;;;;3;;;;
12/03/2011;13:42:00;105;sem vítima;23;BR-101/RJ;Norte;Saida de Pista;1;;;;;;;;;;1;;;;
05/06/2011;16:48:00;101;com vítima;267;BR-101/RJ;Sul;Atropelamento - Morador;1;;;;;;;;;;5;1;;;
08/08/2011;03:37:00;17;sem vítima;267,3999938964844;BR-101/RJ;Norte;Saida de Pista;;;1;;;;;;;;1;;;;
27/08/2011;14:21:00;90;sem vítima;267,1199951171875;BR-101/RJ;Sul;Saida de Pista;1;;;;;;;;;;1;;;;
18/10/2011;02:53:00;6;com vítima;267;BR-101/RJ;Norte;Colisão Traseira;;;2;;;;;;;;2;1;;;
09/01/2012;11:28:00;89;sem vítima;267;BR-101/RJ;Sul;Colisão Lateral;1;;1;;;;;;;;7;;;;
09/02/2012;23:59:00;171;sem vítima;267;BR-101/RJ;Norte;Colisão Lateral;1;;1;;;;;;;;2;;;;
24/03/2012;20:47:00;178;com vítima;267,5;BR-101/RJ;Sul;Atropelamento - Andarilho;;;;;;1;;;;;1;1;;;
08/04/2012;14:41:00;119;sem vítima;267;BR-101/RJ;Sul;Colisão Traseira;2;;;;;;;;;;3;;;;
13/05/2012;14:39:00;98;com vítima;267;BR-101/RJ;Sul;Queda de Moto;;;;1;;;;;;;0;;1;;
22/08/2012;16:57:00;163;com vítima;267,672;BR-101/RJ;Norte;Queda de Moto;;;;;;1;;;;;0;;1;;
26/08/2012;00:08:00;2;sem vítima;267;BR-101/RJ;Sul;Atropelamento de Animal;2;;;;;;;;;;3;;;;
31/08/2012;12:55:00;110;com vítima;267,5;BR-101/RJ;Norte;Atropelamento - Morador;1;;;;;;;;;;1;;;1;
08/09/2012;01:43:00;6;com vítima;267,89;BR-101/RJ;Sul;Atropelamento - Sem Informação;1;;;;;;;;;;1;;1;;
12/10/2012;12:47:00;139;sem vítima;267;BR-101/RJ;Norte;Colisão Lateral;1;;;1;;;;;;;5;;;;
04/11/2012;12:57:00;84;sem vítima;267,9;BR-101/RJ;Sul;Engavetamento;3;;1;;;;;;;;12;;;;
09/02/2013;10:04:00;132;com vítima;267,03;BR-101/RJ;Norte;Atropelamento - Morador;;;;1;;;;;;;2;1;;;
11/03/2013;12:09:00;111;sem vítima;267;BR-101/RJ;Norte;Colisão Traseira;1;;1;;;;;;;;3;;;;
31/03/2013;19:06:00;159;sem vítima;267;BR-101/RJ;Sul;Colisão Traseira;2;;;;;;;;;;2;;;;
07/04/2013;06:54:00;40;com vítima;267,5;BR-101/RJ;Norte;Queda de Moto;1;;;;;;;;;;0;;1;;
19/05/2013;16:54:00;126;com vítima;267,2;BR-101/RJ;Norte;Colisão Traseira;2;;;;;;;;;;4;1;2;;