data;horario;n_da_ocorrencia;tipo_de_ocorrencia;km;trecho;sentido;tipo_de_acidente;automovel;bicicleta;caminhao;moto;onibus;outros;tracao_animal;transporte_de_cargas_especiais;trator_maquinas;utilitarios;ilesos;levemente_feridos;moderadamente_feridos;gravemente_feridos;mortos
16/08/2015;08:12:00;26;com vítima;269;BR-101/RJ;Norte;Colisão Lateral;;;;1;;1;;;;;1;1;;;
12/09/2015;18:35:00;135;sem vítima;269,79;BR-101/RJ;Norte;Colisão Traseira;2;;;;;;;;;;2;;;;
27/09/2015;00:03:00;2;sem vítima;269;BR-101/RJ;Norte;Colisão Traseira;2;;;;;;;;;;2;;;;
03/10/2015;11:56:00;92;sem vítima;269;BR-101/RJ;Norte;Colisão Lateral;2;;;;;;;;;;2;;;;
08/10/2015;23:43:00;229;sem vítima;269;BR-101/RJ;Norte;Choque - Veiculo parado no acostamento;1;;;;1;;;;;;4;;;;
11/10/2015;16:26:00;119;com vítima;269;BR-101/RJ;Norte;Colisão Transversal;1;;1;;;;;;;;4;3;;;
12/10/2015;19:21:00;161;sem vítima;269;BR-101/RJ;Sul;Engavetamento;3;;;;;;;;;;3;;;;
14/10/2015;21:05:00;207;sem vítima;269;BR-101/RJ;Sul;Colisão Traseira;1;;1;;;;;;;;3;;;;
08/11/2015;12:50:00;92;sem vítima;269,433;BR-101/RJ;Norte;Colisão Lateral;2;;;;;;;;;;3;;;;
21/11/2015;19:08:00;158;sem vítima;269,059;BR-101/RJ;Norte;Saida de Pista;1;;;;;;;;;;1;;;;
28/11/2015;16:28:00;153;sem vítima;269,9;BR-101/RJ;Norte;Colisão Traseira;2;;;;;;;;;;5;;;;
05/12/2015;00:48:00;3;sem vítima;269,345;BR-101/RJ;Sul;Colisão Traseira;2;;;;;;;;;;2;;;;
05/12/2015;01:00:00;5;sem vítima;269,345;BR-101/RJ;Sul;Colisão Traseira;;;2;;;;;;;;2;;;;
21/12/2015;15:32:00;155;sem vítima;269;BR-101/RJ;Norte;Colisão Lateral;1;;1;;;;;;;;2;;;;
23/01/2010;13:06:00;98;com vítima;270;BR-101/RJ;Norte;Colisão Traseira;;;;1;1;;;;;;1;1;;;
14/03/2010;23:03:00;229;com vítima;270;BR-101/RJ;Sul;Colisão Transversal;2;;;;;;;;;;3;2;2;;
05/06/2010;07:52:00;49;com vítima;270;BR-101/RJ;Norte;Atropelamento - Morador;;;;;;1;;;;;1;1;;;
05/06/2010;18:19:00;137;com vítima;270;BR-101/RJ;Norte;Atropelamento - Morador;;;;;;;;;;1;1;;;;1
17/10/2010;18:33:00;123;com vítima;270;BR-101/RJ;Norte;Colisão Lateral;2;;;;;;;;;;1;1;;;
15/11/2010;17:01:00;135;sem vítima;270;BR-101/RJ;Sul;Engavetamento;3;;;;;;;;;;9;;;;
07/12/2010;13:35:00;116;com vítima;270;BR-101/RJ;Sul;Colisão Lateral;;;1;;;;;;;1;9;1;;;
09/02/2011;02:19:00;6;sem vítima;270;BR-101/RJ;Norte;Saida de Pista;1;;;;;;;;;;1;;;;
12/02/2011;00:04:00;1;com vítima;270;BR-101/RJ;Sul;Atropelamento - Morador;1;;;;;;;;;;4;;;;1
12/02/2011;02:39:00;13;sem vítima;270;BR-101/RJ;Norte;Colisão Lateral;1;;1;;;;;;;;2;;;;
13/03/2011;00:27:00;9;com vítima;67;BR-101/RJ;Norte;Colisão Traseira;1;;;1;;;;;;;2;1;;;
13/03/2011;10:46:00;71;sem vítima;202;BR-101/RJ;Sul;Colisão Traseira;1;;;;;1;;;;;2;;;;
21/05/2011;00:32:00;5;com vítima;270;BR-101/RJ;Sul;Capotamento;1;;;;;;;;;;0;1;;;
12/06/2011;20:58:00;152;sem vítima;270;BR-101/RJ;Sul;Saida de Pista;1;;;;;;;;;;1;;;;
24/08/2011;18:41:00;138;sem vítima;270;BR-101/RJ;Norte;Colisão Traseira;1;;;;;1;;;;;2;;;;
04/09/2011;23:36:00;153;com vítima;270,3999938964844;BR-101/RJ;Sul;Queda de Moto;;;;1;;;;;;;1;;1;;
06/11/2011;10:18:00;38;sem vítima;270;BR-101/RJ;Sul;Colisão Lateral;2;;;;;;;;;;5;;;;
27/11/2011;12:47:00;79;com vítima;270;BR-101/RJ;Sul;Queda de Moto;;;;1;;;;;;;0;1;;;
27/11/2011;12:54:00;82;sem vítima;270;BR-101/RJ;Sul;Colisão Traseira;2;;;;;;;;;;8;;;;
25/12/2011;12:58:00;63;com vítima;270;BR-101/RJ;Norte;Capotamento;1;;;;;;;;;;0;2;1;;1
02/01/2012;10:44:00;78;sem vítima;270;BR-101/RJ;Sul;Colisão Traseira;2;;;;;;;;;;9;;;;
16/01/2012;18:16:00;177;com vítima;270;BR-101/RJ;Sul;Colisão Traseira;2;;1;;;;;;;;7;;2;;
22/01/2012;17:13:00;143;sem vítima;270;BR-101/RJ;Sul;Colisão Traseira;2;;;;;;;;;;2;;;;
05/02/2012;21:23:00;186;sem vítima;270;BR-101/RJ;Sul;Colisão Traseira;2;;;;;;;;;;6;;;;
13/03/2012;20:09:00;185;sem vítima;270,5;BR-101/RJ;Sul;Colisão Traseira;2;;;;;;;;;;3;;;;
24/03/2012;08:15:00;51;sem vítima;270;BR-101/RJ;Sul;Colisão Lateral;2;;;;;;;;;;2;;;;
14/05/2012;06:23:00;24;sem vítima;270;BR-101/RJ;Sul;Colisão Traseira;1;;;;1;;;;;;2;;;;
04/06/2012;14:48:00;114;com vítima;270;BR-101/RJ;Sul;Colisão Traseira;1;;;;1;;;;;;4;;1;;
13/08/2012;13:59:00;126;com vítima;270,85;BR-101/RJ;Sul;Queda de Moto;;;;1;;;;;;;0;1;;;
24/08/2012;06:07:00;19;sem vítima;270;BR-101/RJ;Norte;Capotamento;1;;;;;;;;;;1;;;;
02/09/2012;01:12:00;2;sem vítima;270;BR-101/RJ;Sul;Saida de Pista;1;;;;;;;;;;1;;;;
15/09/2012;14:38:00;119;com vítima;270;BR-101/RJ;Sul;Colisão Lateral;2;;;;;;;;;;3;1;;;
12/11/2012;15:49:00;137;sem vítima;270;BR-101/RJ;Sul;Saida de Pista;2;;1;;;;;;;;3;;;;
21/11/2012;17:52:00;152;sem vítima;270;BR-101/RJ;Norte;Colisão Lateral;1;;;1;;;;;;;2;;;;
09/12/2012;12:10:00;84;sem vítima;270,5;BR-101/RJ;Norte;Queda de Moto;;;;1;;;;;;;2;;;;
27/12/2012;13:23:00;113;sem vítima;270;BR-101/RJ;Sul;Colisão Traseira;2;;;;;;;;;;2;;;;
28/12/2012;04:33:00;35;com vítima;270;BR-101/RJ;Norte;Saida de Pista;1;;;;;;;;;;0;1;;;
23/03/2013;20:12:00;190;sem vítima;270;BR-101/RJ;Norte;Colisão Traseira;2;;;;;;;;;;6;;;;
23/03/2013;19:43:00;187;com vítima;270,58;BR-101/RJ;Norte;Atropelamento - Andarilho;1;;;;;;;;;;1;;;;1
14/04/2013;20:15:00;159;sem vítima;270;BR-101/RJ;Sul;Colisão Traseira;1;;1;;;;;;;;3;;;;
08/05/2013;11:10:00;72;sem vítima;270;BR-101/RJ;Sul;Choque - Defensa, barreira ou "submarino";1;;;;;;;;;;1;;;;
19/05/2013;04:11:00;20;sem vítima;270,178;BR-101/RJ;Sul;Atropelamento de Animal;1;;;;;;;;;;1;;;;
19/05/2013;04:01:00;18;com vítima;270,222;BR-101/RJ;Sul;Atropelamento de Animal;1;;;;;;;;;;0;2;;;
01/06/2013;16:55:00;132;com vítima;270;BR-101/RJ;Norte;Colisão Lateral;1;;;1;;;;;;;1;1;2;;
02/07/2013;12:00:00;68;com vítima;270,462;BR-101/RJ;Norte;Capotamento;1;;;;;;;;;;1;1;;;
06/07/2013;03:56:00;17;sem vítima;270,4;BR-101/RJ;Norte;Atropelamento de Animal;;;1;;;;;;;;1;;;;
13/07/2013;03:05:00;14;sem vítima;270,6;BR-101/RJ;Norte;Saida de Pista;1;;;;;;;;;;1;;;;
29/07/2013;07:00:00;34;com vítima;270;BR-101/RJ;Sul;Atropelamento - Ciclista;;1;;;;1;;;;;1;;1;;
01/09/2013;13:16:00;77;com vítima;270;BR-101/RJ;Sul;Capotamento;1;;;;;;;;;;0;1;;1;2
01/09/2013;16:12:00;112;sem vítima;270,5;BR-101/RJ;Sul;Colisão Traseira;2;;;;;;;;;;5;;;;
08/10/2013;02:13:00;12;com vítima;270,6;BR-101/RJ;Sul;Capotamento;1;;;;;;;;;;0;;;1;1
17/11/2013;17:56:00;171;sem vítima;270;BR-101/RJ;Norte;Saida de Pista;1;;;;;;;;;;1;;;;
27/12/2013;16:22:00;148;com vítima;270,324;BR-101/RJ;Sul;Saida de Pista;;;1;;;;;;;;0;1;;;
18/01/2014;06:42:00;57;sem vítima;270,956;BR-101/RJ;Norte;Saida de Pista;1;;;;;;;;;;2;;;;
27/02/2014;00:01:00;1;com vítima;270,3;BR-101/RJ;Sul;Atropelamento - Morador;1;;;1;;;;;;;1;;2;;1
18/03/2014;17:44:00;133;com vítima;270;BR-101/RJ;Norte;Outros - Sequência;2;1;;;1;;;;;;2;4;;;
01/04/2014;18:45:00;149;com vítima;270,805;BR-101/RJ;Sul;Queda de Moto;;;;1;;;;;;;0;;;;1
05/05/2014;06:46:00;23;sem vítima;270;BR-101/RJ;Norte;Colisão Lateral;1;;;;1;;;;;;2;;;;
23/07/2014;18:52:00;147;com vítima;270;BR-101/RJ;Sul;Saida de Pista;1;;;;;;;;;;0;1;;;
06/08/2014;08:30:00;45;com vítima;270,9;BR-101/RJ;Norte;Colisão Traseira;;;1;1;;;;;;;1;;1;;
09/10/2014;21:39:00;208;sem vítima;270;BR-101/RJ;Sul;Saida de Pista;1;;;;;;;;;;2;;;;
20/12/2014;10:28:00;76;sem vítima;270;BR-101/RJ;Sul;Saida de Pista;;;;1;;;;;;;1;;;;
22/01/2015;01:43:00;6;sem vítima;270,667;BR-101/RJ;Norte;Atropelamento de Animal;;;1;;;;;;;;1;;;;
05/03/2015;17:38:00;105;sem vítima;270;BR-101/RJ;Norte;Saida de Pista;1;;;;;;;;;;1;0;0;0;0
17/04/2015;12:35:00;114;com vítima;270,557;BR-101/RJ;Norte;Atropelamento de Animal;1;;;;;;;;;;0;1;;;
07/06/2015;11:02:00;62;sem vítima;270;BR-101/RJ;Sul;Colisão Traseira;1;;;;;1;;;;;2;;;;
16/06/2015;20:08:00;162;com vítima;270,5;BR-101/RJ;Norte;Atropelamento - Morador;;;;;;1;;;;;1;;;;1
19/06/2015;05:52:00;23;com vítima;270,511;BR-101/RJ;Norte;Colisão Traseira;1;;1;;;;;;;;1;4;;;
07/07/2015;15:17:00;159;com vítima;270;BR-101/RJ;Sul;Colisão Traseira;2;;;;;;;;;;0;3;;;
02/08/2015;18:11:00;135;com vítima;270,2;BR-101/RJ;Norte;Capotamento;1;;;;;;;;;;0;1;;;
19/09/2015;06:01:00;30;sem vítima;270,212;BR-101/RJ;Sul;Colisão Lateral;1;;1;;;;;;;;2;;;;
19/09/2015;06:01:00;35;sem vítima;270,212;BR-101/RJ;Sul;Colisão Traseira;;;;;1;1;;;;;2;;;;
10/01/2010;18:55:00;198;com vítima;271;BR-101/RJ;Sul;Colisão Traseira;3;;;;;;;;;;9;1;;;
10/01/2010;19:12:00;200;sem vítima;271;BR-101/RJ;Sul;Colisão Traseira;2;;;;;;;;;;4;;;;
24/01/2010;06:52:00;30;sem vítima;271;BR-101/RJ;Sul;Saida de Pista;1;;;;;;;;;;1;;;;
11/02/2010;09:53:00;64;com vítima;271;BR-101/RJ;Sul;Colisão Traseira;;;;1;;1;;;;;1;;1;;
06/03/2010;22:24:00;206;sem vítima;271;BR-101/RJ;Sul;Choque - Defensa, barreira ou "submarino";1;;;;;;;;;;1;;;;
11/06/2010;05:08:00;11;com vítima;271;BR-101/RJ;Sul;Capotamento;1;;;;;;;;;;0;;1;;
29/06/2010;09:17:00;44;sem vítima;271,5;BR-101/RJ;Norte;Saida de Pista;1;;;;;1;;;;;2;;;;
06/09/2010;04:30:00;17;com vítima;271;BR-101/RJ;Sul;Saida de Pista;1;;;;;;;;;;0;1;;;
07/09/2010;20:21:00;186;sem vítima;271;BR-101/RJ;Norte;Saida de Pista;1;;;;;;;;;;2;;;;
07/09/2010;21:05:00;192;sem vítima;271;BR-101/RJ;Norte;Saida de Pista;1;;;;;;;;;;4;;;;
18/09/2010;03:34:00;24;com vítima;271;BR-101/RJ;Sul;Saida de Pista;1;;;;;;;;;;0;;2;;
27/09/2010;07:04:00;29;com vítima;271;BR-101/RJ;Norte;Atropelamento - Ciclista;;1;;;;;;;;1;1;;1;;
06/10/2010;09:31:00;59;com vítima;271;BR-101/RJ;Sul;Capotamento;1;;;;;;;;;;0;1;;;
12/10/2010;11:04:00;57;com vítima;271;BR-101/RJ;Norte;Capotamento;1;;;;;;;;;;0;;1;1;
18/10/2010;14:29:00;82;sem vítima;271;BR-101/RJ;Sul;Saida de Pista;1;;;;;;;;;;1;;;;
15/11/2010;15:17:00;113;sem vítima;271;BR-101/RJ;Sul;Engavetamento;3;;;;;;;;;;7;;;;
21/12/2010;16:14:00;153;com vítima;271;BR-101/RJ;Norte;Colisão Lateral;2;;;;;;;;;;1;3;;;
31/12/2010;16:28:00;194;sem vítima;271;BR-101/RJ;Norte;Saida de Pista;1;;;;;;;;;;4;;;;
01/01/2011;06:48:00;20;com vítima;271;BR-101/RJ;Norte;Capotamento;1;;;;;;;;;;0;;2;;
05/02/2011;13:58:00;130;com vítima;271;BR-101/RJ;Sul;Saida de Pista;1;;;;;;;;;;0;;1;;
06/02/2011;12:56:00;81;com vítima;271;BR-101/RJ;Sul;Queda de Moto;;;;1;;;;;;;0;;1;;
13/02/2011;19:02:00;137;sem vítima;271;BR-101/RJ;Sul;Engavetamento;3;;;;;;;;;;14;;;;
13/02/2011;20:12:00;158;sem vítima;271;BR-101/RJ;Sul;Engavetamento;4;;;;;;;;;;13;;;;
13/03/2011;12:27:00;88;sem vítima;235;BR-101/RJ;Sul;Colisão Traseira;2;;;;;;;;;;10;;;;
13/03/2011;12:38:00;94;sem vítima;292;BR-101/RJ;Sul;Engavetamento;6;;;;;;;;;;18;;;;
13/03/2011;16:19:00;140;com vítima;292;BR-101/RJ;Sul;Engavetamento;5;;;;;;;;;;16;2;;;
06/06/2011;15:00:00;121;com vítima;271;BR-101/RJ;Sul;Saida de Pista;1;;;;;;;;;;0;;1;;
12/06/2011;04:22:00;18;sem vítima;271;BR-101/RJ;Sul;Capotamento;1;;;;;;;;;;1;;;;
13/06/2011;20:22:00;176;com vítima;271;BR-101/RJ;Sul;Colisão Traseira;;;;1;;1;;;;;1;;1;;
19/06/2011;08:58:00;40;sem vítima;271,79998779296875;BR-101/RJ;Norte;Saida de Pista;1;;;;;1;;;;;5;;;;
14/09/2011;08:07:00;37;com vítima;271;BR-101/RJ;Sul;Atropelamento - Ciclista;1;;;;;;;;;;2;;1;;
14/09/2011;03:27:00;10;sem vítima;271,20001220703125;BR-101/RJ;Sul;Saida de Pista;;;1;;;;;;;;1;;;;
23/09/2011;16:02:00;120;sem vítima;271,5;BR-101/RJ;Norte;Colisão Lateral;1;;1;;;;;;;;4;;;;
07/10/2011;15:59:00;138;sem vítima;271;BR-101/RJ;Sul;Colisão Lateral;1;;;;1;;;;;;5;;;;
12/10/2011;09:59:00;52;sem vítima;271,2640075683594;BR-101/RJ;Sul;Choque - Defensa, barreira ou "submarino";1;;;;;;;;;;1;;;;
31/10/2011;15:13:00;104;sem vítima;271;BR-101/RJ;Sul;Colisão Traseira;2;;;;;;;;;;4;;;;
31/10/2011;13:28:00;89;sem vítima;271,1000061035156;BR-101/RJ;Sul;Colisão Traseira;2;;;;;1;;;;;5;;;;
01/11/2011;07:11:00;25;sem vítima;271;BR-101/RJ;Norte;Saida de Pista;1;;;;;;;;;;1;;;;
16/11/2011;09:50:00;57;sem vítima;271;BR-101/RJ;Sul;Colisão Traseira;2;;;;;;;;;;4;;;;
27/11/2011;12:23:00;76;sem vítima;271;BR-101/RJ;Sul;Colisão Traseira;2;;;;;;;;;;5;;;;
15/12/2011;16:53:00;126;com vítima;271;BR-101/RJ;Sul;Saida de Pista;;;1;;;;;;;;2;1;;;
26/12/2011;17:38:00;150;sem vítima;271;BR-101/RJ;Norte;Colisão Traseira;2;;;;;;;;;;6;;;;
03/01/2012;14:53:00;155;com vítima;271;BR-101/RJ;Sul;Engavetamento;3;;;;;;;;;;11;;2;;
08/01/2012;15:58:00;118;sem vítima;271;BR-101/RJ;Sul;Colisão Traseira;2;;;;;;;;;;4;;;;
14/01/2012;01:55:00;8;com vítima;271;BR-101/RJ;Norte;Capotamento;1;;;;;;;;;;0;1;1;1;
23/01/2012;07:15:00;40;sem vítima;271;BR-101/RJ;Sul;Colisão Traseira;1;;;;;1;;;;;2;;;;
22/02/2012;15:02:00;135;com vítima;271;BR-101/RJ;Sul;Saida de Pista;1;;;;;;;;;;2;3;;;
22/05/2012;05:58:00;22;sem vítima;271,35;BR-101/RJ;Norte;Tombamento;;;1;;;;;;;;1;;;;
22/05/2012;06:48:00;30;com vítima;271,75;BR-101/RJ;Norte;Engavetamento;1;;1;;;;;;;1;17;;2;;
24/05/2012;23:27:00;184;com vítima;271,3;BR-101/RJ;Sul;Atropelamento de Animal;1;;;;;;;;;;0;;1;1;
26/05/2012;20:17:00;178;sem vítima;271;BR-101/RJ;Norte;Capotamento;1;;;;;;;;;;1;;;;
31/07/2012;16:06:00;112;sem vítima;271,9;BR-101/RJ;Sul;Colisão Lateral;1;;;;;;;;;1;5;;;;
03/08/2012;12:46:00;104;sem vítima;271;BR-101/RJ;Sul;Colisão Lateral;1;;;;;;1;;;;3;;;;
07/08/2012;04:55:00;9;sem vítima;271;BR-101/RJ;Norte;Tombamento;;;1;;;;;;;;1;;;;
07/08/2012;06:59:00;30;sem vítima;271;BR-101/RJ;Norte;Colisão Traseira;2;;;;;;;;;;2;;;;
10/08/2012;18:21:00;184;com vítima;271,834;BR-101/RJ;Sul;Queda de Moto;;;;1;;;;;;;0;1;;;
06/10/2012;13:09:00;112;com vítima;271;BR-101/RJ;Norte;Capotamento;1;;;;;;;;;;0;1;;;
16/11/2012;01:21:00;9;sem vítima;271;BR-101/RJ;Norte;Saida de Pista;;;;;;;;;;1;2;;;;
17/11/2012;03:01:00;9;sem vítima;271;BR-101/RJ;Norte;Saida de Pista;1;;;;;;;;;;2;;;;
24/11/2012;20:18:00;175;com vítima;271,218;BR-101/RJ;Norte;Capotamento;1;;;;;;;;;;0;5;;;
06/01/2013;10:46:00;57;com vítima;271;BR-101/RJ;Sul;Colisão Lateral;1;;1;;;;;;;;4;1;1;;
17/01/2013;05:18:00;24;com vítima;271,923;BR-101/RJ;Norte;Saida de Pista;1;;;;;;;;;;0;1;;;
22/01/2013;14:07:00;124;sem vítima;271;BR-101/RJ;Norte;Saida de Pista;;;;;;;;;;1;1;;;;
11/02/2013;17:01:00;127;sem vítima;271;BR-101/RJ;Norte;Capotamento;1;;;;;;;;;;2;;;;
20/02/2013;15:18:00;136;com vítima;271,5;BR-101/RJ;Sul;Saida de Pista;;;;;;;;;;1;0;2;;;
26/02/2013;17:09:00;165;sem vítima;271;BR-101/RJ;Norte;Choque - Defensa, barreira ou "submarino";1;;;;;;;;;;2;;;;
23/03/2013;07:50:00;42;sem vítima;271,68;BR-101/RJ;Norte;Atropelamento de Animal;1;;;;;;;;;;2;;;;
28/03/2013;03:10:00;19;com vítima;271;BR-101/RJ;Norte;Saida de Pista;1;;;;;;;;;;0;1;;;
05/04/2013;17:42:00;139;sem vítima;271,433;BR-101/RJ;Norte;Saida de Pista;1;;;;;;;;;;1;;;;
25/04/2013;13:17:00;103;com vítima;271;BR-101/RJ;Sul;Saida de Pista;2;;;;;;;;;;0;3;;;
24/05/2013;17:05:00;125;sem vítima;271,245;BR-101/RJ;Sul;Saida de Pista;;;1;;;;;;;;1;;;;
30/05/2013;11:38:00;71;com vítima;271,59;BR-101/RJ;Sul;Colisão Traseira;2;;;;;;;;;;5;3;;;
13/07/2013;09:42:00;63;com vítima;271,8;BR-101/RJ;Norte;Queda de Moto;;;;1;;;;;;;1;1;;;
20/07/2013;05:38:00;39;com vítima;271,369;BR-101/RJ;Sul;Colisão Traseira;1;;;;1;;;;;;1;2;;;
23/09/2013;08:07:00;48;sem vítima;271,181;BR-101/RJ;Norte;Saida de Pista;;;;;;;;;;1;1;;;;
26/09/2013;10:13:00;80;sem vítima;271,3;BR-101/RJ;Norte;Saida de Pista;;;1;;;;;;;;1;;;;
26/10/2013;00:08:00;3;sem vítima;271,8;BR-101/RJ;Sul;Saida de Pista;1;;;;;;;;;;1;;;;
30/11/2013;16:34:00;158;sem vítima;271;BR-101/RJ;Sul;Saida de Pista;1;;;;;;;;;;1;;;;
05/12/2013;22:30:00;211;sem vítima;271;BR-101/RJ;Norte;Capotamento;1;;;;;;;;;;1;;;;
11/12/2013;10:39:00;91;sem vítima;271;BR-101/RJ;Norte;Saida de Pista;1;;;;;;;;;;1;;;;
12/12/2013;12:27:00;109;sem vítima;271;BR-101/RJ;Sul;Saida de Pista;1;;;;;;;;;;4;;;;
15/12/2013;22:22:00;170;sem vítima;271;BR-101/RJ;Norte;Saida de Pista;1;;;;;;;;;;1;;;;
19/01/2014;00:10:00;1;com vítima;271,437;BR-101/RJ;Sul;Saida de Pista;1;;;;;;;;;;0;;1;;1
16/02/2014;22:28:00;181;com vítima;271;BR-101/RJ;Sul;Saida de Pista;1;;;;;;;;;;1;1;;;
18/03/2014;04:04:00;12;sem vítima;271;BR-101/RJ;Sul;Saida de Pista;1;;;;;;;;;;1;;;;
21/03/2014;17:00:00;165;sem vítima;271;BR-101/RJ;Norte;Colisão Traseira;1;;;;;;;;;1;2;;;;
22/03/2014;00:51:00;6;sem vítima;271,917;BR-101/RJ;Norte;Colisão Traseira;2;;;;;;;;;;6;;;;
23/03/2014;13:52:00;61;com vítima;271;BR-101/RJ;Sul;Choque - Defensa, barreira ou "submarino";1;;;;;;;;;;0;1;;;
27/03/2014;16:41:00;141;sem vítima;271;BR-101/RJ;Norte;Saida de Pista;1;;;;;;;;;;1;;;;
14/04/2014;18:36:00;157;com vítima;271,185;BR-101/RJ;Norte;Saida de Pista;;;1;;;;;;;;1;2;;;
21/04/2014;14:17:00;95;sem vítima;271;BR-101/RJ;Sul;Engavetamento;4;;;;;;;;;;9;;;;
28/05/2014;09:49:00;66;sem vítima;271;BR-101/RJ;Sul;Saida de Pista;1;;;;;;;;;;2;;;;
01/06/2014;23:17:00;166;sem vítima;271,183;BR-101/RJ;Sul;Saida de Pista;1;;;;;;;;;;1;;;;
26/07/2014;08:31:00;30;sem vítima;271;BR-101/RJ;Sul;Capotamento;1;;;;;;;;;;1;;;;
05/09/2014;16:58:00;134;com vítima;271,464;BR-101/RJ;Sul;Atropelamento - Usuário;1;;;;;;;;;1;2;;1;;
17/09/2014;15:43:00;91;com vítima;271,361;BR-101/RJ;Norte;Colisão Traseira;1;;;;1;;;;;;1;;;;1
28/09/2014;21:09:00;146;sem vítima;271;BR-101/RJ;Norte;Atropelamento de Animal;1;;;;;;;;;;2;;;;
04/10/2014;19:01:00;143;sem vítima;271,37;BR-101/RJ;Sul;Saida de Pista;1;;;;;;;;;;1;;;;
06/10/2014;04:29:00;32;com vítima;271;BR-101/RJ;Sul;Atropelamento de Animal;2;;;;;;;;;;0;2;;;
12/10/2014;13:41:00;86;com vítima;271,059;BR-101/RJ;Sul;Saida de Pista;1;;;;;;;;;;0;2;;;
19/10/2014;16:58:00;109;sem vítima;271,085;BR-101/RJ;Sul;Colisão Traseira;;;1;;;;;;;1;3;;;;
08/11/2014;22:02:00;184;sem vítima;271,01;BR-101/RJ;Sul;Colisão Traseira;1;;;;;1;;;;;2;;;;
12/11/2014;21:44:00;173;sem vítima;271,2;BR-101/RJ;Norte;Saida de Pista;1;;;;;;;;;;1;;;;
14/12/2014;06:36:00;35;com vítima;271;BR-101/RJ;Norte;Saida de Pista;1;;;;;;;;;;3;1;;;
17/12/2014;22:29:00;210;sem vítima;271;BR-101/RJ;Sul;Colisão Lateral;1;;1;;;;;;;;2;;;;
17/01/2015;18:38:00;164;sem vítima;271;BR-101/RJ;Norte;Saida de Pista;;;;;;1;;;;;1;;;;
15/02/2015;13:46:00;95;sem vítima;271;BR-101/RJ;Norte;Colisão Lateral;1;;1;;;;;;;;2;0;0;0;0
22/02/2015;10:30:00;57;sem vítima;271;BR-101/RJ;Sul;Engavetamento;5;;;;;;;;;;13;;;;
22/03/2015;21:13:00;149;com vítima;271;BR-101/RJ;Norte;Saida de Pista;1;;;;;;;;;;1;1;0;0;0
08/06/2015;13:33:00;124;sem vítima;271;BR-101/RJ;Norte;Colisão Lateral;2;;;;;;;;;;3;;;;
17/06/2015;18:35:00;173;com vítima;271;BR-101/RJ;Sul;Colisão Traseira;1;;;;;1;;;;;1;1;;;
26/07/2015;00:29:00;2;sem vítima;271;BR-101/RJ;Sul;Choque - Elemento de Drenagem;1;;;;;;;;;;1;;;;
04/09/2015;09:11:00;68;com vítima;271;BR-101/RJ;Norte;Colisão Transversal;3;;;;;;;;;;1;8;;1;
13/09/2015;05:49:00;25;sem vítima;271,097;BR-101/RJ;Norte;Choque - Defensa, barreira ou "submarino";1;;;;;;;;;;1;;;;
02/10/2015;17:47:00;190;com vítima;271,186;BR-101/RJ;Norte;Atropelamento - Morador;1;;;;;;;;;;1;;;1;
17/10/2015;05:28:00;21;com vítima;271;BR-101/RJ;Norte;Queda de Moto;;;;1;;;;;;;0;2;;;
18/10/2015;10:56:00;53;sem vítima;271,222;BR-101/RJ;Norte;Choque - Defensa, barreira ou "submarino";;;;;;;;;;1;5;;;;
28/10/2015;08:20:00;58;com vítima;271,444;BR-101/RJ;Norte;Choque - Poste;1;;;;;;;;;;0;3;;;
01/11/2015;12:17:00;82;com vítima;271,957;BR-101/RJ;Norte;Queda de Moto;;;;1;;;;;;;0;1;1;;
30/11/2015;12:03:00;135;com vítima;271;BR-101/RJ;Norte;Colisão Traseira;1;;;;;1;;;;;5;2;;;
10/12/2015;13:08:00;152;com vítima;271;BR-101/RJ;Sul;Colisão Lateral;;;;;1;1;;;;;2;1;;;
17/12/2015;09:24:00;97;sem vítima;271,3;BR-101/RJ;Sul;Colisão Lateral;;;1;;1;;;;;;3;;;;
22/12/2015;10:06:00;96;sem vítima;271;BR-101/RJ;Sul;Choque - Defensa, barreira ou "submarino";1;;;;;;;;;;1;;;;
10/01/2010;18:20:00;187;sem vítima;272;BR-101/RJ;Sul;Colisão Traseira;3;;;;;;;;;;11;;;;
19/01/2010;16:18:00;147;com vítima;272;BR-101/RJ;Sul;Saida de Pista;1;;;;;;;;;;0;;;1;
14/02/2010;04:57:00;46;sem vítima;272;BR-101/RJ;Sul;Saida de Pista;;;;;;;;;;1;1;;;;
22/04/2010;22:31:00;208;sem vítima;272,1000061035156;BR-101/RJ;Norte;Capotamento;1;;;;;;;;;;2;;;;
03/05/2010;20:35:00;175;sem vítima;272;BR-101/RJ;Sul;Atropelamento de Animal;1;;;;;;;;;;1;;;;
20/05/2010;22:00:00;180;com vítima;272;BR-101/RJ;Norte;Saida de Pista;1;;;;;;;;;;1;;1;;
24/05/2010;03:44:00;25;sem vítima;272;BR-101/RJ;Sul;Atropelamento de Animal;1;;;;1;;;;;;3;;;;
13/08/2010;14:34:00;113;com vítima;272;BR-101/RJ;Norte;Saida de Pista;1;;;;;;;;;;0;2;1;1;
07/09/2010;12:22:00;78;com vítima;272;BR-101/RJ;Sul;Colisão Traseira;3;;;;;;;;;;6;1;1;;
15/09/2010;10:27:00;79;sem vítima;272;BR-101/RJ;Norte;Saida de Pista;;;1;;;;;;;;1;;;;
07/11/2010;06:13:00;25;com vítima;272;BR-101/RJ;Sul;Saida de Pista;1;;;;;;;;;;0;;1;;
24/11/2010;13:41:00;98;com vítima;272;BR-101/RJ;Sul;Saida de Pista;1;;;;;;;;;;0;1;;;