data;horario;n_da_ocorrencia;tipo_de_ocorrencia;km;trecho;sentido;tipo_de_acidente;automovel;bicicleta;caminhao;moto;onibus;outros;tracao_animal;transporte_de_cargas_especiais;trator_maquinas;utilitarios;ilesos;levemente_feridos;moderadamente_feridos;gravemente_feridos;mortos
03/12/2010;12:27:00;91;com vítima;272;BR-101/RJ;Sul;Saida de Pista;1;;;;;;;;;;0;;1;;
17/12/2010;17:53:00;173;sem vítima;272;BR-101/RJ;Sul;Colisão Traseira;2;;;;;;;;;;3;;;;
03/01/2011;08:27:00;95;com vítima;272;BR-101/RJ;Norte;Colisão Lateral;1;;;;;;;;;1;1;;1;;
13/03/2011;22:12:00;191;com vítima;279;BR-101/RJ;Sul;Atropelamento - Outros;1;;;;;;;;;;3;;;1;
23/06/2011;03:27:00;19;sem vítima;272;BR-101/RJ;Sul;Saida de Pista;1;;;;;;;;;;1;;;;
06/08/2011;09:34:00;63;sem vítima;272;BR-101/RJ;Norte;Colisão Lateral;1;;1;;;;;;;;3;;;;
13/08/2011;18:20:00;182;com vítima;272,1000061035156;BR-101/RJ;Sul;Atropelamento - Ciclista;1;1;;;;;;;;;1;;;;1
23/08/2011;14:20:00;109;sem vítima;272,79998779296875;BR-101/RJ;Norte;Colisão Traseira;1;;1;;;;;;;;3;;;;
01/10/2011;12:28:00;91;com vítima;272,1000061035156;BR-101/RJ;Norte;Atropelamento - Ambulante;1;;;;;;;;;;1;;;1;
12/11/2011;07:00:00;35;sem vítima;272;BR-101/RJ;Sul;Choque - Defensa, barreira ou "submarino";;;;;;;;;;1;1;;;;
21/11/2011;05:55:00;22;com vítima;272,70001220703125;BR-101/RJ;Norte;Atropelamento - Ciclista;;;;;;2;;;;;1;;1;;
22/01/2012;15:14:00;113;sem vítima;272;BR-101/RJ;Sul;Colisão Lateral;1;;;;;1;;;;;6;;;;
23/01/2012;17:19:00;174;sem vítima;272;BR-101/RJ;Sul;Colisão Lateral;1;;1;;;;;;;;2;;;;
22/02/2012;12:26:00;88;sem vítima;272,4;BR-101/RJ;Sul;Colisão Traseira;2;;;;;;;;;;8;;;;
02/03/2012;16:27:00;149;sem vítima;272;BR-101/RJ;Sul;Colisão Lateral;1;;1;;;;;;;;2;;;;
02/03/2012;17:13:00;161;sem vítima;272;BR-101/RJ;Sul;Engavetamento;3;;;;;1;;;;;11;;;;
18/03/2012;02:57:00;14;sem vítima;272;BR-101/RJ;Sul;Saida de Pista;1;;;;;;;;;;1;;;;
05/04/2012;19:59:00;205;com vítima;272;BR-101/RJ;Sul;Colisão Lateral;;;;1;;;;;;;0;;1;;
07/04/2012;22:18:00;151;com vítima;272;BR-101/RJ;Norte;Colisão Frontal;2;;;;;;;;;;0;4;;1;
22/05/2012;15:29:00;123;sem vítima;272;BR-101/RJ;Norte;Colisão Transversal;1;;1;;;;;;;;2;;;;
26/05/2012;21:00:00;189;com vítima;272;BR-101/RJ;Norte;Saida de Pista;1;;;;;;;;;;0;;1;;
02/07/2012;11:32:00;75;sem vítima;272;BR-101/RJ;Sul;Colisão Lateral;1;;1;;;;;;;;3;;;;
06/07/2012;16:17:00;146;com vítima;272;BR-101/RJ;Sul;Choque - Defensa, barreira ou "submarino";;;;;;;;;;1;1;1;;;
22/07/2012;20:35:00;169;com vítima;272,793;BR-101/RJ;Norte;Atropelamento - Ciclista;1;1;;;;;;;;;2;;1;;
12/08/2012;23:18:00;203;sem vítima;272,8;BR-101/RJ;Sul;Saida de Pista;1;;;;;;;;;;1;;;;
17/08/2012;15:03:00;110;sem vítima;272;BR-101/RJ;Sul;Colisão Traseira;1;;;;;1;;;;;3;;;;
17/08/2012;17:09:00;133;sem vítima;272;BR-101/RJ;Sul;Colisão Traseira;1;;;;;1;;;;;2;;;;
25/12/2012;18:49:00;160;com vítima;272,8;BR-101/RJ;Sul;Atropelamento - Morador;1;;;;;;;;;;1;;;;1
09/02/2013;12:55:00;193;sem vítima;272;BR-101/RJ;Norte;Colisão Traseira;2;;;;;;;;;;2;;;;
19/02/2013;19:19:00;186;com vítima;272;BR-101/RJ;Norte;Atropelamento - Morador;1;;;;;;;;;;1;1;;;
12/07/2013;01:38:00;10;sem vítima;272,737;BR-101/RJ;Sul;Atropelamento de Animal;;;1;;;;;;;;1;;;;
31/07/2013;23:37:00;187;com vítima;272,196;BR-101/RJ;Sul;Capotamento;1;;;;;;;;;;0;;1;;
13/08/2013;06:22:00;12;sem vítima;272,666;BR-101/RJ;Sul;Capotamento;1;;;;;;;;;;1;;;;
13/11/2013;13:56:00;104;com vítima;272,288;BR-101/RJ;Sul;Colisão Traseira;1;;1;1;;;;;;;3;;;;2
23/11/2013;15:22:00;128;sem vítima;272;BR-101/RJ;Norte;Saida de Pista;1;;;;;;;;;;1;;;;
13/01/2014;07:34:00;37;com vítima;272,822;BR-101/RJ;Sul;Colisão Lateral;1;;;;1;;;;;;3;1;;;
19/01/2014;04:57:00;18;sem vítima;272,872;BR-101/RJ;Sul;Saida de Pista;1;;;;;;;;;;1;;;;
23/02/2014;13:51:00;94;sem vítima;272,4;BR-101/RJ;Sul;Saida de Pista;1;;;;;;;;;;1;;;;
07/03/2014;12:11:00;113;sem vítima;272;BR-101/RJ;Sul;Colisão Traseira;1;;;;;1;;;;;7;;;;
27/03/2014;15:02:00;128;sem vítima;272,13;BR-101/RJ;Norte;Saida de Pista;1;;;;;;;;;;4;;;;
23/04/2014;16:43:00;120;sem vítima;272;BR-101/RJ;Norte;Saida de Pista;1;;;;;;;;;;1;;;;
19/07/2014;23:02:00;157;com vítima;272;BR-101/RJ;Norte;Queda de Moto;;;;1;;;;;;;0;1;;;
20/07/2014;18:27:00;137;sem vítima;272;BR-101/RJ;Sul;Colisão Traseira;2;;;;;;;;;;3;;;;
28/07/2014;22:30:00;169;sem vítima;272;BR-101/RJ;Sul;Saida de Pista;1;;;;;;;;;;1;;;;
05/09/2014;18:22:00;155;com vítima;272;BR-101/RJ;Sul;Atropelamento - Ciclista;;1;;;;1;;;;;1;1;;;
16/11/2014;19:56:00;144;com vítima;272,799;BR-101/RJ;Sul;Queda de Moto;;;;;;1;;;;;0;1;;;
19/12/2014;06:07:00;23;sem vítima;272,5;BR-101/RJ;Norte;Saida de Pista;1;;;;;;;;;;2;;;;
27/12/2014;17:58:00;133;com vítima;272;BR-101/RJ;Norte;Saida de Pista;1;;;;;;;;;;1;1;;;
27/12/2014;18:00:00;140;sem vítima;272;BR-101/RJ;Sul;Colisão Traseira;2;;;;;;;;;;2;;;;
11/01/2015;18:39:00;126;sem vítima;272;BR-101/RJ;Sul;Engavetamento;4;;;;;;;;;;17;;;;
26/01/2015;00:12:00;2;com vítima;272,4;BR-101/RJ;Sul;Colisão Traseira;2;;;;;;;;;;1;1;;2;
03/02/2015;10:05:00;70;sem vítima;272;BR-101/RJ;Norte;Engavetamento;4;;1;;;;;;;;7;0;0;0;0
11/02/2015;06:27:00;27;com vítima;272;BR-101/RJ;Norte;Capotamento;1;;;;;;;;;;0;3;0;0;0
11/02/2015;08:08:00;40;sem vítima;272;BR-101/RJ;Norte;Colisão Traseira;1;;;1;;;;;;;3;0;0;0;0
03/06/2015;22:58:00;212;com vítima;272;BR-101/RJ;Sul;Colisão Traseira;1;;;;;;;;;;0;1;;;
25/06/2015;03:28:00;13;com vítima;272,571;BR-101/RJ;Sul;Saida de Pista;1;;;;;;;;;;0;1;;;
22/08/2015;06:54:00;40;com vítima;272,133;BR-101/RJ;Norte;Capotamento;1;;;;;;;;;;0;1;;;
12/09/2015;11:07:00;72;com vítima;272,573;BR-101/RJ;Norte;Capotamento;1;;;;;;;;;;0;4;;;
11/11/2015;20:56:00;222;com vítima;272,112;BR-101/RJ;Norte;Colisão Lateral;;1;;;;1;;;;;1;1;;;
05/12/2015;16:00:00;157;sem vítima;272;BR-101/RJ;Norte;Choque - Outros;1;;;;;;;;;;2;;;;
06/12/2015;21:03:00;169;sem vítima;272;BR-101/RJ;Norte;Choque - Suporte de Sinalização;1;;;;;;;;;;1;;;;
15/12/2015;15:00:00;168;sem vítima;272;BR-101/RJ;Norte;Colisão Traseira;1;;;;;1;;;;;2;;;;
27/12/2015;21:55:00;245;com vítima;272;BR-101/RJ;Sul;Colisão Traseira;1;;;;;;;;;1;2;1;;;
07/02/2010;17:38:00;153;sem vítima;273;BR-101/RJ;Sul;Colisão Traseira;2;;;;;;;;;;6;;;;
12/02/2010;08:08:00;61;sem vítima;273;BR-101/RJ;Norte;Engavetamento;3;;;;;;;;;;7;;;;
02/04/2010;22:33:00;205;com vítima;273,5;BR-101/RJ;Norte;Atropelamento - Morador;1;;;;;;;;;;0;1;;;1
06/04/2010;16:01:00;127;com vítima;273;BR-101/RJ;Sul;Colisão Lateral;;;2;;;;;;;;1;1;3;;
26/04/2010;15:15:00;119;com vítima;273;BR-101/RJ;Sul;Saida de Pista;1;;;;;;;;;;0;1;;;
04/05/2010;06:44:00;30;com vítima;273;BR-101/RJ;Sul;Choque - Defensa, barreira ou "submarino";;;;;;;;;;1;0;1;;;
26/08/2010;03:30:00;19;sem vítima;273;BR-101/RJ;Norte;Atropelamento de Animal;;;1;;;;;;;;1;;;;
19/10/2010;23:32:00;183;sem vítima;273;BR-101/RJ;Sul;Saida de Pista;;;;;;;;;;1;2;;;;
03/12/2010;04:55:00;16;com vítima;273;BR-101/RJ;Norte;Colisão Traseira;;;1;1;;;;;;;3;;;1;
14/03/2011;01:20:00;3;com vítima;56;BR-101/RJ;Sul;Colisão Transversal;;;;1;1;;;;;;2;;;;1
14/03/2011;06:34:00;22;sem vítima;306;BR-101/RJ;Norte;Saida de Pista;1;;;;;;;;;;1;;;;
25/05/2011;20:09:00;166;com vítima;273,5;BR-101/RJ;Norte;Capotamento;1;;;;;;;;;;0;1;;;
05/06/2011;20:07:00;136;com vítima;273;BR-101/RJ;Norte;Colisão Lateral;2;;;;;;;;;;6;1;3;;
13/06/2011;04:09:00;14;sem vítima;273;BR-101/RJ;Sul;Saida de Pista;;;1;;;;;;;;2;;;;
22/06/2011;19:35:00;179;com vítima;273;BR-101/RJ;Norte;Queda de Moto;;;;1;;;;;;;0;;;1;
08/08/2011;21:30:00;204;sem vítima;273;BR-101/RJ;Norte;Saida de Pista;1;;;;;;;;;;1;;;;
26/08/2011;00:12:00;2;sem vítima;273;BR-101/RJ;Sul;Colisão Traseira;1;;1;;;;;;;;2;;;;
29/08/2011;10:30:00;85;sem vítima;273;BR-101/RJ;Norte;Colisão Traseira;2;;;;;;;;;;5;;;;
06/09/2011;18:41:00;139;sem vítima;273;BR-101/RJ;Norte;Saida de Pista;1;;;;;;;;;;4;;;;
07/09/2011;16:11:00;122;sem vítima;273;BR-101/RJ;Sul;Capotamento;1;;;;;;;;;;1;;;;
09/09/2011;15:06:00;107;sem vítima;273;BR-101/RJ;Norte;Colisão Traseira;1;;;;;1;;;;;4;;;;
13/09/2011;19:03:00;116;sem vítima;273;BR-101/RJ;Sul;Saida de Pista;1;;;;;;;;;;2;;;;
16/09/2011;16:14:00;106;sem vítima;273;BR-101/RJ;Norte;Colisão Traseira;1;;1;;;;;;;;2;;;;
17/09/2011;12:04:00;101;sem vítima;273;BR-101/RJ;Norte;Colisão Lateral;1;;1;;;1;;;;;6;;;;
24/09/2011;13:08:00;87;sem vítima;273;BR-101/RJ;Norte;Colisão Traseira;2;;;;;;;;;;2;;;;
13/10/2011;04:55:00;17;sem vítima;273;BR-101/RJ;Sul;Saida de Pista;1;;;;;;;;;;1;;;;
28/11/2011;03:29:00;17;sem vítima;273;BR-101/RJ;Sul;Saida de Pista;1;;;;;;;;;;1;;;;
25/12/2011;13:34:00;68;sem vítima;273;BR-101/RJ;Sul;Choque - Suporte de Sinalização;1;;;;;;;;;;1;;;;
15/01/2012;09:40:00;47;com vítima;273;BR-101/RJ;Norte;Atropelamento - Ciclista;1;1;;;;;;;;;1;;;1;
18/02/2012;17:29:00;264;sem vítima;273,5;BR-101/RJ;Norte;Colisão Traseira;;;2;;;;;;;;5;;;;
03/03/2012;08:02:00;45;com vítima;273;BR-101/RJ;Norte;Atropelamento - Ciclista;1;1;;;;;;;;;1;;;1;
11/04/2012;22:35:00;160;sem vítima;273;BR-101/RJ;Sul;Atropelamento de Animal;1;;;;;;;;;;1;;;;
13/04/2012;19:06:00;193;sem vítima;273;BR-101/RJ;Sul;Atropelamento de Animal;1;;;;;;;;;;3;;;;
24/08/2012;21:05:00;177;sem vítima;273;BR-101/RJ;Norte;Colisão Lateral;1;;;;1;;;;;;2;;;;
09/09/2012;09:52:00;63;sem vítima;273,77;BR-101/RJ;Sul;Engavetamento;4;;;;;;;;;;10;;;;
13/09/2012;15:52:00;131;sem vítima;273;BR-101/RJ;Norte;Capotamento;1;;;;;;;;;;1;;;;
22/09/2012;01:35:00;16;sem vítima;273,404;BR-101/RJ;Sul;Atropelamento de Animal;;;1;;;;;;;;1;;;;
12/12/2012;08:13:00;49;com vítima;273;BR-101/RJ;Sul;Tombamento;1;;;;;;;;;;1;1;;;
17/12/2012;11:26:00;84;sem vítima;273;BR-101/RJ;Sul;Capotamento;1;;;;;;;;;;3;;;;
26/12/2012;06:59:00;39;com vítima;273;BR-101/RJ;Sul;Queda de Moto;;;;1;;;;;;;0;2;;;
10/01/2013;08:49:00;58;com vítima;273,714;BR-101/RJ;Sul;Saida de Pista;1;;;;;;;;;;1;2;;;
21/01/2013;05:20:00;22;sem vítima;273;BR-101/RJ;Sul;Atropelamento de Animal;;;;;;;;;;1;1;;;;
17/02/2013;11:07:00;75;sem vítima;273,7;BR-101/RJ;Norte;Colisão Traseira;2;;;;;;;;;;7;;;;
14/04/2013;07:28:00;33;sem vítima;273;BR-101/RJ;Sul;Choque - Elemento de Drenagem;1;;;;;;;;;;1;;;;
25/04/2013;17:02:00;128;com vítima;273;BR-101/RJ;Norte;Queda de Moto;;;;1;;;;;;;0;2;;;
14/06/2013;23:42:00;190;com vítima;273,306;BR-101/RJ;Norte;Atropelamento - Ciclista;1;1;;;;;;;;;3;;;;1
11/09/2013;15:48:00;97;sem vítima;273,331;BR-101/RJ;Sul;Saida de Pista;1;;;;;;;;;;2;;;;
02/10/2013;06:52:00;29;sem vítima;273,371;BR-101/RJ;Sul;Colisão Lateral;;;2;;;;;;;;4;;;;
30/10/2013;22:10:00;174;com vítima;273;BR-101/RJ;Sul;Colisão Traseira;2;;;;;;;;;;2;2;;;
10/11/2013;16:22:00;126;com vítima;273;BR-101/RJ;Sul;Saida de Pista;1;;;;;;;;;;0;;1;;
14/11/2013;08:30:00;58;sem vítima;273;BR-101/RJ;Norte;Colisão Traseira;2;;;;;;;;;;3;;;;
02/01/2014;17:23:00;164;sem vítima;273;BR-101/RJ;Sul;Colisão Traseira;2;;;;;;;;;;6;;;;
17/01/2014;19:55:00;161;com vítima;273,27;BR-101/RJ;Norte;Capotamento;1;;;;;;;;;;0;2;2;;
02/02/2014;05:33:00;25;sem vítima;273;BR-101/RJ;Sul;Saida de Pista;1;;;;;;;;;;1;;;;
15/02/2014;18:14:00;166;sem vítima;273;BR-101/RJ;Sul;Saida de Pista;1;;;;;;;;;;4;;;;
17/02/2014;20:44:00;167;com vítima;273;BR-101/RJ;Sul;Atropelamento - Morador;;;;;;1;;;;;1;;;1;
12/06/2014;05:06:00;23;sem vítima;273;BR-101/RJ;Sul;Saida de Pista;1;;;;;;;;;;9;;;;
01/07/2014;09:39:00;75;com vítima;273,71;BR-101/RJ;Sul;Colisão Frontal;;;;1;;;;;;1;1;;1;;
12/07/2014;13:57:00;105;sem vítima;273;BR-101/RJ;Sul;Saida de Pista;1;;;;;;;;;;1;;;;
22/07/2014;17:54:00;132;com vítima;273,938;BR-101/RJ;Norte;Colisão Traseira;1;;;;1;;;;;;6;;;1;
04/08/2014;14:10:00;117;com vítima;273;BR-101/RJ;Norte;Colisão Traseira;1;;1;;;;;;;;1;1;;;
14/09/2014;22:04:00;188;com vítima;273;BR-101/RJ;Sul;Colisão Traseira;1;;;1;;;;;;;2;1;;;
14/10/2014;00:09:00;2;sem vítima;273;BR-101/RJ;Sul;Choque - Defensa, barreira ou "submarino";1;;;;;;;;;;1;;;;
14/10/2014;10:55:00;76;sem vítima;273;BR-101/RJ;Sul;Saida de Pista;1;;;;;;;;;;1;;;;
17/10/2014;19:48:00;181;sem vítima;273;BR-101/RJ;Sul;Capotamento;1;;;;;;;;;;1;;;;
03/11/2014;21:48:00;193;com vítima;273,975;BR-101/RJ;Sul;Colisão Traseira;;;1;;;;;;;1;2;;1;;
28/11/2014;10:35:00;67;com vítima;273,823;BR-101/RJ;Norte;Saida de Pista;1;;;;;;;;;;0;;;1;
28/11/2014;02:07:00;7;sem vítima;273,855;BR-101/RJ;Sul;Atropelamento de Animal;;;1;;;;;;;;1;;;;
11/12/2014;18:37:00;157;com vítima;273,6;BR-101/RJ;Sul;Queda de Moto;;;;1;;;;;;;0;;1;;
20/12/2014;01:10:00;14;com vítima;273;BR-101/RJ;Norte;Capotamento;1;;;;;;;;;;0;3;;;
05/01/2015;13:52:00;114;sem vítima;273;BR-101/RJ;Sul;Engavetamento;4;;;;;;;;;;8;;;;
10/02/2015;02:10:00;8;sem vítima;273;BR-101/RJ;Sul;Colisão Traseira;2;;;;;;;;;;2;0;0;0;0
14/02/2015;08:34:00;106;sem vítima;273;BR-101/RJ;Norte;Colisão Traseira;2;;;;;;;;;;2;0;0;0;0
14/02/2015;23:04:00;302;com vítima;273,8;BR-101/RJ;Norte;Colisão Traseira;2;;;;;;;;;;3;1;0;0;0
05/03/2015;16:26:00;100;sem vítima;273,5;BR-101/RJ;Norte;Saida de Pista;1;;;;;;;;;;1;0;0;0;0
08/03/2015;18:26:00;155;com vítima;273;BR-101/RJ;Norte;Atropelamento - Morador;1;;;;;;;;;;1;1;0;0;0
07/04/2015;11:46:00;78;sem vítima;273,688;BR-101/RJ;Norte;Saida de Pista;;;;;;;;;;1;2;;;;
12/04/2015;23:39:00;199;com vítima;273;BR-101/RJ;Sul;Queda de Moto;;;;1;;;;;;;1;1;;;
25/05/2015;13:11:00;131;com vítima;273;BR-101/RJ;Sul;Atropelamento - Ciclista;;1;;;;1;;;;;1;1;;;
27/05/2015;15:53:00;119;com vítima;273,745;BR-101/RJ;Norte;Outros - Sequência;;;2;;;;;;;;1;2;;;
14/06/2015;18:05:00;134;com vítima;273,519;BR-101/RJ;Sul;Atropelamento - Morador;1;;;;;;;;;;1;1;;1;
17/06/2015;21:09:00;196;sem vítima;273,58;BR-101/RJ;Norte;Colisão Transversal;2;;;;;;;;;;2;;;;
15/07/2015;17:52:00;160;com vítima;273;BR-101/RJ;Sul;Engavetamento;3;;;;;1;;;;1;5;1;;;
03/08/2015;18:25:00;173;com vítima;273,417;BR-101/RJ;Sul;Colisão Traseira;1;;;;1;;;;;;10;;1;1;
26/09/2015;18:25:00;201;com vítima;273,68;BR-101/RJ;Sul;Atropelamento - Morador;;;;;;;;;;1;4;;;;1
26/10/2015;09:12:00;77;sem vítima;273;BR-101/RJ;Sul;Colisão Lateral;3;;;;;;;;;;3;;;;
08/11/2015;02:08:00;18;sem vítima;273,56;BR-101/RJ;Sul;Atropelamento de Animal;;;1;;;;;;;;1;;;;
18/11/2015;09:22:00;85;sem vítima;273,966;BR-101/RJ;Norte;Colisão Lateral;;;1;;;;;;;1;2;;;;
23/11/2015;15:49:00;153;com vítima;273,833;BR-101/RJ;Sul;Capotamento;1;;;;;;;;;;0;1;;;
19/12/2015;17:13:00;210;sem vítima;273,5;BR-101/RJ;Norte;Colisão Traseira;2;;;;;;;;;;8;;;;
19/12/2015;12:16:00;141;sem vítima;273,6;BR-101/RJ;Sul;Colisão Traseira;2;;;;;;;;;;6;;;;
22/01/2010;19:40:00;178;sem vítima;274;BR-101/RJ;Sul;Colisão Traseira;1;;;;;;;;;1;9;;;;
31/01/2010;05:00:00;26;sem vítima;274;BR-101/RJ;Norte;Capotamento;1;;;;;;;;;;3;;;;
09/02/2010;20:04:00;209;com vítima;274;BR-101/RJ;Sul;Colisão Traseira;;;;1;1;;;;;;1;1;;;
02/03/2010;23:57:00;186;com vítima;274;BR-101/RJ;Sul;Atropelamento - Ciclista;;1;;;1;;;;;;1;;1;;
12/03/2010;19:05:00;179;com vítima;274;BR-101/RJ;Norte;Queda de Moto;;;;1;;;;;;;0;;2;;
17/03/2010;20:15:00;165;sem vítima;274;BR-101/RJ;Norte;Saida de Pista;1;;;;;;;;;;1;;;;
26/03/2010;18:26:00;164;sem vítima;274,5;BR-101/RJ;Sul;Colisão Lateral;;;1;;1;;;;;;13;;;;
27/03/2010;20:05:00;157;sem vítima;274;BR-101/RJ;Norte;Saida de Pista;1;;;;;;;;;;2;;;;
19/04/2010;19:12:00;202;com vítima;274;BR-101/RJ;Norte;Atropelamento - Morador;1;;;;;;;;;;1;;2;;
30/04/2010;18:00:00;127;sem vítima;274;BR-101/RJ;Sul;Colisão Traseira;2;;;;;;;;;;2;;;;
30/04/2010;17:42:00;125;sem vítima;274,5;BR-101/RJ;Sul;Colisão Traseira;2;;1;;;;;;;;3;;;;
11/07/2010;03:02:00;18;sem vítima;274;BR-101/RJ;Sul;Atropelamento de Animal;1;;;;;;;;;;1;;;;
30/07/2010;14:16:00;121;sem vítima;274;BR-101/RJ;Sul;Saida de Pista;1;;;;;;;;;;1;;;;
28/08/2010;18:27:00;158;com vítima;274;BR-101/RJ;Norte;Queda de Moto;;;;1;;1;;;;;1;;1;;
05/09/2010;07:10:00;34;com vítima;274;BR-101/RJ;Norte;Atropelamento de Animal;1;;;;;;;;;;2;3;;;
07/09/2010;08:50:00;41;com vítima;274;BR-101/RJ;Sul;Atropelamento - Ciclista;1;1;;;;;;;;;3;;;1;
11/09/2010;20:03:00;171;sem vítima;274;BR-101/RJ;Norte;Capotamento;1;;;;;;;;;;3;;;;
15/09/2010;18:48:00;163;com vítima;274;BR-101/RJ;Norte;Colisão Traseira;1;;;1;;;;;;;1;;1;;
24/10/2010;20:18:00;165;com vítima;274;BR-101/RJ;Sul;Colisão Transversal;1;;;1;;;;;;;1;;1;;
15/11/2010;14:25:00;99;sem vítima;274;BR-101/RJ;Sul;Colisão Traseira;2;;;;;;;;;;6;;;;
15/11/2010;16:46:00;132;sem vítima;274;BR-101/RJ;Sul;Colisão Traseira;;;1;;;;;;;1;2;;;;
15/11/2010;21:00:00;195;com vítima;274;BR-101/RJ;Sul;Colisão Traseira;1;;;1;;;;;;;5;1;;;
18/11/2010;15:45:00;145;sem vítima;274;BR-101/RJ;Sul;Choque - Defensa, barreira ou "submarino";1;;;;;;;;;;3;;;;
05/12/2010;19:49:00;154;sem vítima;274;BR-101/RJ;Sul;Colisão Lateral;2;;;;;;;;;;2;;;;
29/12/2010;02:38:00;18;sem vítima;274;BR-101/RJ;Sul;Atropelamento de Animal;;;1;;;1;;;;;2;;;;
09/01/2011;10:20:00;50;com vítima;274;BR-101/RJ;Norte;Queda de Moto;;;;1;;;;;;;0;;1;1;
04/02/2011;12:03:00;100;com vítima;274;BR-101/RJ;Sul;Colisão Frontal;;;2;1;;;;;;;4;1;;;
05/02/2011;21:05:00;218;com vítima;274;BR-101/RJ;Norte;Colisão Frontal;1;;;1;;;;;;;2;;;3;
21/02/2011;18:59:00;177;sem vítima;274;BR-101/RJ;Sul;Choque - Defensa, barreira ou "submarino";1;;;;;;;;;;4;;;;
14/03/2011;08:43:00;44;sem vítima;236;BR-101/RJ;Sul;Capotamento;1;;;;;;;;;;1;;;;
14/03/2011;10:44:00;62;sem vítima;316;BR-101/RJ;Sul;Colisão Traseira;1;;;;;;;;;1;3;;;;
18/05/2011;19:34:00;187;com vítima;274;BR-101/RJ;Sul;Atropelamento - Morador;1;;;;;;;;;;1;;1;;
21/05/2011;20:00:00;170;com vítima;274,70001220703125;BR-101/RJ;Sul;Colisão Frontal;;;;2;;;;;;;0;1;;1;
28/06/2011;22:12:00;183;sem vítima;274;BR-101/RJ;Sul;Saida de Pista;1;;;;;;;;;;1;;;;
30/06/2011;18:49:00;113;com vítima;274,55499267578125;BR-101/RJ;Norte;Atropelamento - Ciclista;;1;;1;;;;;;;1;1;;1;
06/08/2011;00:28:00;8;sem vítima;274;BR-101/RJ;Norte;Colisão Traseira;1;;;;;1;;;;;2;;;;
09/08/2011;14:55:00;101;com vítima;274,29998779296875;BR-101/RJ;Norte;Atropelamento - Ciclista;;1;;;;1;;;;;1;;1;;
12/08/2011;15:12:00;126;sem vítima;274,7439880371094;BR-101/RJ;Norte;Colisão Lateral;;;2;;;;;;;;2;;;;
24/08/2011;08:21:00;34;sem vítima;274;BR-101/RJ;Norte;Colisão Traseira;1;;2;;;;;;;;5;;;;
27/08/2011;16:46:00;115;com vítima;274;BR-101/RJ;Sul;Colisão Traseira;2;;;;;;;;;;4;2;1;;
16/09/2011;20:06:00;167;com vítima;274;BR-101/RJ;Sul;Atropelamento - Ciclista;;1;;1;;;;;;;1;1;1;;
24/09/2011;07:49:00;37;com vítima;274,79998779296875;BR-101/RJ;Norte;Saida de Pista;1;;;;;;;;;;0;;1;;
05/10/2011;15:09:00;106;com vítima;274;BR-101/RJ;Norte;Colisão Frontal;;;;1;;;;;;1;1;;1;;
12/10/2011;18:22:00;134;com vítima;274,5;BR-101/RJ;Norte;Atropelamento - Morador;1;;;;;;;;;;2;;1;;
14/10/2011;18:14:00;167;sem vítima;274;BR-101/RJ;Sul;Colisão Lateral;2;;;;;;;;;;2;;;;
05/11/2011;23:56:00;190;sem vítima;274;BR-101/RJ;Sul;Saida de Pista;1;;;;;;;;;;2;;;;
26/11/2011;15:54:00;108;sem vítima;274;BR-101/RJ;Norte;Saida de Pista;1;;;;;;;;;;1;;;;
08/01/2012;07:42:00;35;com vítima;274;BR-101/RJ;Norte;Colisão Transversal;2;;;;;1;;;;;2;;1;;
16/02/2012;04:52:00;23;sem vítima;274;BR-101/RJ;Sul;Atropelamento de Animal;;;1;;;;;;;;1;;;;
02/03/2012;21:29:00;202;sem vítima;274;BR-101/RJ;Sul;Outros - Sequência;2;;2;;;;;;;;6;;;;
06/03/2012;06:02:00;23;sem vítima;274;BR-101/RJ;Sul;Engavetamento;3;;;;;;;;;;7;;;;
08/03/2012;16:22:00;109;com vítima;274;BR-101/RJ;Norte;Colisão Traseira;1;;;;1;;;;;1;2;1;1;;
21/03/2012;19:29:00;142;sem vítima;274,5;BR-101/RJ;Sul;Colisão Lateral;1;;;;;1;;;;;2;;;;
13/04/2012;22:55:00;225;sem vítima;274;BR-101/RJ;Norte;Atropelamento de Animal;2;;;;1;;;;;;24;;;;
06/05/2012;06:28:00;21;sem vítima;274;BR-101/RJ;Sul;Saida de Pista;1;;;;;;;;;;1;;;;
26/05/2012;19:21:00;165;sem vítima;274;BR-101/RJ;Norte;Saida de Pista;1;;;;;;;;;;3;;;;
17/06/2012;03:02:00;20;com vítima;274;BR-101/RJ;Sul;Saida de Pista;1;;;;;;;;;;0;2;;;
22/06/2012;05:24:00;22;com vítima;274,4;BR-101/RJ;Sul;Atropelamento de Animal;;;;;1;;;;;;25;;1;;
14/07/2012;21:03:00;169;sem vítima;274,2;BR-101/RJ;Sul;Colisão Lateral;2;;;;;;;;;;4;;;;
15/07/2012;03:50:00;16;sem vítima;274,8;BR-101/RJ;Norte;Saida de Pista;1;;;;;;;;;;1;;;;
24/07/2012;18:05:00;159;com vítima;274;BR-101/RJ;Sul;Engavetamento;3;;;;;;;;;;8;3;;;
28/07/2012;20:56:00;204;sem vítima;274,642;BR-101/RJ;Norte;Atropelamento de Animal;2;;;;;;;;;;4;;;;
31/07/2012;18:21:00;140;com vítima;274,5;BR-101/RJ;Norte;Colisão Frontal;1;;;1;;;;;;;2;1;;;