data;horario;n_da_ocorrencia;tipo_de_ocorrencia;km;trecho;sentido;tipo_de_acidente;automovel;bicicleta;caminhao;moto;onibus;outros;tracao_animal;transporte_de_cargas_especiais;trator_maquinas;utilitarios;ilesos;levemente_feridos;moderadamente_feridos;gravemente_feridos;mortos
25/08/2012;23:38:00;195;com vítima;274;BR-101/RJ;Norte;Atropelamento - Morador;;1;;;;1;;;;;1;;2;;
25/09/2012;13:59:00;110;sem vítima;274;BR-101/RJ;Sul;Saida de Pista;1;;;;;;;;;;1;;;;
29/09/2012;19:35:00;150;com vítima;274,583;BR-101/RJ;Norte;Atropelamento - Andarilho;;;;1;;;;;;;1;;1;;
06/10/2012;03:57:00;22;sem vítima;274;BR-101/RJ;Sul;Colisão Traseira;1;;1;;;;;;;;5;;;;
18/10/2012;11:22:00;97;com vítima;274;BR-101/RJ;Sul;Colisão Lateral;1;;;;;1;;;;;1;;1;;
04/11/2012;11:29:00;74;sem vítima;274,5;BR-101/RJ;Sul;Engavetamento;3;;;;;;;;;;5;;;;
04/11/2012;00:35:00;6;com vítima;274,613;BR-101/RJ;Sul;Colisão Frontal;;;;2;;;;;;;1;;1;1;
10/11/2012;14:48:00;112;sem vítima;274;BR-101/RJ;Norte;Colisão Traseira;2;;;;;;;;;;2;;;;
03/05/2013;18:44:00;161;sem vítima;274;BR-101/RJ;Sul;Colisão Lateral;1;;1;;;;;;;;2;;;;
03/05/2013;19:03:00;163;sem vítima;274;BR-101/RJ;Sul;Colisão Traseira;1;;1;;;;;;;;2;;;;
02/06/2013;22:41:00;203;com vítima;274,245;BR-101/RJ;Norte;Atropelamento - Ciclista;1;1;;;;;;;;;1;;1;;
07/07/2013;11:04:00;64;sem vítima;274,5;BR-101/RJ;Norte;Saida de Pista;1;;;;;;;;;;2;;;;
08/07/2013;02:24:00;12;com vítima;274,84;BR-101/RJ;Sul;Choque - Defensa, barreira ou "submarino";1;;;;;;;;;;0;1;;;
06/08/2013;20:24:00;146;sem vítima;274;BR-101/RJ;Sul;Colisão Traseira;;;2;;;;;;;;2;;;;
16/09/2013;10:02:00;65;sem vítima;274,594;BR-101/RJ;Norte;Colisão Traseira;2;;;;;;;;;;2;;;;
16/11/2013;01:02:00;6;com vítima;274,5;BR-101/RJ;Sul;Atropelamento de Animal;1;;;;;;;;;;0;;;1;
06/12/2013;13:21:00;105;com vítima;274;BR-101/RJ;Norte;Atropelamento - Ciclista;1;1;;;;;;;;;2;;;1;
20/12/2013;16:44:00;138;sem vítima;274;BR-101/RJ;Norte;Colisão Traseira;;;;;1;;;;;1;2;;;;
08/03/2014;01:47:00;7;com vítima;274;BR-101/RJ;Norte;Saida de Pista;1;;;;;;;;;;0;1;;;
13/03/2014;02:15:00;21;sem vítima;274;BR-101/RJ;Norte;Atropelamento de Animal;;;1;;;;;;;;1;;;;
26/04/2014;13:50:00;101;sem vítima;274,628;BR-101/RJ;Norte;Colisão Traseira;2;;;;;;;;;;2;;;;
26/04/2014;10:47:00;75;sem vítima;274,76;BR-101/RJ;Norte;Colisão Traseira;2;;;;;;;;;;2;;;;
16/06/2014;03:03:00;23;sem vítima;274;BR-101/RJ;Sul;Atropelamento de Animal;;;;;;1;;;;;1;;;;
04/07/2014;23:12:00;159;sem vítima;274;BR-101/RJ;Sul;Colisão Frontal;2;;;;;;;;;;4;;;;
13/08/2014;16:11:00;113;com vítima;274,95;BR-101/RJ;Norte;Atropelamento - Ciclista;1;1;;;;;;;;;1;;1;;
23/09/2014;13:18:00;89;com vítima;274,377;BR-101/RJ;Sul;Atropelamento - Ciclista;;1;;1;;;;;;;0;2;;;
07/10/2014;05:55:00;23;com vítima;274;BR-101/RJ;Norte;Atropelamento - Ciclista;;1;;1;;;;;;;1;2;;;
25/11/2014;17:13:00;105;sem vítima;274;BR-101/RJ;Sul;Colisão Transversal;2;;;;;;;;;;2;;;;
11/01/2015;18:11:00;121;sem vítima;274;BR-101/RJ;Sul;Colisão Traseira;2;;;;;;;;;;2;;;;
18/01/2015;20:29:00;198;sem vítima;274;BR-101/RJ;Sul;Colisão Lateral;1;;1;;;;;;;;4;;;;
18/01/2015;22:06:00;218;com vítima;274;BR-101/RJ;Norte;Colisão Frontal;1;;;1;;;;;;;0;;1;2;
14/02/2015;22:40:00;299;sem vítima;274;BR-101/RJ;Norte;Saida de Pista;1;;;;;;;;;;2;0;0;0;0
15/02/2015;22:34:00;196;com vítima;274,5;BR-101/RJ;Norte;Atropelamento - Morador;;;;;;1;;;;;1;0;0;0;1
16/02/2015;23:13:00;118;com vítima;274;BR-101/RJ;Norte;Capotamento;1;;;;;;;;;;2;1;0;0;0
23/02/2015;08:20:00;36;com vítima;274;BR-101/RJ;Norte;Colisão Frontal;2;;;;;;;;;;0;1;;1;
05/03/2015;08:50:00;50;sem vítima;274;BR-101/RJ;Sul;Colisão Transversal;1;;;;;;;;;1;2;0;0;0;0
08/03/2015;23:56:00;219;sem vítima;274;BR-101/RJ;Sul;Choque - Defensa, barreira ou "submarino";1;;;;;;;;;;3;0;0;0;0
08/03/2015;21:10:00;192;sem vítima;274;BR-101/RJ;Sul;Colisão Traseira;2;;;;;;;;;;2;0;0;0;0
16/04/2015;23:01:00;209;sem vítima;274;BR-101/RJ;Norte;Saida de Pista;2;;;;;;;;;;5;;;;
08/05/2015;06:48:00;34;com vítima;274,6;BR-101/RJ;Sul;Choque - Defensa, barreira ou "submarino";1;;;;;;;;;;0;1;;;
24/05/2015;17:43:00;129;com vítima;274,845;BR-101/RJ;Sul;Saida de Pista;1;;;;;;;;;;1;2;1;;
27/05/2015;17:03:00;129;sem vítima;274;BR-101/RJ;Norte;Colisão Traseira;2;;;;;;;;;;2;;;;
29/05/2015;20:42:00;158;sem vítima;274;BR-101/RJ;Sul;Atropelamento de Animal;;;1;;;;;;;;2;;;;
29/05/2015;20:59:00;161;sem vítima;274;BR-101/RJ;Sul;Colisão Traseira;1;;1;;;;;;;;4;;;;
21/07/2015;06:51:00;23;com vítima;274;BR-101/RJ;Norte;Queda de Moto;;;;1;;;;;;;0;1;;;
23/08/2015;16:39:00;129;sem vítima;274;BR-101/RJ;Sul;Engavetamento;3;;;;;;;;;;6;;;;
04/10/2015;20:24:00;138;sem vítima;274;BR-101/RJ;Sul;Engavetamento;4;;;;;;;;;;12;;;;
25/11/2015;19:44:00;211;com vítima;274;BR-101/RJ;Norte;Colisão Transversal;;1;;1;;;;;;;1;1;1;;
28/12/2015;01:36:00;10;com vítima;274;BR-101/RJ;Norte;Choque - Defensa, barreira ou "submarino";1;;;;;;;;;;2;1;1;;
31/12/2015;17:06:00;216;sem vítima;274;BR-101/RJ;Norte;Capotamento;1;;;;;;;;;;4;;;;
24/01/2010;21:50:00;188;sem vítima;275;BR-101/RJ;Sul;Colisão Traseira;2;;;;;;;;;;2;;;;
20/02/2010;12:56:00;90;sem vítima;275;BR-101/RJ;Sul;Colisão Traseira;2;;;;;;;;;;2;;;;
26/02/2010;04:25:00;14;sem vítima;275;BR-101/RJ;Sul;Saida de Pista;1;;;;;;;;;;2;;;;
25/04/2010;12:23:00;68;sem vítima;275;BR-101/RJ;Sul;Colisão Traseira;2;;;;;;;;;;2;;;;
09/05/2010;17:15:00;108;com vítima;275;BR-101/RJ;Norte;Atropelamento - Morador;;;;;;1;;;;;1;;;;1
22/05/2010;23:07:00;165;sem vítima;275;BR-101/RJ;Sul;Saida de Pista;1;;;;;;;;;;1;;;;
30/05/2010;04:11:00;23;sem vítima;275;BR-101/RJ;Sul;Atropelamento de Animal;;;;;1;;;;;;1;;;;
28/06/2010;22:55:00;149;com vítima;275;BR-101/RJ;Sul;Colisão Traseira;1;;;;;1;;;;;1;;1;;
24/09/2010;10:38:00;77;com vítima;275;BR-101/RJ;Sul;Colisão Traseira;1;;;1;;;;;;;1;1;1;;
04/10/2010;06:32:00;20;sem vítima;275;BR-101/RJ;Sul;Objeto lançado contra veículo;2;;;;;;;;;;2;;;;
28/10/2010;11:30:00;86;com vítima;275;BR-101/RJ;Norte;Saida de Pista;1;;;;;;;;;;1;1;;;
13/11/2010;09:50:00;78;sem vítima;275;BR-101/RJ;Sul;Colisão Traseira;2;;;;;;;;;;8;;;;
01/12/2010;23:06:00;216;sem vítima;275;BR-101/RJ;Sul;Atropelamento de Animal;;;1;;;1;;;;;2;;;;
12/12/2010;07:54:00;37;com vítima;275;BR-101/RJ;Norte;Capotamento;1;;;;;;;;;;0;;3;;
20/12/2010;00:27:00;2;sem vítima;275;BR-101/RJ;Sul;Saida de Pista;1;;;;;;;;;;2;;;;
22/12/2010;02:40:00;14;sem vítima;275;BR-101/RJ;Norte;Atropelamento de Animal;1;;;;;1;;;;;6;;;;
29/12/2010;23:32:00;224;com vítima;275;BR-101/RJ;Sul;Atropelamento - Ciclista;;1;;;;1;;;;;1;;1;;
13/02/2011;20:35:00;164;com vítima;275;BR-101/RJ;Norte;Colisão Traseira;;;;1;;1;;;;;1;;1;;
26/02/2011;20:04:00;143;com vítima;275;BR-101/RJ;Sul;Atropelamento - Morador;1;;;;;;;;;;4;;;;1
14/03/2011;11:42:00;75;sem vítima;252;BR-101/RJ;Sul;Saida de Pista;1;;;;;;;;;;1;;;;
06/05/2011;14:12:00;113;sem vítima;275;BR-101/RJ;Sul;Saida de Pista;1;;;;;;;;;;1;;;;
07/06/2011;05:53:00;21;sem vítima;275;BR-101/RJ;Sul;Saida de Pista;1;;1;;;;;;;;2;;;;
10/06/2011;17:31:00;156;sem vítima;275;BR-101/RJ;Sul;Colisão Traseira;2;;;;;;;;;;5;;;;
11/06/2011;04:55:00;27;com vítima;275;BR-101/RJ;Norte;Queda de Moto;;;;1;;;;;;;0;;;1;
22/06/2011;18:27:00;165;sem vítima;275;BR-101/RJ;Norte;Saida de Pista;1;;;;;;;;;;1;;;;
23/06/2011;04:03:00;21;sem vítima;275;BR-101/RJ;Norte;Choque - Suporte de Sinalização;1;;;;;;;;;;1;;;;
02/08/2011;00:14:00;2;sem vítima;275;BR-101/RJ;Sul;Choque - Outros;;;2;;;;;;;;2;;;;
12/08/2011;19:06:00;169;com vítima;275,5899963378906;BR-101/RJ;Norte;Colisão Traseira;1;;;;;1;;;;;1;;2;;1
30/09/2011;06:11:00;28;sem vítima;275,3999938964844;BR-101/RJ;Sul;Saida de Pista;1;;;;;;;;;;1;;;;
18/10/2011;07:41:00;34;sem vítima;275,79998779296875;BR-101/RJ;Sul;Queda de Moto;;;;1;;;;;;;1;;;;
05/11/2011;12:02:00;76;sem vítima;275;BR-101/RJ;Norte;Colisão Lateral;1;;1;;;;;;;;3;;;;
05/11/2011;12:39:00;81;sem vítima;275;BR-101/RJ;Norte;Colisão Lateral;1;;1;;;;;;;;2;;;;
25/11/2011;23:23:00;203;sem vítima;275;BR-101/RJ;Sul;Choque - Defensa, barreira ou "submarino";1;;;;;;;;;;1;;;;
25/12/2011;23:31:00;183;sem vítima;275;BR-101/RJ;Sul;Saida de Pista;1;;;;;;;;;;6;;;;
19/03/2012;05:13:00;17;sem vítima;275;BR-101/RJ;Norte;Saida de Pista;1;;;;;;;;;;1;;;;
21/04/2012;02:44:00;14;sem vítima;275;BR-101/RJ;Sul;Colisão Traseira;1;;;;;1;;;;;4;;;;
27/04/2012;19:51:00;187;com vítima;275;BR-101/RJ;Sul;Queda de Moto;;;;1;;;;;;;0;1;;1;
14/05/2012;10:13:00;75;com vítima;275;BR-101/RJ;Sul;Atropelamento - Ciclista;;1;;;;1;;;;;1;;1;;
22/07/2012;13:36:00;94;com vítima;275,473;BR-101/RJ;Norte;Capotamento;1;;;;;;;;;;0;;3;;
04/08/2012;05:56:00;33;com vítima;275,218;BR-101/RJ;Norte;Capotamento;1;;;;;;;;;;0;1;;1;
07/08/2012;10:01:00;68;sem vítima;275,6;BR-101/RJ;Norte;Saida de Pista;1;;;;;;;;;;2;;;;
28/10/2012;00:45:00;5;com vítima;275;BR-101/RJ;Norte;Queda de Moto;;;;1;;;;;;;0;1;;;
28/11/2012;18:47:00;156;sem vítima;275;BR-101/RJ;Sul;Colisão Lateral;1;;;;1;;;;;;2;;;;
30/11/2012;03:15:00;15;com vítima;275,09;BR-101/RJ;Norte;Capotamento;1;;;;;;;;;;0;1;;;
06/12/2012;15:14:00;142;com vítima;275,3;BR-101/RJ;Norte;Colisão Transversal;1;;;1;;;;;;;2;;1;;
19/12/2012;16:06:00;124;com vítima;275;BR-101/RJ;Norte;Saida de Pista;1;;;;;;;;;;0;2;;;
21/12/2012;23:42:00;267;sem vítima;275;BR-101/RJ;Sul;Saida de Pista;1;;;;;;;;;;2;;;;
30/12/2012;09:42:00;72;com vítima;275;BR-101/RJ;Norte;Atropelamento - Morador;1;;;;;;;;;;1;;;1;
23/01/2013;20:45:00;180;com vítima;275;BR-101/RJ;Sul;Atropelamento - Morador;;;;;;1;;;;;1;1;;;
28/01/2013;22:44:00;182;sem vítima;275;BR-101/RJ;Sul;Capotamento;1;;;;;;;;;;2;;;;
20/04/2013;22:20:00;173;sem vítima;275;BR-101/RJ;Norte;Saida de Pista;1;;;;;;;;;;3;;;;
20/04/2013;20:19:00;160;com vítima;275,05;BR-101/RJ;Norte;Atropelamento - Morador;;;;;;1;;;;;1;;;;1
28/04/2013;04:35:00;20;sem vítima;275;BR-101/RJ;Sul;Atropelamento de Animal;1;;;;1;;;;;;3;;;;
11/05/2013;22:37:00;203;com vítima;275;BR-101/RJ;Norte;Colisão Lateral;;;;1;1;;;;;;1;;1;;
11/05/2013;23:02:00;207;com vítima;275,4;BR-101/RJ;Norte;Capotamento;1;;;;;;;;;;0;2;;;
04/06/2013;18:43:00;157;com vítima;275,558;BR-101/RJ;Sul;Atropelamento - Morador;;;;;1;;;;;;1;;1;;
03/07/2013;14:29:00;100;com vítima;275;BR-101/RJ;Sul;Colisão Traseira;1;;;;1;;;;;;1;1;1;1;
30/07/2013;05:44:00;18;sem vítima;275;BR-101/RJ;Sul;Saida de Pista;1;;;;;;;;;;2;;;;
02/08/2013;05:42:00;18;com vítima;275,958;BR-101/RJ;Sul;Atropelamento - Ciclista;;1;;;;1;;;;;1;;1;;
16/08/2013;19:07:00;170;com vítima;275;BR-101/RJ;Sul;Queda de Moto;1;;;1;;;;;;;1;1;;;
15/09/2013;18:58:00;165;sem vítima;275;BR-101/RJ;Sul;Saida de Pista;1;;;;;;;;;;1;;;;
27/09/2013;01:25:00;11;sem vítima;275,4;BR-101/RJ;Sul;Saida de Pista;1;;;;;;;;;;1;;;;
18/10/2013;14:53:00;100;sem vítima;275;BR-101/RJ;Sul;Colisão Traseira;2;;;;;;;;;;2;;;;
30/11/2013;05:08:00;22;sem vítima;275,585;BR-101/RJ;Sul;Saida de Pista;;;1;;;;;;;;1;;;;
27/01/2014;20:13:00;198;com vítima;275,427;BR-101/RJ;Sul;Capotamento;1;;;;;;;;;;1;2;;;
02/02/2014;01:22:00;11;com vítima;275,8;BR-101/RJ;Sul;Colisão Traseira;2;;;;;;;;;;0;;2;;2
15/02/2014;09:24:00;72;sem vítima;275;BR-101/RJ;Norte;Tombamento;;;1;;;;;;;;1;;;;
19/02/2014;21:38:00;207;sem vítima;275;BR-101/RJ;Sul;Colisão Traseira;2;;;;;;;;;;3;;;;
21/02/2014;15:58:00;165;com vítima;275;BR-101/RJ;Norte;Saida de Pista;1;;;;;;;;;;0;1;;;
06/03/2014;18:58:00;210;com vítima;275,5;BR-101/RJ;Sul;Queda de Moto;;;;1;;;;;;1;3;1;;;
04/04/2014;19:42:00;165;com vítima;275;BR-101/RJ;Sul;Atropelamento - Andarilho;;;;;;1;;;;;1;;1;;
04/04/2014;20:06:00;170;sem vítima;275;BR-101/RJ;Sul;Colisão Traseira;2;;;;;;;;;;2;;;;
13/04/2014;01:14:00;4;com vítima;275;BR-101/RJ;Norte;Queda de Moto;;;;2;;;;;;;2;1;;;
04/06/2014;06:22:00;29;com vítima;275;BR-101/RJ;Norte;Colisão Lateral;;;1;1;;;;;;;1;;1;;
05/07/2014;18:28:00;116;com vítima;275,5;BR-101/RJ;Norte;Colisão Traseira;2;;;;;;;;;;2;1;;;
17/07/2014;10:37:00;68;sem vítima;275;BR-101/RJ;Norte;Colisão Lateral;;;2;;;;;;;;4;;;;
13/09/2014;07:48:00;37;sem vítima;275;BR-101/RJ;Norte;Colisão Traseira;2;;;;;;;;;;4;;;;
02/10/2014;11:30:00;74;com vítima;275;BR-101/RJ;Norte;Capotamento;1;;;;;;;;;;0;1;;;
07/10/2014;05:32:00;19;sem vítima;275;BR-101/RJ;Sul;Colisão Lateral;2;;;;;;;;;;2;;;;
17/10/2014;18:46:00;172;sem vítima;275;BR-101/RJ;Norte;Colisão Traseira;1;;1;;;;;;;;2;;;;
17/10/2014;02:20:00;7;com vítima;275,337;BR-101/RJ;Norte;Tombamento;;;1;;;;;;;;0;;1;;
21/11/2014;11:26:00;69;com vítima;275;BR-101/RJ;Norte;Colisão Lateral;;;1;1;;;;;;;2;;1;;
13/12/2014;07:59:00;47;com vítima;275;BR-101/RJ;Norte;Saida de Pista;1;;;;;;;;;;2;1;;;
18/12/2014;22:09:00;196;com vítima;275;BR-101/RJ;Norte;Saida de Pista;1;;;;;;;;;;2;;1;;
20/12/2014;03:39:00;23;com vítima;275,2;BR-101/RJ;Norte;Atropelamento - Ciclista;1;1;;;;;;;;;4;;;;1
07/01/2015;23:11:00;180;com vítima;275,35;BR-101/RJ;Sul;Tombamento;;;1;;;;;;;;0;2;;;
08/01/2015;08:16:00;41;sem vítima;275;BR-101/RJ;Sul;Colisão Transversal;1;;1;;;;;;;;3;;;;
01/02/2015;23:04:00;148;sem vítima;275;BR-101/RJ;Sul;Saida de Pista;;;1;;;;;;;;1;0;0;0;0
09/02/2015;13:46:00;108;com vítima;275;BR-101/RJ;Norte;Queda de Moto;;;;1;;;;;;;0;2;0;0;0
20/02/2015;15:20:00;122;sem vítima;275;BR-101/RJ;Sul;Saida de Pista;1;;;;;;;;;;1;0;0;0;0
11/03/2015;07:01:00;20;com vítima;275;BR-101/RJ;Norte;Saida de Pista;1;;;;;;;;;;0;1;0;0;0
15/03/2015;10:59:00;52;com vítima;275,868;BR-101/RJ;Norte;Choque - Defensa, barreira ou "submarino";1;;;;;;;;;;1;1;0;0;0
03/04/2015;23:39:00;170;sem vítima;275;BR-101/RJ;Norte;Saida de Pista;1;;;;;;;;;;1;;;;
19/06/2015;09:24:00;64;com vítima;275,316;BR-101/RJ;Norte;Saida de Pista;1;;;;;;;;;;0;1;;;
12/08/2015;17:30:00;172;com vítima;275;BR-101/RJ;Norte;Queda de Moto;;;;1;;;;;;;0;2;;;
03/10/2015;11:21:00;84;sem vítima;275,659;BR-101/RJ;Norte;Colisão Lateral;2;;;;;;;;;;7;;;;
31/10/2015;20:04:00;189;com vítima;275;BR-101/RJ;Norte;Colisão Transversal;;1;;1;;;;;;;1;;1;;
21/02/2010;17:39:00;165;com vítima;276;BR-101/RJ;Norte;Colisão Traseira;1;;;;;;;;;1;2;1;1;;
02/04/2010;04:14:00;29;com vítima;276;BR-101/RJ;Sul;Colisão Traseira;2;;;;;;;;;;0;3;3;2;
25/04/2010;12:29:00;69;sem vítima;276;BR-101/RJ;Sul;Engavetamento;3;;;;;;;;;;3;;;;
13/05/2010;22:04:00;154;com vítima;276;BR-101/RJ;Sul;Queda de Moto;;;;2;;;;;;;0;2;;;
22/05/2010;19:06:00;137;com vítima;276,8999938964844;BR-101/RJ;Sul;Atropelamento - Ciclista;;;;;;1;;;;;1;;;2;
26/05/2010;07:44:00;30;com vítima;276;BR-101/RJ;Sul;Colisão Traseira;1;;;1;;;;;;;1;;1;;
19/06/2010;09:09:00;44;com vítima;276;BR-101/RJ;Sul;Capotamento;2;;;;;;;;;;0;2;1;;
22/08/2010;19:56:00;146;com vítima;276;BR-101/RJ;Norte;Colisão Traseira;;;;1;;1;;;;;1;;;2;
11/09/2010;00:21:00;1;sem vítima;276;BR-101/RJ;Norte;Atropelamento de Animal;1;;;;;;;;;;1;;;;
18/09/2010;01:44:00;17;sem vítima;276;BR-101/RJ;Sul;Saida de Pista;;;1;;;;;;;;1;;;;
25/09/2010;06:29:00;27;sem vítima;276;BR-101/RJ;Norte;Saida de Pista;2;;;;;;;;;;2;;;;
25/09/2010;18:35:00;161;com vítima;276;BR-101/RJ;Sul;Colisão Lateral;1;;1;;;;;;;;1;1;;;
25/09/2010;18:35:00;166;sem vítima;276;BR-101/RJ;Sul;Colisão Traseira;2;;;;;;;;;;7;;;;
10/10/2010;16:54:00;134;sem vítima;276;BR-101/RJ;Norte;Saida de Pista;1;;;;;;;;;;1;;;;
19/10/2010;17:17:00;133;com vítima;276;BR-101/RJ;Norte;Colisão Traseira;1;;1;;;;;;;;1;;1;;
03/11/2010;15:56:00;128;sem vítima;276;BR-101/RJ;Sul;Saida de Pista;;;;;;1;;;;1;3;;;;
04/11/2010;19:40:00;158;com vítima;276;BR-101/RJ;Sul;Atropelamento - Andarilho;;;;1;;;;;;;0;;1;;1
08/11/2010;17:44:00;145;sem vítima;276;BR-101/RJ;Norte;Saida de Pista;1;;;;;;;;;;1;;;;
13/12/2010;19:17:00;186;sem vítima;276;BR-101/RJ;Norte;Choque - Outros;1;;;;;;;;;;1;;;;
15/12/2010;20:42:00;200;sem vítima;276;BR-101/RJ;Norte;Colisão Transversal;1;;;;1;;;;;;2;;;;
03/01/2011;05:26:00;61;com vítima;276;BR-101/RJ;Sul;Saida de Pista;1;;;;;;;;;;3;1;;;
25/02/2011;15:09:00;131;sem vítima;276;BR-101/RJ;Sul;Saida de Pista;1;;;;;;;;;;1;;;;
14/03/2011;13:46:00;89;sem vítima;273;BR-101/RJ;Sul;Saida de Pista;1;;;;;;;;;;1;;;;
17/05/2011;08:10:00;38;com vítima;276;BR-101/RJ;Norte;Atropelamento - Ciclista;1;;;;;;;;;;2;;1;;
08/06/2011;14:50:00;110;sem vítima;276;BR-101/RJ;Sul;Colisão Traseira;;;2;;;;;;;;3;;;;
24/06/2011;22:24:00;166;sem vítima;276,2650146484375;BR-101/RJ;Norte;Saida de Pista;1;;;;;;;;;;1;;;;
06/08/2011;23:40:00;188;sem vítima;276,1499938964844;BR-101/RJ;Norte;Atropelamento de Animal;;;;;;1;;;;;1;;;;
08/08/2011;13:39:00;132;sem vítima;276,70001220703125;BR-101/RJ;Norte;Colisão Lateral;;;;;1;;;;1;;2;;;;
14/08/2011;06:15:00;24;com vítima;276,5;BR-101/RJ;Sul;Saida de Pista;1;;;;;;;;;;0;1;1;;
16/10/2011;20:16:00;144;sem vítima;276;BR-101/RJ;Sul;Saida de Pista;1;;;;;;;;;;1;;;;
22/10/2011;12:47:00;76;com vítima;276;BR-101/RJ;Sul;Saida de Pista;1;;;;;;;;;;0;1;;;
05/11/2011;10:29:00;56;sem vítima;276;BR-101/RJ;Norte;Colisão Lateral;1;;1;;;;;;;;2;;;;
31/12/2011;05:08:00;23;com vítima;276;BR-101/RJ;Norte;Queda de Moto;;;;1;;;;;;;0;1;;;
01/01/2012;20:49:00;182;com vítima;276,5;BR-101/RJ;Norte;Queda de Moto;;;;1;;;;;;;0;;;1;
02/01/2012;17:19:00;169;sem vítima;276;BR-101/RJ;Norte;Colisão Traseira;;;;;1;;;;;1;2;;;;
23/01/2012;14:16:00;126;com vítima;276;BR-101/RJ;Norte;Saida de Pista;1;;;;;;;;;;0;;;1;
27/01/2012;16:51:00;122;sem vítima;276;BR-101/RJ;Norte;Colisão Traseira;2;;;;;;;;;;2;;;;
10/02/2012;13:46:00;118;sem vítima;276,55;BR-101/RJ;Sul;Saida de Pista;1;;;;;;;;;;1;;;;
15/02/2012;18:21:00;168;com vítima;276;BR-101/RJ;Norte;Queda de Moto;;;;1;;;;;;;0;2;;;
25/02/2012;01:35:00;11;sem vítima;276;BR-101/RJ;Sul;Saida de Pista;1;;;;;;;;;;2;;;;
02/04/2012;16:59:00;152;sem vítima;276;BR-101/RJ;Sul;Saida de Pista;1;;;;;;;;;;1;;;;
27/05/2012;02:44:00;16;sem vítima;276,5;BR-101/RJ;Norte;Saida de Pista;1;;;;;;;;;;1;;;;
01/06/2012;04:51:00;16;sem vítima;276,3;BR-101/RJ;Sul;Saida de Pista;;;;;;;;;;1;1;;;;
08/06/2012;13:47:00;107;com vítima;276;BR-101/RJ;Sul;Queda de Moto;;;;1;;;;;;;0;1;;;
07/07/2012;20:01:00;181;com vítima;276,6;BR-101/RJ;Sul;Saida de Pista;1;;;;;;;;;;0;1;;1;
23/07/2012;05:48:00;23;sem vítima;276,2;BR-101/RJ;Sul;Colisão Traseira;2;;;;;;;;;;2;;;;
24/08/2012;17:17:00;134;sem vítima;276;BR-101/RJ;Norte;Colisão Traseira;2;;;;;;;;;;3;;;;
27/08/2012;16:19:00;131;sem vítima;276,682;BR-101/RJ;Sul;Choque - Suporte de Sinalização;1;;;;;;;;;;1;;;;
16/09/2012;20:06:00;179;sem vítima;276,641;BR-101/RJ;Sul;Colisão Lateral;2;;;;;;;;;;5;;;;
25/10/2012;22:21:00;212;sem vítima;276;BR-101/RJ;Sul;Colisão Traseira;1;;1;;;;;;;;2;;;;
27/10/2012;08:24:00;60;com vítima;276,75;BR-101/RJ;Sul;Colisão Traseira;2;;;;;;;;;;0;;5;;
15/12/2012;02:54:00;12;sem vítima;276;BR-101/RJ;Norte;Atropelamento de Animal;;;1;;;;;;;;1;;;;
20/01/2013;15:39:00;125;sem vítima;276;BR-101/RJ;Norte;Colisão Traseira;2;;;;;;;;;;10;;;;
22/01/2013;16:02:00;147;sem vítima;276;BR-101/RJ;Sul;Colisão Traseira;1;;1;;;;;;;;2;;;;
31/03/2013;16:38:00;124;com vítima;276;BR-101/RJ;Sul;Colisão Transversal;1;;;1;;;;;;;1;;1;;
09/04/2013;20:03:00;180;com vítima;276,5;BR-101/RJ;Sul;Colisão Transversal;;;1;1;;;;;;1;3;;;;1
14/04/2013;18:03:00;136;sem vítima;276;BR-101/RJ;Sul;Colisão Traseira;3;;;;;;;;;;6;;;;
17/04/2013;21:31:00;165;com vítima;276,65;BR-101/RJ;Sul;Atropelamento - Ciclista;;1;;;;1;;;;;1;;1;;
01/05/2013;15:56:00;89;sem vítima;276;BR-101/RJ;Norte;Objeto lançado contra veículo;1;;1;;;;;;;;3;;;;
01/05/2013;18:33:00;116;sem vítima;276;BR-101/RJ;Sul;Colisão Traseira;1;;1;;;;;;;;3;;;;
02/07/2013;11:17:00;60;sem vítima;276;BR-101/RJ;Sul;Colisão Lateral;1;;1;;;;;;;;6;;;;
11/07/2013;10:52:00;73;com vítima;276;BR-101/RJ;Sul;Queda de Moto;;;;1;;;;;;;0;;1;;
28/07/2013;18:03:00;152;com vítima;276,45;BR-101/RJ;Sul;Colisão Lateral;1;;;1;;;;;;;4;;2;;
02/08/2013;15:21:00;118;sem vítima;276;BR-101/RJ;Sul;Engavetamento;5;;;;;;;;;;7;;;;
09/08/2013;16:53:00;125;sem vítima;276;BR-101/RJ;Sul;Colisão Traseira;2;;;;;;;;;;2;;;;
27/08/2013;19:31:00;146;sem vítima;276,7;BR-101/RJ;Sul;Engavetamento;4;;;;;;;;;;6;;;;
29/08/2013;11:53:00;89;sem vítima;276,5;BR-101/RJ;Norte;Colisão Lateral;1;;1;;;;;;;;2;;;;
02/09/2013;13:58:00;113;com vítima;276;BR-101/RJ;Sul;Queda de Moto;;;;;;1;;;;;1;2;;;
24/09/2013;08:44:00;53;sem vítima;276,56;BR-101/RJ;Sul;Saida de Pista;1;;;;;;;;;;5;;;;
05/10/2013;13:49:00;90;sem vítima;276,6;BR-101/RJ;Sul;Colisão Lateral;1;;1;;;;;;;;5;;;;
12/10/2013;03:49:00;22;sem vítima;276;BR-101/RJ;Norte;Saida de Pista;1;;;;;;;;;;1;;;;
30/10/2013;11:29:00;88;sem vítima;276,516;BR-101/RJ;Norte;Choque - Defensa, barreira ou "submarino";1;;;;;1;;;;;2;;;;