data;horario;n_da_ocorrencia;tipo_de_ocorrencia;km;trecho;sentido;tipo_de_acidente;automovel;bicicleta;caminhao;moto;onibus;outros;tracao_animal;transporte_de_cargas_especiais;trator_maquinas;utilitarios;ilesos;levemente_feridos;moderadamente_feridos;gravemente_feridos;mortos
23/12/2011;07:28:00;46;com vítima;278,70001220703125;BR-101/RJ;Sul;Colisão Traseira;2;;;;;;;;;;3;1;1;;
08/01/2012;04:00:00;14;sem vítima;278;BR-101/RJ;Sul;Saida de Pista;1;;;;;;;;;;1;;;;
04/02/2012;04:48:00;20;sem vítima;278;BR-101/RJ;Sul;Colisão Traseira;;;1;;;1;;;;;2;;;;
11/02/2012;01:37:00;7;sem vítima;278;BR-101/RJ;Sul;Saida de Pista;1;;;;;;;;;;4;;;;
03/05/2012;15:48:00;134;com vítima;278;BR-101/RJ;Norte;Queda de Moto;;;;1;;;;;;;0;;2;;
06/07/2012;21:57:00;238;sem vítima;278;BR-101/RJ;Norte;Queda de Moto;;;;1;;;;;;;2;;;;
19/08/2012;17:10:00;123;sem vítima;278,705;BR-101/RJ;Sul;Colisão Traseira;2;;;;;;;;;;3;;;;
07/09/2012;10:52:00;120;sem vítima;278;BR-101/RJ;Norte;Saida de Pista;1;;;;;;;;;;2;;;;
07/10/2012;13:11:00;99;sem vítima;278;BR-101/RJ;Sul;Saida de Pista;1;;;;;;;;;;1;;;;
27/10/2012;06:42:00;45;sem vítima;278;BR-101/RJ;Norte;Colisão Lateral;1;;1;;;;;;;;4;;;;
03/11/2012;22:07:00;151;com vítima;278,188;BR-101/RJ;Norte;Colisão Frontal;2;;;;;;;;;;0;;4;;1
13/11/2012;15:56:00;125;sem vítima;278,5;BR-101/RJ;Sul;Colisão Traseira;2;;;;;;;;;;3;;;;
14/12/2012;05:29:00;23;sem vítima;278;BR-101/RJ;Sul;Queda de Moto;;;;1;;;;;;;1;;;;
01/01/2013;20:49:00;205;sem vítima;278;BR-101/RJ;Sul;Colisão Traseira;2;;;;;;;;;;2;;;;
05/02/2013;17:54:00;124;sem vítima;278,05;BR-101/RJ;Norte;Saida de Pista;1;;;;;;;;;;4;;;;
02/03/2013;05:58:00;28;sem vítima;278;BR-101/RJ;Norte;Saida de Pista;1;;;;;;;;;;5;;;;
12/03/2013;23:08:00;185;sem vítima;278;BR-101/RJ;Sul;Colisão Traseira;2;;;;;;;;;;2;;;;
27/03/2013;15:14:00;116;sem vítima;278;BR-101/RJ;Sul;Colisão Lateral;1;;1;;;;;;;;3;;;;
02/05/2013;21:11:00;149;sem vítima;278;BR-101/RJ;Sul;Colisão Traseira;;;2;;;;;;;;2;;;;
03/08/2013;13:32:00;108;com vítima;278;BR-101/RJ;Norte;Saida de Pista;1;;;;;;;;;;0;;2;;
04/08/2013;12:04:00;85;com vítima;278;BR-101/RJ;Sul;Colisão Traseira;2;;;;;;;;;;5;1;;;
28/08/2013;08:46:00;39;com vítima;278,3;BR-101/RJ;Sul;Colisão Lateral;;;;;;;;;;2;3;1;;;
09/10/2013;06:01:00;24;sem vítima;278;BR-101/RJ;Sul;Engavetamento;3;;;;;;;;;;3;;;;
23/10/2013;03:47:00;14;sem vítima;278,05;BR-101/RJ;Sul;Saida de Pista;1;;;;;;;;;;1;;;;
02/01/2014;13:46:00;121;sem vítima;278,2;BR-101/RJ;Norte;Saida de Pista;1;;;;;;;;;;4;;;;
09/01/2014;21:35:00;196;com vítima;278;BR-101/RJ;Sul;Queda de Moto;;;;1;;;;;;;0;;1;;
10/01/2014;07:21:00;36;com vítima;278,053;BR-101/RJ;Norte;Atropelamento - Ciclista;;1;1;;;;;;;;1;;1;;
01/03/2014;16:29:00;278;com vítima;278;BR-101/RJ;Norte;Atropelamento - Morador;;;;;;1;;;;;1;1;;;
02/08/2014;10:15:00;50;com vítima;278;BR-101/RJ;Norte;Queda de Moto;;;;1;;;;;;;0;1;;;
03/08/2014;11:18:00;49;sem vítima;278;BR-101/RJ;Norte;Colisão Lateral;2;;;;;;;;;;5;;;;
11/08/2014;10:19:00;70;com vítima;278;BR-101/RJ;Norte;Colisão Lateral;;;;2;;;;;;;1;1;;;
07/09/2014;15:27:00;93;com vítima;278,595;BR-101/RJ;Sul;Atropelamento - Morador;;;1;;;;;;;;1;;;;1
09/12/2014;07:51:00;39;sem vítima;278,292;BR-101/RJ;Sul;Saida de Pista;1;;;;;;;;;;2;;;;
13/12/2014;19:53:00;189;sem vítima;278;BR-101/RJ;Sul;Tombamento;;;1;;;;;;;;1;;;;
27/12/2014;05:56:00;16;sem vítima;278;BR-101/RJ;Sul;Colisão Traseira;2;;;;;;;;;;3;;;;
17/01/2015;00:51:00;7;com vítima;278;BR-101/RJ;Norte;Colisão Lateral;1;;1;;;;;;;;4;1;;;
04/02/2015;08:06:00;44;com vítima;278;BR-101/RJ;Norte;Atropelamento - Funcionário;;;;;;;;;;1;1;1;0;0;0
07/02/2015;15:12:00;96;com vítima;278,5;BR-101/RJ;Sul;Colisão Traseira;2;;;;;;;;;;2;1;2;0;1
25/04/2015;00:56:00;8;com vítima;278;BR-101/RJ;Norte;Queda de Moto;;;;1;;;;;;;0;2;;;
29/07/2015;17:21:00;160;sem vítima;278;BR-101/RJ;Norte;Colisão Traseira;2;;;;;;;;;;5;;;;
11/08/2015;03:58:00;18;sem vítima;278,4;BR-101/RJ;Sul;Colisão Traseira;;;1;;;1;;;;;2;;;;
13/10/2015;18:41:00;202;com vítima;278;BR-101/RJ;Sul;Queda de Moto;;;;1;;;;;;;0;;1;;
27/10/2015;00:19:00;1;com vítima;278,8;BR-101/RJ;Norte;Capotamento;1;;;;;;;;;;0;1;1;;
05/11/2015;16:30:00;153;sem vítima;278;BR-101/RJ;Norte;Colisão Lateral;2;;;;;;;;;;2;;;;
16/11/2015;06:33:00;37;com vítima;278,737;BR-101/RJ;Norte;Capotamento;1;;;;;;;;;;0;;1;;
18/12/2015;23:36:00;299;sem vítima;278;BR-101/RJ;Sul;Choque - Arvore;1;;;;;;;;;;1;;;;
29/12/2015;22:57:00;235;com vítima;278,43;BR-101/RJ;Sul;Atropelamento - Andarilho;;;;;;1;;;;;1;;1;;
29/12/2015;07:01:00;30;sem vítima;278,805;BR-101/RJ;Sul;Choque - Defensa, barreira ou "submarino";1;;;;;;;;;;1;;;;
09/01/2010;23:29:00;249;sem vítima;279;BR-101/RJ;Norte;Colisão Traseira;1;;;;1;1;;;;;3;;;;
19/01/2010;23:27:00;217;com vítima;279;BR-101/RJ;Sul;Colisão Traseira;;;2;;;;;;;;1;;;;1
11/02/2010;13:08:00;112;com vítima;279;BR-101/RJ;Sul;Colisão Traseira;;;1;1;;;;;;;2;;1;;
25/03/2010;18:45:00;142;com vítima;279;BR-101/RJ;Norte;Colisão Frontal;;;;2;;;;;;;0;;2;;
13/04/2010;11:12:00;86;sem vítima;279;BR-101/RJ;Sul;Capotamento;1;;;;;;;;;;2;;;;
23/04/2010;15:52:00;108;sem vítima;279;BR-101/RJ;Norte;Capotamento;1;;;;;;;;;1;6;;;;
25/04/2010;09:29:00;37;com vítima;279;BR-101/RJ;Sul;Colisão Lateral;2;;;;;;;;;;2;3;1;;
09/05/2010;21:44:00;157;sem vítima;279;BR-101/RJ;Sul;Saida de Pista;1;;;;;;;;;;2;;;;
02/08/2010;02:32:00;19;com vítima;279;BR-101/RJ;Sul;Atropelamento - Outros;;;;;;1;;;;;1;;1;;
21/08/2010;01:46:00;12;com vítima;279,1000061035156;BR-101/RJ;Norte;Saida de Pista;;;;1;;;;;;;0;;1;;
28/08/2010;08:45:00;55;sem vítima;279;BR-101/RJ;Sul;Saida de Pista;1;;;;;;;;;;4;;;;
07/10/2010;14:05:00;106;com vítima;279;BR-101/RJ;Norte;Capotamento;;;;;;;;;;1;4;;1;1;
22/11/2010;08:56:00;69;sem vítima;279;BR-101/RJ;Norte;Colisão Traseira;1;;;;;;;;;1;2;;;;
18/12/2010;05:53:00;36;sem vítima;279;BR-101/RJ;Norte;Capotamento;;;;;;;;;;1;1;;;;
25/12/2010;16:21:00;105;com vítima;279;BR-101/RJ;Sul;Colisão Traseira;3;;;;;;;;;;4;;1;;
03/01/2011;12:31:00;152;com vítima;279;BR-101/RJ;Sul;Atropelamento - Ciclista;1;1;;;;;;;;;0;2;1;;
13/01/2011;19:32:00;150;sem vítima;279;BR-101/RJ;Norte;Colisão Traseira;1;;;;;1;;;;;2;;;;
16/01/2011;02:48:00;19;com vítima;279;BR-101/RJ;Sul;Capotamento;1;;;;;;;;;;0;2;;;
23/01/2011;11:37:00;56;sem vítima;279;BR-101/RJ;Sul;Colisão Traseira;2;;;;;;;;;;2;;;;
26/01/2011;01:39:00;8;sem vítima;279;BR-101/RJ;Sul;Atropelamento de Animal;1;;;;;1;;;;;3;;;;
12/02/2011;16:55:00;147;com vítima;279;BR-101/RJ;Norte;Colisão Traseira;2;;;;;;;;;;2;1;;;
15/03/2011;19:53:00;179;sem vítima;221;BR-101/RJ;Sul;Colisão Traseira;1;;1;;;;;;;;4;;;;
15/03/2011;20:56:00;192;com vítima;47,5;BR-101/RJ;Sul;Colisão Lateral;;;;1;;1;;;;;1;1;;;
31/05/2011;07:33:00;24;com vítima;279;BR-101/RJ;Norte;Queda de Moto;;;;1;;;;;;;0;1;;;
31/05/2011;16:41:00;116;sem vítima;279;BR-101/RJ;Norte;Capotamento;1;;;;;;;;;;1;;;;
06/06/2011;18:43:00;166;com vítima;279;BR-101/RJ;Sul;Colisão Transversal;1;;1;;;;;;;;5;2;;;
16/06/2011;14:37:00;113;sem vítima;279;BR-101/RJ;Norte;Colisão Lateral;1;;1;;;;;;;;5;;;;
01/10/2011;18:02:00;164;com vítima;279;BR-101/RJ;Sul;Colisão Lateral;1;;;1;;;;;;;4;;1;;
08/10/2011;16:53:00;154;com vítima;279;BR-101/RJ;Sul;Atropelamento - Ciclista;1;1;;;;;;;;;3;;;1;
10/12/2011;17:51:00;186;sem vítima;279,6000061035156;BR-101/RJ;Sul;Saida de Pista;1;;;1;;;;;;;4;;;;
22/12/2011;22:59:00;234;sem vítima;279,20001220703125;BR-101/RJ;Norte;Saida de Pista;1;;;;;;;;;;1;;;;
31/12/2011;18:40:00;129;sem vítima;279;BR-101/RJ;Norte;Saida de Pista;1;;;;;;;;;;3;;;;
29/01/2012;07:11:00;21;sem vítima;279;BR-101/RJ;Sul;Saida de Pista;1;;;;;;;;;;1;;;;
10/02/2012;19:33:00;184;sem vítima;279;BR-101/RJ;Norte;Colisão Traseira;2;;;;;;;;;;6;;;;
11/02/2012;15:51:00;109;com vítima;279;BR-101/RJ;Sul;Saida de Pista;1;;;;;;;;;;0;1;;;
19/02/2012;10:26:00;92;sem vítima;279,5;BR-101/RJ;Norte;Colisão Traseira;1;;;1;;;;;;;6;;;;
04/03/2012;16:05:00;101;sem vítima;279,65;BR-101/RJ;Sul;Colisão Traseira;2;;;;;;;;;;5;;;;
11/03/2012;20:01:00;165;sem vítima;279;BR-101/RJ;Norte;Colisão Traseira;1;;;;;;;;;1;4;;;;
18/03/2012;07:42:00;42;com vítima;279;BR-101/RJ;Norte;Saida de Pista;1;;;;;;;;;;0;;1;;
24/03/2012;18:26:00;151;sem vítima;279;BR-101/RJ;Norte;Saida de Pista;1;;;;;;;;;;1;;;;
31/03/2012;09:30:00;63;com vítima;279;BR-101/RJ;Sul;Saida de Pista;;;;;1;;;;;;3;4;1;;
21/04/2012;20:00:00;152;sem vítima;279;BR-101/RJ;Norte;Colisão Traseira;1;;;;;1;;;;;2;;;;
21/04/2012;20:05:00;154;sem vítima;279;BR-101/RJ;Norte;Colisão Traseira;2;;;;;;;;;;3;;;;
10/05/2012;16:04:00;147;com vítima;279,5;BR-101/RJ;Norte;Colisão Transversal;;;2;;;;;;;;3;;1;;
15/05/2012;18:35:00;127;sem vítima;279,737;BR-101/RJ;Sul;Colisão Lateral;2;;;;;;;;;;9;;;;
14/07/2012;20:31:00;165;sem vítima;279,859;BR-101/RJ;Sul;Queda de Moto;;;;1;;1;;;;;3;;;;
10/08/2012;23:45:00;234;com vítima;279;BR-101/RJ;Sul;Queda de Moto;;;;1;;;;;;;0;;1;;
12/08/2012;06:04:00;35;com vítima;279,461;BR-101/RJ;Norte;Atropelamento - Ciclista;;1;;1;;;;;;;0;;2;;
18/08/2012;20:01:00;144;com vítima;279,768;BR-101/RJ;Norte;Capotamento;1;;;;;;;;;;0;1;;;
30/09/2012;15:42:00;110;sem vítima;279;BR-101/RJ;Sul;Colisão Traseira;2;;;1;;;;;;;3;;;;
31/10/2012;06:00:00;25;sem vítima;279;BR-101/RJ;Sul;Colisão Traseira;;;1;;1;;;;;;2;;;;
08/12/2012;14:07:00;154;sem vítima;279;BR-101/RJ;Norte;Capotamento;1;;;;;;;;;;2;;;;
28/12/2012;13:35:00;138;sem vítima;279;BR-101/RJ;Sul;Colisão Frontal;1;;1;;;;;;;;4;;;;
28/12/2012;17:58:00;192;sem vítima;279;BR-101/RJ;Norte;Colisão Traseira;2;;;;;;;;;;7;;;;
16/02/2013;00:19:00;6;com vítima;279,5;BR-101/RJ;Sul;Colisão Traseira;2;;;;;;;;;;2;;2;;
22/03/2013;13:25:00;113;sem vítima;279;BR-101/RJ;Norte;Saida de Pista;1;;;;;1;;;;;2;;;;
12/04/2013;10:39:00;96;com vítima;279,527;BR-101/RJ;Norte;Colisão Lateral;;;2;;;;;;;;2;1;;;
11/05/2013;05:21:00;24;sem vítima;279,34;BR-101/RJ;Norte;Colisão Traseira;2;;;;;;;;;;2;;;;
21/05/2013;17:34:00;131;sem vítima;279,855;BR-101/RJ;Sul;Saida de Pista;1;;;;;;;;;;2;;;;
09/08/2013;09:25:00;47;sem vítima;279;BR-101/RJ;Norte;Colisão Lateral;1;;1;;;;;;;;2;;;;
12/10/2013;15:06:00;140;sem vítima;279;BR-101/RJ;Norte;Capotamento;1;;;;;;;;;;6;;;;
21/10/2013;19:58:00;189;sem vítima;279;BR-101/RJ;Sul;Queda de Moto;;;;1;;;;;;;2;;;;
24/11/2013;17:45:00;129;sem vítima;279,65;BR-101/RJ;Sul;Engavetamento;3;;;;;;;;;;11;;;;
20/12/2013;00:27:00;1;com vítima;279,93;BR-101/RJ;Norte;Atropelamento - Morador;;;1;;;;;;;;1;;;1;
21/12/2013;23:26:00;225;sem vítima;279;BR-101/RJ;Norte;Colisão Traseira;1;;;;;1;;;;;6;;;;
27/12/2013;12:56:00;104;sem vítima;279;BR-101/RJ;Norte;Colisão Traseira;1;;;;;;;;;1;4;;;;
31/12/2013;21:35:00;209;com vítima;279;BR-101/RJ;Norte;Colisão Frontal;2;;;;;;;;;;3;1;;;
14/02/2014;13:29:00;125;sem vítima;279;BR-101/RJ;Sul;Saida de Pista;1;;;;;;;;;;5;;;;
04/03/2014;12:19:00;76;com vítima;279,633;BR-101/RJ;Sul;Colisão Lateral;1;;;1;;;;;;;3;2;;;
06/03/2014;09:41:00;85;sem vítima;279;BR-101/RJ;Sul;Colisão Traseira;2;;;;;1;;;;;3;;;;
30/03/2014;22:57:00;209;com vítima;279,747;BR-101/RJ;Sul;Colisão Transversal;2;;;;;;;;;;6;1;;;
17/05/2014;22:30:00;157;com vítima;279;BR-101/RJ;Sul;Colisão Lateral;1;;;1;;;;;;;0;1;1;1;
17/05/2014;22:30:00;160;com vítima;279;BR-101/RJ;Sul;Atropelamento - Usuário;1;;;;;;;;;;1;;;1;
21/05/2014;18:32:00;132;sem vítima;279;BR-101/RJ;Sul;Saida de Pista;1;;;;;;;;;;3;;;;
26/06/2014;08:09:00;26;com vítima;279;BR-101/RJ;Norte;Colisão Lateral;;;1;;;;;;;1;2;1;;;
29/06/2014;03:20:00;22;sem vítima;279;BR-101/RJ;Norte;Saida de Pista;1;;;;;;;;;;1;;;;
06/07/2014;16:12:00;91;sem vítima;279;BR-101/RJ;Sul;Colisão Traseira;2;;;;;;;;;;6;;;;
30/07/2014;08:20:00;55;sem vítima;279;BR-101/RJ;Norte;Saida de Pista;;;1;;;;;;;;1;;;;
10/11/2014;04:43:00;24;com vítima;279,796;BR-101/RJ;Norte;Atropelamento - Andarilho;1;;;;;;;;;;1;;;;1
21/11/2014;09:56:00;55;sem vítima;279;BR-101/RJ;Sul;Saida de Pista;;;1;;;;;;;;1;;;;
14/01/2015;10:09:00;63;sem vítima;279;BR-101/RJ;Norte;Saida de Pista;1;;;;;;;;;;1;;;;
20/01/2015;16:05:00;142;com vítima;279;BR-101/RJ;Sul;Queda de Moto;;;;1;;;;;;;0;2;;;
07/02/2015;13:56:00;85;com vítima;279;BR-101/RJ;Sul;Queda de Moto;;;;1;;;;;;;0;2;0;0;0
11/02/2015;18:54:00;177;sem vítima;279;BR-101/RJ;Sul;Saida de Pista;1;;;;;;;;;;2;0;0;0;0
05/04/2015;23:04:00;232;com vítima;279;BR-101/RJ;Sul;Atropelamento - Ciclista;1;1;;;;;;;;;7;;1;;
10/06/2015;11:09:00;93;sem vítima;279;BR-101/RJ;Norte;Colisão Traseira;2;;;;;;;;;;7;;;;
14/06/2015;04:36:00;19;com vítima;279,47;BR-101/RJ;Norte;Capotamento;1;;;;;;;;;;0;2;;;
21/06/2015;04:41:00;16;sem vítima;279;BR-101/RJ;Norte;Capotamento;1;;;;;1;;;;;2;;;;
29/06/2015;00:33:00;5;sem vítima;279;BR-101/RJ;Sul;Choque - Defensa, barreira ou "submarino";1;;;;;;;;;;2;;;;
05/07/2015;06:01:00;27;com vítima;279;BR-101/RJ;Sul;Choque - Outros;1;;;;;;;;;;0;2;;;
14/08/2015;17:54:00;158;sem vítima;279;BR-101/RJ;Norte;Engavetamento;3;;;;;;;;;;4;;;;
14/12/2015;12:49:00;136;sem vítima;279,8;BR-101/RJ;Sul;Choque - Defensa, barreira ou "submarino";1;;;;;;;;;;1;;;;
02/01/2010;21:32:00;218;com vítima;280;BR-101/RJ;Sul;Colisão Traseira;2;;;;;;;;;;8;3;;;
22/02/2010;20:18:00;203;sem vítima;280;BR-101/RJ;Sul;Colisão Traseira;2;;;;;;;;;;2;;;;
13/03/2010;04:49:00;18;sem vítima;280;BR-101/RJ;Sul;Capotamento;1;;;;;;;;;;1;;;;
10/05/2010;04:20:00;18;sem vítima;280;BR-101/RJ;Norte;Atropelamento de Animal;;;1;;;;;;;;1;;;;
16/05/2010;00:19:00;2;com vítima;280;BR-101/RJ;Sul;Colisão Traseira;2;;;;;;;;;;0;;2;;
10/07/2010;12:22:00;92;sem vítima;280;BR-101/RJ;Sul;Colisão Lateral;4;;;;;;;;;;9;;;;
26/07/2010;04:46:00;22;com vítima;280;BR-101/RJ;Sul;Atropelamento - Morador;;;;;;1;;;;;1;;1;;
21/08/2010;08:47:00;52;sem vítima;280;BR-101/RJ;Norte;Colisão Traseira;1;;;1;;;;;;;4;;;;
29/12/2010;20:05:00;196;com vítima;280;BR-101/RJ;Norte;Colisão Traseira;1;;;;;;;;;1;2;;1;;
03/01/2011;08:07:00;92;sem vítima;280;BR-101/RJ;Sul;Colisão Traseira;2;;;;;;;;;;6;;;;
03/01/2011;09:42:00;114;sem vítima;280;BR-101/RJ;Sul;Colisão Traseira;3;;;;;;;;;;7;;;;
23/01/2011;11:29:00;55;sem vítima;280;BR-101/RJ;Sul;Colisão Traseira;2;;;;;;;;;;6;;;;
23/01/2011;18:32:00;143;com vítima;280;BR-101/RJ;Norte;Atropelamento - Ciclista;;1;;1;;;;;;;1;;;2;
28/02/2011;22:53:00;231;sem vítima;280;BR-101/RJ;Sul;Colisão Traseira;;;2;;;;;;;;2;;;;
16/03/2011;04:13:00;11;sem vítima;320;BR-101/RJ;Sul;Choque - Defensa, barreira ou "submarino";1;;;;;;;;;;3;;;;
08/09/2011;07:25:00;28;sem vítima;280;BR-101/RJ;Sul;Atropelamento de Animal;1;;;;;;;;;;1;;;;
17/09/2011;11:13:00;93;com vítima;280,8999938964844;BR-101/RJ;Sul;Saida de Pista;1;;;;;;;;;;0;1;;;
09/11/2011;18:23:00;139;com vítima;280,20001220703125;BR-101/RJ;Sul;Saida de Pista;;;1;;;;;;;;1;;;1;
12/11/2011;18:01:00;168;com vítima;280;BR-101/RJ;Norte;Queda de Moto;;;;1;;;;;;;0;1;;;
06/02/2012;00:47:00;11;sem vítima;280;BR-101/RJ;Sul;Saida de Pista;1;;;;;;;;;;3;;;;
27/02/2012;01:02:00;9;com vítima;280;BR-101/RJ;Norte;Colisão Transversal;1;;;1;;;;;;;3;1;;;
03/03/2012;23:17:00;177;com vítima;280,2;BR-101/RJ;Norte;Atropelamento - Ciclista;1;1;;;;;;;;;1;;;;1
15/03/2012;09:43:00;55;sem vítima;280;BR-101/RJ;Norte;Colisão Lateral;1;;1;;;;;;;;4;;;;
20/03/2012;10:15:00;58;com vítima;280,5;BR-101/RJ;Sul;Capotamento;1;;;;;;;;;;0;2;;;
15/04/2012;08:25:00;38;sem vítima;280;BR-101/RJ;Norte;Saida de Pista;1;;;;;;;;;;1;;;;
07/06/2012;05:51:00;23;sem vítima;280;BR-101/RJ;Sul;Colisão Lateral;;;;;1;;;;;1;2;;;;
25/08/2012;04:21:00;15;sem vítima;280,8;BR-101/RJ;Norte;Saida de Pista;1;;;;;;;;;;1;;;;
30/08/2012;11:09:00;78;com vítima;280,75;BR-101/RJ;Norte;Queda de Moto;;;;1;;;;;;;0;;1;;
10/09/2012;07:52:00;55;sem vítima;280;BR-101/RJ;Norte;Engavetamento;1;;;;;2;;;;;3;;;;
14/09/2012;19:29:00;158;sem vítima;280,073;BR-101/RJ;Sul;Saida de Pista;1;;;;;;;;;;2;;;;
28/09/2012;02:02:00;7;sem vítima;280;BR-101/RJ;Norte;Atropelamento de Animal;;;1;;;;;;;;1;;;;
05/10/2012;20:04:00;213;com vítima;280,35;BR-101/RJ;Norte;Engavetamento;5;;;;;;;;;;6;2;;;
05/10/2012;20:07:00;214;sem vítima;280,35;BR-101/RJ;Norte;Colisão Traseira;2;;;;;;;;;;4;;;;
10/10/2012;15:15:00;186;sem vítima;280;BR-101/RJ;Norte;Colisão Traseira;;;2;;;;;;;;3;;;;
15/10/2012;12:32:00;77;com vítima;280;BR-101/RJ;Sul;Colisão Traseira;2;;;1;;;;;;;2;1;;;
18/10/2012;02:31:00;18;sem vítima;280,548;BR-101/RJ;Norte;Atropelamento de Animal;;;;;;2;;;;;2;;;;
04/11/2012;22:13:00;189;com vítima;280,529;BR-101/RJ;Sul;Capotamento;1;;;;;;;;;;4;;1;;
05/11/2012;03:27:00;17;sem vítima;280,539;BR-101/RJ;Norte;Colisão Traseira;1;;2;;;;;;;;4;;;;
09/11/2012;15:52:00;134;sem vítima;280;BR-101/RJ;Norte;Colisão Traseira;3;;;;;;;;;;6;;;;
13/11/2012;15:10:00;115;sem vítima;280;BR-101/RJ;Sul;Colisão Lateral;1;;1;;;;;;;;2;;;;
09/12/2012;07:42:00;45;sem vítima;280,7;BR-101/RJ;Sul;Saida de Pista;1;;;;;;;;;;2;;;;
01/01/2013;18:11:00;176;sem vítima;280;BR-101/RJ;Sul;Engavetamento;3;;;;;;;;;;3;;;;
25/01/2013;13:37:00;105;com vítima;280;BR-101/RJ;Norte;Colisão Traseira;3;;;;;;;;;;3;2;;;
09/03/2013;18:46:00;182;com vítima;280,5;BR-101/RJ;Sul;Saida de Pista;1;;;;;;;;;;0;2;;;
24/03/2013;17:36:00;128;com vítima;280;BR-101/RJ;Sul;Colisão Traseira;3;;;;;;;;;;10;1;;;
08/04/2013;03:59:00;22;com vítima;280,851;BR-101/RJ;Norte;Tombamento;;;1;;;;;;;;0;2;;;
09/05/2013;09:41:00;63;com vítima;280;BR-101/RJ;Sul;Saida de Pista;1;;;;;;;;;;0;;1;;
20/07/2013;18:47:00;186;sem vítima;280;BR-101/RJ;Sul;Saida de Pista;1;;;;;;;;;;1;;;;
08/09/2013;18:53:00;167;sem vítima;280;BR-101/RJ;Sul;Colisão Traseira;1;;;;;1;;;;;2;;;;
06/11/2013;12:22:00;89;com vítima;280,719;BR-101/RJ;Norte;Saida de Pista;1;;;;;;;;;;0;2;;;
21/12/2013;17:48:00;155;sem vítima;280,1;BR-101/RJ;Sul;Colisão Lateral;3;;;;;;;;;;3;;;;
21/02/2014;13:02:00;121;com vítima;280;BR-101/RJ;Sul;Queda de Moto;;;;1;;;;;;;0;1;1;;
26/03/2014;12:58:00;105;com vítima;280;BR-101/RJ;Norte;Colisão Traseira;1;;;1;;;;;;;1;1;1;;
29/03/2014;13:01:00;120;com vítima;280;BR-101/RJ;Norte;Saida de Pista;1;;;;;;;;;;0;;1;;
23/04/2014;15:15:00;110;com vítima;280;BR-101/RJ;Norte;Queda de Moto;;;;1;;;;;;;1;1;;;
30/04/2014;11:34:00;84;sem vítima;280;BR-101/RJ;Norte;Engavetamento;3;;;;;;;;;;6;;;;
30/06/2014;14:47:00;119;com vítima;280,646;BR-101/RJ;Sul;Choque - Poste;;;1;;;;;;;;0;2;;;
08/07/2014;19:09:00;123;sem vítima;280;BR-101/RJ;Norte;Saida de Pista;1;;;;;;;;;;3;;;;
02/12/2014;08:19:00;57;com vítima;280,05;BR-101/RJ;Sul;Saida de Pista;1;;1;;;;;;;;1;1;;;
06/01/2015;12:08:00;66;sem vítima;280;BR-101/RJ;Sul;Colisão Traseira;1;;1;;;;;;;;3;;;;
14/02/2015;12:43:00;169;com vítima;280,318;BR-101/RJ;Norte;Atropelamento - Morador;1;;;;;;;;;;1;1;0;0;0
19/02/2015;00:34:00;4;sem vítima;280;BR-101/RJ;Sul;Colisão Traseira;4;;;;;;;;;;10;0;0;0;0
22/05/2015;20:35:00;210;com vítima;280;BR-101/RJ;Sul;Colisão Traseira;;;;;;1;;;;1;4;1;;;
29/08/2015;06:00:00;24;com vítima;280,601;BR-101/RJ;Sul;Colisão Traseira;2;;;;;;;;;;0;2;;;
04/01/2010;13:34:00;149;sem vítima;281;BR-101/RJ;Sul;Colisão Traseira;1;;;;;1;;;;;2;;;;
16/01/2010;23:59:00;216;sem vítima;281;BR-101/RJ;Sul;Capotamento;1;;;;;;;;;;1;;;;
16/02/2010;18:17:00;230;com vítima;281;BR-101/RJ;Sul;Outros;1;;;;;;;;;;1;;1;;
01/03/2010;06:32:00;34;sem vítima;281;BR-101/RJ;Sul;Saida de Pista;1;;;;;;;;;;1;;;;
07/04/2010;12:06:00;85;com vítima;281;BR-101/RJ;Sul;Atropelamento - Ciclista;;1;;;;1;;;;;1;;1;;
07/04/2010;12:29:00;88;sem vítima;281;BR-101/RJ;Norte;Colisão Lateral;;;1;;;;;;;1;2;;;;
14/08/2010;10:00:00;69;sem vítima;281;BR-101/RJ;Norte;Colisão Traseira;2;;;;;;;;;;3;;;;
20/08/2010;15:00:00;121;sem vítima;281;BR-101/RJ;Norte;Colisão Traseira;2;;;;;;;;;;2;;;;
17/10/2010;20:34:00;140;sem vítima;281;BR-101/RJ;Norte;Saida de Pista;1;;;;;;;;;;1;;;;
26/10/2010;18:41:00;157;com vítima;281;BR-101/RJ;Norte;Colisão Transversal;1;;;1;;;;;;;2;1;;;
06/02/2011;23:24:00;225;com vítima;281;BR-101/RJ;Norte;Atropelamento - Ciclista;;2;;;;1;;;;;1;;2;;
20/02/2011;18:31:00;164;com vítima;281,5;BR-101/RJ;Sul;Atropelamento - Ciclista;;;;;;1;;;;;1;1;1;;
16/03/2011;06:51:00;21;sem vítima;136;BR-101/RJ;Norte;Saida de Pista;1;;;;;;;;;;1;;;;
16/03/2011;07:08:00;25;com vítima;84;BR-101/RJ;Norte;Colisão Lateral;1;;;1;;;;;;;1;;1;;
08/05/2011;19:14:00;142;com vítima;281;BR-101/RJ;Norte;Colisão Lateral;2;;;;;;;;;;0;2;;;
23/05/2011;19:38:00;186;com vítima;281,79998779296875;BR-101/RJ;Sul;Atropelamento - Morador;1;;;;;;;;;;2;1;;;
23/09/2011;13:40:00;89;com vítima;281,6000061035156;BR-101/RJ;Norte;Colisão Traseira;1;;1;;1;;;;;;2;8;2;;