data;horario;n_da_ocorrencia;tipo_de_ocorrencia;km;trecho;sentido;tipo_de_acidente;automovel;bicicleta;caminhao;moto;onibus;outros;tracao_animal;transporte_de_cargas_especiais;trator_maquinas;utilitarios;ilesos;levemente_feridos;moderadamente_feridos;gravemente_feridos;mortos
26/11/2011;14:30:00;97;com vítima;281;BR-101/RJ;Norte;Choque - Defensa, barreira ou "submarino";1;;;;;1;;;;;1;1;;;
09/12/2011;19:44:00;170;com vítima;281,5;BR-101/RJ;Sul;Saida de Pista;1;;;;;;;;;;0;1;;;
25/12/2011;02:49:00;10;sem vítima;281,79998779296875;BR-101/RJ;Sul;Saida de Pista;1;;;;;;;;;;1;;;;
11/02/2012;22:09:00;178;com vítima;281,597;BR-101/RJ;Norte;Saida de Pista;1;;;;;;;;;;0;;2;;
20/02/2012;19:56:00;10;com vítima;281;BR-101/RJ;Sul;Atropelamento - Andarilho;1;1;;;;;;;;;1;1;;;
24/02/2012;11:08:00;64;com vítima;281,825;BR-101/RJ;Sul;Engavetamento;4;;;;;1;;;;;14;2;;;
15/03/2012;18:31:00;154;sem vítima;281;BR-101/RJ;Sul;Saida de Pista;1;;;;;;;;;;1;;;;
08/04/2012;22:57:00;247;com vítima;281;BR-101/RJ;Norte;Atropelamento - Andarilho;;;;;;1;;;;;1;;1;;
11/06/2012;08:14:00;50;sem vítima;281;BR-101/RJ;Norte;Queda de Moto;;;;1;;;;;;;1;;;;
08/07/2012;19:32:00;138;com vítima;281,6;BR-101/RJ;Sul;Saida de Pista;1;;;;;;;;;;0;;;;1
29/07/2012;23:30:00;207;sem vítima;281;BR-101/RJ;Norte;Capotamento;1;;;;;;;;;;2;;;;
24/08/2012;11:29:00;88;sem vítima;281;BR-101/RJ;Sul;Colisão Traseira;2;;;;;;;;;;4;;;;
04/09/2012;19:18:00;162;com vítima;281,755;BR-101/RJ;Norte;Atropelamento de Animal;1;;;;;;;;;;1;;2;;
05/09/2012;18:16:00;173;sem vítima;281;BR-101/RJ;Sul;Colisão Traseira;2;;;;;;;;;;2;;;;
10/09/2012;06:30:00;40;com vítima;281;BR-101/RJ;Sul;Atropelamento - Morador;;;;1;;;;;;;1;1;;;
26/09/2012;16:42:00;103;sem vítima;281;BR-101/RJ;Sul;Colisão Traseira;2;;;;;;;;;;4;;;;
30/09/2012;14:20:00;95;sem vítima;281;BR-101/RJ;Sul;Colisão Traseira;1;;;;;1;;;;;3;;;;
15/10/2012;11:50:00;85;sem vítima;281;BR-101/RJ;Sul;Engavetamento;6;;;;;;;;;;17;;;;
16/10/2012;15:35:00;150;com vítima;281,1;BR-101/RJ;Sul;Atropelamento - Morador;1;;;;;;;;;;1;2;;;
18/10/2012;17:51:00;157;com vítima;281,701;BR-101/RJ;Norte;Colisão Traseira;1;;2;;;;;;;;4;1;;;
29/10/2012;04:51:00;23;com vítima;281,479;BR-101/RJ;Sul;Queda de Moto;;;;1;;;;;;;0;;1;;
04/11/2012;17:54:00;138;sem vítima;281;BR-101/RJ;Sul;Colisão Traseira;2;;;;;;;;;;2;;;;
07/11/2012;15:01:00;107;sem vítima;281;BR-101/RJ;Sul;Colisão Traseira;1;;;;;1;;;;;3;;;;
19/12/2012;12:50:00;98;sem vítima;281;BR-101/RJ;Sul;Choque - Defensa, barreira ou "submarino";1;;;;;;;;;;3;;;;
09/01/2013;11:15:00;106;com vítima;281;BR-101/RJ;Norte;Queda de Moto;;;;1;;;;;;;0;2;;;
19/03/2013;04:46:00;12;sem vítima;281,1;BR-101/RJ;Norte;Saida de Pista;1;;;;;;;;;;2;;;;
24/03/2013;18:58:00;149;sem vítima;281;BR-101/RJ;Sul;Colisão Traseira;1;;;;1;;;;;;3;;;;
24/03/2013;19:13:00;154;sem vítima;281;BR-101/RJ;Sul;Colisão Traseira;1;;;;;1;;;;;3;;;;
15/04/2013;12:05:00;103;com vítima;281;BR-101/RJ;Sul;Colisão Traseira;1;;;;;;;;;1;7;1;;;
23/04/2013;18:30:00;158;com vítima;281,9;BR-101/RJ;Sul;Atropelamento - Morador;1;;;;;;;;;;4;;;;1
18/06/2013;22:21:00;192;com vítima;281,1;BR-101/RJ;Norte;Atropelamento - Andarilho;;;;1;;;;;;;0;;1;1;
24/06/2013;19:38:00;142;com vítima;281,339;BR-101/RJ;Norte;Atropelamento - Morador;;;1;;;;;;;;1;;;;1
29/06/2013;08:35:00;50;com vítima;281;BR-101/RJ;Norte;Saida de Pista;1;;;;;;;;;;0;;1;;
14/07/2013;18:23:00;152;com vítima;281;BR-101/RJ;Sul;Colisão Traseira;2;;;;;;;;;;5;1;;;
23/07/2013;13:44:00;89;com vítima;281;BR-101/RJ;Sul;Colisão Traseira;2;;;;;;;;;;2;2;;;
07/08/2013;13:37:00;90;com vítima;281,75;BR-101/RJ;Sul;Saida de Pista;1;;;;;;;;;;0;;1;1;
25/08/2013;03:00:00;16;com vítima;281,141;BR-101/RJ;Norte;Atropelamento de Animal;1;;;;;;;;;;0;1;;;
25/08/2013;03:00:00;17;com vítima;281,148;BR-101/RJ;Norte;Atropelamento de Animal;1;;;;;;;;;;0;1;;;
26/08/2013;00:16:00;3;com vítima;281,502;BR-101/RJ;Sul;Colisão Traseira;1;;;1;;;;;;;1;2;;;
08/09/2013;17:01:00;143;sem vítima;281;BR-101/RJ;Sul;Colisão Traseira;2;;;;;;;;;;7;;;;
13/09/2013;21:28:00;196;com vítima;281,169;BR-101/RJ;Norte;Atropelamento - Morador;1;;;;;;;;;;2;;;;1
22/09/2013;19:00:00;145;sem vítima;281;BR-101/RJ;Sul;Engavetamento;2;;;;;1;;;;;3;;;;
05/10/2013;12:14:00;80;com vítima;281,252;BR-101/RJ;Sul;Queda de Moto;;;;1;;;;;;;0;1;;;
28/10/2013;15:16:00;111;sem vítima;281,78;BR-101/RJ;Sul;Colisão Transversal;1;;;1;;1;;;;;4;;;;
31/10/2013;17:26:00;109;sem vítima;281;BR-101/RJ;Sul;Colisão Lateral;1;;1;;;;;;;;2;;;;
14/11/2013;17:49:00;154;com vítima;281;BR-101/RJ;Norte;Queda de Moto;;1;;1;;;;;;;1;;1;;
20/11/2013;17:33:00;109;com vítima;281,8;BR-101/RJ;Sul;Colisão Traseira;1;;1;;;;;;;;1;2;;;
08/01/2014;12:11:00;101;sem vítima;281;BR-101/RJ;Sul;Engavetamento;3;;;;;;;;;1;9;;;;
08/01/2014;18:36:00;170;sem vítima;281,3;BR-101/RJ;Sul;Engavetamento;4;;;;;;;;;;7;;;;
09/01/2014;15:56:00;140;sem vítima;281;BR-101/RJ;Sul;Colisão Traseira;;;2;;;;;;;;4;;;;
12/01/2014;21:52:00;217;sem vítima;281;BR-101/RJ;Norte;Atropelamento de Animal;;;;;;;;;;1;2;;;;
16/01/2014;14:40:00;120;sem vítima;281;BR-101/RJ;Sul;Colisão Traseira;1;;;;;1;;;;;3;;;;
03/02/2014;00:03:00;1;com vítima;281;BR-101/RJ;Sul;Colisão Lateral;1;;;1;;;;;;;2;1;;;
14/02/2014;11:29:00;106;sem vítima;281;BR-101/RJ;Sul;Engavetamento;4;;;;2;;;;;;9;;;;
06/03/2014;17:21:00;183;com vítima;281;BR-101/RJ;Sul;Engavetamento;2;;;;;1;;;;;4;1;;;
13/04/2014;18:24:00;147;sem vítima;281;BR-101/RJ;Norte;Saida de Pista;1;;;;;;;;;;1;;;;
27/04/2014;16:54:00;99;com vítima;281,754;BR-101/RJ;Sul;Queda de Moto;;;;1;;;;;;;0;1;;;
05/05/2014;10:44:00;75;com vítima;281,248;BR-101/RJ;Norte;Queda de Moto;;;;1;;;;;;;0;1;;;
06/05/2014;11:29:00;79;com vítima;281;BR-101/RJ;Norte;Colisão Traseira;2;;;;;;;;;;6;;1;;
22/06/2014;12:28:00;63;sem vítima;281;BR-101/RJ;Sul;Colisão Traseira;1;;;;;1;;;;;5;;;;
20/07/2014;18:03:00;133;com vítima;281,955;BR-101/RJ;Sul;Colisão Lateral;1;;1;1;;;;;;;2;;2;;
24/07/2014;16:28:00;139;com vítima;281,588;BR-101/RJ;Sul;Colisão Lateral;;;;1;;1;;;;;1;1;1;;
01/08/2014;18:43:00;147;com vítima;281,605;BR-101/RJ;Sul;Queda de Moto;;;;1;;;;;;;0;1;1;;
14/08/2014;17:24:00;118;sem vítima;281;BR-101/RJ;Norte;Saida de Pista;1;;;;;;;;;;1;;;;
05/09/2014;17:51:00;151;sem vítima;281,569;BR-101/RJ;Sul;Colisão Traseira;2;;;;;;;;;;2;;;;
07/09/2014;16:02:00;98;com vítima;281;BR-101/RJ;Norte;Capotamento;1;;;;;;;;;;0;;2;;
19/09/2014;13:04:00;105;sem vítima;281;BR-101/RJ;Norte;Choque - Defensa, barreira ou "submarino";1;;;;;;;;;;1;;;;
01/11/2014;05:53:00;35;sem vítima;281;BR-101/RJ;Norte;Colisão Traseira;1;;;;;1;;;;;2;;;;
14/12/2014;02:57:00;22;sem vítima;281;BR-101/RJ;Norte;Colisão Traseira;2;;;;;;;;;;6;;;;
08/01/2015;17:21:00;134;sem vítima;281;BR-101/RJ;Norte;Choque - Outros;1;;;;;;;;;;1;;;;
05/04/2015;10:36:00;53;sem vítima;281,75;BR-101/RJ;Sul;Colisão Traseira;1;;;;;1;;;;;2;;;;
28/06/2015;12:01:00;59;sem vítima;281,162;BR-101/RJ;Sul;Colisão Lateral;2;;;;;;;;;;9;;;;
01/08/2015;10:03:00;65;sem vítima;281,567;BR-101/RJ;Sul;Engavetamento;3;;;;;;;;;1;8;;;;
18/09/2015;09:39:00;111;com vítima;281;BR-101/RJ;Sul;Queda de Moto;;;;1;;;;;;;0;2;;;
26/09/2015;17:36:00;190;sem vítima;281;BR-101/RJ;Norte;Choque - Defensa, barreira ou "submarino";1;;;;;;;;;;4;;;;
27/09/2015;12:49:00;79;com vítima;281,34;BR-101/RJ;Norte;Choque - Defensa, barreira ou "submarino";1;;;;;;;;;;0;2;;;
12/10/2015;17:30:00;140;sem vítima;281,8;BR-101/RJ;Sul;Colisão Lateral;1;;;;1;;;;;;7;;;;
09/11/2015;11:33:00;107;com vítima;281;BR-101/RJ;Sul;Colisão Traseira;1;;1;;;;;;;;2;1;;;
19/12/2015;15:25:00;188;sem vítima;281;BR-101/RJ;Norte;Colisão Traseira;1;;1;;;;;;;;2;;;;
08/01/2010;00:52:00;1;sem vítima;282;BR-101/RJ;Norte;Saida de Pista;1;;;;;;;;;;5;;;;
10/01/2010;05:01:00;19;com vítima;282;BR-101/RJ;Norte;Capotamento;1;;;;;;;;;;2;;1;1;1
12/02/2010;10:38:00;103;sem vítima;282;BR-101/RJ;Norte;Capotamento;1;;;;;;;;;;3;;;;
06/03/2010;19:25:00;170;sem vítima;282;BR-101/RJ;Sul;Colisão Traseira;2;;;;;;;;;;3;;;;
10/04/2010;22:42:00;186;com vítima;282;BR-101/RJ;Norte;Colisão Lateral;1;;;;;1;;;;;1;6;1;;
16/04/2010;22:06:00;188;sem vítima;282;BR-101/RJ;Sul;Colisão Traseira;1;;;;;1;;;;;3;;;;
23/05/2010;05:15:00;27;com vítima;282,5;BR-101/RJ;Norte;Capotamento;1;;;;;;;;;;0;1;;;
06/06/2010;17:41:00;129;sem vítima;282;BR-101/RJ;Sul;Colisão Traseira;1;;;;;;;;;1;10;;;;
18/06/2010;13:03:00;110;sem vítima;282;BR-101/RJ;Norte;Colisão Traseira;1;;1;;;;;;;;2;;;;
22/06/2010;20:50:00;147;sem vítima;282;BR-101/RJ;Sul;Colisão Traseira;2;;;;;;;;;;4;;;;
25/07/2010;15:49:00;102;sem vítima;282;BR-101/RJ;Sul;Colisão Traseira;1;;;;;;;;;1;6;;;;
25/07/2010;16:11:00;106;com vítima;282;BR-101/RJ;Sul;Atropelamento - Ciclista;1;1;;;;;;;;;2;;1;;
07/08/2010;04:01:00;20;com vítima;282;BR-101/RJ;Norte;Atropelamento de Animal;2;;;;;;;;;;2;;1;;
21/08/2010;15:47:00;123;sem vítima;282;BR-101/RJ;Norte;Atropelamento de Animal;1;;;;;;;;;;1;;;;
05/09/2010;08:16:00;42;sem vítima;282;BR-101/RJ;Norte;Colisão Lateral;2;;;;;;;;;;9;;;;
11/09/2010;19:15:00;162;sem vítima;282;BR-101/RJ;Norte;Colisão Lateral;1;;;;1;;;;;;45;;;;
10/10/2010;10:21:00;78;sem vítima;282;BR-101/RJ;Sul;Colisão Lateral;1;;;;;;;;;;1;;;;
13/10/2010;01:55:00;3;com vítima;282;BR-101/RJ;Sul;Colisão Traseira;1;;2;;;;;;;;1;3;;;
21/11/2010;10:28:00;52;sem vítima;282;BR-101/RJ;Sul;Colisão Lateral;2;;;;;;;;;;5;;;;
12/12/2010;17:22:00;137;sem vítima;282;BR-101/RJ;Sul;Engavetamento;3;;;;;;;;;;3;;;;
21/12/2010;21:42:00;219;com vítima;282;BR-101/RJ;Sul;Colisão Transversal;1;;1;;;;;;;;1;;1;;
01/01/2011;19:18:00;135;com vítima;282;BR-101/RJ;Norte;Capotamento;1;;;;;;;;;;0;4;1;;
02/01/2011;18:14:00;163;sem vítima;282;BR-101/RJ;Norte;Queda de Moto;;;;1;;;;;;;1;;;;
03/01/2011;06:37:00;72;sem vítima;282;BR-101/RJ;Sul;Saida de Pista;1;;;;;;;;;;2;;;;
16/01/2011;21:00:00;232;sem vítima;282;BR-101/RJ;Sul;Colisão Traseira;2;;;;;;;;;;2;;;;
29/01/2011;07:55:00;40;sem vítima;282,5;BR-101/RJ;Norte;Saida de Pista;;;;;;;;;;1;5;;;;
18/02/2011;10:34:00;68;sem vítima;282;BR-101/RJ;Norte;Colisão Traseira;3;;;;;;;;;;4;;;;
28/02/2011;01:21:00;12;com vítima;282;BR-101/RJ;Norte;Queda de Moto;;;;1;;;;;;;0;1;;;
07/08/2011;23:40:00;182;com vítima;282,29998779296875;BR-101/RJ;Sul;Saida de Pista;1;;;;;;;;;;0;;1;1;
27/09/2011;08:08:00;37;sem vítima;282;BR-101/RJ;Sul;Colisão Lateral;2;;;;;;;;;;4;;;;
25/10/2011;00:55:00;4;sem vítima;282;BR-101/RJ;Sul;Colisão Traseira;;;1;;1;;;;;;3;;;;
16/11/2011;20:10:00;145;sem vítima;282,79998779296875;BR-101/RJ;Norte;Colisão Frontal;1;;1;;;;;;;;2;;;;
05/12/2011;09:14:00;70;sem vítima;282;BR-101/RJ;Norte;Colisão Lateral;1;;;;1;;;;;;2;;;;
06/12/2011;20:45:00;210;sem vítima;282;BR-101/RJ;Norte;Saida de Pista;1;;;;;;;;;;3;;;;
27/12/2011;19:05:00;191;com vítima;282,5;BR-101/RJ;Norte;Capotamento;;;1;;;;;;;;0;;;2;
13/01/2012;01:18:00;9;com vítima;282;BR-101/RJ;Norte;Capotamento;1;;;;;;;;;;0;1;;;
18/02/2012;10:21:00;138;sem vítima;282;BR-101/RJ;Norte;Engavetamento;1;;2;;;;;;;;10;;;;
26/02/2012;10:10:00;60;com vítima;282;BR-101/RJ;Sul;Queda de Moto;;;;1;;;;;;;0;1;;;
25/03/2012;20:01:00;146;com vítima;282;BR-101/RJ;Norte;Colisão Traseira;1;;;;;;;;;;1;1;1;;
02/05/2012;14:38:00;136;sem vítima;282;BR-101/RJ;Norte;Colisão Lateral;;;2;;;;;;;;4;;;;
21/05/2012;01:59:00;10;com vítima;282;BR-101/RJ;Sul;Saida de Pista;1;;;;;;;;;;1;1;;;
22/05/2012;06:21:00;23;com vítima;282;BR-101/RJ;Norte;Tombamento;;;1;;;;;;;;0;1;;;
31/05/2012;11:23:00;92;sem vítima;282,7;BR-101/RJ;Sul;Colisão Lateral;1;;1;;;;;;;;3;;;;
16/06/2012;15:16:00;129;com vítima;282;BR-101/RJ;Norte;Capotamento;1;;;;;;;;;;1;1;;;
20/06/2012;21:19:00;173;sem vítima;282,5;BR-101/RJ;Norte;Tombamento;;;1;;;;;;;;1;;;;
22/06/2012;18:00:00;124;com vítima;282,58;BR-101/RJ;Sul;Atropelamento - Ciclista;1;1;;;;;;;;;1;;1;;
22/06/2012;21:44:00;160;com vítima;282,75;BR-101/RJ;Sul;Saida de Pista;1;;;;;;;;;;0;1;1;;
01/07/2012;01:22:00;5;com vítima;282,7;BR-101/RJ;Norte;Capotamento;1;;;;;;;;;;0;;2;1;
29/07/2012;16:12:00;131;sem vítima;282,246;BR-101/RJ;Sul;Engavetamento;4;;;;;;;;;;11;;;;
14/08/2012;20:06:00;185;sem vítima;282,6;BR-101/RJ;Norte;Engavetamento;3;;;;;;;;;;9;;;;
18/08/2012;19:53:00;141;sem vítima;282,822;BR-101/RJ;Norte;Queda de Moto;;;;1;;;;;;;1;;;;
31/08/2012;18:32:00;181;sem vítima;282;BR-101/RJ;Norte;Colisão Lateral;1;;1;;;;;;;;5;;;;
02/09/2012;18:50:00;138;sem vítima;282;BR-101/RJ;Sul;Colisão Traseira;2;;;;;;;;;;2;;;;
02/09/2012;11:08:00;48;com vítima;282,7;BR-101/RJ;Norte;Colisão Frontal;2;;;;;;;;;;4;3;;;
16/09/2012;00:28:00;4;com vítima;282;BR-101/RJ;Norte;Queda de Moto;;;;1;;;;;;;0;;1;;
21/09/2012;16:56:00;143;sem vítima;282;BR-101/RJ;Sul;Colisão Frontal;2;;;;;;;;;;6;;;;
14/10/2012;06:25:00;26;sem vítima;282,9;BR-101/RJ;Sul;Saida de Pista;;;;;;;;;;1;2;;;;
21/10/2012;21:47:00;189;com vítima;282,446;BR-101/RJ;Norte;Colisão Lateral;1;;;1;;;;;;;1;2;;;
29/10/2012;16:40:00;147;sem vítima;282;BR-101/RJ;Sul;Colisão Traseira;2;;;;;;;;;;2;;;;
16/11/2012;17:10:00;112;com vítima;282,7;BR-101/RJ;Norte;Queda de Moto;;;;1;;;;;;;0;;;1;
20/11/2012;08:14:00;48;sem vítima;282,5;BR-101/RJ;Sul;Queda de Moto;;;;1;;;;;;;1;;;;
24/12/2012;02:58:00;16;sem vítima;282,6;BR-101/RJ;Norte;Choque - Defensa, barreira ou "submarino";1;;;;;;;;;;2;;;;
31/12/2012;18:08:00;129;sem vítima;282,95;BR-101/RJ;Sul;Colisão Lateral;1;;;;;;;;;;1;;;;
23/03/2013;03:11:00;15;sem vítima;282,935;BR-101/RJ;Norte;Capotamento;1;;;;;;;;;;2;;;;
03/04/2013;19:14:00;142;com vítima;282,8;BR-101/RJ;Norte;Saida de Pista;;;1;;;;;;;;0;1;1;;
20/04/2013;08:49:00;59;sem vítima;282;BR-101/RJ;Norte;Engavetamento;3;;;;;;;;;;8;;;;
01/06/2013;03:53:00;17;sem vítima;282;BR-101/RJ;Sul;Saida de Pista;1;;;;;;;;;;2;;;;
10/06/2013;18:05:00;142;sem vítima;282,5;BR-101/RJ;Sul;Saida de Pista;1;;;;;;;;;;1;;;;
05/08/2013;01:46:00;11;com vítima;282,559;BR-101/RJ;Sul;Queda de Moto;;;;1;;;;;;;0;1;1;;
23/08/2013;05:52:00;19;sem vítima;282,8;BR-101/RJ;Norte;Saida de Pista;1;;;;;;;;;;1;;;;
21/09/2013;08:13:00;37;com vítima;282,766;BR-101/RJ;Norte;Queda de Moto;;;;1;;;;;;;0;1;;;
31/10/2013;02:10:00;8;com vítima;282,734;BR-101/RJ;Sul;Tombamento;;;1;;;;;;;;0;;;1;
24/11/2013;08:55:00;49;sem vítima;282;BR-101/RJ;Sul;Colisão Lateral;1;;1;;;;;;;;2;;;;
12/12/2013;22:23:00;213;sem vítima;282;BR-101/RJ;Sul;Colisão Traseira;2;;;;;;;;;;2;;;;
25/12/2013;16:42:00;128;com vítima;282,495;BR-101/RJ;Sul;Saida de Pista;1;;;;;;;;;;0;5;;;
26/12/2013;15:07:00;169;com vítima;282,66;BR-101/RJ;Sul;Saida de Pista;;;;1;;;;;;;0;;;1;
01/01/2014;06:08:00;28;sem vítima;282,951;BR-101/RJ;Sul;Choque - Defensa, barreira ou "submarino";1;;;;;;;;;;1;;;;
02/01/2014;18:48:00;178;com vítima;282,931;BR-101/RJ;Sul;Queda de Moto;;;;1;;;;;;;0;;2;;
02/02/2014;09:59:00;57;sem vítima;282;BR-101/RJ;Sul;Saida de Pista;1;;;;;;;;;;2;;;;
07/03/2014;12:39:00;118;sem vítima;282;BR-101/RJ;Sul;Colisão Traseira;2;;;;;;;;;;8;;;;
21/03/2014;03:49:00;10;sem vítima;282,654;BR-101/RJ;Sul;Saida de Pista;;;1;;;;;;;;1;;;;
06/04/2014;06:04:00;25;sem vítima;282,712;BR-101/RJ;Norte;Saida de Pista;1;;;;;;;;;;3;;;;
09/04/2014;02:34:00;14;sem vítima;282,694;BR-101/RJ;Norte;Choque - Defensa, barreira ou "submarino";;;1;;;;;;;;1;;;;
24/04/2014;21:47:00;169;sem vítima;282;BR-101/RJ;Sul;Colisão Traseira;2;;;;;;;;;;5;;;;
27/04/2014;03:44:00;12;com vítima;282,9;BR-101/RJ;Sul;Saida de Pista;;;;;;;;;;1;0;2;2;;
29/04/2014;16:37:00;131;sem vítima;282;BR-101/RJ;Norte;Colisão Traseira;1;;;;;1;;;;;2;;;;
03/05/2014;14:23:00;78;com vítima;282,603;BR-101/RJ;Norte;Choque - Arvore;;;;1;;;;;;;0;;1;;
03/05/2014;11:33:00;57;com vítima;282,731;BR-101/RJ;Norte;Queda de Moto;;;;1;;;;;;;0;;2;;
31/05/2014;16:05:00;108;sem vítima;282;BR-101/RJ;Norte;Colisão Lateral;1;;1;;;;;;;;5;;;;
31/05/2014;10:16:00;60;com vítima;282,438;BR-101/RJ;Norte;Outros;1;;;;;;1;;;;7;2;;;
15/06/2014;12:23:00;62;com vítima;282,8;BR-101/RJ;Norte;Queda de Moto;;;;1;;;;;;;0;;2;;
29/06/2014;18:43:00;137;sem vítima;282,22;BR-101/RJ;Norte;Saida de Pista;1;;;;;;;;;;4;;;;
31/08/2014;14:27:00;66;sem vítima;282;BR-101/RJ;Norte;Capotamento;1;;;;;;;;;;1;;;;
20/09/2014;20:15:00;165;com vítima;282,742;BR-101/RJ;Norte;Capotamento;1;;;;;;;;;;0;3;1;;
27/09/2014;15:36:00;114;com vítima;282;BR-101/RJ;Norte;Atropelamento - Morador;1;;;;;;;;;;1;;1;;
28/09/2014;20:52:00;141;com vítima;282;BR-101/RJ;Sul;Saida de Pista;1;;;;;;;;;;0;1;;;
19/11/2014;05:42:00;21;sem vítima;282;BR-101/RJ;Norte;Atropelamento de Animal;1;;;;;;;;;;3;;;;
23/12/2014;14:00:00;112;sem vítima;282;BR-101/RJ;Norte;Saida de Pista;1;;;;;;;;;;1;;;;
11/01/2015;17:38:00;115;sem vítima;282;BR-101/RJ;Sul;Engavetamento;4;;;;;1;;;;;11;;;;
15/01/2015;17:31:00;134;sem vítima;282;BR-101/RJ;Sul;Saida de Pista;1;;;;;;;;;;1;;;;
18/01/2015;19:45:00;185;sem vítima;282;BR-101/RJ;Norte;Queda de Moto;;;;1;;;;;;;1;;;;
13/02/2015;17:02:00;175;com vítima;282;BR-101/RJ;Norte;Colisão Frontal;2;;;;;;;;;;2;1;0;0;0
14/02/2015;23:19:00;305;sem vítima;282;BR-101/RJ;Norte;Colisão Traseira;2;;;;;;;;;;9;0;0;0;0
07/03/2015;12:08:00;99;com vítima;282;BR-101/RJ;Norte;Queda de Moto;;;;1;;;;;;;0;0;1;1;0
18/03/2015;11:19:00;96;com vítima;282,791;BR-101/RJ;Norte;Queda de Moto;;;;1;;;;;;;0;0;1;0;0
03/04/2015;08:16:00;45;com vítima;282,8;BR-101/RJ;Norte;Queda de Moto;;;;1;;;;;;;0;2;;;
05/04/2015;17:13:00;132;sem vítima;282;BR-101/RJ;Sul;Engavetamento;1;;;;;2;;;;;3;;;;
09/05/2015;11:30:00;84;com vítima;282,237;BR-101/RJ;Norte;Queda de Moto;;;;1;;;;;;;0;1;;;
09/05/2015;12:29:00;92;com vítima;282,898;BR-101/RJ;Sul;Queda de Moto;;;;1;;;;;;;0;1;;;
29/05/2015;00:37:00;1;sem vítima;282,75;BR-101/RJ;Norte;Choque - Defensa, barreira ou "submarino";1;;;;;;;;;;1;;;;
07/06/2015;07:39:00;32;com vítima;282,772;BR-101/RJ;Norte;Colisão Frontal;2;;;;;;;;;;0;5;;;
26/06/2015;14:24:00;133;sem vítima;282;BR-101/RJ;Norte;Colisão Traseira;2;;;;;;;;;;5;;;;
14/08/2015;08:19:00;53;sem vítima;282,919;BR-101/RJ;Sul;Engavetamento;2;;;;;;;;;1;6;;;;
24/08/2015;04:28:00;21;sem vítima;282;BR-101/RJ;Sul;Colisão Traseira;2;;;;;;;;;;3;;;;
28/08/2015;14:43:00;127;sem vítima;282;BR-101/RJ;Sul;Colisão Lateral;1;;1;;;;;;;;5;;;;
30/08/2015;16:03:00;99;com vítima;282;BR-101/RJ;Sul;Engavetamento;3;;;;;;;;;;12;1;;;
10/09/2015;17:46:00;165;sem vítima;282,87;BR-101/RJ;Norte;Colisão Lateral;2;;;;;;;;;;4;;;;
16/09/2015;07:32:00;44;sem vítima;282,714;BR-101/RJ;Norte;Choque - Defensa, barreira ou "submarino";1;;;;;;;;;;1;;;;
16/10/2015;07:06:00;49;com vítima;282,774;BR-101/RJ;Norte;Queda de Moto;;;;1;;;;;;;0;1;;;
02/11/2015;00:54:00;6;com vítima;282,8;BR-101/RJ;Norte;Queda de Moto;;;;1;;;;;;;0;2;;;
05/01/2010;15:20:00;121;sem vítima;283;BR-101/RJ;Norte;Colisão Lateral;1;;1;;;;;;;;4;;;;
18/01/2010;23:03:00;197;sem vítima;283;BR-101/RJ;Norte;Colisão Lateral;1;;1;;;;;;;;6;;;;
22/01/2010;17:10:00;149;com vítima;283;BR-101/RJ;Norte;Queda de Moto;;;;1;;;;;;;0;;1;;
23/01/2010;17:05:00;146;sem vítima;283;BR-101/RJ;Norte;Saida de Pista;1;;;;;;;;;;3;;;;
24/01/2010;06:57:00;31;sem vítima;283;BR-101/RJ;Norte;Saida de Pista;1;;;;;;;;;;1;;;;
14/02/2010;22:57:00;248;sem vítima;283;BR-101/RJ;Norte;Tombamento;;;1;;;;;;;;3;;;;
27/02/2010;14:58:00;118;com vítima;283;BR-101/RJ;Norte;Colisão Traseira;1;;;1;;;;;;;2;;1;;
12/03/2010;15:31:00;126;sem vítima;283;BR-101/RJ;Norte;Saida de Pista;;;1;;;;;;;;5;;;;
11/04/2010;00:03:00;2;sem vítima;283;BR-101/RJ;Norte;Saida de Pista;;;;;;;;;;1;1;;;;
19/04/2010;20:50:00;220;com vítima;283;BR-101/RJ;Norte;Capotamento;1;;;;;;;;;;2;1;;;
22/04/2010;17:21:00;156;sem vítima;283;BR-101/RJ;Sul;Colisão Lateral;1;;1;;;;;;;;3;;;;
22/04/2010;19:29:00;174;com vítima;283;BR-101/RJ;Sul;Capotamento;1;;;;;;;;;;0;4;;;
30/04/2010;21:15:00;163;sem vítima;283;BR-101/RJ;Sul;Colisão Lateral;1;;1;;;;;;;;5;;;;
03/05/2010;14:16:00;103;sem vítima;283;BR-101/RJ;Sul;Colisão Lateral;1;;1;;;;;;;;4;;;;
03/05/2010;15:57:00;129;sem vítima;283;BR-101/RJ;Sul;Colisão Traseira;1;;1;;;;;;;;2;;;;
05/05/2010;14:27:00;111;com vítima;283;BR-101/RJ;Sul;Engavetamento;4;;;;;;;;;;8;;1;;
13/05/2010;16:38:00;113;sem vítima;283;BR-101/RJ;Sul;Colisão Lateral;1;;1;;;;;;;;4;;;;
19/05/2010;09:26:00;41;sem vítima;283;BR-101/RJ;Sul;Colisão Traseira;5;;;;;1;;;;;7;;;;
25/05/2010;18:03:00;134;sem vítima;283;BR-101/RJ;Sul;Colisão Lateral;1;;1;;;;;;;;3;;;;
12/06/2010;07:17:00;34;sem vítima;283;BR-101/RJ;Sul;Colisão Lateral;1;;;;1;;;;;;2;;;;
16/06/2010;06:41:00;32;sem vítima;283;BR-101/RJ;Sul;Saida de Pista;1;;;;;;;;;;3;;;;