data;horario;n_da_ocorrencia;tipo_de_ocorrencia;km;trecho;sentido;tipo_de_acidente;automovel;bicicleta;caminhao;moto;onibus;outros;tracao_animal;transporte_de_cargas_especiais;trator_maquinas;utilitarios;ilesos;levemente_feridos;moderadamente_feridos;gravemente_feridos;mortos
09/09/2015;19:04:00;184;sem vítima;285;BR-101/RJ;Sul;Choque - Defensa, barreira ou "submarino";1;;;;;;;;;;1;;;;
12/09/2015;00:22:00;2;sem vítima;285,7;BR-101/RJ;Sul;Saida de Pista;1;;;;;;;;;;4;;;;
12/09/2015;01:28:00;7;sem vítima;285,757;BR-101/RJ;Sul;Choque - Defensa, barreira ou "submarino";1;;;;;;;;;;2;;;;
13/09/2015;11:05:00;67;com vítima;285,263;BR-101/RJ;Sul;Choque - Outros;1;;;;;;;;;;0;2;1;;
13/09/2015;11:29:00;71;sem vítima;285,633;BR-101/RJ;Sul;Choque - Defensa, barreira ou "submarino";1;;;;;;;;;;1;;;;
06/11/2015;02:00:00;11;com vítima;285;BR-101/RJ;Norte;Queda de Moto;;;;1;;;;;;;0;2;;;
05/12/2015;22:19:00;224;sem vítima;285;BR-101/RJ;Norte;Saida de Pista;1;;;;;;;;;;2;;;;
18/12/2015;08:02:00;56;sem vítima;285,87;BR-101/RJ;Sul;Saida de Pista;1;;;;;;;;;;4;;;;
24/12/2015;01:41:00;17;sem vítima;285;BR-101/RJ;Norte;Choque - Outros;1;;;;;;;;;;3;;;;
03/01/2010;13:49:00;112;sem vítima;286;BR-101/RJ;Sul;Colisão Traseira;3;;;;;;;;;;10;;;;
03/01/2010;17:27:00;186;sem vítima;286;BR-101/RJ;Sul;Colisão Traseira;2;;;;;;;;;;2;;;;
22/01/2010;19:32:00;175;sem vítima;286;BR-101/RJ;Norte;Colisão Transversal;1;;1;;;;;;;;5;;;;
18/04/2010;08:05:00;30;com vítima;286;BR-101/RJ;Sul;Colisão Traseira;1;;;1;;;;;;;4;;1;;
17/05/2010;19:56:00;143;sem vítima;286;BR-101/RJ;Sul;Colisão Transversal;;;1;;;1;;;;;2;;;;
01/06/2010;15:02:00;110;com vítima;286,5;BR-101/RJ;Norte;Colisão Traseira;2;;;;;;;;;;3;;1;;
26/06/2010;17:50:00;135;com vítima;286;BR-101/RJ;Norte;Colisão Lateral;;1;;1;;;;;;;0;1;1;;
25/07/2010;13:08:00;77;sem vítima;286;BR-101/RJ;Sul;Colisão Traseira;2;;;;;;;;;;6;;;;
25/08/2010;06:27:00;23;com vítima;286;BR-101/RJ;Norte;Colisão Traseira;1;;2;;;;;;;;3;;2;;
25/08/2010;15:03:00;113;sem vítima;286;BR-101/RJ;Norte;Engavetamento;4;;;;;;;;;;4;;;;
26/08/2010;11:35:00;90;sem vítima;286;BR-101/RJ;Norte;Colisão Traseira;;;2;;;;;;;;3;;;;
14/09/2010;12:09:00;75;com vítima;286;BR-101/RJ;Norte;Capotamento;;;;;;;;;;1;1;;1;;
02/12/2010;16:09:00;125;sem vítima;286;BR-101/RJ;Sul;Colisão Traseira;1;;;;1;;;;;;38;;;;
21/12/2010;21:04:00;208;com vítima;286;BR-101/RJ;Sul;Saida de Pista;;;;;;;;;;1;0;;3;;
26/12/2010;13:21:00;84;sem vítima;286;BR-101/RJ;Norte;Colisão Lateral;2;;;;;;;;;;3;;;;
06/02/2011;18:39:00;164;sem vítima;286;BR-101/RJ;Sul;Colisão Traseira;2;;;;;;;;;;2;;;;
17/03/2011;02:51:00;12;com vítima;243;BR-101/RJ;Sul;Choque - Defensa, barreira ou "submarino";1;;;;;;;;;;0;1;;;
17/03/2011;06:07:00;20;com vítima;4,099999904632568;BR-101/RJ;Norte;Capotamento;1;;;;;;;;;;0;2;;;
07/05/2011;06:17:00;25;sem vítima;286;BR-101/RJ;Norte;Saida de Pista;1;;;;;;;;;;1;;;;
09/06/2011;13:23:00;106;sem vítima;286;BR-101/RJ;Sul;Colisão Lateral;1;;1;;;;;;;;5;;;;
11/08/2011;18:29:00;148;com vítima;286;BR-101/RJ;Norte;Objeto lançado contra veículo;1;;1;;;;;;;;2;1;;;
26/08/2011;18:49:00;145;sem vítima;286;BR-101/RJ;Norte;Colisão Lateral;1;;1;;;;;;;;7;;;;
04/09/2011;18:42:00;116;sem vítima;286;BR-101/RJ;Sul;Colisão Traseira;2;;;;;;;;;;3;;;;
17/09/2011;17:32:00;160;sem vítima;286;BR-101/RJ;Sul;Saida de Pista;1;;;;;;;;;;2;;;;
18/09/2011;14:33:00;89;sem vítima;286,5;BR-101/RJ;Sul;Colisão Lateral;1;;1;;;;;;;;5;;;;
22/09/2011;10:12:00;60;com vítima;286,3999938964844;BR-101/RJ;Norte;Choque - Defensa, barreira ou "submarino";1;;;;;;;;;;0;;1;;
27/10/2011;01:51:00;5;com vítima;286;BR-101/RJ;Sul;Colisão Traseira;;;2;;;;;;;;4;;2;;1
28/10/2011;11:59:00;73;com vítima;286;BR-101/RJ;Sul;Colisão Traseira;2;;;;;;;;;;1;1;1;;
15/11/2011;15:58:00;109;sem vítima;286;BR-101/RJ;Sul;Colisão Traseira;1;;;;;;;;;1;7;;;;
25/11/2011;10:05:00;62;sem vítima;286;BR-101/RJ;Sul;Colisão Traseira;;;3;;;;;;;;4;;;;
27/11/2011;05:03:00;27;sem vítima;286;BR-101/RJ;Sul;Colisão Traseira;;;2;;;;;;;;3;;;;
23/12/2011;21:51:00;244;sem vítima;286;BR-101/RJ;Sul;Colisão Traseira;1;;1;;;;;;;;2;;;;
22/01/2012;18:23:00;160;com vítima;286;BR-101/RJ;Sul;Outros - Sequência;2;;;1;;1;;;;;6;1;;;
30/01/2012;07:04:00;40;sem vítima;286;BR-101/RJ;Norte;Saida de Pista;1;;;;;;;;;;2;;;;
09/02/2012;10:57:00;55;sem vítima;286;BR-101/RJ;Norte;Colisão Lateral;1;;1;;;;;;;;2;;;;
13/02/2012;16:18:00;133;sem vítima;286;BR-101/RJ;Sul;Choque - Defensa, barreira ou "submarino";;;1;;;;;;;;3;;;;
18/02/2012;17:52:00;271;sem vítima;286,8;BR-101/RJ;Norte;Engavetamento;3;;;;;;;;;;11;;;;
27/02/2012;11:16:00;75;sem vítima;286,8;BR-101/RJ;Sul;Saida de Pista;1;;;;;;;;;;5;;;;
03/03/2012;11:15:00;74;sem vítima;286;BR-101/RJ;Sul;Colisão Traseira;1;;;;;;;;;1;5;;;;
11/03/2012;12:30:00;65;sem vítima;286,6;BR-101/RJ;Sul;Colisão Lateral;1;;1;;;;;;;;3;;;;
30/04/2012;23:41:00;152;sem vítima;286;BR-101/RJ;Norte;Choque - Defensa, barreira ou "submarino";1;;;;;;;;;;2;;;;
29/05/2012;19:24:00;165;com vítima;286;BR-101/RJ;Sul;Saida de Pista;;;;;;1;;;;1;2;1;;;
31/05/2012;13:02:00;110;sem vítima;286,5;BR-101/RJ;Norte;Colisão Traseira;1;;1;;;;;;;1;3;;;;
31/05/2012;13:24:00;115;sem vítima;286,9;BR-101/RJ;Norte;Engavetamento;1;;2;;;;;;;1;6;;;;
08/06/2012;11:18:00;87;sem vítima;286;BR-101/RJ;Sul;Saida de Pista;1;;;;;;;;;;1;;;;
10/06/2012;14:33:00;114;sem vítima;286;BR-101/RJ;Sul;Saida de Pista;1;;;;;;;;;;2;;;;
09/09/2012;18:23:00;216;sem vítima;286;BR-101/RJ;Sul;Colisão Traseira;2;;;;;;;;;;7;;;;
07/11/2012;10:07:00;60;sem vítima;286,5;BR-101/RJ;Sul;Colisão Traseira;1;;1;;;;;;;;6;;;;
09/11/2012;11:08:00;85;sem vítima;286,4;BR-101/RJ;Norte;Colisão Lateral;1;;;;;1;;;;;2;;;;
29/11/2012;08:04:00;45;com vítima;286,3;BR-101/RJ;Sul;Atropelamento de Animal;;;;1;;;;;;;0;1;;;
08/12/2012;14:55:00;160;sem vítima;286;BR-101/RJ;Norte;Colisão Traseira;2;;;;;;;;;;7;;;;
13/12/2012;10:49:00;77;com vítima;286;BR-101/RJ;Norte;Saida de Pista;1;;1;;;;;;;;0;2;;1;
19/12/2012;18:22:00;152;sem vítima;286;BR-101/RJ;Norte;Colisão Lateral;1;;1;;;;;;;;5;;;;
14/01/2013;10:46:00;75;sem vítima;286,6;BR-101/RJ;Norte;Colisão Traseira;2;;;;;;;;;;7;;;;
23/01/2013;07:19:00;38;sem vítima;286,555;BR-101/RJ;Norte;Engavetamento;3;;1;;;;;;;;12;;;;
15/02/2013;17:03:00;165;com vítima;286;BR-101/RJ;Sul;Queda de Moto;;;;1;;;;;;;0;1;;;
13/04/2013;05:41:00;28;sem vítima;286,7;BR-101/RJ;Norte;Tombamento;;;1;;;;;;;;1;;;;
20/06/2013;08:41:00;41;com vítima;286;BR-101/RJ;Norte;Atropelamento - Funcionário;1;;;;;;;;;;1;1;;;
23/06/2013;17:35:00;99;sem vítima;286,356;BR-101/RJ;Sul;Colisão Traseira;3;;;;;;;;;;3;;;;
24/07/2013;15:07:00;99;sem vítima;286;BR-101/RJ;Sul;Saida de Pista;1;;;;;;;;;;2;;;;
11/08/2013;17:06:00;118;sem vítima;286;BR-101/RJ;Sul;Engavetamento;2;;;;;1;;;;;3;;;;
18/08/2013;11:41:00;55;com vítima;286,2;BR-101/RJ;Sul;Colisão Traseira;;;;1;;1;;;;;1;;1;;
20/08/2013;10:33:00;69;sem vítima;286;BR-101/RJ;Sul;Colisão Lateral;1;;1;;;;;;;;2;;;;
26/08/2013;08:14:00;65;sem vítima;286;BR-101/RJ;Sul;Colisão Traseira;2;;;;;;;;;;2;;;;
26/08/2013;00:53:00;6;sem vítima;286,228;BR-101/RJ;Sul;Choque - Suporte de Sinalização;1;;;;;;;;;;1;;;;
04/09/2013;17:33:00;125;sem vítima;286;BR-101/RJ;Sul;Engavetamento;1;;2;;;;;;;;7;;;;
06/09/2013;12:34:00;88;sem vítima;286;BR-101/RJ;Sul;Colisão Lateral;1;;1;;;;;;;;2;;;;
08/09/2013;11:23:00;78;sem vítima;286;BR-101/RJ;Sul;Engavetamento;3;;;;;;;;;;4;;;;
13/09/2013;17:29:00;162;sem vítima;286;BR-101/RJ;Sul;Colisão Lateral;1;;;;1;;;;;;2;;;;
22/09/2013;19:21:00;149;sem vítima;286;BR-101/RJ;Sul;Colisão Traseira;2;;;;;;;;;;5;;;;
29/09/2013;18:40:00;133;sem vítima;286;BR-101/RJ;Sul;Colisão Traseira;2;;;;;;;;;;2;;;;
04/10/2013;15:28:00;125;sem vítima;286;BR-101/RJ;Sul;Colisão Lateral;1;;1;;;;;;;;2;;;;
10/10/2013;13:15:00;95;com vítima;286,767;BR-101/RJ;Norte;Capotamento;1;;;;;;;;;;0;1;1;;
21/10/2013;20:04:00;191;sem vítima;286,159;BR-101/RJ;Sul;Colisão Lateral;1;;1;;;;;;;;4;;;;
24/10/2013;18:39:00;152;sem vítima;286;BR-101/RJ;Sul;Colisão Lateral;1;;;;;1;;;;;6;;;;
24/10/2013;11:11:00;68;sem vítima;286,077;BR-101/RJ;Sul;Colisão Traseira;2;;;;;;;;;;3;;;;
26/10/2013;16:35:00;118;sem vítima;286;BR-101/RJ;Sul;Colisão Traseira;1;;;;;1;;;;;2;;;;
03/11/2013;16:35:00;133;sem vítima;286;BR-101/RJ;Sul;Colisão Traseira;2;;;;;;;;;;2;;;;
03/11/2013;16:52:00;138;sem vítima;286;BR-101/RJ;Sul;Engavetamento;2;;;;;1;;;;;8;;;;
07/11/2013;11:46:00;82;sem vítima;286;BR-101/RJ;Sul;Engavetamento;3;;1;;;;;;;;5;;;;
20/11/2013;18:26:00;122;com vítima;286;BR-101/RJ;Sul;Queda de Moto;;;;1;;;;;;;1;1;;;
25/11/2013;18:51:00;145;sem vítima;286;BR-101/RJ;Sul;Colisão Lateral;3;;;;;;;;;;6;;;;
27/11/2013;11:52:00;96;sem vítima;286;BR-101/RJ;Sul;Colisão Traseira;2;;;;;;;;;;2;;;;
27/11/2013;18:56:00;199;sem vítima;286;BR-101/RJ;Norte;Choque - Defensa, barreira ou "submarino";1;;;;;;;;;;1;;;;
01/12/2013;19:42:00;159;sem vítima;286,054;BR-101/RJ;Sul;Engavetamento;1;;;;;2;;;;;3;;;;
08/12/2013;15:11:00;119;sem vítima;286;BR-101/RJ;Sul;Colisão Traseira;1;;;;;;;;;1;2;;;;
08/12/2013;18:19:00;158;sem vítima;286;BR-101/RJ;Sul;Colisão Traseira;2;;;;;;;;;;3;;;;
11/12/2013;11:15:00;98;sem vítima;286;BR-101/RJ;Sul;Choque - Defensa, barreira ou "submarino";1;;;;;;;;;;1;;;;
18/12/2013;03:53:00;17;com vítima;286;BR-101/RJ;Sul;Colisão Traseira;1;;1;1;;1;;;;;6;1;;;
21/12/2013;20:27:00;192;sem vítima;286;BR-101/RJ;Sul;Colisão Lateral;;;2;;;;;;;;5;;;;
11/01/2014;20:54:00;224;sem vítima;286;BR-101/RJ;Sul;Saida de Pista;1;;;;;;;;;;5;;;;
27/01/2014;08:27:00;58;sem vítima;286;BR-101/RJ;Sul;Choque - Suporte de Sinalização;1;;;;;;;;;;4;;;;
29/01/2014;22:10:00;223;sem vítima;286;BR-101/RJ;Sul;Colisão Traseira;;;;1;;1;;;;;2;;;;
16/02/2014;14:49:00;83;sem vítima;286;BR-101/RJ;Sul;Engavetamento;4;;;;;;;;;;12;;;;
08/03/2014;22:42:00;216;sem vítima;286;BR-101/RJ;Sul;Colisão Lateral;1;;1;;;;;;;;5;;;;
17/03/2014;03:46:00;17;sem vítima;286;BR-101/RJ;Sul;Atropelamento de Animal;1;;;;;;;;;;1;;;;
26/03/2014;10:54:00;83;com vítima;286;BR-101/RJ;Sul;Choque - Defensa, barreira ou "submarino";1;;;;;;;;;;0;1;;;
26/03/2014;11:27:00;90;sem vítima;286;BR-101/RJ;Sul;Colisão Lateral;1;;1;;;;;;;;5;;;;
12/04/2014;21:51:00;175;sem vítima;286;BR-101/RJ;Sul;Choque - Objeto sobre a pista;1;;;;;;;;;;1;;;;
27/04/2014;04:30:00;15;sem vítima;286;BR-101/RJ;Sul;Saida de Pista;1;;;;;;;;;;1;;;;
01/05/2014;18:00:00;113;com vítima;286;BR-101/RJ;Sul;Queda de Moto;;;;1;;1;;;;;1;1;;;
03/05/2014;20:16:00;124;sem vítima;286;BR-101/RJ;Sul;Colisão Traseira;2;;;;;;;;;;5;;;;
03/05/2014;13:16:00;68;sem vítima;286,01;BR-101/RJ;Sul;Engavetamento;3;;;;;;;;;;5;;;;
06/05/2014;07:16:00;31;sem vítima;286;BR-101/RJ;Sul;Colisão Traseira;1;;1;;;;;;;;4;;;;
18/05/2014;20:37:00;150;com vítima;286;BR-101/RJ;Sul;Outros - Sequência;2;;;;;;;;;;4;1;;;
01/06/2014;03:13:00;22;sem vítima;286,34;BR-101/RJ;Norte;Atropelamento de Animal;1;;;;;;;;;;2;;;;
22/06/2014;15:15:00;91;sem vítima;286;BR-101/RJ;Sul;Colisão Traseira;2;;;;;;;;;;8;;;;
24/06/2014;23:38:00;193;sem vítima;286,16;BR-101/RJ;Norte;Choque - Defensa, barreira ou "submarino";;;1;;;;;;;;1;;;;
09/07/2014;15:07:00;119;sem vítima;286;BR-101/RJ;Norte;Choque - Defensa, barreira ou "submarino";1;;;;;;;;;;1;;;;
02/09/2014;07:02:00;28;sem vítima;286;BR-101/RJ;Norte;Colisão Traseira;;;;;2;;;;;;2;;;;
07/09/2014;07:02:00;24;sem vítima;286;BR-101/RJ;Norte;Colisão Traseira;2;;;;;;;;;;2;;;;
07/09/2014;07:17:00;26;sem vítima;286;BR-101/RJ;Norte;Colisão Traseira;2;;;;;;;;;;4;;;;
11/09/2014;10:24:00;66;com vítima;286;BR-101/RJ;Sul;Saida de Pista;1;;;;;;;;;;2;2;;;
01/10/2014;09:06:00;62;sem vítima;286;BR-101/RJ;Norte;Colisão Traseira;1;;;1;;;;;;;5;;;;
18/10/2014;16:00:00;128;sem vítima;286;BR-101/RJ;Norte;Colisão Traseira;1;;;;;;;;;1;6;;;;
30/10/2014;02:39:00;15;sem vítima;286;BR-101/RJ;Norte;Choque - Defensa, barreira ou "submarino";;;1;;;;;;;;1;;;;
01/11/2014;12:19:00;102;com vítima;286;BR-101/RJ;Sul;Colisão Traseira;1;;;;;1;;;;;1;2;;;
01/11/2014;15:30:00;138;com vítima;286,297;BR-101/RJ;Sul;Colisão Frontal;1;;1;1;;;;;;;2;;;2;2
03/11/2014;00:14:00;6;com vítima;286;BR-101/RJ;Norte;Atropelamento - Andarilho;;;;;;1;;;;;1;;1;;
05/11/2014;11:35:00;76;sem vítima;286,741;BR-101/RJ;Norte;Engavetamento;3;;;;;;;;;;6;;;;
09/11/2014;06:11:00;24;sem vítima;286;BR-101/RJ;Norte;Choque - Defensa, barreira ou "submarino";;;1;;;;;;;;1;;;;
12/11/2014;15:12:00;119;sem vítima;286;BR-101/RJ;Norte;Engavetamento;1;;2;;;;;;;;4;;;;
17/11/2014;10:55:00;84;sem vítima;286;BR-101/RJ;Norte;Colisão Traseira;2;;;;;;;;;;3;;;;
19/11/2014;18:51:00;141;sem vítima;286;BR-101/RJ;Sul;Engavetamento;3;;;;;;;;;;7;;;;
21/11/2014;18:11:00;146;sem vítima;286;BR-101/RJ;Sul;Colisão Traseira;2;;;;;;;;;;2;;;;
10/12/2014;15:01:00;117;sem vítima;286,2;BR-101/RJ;Sul;Colisão Traseira;;;2;;;;;;;;2;;;;
21/01/2015;15:30:00;142;sem vítima;286;BR-101/RJ;Norte;Colisão Traseira;2;;;;;;;;;;7;;;;
25/01/2015;08:43:00;34;com vítima;286;BR-101/RJ;Norte;Queda de Moto;;;;1;;;;;;;0;2;;;
21/02/2015;14:05:00;104;sem vítima;286;BR-101/RJ;Sul;Engavetamento;1;;;;;;;;;3;8;0;0;0;0
03/03/2015;11:26:00;71;com vítima;286;BR-101/RJ;Sul;Queda de Moto;;;;1;;;;;;;0;1;0;0;0
04/03/2015;00:38:00;4;sem vítima;286;BR-101/RJ;Sul;Colisão Traseira;;;2;;;;;;;;3;0;0;0;0
13/03/2015;07:49:00;33;sem vítima;286;BR-101/RJ;Sul;Colisão Traseira;2;;;;;;;;;;4;0;0;0;0
14/05/2015;03:23:00;10;sem vítima;286;BR-101/RJ;Norte;Choque - Defensa, barreira ou "submarino";1;;;;;;;;;;1;;;;
16/05/2015;10:33:00;79;sem vítima;286;BR-101/RJ;Norte;Engavetamento;1;;;;;2;;;;;4;;;;
02/06/2015;18:14:00;168;sem vítima;286;BR-101/RJ;Sul;Saida de Pista;1;;;;;;;;;;1;;;;
04/06/2015;23:14:00;190;com vítima;286;BR-101/RJ;Sul;Colisão Traseira;2;;;;;;;;;;6;1;;;
04/07/2015;22:43:00;188;sem vítima;286;BR-101/RJ;Norte;Choque - Defensa, barreira ou "submarino";1;;;;;;;;;;1;;;;
09/07/2015;08:58:00;72;com vítima;286;BR-101/RJ;Sul;Capotamento;1;;;;;;;;;;0;1;;;
10/07/2015;01:12:00;6;com vítima;286,3;BR-101/RJ;Sul;Choque - Defensa, barreira ou "submarino";;;1;;;;;;;;0;1;;;
13/07/2015;16:25:00;158;sem vítima;286;BR-101/RJ;Norte;Colisão Traseira;1;;;;;;;;;1;9;;;;
02/08/2015;17:58:00;133;sem vítima;286,414;BR-101/RJ;Sul;Engavetamento;3;;;;;;;;;;12;;;;
05/09/2015;05:23:00;32;com vítima;286;BR-101/RJ;Sul;Colisão Traseira;1;;1;;1;;;;;;0;7;1;;
05/09/2015;01:56:00;14;sem vítima;286,021;BR-101/RJ;Sul;Saida de Pista;1;;;;;;;;;;1;;;;
05/09/2015;15:18:00;137;com vítima;286,5;BR-101/RJ;Sul;Choque - Defensa, barreira ou "submarino";1;;;;;;;;;;1;1;;;
08/09/2015;04:34:00;36;sem vítima;286,5;BR-101/RJ;Sul;Choque - Defensa, barreira ou "submarino";1;;;;;;;;;;1;;;;
11/09/2015;21:18:00;220;sem vítima;286;BR-101/RJ;Sul;Saida de Pista;1;;;;;;;;;;2;;;;
21/09/2015;09:40:00;74;sem vítima;286,8;BR-101/RJ;Sul;Colisão Traseira;2;;;;;;;;;;6;;;;
23/09/2015;10:29:00;88;com vítima;286,764;BR-101/RJ;Sul;Queda de Moto;;;;1;;;;;;;0;1;;;
04/10/2015;19:30:00;130;sem vítima;286,05;BR-101/RJ;Sul;Tombamento;1;;;;;;;;;;1;;;;
05/12/2015;20:10:00;210;sem vítima;286;BR-101/RJ;Norte;Choque - Defensa, barreira ou "submarino";1;;;;;;;;;;3;;;;
12/12/2015;12:22:00;115;sem vítima;286;BR-101/RJ;Norte;Choque - Defensa, barreira ou "submarino";;;;;;;;;;1;2;;;;
13/12/2015;03:50:00;22;com vítima;286,78;BR-101/RJ;Norte;Colisão Frontal;2;;;;;;;;;;1;2;1;2;
20/12/2015;06:12:00;23;com vítima;286,361;BR-101/RJ;Norte;Choque - Defensa, barreira ou "submarino";1;;;;;;;;;;0;1;;;
03/01/2010;08:13:00;33;sem vítima;287;BR-101/RJ;Sul;Colisão Traseira;1;;;;;1;;;;;3;;;;
17/01/2010;16:28:00;121;sem vítima;287;BR-101/RJ;Sul;Colisão Traseira;3;;;;;1;;;;;11;;;;
28/01/2010;07:21:00;49;sem vítima;287,00299072265625;BR-101/RJ;Sul;Colisão Lateral;1;;1;;;;;;;;4;;;;
18/02/2010;17:50:00;205;sem vítima;287;BR-101/RJ;Sul;Colisão Lateral;;;1;;;;;;;1;2;;;;
26/02/2010;11:57:00;84;com vítima;287;BR-101/RJ;Norte;Outros - Sequência;;;1;;;;;;;;1;;2;;
17/03/2010;11:35:00;79;com vítima;287;BR-101/RJ;Norte;Saida de Pista;;;1;;;;;;;;0;;2;;
18/07/2010;11:38:00;67;com vítima;287;BR-101/RJ;Sul;Choque - Defensa, barreira ou "submarino";1;;;;;;;;;;0;;1;;
06/08/2010;12:10:00;85;com vítima;287;BR-101/RJ;Sul;Atropelamento - Morador;;;1;;;;;;;;2;;;1;
17/08/2010;15:14:00;105;sem vítima;287;BR-101/RJ;Sul;Objeto lançado contra veículo;1;;1;;;;;;;;2;;;;
26/08/2010;11:50:00;93;sem vítima;287;BR-101/RJ;Norte;Colisão Traseira;2;;;;;;;;;;4;;;;
20/09/2010;08:44:00;66;sem vítima;287;BR-101/RJ;Sul;Colisão Lateral;1;;;1;;;;;;;2;;;;
24/09/2010;19:33:00;169;sem vítima;287;BR-101/RJ;Sul;Engavetamento;3;;;;;;;;;;7;;;;
27/09/2010;06:34:00;27;sem vítima;287;BR-101/RJ;Sul;Colisão Traseira;2;;;;;;;;;;3;;;;
12/10/2010;15:09:00;104;sem vítima;287;BR-101/RJ;Sul;Capotamento;1;;;;;;;;;;1;;;;
26/10/2010;19:36:00;168;com vítima;287;BR-101/RJ;Sul;Colisão Lateral;1;;1;;;;;;;;2;2;;;
15/11/2010;22:40:00;221;sem vítima;287;BR-101/RJ;Norte;Choque - Defensa, barreira ou "submarino";1;;;;;;;;;;1;;;;
29/11/2010;11:13:00;96;sem vítima;287;BR-101/RJ;Sul;Colisão Traseira;1;;;;;1;;;;;3;;;;
29/11/2010;17:14:00;189;sem vítima;287;BR-101/RJ;Sul;Colisão Traseira;1;;;;;;;;;1;3;;;;
29/11/2010;18:30:00;208;sem vítima;287;BR-101/RJ;Sul;Engavetamento;2;;1;;;;;;;;6;;;;
06/12/2010;17:22:00;179;sem vítima;287;BR-101/RJ;Norte;Choque - Defensa, barreira ou "submarino";1;;;;;;;;;;1;;;;
14/01/2011;23:54:00;210;sem vítima;287;BR-101/RJ;Norte;Colisão Traseira;2;;;;;;;;;;5;;;;
15/01/2011;11:10:00;72;sem vítima;287;BR-101/RJ;Sul;Engavetamento;5;;;;;;;;;;10;;;;
21/01/2011;17:31:00;110;sem vítima;287;BR-101/RJ;Sul;Colisão Lateral;1;;1;;;;;;;;2;;;;
27/01/2011;21:14:00;223;com vítima;287;BR-101/RJ;Sul;Choque - Defensa, barreira ou "submarino";1;;;;;;;;;;0;1;1;;
17/03/2011;16:43:00;120;sem vítima;40;BR-101/RJ;Sul;Colisão Traseira;;;1;;1;;;;;;3;;;;
23/05/2011;13:15:00;114;sem vítima;287,70001220703125;BR-101/RJ;Sul;Choque - Defensa, barreira ou "submarino";1;;;;;;;;;;1;;;;
15/06/2011;07:14:00;47;sem vítima;287;BR-101/RJ;Sul;Choque - Defensa, barreira ou "submarino";1;;;;;;;;;;1;;;;
21/11/2011;12:12:00;95;sem vítima;287;BR-101/RJ;Norte;Colisão Traseira;1;;;;;;;;;1;3;;;;
22/01/2012;15:12:00;109;sem vítima;287;BR-101/RJ;Sul;Colisão Traseira;2;;;;;;;;;;2;;;;
26/01/2012;12:59:00;87;sem vítima;287;BR-101/RJ;Norte;Colisão Lateral;;;1;;;;;;;1;2;;;;
20/03/2012;23:26:00;166;sem vítima;287;BR-101/RJ;Norte;Colisão Traseira;;;2;;;;;;;;4;;;;
18/04/2012;23:32:00;163;sem vítima;287;BR-101/RJ;Sul;Colisão Traseira;2;;;;;;;;;;2;;;;
08/05/2012;12:46:00;77;sem vítima;287;BR-101/RJ;Sul;Colisão Lateral;;;2;;;;;;;;2;;;;
31/05/2012;13:27:00;116;sem vítima;287;BR-101/RJ;Norte;Colisão Traseira;1;;;;;;;;;1;9;;;;
03/06/2012;22:48:00;213;com vítima;287,8;BR-101/RJ;Sul;Saida de Pista;1;;;;;;;;;;0;;1;1;3
25/06/2012;07:33:00;36;com vítima;287,98;BR-101/RJ;Sul;Queda de Moto;;;;1;;;;;;;0;2;;;
04/07/2012;11:35:00;87;sem vítima;287;BR-101/RJ;Norte;Colisão Lateral;2;;;;;;;;;;3;;;;
21/07/2012;22:44:00;205;sem vítima;287;BR-101/RJ;Norte;Saida de Pista;2;;;;;;;;;;7;;;;
06/10/2012;19:01:00;168;com vítima;287,4;BR-101/RJ;Sul;Colisão Lateral;;;;1;;1;;;;;1;;;1;
08/10/2012;19:42:00;173;com vítima;287;BR-101/RJ;Norte;Colisão Traseira;;;;1;;1;;;;;1;;1;;
03/01/2013;09:56:00;79;sem vítima;287;BR-101/RJ;Sul;Colisão Traseira;2;;1;;;;;;;;9;;;;
09/02/2013;04:55:00;70;com vítima;287;BR-101/RJ;Sul;Atropelamento de Animal;;;1;;1;;;;;;2;1;;;
09/02/2013;16:52:00;257;sem vítima;287;BR-101/RJ;Norte;Colisão Traseira;2;;;;;;;;;;9;;;;
14/02/2013;16:07:00;162;sem vítima;287;BR-101/RJ;Sul;Colisão Traseira;1;;;;;;;;;1;5;;;;
17/02/2013;11:53:00;85;com vítima;287,53;BR-101/RJ;Norte;Colisão Traseira;1;;;1;;;;;;;4;;1;;
20/03/2013;01:38:00;14;com vítima;287,276;BR-101/RJ;Norte;Colisão Lateral;;;2;;;;;;;;1;1;;;
27/04/2013;15:07:00;108;sem vítima;287,8;BR-101/RJ;Sul;Capotamento;1;;;;;;;;;;4;;;;
18/05/2013;22:44:00;172;com vítima;287;BR-101/RJ;Sul;Capotamento;1;;;;;;;;;;3;1;;;
27/06/2013;07:18:00;31;sem vítima;287;BR-101/RJ;Sul;Colisão Traseira;1;;1;;;;;;;;4;;;;
03/07/2013;15:29:00;107;sem vítima;287;BR-101/RJ;Norte;Colisão Traseira;1;;1;;;;;;;;2;;;;
26/07/2013;02:35:00;14;sem vítima;287,022;BR-101/RJ;Norte;Colisão Traseira;1;;1;;;;;;;;2;;;;
05/08/2013;07:30:00;40;sem vítima;287,1;BR-101/RJ;Norte;Saida de Pista;1;;;;;;;;;;1;;;;
10/08/2013;20:09:00;180;sem vítima;287;BR-101/RJ;Sul;Saida de Pista;1;;;;;;;;;;2;;;;
10/09/2013;22:41:00;183;sem vítima;287,158;BR-101/RJ;Sul;Choque - Defensa, barreira ou "submarino";1;;;;;;;;;;1;;;;