data;horario;n_da_ocorrencia;tipo_de_ocorrencia;km;trecho;sentido;tipo_de_acidente;automovel;bicicleta;caminhao;moto;onibus;outros;tracao_animal;transporte_de_cargas_especiais;trator_maquinas;utilitarios;ilesos;levemente_feridos;moderadamente_feridos;gravemente_feridos;mortos
31/08/2011;22:11:00;170;sem vítima;289;BR-101/RJ;Sul;Saida de Pista;1;;;;;;;;;;1;;;;
01/09/2011;02:29:00;7;sem vítima;289;BR-101/RJ;Sul;Saida de Pista;;;1;;;;;;;;1;;;;
28/09/2011;14:01:00;87;sem vítima;289;BR-101/RJ;Sul;Colisão Traseira;1;;1;;;;;;;;2;;;;
09/10/2011;18:40:00;147;sem vítima;289;BR-101/RJ;Sul;Engavetamento;2;;;;;1;;;;;9;;;;
05/12/2011;07:35:00;54;sem vítima;289;BR-101/RJ;Norte;Colisão Lateral;1;;1;;;;;;;;3;;;;
10/12/2011;01:01:00;11;com vítima;289;BR-101/RJ;Sul;Colisão Traseira;1;;1;;;;;;;;4;1;1;;
14/01/2012;08:30:00;41;sem vítima;289;BR-101/RJ;Norte;Colisão Lateral;1;;;;1;;;;;;2;;;;
22/01/2012;19:00:00;168;com vítima;289;BR-101/RJ;Sul;Colisão Lateral;1;;;1;;;;;;;5;1;;;
30/03/2012;16:13:00;143;sem vítima;289;BR-101/RJ;Sul;Colisão Lateral;;;2;;;;;;;;2;;;;
06/04/2012;20:30:00;183;com vítima;289;BR-101/RJ;Sul;Saida de Pista;1;;;;;;;;;;1;3;;;
02/05/2012;07:44:00;47;com vítima;289;BR-101/RJ;Sul;Colisão Traseira;2;;;;;;;;;;4;1;1;;
15/05/2012;09:29:00;48;sem vítima;289;BR-101/RJ;Sul;Atropelamento de Animal;1;;;;;;;;;;1;;;;
20/07/2012;17:50:00;151;sem vítima;289;BR-101/RJ;Sul;Colisão Traseira;1;;;;;1;;;;;2;;;;
22/10/2012;15:05:00;120;sem vítima;289;BR-101/RJ;Norte;Colisão Traseira;2;;1;;;;;;;;5;;;;
08/12/2012;23:14:00;259;sem vítima;289;BR-101/RJ;Sul;Colisão Traseira;1;;;;1;;;;;;4;;;;
11/12/2012;16:28:00;158;com vítima;289;BR-101/RJ;Sul;Colisão Traseira;1;;1;;;;;;;;3;;1;;
13/12/2012;12:34:00;101;sem vítima;289;BR-101/RJ;Norte;Colisão Traseira;1;;2;;;;;;;;8;;;;
14/12/2012;17:53:00;162;com vítima;289;BR-101/RJ;Norte;Saida de Pista;1;;;;;;;;;;0;1;;;
30/12/2012;11:23:00;99;sem vítima;289;BR-101/RJ;Sul;Colisão Traseira;2;;;;;;;;;;5;;;;
09/02/2013;15:14:00;223;com vítima;289;BR-101/RJ;Norte;Colisão Lateral;1;;;1;;;;;;;4;1;;;
19/02/2013;12:23:00;111;com vítima;289;BR-101/RJ;Sul;Queda de Moto;;;;1;;;;;;;0;1;;;
23/02/2013;15:16:00;140;sem vítima;289;BR-101/RJ;Norte;Colisão Traseira;2;;;;;;;;;;2;;;;
08/03/2013;21:46:00;203;sem vítima;289;BR-101/RJ;Sul;Colisão Traseira;1;;1;;;;;;;;7;;;;
09/03/2013;18:44:00;181;sem vítima;289;BR-101/RJ;Sul;Colisão Traseira;2;;;;;;;;;;4;;;;
09/03/2013;19:25:00;187;sem vítima;289;BR-101/RJ;Sul;Colisão Lateral;1;;1;;;;;;;;3;;;;
22/03/2013;16:38:00;155;sem vítima;289;BR-101/RJ;Sul;Colisão Traseira;2;;;;;;;;;;2;;;;
30/03/2013;18:54:00;131;sem vítima;289;BR-101/RJ;Sul;Colisão Lateral;1;;1;;;;;;;;2;;;;
31/03/2013;16:56:00;125;sem vítima;289;BR-101/RJ;Norte;Colisão Traseira;1;;;;1;;;;;;2;;;;
07/04/2013;01:26:00;13;com vítima;289;BR-101/RJ;Sul;Choque - Defensa, barreira ou "submarino";1;;;;;;;;;;0;1;;;
09/04/2013;15:24:00;133;sem vítima;289,4;BR-101/RJ;Sul;Colisão Traseira;2;;;;;;;;;;4;;;;
10/04/2013;05:16:00;19;com vítima;289;BR-101/RJ;Sul;Atropelamento - Morador;;;;1;;;;;;;0;1;;;1
20/04/2013;17:23:00;135;sem vítima;289;BR-101/RJ;Sul;Colisão Traseira;2;;;;;;;;;;2;;;;
27/04/2013;13:53:00;100;sem vítima;289;BR-101/RJ;Sul;Colisão Lateral;1;;1;;;;;;;;2;;;;
30/04/2013;17:31:00;137;sem vítima;289;BR-101/RJ;Norte;Colisão Traseira;2;;;;;;;;;;7;;;;
11/05/2013;16:32:00;138;sem vítima;289;BR-101/RJ;Sul;Choque - Defensa, barreira ou "submarino";1;;;;;;;;;;2;;;;
11/05/2013;18:20:00;155;sem vítima;289;BR-101/RJ;Sul;Engavetamento;2;;;;;1;;;;;5;;;;
23/05/2013;12:43:00;79;sem vítima;289;BR-101/RJ;Sul;Choque - Defensa, barreira ou "submarino";1;;;;;;;;;;1;;;;
24/05/2013;15:26:00;102;sem vítima;289,48;BR-101/RJ;Sul;Capotamento;;;;;;;;;;1;2;;;;
28/05/2013;05:52:00;17;com vítima;289;BR-101/RJ;Norte;Atropelamento - Ciclista;;1;;1;;;;;;;0;;2;;
08/06/2013;06:46:00;35;com vítima;289;BR-101/RJ;Sul;Colisão Traseira;1;;;;1;;;;;;0;2;;;
09/06/2013;19:24:00;127;sem vítima;289,685;BR-101/RJ;Sul;Colisão Traseira;2;;;;;;;;;;9;;;;
18/06/2013;20:16:00;178;sem vítima;289;BR-101/RJ;Sul;Colisão Lateral;2;;;;;;;;;;2;;;;
28/07/2013;21:27:00;195;sem vítima;289;BR-101/RJ;Norte;Colisão Lateral;1;;;;1;;;;;;2;;;;
04/08/2013;16:28:00;135;sem vítima;289;BR-101/RJ;Sul;Colisão Lateral;2;;;;;;;;;;2;;;;
16/08/2013;15:51:00;126;sem vítima;289;BR-101/RJ;Norte;Colisão Traseira;1;;1;;;;;;;;2;;;;
23/08/2013;19:07:00;170;sem vítima;289;BR-101/RJ;Norte;Colisão Traseira;1;;1;;;;;;;;2;;;;
14/09/2013;09:37:00;68;sem vítima;289;BR-101/RJ;Sul;Colisão Traseira;2;;;;;;;;;;5;;;;
04/10/2013;09:30:00;68;com vítima;289,8;BR-101/RJ;Norte;Tombamento;;;1;;;;;;;;1;;1;;
06/10/2013;16:58:00;97;sem vítima;289;BR-101/RJ;Norte;Colisão Traseira;2;;;;;;;;;;7;;;;
13/10/2013;14:17:00;98;com vítima;289;BR-101/RJ;Sul;Saida de Pista;1;;;;;;;;;;0;;;;1
14/10/2013;22:53:00;218;sem vítima;289;BR-101/RJ;Sul;Atropelamento de Animal;;;;;1;;;;;;2;;;;
15/10/2013;10:56:00;85;sem vítima;289,828;BR-101/RJ;Norte;Colisão Traseira;2;;;;;;;;;;5;;;;
02/11/2013;10:57:00;91;sem vítima;289,633;BR-101/RJ;Norte;Colisão Lateral;2;;;;;;;;;;6;;;;
15/12/2013;10:03:00;49;com vítima;289,086;BR-101/RJ;Sul;Capotamento;1;;;;;;;;;;0;1;;1;
25/12/2013;01:53:00;12;com vítima;289;BR-101/RJ;Sul;Capotamento;1;;;;;;;;;;3;;1;;
23/01/2014;21:43:00;198;sem vítima;289;BR-101/RJ;Norte;Colisão Traseira;;;1;;;;;;;1;7;;;;
22/03/2014;23:13:00;196;sem vítima;289;BR-101/RJ;Norte;Outros - Sequência;2;;;;;;;;;;3;;;;
02/04/2014;10:30:00;84;sem vítima;289;BR-101/RJ;Norte;Engavetamento;2;;1;;;;;;;;3;;;;
15/04/2014;12:33:00;93;sem vítima;289,26;BR-101/RJ;Norte;Choque - Outros;1;;;;;;;;;;2;;;;
31/05/2014;13:24:00;82;com vítima;289,278;BR-101/RJ;Sul;Capotamento;1;;;;;;;;;;0;;1;;
10/06/2014;11:00:00;76;com vítima;289;BR-101/RJ;Sul;Choque - Defensa, barreira ou "submarino";1;;;;;;;;;;0;1;;;
10/07/2014;21:34:00;161;com vítima;289,097;BR-101/RJ;Norte;Colisão Lateral;1;;1;;;;;;;;4;1;;;
20/07/2014;01:57:00;20;com vítima;289,9;BR-101/RJ;Sul;Capotamento;1;;;;;;;;;;0;1;;;
28/07/2014;05:35:00;19;sem vítima;289;BR-101/RJ;Sul;Engavetamento;1;;;;;2;;;;1;4;;;;
04/08/2014;08:21:00;53;sem vítima;289;BR-101/RJ;Sul;Engavetamento;2;;;;;1;;;;;4;;;;
06/08/2014;23:24:00;169;com vítima;289;BR-101/RJ;Sul;Queda de Moto;;;;1;;;;;;;0;1;;;
21/08/2014;20:37:00;171;com vítima;289,366;BR-101/RJ;Norte;Engavetamento;1;;;1;;1;;;;;4;2;;;
23/08/2014;11:57:00;98;sem vítima;289;BR-101/RJ;Norte;Colisão Lateral;2;;;;;;;;;;4;;;;
02/09/2014;07:29:00;30;sem vítima;289;BR-101/RJ;Norte;Colisão Traseira;2;;;;;;;;;;3;;;;
20/09/2014;19:37:00;160;com vítima;289,7;BR-101/RJ;Sul;Outros - Sequência;2;;;1;;;;;;;2;3;;;
08/10/2014;12:32:00;93;com vítima;289;BR-101/RJ;Norte;Queda de Moto;;;;;;1;;;;;1;1;;;
20/10/2014;00:04:00;1;sem vítima;289;BR-101/RJ;Norte;Choque - Defensa, barreira ou "submarino";1;;;;;;;;;;5;;;;
25/10/2014;12:09:00;79;com vítima;289,185;BR-101/RJ;Sul;Queda de Moto;;;;1;;;;;;;0;;1;;
04/12/2014;12:31:00;96;sem vítima;289;BR-101/RJ;Norte;Engavetamento;3;;;;;1;;;;;8;;;;
16/12/2014;06:43:00;20;sem vítima;289;BR-101/RJ;Sul;Colisão Traseira;2;;;;;;;;;;2;;;;
21/12/2014;16:03:00;118;sem vítima;289;BR-101/RJ;Norte;Capotamento;1;;;;;;;;;;1;;;;
10/01/2015;22:04:00;209;sem vítima;289;BR-101/RJ;Sul;Colisão Traseira;1;;1;;;;;;;;5;;;;
17/01/2015;18:14:00;157;sem vítima;289;BR-101/RJ;Sul;Choque - Defensa, barreira ou "submarino";2;;;;;;;;;;2;;;;
23/01/2015;21:28:00;190;com vítima;289;BR-101/RJ;Sul;Queda de Moto;;;;1;;;;;;;0;1;;;
31/01/2015;15:42:00;101;sem vítima;289;BR-101/RJ;Sul;Colisão Traseira;1;;;;1;;;;;;3;;;;
15/02/2015;05:47:00;32;com vítima;289;BR-101/RJ;Norte;Queda de Moto;1;;;1;;;;;;;1;0;2;0;0
23/04/2015;17:31:00;143;sem vítima;289;BR-101/RJ;Sul;Choque - Defensa, barreira ou "submarino";1;;;;;;;;;;1;;;;
10/05/2015;16:21:00;114;sem vítima;289;BR-101/RJ;Sul;Choque - Defensa, barreira ou "submarino";1;;;;;;;;;;1;;;;
13/05/2015;17:29:00;141;com vítima;289;BR-101/RJ;Sul;Saida de Pista;1;;;;;;;;;;0;2;;;
22/05/2015;15:27:00;146;sem vítima;289;BR-101/RJ;Sul;Colisão Traseira;2;;;;;;;;;;4;;;;
26/05/2015;16:19:00;143;com vítima;289;BR-101/RJ;Norte;Queda de Moto;;;;1;;;;;;;1;;1;;
26/05/2015;16:30:00;151;sem vítima;289;BR-101/RJ;Norte;Colisão Lateral;1;;1;;;;;;;;2;;;;
27/05/2015;06:23:00;13;sem vítima;289;BR-101/RJ;Norte;Outros - Sequência;;;1;;1;;;;;;3;;;;
27/05/2015;09:02:00;54;sem vítima;289;BR-101/RJ;Norte;Colisão Traseira;;;2;;;;;;;;2;;;;
29/05/2015;22:50:00;176;sem vítima;289,667;BR-101/RJ;Norte;Engavetamento;3;;1;;;;;;;;8;;;;
29/05/2015;21:36:00;165;com vítima;289,808;BR-101/RJ;Norte;Engavetamento;3;;;;;;;;;;4;;1;;
01/06/2015;06:48:00;21;com vítima;289,556;BR-101/RJ;Norte;Colisão Transversal;1;;;1;;;;;;;2;1;;;
05/06/2015;08:31:00;39;sem vítima;289;BR-101/RJ;Norte;Colisão Traseira;2;;;;;;;;;;5;;;;
05/06/2015;18:43:00;145;sem vítima;289;BR-101/RJ;Norte;Engavetamento;3;;;;;;;;;;10;;;;
11/06/2015;20:09:00;198;sem vítima;289;BR-101/RJ;Norte;Colisão Lateral;1;;1;;;;;;;;3;;;;
11/07/2015;08:19:00;47;com vítima;289;BR-101/RJ;Norte;Outros - Sequência;3;;1;;;;;;;;8;1;;;
18/08/2015;21:48:00;194;com vítima;289;BR-101/RJ;Norte;Capotamento;2;;;;;;;;;;0;2;;;
01/10/2015;03:12:00;9;sem vítima;289;BR-101/RJ;Norte;Capotamento;1;;;;;1;;;;;2;;;;
07/10/2015;02:31:00;10;sem vítima;289;BR-101/RJ;Norte;Colisão Traseira;1;;1;;;;;;;;4;;;;
20/10/2015;17:54:00;192;sem vítima;289;BR-101/RJ;Sul;Colisão Traseira;2;;;;;;;;;;2;;;;
01/11/2015;22:44:00;172;sem vítima;289;BR-101/RJ;Sul;Saida de Pista;1;;;;;;;;;;1;;;;
01/11/2015;10:20:00;69;sem vítima;289,5;BR-101/RJ;Sul;Choque - Defensa, barreira ou "submarino";1;;;;;;;;;;4;;;;
07/11/2015;18:25:00;146;com vítima;289,41;BR-101/RJ;Sul;Colisão Traseira;2;;;;;;;;;;6;1;;;
29/11/2015;11:23:00;85;sem vítima;289;BR-101/RJ;Sul;Colisão Traseira;1;;;;;;;;;1;4;;;;
13/02/2010;07:42:00;124;sem vítima;290;BR-101/RJ;Norte;Colisão Traseira;2;;;;;;;;;;2;;;;
31/05/2010;17:34:00;143;com vítima;290;BR-101/RJ;Norte;Atropelamento - Morador;1;;;;;;;;;;1;;;1;
06/06/2010;16:40:00;114;sem vítima;290;BR-101/RJ;Sul;Colisão Traseira;1;;;;;;;;;1;2;;;;
05/07/2010;05:18:00;23;sem vítima;290;BR-101/RJ;Norte;Capotamento;1;;;;;;;;;;1;;;;
09/07/2010;21:45:00;172;sem vítima;290;BR-101/RJ;Norte;Colisão Traseira;2;;;;;;;;;;3;;;;
29/07/2010;10:23:00;80;sem vítima;290;BR-101/RJ;Norte;Saida de Pista;;;1;;;;;;;;1;;;;
21/08/2010;11:11:00;83;com vítima;290;BR-101/RJ;Sul;Queda de Moto;;;;1;;;;;;;0;;1;;
22/09/2010;12:05:00;95;sem vítima;290;BR-101/RJ;Sul;Colisão Lateral;1;;1;;;;;;;;2;;;;
19/11/2010;20:31:00;195;sem vítima;290;BR-101/RJ;Sul;Colisão Traseira;1;;;;;;;;;1;3;;;;
19/11/2010;20:51:00;199;sem vítima;290;BR-101/RJ;Sul;Colisão Traseira;1;;;;;;;;;1;4;;;;
06/12/2010;12:05:00;129;sem vítima;290;BR-101/RJ;Sul;Colisão Traseira;1;;1;;;;;;;;2;;;;
09/12/2010;16:04:00;105;sem vítima;290;BR-101/RJ;Sul;Colisão Lateral;;;2;;;;;;;;2;;;;
12/12/2010;20:48:00;181;sem vítima;290;BR-101/RJ;Sul;Colisão Traseira;2;;;;;;;;;;3;;;;
30/12/2010;12:43:00;86;sem vítima;290;BR-101/RJ;Sul;Colisão Traseira;;;1;;;;;;;1;4;;;;
07/01/2011;17:13:00;154;sem vítima;290;BR-101/RJ;Sul;Colisão Traseira;;;1;;;;;;;1;4;;;;
09/02/2011;13:12:00;92;com vítima;290,3999938964844;BR-101/RJ;Sul;Colisão Traseira;2;;1;;;;;;;;0;4;;;
21/02/2011;15:27:00;142;com vítima;290;BR-101/RJ;Sul;Capotamento;1;;;;;;;;;;2;;2;;
18/03/2011;08:18:00;45;com vítima;311,1499938964844;BR-101/RJ;Sul;Atropelamento - Morador;1;;;;;;;;;;2;;1;;
18/03/2011;09:31:00;56;sem vítima;54;BR-101/RJ;Sul;Objeto lançado contra veículo;1;;1;;;;;;;;4;;;;
18/03/2011;23:55:00;217;sem vítima;311;BR-101/RJ;Norte;Capotamento;1;;;;;;;;;;1;;;;
19/03/2011;01:16:00;7;com vítima;63;BR-101/RJ;Norte;Saida de Pista;1;;;;;;;;;;1;1;;;
22/05/2011;19:40:00;157;sem vítima;290;BR-101/RJ;Sul;Engavetamento;2;;;;;;;;;1;3;;;;
13/06/2011;15:54:00;128;sem vítima;290;BR-101/RJ;Sul;Saida de Pista;1;;;;;;;;;;2;;;;
04/09/2011;17:50:00;102;com vítima;290;BR-101/RJ;Sul;Capotamento;1;;;;;;;;;;3;3;;;
31/10/2011;20:40:00;159;sem vítima;290;BR-101/RJ;Sul;Colisão Traseira;1;;;;;;;;;1;2;;;;
28/11/2011;10:58:00;76;sem vítima;290;BR-101/RJ;Norte;Saida de Pista;1;;;;;;;;;;1;;;;
17/12/2011;14:01:00;103;sem vítima;290;BR-101/RJ;Sul;Saida de Pista;;;;;;;;;;1;1;;;;
03/01/2012;17:03:00;190;sem vítima;290;BR-101/RJ;Sul;Colisão Traseira;3;;;;;;;;;;5;;;;
18/03/2012;18:32:00;122;sem vítima;290;BR-101/RJ;Sul;Engavetamento;3;;;;;;;;;;12;;;;
25/03/2012;19:29:00;140;sem vítima;290;BR-101/RJ;Sul;Colisão Traseira;2;;;;;1;;;;;5;;;;
03/04/2012;05:51:00;16;sem vítima;290,8;BR-101/RJ;Sul;Saida de Pista;1;;;;;;;;;;3;;;;
12/08/2012;23:25:00;204;sem vítima;290;BR-101/RJ;Norte;Colisão Traseira;;;1;;;;;;;1;2;;;;
06/09/2012;09:29:00;48;com vítima;290,371;BR-101/RJ;Sul;Colisão Traseira;1;;;;;;;;;1;1;2;;;
06/09/2012;09:55:00;60;sem vítima;290,5;BR-101/RJ;Sul;Colisão Traseira;2;;1;;;;;;;;8;;;;
06/09/2012;09:55:00;59;com vítima;290,7;BR-101/RJ;Sul;Colisão Traseira;2;;1;;;;;;;;2;1;;;
22/12/2012;12:42:00;132;sem vítima;290;BR-101/RJ;Norte;Capotamento;1;;;;;;;;;;1;;;;
09/02/2013;04:24:00;60;sem vítima;290;BR-101/RJ;Sul;Engavetamento;1;;1;;;1;;;;;5;;;;
09/02/2013;09:18:00;122;sem vítima;290,5;BR-101/RJ;Norte;Colisão Lateral;1;;1;;;;;;;;4;;;;
31/03/2013;03:45:00;18;com vítima;290,826;BR-101/RJ;Sul;Capotamento;1;;;;;;;;;;0;1;2;;
11/04/2013;11:54:00;82;sem vítima;290;BR-101/RJ;Norte;Queda de Moto;;;;1;;;;;;;1;;;;
10/05/2013;15:14:00;103;sem vítima;290;BR-101/RJ;Sul;Colisão Traseira;2;;;;;;;;;;3;;;;
12/05/2013;17:10:00;112;sem vítima;290;BR-101/RJ;Norte;Colisão Lateral;2;;;;;;;;;;2;;;;
07/07/2013;04:40:00;22;com vítima;290,286;BR-101/RJ;Norte;Colisão Traseira;1;;;1;;;;;;;1;1;;;
27/07/2013;05:32:00;24;sem vítima;290,303;BR-101/RJ;Norte;Saida de Pista;1;;;;;;;;;;1;;;;
14/08/2013;12:46:00;104;sem vítima;290,02;BR-101/RJ;Norte;Engavetamento;;;4;;;;;;;;4;;;;
11/09/2013;11:59:00;65;sem vítima;290;BR-101/RJ;Norte;Colisão Lateral;1;;1;;;;;;;;2;;;;
28/09/2013;07:59:00;45;sem vítima;290;BR-101/RJ;Norte;Engavetamento;3;;;;;;;;;;3;;;;
08/10/2013;13:13:00;101;sem vítima;290,265;BR-101/RJ;Sul;Colisão Traseira;2;;;;;;;;;;3;;;;
13/10/2013;16:07:00;121;sem vítima;290;BR-101/RJ;Norte;Colisão Traseira;2;;;;;;;;;;2;;;;
13/11/2013;16:27:00;118;sem vítima;290,2;BR-101/RJ;Norte;Colisão Traseira;2;;;;;;;;;;10;;;;
28/02/2014;13:04:00;135;sem vítima;290,97;BR-101/RJ;Sul;Colisão Traseira;1;;1;;;;;;;;3;;;;
04/03/2014;16:18:00;118;sem vítima;290;BR-101/RJ;Sul;Colisão Traseira;2;;;;;;;;;;2;;;;
18/04/2014;16:54:00;192;sem vítima;290;BR-101/RJ;Sul;Colisão Traseira;2;;;;;;;;;;2;;;;
20/04/2014;05:27:00;19;sem vítima;290;BR-101/RJ;Norte;Choque - Defensa, barreira ou "submarino";1;;;;;;;;;;1;;;;
25/04/2014;18:20:00;119;sem vítima;290;BR-101/RJ;Sul;Colisão Traseira;1;;;;1;;;;;;2;;;;
13/07/2014;12:17:00;58;sem vítima;290;BR-101/RJ;Sul;Colisão Lateral;1;;1;;;;;;;;3;;;;
17/07/2014;07:14:00;38;sem vítima;290;BR-101/RJ;Sul;Choque - Defensa, barreira ou "submarino";1;;;;;1;;;;;2;;;;
20/09/2014;23:21:00;185;sem vítima;290;BR-101/RJ;Sul;Colisão Traseira;1;;;;;1;;;;;3;;;;
27/09/2014;00:01:00;1;sem vítima;290;BR-101/RJ;Norte;Outros - Sequência;2;;;;;1;;;;;5;;;;
18/10/2014;20:41:00;174;sem vítima;290,5;BR-101/RJ;Norte;Colisão Lateral;2;;;;;;;;;;3;;;;
16/12/2014;10:50:00;58;sem vítima;290;BR-101/RJ;Sul;Colisão Traseira;2;;;;;;;;;;3;;;;
10/01/2015;21:41:00;206;com vítima;290;BR-101/RJ;Sul;Engavetamento;3;;;;;;;;;;4;3;;;
17/01/2015;06:47:00;38;sem vítima;290;BR-101/RJ;Norte;Colisão Lateral;1;;1;;;;;;;;2;;;;
16/05/2015;11:31:00;95;sem vítima;290;BR-101/RJ;Sul;Choque - Defensa, barreira ou "submarino";1;;;;;;;;;;2;;;;
21/05/2015;02:10:00;11;com vítima;290,313;BR-101/RJ;Sul;Choque - Defensa, barreira ou "submarino";1;;;;;;;;;;3;1;;;
05/06/2015;08:54:00;43;sem vítima;290;BR-101/RJ;Norte;Colisão Lateral;1;;;;;;;;;1;2;;;;
12/06/2015;22:34:00;213;sem vítima;290;BR-101/RJ;Sul;Saida de Pista;1;;;;;;;;;;1;;;;
20/08/2015;07:38:00;40;sem vítima;290,57;BR-101/RJ;Sul;Colisão Lateral;2;;1;;;;;;;;6;;;;
15/10/2015;12:05:00;107;sem vítima;290;BR-101/RJ;Norte;Colisão Lateral;;;;1;1;;;;;;3;;;;
19/10/2015;12:51:00;85;com vítima;290,154;BR-101/RJ;Sul;Queda de Moto;;;;1;;;;;;;0;1;1;;
26/10/2015;17:40:00;165;sem vítima;290;BR-101/RJ;Sul;Colisão Traseira;2;;;;;;;;;;3;;;;
26/11/2015;13:50:00;128;sem vítima;290;BR-101/RJ;Norte;Colisão Lateral;1;;1;;;;;;;;3;;;;
12/12/2015;11:02:00;99;sem vítima;290,867;BR-101/RJ;Sul;Choque - Defensa, barreira ou "submarino";1;;;;;1;;;;;2;;;;
25/12/2015;18:47:00;144;com vítima;290;BR-101/RJ;Sul;Colisão Traseira;2;;;;;;;;;;6;1;;;
27/01/2010;11:36:00;65;sem vítima;291;BR-101/RJ;Sul;Colisão Traseira;2;;;;;1;;;;;7;;;;
04/02/2010;17:46:00;172;com vítima;291;BR-101/RJ;Norte;Engavetamento;4;;1;;;;;;;;11;;1;;
10/02/2010;14:22:00;133;sem vítima;291;BR-101/RJ;Sul;Choque - Defensa, barreira ou "submarino";1;;;;;1;;;;;2;;;;
16/02/2010;18:07:00;219;sem vítima;291;BR-101/RJ;Sul;Engavetamento;3;;;;;;;;;;6;;;;
17/02/2010;11:41:00;115;sem vítima;291;BR-101/RJ;Sul;Colisão Traseira;4;;;;;;;;;;13;;;;
26/02/2010;13:30:00;100;sem vítima;291;BR-101/RJ;Norte;Saida de Pista;;;1;;;;;;;;2;;;;
06/06/2010;16:29:00;113;sem vítima;291;BR-101/RJ;Sul;Colisão Traseira;2;;;;;;;;;;3;;;;
02/07/2010;14:24:00;97;com vítima;291,79998779296875;BR-101/RJ;Sul;Choque - Defensa, barreira ou "submarino";1;;1;;;;;;;;0;2;1;;
03/07/2010;14:36:00;106;sem vítima;291;BR-101/RJ;Norte;Colisão Traseira;;;;;1;;;;;1;2;;;;
15/07/2010;10:56:00;65;com vítima;291;BR-101/RJ;Norte;Queda de Moto;;;;1;;;;;;;0;1;;;
16/07/2010;15:29:00;145;sem vítima;291;BR-101/RJ;Norte;Colisão Traseira;1;;1;;;;;;;;4;;;;
24/07/2010;16:54:00;160;sem vítima;291;BR-101/RJ;Norte;Colisão Traseira;2;;;;;;;;;;2;;;;
01/08/2010;18:42:00;175;sem vítima;291;BR-101/RJ;Norte;Colisão Traseira;;;;;2;;;;;;94;;;;
12/11/2010;12:41:00;91;com vítima;291;BR-101/RJ;Sul;Engavetamento;2;;1;;;;;;;;4;2;;;
19/11/2010;07:36:00;53;sem vítima;291;BR-101/RJ;Sul;Colisão Traseira;2;;;;;;;;;;4;;;;
20/11/2010;10:40:00;82;com vítima;291;BR-101/RJ;Sul;Colisão Traseira;2;;;;;;;;;;0;4;2;;
21/11/2010;12:41:00;82;sem vítima;291;BR-101/RJ;Sul;Colisão Traseira;4;;;;;;;;;;11;;;;
26/11/2010;17:43:00;141;sem vítima;291;BR-101/RJ;Sul;Colisão Traseira;1;;1;;;;;;;;4;;;;
06/12/2010;11:58:00;125;sem vítima;291;BR-101/RJ;Sul;Colisão Traseira;;;3;;;;;;;;3;;;;
06/12/2010;12:12:00;133;sem vítima;291;BR-101/RJ;Norte;Colisão Traseira;2;;;;;;;;;;2;;;;
13/12/2010;11:22:00;95;sem vítima;291;BR-101/RJ;Sul;Colisão Traseira;1;;2;;;;;;;1;7;;;;
17/12/2010;13:29:00;111;sem vítima;291;BR-101/RJ;Sul;Colisão Traseira;1;;1;;;;;;;;3;;;;
04/01/2011;13:10:00;129;sem vítima;291;BR-101/RJ;Sul;Colisão Traseira;3;;;;;;;;;;6;;;;
04/01/2011;18:26:00;187;sem vítima;291;BR-101/RJ;Sul;Colisão Traseira;2;;1;;;;;;;;6;;;;
04/01/2011;18:26:00;192;sem vítima;291;BR-101/RJ;Sul;Colisão Traseira;2;;;;;;;;;;4;;;;
05/02/2011;17:43:00;172;sem vítima;291;BR-101/RJ;Sul;Engavetamento;3;;;;;;;;;;19;;;;
06/02/2011;17:34:00;151;sem vítima;291;BR-101/RJ;Sul;Engavetamento;4;;;;;1;;;;1;12;;;;
20/02/2011;17:19:00;148;sem vítima;291;BR-101/RJ;Sul;Colisão Traseira;2;;;;;;;;;;3;;;;
19/03/2011;06:12:00;23;com vítima;233;BR-101/RJ;Norte;Colisão Frontal;1;;1;;;;;;;;4;;1;;
22/05/2011;19:07:00;151;sem vítima;291;BR-101/RJ;Sul;Colisão Traseira;1;;;;;1;;;;;2;;;;
28/05/2011;12:48:00;85;sem vítima;291;BR-101/RJ;Sul;Saida de Pista;1;;;;;;;;;;3;;;;
26/06/2011;16:03:00;116;com vítima;291,6000061035156;BR-101/RJ;Sul;Saida de Pista;1;;;;;;;;;;2;1;;1;
11/08/2011;13:56:00;103;sem vítima;291,20001220703125;BR-101/RJ;Norte;Saida de Pista;;;;;;;;;;1;2;;;;
14/08/2011;17:29:00;125;sem vítima;291,8999938964844;BR-101/RJ;Sul;Engavetamento;3;;;;;;;;;;9;;;;
20/08/2011;04:28:00;25;com vítima;291,20001220703125;BR-101/RJ;Sul;Capotamento;1;;;;;;;;;;0;;3;;
20/08/2011;04:10:00;21;com vítima;291,5;BR-101/RJ;Sul;Colisão Traseira;1;;;;;;;;;;0;;1;;
05/09/2011;15:51:00;114;sem vítima;291;BR-101/RJ;Sul;Colisão Traseira;1;;1;;;;;;;;2;;;;
22/10/2011;12:19:00;71;sem vítima;291;BR-101/RJ;Norte;Colisão Lateral;;;;;1;1;;;;;2;;;;
15/11/2011;16:27:00;116;com vítima;291,29998779296875;BR-101/RJ;Sul;Colisão Traseira;2;;;1;;;;;;;6;;1;;
09/01/2012;12:10:00;93;sem vítima;291,8;BR-101/RJ;Sul;Colisão Traseira;2;;;;;;;;;;5;;;;
14/02/2012;07:41:00;36;sem vítima;291;BR-101/RJ;Norte;Colisão Traseira;2;;;;;;;;;;2;;;;
18/02/2012;15:23:00;228;sem vítima;291;BR-101/RJ;Norte;Colisão Traseira;1;;1;;;;;;;;2;;;;