data;horario;n_da_ocorrencia;tipo_de_ocorrencia;km;trecho;sentido;tipo_de_acidente;automovel;bicicleta;caminhao;moto;onibus;outros;tracao_animal;transporte_de_cargas_especiais;trator_maquinas;utilitarios;ilesos;levemente_feridos;moderadamente_feridos;gravemente_feridos;mortos
22/02/2012;17:20:00;180;com vítima;291;BR-101/RJ;Sul;Atropelamento - Andarilho;;;;1;;;;;;;1;;;1;
25/02/2012;16:17:00;135;sem vítima;291;BR-101/RJ;Sul;Outros - Sequência;4;;;;;;;;;;13;;;;
25/03/2012;16:50:00;107;sem vítima;291;BR-101/RJ;Sul;Engavetamento;3;;;;;;;;;;11;;;;
23/04/2012;17:35:00;120;sem vítima;291,7;BR-101/RJ;Sul;Engavetamento;5;;;;;;;;;;14;;;;
10/05/2012;17:18:00;157;sem vítima;291;BR-101/RJ;Norte;Atropelamento de Animal;1;;;;;;;;;;2;;;;
31/05/2012;14:37:00;127;com vítima;291;BR-101/RJ;Sul;Saida de Pista;1;;;;;;;;;;0;;1;;
17/07/2012;10:19:00;79;sem vítima;291;BR-101/RJ;Sul;Colisão Traseira;2;;;;;;;;;;5;;;;
25/08/2012;21:55:00;184;com vítima;291,09;BR-101/RJ;Sul;Queda de Moto;;;;1;;;;;;;0;;;1;
11/09/2012;10:54:00;68;com vítima;291,915;BR-101/RJ;Sul;Engavetamento;3;;;;;;;;;;5;1;;;
04/10/2012;06:47:00;36;sem vítima;291;BR-101/RJ;Norte;Saida de Pista;1;;;;;;;;;;1;;;;
20/10/2012;04:46:00;21;com vítima;291,376;BR-101/RJ;Norte;Colisão Lateral;1;;1;;;;;;;;1;1;;;
29/10/2012;03:11:00;17;com vítima;291,858;BR-101/RJ;Sul;Choque - Defensa, barreira ou "submarino";1;;;;;;;;;;0;;2;;
07/12/2012;14:28:00;173;com vítima;291;BR-101/RJ;Sul;Colisão Traseira;;;;1;;;;;;1;2;1;1;;
18/01/2013;22:36:00;212;com vítima;291,4;BR-101/RJ;Sul;Colisão Lateral;1;;;1;;;;;;;3;;;;1
01/03/2013;19:33:00;161;sem vítima;291;BR-101/RJ;Sul;Colisão Traseira;;;2;;;;;;;;2;;;;
19/03/2013;09:54:00;61;sem vítima;291;BR-101/RJ;Norte;Colisão Traseira;2;;;;;;;;;;2;;;;
17/04/2013;22:17:00;172;sem vítima;291,7;BR-101/RJ;Sul;Engavetamento;5;;1;;;1;;;;;9;;;;
23/04/2013;17:23:00;143;com vítima;291;BR-101/RJ;Sul;Colisão Traseira;1;;1;;;;;;;;4;1;;;
13/07/2013;11:52:00;95;sem vítima;291,65;BR-101/RJ;Norte;Colisão Traseira;2;;;;;;;;;;4;;;;
23/08/2013;06:07:00;20;sem vítima;291;BR-101/RJ;Sul;Colisão Lateral;1;;;;1;;;;;;2;;;;
31/08/2013;09:43:00;63;sem vítima;291;BR-101/RJ;Norte;Colisão Traseira;1;;1;;;;;;;;5;;;;
03/09/2013;07:09:00;36;com vítima;291,296;BR-101/RJ;Sul;Capotamento;1;;;;;;;;;;0;2;;;
21/09/2013;18:16:00;147;com vítima;291;BR-101/RJ;Norte;Saida de Pista;1;;;;;;;;;;0;1;;;
02/10/2013;09:15:00;58;com vítima;291,613;BR-101/RJ;Sul;Colisão Traseira;1;;;;;;;;;1;4;1;2;;
02/11/2013;20:42:00;185;com vítima;291,803;BR-101/RJ;Norte;Atropelamento de Animal;1;;;;;;;;;1;3;3;3;;
15/11/2013;11:35:00;94;sem vítima;291,7;BR-101/RJ;Sul;Choque - Defensa, barreira ou "submarino";1;;;;;;;;;;2;;;;
20/12/2013;06:22:00;27;com vítima;291,3;BR-101/RJ;Sul;Saida de Pista;1;;;;;;;;;;0;1;;;
20/01/2014;12:31:00;87;sem vítima;291,65;BR-101/RJ;Sul;Engavetamento;3;;;;;;;;;;5;;;;
22/01/2014;15:59:00;131;sem vítima;291;BR-101/RJ;Norte;Engavetamento;3;;;;;;;;;;4;;;;
17/03/2014;14:04:00;138;sem vítima;291;BR-101/RJ;Sul;Colisão Traseira;;;1;;1;;;;;;4;;;;
14/04/2014;04:54:00;17;com vítima;291;BR-101/RJ;Sul;Saida de Pista;1;;;;;;;;;;0;1;;;
21/04/2014;11:08:00;65;sem vítima;291,482;BR-101/RJ;Sul;Engavetamento;2;;;;;1;;;;;8;;;;
20/08/2014;14:26:00;104;sem vítima;291;BR-101/RJ;Sul;Colisão Traseira;1;;;;;1;;;;;4;;;;
06/09/2014;14:04:00;106;com vítima;291,8;BR-101/RJ;Norte;Saida de Pista;1;;;;;;;;;;0;1;;;
28/09/2014;18:22:00;111;sem vítima;291,846;BR-101/RJ;Sul;Colisão Traseira;2;;;;;;;;;;8;;;;
30/09/2014;09:46:00;60;sem vítima;291;BR-101/RJ;Sul;Colisão Traseira;1;;1;;;;;;;;4;;;;
19/10/2014;01:38:00;3;sem vítima;291;BR-101/RJ;Sul;Saida de Pista;1;;;;;;;;;;1;;;;
03/11/2014;03:23:00;19;sem vítima;291;BR-101/RJ;Sul;Atropelamento de Animal;;;1;;;;;;;;1;;;;
23/12/2014;14:38:00;118;com vítima;291;BR-101/RJ;Sul;Saida de Pista;;;1;;;;;;;;0;2;;;
27/12/2014;03:59:00;12;sem vítima;291;BR-101/RJ;Sul;Choque - Defensa, barreira ou "submarino";1;;;;;1;;;;;2;;;;
06/01/2015;19:04:00;125;com vítima;291;BR-101/RJ;Norte;Queda de Moto;;;;1;;;;;;;0;1;;;
04/02/2015;16:16:00;133;sem vítima;291;BR-101/RJ;Sul;Colisão Lateral;1;;1;;;;;;;;2;0;0;0;0
09/02/2015;15:07:00;122;com vítima;291;BR-101/RJ;Sul;Choque - Veiculo parado no acostamento;1;;1;;;;;;;;1;2;0;0;0
13/02/2015;18:20:00;191;com vítima;291;BR-101/RJ;Sul;Queda de Moto;;;;1;;;;;;;0;2;0;0;0
21/02/2015;11:45:00;82;sem vítima;291,3;BR-101/RJ;Sul;Colisão Traseira;2;;;;;;;;;;4;0;0;0;0
22/02/2015;19:04:00;136;com vítima;291;BR-101/RJ;Sul;Queda de Moto;;;;1;;;;;;;0;2;;;
02/03/2015;16:10:00;122;com vítima;291;BR-101/RJ;Norte;Saida de Pista;1;;;;;;;;;;0;1;1;0;0
08/03/2015;19:00:00;161;sem vítima;291;BR-101/RJ;Sul;Engavetamento;5;;;;;;;;;;5;0;0;0;0
03/05/2015;15:15:00;97;com vítima;291;BR-101/RJ;Sul;Engavetamento;3;;;;;;;;;;13;1;;;
14/05/2015;12:04:00;93;com vítima;291,759;BR-101/RJ;Sul;Colisão Traseira;2;;;;;;;;;;4;1;;;
18/05/2015;20:22:00;197;sem vítima;291;BR-101/RJ;Sul;Colisão Lateral;1;;1;;;;;;;;3;;;;
08/06/2015;10:12:00;88;sem vítima;291,613;BR-101/RJ;Norte;Colisão Traseira;2;;;;;;;;;;2;;;;
23/06/2015;16:27:00;132;com vítima;291,167;BR-101/RJ;Sul;Saida de Pista;1;;;;;;;;;;0;1;;;
06/07/2015;00:42:00;4;sem vítima;291,9;BR-101/RJ;Sul;Colisão Traseira;2;;;;;;;;;;3;;;;
06/07/2015;00:46:00;5;com vítima;291,9;BR-101/RJ;Sul;Colisão Traseira;1;;;1;;;;;;;2;1;;;
02/08/2015;17:14:00;126;sem vítima;291,606;BR-101/RJ;Sul;Engavetamento;4;;;;;;;;;;10;;;;
20/08/2015;05:17:00;17;com vítima;291,884;BR-101/RJ;Sul;Colisão Lateral;1;;1;;;;;;;;0;3;1;;
21/08/2015;05:36:00;15;com vítima;291,671;BR-101/RJ;Sul;Colisão Traseira;1;;;;;;;;;1;0;8;;;
26/08/2015;16:47:00;147;com vítima;291,935;BR-101/RJ;Sul;Capotamento;1;;;;;;;;;;1;1;;;
10/09/2015;21:59:00;193;sem vítima;291,781;BR-101/RJ;Sul;Colisão Lateral;1;;;;;1;;;;;2;;;;
22/10/2015;15:29:00;131;sem vítima;291,2;BR-101/RJ;Sul;Colisão Lateral;1;;1;;;;;;;;2;;;;
03/11/2015;09:55:00;93;com vítima;291,368;BR-101/RJ;Sul;Choque - Defensa, barreira ou "submarino";1;;;;;;;;;;0;1;;;
04/01/2010;11:50:00;121;sem vítima;292;BR-101/RJ;Sul;Colisão Traseira;3;;;;;;;;;;11;;;;
21/01/2010;09:31:00;79;sem vítima;292;BR-101/RJ;Norte;Colisão Traseira;2;;;;;;;;;;6;;;;
25/01/2010;13:09:00;121;sem vítima;292;BR-101/RJ;Sul;Colisão Traseira;1;;;;;;;;;1;3;;;;
31/01/2010;17:45:00;158;sem vítima;292;BR-101/RJ;Sul;Colisão Traseira;2;;;;;;;;;;10;;;;
31/01/2010;17:50:00;160;sem vítima;292,5;BR-101/RJ;Sul;Engavetamento;4;;;;;;;;;;10;;;;
04/02/2010;18:00:00;176;com vítima;292;BR-101/RJ;Norte;Colisão Traseira;5;;1;;;;;;;;8;5;;;
12/02/2010;19:54:00;256;sem vítima;292;BR-101/RJ;Sul;Saida de Pista;1;;;;;;;;;;1;;;;
17/02/2010;16:56:00;215;sem vítima;292;BR-101/RJ;Sul;Colisão Traseira;1;;1;;;;;;;;7;;;;
17/02/2010;11:20:00;111;sem vítima;292,5;BR-101/RJ;Sul;Engavetamento;3;;;;;1;;;;;6;;;;
19/02/2010;11:59:00;73;sem vítima;292,5;BR-101/RJ;Sul;Colisão Traseira;2;;;;;;;;;;4;;;;
23/02/2010;12:25:00;87;sem vítima;292;BR-101/RJ;Sul;Saida de Pista;1;;;;;;;;;;1;;;;
03/04/2010;02:29:00;11;sem vítima;292;BR-101/RJ;Norte;Atropelamento de Animal;1;;;;;1;;;;;3;;;;
05/05/2010;07:59:00;45;sem vítima;292;BR-101/RJ;Sul;Saida de Pista;;;1;;;;;;;;1;;;;
08/05/2010;20:38:00;177;com vítima;292;BR-101/RJ;Norte;Atropelamento de Animal;2;;;;;;;;;;2;;2;1;
06/06/2010;17:28:00;126;com vítima;292;BR-101/RJ;Sul;Colisão Traseira;1;;;1;;;;;;;1;;1;;
15/06/2010;18:00:00;118;sem vítima;292;BR-101/RJ;Norte;Engavetamento;3;;;;;;;;;;7;;;;
16/06/2010;11:27:00;81;sem vítima;292;BR-101/RJ;Norte;Engavetamento;3;;;;;;;;;;5;;;;
19/06/2010;01:39:00;7;sem vítima;292;BR-101/RJ;Sul;Saida de Pista;1;;;;;;;;;;1;;;;
01/07/2010;17:24:00;118;sem vítima;292;BR-101/RJ;Norte;Colisão Traseira;3;;;;;;;;;;4;;;;
03/07/2010;08:30:00;32;sem vítima;292;BR-101/RJ;Norte;Colisão Traseira;2;;;;;;;;;;6;;;;
09/07/2010;18:37:00;149;sem vítima;292;BR-101/RJ;Norte;Colisão Traseira;2;;;;;;;;;;3;;;;
13/07/2010;18:26:00;171;sem vítima;292;BR-101/RJ;Norte;Colisão Lateral;1;;;;;;;;;1;4;;;;
16/07/2010;17:45:00;178;sem vítima;292;BR-101/RJ;Norte;Colisão Traseira;1;;1;;;;;;;;2;;;;
17/07/2010;17:55:00;184;sem vítima;292;BR-101/RJ;Norte;Engavetamento;3;;;;;;;;;;10;;;;
19/07/2010;11:21:00;88;com vítima;292;BR-101/RJ;Norte;Engavetamento;3;;;;;;;;;1;8;;1;;
20/07/2010;03:24:00;17;sem vítima;292;BR-101/RJ;Sul;Atropelamento de Animal;;;1;;;1;;;;;2;;;;
20/07/2010;08:57:00;59;sem vítima;292;BR-101/RJ;Sul;Colisão Lateral;1;;1;;;;;;;;4;;;;
01/08/2010;17:04:00;155;sem vítima;292;BR-101/RJ;Sul;Engavetamento;4;;;;;;;;;;13;;;;
27/08/2010;19:08:00;183;com vítima;292;BR-101/RJ;Sul;Colisão Traseira;3;;;;;;;;;;3;2;1;;
12/09/2010;11:15:00;58;sem vítima;292;BR-101/RJ;Sul;Colisão Lateral;1;;1;;;;;;;;4;;;;
25/09/2010;21:51:00;185;sem vítima;292;BR-101/RJ;Sul;Colisão Traseira;1;;;;;2;;;;;5;;;;
15/10/2010;12:52:00;93;sem vítima;292;BR-101/RJ;Sul;;1;;;;;;;;;;1;;;;
25/10/2010;07:00:00;45;sem vítima;292;BR-101/RJ;Sul;Colisão Lateral;1;;1;;;;;;;;3;;;;
20/11/2010;08:45:00;52;sem vítima;292;BR-101/RJ;Sul;Colisão Traseira;2;;;;;;;;;;2;;;;
22/11/2010;13:40:00;128;sem vítima;292;BR-101/RJ;Sul;Colisão Lateral;1;;1;;;;;;;;2;;;;
22/11/2010;14:59:00;145;sem vítima;292;BR-101/RJ;Sul;Choque - Defensa, barreira ou "submarino";1;;1;;;;;;;;3;;;;
27/11/2010;01:53:00;8;com vítima;292;BR-101/RJ;Sul;Atropelamento - Morador;;;;;;1;;;;;1;;;1;
19/12/2010;01:27:00;16;sem vítima;292;BR-101/RJ;Sul;Saida de Pista;1;;;;;;;;;;1;;;;
19/12/2010;21:37:00;204;sem vítima;292;BR-101/RJ;Sul;Colisão Traseira;1;;;;;;;;;1;5;;;;
18/01/2011;13:42:00;91;sem vítima;292;BR-101/RJ;Sul;Engavetamento;3;;;;;;;;;;7;;;;
19/01/2011;10:47:00;75;sem vítima;292;BR-101/RJ;Sul;Colisão Traseira;2;;;;;;;;;;3;;;;
10/02/2011;15:46:00;136;sem vítima;292;BR-101/RJ;Sul;Choque - Defensa, barreira ou "submarino";1;;;;;;;;;;2;;;;
11/02/2011;14:18:00;112;sem vítima;292;BR-101/RJ;Norte;Colisão Traseira;1;;1;;;;;;;;5;;;;
19/03/2011;06:45:00;25;com vítima;278;BR-101/RJ;Norte;Saida de Pista;1;;;;;;;;;;1;1;;;
19/03/2011;10:38:00;67;com vítima;302,5;BR-101/RJ;Norte;Saida de Pista;1;;;;;;;;;;0;1;;;
19/03/2011;10:42:00;68;sem vítima;297;BR-101/RJ;Sul;Colisão Traseira;1;;1;;;;;;;;5;;;;
19/03/2011;16:40:00;112;sem vítima;53;BR-101/RJ;Sul;Saida de Pista;1;;;;;;;;;;3;;;;
19/03/2011;16:52:00;118;sem vítima;316;BR-101/RJ;Norte;Saida de Pista;1;;;;;;;;;;1;;;;
22/05/2011;18:09:00;138;sem vítima;292;BR-101/RJ;Sul;Colisão Traseira;1;;;;;1;;;;;2;;;;
22/05/2011;18:09:00;139;com vítima;292;BR-101/RJ;Norte;Atropelamento de Animal;3;;;;;1;;;;;7;;1;;
13/06/2011;16:39:00;136;sem vítima;292;BR-101/RJ;Sul;Colisão Lateral;1;;;;;1;;;;;8;;;;
14/08/2011;17:12:00;122;com vítima;292,9179992675781;BR-101/RJ;Sul;Queda de Moto;;;;1;;;;;;;0;1;;;
05/09/2011;12:02:00;78;com vítima;292,8999938964844;BR-101/RJ;Sul;Capotamento;1;;;;;;;;;;1;;1;;
05/09/2011;14:38:00;103;com vítima;292,9010009765625;BR-101/RJ;Sul;Colisão Traseira;;;2;;;;;;;;2;;1;1;
02/10/2011;17:40:00;141;sem vítima;292,79998779296875;BR-101/RJ;Sul;Engavetamento;4;;;;;;;;;;4;;;;
06/10/2011;18:21:00;167;sem vítima;292;BR-101/RJ;Sul;Engavetamento;3;;;;;;;;;;3;;;;
23/10/2011;16:24:00;100;sem vítima;292;BR-101/RJ;Sul;Engavetamento;2;;;;;;;;;;8;;;;
05/11/2011;14:57:00;100;sem vítima;292;BR-101/RJ;Norte;Saida de Pista;1;;1;;;;;;;;2;;;;
29/11/2011;12:01:00;89;sem vítima;292,5;BR-101/RJ;Sul;Colisão Lateral;;;1;;;;;;;1;3;;;;
15/12/2011;10:10:00;66;sem vítima;292;BR-101/RJ;Sul;Saida de Pista;;;2;;;;;;;;4;;;;
22/12/2011;18:33:00;186;sem vítima;292;BR-101/RJ;Sul;Colisão Lateral;1;;1;;;;;;;;2;;;;
28/12/2011;03:06:00;8;com vítima;292,70001220703125;BR-101/RJ;Sul;Colisão Traseira;;;2;;;;;;;;3;1;;;
01/01/2012;23:25:00;217;sem vítima;292;BR-101/RJ;Sul;Colisão Traseira;1;;;;1;;;;;;5;;;;
02/01/2012;11:39:00;92;com vítima;292;BR-101/RJ;Sul;Atropelamento - Morador;;;;;;1;;;;;1;1;;;
02/01/2012;15:45:00;149;sem vítima;292;BR-101/RJ;Norte;Colisão Traseira;2;;;;;;;;;;5;;;;
08/01/2012;23:36:00;232;sem vítima;292;BR-101/RJ;Sul;Colisão Traseira;2;;;;;;;;;;2;;;;
21/02/2012;17:28:00;121;sem vítima;292,8;BR-101/RJ;Sul;Engavetamento;3;;;;;;;;;;5;;;;
13/03/2012;20:23:00;188;sem vítima;292;BR-101/RJ;Norte;Colisão Lateral;1;;1;;;;;;;;4;;;;
20/04/2012;10:08:00;62;sem vítima;292;BR-101/RJ;Sul;Colisão Lateral;1;;1;;;;;;;;2;;;;
23/05/2012;15:02:00;109;com vítima;292,6;BR-101/RJ;Sul;Atropelamento - Ciclista;1;1;;;;;;;;;2;;1;;
23/05/2012;16:38:00;127;sem vítima;292,6;BR-101/RJ;Norte;Choque - Defensa, barreira ou "submarino";1;;;;;;;;;;1;;;;
23/05/2012;16:29:00;125;sem vítima;292,8;BR-101/RJ;Sul;Colisão Traseira;2;;;;;1;;;;;3;;;;
16/06/2012;14:47:00;126;sem vítima;292;BR-101/RJ;Sul;Capotamento;1;;;;;;;;;;1;;;;
26/06/2012;16:06:00;125;sem vítima;292;BR-101/RJ;Sul;Colisão Traseira;2;;;;;;;;;;2;;;;
06/07/2012;07:49:00;56;sem vítima;292,6;BR-101/RJ;Norte;Engavetamento;3;;;;;;;;;;3;;;;
16/07/2012;14:45:00;122;sem vítima;292;BR-101/RJ;Sul;Colisão Traseira;2;;1;;;;;;;;7;;;;
16/07/2012;15:35:00;130;sem vítima;292;BR-101/RJ;Sul;Colisão Traseira;2;;;;;;;;;1;10;;;;
17/07/2012;09:52:00;73;sem vítima;292;BR-101/RJ;Sul;Colisão Traseira;2;;1;;;;;;;;5;;;;
09/08/2012;12:06:00;78;sem vítima;292;BR-101/RJ;Norte;Colisão Traseira;;;2;;;;;;;;3;;;;
31/08/2012;16:56:00;161;sem vítima;292,5;BR-101/RJ;Sul;Colisão Traseira;2;;;;;;;;;;3;;;;
31/08/2012;17:42:00;167;sem vítima;292,5;BR-101/RJ;Sul;Colisão Traseira;2;;;;;;;;;;4;;;;
01/09/2012;04:32:00;26;sem vítima;292;BR-101/RJ;Norte;Colisão Lateral;2;;;;;;;;;;3;;;;
12/09/2012;17:37:00;152;sem vítima;292;BR-101/RJ;Sul;Queda de Moto;;;;1;;;;;;;2;;;;
03/11/2012;07:32:00;31;sem vítima;292,5;BR-101/RJ;Sul;Capotamento;1;;;;;;;;;;2;;;;
11/11/2012;11:14:00;70;com vítima;292;BR-101/RJ;Norte;Colisão Traseira;1;;;1;;;;;;;2;1;;;1
23/11/2012;00:01:00;1;sem vítima;292,3;BR-101/RJ;Sul;Saida de Pista;1;;;;;;;;;;1;;;;
25/11/2012;22:28:00;173;sem vítima;292;BR-101/RJ;Norte;Colisão Traseira;2;;;;;;;;;;6;;;;
07/12/2012;13:11:00;160;sem vítima;292;BR-101/RJ;Sul;Engavetamento;3;;;;;;;;;;3;;;;
16/02/2013;11:57:00;104;sem vítima;292;BR-101/RJ;Sul;Colisão Traseira;2;;;;;;;;;;2;;;;
24/02/2013;12:07:00;81;sem vítima;292,785;BR-101/RJ;Sul;Colisão Traseira;1;;;;;;;;;1;5;;;;
13/03/2013;19:20:00;203;com vítima;292,5;BR-101/RJ;Sul;Queda de Moto;;;;1;;;;;;;0;1;1;;
25/05/2013;17:15:00;122;sem vítima;292,686;BR-101/RJ;Sul;Saida de Pista;1;;;;;;;;;;2;;;;
26/05/2013;22:56:00;159;sem vítima;292;BR-101/RJ;Norte;Saida de Pista;1;;;;;;;;;;3;;;;
08/06/2013;01:17:00;9;com vítima;292;BR-101/RJ;Sul;Queda de Moto;;;;1;;;;;;;0;;1;;
30/06/2013;16:58:00;108;com vítima;292,726;BR-101/RJ;Sul;Colisão Traseira;2;;;;;1;;;;;7;1;;;
03/08/2013;15:30:00;130;sem vítima;292;BR-101/RJ;Norte;Colisão Traseira;2;;;;;;;;;;9;;;;
13/09/2013;05:31:00;16;sem vítima;292,061;BR-101/RJ;Norte;Saida de Pista;1;;;;;;;;;;1;;;;
08/10/2013;11:19:00;86;sem vítima;292,083;BR-101/RJ;Sul;Colisão Traseira;2;;;;;;;;;;2;;;;
11/10/2013;11:35:00;97;com vítima;292,345;BR-101/RJ;Sul;Queda de Moto;1;;;1;;;;;;;1;1;;;
07/12/2013;09:40:00;90;com vítima;292,7;BR-101/RJ;Sul;Choque - Talude;1;;;;;;;;;;0;;1;;
28/12/2013;00:39:00;5;com vítima;292,285;BR-101/RJ;Norte;Outros - Sequência;3;;;;;;;;;;3;3;;;
05/01/2014;11:34:00;81;sem vítima;292;BR-101/RJ;Sul;Colisão Lateral;1;;1;;;;;;;;6;;;;
28/02/2014;09:02:00;79;sem vítima;292;BR-101/RJ;Sul;Colisão Traseira;2;;;;;;;;;;4;;;;
21/03/2014;21:06:00;207;sem vítima;292;BR-101/RJ;Norte;Saida de Pista;1;;;;;;;;;;5;;;;
14/06/2014;17:40:00;135;com vítima;292;BR-101/RJ;Sul;Queda de Moto;;;;1;;;;;;;0;1;;;
18/06/2014;16:19:00;122;sem vítima;292;BR-101/RJ;Norte;Choque - Defensa, barreira ou "submarino";1;;;;;;;;;;4;;;;
07/10/2014;16:24:00;132;sem vítima;292,157;BR-101/RJ;Sul;Colisão Traseira;1;;1;;;;;;;;6;;;;
13/11/2014;12:12:00;94;sem vítima;292;BR-101/RJ;Sul;Outros - Sequência;2;;;;1;;;;;;48;;;;
07/12/2014;16:56:00;100;sem vítima;292,5;BR-101/RJ;Sul;Colisão Traseira;1;;;;;1;;;;;2;;;;
07/12/2014;16:11:00;87;sem vítima;292,816;BR-101/RJ;Sul;Colisão Traseira;2;;;;;;;;;;2;;;;
11/12/2014;23:26:00;193;com vítima;292,9;BR-101/RJ;Sul;Colisão Traseira;1;;;;;1;;;;;1;2;;;
04/01/2015;11:24:00;80;com vítima;292,4;BR-101/RJ;Sul;Colisão Traseira;2;;;;;;;;;;3;1;;;
05/01/2015;10:43:00;77;com vítima;292,6;BR-101/RJ;Sul;Engavetamento;4;;;;;1;;;;;11;2;;;
12/01/2015;12:24:00;93;sem vítima;292;BR-101/RJ;Sul;Colisão Traseira;1;;;;;;;;;1;2;;;;
30/01/2015;10:56:00;92;sem vítima;292;BR-101/RJ;Sul;Engavetamento;4;;;;;;;;;;12;;;;
31/01/2015;21:26:00;143;sem vítima;292;BR-101/RJ;Sul;Colisão Traseira;1;;;;;;;;;1;2;;;;
01/05/2015;10:19:00;73;sem vítima;292;BR-101/RJ;Sul;Colisão Traseira;1;;1;;;;;;;;2;;;;
16/05/2015;22:22:00;200;com vítima;292;BR-101/RJ;Norte;Saida de Pista;1;;;;;;;;;;0;1;;;
26/05/2015;17:03:00;155;com vítima;292;BR-101/RJ;Sul;Tombamento;;;1;;;;;;;;0;;;1;
02/06/2015;05:18:00;18;sem vítima;292;BR-101/RJ;Norte;Saida de Pista;1;;;;;;;;;;1;;;;
04/06/2015;02:59:00;19;sem vítima;292;BR-101/RJ;Sul;Colisão Traseira;2;;;;;;;;;;2;;;;
13/06/2015;09:32:00;84;sem vítima;292,531;BR-101/RJ;Norte;Colisão Traseira;;;1;;1;;;;;;3;;;;
28/06/2015;18:03:00;118;sem vítima;292;BR-101/RJ;Sul;Colisão Traseira;2;;;;;;;;;;3;;;;
05/07/2015;23:32:00;167;com vítima;292,505;BR-101/RJ;Sul;Atropelamento de Animal;2;;;;;;;;;;1;3;;;
11/07/2015;22:05:00;204;com vítima;292;BR-101/RJ;Sul;Queda de Moto;;;;1;;;;;;;0;1;;;
19/07/2015;16:55:00;130;sem vítima;292,5;BR-101/RJ;Sul;Engavetamento;2;;1;;;1;;;;;14;;;;
15/08/2015;16:28:00;129;com vítima;292,525;BR-101/RJ;Sul;Atropelamento - Morador;1;;;;;;;;;;1;;;;1
21/08/2015;04:37:00;13;com vítima;292,555;BR-101/RJ;Sul;Choque - Defensa, barreira ou "submarino";;;1;;;;;;;;0;1;;;
04/11/2015;17:42:00;181;com vítima;292;BR-101/RJ;Sul;Queda de Moto;;;;1;;;;;;;0;2;;;
01/12/2015;13:10:00;137;com vítima;292;BR-101/RJ;Sul;Queda de Moto;;;;1;;;;;;;0;1;;;
25/12/2015;06:41:00;22;sem vítima;292;BR-101/RJ;Sul;Choque - Defensa, barreira ou "submarino";1;;;;;;;;;;1;;;;
02/01/2010;14:39:00;122;sem vítima;293;BR-101/RJ;Norte;Colisão Lateral;2;;;;;;;;;;5;;;;
05/01/2010;00:44:00;8;com vítima;293;BR-101/RJ;Sul;Colisão Traseira;2;;;;;;;;;;3;;2;;
05/01/2010;01:26:00;11;com vítima;293;BR-101/RJ;Norte;Colisão Lateral;2;;1;;;;;;;;4;;1;;
21/01/2010;14:11:00;130;sem vítima;293;BR-101/RJ;Sul;Colisão Traseira;;;2;;;;;;;;2;;;;
06/02/2010;04:49:00;36;sem vítima;293;BR-101/RJ;Sul;Capotamento;1;;;;;;;;;;1;;;;
06/02/2010;16:22:00;169;com vítima;293;BR-101/RJ;Sul;Tombamento;;;1;;;;;;;;0;1;2;;
08/02/2010;13:36:00;153;sem vítima;293;BR-101/RJ;Sul;Colisão Traseira;;;;;;1;;;;1;3;;;;
10/02/2010;19:14:00;195;sem vítima;293;BR-101/RJ;Sul;Capotamento;1;;;;;;;;;;4;;;;
18/03/2010;21:01:00;193;sem vítima;293;BR-101/RJ;Sul;Choque - Defensa, barreira ou "submarino";1;;;;;;;;;;1;;;;
06/04/2010;05:59:00;27;sem vítima;293;BR-101/RJ;Norte;Saida de Pista;1;;;;;;;;;;1;;;;
12/04/2010;08:28:00;55;sem vítima;293;BR-101/RJ;Norte;Queda de Moto;;;;1;;;;;;;1;;;;
18/04/2010;18:46:00;119;com vítima;293;BR-101/RJ;Sul;Choque - Defensa, barreira ou "submarino";;;;1;;;;;;;0;;;2;
08/05/2010;08:23:00;57;sem vítima;293;BR-101/RJ;Norte;Choque - Defensa, barreira ou "submarino";1;;1;;;;;;;;5;;;;
04/06/2010;20:04:00;167;sem vítima;293;BR-101/RJ;Norte;Colisão Lateral;1;;;;;;;;;1;20;;;;
08/06/2010;20:18:00;166;sem vítima;293;BR-101/RJ;Sul;Choque - Defensa, barreira ou "submarino";1;;;;;;;;;;3;;;;
08/06/2010;20:18:00;182;com vítima;293;BR-101/RJ;Sul;Choque - Suporte de Sinalização;1;;;;;;;;;;3;;1;;
11/06/2010;12:36:00;74;sem vítima;293;BR-101/RJ;Norte;Colisão Traseira;2;;1;;;;;;;;7;;;;
14/06/2010;08:07:00;53;sem vítima;293;BR-101/RJ;Norte;Colisão Traseira;2;;;;;;;;;1;4;;;;
16/06/2010;08:14:00;44;sem vítima;293;BR-101/RJ;Norte;Colisão Traseira;2;;;;;1;;;;;3;;;;
17/06/2010;06:53:00;37;sem vítima;293;BR-101/RJ;Sul;Colisão Lateral;1;;1;;;;;;;;6;;;;
21/06/2010;18:13:00;138;sem vítima;293;BR-101/RJ;Sul;Colisão Lateral;2;;;;;;;;;;3;;;;
27/06/2010;17:03:00;112;sem vítima;293;BR-101/RJ;Sul;Colisão Traseira;1;;;;;1;;;;;5;;;;
01/07/2010;18:46:00;129;com vítima;293;BR-101/RJ;Norte;Colisão Traseira;1;;1;;;;;;;;5;;2;;
20/07/2010;18:12:00;159;sem vítima;293;BR-101/RJ;Norte;Colisão Traseira;1;;;;1;;;;;;3;;;;
20/07/2010;18:23:00;163;sem vítima;293;BR-101/RJ;Sul;Choque - Defensa, barreira ou "submarino";1;;;;;;;;;;1;;;;
21/07/2010;16:26:00;162;sem vítima;293;BR-101/RJ;Norte;Colisão Lateral;2;;;;;;;;;;3;;;;