data;horario;n_da_ocorrencia;tipo_de_ocorrencia;km;trecho;sentido;tipo_de_acidente;automovel;bicicleta;caminhao;moto;onibus;outros;tracao_animal;transporte_de_cargas_especiais;trator_maquinas;utilitarios;ilesos;levemente_feridos;moderadamente_feridos;gravemente_feridos;mortos
24/07/2010;08:41:00;54;sem vítima;293;BR-101/RJ;Norte;Colisão Traseira;2;;;;;;;;;;6;;;;
25/07/2010;16:17:00;107;sem vítima;293;BR-101/RJ;Sul;Colisão Traseira;2;;;;;;;;;;7;;;;
30/07/2010;20:03:00;205;com vítima;293;BR-101/RJ;Sul;Colisão Transversal;2;;;;;;;;;;1;2;1;;
04/08/2010;12:37:00;90;sem vítima;293;BR-101/RJ;Norte;Colisão Lateral;1;;1;;;;;;;;3;;;;
09/08/2010;11:40:00;77;com vítima;293;BR-101/RJ;Sul;Atropelamento - Ciclista;;1;;;;1;;;;;1;;;1;
17/08/2010;14:16:00;94;sem vítima;293;BR-101/RJ;Norte;Colisão Traseira;1;;1;;;;;;;;2;;;;
28/08/2010;20:10:00;181;sem vítima;293;BR-101/RJ;Sul;Colisão Lateral;2;;;;;;;;;;4;;;;
29/08/2010;02:54:00;10;com vítima;293;BR-101/RJ;Norte;Saida de Pista;1;;;;;;;;;;0;2;;;
29/08/2010;18:16:00;108;sem vítima;293;BR-101/RJ;Norte;Colisão Lateral;1;;;1;;;;;;;2;;;;
31/08/2010;13:10:00;105;com vítima;293;BR-101/RJ;Norte;Capotamento;1;;;;;;;;;;1;;1;;
01/09/2010;23:19:00;195;sem vítima;293;BR-101/RJ;Sul;Saida de Pista;1;;;;;;;;;;1;;;;
15/09/2010;16:40:00;144;com vítima;293;BR-101/RJ;Norte;Colisão Traseira;1;;;1;;;;;;;1;1;;;
18/09/2010;23:34:00;188;com vítima;293;BR-101/RJ;Sul;Colisão Lateral;;;1;;;;;;;;1;;1;;
01/10/2010;07:57:00;42;com vítima;293;BR-101/RJ;Sul;Queda de Moto;;;;1;;;;;;;0;;1;;
10/10/2010;20:45:00;171;com vítima;293;BR-101/RJ;Norte;Queda de Moto;;;;1;;;;;;;0;;1;;
16/10/2010;00:14:00;1;sem vítima;293;BR-101/RJ;Norte;Colisão Lateral;1;;;;1;;;;;;35;;;;
30/10/2010;09:35:00;78;sem vítima;293;BR-101/RJ;Norte;Colisão Traseira;2;;;;;;;;;;5;;;;
05/11/2010;16:18:00;132;sem vítima;293;BR-101/RJ;Sul;Colisão Traseira;2;;;;;;;;;;2;;;;
06/11/2010;04:41:00;26;sem vítima;293;BR-101/RJ;Sul;Colisão Transversal;2;;;;;;;;;;5;;;;
07/11/2010;13:46:00;82;com vítima;293;BR-101/RJ;Norte;Tombamento;;;1;;;;;;;;0;1;;;
10/11/2010;10:21:00;62;com vítima;293;BR-101/RJ;Sul;Tombamento;;;1;;;;;;;;0;;2;;
20/11/2010;05:23:00;27;sem vítima;293;BR-101/RJ;Norte;Saida de Pista;1;;;;;;;;;;1;;;;
21/11/2010;04:49:00;19;sem vítima;293;BR-101/RJ;Norte;Saida de Pista;1;;;;;;;;;;1;;;;
22/11/2010;08:42:00;64;sem vítima;293;BR-101/RJ;Sul;Colisão Lateral;;;1;;1;;;;;;3;;;;
30/11/2010;13:44:00;115;com vítima;293;BR-101/RJ;Sul;Colisão Traseira;;;;1;1;;;;;;1;1;;;
04/12/2010;19:11:00;171;sem vítima;293;BR-101/RJ;Sul;Colisão Traseira;2;;;;;;;;;;4;;;;
06/12/2010;08:52:00;75;sem vítima;293;BR-101/RJ;Norte;Colisão Lateral;1;;1;;;;;;;;2;;;;
11/12/2010;20:29:00;184;sem vítima;293;BR-101/RJ;Norte;Colisão Lateral;1;;1;;;;;;;;2;;;;
16/12/2010;08:08:00;51;sem vítima;293;BR-101/RJ;Sul;Colisão Traseira;1;;;;;;;;;1;4;;;;
17/12/2010;08:08:00;47;sem vítima;293;BR-101/RJ;Sul;Colisão Traseira;3;;;;;;;;;;8;;;;
31/12/2010;19:13:00;221;sem vítima;293,29998779296875;BR-101/RJ;Norte;Saida de Pista;1;;1;;;;;;;;6;;;;
04/01/2011;11:16:00;104;sem vítima;293;BR-101/RJ;Sul;Colisão Traseira;2;;;;;;;;;;6;;;;
16/01/2011;21:42:00;239;sem vítima;293;BR-101/RJ;Sul;Colisão Lateral;1;;1;;;;;;;;2;;;;
23/01/2011;18:31:00;142;sem vítima;293;BR-101/RJ;Sul;Engavetamento;3;;;;;;;;;;14;;;;
10/02/2011;12:51:00;110;sem vítima;293;BR-101/RJ;Norte;Colisão Traseira;2;;;;;;;;;;6;;;;
15/02/2011;17:37:00;151;com vítima;293;BR-101/RJ;Norte;Engavetamento;6;;;;;;;;;;16;;1;;
20/02/2011;17:40:00;152;sem vítima;293;BR-101/RJ;Sul;Colisão Traseira;2;;;;;;;;;;9;;;;
22/02/2011;15:17:00;109;sem vítima;293;BR-101/RJ;Sul;Engavetamento;;;2;;2;;;;;1;6;;;;
19/03/2011;18:13:00;132;com vítima;305;BR-101/RJ;Sul;Atropelamento - Outros;1;1;;;;;;;;;2;;;1;
19/03/2011;20:11:00;146;com vítima;300;BR-101/RJ;Sul;Colisão Lateral;2;;;;;;;;;1;5;;1;;
01/05/2011;23:25:00;142;com vítima;293;BR-101/RJ;Norte;Queda de Moto;;;;1;;;;;;;0;;1;;
05/05/2011;08:57:00;52;sem vítima;293;BR-101/RJ;Norte;Colisão Traseira;2;;;;;;;;;;5;;;;
07/05/2011;06:39:00;27;sem vítima;293;BR-101/RJ;Sul;Choque - Defensa, barreira ou "submarino";1;;;;;;;;;;1;;;;
10/05/2011;10:57:00;96;sem vítima;293;BR-101/RJ;Sul;Colisão Traseira;2;;;;;;;;;;3;;;;
21/05/2011;20:13:00;171;sem vítima;293;BR-101/RJ;Norte;Colisão Lateral;1;;1;;;;;;;;4;;;;
27/05/2011;08:46:00;47;sem vítima;293;BR-101/RJ;Sul;Choque - Defensa, barreira ou "submarino";1;;;;;;;;;;1;;;;
28/05/2011;06:03:00;23;sem vítima;293;BR-101/RJ;Sul;Colisão Traseira;1;;;;;1;;;;;3;;;;
07/06/2011;18:59:00;158;sem vítima;293;BR-101/RJ;Sul;Colisão Lateral;2;;;;;;;;;;3;;;;
16/06/2011;14:28:00;112;sem vítima;293;BR-101/RJ;Sul;Colisão Traseira;2;;;;;;;;;;3;;;;
18/06/2011;03:58:00;16;sem vítima;293;BR-101/RJ;Sul;Saida de Pista;1;;;;;;;;;;1;;;;
18/06/2011;13:13:00;90;sem vítima;293;BR-101/RJ;Sul;Colisão Lateral;1;;;;;;;;;1;6;;;;
18/06/2011;20:09:00;147;sem vítima;293;BR-101/RJ;Sul;Colisão Traseira;2;;;;;;;;;;5;;;;
18/06/2011;14:58:00;103;com vítima;293,79998779296875;BR-101/RJ;Sul;Colisão Traseira;;;;1;;1;;;;;1;1;;;
26/06/2011;15:51:00;109;sem vítima;293,92401123046875;BR-101/RJ;Sul;Engavetamento;3;;;;;1;;;;;10;;;;
29/06/2011;01:15:00;7;sem vítima;293,29998779296875;BR-101/RJ;Sul;Tombamento;;;1;;;;;;;;1;;;;
03/08/2011;01:32:00;4;com vítima;293;BR-101/RJ;Sul;Capotamento;;;1;;;;;;;;1;;1;;
03/08/2011;11:29:00;63;sem vítima;293;BR-101/RJ;Norte;Colisão Lateral;1;;1;;;;;;;;2;;;;
04/08/2011;16:43:00;121;com vítima;293,5;BR-101/RJ;Sul;Outros;;;1;1;1;;;;;;6;2;;;
09/08/2011;11:58:00;82;sem vítima;293;BR-101/RJ;Sul;Colisão Traseira;2;;1;;;;;;;;3;;;;
21/08/2011;01:04:00;4;sem vítima;293;BR-101/RJ;Sul;Colisão Transversal;2;;;;;;;;;;8;;;;
01/09/2011;11:13:00;65;sem vítima;293,4800109863281;BR-101/RJ;Sul;Tombamento;;;1;;;;;;;;1;;;;
10/09/2011;17:47:00;130;sem vítima;293,4989929199219;BR-101/RJ;Sul;Colisão Traseira;1;;1;;;;;;;;3;;;;
14/09/2011;03:23:00;9;com vítima;293,5;BR-101/RJ;Sul;Tombamento;;;1;;;;;;;;0;1;;;
18/09/2011;12:04:00;64;sem vítima;293,70001220703125;BR-101/RJ;Norte;Colisão Traseira;2;;1;;;;;;;;10;;;;
02/10/2011;17:08:00;134;com vítima;293;BR-101/RJ;Norte;Queda de Moto;;;;1;;;;;;;1;;1;;
02/10/2011;17:21:00;137;sem vítima;293;BR-101/RJ;Sul;Engavetamento;6;;;;;;;;;;6;;;;
11/10/2011;22:34:00;189;sem vítima;293;BR-101/RJ;Sul;Colisão Traseira;1;;;;;1;;;;;2;;;;
15/10/2011;19:31:00;160;sem vítima;293;BR-101/RJ;Norte;Colisão Traseira;1;;;;1;;;;;;4;;;;
19/10/2011;16:18:00;117;sem vítima;293;BR-101/RJ;Norte;Colisão Lateral;1;;1;;;;;;;;2;;;;
01/11/2011;18:59:00;134;com vítima;293;BR-101/RJ;Norte;Colisão Lateral;;;;;;1;;;;1;2;1;;;
06/11/2011;00:47:00;4;com vítima;293,20001220703125;BR-101/RJ;Norte;Atropelamento - Morador;;;;1;;;;;;;1;;1;;
10/11/2011;11:00:00;77;com vítima;293;BR-101/RJ;Sul;Queda de Moto;;;;1;;;;;;;0;1;;;
13/11/2011;05:39:00;32;com vítima;293;BR-101/RJ;Norte;Colisão Traseira;1;;;1;;;;;;;2;2;;;
14/11/2011;12:26:00;69;com vítima;293;BR-101/RJ;Sul;Colisão Lateral;;;;1;;;;;;1;1;1;;;
20/11/2011;14:56:00;91;com vítima;293;BR-101/RJ;Norte;Queda de Moto;;;;1;;;;;;;0;;1;;
25/11/2011;22:53:00;200;sem vítima;293;BR-101/RJ;Sul;Colisão Lateral;1;;1;;;;;;;;3;;;;
06/12/2011;21:10:00;214;sem vítima;293;BR-101/RJ;Norte;Capotamento;1;;1;;;;;;;;5;;;;
07/12/2011;10:28:00;73;sem vítima;293;BR-101/RJ;Sul;Colisão Traseira;;;1;;;1;;;;;2;;;;
15/12/2011;08:54:00;50;sem vítima;293,8999938964844;BR-101/RJ;Norte;Outros - Sequência;2;;2;;;;;;;;9;;;;
17/12/2011;00:51:00;7;sem vítima;293;BR-101/RJ;Sul;Saida de Pista;;;1;;;;;;;;1;;;;
20/12/2011;04:18:00;20;com vítima;293;BR-101/RJ;Sul;Capotamento;1;;;;;;;;;;0;;;2;1
23/12/2011;05:04:00;28;sem vítima;293;BR-101/RJ;Norte;Tombamento;;;1;;;;;;;;2;;;;
08/01/2012;06:15:00;26;com vítima;293;BR-101/RJ;Sul;Queda de Moto;;;;1;;;;;;;0;;;;1
11/01/2012;23:23:00;218;sem vítima;293;BR-101/RJ;Sul;Colisão Lateral;2;;;;;;;;;;2;;;;
14/01/2012;20:28:00;202;sem vítima;293;BR-101/RJ;Sul;Colisão Lateral;2;;;;;;;;;;4;;;;
31/01/2012;11:30:00;75;sem vítima;293;BR-101/RJ;Norte;Colisão Traseira;;;2;;;;;;;;2;;;;
15/02/2012;14:25:00;111;com vítima;293,4;BR-101/RJ;Norte;Atropelamento - Ciclista;1;1;;;;;;;;;1;1;;;
17/02/2012;05:44:00;41;sem vítima;293;BR-101/RJ;Sul;Colisão Traseira;1;;;;;;;;;;1;;;;
17/02/2012;18:03:00;166;sem vítima;293;BR-101/RJ;Sul;Colisão Traseira;2;;;;;;;;;;4;;;;
22/02/2012;16:35:00;169;com vítima;293;BR-101/RJ;Sul;Colisão Lateral;1;;;1;;;;;;;5;1;;;
26/02/2012;13:07:00;106;sem vítima;293;BR-101/RJ;Sul;Engavetamento;4;;;;;1;;;;;10;;;;
03/03/2012;07:34:00;39;com vítima;293;BR-101/RJ;Norte;Atropelamento - Morador;1;;;;;;;;;;1;1;1;;
09/03/2012;11:29:00;77;sem vítima;293,5;BR-101/RJ;Sul;Colisão Lateral;;;3;;;;;;;;5;;;;
10/03/2012;19:14:00;161;sem vítima;293;BR-101/RJ;Sul;Colisão Traseira;;;2;;;;;;;;2;;;;
10/03/2012;22:27:00;181;sem vítima;293;BR-101/RJ;Norte;Tombamento;;;1;;;;;;;;1;;;;
20/03/2012;00:28:00;4;sem vítima;293;BR-101/RJ;Norte;Colisão Traseira;2;;;;;;;;;;5;;;;
25/03/2012;18:38:00;125;sem vítima;293;BR-101/RJ;Sul;Colisão Traseira;;;;1;;;;;;;1;;;;
30/03/2012;11:26:00;94;sem vítima;293;BR-101/RJ;Sul;Colisão Traseira;2;;;;;;;;;;2;;;;
08/04/2012;13:14:00;101;sem vítima;293;BR-101/RJ;Sul;Colisão Traseira;2;;;;;;;;;;2;;;;
13/04/2012;15:25:00;138;com vítima;293;BR-101/RJ;Norte;Colisão Traseira;2;;;;;;;;;;3;1;;;
11/05/2012;18:36:00;157;sem vítima;293;BR-101/RJ;Sul;Colisão Lateral;1;;1;;;;;;;;2;;;;
16/05/2012;16:19:00;133;sem vítima;293;BR-101/RJ;Sul;Colisão Lateral;1;;1;;;;;;;;3;;;;
18/05/2012;16:58:00;137;sem vítima;293;BR-101/RJ;Sul;Engavetamento;1;;2;;;;;;;;6;;;;
25/05/2012;01:04:00;5;sem vítima;293;BR-101/RJ;Norte;Queda de Moto;;;;1;;;;;;;2;;;;
27/05/2012;18:36:00;147;sem vítima;293;BR-101/RJ;Sul;Colisão Lateral;1;;1;;;;;;;;6;;;;
29/05/2012;17:39:00;149;sem vítima;293;BR-101/RJ;Sul;Colisão Traseira;2;;;;;;;;;;4;;;;
04/06/2012;21:09:00;167;com vítima;293;BR-101/RJ;Norte;Tombamento;;;1;;;;;;;1;2;;1;;
10/06/2012;12:23:00;84;sem vítima;293;BR-101/RJ;Sul;Colisão Traseira;2;;;;;;;;;;2;;;;
10/06/2012;13:12:00;93;sem vítima;293;BR-101/RJ;Sul;Engavetamento;4;;;;;;;;;;8;;;;
10/06/2012;19:33:00;187;sem vítima;293;BR-101/RJ;Sul;Colisão Traseira;1;;;;;1;;;;;2;;;;
11/06/2012;15:02:00;134;sem vítima;293;BR-101/RJ;Norte;Colisão Lateral;1;;1;;;;;;;;2;;;;
22/06/2012;22:57:00;172;sem vítima;293;BR-101/RJ;Sul;Colisão Traseira;1;;;;;1;;;;;2;;;;
26/06/2012;17:11:00;132;sem vítima;293;BR-101/RJ;Sul;Colisão Lateral;1;;1;;;;;;;;2;;;;
26/06/2012;14:26:00;113;sem vítima;293,36;BR-101/RJ;Sul;Colisão Lateral;1;;1;;;;;;;;5;;;;
08/07/2012;15:43:00;95;sem vítima;293;BR-101/RJ;Sul;Colisão Traseira;2;;;;;1;;;;;9;;;;
22/07/2012;16:55:00;130;sem vítima;293,21;BR-101/RJ;Sul;Engavetamento;3;;;;;;;;;;11;;;;
24/07/2012;13:00:00;105;sem vítima;293;BR-101/RJ;Sul;Colisão Lateral;1;;1;;;;;;;;4;;;;
27/07/2012;09:02:00;47;sem vítima;293;BR-101/RJ;Norte;Colisão Lateral;2;;;;;;;;;;2;;;;
27/07/2012;18:22:00;173;sem vítima;293,502;BR-101/RJ;Sul;Colisão Lateral;1;;1;;;;;;;;3;;;;
01/08/2012;12:12:00;103;com vítima;293,5;BR-101/RJ;Sul;Colisão Frontal;1;;;1;;;;;;;1;;1;1;
05/08/2012;17:04:00;127;com vítima;293,015;BR-101/RJ;Sul;Queda de Moto;;;;1;;;;;;;0;2;;;
10/08/2012;13:13:00;110;com vítima;293,6;BR-101/RJ;Norte;Colisão Traseira;1;;;1;;;;;;;3;1;;;
22/08/2012;23:57:00;233;sem vítima;293;BR-101/RJ;Sul;Colisão Traseira;1;;;;;1;;;;;2;;;;
23/08/2012;14:18:00;120;sem vítima;293;BR-101/RJ;Sul;Colisão Lateral;1;;;;;1;;;;;2;;;;
05/09/2012;08:19:00;66;com vítima;293,478;BR-101/RJ;Norte;Colisão Lateral;1;;;1;;;;;;;2;1;;;
10/09/2012;18:45:00;204;com vítima;293;BR-101/RJ;Sul;Choque - Defensa, barreira ou "submarino";1;;;;;;;;;;2;;2;;
13/09/2012;22:51:00;201;sem vítima;293,33;BR-101/RJ;Norte;Colisão Lateral;1;;1;;;;;;;;2;;;;
15/09/2012;03:27:00;21;com vítima;293;BR-101/RJ;Norte;Capotamento;1;;;;;;;;;;0;1;;;
15/09/2012;14:51:00;124;sem vítima;293;BR-101/RJ;Norte;Colisão Traseira;2;;;;;;;;;;2;;;;
19/09/2012;16:18:00;149;sem vítima;293;BR-101/RJ;Sul;Colisão Traseira;1;;1;;;;;;;;2;;;;
02/10/2012;04:56:00;18;sem vítima;293,979;BR-101/RJ;Norte;Engavetamento;2;;1;;;;;;;;6;;;;
05/10/2012;21:36:00;230;com vítima;293;BR-101/RJ;Sul;Queda de Moto;;;;1;;;;;;;0;;1;;
06/10/2012;00:14:00;3;sem vítima;293;BR-101/RJ;Sul;Colisão Traseira;1;;1;;;;;;;;4;;;;
11/10/2012;22:33:00;235;sem vítima;293,329;BR-101/RJ;Norte;Colisão Traseira;2;;1;;;;;;;;11;;;;
13/10/2012;20:48:00;150;sem vítima;293;BR-101/RJ;Sul;Saida de Pista;1;;;;;1;;;;;2;;;;
14/10/2012;19:02:00;130;com vítima;293;BR-101/RJ;Sul;Colisão Lateral;1;;;1;;;;;;;2;1;;;
14/10/2012;09:02:00;41;com vítima;293,7;BR-101/RJ;Sul;Choque - Defensa, barreira ou "submarino";1;;;;;;;;;;0;1;;;
19/10/2012;19:29:00;170;sem vítima;293;BR-101/RJ;Norte;Colisão Traseira;2;;;;;;;;;;6;;;;
21/10/2012;02:47:00;12;com vítima;293,807;BR-101/RJ;Norte;Saida de Pista;1;;;;;;;;;;0;;4;;
25/10/2012;11:44:00;104;sem vítima;293;BR-101/RJ;Sul;Saida de Pista;1;;1;;;;;;;;2;;;;
25/10/2012;11:56:00;109;sem vítima;293;BR-101/RJ;Sul;Colisão Traseira;1;;1;;;;;;;;2;;;;
27/10/2012;03:45:00;23;sem vítima;293,472;BR-101/RJ;Norte;Colisão Traseira;1;;1;;;;;;;;4;;;;
08/11/2012;16:30:00;111;com vítima;293,5;BR-101/RJ;Sul;Colisão Lateral;1;;;1;;;;;;;2;1;;;
12/11/2012;11:06:00;91;sem vítima;293;BR-101/RJ;Sul;Colisão Traseira;2;;;;;;;;;;2;;;;
01/12/2012;20:30:00;162;com vítima;293;BR-101/RJ;Sul;Queda de Moto;;;;1;;;;;;;0;;2;;
02/12/2012;11:11:00;76;sem vítima;293;BR-101/RJ;Sul;Choque - Defensa, barreira ou "submarino";1;;;;;;;;;;4;;;;
04/12/2012;10:13:00;81;sem vítima;293;BR-101/RJ;Norte;Colisão Traseira;2;;;;;;;;;;2;;;;
07/12/2012;17:41:00;213;sem vítima;293;BR-101/RJ;Norte;Colisão Traseira;3;;;;;;;;;;3;;;;
13/12/2012;00:29:00;2;sem vítima;293;BR-101/RJ;Sul;Choque - Defensa, barreira ou "submarino";1;;;;;;;;;;1;;;;
14/12/2012;23:49:00;240;sem vítima;293;BR-101/RJ;Sul;Choque - Talude;;;1;;;;;;;;3;;;;
14/12/2012;23:56:00;243;sem vítima;293;BR-101/RJ;Sul;Colisão Traseira;2;;;;;;;;;;2;;;;
19/12/2012;10:45:00;73;sem vítima;293;BR-101/RJ;Sul;Colisão Traseira;1;;;;1;;;;;;2;;;;
24/12/2012;10:18:00;52;com vítima;293;BR-101/RJ;Sul;Capotamento;1;;;;;;;;;;1;1;;;
08/01/2013;09:59:00;70;sem vítima;293;BR-101/RJ;Sul;Colisão Lateral;1;;;;1;;;;;;2;;;;
11/01/2013;12:39:00;99;sem vítima;293,375;BR-101/RJ;Sul;Colisão Lateral;1;;1;;;;;;;;5;;;;
22/01/2013;08:27:00;48;com vítima;293,5;BR-101/RJ;Sul;Choque - Defensa, barreira ou "submarino";1;;;;;;;;;;0;1;;;
24/01/2013;17:34:00;141;sem vítima;293,7;BR-101/RJ;Sul;Colisão Lateral;;;;;1;1;;;;;2;;;;
26/01/2013;16:31:00;142;sem vítima;293;BR-101/RJ;Sul;Colisão Lateral;1;;;;1;;;;;;2;;;;
03/02/2013;10:46:00;64;sem vítima;293,954;BR-101/RJ;Norte;Colisão Traseira;2;;;;;;;;;;3;;;;
09/02/2013;14:46:00;216;sem vítima;293;BR-101/RJ;Norte;Atropelamento - Ambulante;;;;2;;;;;;;3;;;;
29/03/2013;16:24:00;157;com vítima;293,5;BR-101/RJ;Norte;Tombamento;;;1;;;;;;;;0;1;;;
07/04/2013;07:38:00;44;sem vítima;293,5;BR-101/RJ;Norte;Colisão Traseira;2;;;;;;;;;;3;;;;
09/04/2013;07:59:00;59;sem vítima;293;BR-101/RJ;Norte;Colisão Lateral;;;;;1;1;;;;;35;;;;
12/04/2013;14:10:00;126;com vítima;293;BR-101/RJ;Norte;Colisão Traseira;1;;;1;;;;;;;4;1;;;
12/04/2013;20:13:00;205;com vítima;293;BR-101/RJ;Sul;Atropelamento - Morador;;;;1;;;;;;;1;;1;;
17/04/2013;13:46:00;100;sem vítima;293;BR-101/RJ;Norte;Colisão Traseira;1;;1;;;;;;;;2;;;;
21/04/2013;08:34:00;37;com vítima;293;BR-101/RJ;Norte;Colisão Traseira;2;;;;;;;;;;3;;1;;
26/04/2013;19:50:00;208;sem vítima;293;BR-101/RJ;Sul;Colisão Lateral;2;;;;;;;;;;2;;;;
27/04/2013;05:00:00;26;sem vítima;293;BR-101/RJ;Sul;Colisão Traseira;2;;;;;;;;;;3;;;;
04/05/2013;06:31:00;28;sem vítima;293;BR-101/RJ;Norte;Colisão Lateral;1;;;;1;;;;;;2;;;;
08/05/2013;07:50:00;40;sem vítima;293,5;BR-101/RJ;Norte;Colisão Traseira;1;;;;1;;;;;;2;;;;
11/05/2013;16:39:00;143;sem vítima;293;BR-101/RJ;Norte;Colisão Traseira;2;;;;;;;;;;2;;;;
13/05/2013;12:40:00;90;com vítima;293,647;BR-101/RJ;Norte;Saida de Pista;1;;1;;;;;;;;1;;2;;
26/05/2013;08:51:00;45;sem vítima;293;BR-101/RJ;Norte;Colisão Traseira;2;;;;;;;;;;2;;;;
01/06/2013;02:22:00;13;sem vítima;293;BR-101/RJ;Sul;Saida de Pista;1;;;;;;;;;;1;;;;
22/06/2013;12:47:00;92;sem vítima;293;BR-101/RJ;Norte;Colisão Lateral;;;1;1;;;;;;;2;;;;
22/06/2013;19:14:00;154;sem vítima;293;BR-101/RJ;Sul;Colisão Traseira;2;;;;;;;;;;2;;;;
01/07/2013;05:59:00;20;com vítima;293;BR-101/RJ;Norte;Queda de Moto;;;;1;;;;;;;1;1;;;
06/07/2013;04:58:00;21;com vítima;293,3;BR-101/RJ;Norte;Capotamento;;;;;;;;;;1;1;;1;1;
07/07/2013;03:20:00;17;com vítima;293,373;BR-101/RJ;Norte;Capotamento;1;;;;;;;;;;0;1;;;
19/07/2013;19:50:00;184;com vítima;293,317;BR-101/RJ;Sul;Queda de Moto;;;;1;;;;;;;0;;1;;
27/07/2013;04:09:00;18;sem vítima;293,533;BR-101/RJ;Sul;Saida de Pista;1;;;;;;;;;;2;;;;
02/08/2013;09:32:00;63;sem vítima;293;BR-101/RJ;Norte;Colisão Traseira;1;;;;1;;;;;;3;;;;
04/08/2013;18:10:00;165;com vítima;293,96;BR-101/RJ;Norte;Atropelamento - Morador;1;;;;;;;;;;1;;;1;
19/08/2013;11:56:00;102;sem vítima;293,67;BR-101/RJ;Norte;Colisão Lateral;1;;;;1;;;;;;2;;;;
21/08/2013;23:17:00;184;sem vítima;293,3;BR-101/RJ;Sul;Choque - Defensa, barreira ou "submarino";1;;;;;;;;;;1;;;;
26/08/2013;13:09:00;110;sem vítima;293,353;BR-101/RJ;Sul;Tombamento;;;1;;;;;;;;1;;;;
30/08/2013;13:51:00;104;sem vítima;293;BR-101/RJ;Norte;Colisão Traseira;1;;1;;;;;;;;2;;;;
31/08/2013;07:08:00;30;com vítima;293;BR-101/RJ;Norte;Atropelamento - Ciclista;;1;1;;;;;;;;2;;1;;
31/08/2013;09:45:00;64;com vítima;293;BR-101/RJ;Sul;Colisão Traseira;1;;;1;;;;;;;1;;1;;
04/09/2013;02:15:00;9;com vítima;293,332;BR-101/RJ;Norte;Tombamento;;;1;;;;;;;;0;;;1;
07/09/2013;15:04:00;137;com vítima;293;BR-101/RJ;Sul;Outros - Sequência;;;;1;;1;;;;;2;;;1;
16/09/2013;09:11:00;54;sem vítima;293;BR-101/RJ;Sul;Colisão Lateral;1;;;;1;;;;;;3;;;;
23/09/2013;19:02:00;159;com vítima;293;BR-101/RJ;Sul;Atropelamento - Ciclista;1;1;;;;;;;;;1;;1;;
28/09/2013;22:42:00;187;com vítima;293,35;BR-101/RJ;Sul;Choque - Outros;1;;;;;;;;;;0;1;;;
02/10/2013;21:53:00;162;sem vítima;293;BR-101/RJ;Sul;Colisão Traseira;2;;;;;;;;;;2;;;;
02/10/2013;04:31:00;15;com vítima;293,5;BR-101/RJ;Sul;Tombamento;;;1;;;;;;;;0;1;;;
06/10/2013;17:21:00;99;sem vítima;293;BR-101/RJ;Sul;Colisão Traseira;2;;;;;;;;;;2;;;;
11/10/2013;10:34:00;90;sem vítima;293,47;BR-101/RJ;Sul;Tombamento;;;1;;;;;;;;2;;;;
27/10/2013;04:45:00;30;sem vítima;293,28;BR-101/RJ;Sul;Choque - Defensa, barreira ou "submarino";2;;;;;;;;;;3;;;;
27/10/2013;04:45:00;32;sem vítima;293,28;BR-101/RJ;Norte;Colisão Lateral;1;;1;;;;;;;;3;;;;
01/11/2013;08:54:00;56;sem vítima;293,338;BR-101/RJ;Norte;Colisão Traseira;1;;;;;1;;;;;2;;;;
05/11/2013;09:08:00;60;sem vítima;293,946;BR-101/RJ;Norte;Engavetamento;3;;;;;1;;;;;7;;;;
07/11/2013;23:47:00;202;sem vítima;293;BR-101/RJ;Norte;Colisão Traseira;2;;;;;;;;;;6;;;;
09/11/2013;15:30:00;127;com vítima;293,053;BR-101/RJ;Norte;Outros - Sequência;2;;;;;;;;;;1;;3;;
16/11/2013;21:47:00;176;sem vítima;293;BR-101/RJ;Sul;Engavetamento;2;;;;;;;;;;3;;;;
22/11/2013;05:17:00;30;sem vítima;293,536;BR-101/RJ;Norte;Colisão Traseira;1;;;;;1;;;;;3;;;;
14/12/2013;08:15:00;54;com vítima;293,99;BR-101/RJ;Norte;Engavetamento;4;;;;;;;;;;5;1;;;
15/12/2013;04:23:00;23;com vítima;293,235;BR-101/RJ;Norte;Tombamento;;;1;;;;;;;;0;1;;;
17/12/2013;11:05:00;79;sem vítima;293,651;BR-101/RJ;Sul;Colisão Lateral;1;;1;;;;;;;;2;;;;
21/12/2013;13:33:00;110;sem vítima;293,51;BR-101/RJ;Sul;Saida de Pista;1;;;;;;;;;;4;;;;
04/01/2014;20:30:00;209;sem vítima;293,973;BR-101/RJ;Norte;Saida de Pista;1;;;;;;;;;;2;;;;
13/01/2014;11:46:00;97;sem vítima;293,566;BR-101/RJ;Sul;Colisão Traseira;1;;;;1;;;;;;3;;;;
26/01/2014;12:40:00;78;com vítima;293,53;BR-101/RJ;Sul;Queda de Moto;;;;2;;;;;;;0;2;;;
28/01/2014;16:43:00;145;sem vítima;293;BR-101/RJ;Norte;Tombamento;;;1;;;;;;;;2;;;;
31/01/2014;14:35:00;131;com vítima;293;BR-101/RJ;Norte;Saida de Pista;;;;;;;;;;1;3;1;;;
28/02/2014;12:25:00;131;sem vítima;293;BR-101/RJ;Sul;Choque - Suporte de Sinalização;;;1;;;;;;;;1;;;;
02/03/2014;19:18:00;176;com vítima;293;BR-101/RJ;Sul;Colisão Lateral;1;;;1;;;;;;;1;;;1;
08/03/2014;19:55:00;178;sem vítima;293;BR-101/RJ;Sul;Engavetamento;3;;;;;;;;;;4;;;;
09/03/2014;07:44:00;47;sem vítima;293,293;BR-101/RJ;Sul;Choque - Outros;1;;;;;;;;;;2;;;;
10/03/2014;10:39:00;88;com vítima;293;BR-101/RJ;Norte;Atropelamento - Ciclista;1;1;;;;;;;;;1;;1;;