data;horario;n_da_ocorrencia;tipo_de_ocorrencia;km;trecho;sentido;tipo_de_acidente;automovel;bicicleta;caminhao;moto;onibus;outros;tracao_animal;transporte_de_cargas_especiais;trator_maquinas;utilitarios;ilesos;levemente_feridos;moderadamente_feridos;gravemente_feridos;mortos
20/03/2014;09:24:00;70;com vítima;293;BR-101/RJ;Sul;Tombamento;;;1;;;;;;;;0;;1;;
29/03/2014;17:18:00;172;sem vítima;293;BR-101/RJ;Sul;Colisão Lateral;1;;1;;;;;;;;4;;;;
08/04/2014;16:45:00;127;sem vítima;293,81;BR-101/RJ;Sul;Colisão Lateral;1;;1;;;;;;;;2;;;;
09/04/2014;10:49:00;91;sem vítima;293;BR-101/RJ;Sul;Colisão Traseira;1;;1;;;;;;;;2;;;;
10/04/2014;11:58:00;106;com vítima;293,354;BR-101/RJ;Sul;Colisão Transversal;;;1;;1;1;;;;;3;3;;;
11/04/2014;09:41:00;62;com vítima;293,57;BR-101/RJ;Sul;Queda de Moto;;;;1;;;;;;;0;1;;;
18/04/2014;23:43:00;241;com vítima;293;BR-101/RJ;Norte;Colisão Traseira;1;;;1;;;;;;;3;1;;;
07/05/2014;14:20:00;97;sem vítima;293,32;BR-101/RJ;Norte;Colisão Lateral;2;;;;;;;;;;4;;;;
16/05/2014;07:40:00;45;com vítima;293,7;BR-101/RJ;Norte;Colisão Lateral;1;;;1;;;;;;;2;;1;;
04/06/2014;08:44:00;54;sem vítima;293,94;BR-101/RJ;Norte;Engavetamento;3;;;;;;;;;;6;;;;
07/06/2014;12:20:00;67;sem vítima;293,464;BR-101/RJ;Norte;Colisão Traseira;;;2;;;;;;;;2;;;;
14/06/2014;21:33:00;164;sem vítima;293,587;BR-101/RJ;Norte;Colisão Traseira;2;;;;;;;;;;6;;;;
17/06/2014;09:33:00;81;com vítima;293,745;BR-101/RJ;Sul;Colisão Traseira;;;;;2;;;;;;1;24;2;;
17/06/2014;13:21:00;116;sem vítima;293,953;BR-101/RJ;Sul;Engavetamento;2;;;;;1;;;;;3;;;;
19/06/2014;13:30:00;57;sem vítima;293;BR-101/RJ;Sul;Colisão Traseira;1;;1;;;;;;;;4;;;;
20/06/2014;08:35:00;45;sem vítima;293;BR-101/RJ;Norte;Colisão Traseira;2;;;;;;;;;;3;;;;
24/06/2014;14:35:00;109;sem vítima;293;BR-101/RJ;Sul;Colisão Lateral;1;;1;;;;;;;;5;;;;
27/06/2014;19:12:00;183;sem vítima;293,5;BR-101/RJ;Sul;Colisão Traseira;;;1;;;;;;;1;2;;;;
03/07/2014;05:29:00;22;com vítima;293,438;BR-101/RJ;Sul;Saida de Pista;1;;;;;;;;;1;0;1;;1;3
03/07/2014;18:55:00;157;sem vítima;293,552;BR-101/RJ;Sul;Colisão Lateral;2;;;;;;;;;;7;;;;
08/07/2014;11:59:00;60;sem vítima;293;BR-101/RJ;Norte;Saida de Pista;1;;;;;;;;;;1;;;;
11/07/2014;19:26:00;161;sem vítima;293;BR-101/RJ;Sul;Colisão Lateral;1;;1;;;;;;;;2;;;;
23/07/2014;14:41:00;100;sem vítima;293;BR-101/RJ;Norte;Colisão Lateral;1;;1;;;;;;;;5;;;;
30/07/2014;18:25:00;163;com vítima;293,948;BR-101/RJ;Sul;Engavetamento;4;;;;;;;;;;3;3;1;;
08/08/2014;13:03:00;105;sem vítima;293;BR-101/RJ;Sul;Colisão Traseira;2;;;;;1;;;;;4;;;;
08/08/2014;18:37:00;177;sem vítima;293;BR-101/RJ;Norte;Colisão Traseira;1;;1;;;;;;;;2;;;;
10/09/2014;12:36:00;84;sem vítima;293;BR-101/RJ;Sul;Choque - Defensa, barreira ou "submarino";;;;;;;;;;1;1;;;;
19/09/2014;20:07:00;185;sem vítima;293,465;BR-101/RJ;Sul;Colisão Traseira;1;;;;;1;;;;;2;;;;
17/10/2014;11:32:00;92;sem vítima;293;BR-101/RJ;Sul;Colisão Traseira;;;1;;;;;;;;2;;;;
19/10/2014;06:27:00;21;com vítima;293,484;BR-101/RJ;Norte;Colisão Traseira;1;;;1;;;;;;;4;;1;;
04/12/2014;17:22:00;144;sem vítima;293;BR-101/RJ;Norte;Colisão Traseira;1;;1;;;;;;;;2;;;;
07/12/2014;17:19:00;104;com vítima;293;BR-101/RJ;Sul;Colisão Traseira;1;;;;;1;;;;;3;1;;;
18/12/2014;16:42:00;133;sem vítima;293;BR-101/RJ;Sul;Colisão Traseira;2;;;;;;;;;;3;;;;
12/01/2015;10:32:00;74;sem vítima;293;BR-101/RJ;Sul;Colisão Traseira;1;;;;;1;;;;;2;;;;
01/02/2015;12:46:00;59;sem vítima;293;BR-101/RJ;Sul;Engavetamento;3;;;;;1;;;;;8;0;0;0;0
14/02/2015;05:35:00;58;com vítima;293;BR-101/RJ;Norte;Outros - Sequência;1;;1;;;;;;;;0;1;2;1;0
18/02/2015;11:09:00;78;sem vítima;293;BR-101/RJ;Sul;Engavetamento;3;;;;;;;;;;3;0;0;0;0
20/02/2015;00:32:00;2;sem vítima;293;BR-101/RJ;Sul;Colisão Lateral;1;;1;;;;;;;;2;0;0;0;0
24/02/2015;16:31:00;125;sem vítima;293;BR-101/RJ;Norte;Colisão Traseira;1;;1;;;;;;;;3;;;;
03/03/2015;17:43:00;126;com vítima;293;BR-101/RJ;Sul;Queda de Moto;;;;1;;;;;;;0;1;0;0;0
05/03/2015;21:38:00;128;sem vítima;293;BR-101/RJ;Sul;Saida de Pista;1;;;;;;;;;;1;0;0;0;0
28/03/2015;17:38:00;147;com vítima;293,34;BR-101/RJ;Sul;Choque - Defensa, barreira ou "submarino";1;;;;;;;;;;0;0;1;0;0
03/04/2015;13:33:00;93;com vítima;293,629;BR-101/RJ;Sul;Choque - Defensa, barreira ou "submarino";1;;;;;;;;;;0;1;;;
07/04/2015;05:30:00;20;sem vítima;293;BR-101/RJ;Sul;Choque - Defensa, barreira ou "submarino";1;;;;;;;;;;1;;;;
25/04/2015;09:06:00;51;sem vítima;293;BR-101/RJ;Norte;Engavetamento;2;;;;;;;;;1;3;;;;
13/05/2015;11:41:00;85;com vítima;293,5;BR-101/RJ;Sul;Colisão Lateral;1;;;1;;;;;;;1;1;;;
14/05/2015;18:46:00;177;sem vítima;293;BR-101/RJ;Sul;Engavetamento;3;;;;;;;;;;5;;;;
16/05/2015;14:19:00;121;com vítima;293;BR-101/RJ;Sul;Queda de Moto;;;;1;;;;;;;0;1;;;
19/05/2015;17:56:00;160;sem vítima;293;BR-101/RJ;Norte;Colisão Traseira;2;;;;;;;;;;3;;;;
02/06/2015;14:15:00;122;com vítima;293;BR-101/RJ;Norte;Outros - Sequência;;;;1;;1;;;;1;2;1;;;
04/06/2015;05:49:00;42;sem vítima;293;BR-101/RJ;Sul;Capotamento;1;;;;;;;;;;1;;;;
04/06/2015;19:35:00;168;com vítima;293;BR-101/RJ;Sul;Queda de Moto;;;;1;;;;;;;0;2;;;
04/06/2015;00:10:00;3;com vítima;293,947;BR-101/RJ;Sul;Choque - Poste;1;;;;;;;;;;0;1;;;
13/06/2015;22:04:00;212;com vítima;293;BR-101/RJ;Sul;Colisão Traseira;1;;;1;;;;;;;1;1;;;
20/06/2015;07:16:00;34;sem vítima;293;BR-101/RJ;Sul;Colisão Traseira;1;;1;;;;;;;;2;;;;
03/07/2015;06:49:00;32;com vítima;293,576;BR-101/RJ;Sul;Choque - Defensa, barreira ou "submarino";1;;;;;;;;;;0;1;;;
13/07/2015;13:15:00;126;sem vítima;293;BR-101/RJ;Sul;Colisão Transversal;;;2;;;;;;;;2;;;;
20/07/2015;12:42:00;112;sem vítima;293;BR-101/RJ;Norte;Choque - Defensa, barreira ou "submarino";1;;;;;;;;;;1;;;;
20/07/2015;17:25:00;173;com vítima;293,5;BR-101/RJ;Sul;Queda de Moto;;;;1;;;;;;;0;;1;;
23/07/2015;18:10:00;181;com vítima;293,959;BR-101/RJ;Norte;Colisão Traseira;2;;;1;;;;;;;3;1;;;
29/07/2015;10:53:00;99;com vítima;293;BR-101/RJ;Sul;Colisão Lateral;1;;1;;;;;;;;1;1;;;
05/08/2015;15:53:00;138;sem vítima;293;BR-101/RJ;Sul;Colisão Lateral;1;;;;;;;;;1;6;;;;
06/08/2015;14:14:00;121;sem vítima;293;BR-101/RJ;Norte;Colisão Traseira;2;;;;;;;;;;4;;;;
24/08/2015;06:30:00;32;com vítima;293,419;BR-101/RJ;Sul;Queda de Moto;;;;2;;;;;;;0;3;;;
29/08/2015;18:03:00;151;com vítima;293;BR-101/RJ;Norte;Queda de Moto;;;;1;;;;;;;0;1;;;
30/08/2015;18:28:00;127;com vítima;293,98;BR-101/RJ;Sul;Colisão Traseira;1;;;1;;;;;;;1;;2;;
03/09/2015;17:05:00;163;sem vítima;293;BR-101/RJ;Norte;Colisão Traseira;2;;;;;;;;;;2;;;;
04/09/2015;20:07:00;196;com vítima;293,6;BR-101/RJ;Sul;Choque - Elemento de Drenagem;1;;;;;;;;;;0;2;;;
11/09/2015;21:48:00;229;sem vítima;293;BR-101/RJ;Sul;Colisão Lateral;;;1;;;;;;;1;2;;;;
04/11/2015;01:14:00;9;sem vítima;293;BR-101/RJ;Sul;Choque - Defensa, barreira ou "submarino";1;;;;;;;;;;1;;;;
06/11/2015;16:17:00;152;sem vítima;293;BR-101/RJ;Sul;Colisão Lateral;1;;1;;;;;;;;4;;;;
08/11/2015;14:00:00;99;sem vítima;293;BR-101/RJ;Sul;Colisão Lateral;2;;;;;;;;;;16;;;;
08/11/2015;16:39:00;130;com vítima;293;BR-101/RJ;Sul;Queda de Moto;;;;1;;1;;;;;1;2;;;
18/11/2015;07:59:00;56;com vítima;293;BR-101/RJ;Norte;Colisão Traseira;1;;1;;;;;;;;1;1;;;
23/11/2015;09:00:00;74;sem vítima;293;BR-101/RJ;Sul;Colisão Traseira;;;1;;;;;;;1;4;;;;
27/11/2015;19:16:00;213;com vítima;293;BR-101/RJ;Sul;Queda de Moto;;;;1;;;;;;;0;1;;;
18/12/2015;18:38:00;240;sem vítima;293;BR-101/RJ;Sul;Colisão Traseira;2;;;;;;;;;;3;;;;
31/12/2015;08:39:00;89;sem vítima;293;BR-101/RJ;Norte;Colisão Traseira;2;;;;;;;;;;3;;;;
03/01/2010;17:30:00;189;com vítima;294;BR-101/RJ;Sul;Engavetamento;3;;;;;1;;;;;10;2;;;
04/01/2010;11:11:00;107;sem vítima;294;BR-101/RJ;Sul;Colisão Traseira;2;;;;;;;;;1;25;;;;
08/01/2010;15:54:00;129;sem vítima;294;BR-101/RJ;Norte;Atropelamento - Usuário;;;;1;;;;;;;2;;;;
09/01/2010;13:20:00;116;sem vítima;294;BR-101/RJ;Norte;Engavetamento;3;;;;;;;;;;3;;;;
30/01/2010;10:51:00;93;sem vítima;294;BR-101/RJ;Norte;Engavetamento;2;;;;1;;;;;;11;;;;
12/02/2010;10:20:00;98;sem vítima;294;BR-101/RJ;Norte;Colisão Traseira;2;;;;;;;;;;4;;;;
26/02/2010;01:45:00;5;sem vítima;294;BR-101/RJ;Sul;Saida de Pista;1;;1;;;;;;;;3;;;;
10/03/2010;20:22:00;203;sem vítima;294;BR-101/RJ;Norte;Saida de Pista;1;;;;;;;;;;2;;;;
31/03/2010;18:10:00;153;sem vítima;294;BR-101/RJ;Sul;Saida de Pista;;;1;;;;;;;;1;;;;
01/04/2010;12:24:00;119;sem vítima;294;BR-101/RJ;Norte;Colisão Traseira;2;;;;;;;;;;6;;;;
03/04/2010;18:58:00;113;sem vítima;294;BR-101/RJ;Sul;Engavetamento;3;;;;;1;;;;;8;;;;
04/04/2010;02:33:00;12;com vítima;294;BR-101/RJ;Sul;Atropelamento - Usuário;;;;;;;;;;1;3;;1;;
06/04/2010;03:56:00;19;com vítima;294;BR-101/RJ;Sul;Capotamento;1;;;;;;;;;;0;2;2;;
06/04/2010;14:57:00;116;sem vítima;294;BR-101/RJ;Norte;Colisão Traseira;1;;;;;;;;;1;3;;;;
07/04/2010;22:10:00;169;com vítima;294;BR-101/RJ;Norte;Queda de Moto;;;;1;;;;;;;0;;1;;
14/04/2010;07:01:00;39;sem vítima;294;BR-101/RJ;Sul;Colisão Lateral;1;;;;1;;;;;;3;;;;
19/04/2010;12:56:00;94;sem vítima;294;BR-101/RJ;Sul;Colisão Traseira;1;;1;;;;;;;;2;;;;
19/04/2010;14:22:00;111;sem vítima;294;BR-101/RJ;Sul;Colisão Traseira;1;;;;;;;;;1;3;;;;
21/04/2010;18:18:00;158;com vítima;294;BR-101/RJ;Norte;Capotamento;;;;;;;;;;1;0;;1;1;
24/04/2010;19:11:00;123;com vítima;294;BR-101/RJ;Norte;Atropelamento - Usuário;;;;;;1;;;;;1;;;1;
13/05/2010;21:22:00;150;com vítima;294;BR-101/RJ;Norte;Queda de Moto;;;;1;;;;;;;0;2;;;
16/05/2010;18:06:00;127;sem vítima;294;BR-101/RJ;Sul;Colisão Traseira;2;;;;;;;;;;5;;;;
17/05/2010;00:36:00;8;sem vítima;294;BR-101/RJ;Norte;Capotamento;1;;;;;;;;;;2;;;;
21/05/2010;05:15:00;25;com vítima;294;BR-101/RJ;Norte;Choque - Defensa, barreira ou "submarino";2;;;;;;;;;;2;;1;;
23/05/2010;04:53:00;25;com vítima;294;BR-101/RJ;Sul;Capotamento;1;;;;;;;;;;1;;1;;
02/06/2010;22:56:00;206;sem vítima;294;BR-101/RJ;Norte;Colisão Lateral;1;;1;;;;;;;;2;;;;
03/06/2010;23:15:00;167;com vítima;294;BR-101/RJ;Norte;Choque - Veiculo parado no acostamento;1;;1;;;;;;;;1;;1;;
07/06/2010;08:29:00;58;sem vítima;294;BR-101/RJ;Sul;Engavetamento;4;;;;;;;;;;6;;;;
11/06/2010;18:21:00;133;sem vítima;294;BR-101/RJ;Sul;Colisão Traseira;2;;;;;;;;;;5;;;;
19/06/2010;10:11:00;54;sem vítima;294;BR-101/RJ;Norte;Colisão Traseira;2;;;;;;;;;;4;;;;
12/07/2010;13:22:00;124;com vítima;294;BR-101/RJ;Sul;Atropelamento - Morador;;;;;;;;;;1;0;1;1;;
16/07/2010;18:15:00;189;sem vítima;294;BR-101/RJ;Norte;Engavetamento;4;;;;;;;;;;9;;;;
19/07/2010;07:26:00;41;com vítima;294;BR-101/RJ;Norte;Colisão Traseira;1;;;1;;;;;;;1;;1;;
20/07/2010;12:09:00;93;sem vítima;294;BR-101/RJ;Norte;Engavetamento;3;;;;;;;;;;3;;;;
25/07/2010;07:06:00;27;sem vítima;294;BR-101/RJ;Norte;Colisão Traseira;2;;;;;;;;;;2;;;;
31/07/2010;10:04:00;79;com vítima;294;BR-101/RJ;Norte;Colisão Traseira;2;;;1;;;;;;;3;;1;;
08/08/2010;23:00:00;203;sem vítima;294;BR-101/RJ;Sul;Saida de Pista;1;;;;;;;;;;1;;;;
19/08/2010;06:13:00;19;sem vítima;294;BR-101/RJ;Sul;Colisão Traseira;1;;;;1;;;;;;2;;;;
02/09/2010;17:54:00;138;com vítima;294;BR-101/RJ;Sul;Colisão Transversal;1;;;;2;;;;;1;7;1;;2;
02/09/2010;18:03:00;141;com vítima;294;BR-101/RJ;Norte;Queda de Moto;;;;1;;;;;;;0;1;;;
04/09/2010;13:34:00;152;sem vítima;294;BR-101/RJ;Norte;Colisão Traseira;2;;;;;1;;;;;7;;;;
18/09/2010;06:16:00;37;sem vítima;294;BR-101/RJ;Norte;Saida de Pista;1;;;;;;;;;;1;;;;
15/11/2010;08:27:00;35;com vítima;294;BR-101/RJ;Norte;Colisão Traseira;;;;1;1;;;;;;2;;;1;
06/12/2010;05:46:00;30;sem vítima;294;BR-101/RJ;Sul;Colisão Traseira;;;1;;;;;;;1;2;;;;
09/12/2010;17:02:00;118;sem vítima;294;BR-101/RJ;Norte;Colisão Traseira;2;;;1;;;;;;;3;;;;
12/12/2010;20:30:00;175;sem vítima;294;BR-101/RJ;Sul;Colisão Traseira;2;;;;;;;;;;7;;;;
23/12/2010;15:49:00;168;sem vítima;294;BR-101/RJ;Norte;Colisão Traseira;2;;;;;;;;;;2;;;;
23/12/2010;18:58:00;219;sem vítima;294;BR-101/RJ;Sul;Saida de Pista;1;;;;;;;;;;1;;;;
23/12/2010;17:17:00;190;sem vítima;294,5;BR-101/RJ;Norte;Colisão Traseira;;;;;;;;;;2;2;;;;
29/12/2010;10:41:00;84;sem vítima;294;BR-101/RJ;Norte;Colisão Lateral;2;;;;;;;;;;2;;;;
31/12/2010;15:28:00;181;com vítima;294;BR-101/RJ;Sul;Capotamento;;;;;;;;;;1;0;2;;;
31/12/2010;17:59:00;211;sem vítima;294;BR-101/RJ;Norte;Colisão Traseira;2;;;;;;;;;;2;;;;
07/01/2011;23:39:00;239;com vítima;294;BR-101/RJ;Norte;Capotamento;1;;;;;;;;;;0;3;1;;
16/01/2011;07:50:00;43;sem vítima;294;BR-101/RJ;Norte;Colisão Traseira;2;;;;;;;;;;6;;;;
19/01/2011;15:58:00;144;sem vítima;294;BR-101/RJ;Norte;Colisão Traseira;2;;;;;;;;;;2;;;;
09/02/2011;16:29:00;121;sem vítima;294;BR-101/RJ;Sul;Colisão Lateral;1;;;;;1;;;;;2;;;;
13/02/2011;04:48:00;19;com vítima;294;BR-101/RJ;Norte;Outros - Sequência;1;;;;;;;;;;0;3;;;
14/02/2011;09:01:00;73;sem vítima;294;BR-101/RJ;Sul;Engavetamento;2;;;;1;;;;;;4;;;;
14/02/2011;09:20:00;80;sem vítima;294;BR-101/RJ;Norte;Colisão Traseira;1;;1;;;;;;;;8;;;;
15/02/2011;10:24:00;65;com vítima;294;BR-101/RJ;Norte;Atropelamento - Andarilho;1;;;;;;;;;;1;;1;;
07/05/2011;04:55:00;21;com vítima;294;BR-101/RJ;Sul;Colisão Traseira;1;;;1;;;;;;;2;;1;;
11/05/2011;23:36:00;182;sem vítima;294;BR-101/RJ;Norte;Colisão Lateral;1;;1;;;;;;;;4;;;;
20/05/2011;17:58:00;144;sem vítima;294;BR-101/RJ;Sul;Colisão Traseira;1;;1;;;;;;;;2;;;;
20/05/2011;18:35:00;152;sem vítima;294;BR-101/RJ;Sul;Colisão Traseira;2;;;;;;;;;;2;;;;
03/06/2011;18:37:00;170;sem vítima;294;BR-101/RJ;Sul;Colisão Traseira;2;;;;;;;;;;2;;;;
06/06/2011;11:07:00;87;com vítima;294;BR-101/RJ;Sul;Queda de Moto;1;;;1;;;;;;;1;;1;;
14/08/2011;18:00:00;133;com vítima;294;BR-101/RJ;Sul;Queda de Moto;;;;1;;1;;;;;2;;1;;
24/08/2011;11:29:00;69;sem vítima;294,04998779296875;BR-101/RJ;Sul;Colisão Lateral;1;;;;1;;;;;;2;;;;
28/08/2011;08:24:00;36;com vítima;294;BR-101/RJ;Norte;Colisão Lateral;;;;1;;1;;;;;1;;1;;
11/09/2011;19:22:00;159;sem vítima;294;BR-101/RJ;Sul;Engavetamento;3;;;;;;;;;;11;;;;
14/09/2011;19:31:00;136;sem vítima;294,5;BR-101/RJ;Norte;Engavetamento;3;;;;;;;;;;3;;;;
17/09/2011;11:56:00;100;sem vítima;294;BR-101/RJ;Norte;Colisão Traseira;2;;;;;;;;;;5;;;;
17/09/2011;13:31:00;119;com vítima;294;BR-101/RJ;Sul;Colisão Traseira;1;;;1;;;;;;;1;2;;;
17/09/2011;13:55:00;126;sem vítima;294;BR-101/RJ;Sul;Colisão Lateral;1;;1;;;;;;;;4;;;;
18/09/2011;12:12:00;66;com vítima;294;BR-101/RJ;Norte;Colisão Traseira;;;1;1;;;;;;;1;2;;;
30/09/2011;07:43:00;43;sem vítima;294;BR-101/RJ;Norte;Colisão Lateral;1;;;;1;;;;;;3;;;;
07/10/2011;14:17:00;121;sem vítima;294;BR-101/RJ;Norte;Colisão Traseira;2;;;;;;;;;;3;;;;
23/10/2011;16:45:00;104;sem vítima;294;BR-101/RJ;Norte;Colisão Traseira;2;;;;;;;;;;5;;;;
23/10/2011;17:02:00;109;sem vítima;294;BR-101/RJ;Sul;Colisão Traseira;2;;;;;;;;;;9;;;;
06/11/2011;17:06:00;99;sem vítima;294;BR-101/RJ;Sul;Colisão Traseira;2;;;;;;;;;;4;;;;
09/11/2011;12:05:00;80;sem vítima;294;BR-101/RJ;Norte;Engavetamento;3;;;;;1;;;;;6;;;;
12/11/2011;12:32:00;114;sem vítima;294;BR-101/RJ;Norte;Engavetamento;3;;;;;;;;;;6;;;;
25/11/2011;14:55:00;100;com vítima;294,5;BR-101/RJ;Norte;Colisão Traseira;1;;;;1;;;;;;1;;1;;
30/11/2011;11:10:00;90;sem vítima;294;BR-101/RJ;Sul;Colisão Traseira;2;;;;;;;;;;3;;;;
30/11/2011;18:06:00;150;sem vítima;294;BR-101/RJ;Norte;Colisão Traseira;1;;1;;;;;;;;2;;;;
30/11/2011;09:55:00;75;sem vítima;294,5;BR-101/RJ;Sul;Colisão Traseira;;;1;;1;;;;;;2;;;;
02/12/2011;05:29:00;24;sem vítima;294;BR-101/RJ;Norte;Saida de Pista;1;;;;;;;;;;1;;;;
03/12/2011;08:30:00;50;sem vítima;294;BR-101/RJ;Norte;Colisão Traseira;1;;;1;;;;;;;3;;;;
03/12/2011;10:45:00;67;sem vítima;294;BR-101/RJ;Norte;Colisão Traseira;2;;;;;;;;;;7;;;;
15/12/2011;13:33:00;92;sem vítima;294;BR-101/RJ;Norte;Engavetamento;3;;;;;;;;;;7;;;;
19/12/2011;17:50:00;184;sem vítima;294;BR-101/RJ;Norte;Engavetamento;3;;;;;;;;;;4;;;;
20/12/2011;11:54:00;109;sem vítima;294;BR-101/RJ;Norte;Colisão Lateral;;;2;;;;;;;;2;;;;
21/12/2011;12:17:00;101;sem vítima;294;BR-101/RJ;Norte;Engavetamento;3;;;;;;;;;;5;;;;
23/12/2011;03:35:00;17;sem vítima;294;BR-101/RJ;Sul;Saida de Pista;1;;;;;;;;;;1;;;;
29/12/2011;10:42:00;74;sem vítima;294;BR-101/RJ;Norte;Colisão Traseira;2;;;;;;;;;;4;;;;
05/01/2012;08:42:00;43;sem vítima;294;BR-101/RJ;Sul;Colisão Traseira;2;;1;;;;;;;;6;;;;
08/01/2012;22:56:00;228;sem vítima;294;BR-101/RJ;Sul;Colisão Traseira;;;1;;1;;;;;;3;;;;
09/01/2012;09:52:00;67;sem vítima;294;BR-101/RJ;Sul;Engavetamento;2;;;;;;;;;1;4;;;;
10/02/2012;14:43:00;125;sem vítima;294;BR-101/RJ;Sul;Colisão Traseira;;;2;;;;;;;;2;;;;
17/02/2012;14:45:00;116;com vítima;294;BR-101/RJ;Norte;Atropelamento - Morador;1;;;;;;;;;;2;;1;;
21/02/2012;22:39:00;189;sem vítima;294,8;BR-101/RJ;Sul;Colisão Traseira;2;;;;;;;;;;2;;;;
24/02/2012;16:42:00;126;sem vítima;294;BR-101/RJ;Sul;Colisão Lateral;;;1;;;;;;;1;2;;;;
25/02/2012;15:05:00;124;sem vítima;294;BR-101/RJ;Sul;Choque - Outros;1;;;;;;;;;;4;;;;
02/03/2012;11:27:00;93;sem vítima;294;BR-101/RJ;Norte;Colisão Traseira;1;;1;;;;;;;;2;;;;
16/03/2012;11:25:00;91;sem vítima;294;BR-101/RJ;Sul;Colisão Traseira;1;;2;;;;;;;;6;;;;
25/03/2012;20:40:00;151;sem vítima;294;BR-101/RJ;Sul;Colisão Traseira;3;;;;;;;;;;7;;;;
01/04/2012;01:09:00;10;com vítima;294;BR-101/RJ;Norte;Engavetamento;2;;;;;;;;;;0;4;;;
05/04/2012;13:50:00;108;sem vítima;294;BR-101/RJ;Norte;Colisão Traseira;3;;;;;;;;;;3;;;;
08/04/2012;09:49:00;58;sem vítima;294;BR-101/RJ;Sul;Colisão Traseira;1;;;;;1;;;;;2;;;;
17/04/2012;10:20:00;69;sem vítima;294;BR-101/RJ;Sul;Colisão Traseira;2;;;;;;;;;;3;;;;
05/05/2012;10:57:00;71;sem vítima;294;BR-101/RJ;Norte;Colisão Traseira;2;;;;;;;;;;4;;;;
15/05/2012;22:37:00;159;sem vítima;294;BR-101/RJ;Norte;Colisão Traseira;3;;;;;;;;;;3;;;;
21/05/2012;07:56:00;41;sem vítima;294;BR-101/RJ;Norte;Engavetamento;1;;1;;1;;;;;;4;;;;
21/05/2012;10:39:00;77;sem vítima;294;BR-101/RJ;Norte;Colisão Lateral;1;;;;1;;;;;;2;;;;
21/05/2012;08:52:00;51;sem vítima;294,8;BR-101/RJ;Norte;Colisão Traseira;2;;;;;;;;;;2;;;;
27/05/2012;18:26:00;143;sem vítima;294;BR-101/RJ;Sul;Colisão Traseira;2;;;;;;;;;1;7;;;;
17/06/2012;17:56:00;121;sem vítima;294;BR-101/RJ;Sul;Colisão Traseira;3;;;;;;;;;;9;;;;
18/06/2012;07:04:00;43;sem vítima;294;BR-101/RJ;Sul;Colisão Traseira;;;2;;;;;;;;2;;;;
18/06/2012;15:55:00;138;sem vítima;294;BR-101/RJ;Sul;Colisão Lateral;;;1;;;;;;;1;2;;;;
22/06/2012;09:08:00;53;sem vítima;294;BR-101/RJ;Norte;Engavetamento;2;;2;;;;;;;;6;;;;
24/06/2012;20:09:00;154;sem vítima;294;BR-101/RJ;Sul;Colisão Traseira;2;;;;;;;;;;2;;;;
05/07/2012;08:17:00;49;sem vítima;294;BR-101/RJ;Norte;Colisão Traseira;3;;;;;;;;;;7;;;;
08/07/2012;19:56:00;141;sem vítima;294;BR-101/RJ;Sul;Saida de Pista;1;;;;;;;;;;1;;;;
11/07/2012;12:10:00;87;sem vítima;294;BR-101/RJ;Sul;Colisão Traseira;;;;;1;;;;;1;3;;;;
14/07/2012;04:45:00;27;sem vítima;294;BR-101/RJ;Sul;Colisão Traseira;2;;;;;;;;;;2;;;;
14/07/2012;22:05:00;174;sem vítima;294,573;BR-101/RJ;Sul;Colisão Traseira;1;;;;1;;;;;;2;;;;
15/07/2012;19:51:00;152;com vítima;294,8;BR-101/RJ;Norte;Atropelamento - Morador;1;;;;;;;;;;1;;;1;
20/07/2012;19:33:00;171;sem vítima;294;BR-101/RJ;Sul;Colisão Traseira;2;;;;;1;;;;;5;;;;
22/07/2012;10:39:00;65;sem vítima;294;BR-101/RJ;Sul;Colisão Traseira;2;;;;;;;;;;3;;;;
30/07/2012;23:03:00;187;sem vítima;294;BR-101/RJ;Norte;Colisão Traseira;;;1;;1;;;;;;5;;;;
02/08/2012;06:13:00;32;sem vítima;294;BR-101/RJ;Norte;Colisão Lateral;1;;;;;1;;;;;2;;;;
13/08/2012;14:14:00;127;sem vítima;294,967;BR-101/RJ;Norte;Colisão Traseira;2;;;;;;;;;;8;;;;
15/08/2012;13:28:00;88;com vítima;294,56;BR-101/RJ;Sul;Colisão Lateral;;;;1;;1;;;;;1;1;1;;
21/08/2012;14:19:00;107;sem vítima;294;BR-101/RJ;Sul;Colisão Traseira;1;;;;;1;;;;;2;;;;
28/08/2012;06:17:00;25;sem vítima;294;BR-101/RJ;Norte;Colisão Lateral;;;1;;;1;;;;;2;;;;
05/09/2012;17:53:00;163;sem vítima;294;BR-101/RJ;Sul;Colisão Lateral;1;;1;;;;;;;;2;;;;
06/09/2012;07:37:00;33;com vítima;294;BR-101/RJ;Sul;Atropelamento - Morador;;;;1;;;;;;;0;;1;1;
11/09/2012;14:29:00;95;sem vítima;294,326;BR-101/RJ;Sul;Colisão Lateral;1;;1;;;;;;;;3;;;;
15/09/2012;05:27:00;31;sem vítima;294;BR-101/RJ;Norte;Colisão Lateral;1;;;;1;;;;;;3;;;;
19/09/2012;04:50:00;21;com vítima;294,529;BR-101/RJ;Norte;Colisão Traseira;1;;;;1;;;;;;14;2;1;;
21/09/2012;17:01:00;144;sem vítima;294;BR-101/RJ;Sul;Colisão Traseira;2;;;;;1;;;;;3;;;;
23/09/2012;17:20:00;112;sem vítima;294,6;BR-101/RJ;Sul;Engavetamento;3;;;;;;;;;;5;;;;
05/10/2012;23:57:00;248;sem vítima;294;BR-101/RJ;Sul;Colisão Traseira;1;;;1;;;;;;;2;;;;
07/10/2012;20:50:00;177;sem vítima;294;BR-101/RJ;Norte;Colisão Traseira;2;;;;;;;;;;4;;;;