data;horario;n_da_ocorrencia;tipo_de_ocorrencia;km;trecho;sentido;tipo_de_acidente;automovel;bicicleta;caminhao;moto;onibus;outros;tracao_animal;transporte_de_cargas_especiais;trator_maquinas;utilitarios;ilesos;levemente_feridos;moderadamente_feridos;gravemente_feridos;mortos
10/10/2012;09:43:00;92;sem vítima;294;BR-101/RJ;Sul;Colisão Transversal;2;;;;;;;;;;2;;;;
11/10/2012;12:58:00;120;sem vítima;294,43;BR-101/RJ;Norte;Colisão Traseira;1;;2;;;;;;;;7;;;;
14/10/2012;14:43:00;86;com vítima;294;BR-101/RJ;Sul;Queda de Moto;1;;;1;;;;;;;1;;1;;
16/10/2012;22:57:00;224;com vítima;294,291;BR-101/RJ;Sul;Colisão Frontal;2;;;;;;;;;;3;1;;;
20/10/2012;10:20:00;84;sem vítima;294;BR-101/RJ;Norte;Engavetamento;2;;1;;;;;;;;5;;;;
27/10/2012;09:55:00;83;sem vítima;294;BR-101/RJ;Norte;Colisão Traseira;3;;;;;;;;;;8;;;;
02/11/2012;22:19:00;171;com vítima;294;BR-101/RJ;Sul;Atropelamento - Morador;;;;;;1;;;;;1;;1;;
06/11/2012;07:22:00;39;sem vítima;294;BR-101/RJ;Sul;Colisão Lateral;1;;;1;;;;;;;2;;;;
10/11/2012;16:05:00;123;sem vítima;294;BR-101/RJ;Norte;Engavetamento;4;;;;;;;;;;7;;;;
11/11/2012;22:57:00;187;com vítima;294;BR-101/RJ;Norte;Colisão Lateral;;;1;1;;;;;;;1;;2;;
11/11/2012;23:10:00;192;sem vítima;294;BR-101/RJ;Norte;Colisão Lateral;1;;1;;;;;;;;3;;;;
16/11/2012;20:17:00;143;sem vítima;294,2;BR-101/RJ;Norte;Colisão Lateral;1;;;;1;;;;;;2;;;;
22/11/2012;19:22:00;175;sem vítima;294;BR-101/RJ;Norte;Colisão Traseira;2;;;;;;;;;;2;;;;
30/11/2012;15:57:00;153;com vítima;294;BR-101/RJ;Norte;Queda de Moto;;;;1;;;;;;;0;1;;;
03/12/2012;12:56:00;120;com vítima;294;BR-101/RJ;Sul;Atropelamento - Ciclista;;;;;;1;;;;;1;;1;;
08/12/2012;14:24:00;157;sem vítima;294;BR-101/RJ;Norte;Engavetamento;3;;;;;;;;;;4;;;;
09/12/2012;14:25:00;102;com vítima;294;BR-101/RJ;Sul;Atropelamento - Andarilho;1;;;;;;;;;;4;;1;;
10/12/2012;12:36:00;125;com vítima;294;BR-101/RJ;Norte;Colisão Traseira;1;;;1;;;;;;;1;1;1;;
11/12/2012;15:03:00;145;sem vítima;294;BR-101/RJ;Sul;Colisão Traseira;1;;1;;;;;;;;2;;;;
17/12/2012;10:53:00;77;sem vítima;294;BR-101/RJ;Norte;Choque - Defensa, barreira ou "submarino";2;;;;;;;;;;4;;;;
26/12/2012;17:48:00;185;com vítima;294;BR-101/RJ;Norte;Colisão Traseira;2;;;;;;;;;1;5;1;;;
29/12/2012;10:09:00;80;sem vítima;294;BR-101/RJ;Norte;Choque - Suporte de Sinalização;1;;;;;;;;;;1;;;;
01/01/2013;17:05:00;158;com vítima;294;BR-101/RJ;Sul;Colisão Traseira;;;;1;1;;;;;;1;;1;;
10/01/2013;06:31:00;31;com vítima;294,329;BR-101/RJ;Sul;Saida de Pista;;;;;1;;;;;;0;1;1;;
10/01/2013;08:19:00;50;sem vítima;294,9;BR-101/RJ;Norte;Saida de Pista;;;1;;;;;;;;1;;;;
12/01/2013;10:39:00;55;sem vítima;294;BR-101/RJ;Norte;Colisão Traseira;1;;1;;;;;;;;3;;;;
14/01/2013;11:59:00;86;sem vítima;294;BR-101/RJ;Norte;Colisão Traseira;2;;;;;;;;;;3;;;;
08/02/2013;16:40:00;199;sem vítima;294;BR-101/RJ;Norte;Colisão Traseira;2;;;;;;;;;;8;;;;
09/02/2013;12:48:00;188;sem vítima;294;BR-101/RJ;Norte;Colisão Lateral;1;;;;1;;;;;;50;;;;
09/02/2013;13:30:00;201;com vítima;294;BR-101/RJ;Norte;Colisão Traseira;1;;;1;;;;;;;1;1;;;
09/03/2013;20:22:00;195;sem vítima;294;BR-101/RJ;Sul;Saida de Pista;1;;;;;;;;;;2;;;;
18/03/2013;12:44:00;96;sem vítima;294;BR-101/RJ;Norte;Engavetamento;2;;;;;;;;;1;3;;;;
26/03/2013;11:53:00;105;sem vítima;294;BR-101/RJ;Norte;Engavetamento;2;;;;;1;;;;;4;;;;
29/03/2013;18:58:00;174;sem vítima;294;BR-101/RJ;Sul;Colisão Traseira;2;;;;;;;;;;3;;;;
06/04/2013;22:17:00;210;com vítima;294,747;BR-101/RJ;Sul;Atropelamento - Andarilho;;;;;;1;;;;;1;;;;1
11/04/2013;11:34:00;79;sem vítima;294;BR-101/RJ;Sul;Colisão Lateral;2;;;;;;;;;;2;;;;
12/04/2013;23:48:00;240;com vítima;294,4;BR-101/RJ;Norte;Atropelamento - Morador;;;;1;;;;;;;0;1;;;1
02/05/2013;19:16:00;129;com vítima;294,212;BR-101/RJ;Norte;Atropelamento - Outros;1;;;;;;;;;;3;;;1;
21/05/2013;01:45:00;5;sem vítima;294;BR-101/RJ;Sul;Colisão Lateral;;;;;;;;;;2;2;;;;
04/06/2013;13:51:00;106;sem vítima;294;BR-101/RJ;Norte;Colisão Lateral;1;;;;;;;;;1;2;;;;
04/06/2013;13:31:00;103;com vítima;294,2;BR-101/RJ;Norte;Colisão Traseira;2;;;;1;;;;;;4;;1;;
18/06/2013;05:10:00;17;sem vítima;294,126;BR-101/RJ;Norte;Saida de Pista;1;;;;;;;;;;2;;;;
22/06/2013;08:56:00;54;sem vítima;294;BR-101/RJ;Norte;Colisão Traseira;2;;;;;;;;;;3;;;;
06/07/2013;08:32:00;45;sem vítima;294;BR-101/RJ;Norte;Engavetamento;3;;;;;;;;;;3;;;;
06/07/2013;18:26:00;152;sem vítima;294,158;BR-101/RJ;Norte;Colisão Traseira;2;;;;;;;;;;6;;;;
06/07/2013;18:59:00;159;sem vítima;294,158;BR-101/RJ;Norte;Colisão Traseira;2;;;;;;;;;;2;;;;
13/07/2013;02:56:00;13;sem vítima;294,14;BR-101/RJ;Norte;Colisão Traseira;1;;1;;;;;;;;5;;;;
14/07/2013;17:51:00;145;sem vítima;294;BR-101/RJ;Sul;Colisão Traseira;1;;1;;;;;;;;2;;;;
18/07/2013;02:38:00;18;sem vítima;294,967;BR-101/RJ;Sul;Saida de Pista;1;;;;;;;;;;5;;;;
30/07/2013;19:23:00;137;com vítima;294;BR-101/RJ;Norte;Atropelamento - Outros;;;;;1;;;;;;1;;1;;
04/08/2013;17:58:00;161;sem vítima;294;BR-101/RJ;Sul;Engavetamento;2;;;;;;;;;;2;;;;
16/08/2013;16:27:00;134;sem vítima;294;BR-101/RJ;Norte;Engavetamento;3;;;;;1;;;;;9;;;;
17/08/2013;09:42:00;67;sem vítima;294;BR-101/RJ;Norte;Colisão Traseira;2;;;;;;;;;;2;;;;
24/08/2013;09:35:00;70;sem vítima;294;BR-101/RJ;Norte;Engavetamento;3;;;;;;;;;;6;;;;
24/08/2013;22:18:00;191;com vítima;294,548;BR-101/RJ;Norte;Atropelamento - Morador;;;;;;1;;;;;1;;;;1
30/08/2013;10:11:00;61;sem vítima;294;BR-101/RJ;Norte;Colisão Traseira;2;;;;;;;;;;3;;;;
30/08/2013;13:19:00;98;com vítima;294;BR-101/RJ;Sul;Colisão Lateral;1;;;1;;;;;;;1;;1;;
30/08/2013;16:37:00;146;sem vítima;294;BR-101/RJ;Sul;Colisão Traseira;1;;;;1;;;;;;3;;;;
31/08/2013;09:16:00;59;com vítima;294,2;BR-101/RJ;Sul;Atropelamento - Sem Informação;1;;;;;;;;;;3;;;1;
08/09/2013;19:56:00;181;com vítima;294,4;BR-101/RJ;Sul;Engavetamento;3;;;;;;;;;;5;;;1;
09/09/2013;06:24:00;38;com vítima;294,514;BR-101/RJ;Norte;Queda de Moto;;;;1;;;;;;;1;;1;;
14/09/2013;14:29:00;127;sem vítima;294;BR-101/RJ;Norte;Colisão Lateral;1;;1;;;;;;;;3;;;;
24/09/2013;21:55:00;170;com vítima;294,903;BR-101/RJ;Sul;Atropelamento - Morador;;;;;;1;;;;;1;;;;1
08/10/2013;09:59:00;71;sem vítima;294,892;BR-101/RJ;Norte;Engavetamento;1;;1;;;;;;;1;6;;;;
09/10/2013;08:14:00;52;com vítima;294;BR-101/RJ;Norte;Queda de Moto;;;;1;;;;;;;0;1;;;
08/11/2013;08:12:00;43;sem vítima;294;BR-101/RJ;Norte;Colisão Traseira;1;;;;;1;;;;;5;;;;
15/11/2013;10:14:00;74;sem vítima;294,361;BR-101/RJ;Norte;Engavetamento;4;;;;;;;;;;14;;;;
23/11/2013;20:16:00;177;com vítima;294,554;BR-101/RJ;Sul;Atropelamento - Sem Informação;;;;1;;;;;;;0;;;2;1
25/11/2013;05:25:00;22;sem vítima;294,609;BR-101/RJ;Sul;Saida de Pista;1;;;;;;;;;;1;;;;
17/12/2013;09:03:00;56;sem vítima;294,841;BR-101/RJ;Norte;Engavetamento;2;;1;;;1;;;;;6;;;;
21/12/2013;17:00:00;146;com vítima;294;BR-101/RJ;Norte;Atropelamento - Morador;;;;;;1;;;;;2;;1;;
29/12/2013;04:54:00;22;com vítima;294,1;BR-101/RJ;Sul;Atropelamento - Morador;1;;;1;;;;;;;5;;1;;
08/01/2014;18:22:00;167;sem vítima;294;BR-101/RJ;Norte;Engavetamento;3;;;;;;;;;;7;;;;
16/01/2014;17:54:00;149;sem vítima;294,787;BR-101/RJ;Norte;Colisão Traseira;2;;;;;;;;;;3;;;;
20/01/2014;17:30:00;157;sem vítima;294;BR-101/RJ;Sul;Colisão Traseira;2;;;;;;;;;;2;;;;
24/01/2014;20:33:00;162;sem vítima;294;BR-101/RJ;Norte;Engavetamento;3;;;;;;;;;;7;;;;
15/02/2014;13:21:00;118;sem vítima;294;BR-101/RJ;Norte;Colisão Traseira;2;;;;;;;;;;6;;;;
23/02/2014;19:14:00;151;sem vítima;294;BR-101/RJ;Sul;Engavetamento;3;;;;;;;;;;8;;;;
26/02/2014;20:45:00;220;sem vítima;294;BR-101/RJ;Sul;Colisão Traseira;2;;;;;;;;;;2;;;;
28/02/2014;19:14:00;214;sem vítima;294,189;BR-101/RJ;Norte;Engavetamento;4;;;;1;;;;;;11;;;;
01/03/2014;17:18:00;296;com vítima;294;BR-101/RJ;Norte;Atropelamento - Ciclista;1;1;;;;;;;;;1;;1;;
06/03/2014;05:01:00;34;sem vítima;294;BR-101/RJ;Sul;Colisão Lateral;1;;;1;;;;;;;3;;;;
09/03/2014;00:26:00;5;sem vítima;294;BR-101/RJ;Sul;Saida de Pista;1;;;;;;;;;;1;;;;
14/03/2014;13:08:00;101;com vítima;294;BR-101/RJ;Norte;Atropelamento - Morador;;;;1;;;;;;;1;;1;;
19/03/2014;08:32:00;58;sem vítima;294;BR-101/RJ;Norte;Engavetamento;2;;1;;;;;;;;11;;;;
20/03/2014;06:41:00;27;sem vítima;294;BR-101/RJ;Norte;Colisão Traseira;1;;;;;;;;;1;3;;;;
28/03/2014;08:59:00;63;sem vítima;294;BR-101/RJ;Norte;Colisão Traseira;2;;;;;;;;;;2;;;;
30/03/2014;13:38:00;88;com vítima;294;BR-101/RJ;Sul;Queda de Moto;1;;;1;;;;;;;1;2;;;
05/04/2014;19:49:00;160;sem vítima;294;BR-101/RJ;Norte;Engavetamento;2;;;;;1;;;;;3;;;;
10/04/2014;13:44:00;121;sem vítima;294;BR-101/RJ;Norte;Colisão Traseira;2;;;;;;;;;;2;;;;
10/04/2014;18:26:00;171;sem vítima;294;BR-101/RJ;Norte;Colisão Frontal;1;;1;;;;;;;;2;;;;
26/04/2014;11:40:00;84;sem vítima;294,3;BR-101/RJ;Norte;Colisão Traseira;2;;;;;;;;;;2;;;;
02/05/2014;18:23:00;123;sem vítima;294;BR-101/RJ;Norte;Engavetamento;3;;;;;;;;;;7;;;;
16/05/2014;07:56:00;50;sem vítima;294;BR-101/RJ;Norte;Colisão Traseira;2;;;;;;;;;;2;;;;
17/05/2014;16:45:00;120;com vítima;294,335;BR-101/RJ;Sul;Atropelamento - Morador;1;;;;;;;;;;2;;;;1
28/05/2014;06:59:00;31;sem vítima;294;BR-101/RJ;Norte;Colisão Traseira;1;;;;1;;;;;;2;;;;
05/06/2014;07:51:00;50;sem vítima;294;BR-101/RJ;Norte;Colisão Traseira;1;;;;1;;;;;;2;;;;
07/06/2014;09:16:00;35;sem vítima;294;BR-101/RJ;Sul;Colisão Traseira;2;;;;;;;;;;2;;;;
25/06/2014;08:52:00;45;sem vítima;294;BR-101/RJ;Norte;Colisão Traseira;1;;;;;1;;;;;3;;;;
25/06/2014;10:34:00;70;sem vítima;294,471;BR-101/RJ;Norte;Engavetamento;3;;;;;;;;;;4;;;;
05/07/2014;08:39:00;47;com vítima;294,5;BR-101/RJ;Norte;Colisão Traseira;1;;;1;;;;;;;1;;1;;
23/07/2014;06:42:00;26;com vítima;294;BR-101/RJ;Norte;Colisão Traseira;1;;;1;;;;;;;3;1;;;
30/07/2014;14:56:00;112;sem vítima;294;BR-101/RJ;Sul;Colisão Lateral;1;;;;;;;;;1;2;;;;
06/08/2014;10:36:00;70;sem vítima;294;BR-101/RJ;Norte;Engavetamento;1;;2;;;;;;;;5;;;;
07/08/2014;23:50:00;172;com vítima;294,954;BR-101/RJ;Sul;Colisão Traseira;;;;1;;1;;;;;1;;1;;
16/08/2014;10:44:00;51;sem vítima;294;BR-101/RJ;Norte;Colisão Traseira;2;;;;;1;;;;;7;;;;
22/08/2014;18:30:00;147;com vítima;294;BR-101/RJ;Norte;Queda de Moto;;;;1;;;;;;;0;1;;;
23/08/2014;08:14:00;57;sem vítima;294;BR-101/RJ;Norte;Engavetamento;3;;;;;;;;;;3;;;;
25/09/2014;09:41:00;63;sem vítima;294,538;BR-101/RJ;Sul;Colisão Traseira;;;;;1;;;;;1;2;;;;
29/10/2014;18:58:00;142;com vítima;294,634;BR-101/RJ;Sul;Colisão Lateral;;;;1;;1;;;;;1;1;;;
01/11/2014;13:29:00;115;sem vítima;294;BR-101/RJ;Norte;Colisão Traseira;3;;;;;;;;;;8;;;;
27/11/2014;17:35:00;119;sem vítima;294;BR-101/RJ;Norte;Colisão Traseira;2;;;;;;;;;;4;;;;
28/11/2014;19:27:00;151;com vítima;294,542;BR-101/RJ;Norte;Queda de Moto;;;;1;;;;;;;0;1;;;
06/12/2014;15:45:00;117;sem vítima;294;BR-101/RJ;Norte;Colisão Traseira;2;;;;;;;;;;3;;;;
08/12/2014;17:43:00;155;sem vítima;294,213;BR-101/RJ;Norte;Colisão Traseira;2;;;;;;;;;;3;;;;
11/12/2014;18:15:00;153;sem vítima;294;BR-101/RJ;Norte;Colisão Traseira;2;;;;;;;;;;2;;;;
12/12/2014;22:03:00;179;com vítima;294;BR-101/RJ;Norte;Capotamento;1;;;;;;;;;;0;1;;;
13/12/2014;00:00:00;16;sem vítima;294;BR-101/RJ;Norte;Colisão Lateral;;;1;;;;;;;;1;;;;
19/12/2014;15:40:00;138;com vítima;294;BR-101/RJ;Norte;Colisão Lateral;1;;;1;;;;;;;1;2;;;
03/01/2015;09:57:00;49;sem vítima;294;BR-101/RJ;Sul;Colisão Traseira;2;;;;;;;;;;7;;;;
04/01/2015;17:30:00;148;sem vítima;294;BR-101/RJ;Sul;Colisão Traseira;3;;;;;;;;;;3;;;;
15/01/2015;04:45:00;14;sem vítima;294;BR-101/RJ;Sul;Colisão Traseira;2;;;;;;;;;;2;;;;
18/01/2015;14:05:00;107;sem vítima;294;BR-101/RJ;Sul;Choque - Defensa, barreira ou "submarino";2;;;;;;;;;;6;;;;
19/01/2015;11:10:00;78;sem vítima;294;BR-101/RJ;Sul;Engavetamento;3;;;;;;;;;;9;;;;
22/01/2015;19:48:00;145;sem vítima;294;BR-101/RJ;Sul;Colisão Traseira;2;;;;;;;;;;2;;;;
28/01/2015;13:35:00;101;sem vítima;294;BR-101/RJ;Norte;Engavetamento;3;;;;;;;;;;5;;;;
30/01/2015;15:02:00;137;sem vítima;294;BR-101/RJ;Norte;Engavetamento;4;;;;;;;;;;7;;;;
02/02/2015;13:52:00;114;sem vítima;294;BR-101/RJ;Sul;Colisão Traseira;2;;;;;;;;;;4;0;0;0;0
13/02/2015;16:58:00;173;com vítima;294;BR-101/RJ;Norte;Atropelamento - Morador;1;;;;;;;;;;1;0;1;0;0
14/02/2015;08:08:00;98;sem vítima;294;BR-101/RJ;Norte;Colisão Traseira;2;;;;;;;;;;2;0;0;0;0
14/02/2015;17:38:00;236;sem vítima;294;BR-101/RJ;Sul;Colisão Traseira;2;;;;;;;;;;2;0;0;0;0
20/02/2015;12:54:00;93;sem vítima;294;BR-101/RJ;Sul;Engavetamento;3;;;;;1;;;;;8;0;0;0;0
25/02/2015;23:13:00;183;sem vítima;294;BR-101/RJ;Sul;Colisão Lateral;;;1;;;1;;;;;2;;;;
06/03/2015;19:43:00;168;sem vítima;294;BR-101/RJ;Norte;Colisão Traseira;1;;;;1;;;;;;4;0;0;0;0
09/03/2015;04:41:00;21;sem vítima;294;BR-101/RJ;Sul;Saida de Pista;1;;;;;;;;;;1;0;0;0;0
20/03/2015;17:34:00;141;sem vítima;294;BR-101/RJ;Sul;Colisão Traseira;;;;;2;;;;;;2;0;0;0;0
02/04/2015;15:32:00;142;sem vítima;294;BR-101/RJ;Norte;Engavetamento;3;;;;;;;;;;9;;;;
05/04/2015;15:43:00;100;sem vítima;294;BR-101/RJ;Sul;Colisão Traseira;1;;;;1;;;;;;4;;;;
06/04/2015;02:51:00;17;sem vítima;294;BR-101/RJ;Sul;Choque - Defensa, barreira ou "submarino";1;;;;;;;;;;1;;;;
13/04/2015;13:53:00;116;sem vítima;294;BR-101/RJ;Norte;Colisão Traseira;1;;1;;;;;;;;4;;;;
15/04/2015;09:51:00;82;sem vítima;294;BR-101/RJ;Sul;Engavetamento;2;;;;;1;;;;;3;;;;
25/04/2015;12:40:00;81;sem vítima;294;BR-101/RJ;Sul;Engavetamento;2;;;;;1;;;;;10;;;;
01/05/2015;18:50:00;152;sem vítima;294;BR-101/RJ;Sul;Colisão Lateral;2;;;;;;;;;;3;;;;
04/05/2015;18:54:00;195;sem vítima;294;BR-101/RJ;Norte;Colisão Traseira;;;;;1;1;;;;;2;;;;
09/05/2015;23:58:00;206;sem vítima;294;BR-101/RJ;Norte;Colisão Lateral;1;;1;;;;;;;;6;;;;
10/05/2015;19:39:00;162;com vítima;294,3;BR-101/RJ;Sul;Capotamento;1;;;;;;;;;;0;2;;;
20/05/2015;11:31:00;105;sem vítima;294;BR-101/RJ;Norte;Colisão Traseira;1;;;;;1;;;;;3;;;;
14/06/2015;18:09:00;135;sem vítima;294,44;BR-101/RJ;Sul;Engavetamento;3;;;;;;;;;;6;;;;
19/06/2015;15:30:00;123;sem vítima;294,5;BR-101/RJ;Sul;Colisão Lateral;1;;1;;;;;;;;2;;;;
22/06/2015;22:02:00;200;sem vítima;294;BR-101/RJ;Sul;Colisão Traseira;2;;;;;;;;;;4;;;;
12/07/2015;08:24:00;36;sem vítima;294,638;BR-101/RJ;Sul;Choque - Defensa, barreira ou "submarino";1;;;;;;;;;;1;;;;
17/07/2015;15:52:00;164;com vítima;294,5;BR-101/RJ;Norte;Outros - Sequência;;;;1;;;;;;1;1;1;1;;
17/07/2015;16:00:00;165;sem vítima;294,5;BR-101/RJ;Norte;Colisão Traseira;1;;1;;;;;;;;6;;;;
05/08/2015;06:16:00;23;com vítima;294,511;BR-101/RJ;Sul;Colisão Traseira;1;;;;1;;;;;;1;3;;;
11/09/2015;10:32:00;101;com vítima;294;BR-101/RJ;Sul;Atropelamento de Animal;;;;1;;;;;;;0;1;;;
12/09/2015;19:22:00;138;sem vítima;294,92;BR-101/RJ;Norte;Choque - Defensa, barreira ou "submarino";1;;;;;;;;;;5;;;;
13/09/2015;06:31:00;30;com vítima;294,125;BR-101/RJ;Norte;Colisão Traseira;;;;1;;1;;;;;1;;1;;
18/09/2015;08:02:00;67;sem vítima;294,963;BR-101/RJ;Sul;Colisão Traseira;;;;;2;;;;;;2;;;;
27/09/2015;17:24:00;132;sem vítima;294;BR-101/RJ;Sul;Colisão Traseira;1;;1;;;;;;;;3;;;;
03/10/2015;22:41:00;195;sem vítima;294;BR-101/RJ;Norte;Engavetamento;3;;;;;;;;;;6;;;;
07/10/2015;11:28:00;84;com vítima;294,53;BR-101/RJ;Norte;Atropelamento - Morador;;;;;;;;;;1;2;;;1;
08/10/2015;14:33:00;151;sem vítima;294;BR-101/RJ;Norte;Engavetamento;4;;;;;;;;;;9;;;;
06/11/2015;12:01:00;109;com vítima;294;BR-101/RJ;Norte;Colisão Transversal;;1;;;;;;;;1;1;1;;;
06/11/2015;16:57:00;162;com vítima;294,548;BR-101/RJ;Norte;Colisão Traseira;1;;1;;;;;;;;6;1;;;
16/11/2015;13:39:00;136;sem vítima;294;BR-101/RJ;Norte;Colisão Traseira;1;;;;1;;;;;;2;;;;
19/11/2015;14:50:00;143;sem vítima;294;BR-101/RJ;Norte;Engavetamento;3;;;;;;;;;;6;;;;
27/11/2015;16:49:00;183;com vítima;294;BR-101/RJ;Norte;Colisão Traseira;;;1;1;;;;;;;3;1;;;
01/12/2015;18:18:00;201;sem vítima;294;BR-101/RJ;Norte;Engavetamento;3;;;;;;;;;;4;;;;
05/12/2015;14:30:00;132;sem vítima;294;BR-101/RJ;Norte;Colisão Traseira;1;;1;;;;;;;;5;;;;
23/12/2015;14:40:00;157;sem vítima;294;BR-101/RJ;Norte;Colisão Lateral;1;;1;;;;;;;;2;;;;
26/12/2015;15:15:00;154;com vítima;294;BR-101/RJ;Norte;Colisão Lateral;1;;;1;;;;;;;4;2;;;
08/01/2010;16:08:00;133;sem vítima;295;BR-101/RJ;Norte;Colisão Traseira;3;;;;;;;;;;7;;;;
04/02/2010;17:50:00;173;sem vítima;295;BR-101/RJ;Sul;Colisão Traseira;2;;;;;;;;;;4;;;;
07/02/2010;08:22:00;42;com vítima;295;BR-101/RJ;Sul;Atropelamento - Ciclista;;1;;;;1;;;;;1;1;;;
07/02/2010;05:50:00;28;com vítima;295,5;BR-101/RJ;Sul;Colisão Traseira;1;;;1;;;;;;;6;;;;1
11/02/2010;05:02:00;20;com vítima;295;BR-101/RJ;Sul;Atropelamento de Animal;2;;;;1;;;;;;2;;1;;
11/02/2010;20:04:00;214;sem vítima;295;BR-101/RJ;Sul;Colisão Lateral;2;;;;;;;;;;3;;;;
24/02/2010;19:28:00;185;sem vítima;295;BR-101/RJ;Norte;Atropelamento de Animal;;;;;;2;;;;;2;;;;
12/03/2010;08:10:00;49;sem vítima;295;BR-101/RJ;Norte;Engavetamento;1;;2;;;;;;;1;11;;;;
14/03/2010;04:07:00;22;sem vítima;295;BR-101/RJ;Sul;Choque - Defensa, barreira ou "submarino";1;;;;;;;;;;5;;;;
03/04/2010;07:08:00;31;com vítima;295;BR-101/RJ;Norte;Queda de Moto;;;;1;;;;;;;0;;;;2
21/04/2010;19:03:00;163;sem vítima;295;BR-101/RJ;Norte;Colisão Traseira;1;;;;;1;;;;;2;;;;
16/05/2010;10:56:00;57;com vítima;295;BR-101/RJ;Norte;Saida de Pista;1;;;;;;;;;;0;;;1;
12/06/2010;09:10:00;53;com vítima;295;BR-101/RJ;Norte;Atropelamento - Ciclista;;1;1;;;;;;;;3;1;;;
12/06/2010;16:07:00;133;com vítima;295;BR-101/RJ;Norte;Colisão Lateral;1;;1;;;;;;;;1;1;1;;
13/06/2010;21:40:00;152;sem vítima;295;BR-101/RJ;Sul;Colisão Lateral;1;;1;;;;;;;;2;;;;
17/06/2010;15:31:00;115;sem vítima;295;BR-101/RJ;Sul;Colisão Traseira;1;;1;;;1;;;;;4;;;;
30/06/2010;22:49:00;217;com vítima;295;BR-101/RJ;Norte;Choque - Defensa, barreira ou "submarino";1;;;;;;;;;;0;2;;;
03/07/2010;09:51:00;44;sem vítima;295;BR-101/RJ;Norte;Colisão Traseira;2;;;;;;;;;;2;;;;
04/07/2010;19:37:00;144;sem vítima;295;BR-101/RJ;Sul;Engavetamento;3;;;;;;;;;;10;;;;
16/07/2010;18:01:00;184;sem vítima;295;BR-101/RJ;Norte;Engavetamento;3;;;;;;;;;;8;;;;
19/07/2010;00:43:00;2;com vítima;295;BR-101/RJ;Norte;Saida de Pista;1;;;;;;;;;;0;;1;;
22/07/2010;10:50:00;69;sem vítima;295;BR-101/RJ;Norte;Colisão Traseira;1;;;;1;;;;;;4;;;;
18/09/2010;04:31:00;29;sem vítima;295;BR-101/RJ;Sul;Capotamento;;;;;;;;;;1;1;;;;
19/09/2010;03:42:00;22;com vítima;295;BR-101/RJ;Sul;Saida de Pista;1;;;;;;;;;;0;;1;;
15/10/2010;08:56:00;52;sem vítima;295;BR-101/RJ;Sul;Colisão Lateral;;;2;;;;;;;;2;;;;
15/10/2010;11:41:00;81;sem vítima;295;BR-101/RJ;Norte;Colisão Traseira;2;;1;;;;;;;;6;;;;
27/10/2010;17:07:00;127;com vítima;295;BR-101/RJ;Norte;Saida de Pista;1;;;;;;;;;;0;1;1;;
27/10/2010;22:18:00;171;sem vítima;295;BR-101/RJ;Norte;Colisão Traseira;1;;1;;;;;;;;5;;;;
31/10/2010;02:56:00;23;com vítima;295;BR-101/RJ;Sul;Outros - Sequência;1;;;;;;;;;;0;;4;;
31/10/2010;21:20:00;171;sem vítima;295;BR-101/RJ;Norte;Colisão Traseira;2;;;;;;;;;;6;;;;
04/11/2010;18:05:00;147;com vítima;295;BR-101/RJ;Norte;Colisão Traseira;1;;1;;;;;;;;2;;1;;
12/11/2010;16:57:00;146;com vítima;295;BR-101/RJ;Norte;Engavetamento;3;;;;;;;;;;6;1;;;
13/11/2010;18:07:00;191;sem vítima;295;BR-101/RJ;Norte;Colisão Lateral;2;;;;;;;;;;3;;;;
04/12/2010;02:19:00;15;com vítima;295;BR-101/RJ;Sul;Queda de Moto;;;;1;;;;;;;0;1;;;
04/12/2010;11:38:00;91;sem vítima;295;BR-101/RJ;Sul;Capotamento;1;;;;;;;;;;1;;;;
11/12/2010;09:44:00;69;sem vítima;295;BR-101/RJ;Sul;Colisão Traseira;2;;;;;;;;;;2;;;;
11/12/2010;10:56:00;80;sem vítima;295;BR-101/RJ;Norte;Engavetamento;5;;;;;;;;;;14;;;;
13/12/2010;18:52:00;180;com vítima;295,29998779296875;BR-101/RJ;Norte;Tombamento;;;;;1;;;;;;2;5;5;;
05/01/2011;14:14:00;116;com vítima;295;BR-101/RJ;Sul;Saida de Pista;;;1;;;;;;;;0;1;1;;1
12/01/2011;12:43:00;81;sem vítima;295;BR-101/RJ;Sul;Colisão Traseira;2;;;;1;;;;;;5;;;;
15/01/2011;14:50:00;109;sem vítima;295;BR-101/RJ;Norte;Colisão Traseira;1;;1;;;;;;;;3;;;;
17/01/2011;12:24:00;118;com vítima;295;BR-101/RJ;Sul;Engavetamento;4;;;;;;;;;;9;2;;;
22/01/2011;08:51:00;63;sem vítima;295;BR-101/RJ;Norte;Colisão Traseira;2;;1;;;;;;;;6;;;;
27/01/2011;09:54:00;77;com vítima;295;BR-101/RJ;Norte;Engavetamento;4;;1;;;;;;;;10;2;;;
08/02/2011;17:56:00;122;sem vítima;295;BR-101/RJ;Sul;Colisão Lateral;;;1;;1;;;;;;4;;;;
17/02/2011;23:57:00;192;sem vítima;295,5;BR-101/RJ;Sul;Engavetamento;3;;;;;;;;;;5;;;;
18/02/2011;00:00:00;1;com vítima;295;BR-101/RJ;Sul;Engavetamento;1;;2;;;;;;;;3;;1;;
18/02/2011;00:30:00;7;sem vítima;295;BR-101/RJ;Sul;Colisão Traseira;1;;1;;;;;;;;4;;;;