data;horario;n_da_ocorrencia;tipo_de_ocorrencia;km;trecho;sentido;tipo_de_acidente;automovel;bicicleta;caminhao;moto;onibus;outros;tracao_animal;transporte_de_cargas_especiais;trator_maquinas;utilitarios;ilesos;levemente_feridos;moderadamente_feridos;gravemente_feridos;mortos
27/02/2011;21:18:00;209;sem vítima;295;BR-101/RJ;Sul;Engavetamento;3;;;;;;;;;;9;;;;
19/03/2011;20:23:00;148;com vítima;300,20001220703125;BR-101/RJ;Norte;Colisão Traseira;1;;;;1;;;;;;1;;1;;
19/03/2011;23:09:00;165;com vítima;289;BR-101/RJ;Sul;Atropelamento - Usuário;;;;;1;;;;;;1;;;;1
20/03/2011;19:44:00;130;sem vítima;66;BR-101/RJ;Norte;Colisão Lateral;2;;;;;;;;;;4;;;;
07/05/2011;04:11:00;16;com vítima;295;BR-101/RJ;Sul;Capotamento;1;;;;;;;;;;0;1;1;;
07/05/2011;04:12:00;17;sem vítima;295;BR-101/RJ;Sul;Colisão Traseira;2;;;;;;;;;;6;;;;
07/05/2011;04:40:00;19;sem vítima;295;BR-101/RJ;Sul;Engavetamento;2;;;;1;;;;;;8;;;;
13/05/2011;11:43:00;79;com vítima;295;BR-101/RJ;Norte;Atropelamento - Morador;;;;;;1;;;;;1;1;;;
20/05/2011;19:13:00;163;sem vítima;295;BR-101/RJ;Sul;Colisão Traseira;1;;;;;;;;;1;2;;;;
26/05/2011;11:20:00;78;sem vítima;295;BR-101/RJ;Norte;Colisão Traseira;1;;1;;;;;;;;3;;;;
03/06/2011;17:14:00;153;com vítima;295,8999938964844;BR-101/RJ;Sul;Colisão Lateral;2;;;;;;;;;;2;;1;;
04/06/2011;04:18:00;17;com vítima;295;BR-101/RJ;Sul;Colisão Traseira;1;;;;;2;;;;;4;;2;;
04/06/2011;04:23:00;18;com vítima;295;BR-101/RJ;Sul;Colisão Traseira;2;;;;;1;;;;;3;;1;1;
14/06/2011;20:23:00;139;sem vítima;295;BR-101/RJ;Norte;Colisão Traseira;1;;;;1;;;;;;2;;;;
15/06/2011;15:48:00;138;com vítima;295;BR-101/RJ;Sul;Choque - Defensa, barreira ou "submarino";1;;;;;;;;;;0;;1;;
26/06/2011;17:39:00;144;sem vítima;295,20001220703125;BR-101/RJ;Sul;Engavetamento;5;;;;;;;;;;15;;;;
11/08/2011;18:23:00;146;com vítima;295;BR-101/RJ;Sul;Colisão Traseira;1;;;;1;;;;;;5;2;;;
16/08/2011;11:47:00;93;sem vítima;295,5;BR-101/RJ;Sul;Colisão Traseira;;;2;;;;;;;;2;;;;
17/08/2011;17:16:00;134;sem vítima;295;BR-101/RJ;Norte;Colisão Traseira;2;;;;;;;;;;3;;;;
17/08/2011;12:45:00;85;sem vítima;295,1000061035156;BR-101/RJ;Norte;Colisão Lateral;1;;1;;;;;;;;6;;;;
04/09/2011;04:40:00;14;com vítima;295;BR-101/RJ;Norte;Colisão Traseira;2;;;;;;;;;;3;1;;;
07/09/2011;21:31:00;168;sem vítima;295;BR-101/RJ;Norte;Choque - Defensa, barreira ou "submarino";1;;;;;;;;;;1;;;;
07/09/2011;06:15:00;25;com vítima;295,54998779296875;BR-101/RJ;Norte;Saida de Pista;1;;;;;;;;;;0;1;;;
10/09/2011;09:47:00;65;sem vítima;295;BR-101/RJ;Sul;Colisão Traseira;1;;;;;1;;;;;2;;;;
10/09/2011;06:08:00;33;sem vítima;295,8999938964844;BR-101/RJ;Sul;Choque - Defensa, barreira ou "submarino";1;;;;;;;;;;3;;;;
14/09/2011;17:54:00;118;sem vítima;295;BR-101/RJ;Norte;Engavetamento;3;;;;;3;;;;;7;;;;
16/09/2011;20:12:00;168;sem vítima;295;BR-101/RJ;Norte;Colisão Traseira;2;;;;;;;;;;2;;;;
19/09/2011;17:21:00;165;com vítima;295;BR-101/RJ;Sul;Queda de Moto;;;;1;;;;;;;0;;;1;
15/10/2011;09:31:00;62;com vítima;295;BR-101/RJ;Norte;Colisão Traseira;1;;1;;;1;;;;;4;2;;;
20/10/2011;16:24:00;137;sem vítima;295;BR-101/RJ;Norte;Colisão Traseira;1;;;;;1;;;;1;3;;;;
22/10/2011;06:59:00;29;com vítima;295;BR-101/RJ;Norte;Colisão Frontal;2;;;;;;;;;;3;1;;;
20/11/2011;10:42:00;47;sem vítima;295;BR-101/RJ;Norte;Colisão Traseira;2;;;;;;;;;;6;;;;
30/11/2011;09:59:00;76;sem vítima;295;BR-101/RJ;Sul;Colisão Traseira;1;;;;1;;;;;;2;;;;
03/12/2011;05:27:00;27;com vítima;295,5;BR-101/RJ;Sul;Colisão Traseira;1;;;;1;;;;;;1;1;;;
03/12/2011;05:27:00;38;com vítima;295,5;BR-101/RJ;Sul;Queda de Moto;;;;1;;;;;;;0;;;1;
11/12/2011;16:35:00;118;sem vítima;295;BR-101/RJ;Norte;Capotamento;1;;;;;;;;;;1;;;;
16/12/2011;11:44:00;100;sem vítima;295;BR-101/RJ;Norte;Saida de Pista;;;1;;;;;;;;1;;;;
17/12/2011;12:01:00;79;sem vítima;295;BR-101/RJ;Sul;Outros - Sequência;2;;;;;;;;;;2;;;;
26/12/2011;21:20:00;193;com vítima;295,3500061035156;BR-101/RJ;Sul;Saida de Pista;1;;;;;;;;;;0;1;2;2;
02/01/2012;11:04:00;82;sem vítima;295;BR-101/RJ;Sul;Colisão Traseira;2;;;;;;;;;;4;;;;
07/01/2012;10:33:00;56;sem vítima;295;BR-101/RJ;Norte;Colisão Traseira;3;;;;;;;;;;9;;;;
16/01/2012;11:13:00;87;sem vítima;295;BR-101/RJ;Norte;Colisão Traseira;;;1;;1;;;;;;3;;;;
18/01/2012;12:12:00;92;com vítima;295;BR-101/RJ;Norte;Capotamento;1;;;;;;;;;;0;;3;;
19/01/2012;13:09:00;108;sem vítima;295;BR-101/RJ;Sul;Colisão Traseira;1;;;;1;;;;;;3;;;;
19/01/2012;21:19:00;198;com vítima;295;BR-101/RJ;Sul;Colisão Traseira;;;;1;;;;;;1;1;;2;;
04/02/2012;13:39:00;103;sem vítima;295;BR-101/RJ;Norte;Colisão Traseira;3;;;;;;;;;;3;;;;
16/02/2012;10:46:00;83;sem vítima;295;BR-101/RJ;Norte;Colisão Traseira;1;;1;;;;;;;;4;;;;
19/02/2012;05:04:00;39;com vítima;295;BR-101/RJ;Sul;Atropelamento - Andarilho;1;;;;;;;;;;1;;1;;
03/03/2012;02:00:00;10;com vítima;295;BR-101/RJ;Norte;Colisão Traseira;1;;1;;;;;;;;3;;2;;
04/03/2012;19:59:00;151;sem vítima;295;BR-101/RJ;Sul;Colisão Traseira;2;;;;;;;;;;2;;;;
10/03/2012;10:08:00;62;sem vítima;295;BR-101/RJ;Norte;Colisão Traseira;1;;;;;;;;;1;7;;;;
10/03/2012;18:36:00;146;com vítima;295;BR-101/RJ;Sul;Colisão Traseira;2;;;;;1;;;;;4;;1;;
10/03/2012;19:26:00;158;com vítima;295;BR-101/RJ;Sul;Engavetamento;5;;;;;;;;;;6;2;;;
18/03/2012;18:10:00;119;sem vítima;295;BR-101/RJ;Sul;Colisão Traseira;3;;;;;;;;;;8;;;;
03/04/2012;13:25:00;93;sem vítima;295;BR-101/RJ;Sul;Colisão Traseira;2;;;;;;;;;;2;;;;
22/05/2012;20:31:00;176;com vítima;295,8;BR-101/RJ;Norte;Colisão Traseira;1;;1;;;1;;;;;2;;2;;
26/05/2012;08:11:00;47;sem vítima;295;BR-101/RJ;Sul;Colisão Traseira;2;;;;;;;;;;4;;;;
08/06/2012;17:23:00;146;sem vítima;295;BR-101/RJ;Sul;Colisão Lateral;1;;;;;1;;;;;5;;;;
16/06/2012;05:25:00;24;com vítima;295;BR-101/RJ;Sul;Atropelamento - Morador;1;;;;;;;;;;4;1;;;
17/06/2012;19:00:00;134;sem vítima;295;BR-101/RJ;Sul;Saida de Pista;1;;;;;;;;;;1;;;;
18/06/2012;04:56:00;27;sem vítima;295;BR-101/RJ;Sul;Saida de Pista;1;;;;;;;;;;1;;;;
14/07/2012;13:44:00;109;sem vítima;295;BR-101/RJ;Norte;Engavetamento;4;;;;;;;;;;7;;;;
21/07/2012;08:38:00;54;sem vítima;295;BR-101/RJ;Sul;Colisão Traseira;2;;;;;;;;;;2;;;;
12/08/2012;18:41:00;148;sem vítima;295;BR-101/RJ;Norte;Colisão Lateral;2;;;;;;;;;;4;;;;
22/08/2012;17:13:00;166;sem vítima;295,294;BR-101/RJ;Norte;Colisão Lateral;2;;;;;;;;;;5;;;;
11/09/2012;18:06:00;131;sem vítima;295;BR-101/RJ;Sul;Colisão Traseira;2;;;;1;;;;;;5;;;;
20/09/2012;16:48:00;120;sem vítima;295;BR-101/RJ;Norte;Colisão Lateral;2;;1;;;;;;;;6;;;;
24/09/2012;08:53:00;70;sem vítima;295;BR-101/RJ;Norte;Engavetamento;4;;;;;;;;;;8;;;;
28/09/2012;18:41:00;172;sem vítima;295;BR-101/RJ;Norte;Colisão Traseira;;;;;1;;;;;1;3;;;;
30/09/2012;01:54:00;9;sem vítima;295,579;BR-101/RJ;Sul;Saida de Pista;1;;;;;;;;;;1;;;;
02/10/2012;08:32:00;53;sem vítima;295;BR-101/RJ;Sul;Colisão Lateral;2;;;;;;;;;;3;;;;
20/10/2012;07:05:00;41;sem vítima;295;BR-101/RJ;Norte;Colisão Lateral;;;1;;;1;;;;;3;;;;
01/11/2012;07:24:00;34;sem vítima;295;BR-101/RJ;Norte;Colisão Traseira;2;;;;;;;;;;2;;;;
10/11/2012;14:28:00;111;sem vítima;295;BR-101/RJ;Norte;Colisão Lateral;;;1;;;;;;;1;11;;;;
14/11/2012;16:51:00;157;sem vítima;295;BR-101/RJ;Norte;Colisão Traseira;1;;;;1;;;;;;2;;;;
22/11/2012;15:47:00;134;sem vítima;295;BR-101/RJ;Sul;Colisão Traseira;1;;1;;;;;;;;2;;;;
22/11/2012;17:46:00;156;sem vítima;295;BR-101/RJ;Sul;Colisão Lateral;1;;1;;;;;;;;3;;;;
04/12/2012;14:55:00;127;sem vítima;295;BR-101/RJ;Sul;Colisão Lateral;2;;;;;;;;;;2;;;;
10/12/2012;15:15:00;158;sem vítima;295;BR-101/RJ;Sul;Colisão Traseira;1;;1;;;;;;;;3;;;;
14/12/2012;08:48:00;62;com vítima;295;BR-101/RJ;Sul;Atropelamento - Andarilho;;;;;;;;;;1;2;;1;;
15/12/2012;17:40:00;159;sem vítima;295;BR-101/RJ;Sul;Colisão Traseira;2;;;;;;;;;1;5;;;;
15/12/2012;21:03:00;194;sem vítima;295;BR-101/RJ;Sul;Queda de Moto;;;;1;;;;;;;1;;;;
17/12/2012;09:40:00;63;sem vítima;295;BR-101/RJ;Sul;Colisão Traseira;2;;;;;;;;;;3;;;;
19/12/2012;06:06:00;23;sem vítima;295;BR-101/RJ;Sul;Colisão Lateral;;;;1;1;;;;;;2;;;;
23/12/2012;07:30:00;42;sem vítima;295;BR-101/RJ;Norte;Choque - Defensa, barreira ou "submarino";1;;;;;;;;;;3;;;;
23/12/2012;18:16:00;156;sem vítima;295;BR-101/RJ;Norte;Saida de Pista;1;;;;;;;;;;1;;;;
01/01/2013;16:19:00;144;sem vítima;295;BR-101/RJ;Sul;Engavetamento;3;;;;;;;;;;10;;;;
01/01/2013;21:36:00;214;com vítima;295,2;BR-101/RJ;Sul;Colisão Traseira;1;;;;;1;;;;;6;;1;;
06/01/2013;04:53:00;19;sem vítima;295,9;BR-101/RJ;Sul;Capotamento;2;;;;;;;;;;4;;;;
08/01/2013;09:47:00;68;sem vítima;295,103;BR-101/RJ;Norte;Colisão Traseira;2;;;;;;;;;;3;;;;
14/01/2013;01:14:00;6;com vítima;295;BR-101/RJ;Norte;Saida de Pista;2;;;;;;;;;;5;;2;;1
19/01/2013;09:32:00;70;sem vítima;295,383;BR-101/RJ;Norte;Colisão Traseira;2;;;;;1;;;;;3;;;;
20/01/2013;17:25:00;141;sem vítima;295,265;BR-101/RJ;Sul;Engavetamento;4;;;;;;;;;;4;;;;
22/01/2013;23:02:00;206;sem vítima;295,5;BR-101/RJ;Norte;Capotamento;1;;;;;;;;;;1;;;;
24/01/2013;11:48:00;88;sem vítima;295,73;BR-101/RJ;Norte;Engavetamento;4;;;;;;;;;;7;;;;
25/01/2013;14:31:00;117;sem vítima;295;BR-101/RJ;Norte;Colisão Traseira;3;;;;;;;;;;4;;;;
28/01/2013;17:33:00;146;com vítima;295,8;BR-101/RJ;Sul;Colisão Traseira;1;;;1;;;;;;;1;1;;;
02/02/2013;12:07:00;101;sem vítima;295,348;BR-101/RJ;Sul;Engavetamento;4;;;;;;;;;;12;;;;
09/02/2013;03:33:00;52;sem vítima;295,777;BR-101/RJ;Norte;Colisão Lateral;;;;1;;1;;;;;3;;;;
13/02/2013;12:17:00;119;sem vítima;295,7;BR-101/RJ;Sul;Colisão Traseira;1;;;1;;;;;;;2;;;;
27/02/2013;11:00:00;83;sem vítima;295;BR-101/RJ;Norte;Colisão Traseira;;;2;;;;;;;;4;;;;
09/03/2013;03:10:00;15;com vítima;295;BR-101/RJ;Norte;Queda de Moto;;;;1;;;;;;;0;;2;;
09/03/2013;09:55:00;80;sem vítima;295,752;BR-101/RJ;Sul;Colisão Traseira;2;;;;;;;;;;6;;;;
16/03/2013;11:16:00;105;sem vítima;295;BR-101/RJ;Sul;Colisão Traseira;2;;;;;;;;;;2;;;;
29/03/2013;20:53:00;186;sem vítima;295,175;BR-101/RJ;Norte;Colisão Traseira;2;;;;;;;;;;2;;;;
30/03/2013;05:12:00;20;com vítima;295;BR-101/RJ;Norte;Colisão Traseira;1;;;1;;;;;;;4;;2;;
31/03/2013;10:35:00;62;sem vítima;295;BR-101/RJ;Norte;Colisão Traseira;2;;;;;;;;;;6;;;;
15/04/2013;14:13:00;127;sem vítima;295;BR-101/RJ;Sul;Colisão Traseira;2;;;;;;;;;;2;;;;
07/05/2013;13:27:00;82;sem vítima;295,8;BR-101/RJ;Sul;Colisão Traseira;2;;1;;;;;;;;6;;;;
11/05/2013;00:36:00;2;sem vítima;295,534;BR-101/RJ;Norte;Colisão Traseira;2;;;;;;;;;;5;;;;
11/05/2013;00:53:00;5;sem vítima;295,534;BR-101/RJ;Norte;Colisão Traseira;1;;1;;;;;;;;6;;;;
12/05/2013;17:51:00;120;sem vítima;295;BR-101/RJ;Sul;Engavetamento;3;;;;;;;;;;3;;;;
14/05/2013;07:16:00;24;sem vítima;295,75;BR-101/RJ;Norte;Engavetamento;3;;;;;;;;;;4;;;;
16/05/2013;21:53:00;161;com vítima;295,34;BR-101/RJ;Sul;Atropelamento - Morador;1;;;;;;;;;;4;;1;;
07/06/2013;12:28:00;88;com vítima;295,15;BR-101/RJ;Sul;Colisão Traseira;;;;1;;;;;;1;2;2;;;
15/06/2013;14:54:00;118;sem vítima;295;BR-101/RJ;Sul;Tombamento;;;1;;;;;;;;1;;;;
30/07/2013;09:17:00;50;com vítima;295;BR-101/RJ;Sul;Choque - Defensa, barreira ou "submarino";1;;;;;;;;;;1;2;;;
03/08/2013;05:10:00;23;com vítima;295,77;BR-101/RJ;Sul;Capotamento;1;;;;;;;;;;0;1;1;1;
03/08/2013;07:41:00;39;sem vítima;295,78;BR-101/RJ;Norte;Engavetamento;3;;;;;;;;;;7;;;;
08/08/2013;13:32:00;103;com vítima;295;BR-101/RJ;Norte;Colisão Lateral;2;;1;;;;;;;;4;1;;;
09/08/2013;10:47:00;66;sem vítima;295;BR-101/RJ;Norte;Engavetamento;2;;;;1;;;;;;3;;;;
16/08/2013;18:25:00;157;sem vítima;295;BR-101/RJ;Norte;Colisão Traseira;2;;;;;;;;;;4;;;;
17/08/2013;17:40:00;141;com vítima;295,429;BR-101/RJ;Norte;Capotamento;1;;;;;;;;;;0;;1;;
24/08/2013;09:36:00;71;sem vítima;295;BR-101/RJ;Norte;Colisão Traseira;1;;;;;1;;;;;6;;;;
25/08/2013;04:56:00;25;com vítima;295,649;BR-101/RJ;Sul;Colisão Lateral;1;;;;;1;;;;;1;1;;;
29/08/2013;04:52:00;19;sem vítima;295,115;BR-101/RJ;Sul;Choque - Defensa, barreira ou "submarino";1;;;;;;;;;;1;;;;
03/09/2013;14:26:00;121;com vítima;295,35;BR-101/RJ;Sul;Atropelamento - Morador;1;;;;;;;;;;1;;1;;
07/09/2013;01:49:00;8;sem vítima;295,3;BR-101/RJ;Norte;Saida de Pista;;;1;;;;;;;;1;;;;
13/09/2013;18:52:00;174;sem vítima;295;BR-101/RJ;Norte;Colisão Traseira;;;;;1;1;;;;;2;;;;
11/10/2013;18:33:00;187;com vítima;295;BR-101/RJ;Norte;Queda de Moto;;;;1;;;;;;;0;;1;;
05/11/2013;12:15:00;93;com vítima;295,426;BR-101/RJ;Sul;Queda de Moto;;;;1;;;;;;;0;;1;;
24/11/2013;22:09:00;168;com vítima;295,103;BR-101/RJ;Norte;Atropelamento - Andarilho;;;;;2;;;;;;2;;;;1
25/11/2013;06:00:00;26;sem vítima;295,13;BR-101/RJ;Sul;Saida de Pista;1;;;;;;;;;;1;;;;
30/11/2013;10:41:00;82;sem vítima;295,32;BR-101/RJ;Norte;Colisão Traseira;2;;;;;;;;;;2;;;;
02/12/2013;10:01:00;103;com vítima;295,413;BR-101/RJ;Norte;Colisão Traseira;;;;;2;;;;;;48;;3;;
20/12/2013;14:53:00;119;sem vítima;295;BR-101/RJ;Sul;Colisão Lateral;;;1;;1;;;;;;2;;;;
20/12/2013;15:46:00;125;com vítima;295,1;BR-101/RJ;Sul;Colisão Frontal;;;;1;1;;;;;;1;;2;;
21/12/2013;16:14:00;133;sem vítima;295,669;BR-101/RJ;Norte;Engavetamento;3;;;;;;;;;;8;;;;
01/01/2014;06:26:00;29;com vítima;295,334;BR-101/RJ;Sul;Colisão Traseira;1;;;1;;;;;;;1;;;1;
01/01/2014;07:18:00;39;sem vítima;295,633;BR-101/RJ;Sul;Saida de Pista;1;;;;;;;;;;5;;;;
09/01/2014;12:48:00;106;sem vítima;295,793;BR-101/RJ;Norte;Colisão Traseira;1;;;;;1;;;;;3;;;;
20/01/2014;17:11:00;154;sem vítima;295;BR-101/RJ;Sul;Engavetamento;4;;;;;;;;;;10;;;;
20/01/2014;10:23:00;64;sem vítima;295,687;BR-101/RJ;Norte;Engavetamento;3;;1;;;;;;;;9;;;;
21/01/2014;15:14:00;139;sem vítima;295;BR-101/RJ;Norte;Engavetamento;3;;;;;;;;;;8;;;;
24/01/2014;18:46:00;141;sem vítima;295,2;BR-101/RJ;Sul;Colisão Traseira;2;;;;;;;;;;6;;;;
30/01/2014;22:26:00;228;sem vítima;295;BR-101/RJ;Sul;Colisão Traseira;1;;;;1;;;;;;2;;;;
07/02/2014;17:30:00;171;sem vítima;295,571;BR-101/RJ;Norte;Engavetamento;5;;;;;;;;;;6;;;;
16/02/2014;11:51:00;59;sem vítima;295,11;BR-101/RJ;Norte;Colisão Traseira;2;;;;;;;;;;7;;;;
24/02/2014;15:21:00;134;sem vítima;295;BR-101/RJ;Norte;Colisão Traseira;2;;;;;;;;;;2;;;;
24/02/2014;05:07:00;20;com vítima;295,32;BR-101/RJ;Sul;Atropelamento - Morador;;;;1;;;;;;;1;;1;;
01/03/2014;06:46:00;106;com vítima;295;BR-101/RJ;Sul;Colisão Lateral;1;;1;;;;;;;;4;1;;;
08/03/2014;20:25:00;189;sem vítima;295;BR-101/RJ;Sul;Colisão Traseira;1;;;;;1;;;;;6;;;;
08/03/2014;20:25:00;196;sem vítima;295;BR-101/RJ;Sul;Colisão Traseira;1;;;;;1;;;;;2;;;;
08/03/2014;20:25:00;197;sem vítima;295;BR-101/RJ;Sul;Colisão Traseira;1;;;;;1;;;;;6;;;;
17/03/2014;07:58:00;55;com vítima;295,524;BR-101/RJ;Norte;Queda de Moto;;;;1;;;;;;;0;;1;;
24/03/2014;03:47:00;8;com vítima;295,538;BR-101/RJ;Norte;Capotamento;1;;;;;;;;;;0;1;;1;
04/04/2014;18:09:00;151;sem vítima;295;BR-101/RJ;Norte;Colisão Lateral;2;;;;;;;;;;3;;;;
11/04/2014;10:42:00;77;sem vítima;295,6;BR-101/RJ;Norte;Colisão Lateral;1;;;;1;;;;;;3;;;;
12/04/2014;09:51:00;66;sem vítima;295;BR-101/RJ;Norte;Engavetamento;2;;;;;1;;;;;6;;;;
06/05/2014;09:28:00;59;sem vítima;295;BR-101/RJ;Sul;Colisão Traseira;2;;;;;;;;;;3;;;;
15/05/2014;11:46:00;102;sem vítima;295;BR-101/RJ;Sul;Engavetamento;4;;1;;;;;;;;9;;;;
31/05/2014;12:30:00;77;sem vítima;295,5;BR-101/RJ;Norte;Engavetamento;2;;1;;1;;;;;;5;;;;
27/06/2014;09:32:00;63;sem vítima;295;BR-101/RJ;Norte;Engavetamento;3;;;;;;;;;;5;;;;
13/07/2014;07:57:00;23;sem vítima;295;BR-101/RJ;Sul;Outros - Sequência;2;;;;1;;;;;;5;;;;
20/07/2014;15:11:00;100;sem vítima;295,18;BR-101/RJ;Sul;Engavetamento;3;;;;;1;;;;;12;;;;
20/07/2014;16:41:00;115;com vítima;295,315;BR-101/RJ;Sul;Outros - Sequência;1;;;1;;;;;;;4;;1;;
29/07/2014;12:28:00;93;com vítima;295;BR-101/RJ;Sul;Atropelamento - Ciclista;1;1;;;;;;;;;1;;1;;
01/08/2014;19:26:00;157;com vítima;295,7;BR-101/RJ;Sul;Queda de Moto;;;;1;;;;;;;0;;1;;
20/08/2014;18:06:00;142;sem vítima;295;BR-101/RJ;Sul;Colisão Traseira;2;;;;;;;;;;2;;;;
24/08/2014;21:54:00;187;sem vítima;295;BR-101/RJ;Norte;Choque - Defensa, barreira ou "submarino";1;;;;;;;;;;3;;;;
01/09/2014;04:24:00;23;sem vítima;295,4;BR-101/RJ;Norte;Saida de Pista;1;;;;;;;;;;2;;;;
15/09/2014;12:17:00;88;sem vítima;295,117;BR-101/RJ;Norte;Colisão Traseira;;;1;;;;;;;1;4;;;;
21/09/2014;05:09:00;17;com vítima;295;BR-101/RJ;Norte;Outros - Sequência;4;;;;;;;;;;4;2;;;
02/10/2014;05:25:00;14;com vítima;295;BR-101/RJ;Sul;Colisão Frontal;2;;;;;;;;;;0;2;;;
16/10/2014;16:17:00;140;sem vítima;295;BR-101/RJ;Norte;Colisão Traseira;1;;1;;;;;;;;5;;;;
17/10/2014;13:06:00;112;com vítima;295,5;BR-101/RJ;Sul;Capotamento;1;;;;;;;;;;0;1;;;
24/10/2014;18:19:00;143;com vítima;295,341;BR-101/RJ;Sul;Colisão Lateral;1;;;;1;;;;;;1;1;;;
31/10/2014;11:24:00;89;sem vítima;295;BR-101/RJ;Norte;Engavetamento;4;;;;;;;;;;15;;;;
05/11/2014;16:50:00;128;com vítima;295;BR-101/RJ;Sul;Colisão Lateral;2;;;1;;;;;;;3;;;1;
08/11/2014;10:53:00;68;sem vítima;295;BR-101/RJ;Norte;Colisão Traseira;2;;;;;;;;;;4;;;;
08/11/2014;11:56:00;81;sem vítima;295;BR-101/RJ;Norte;Engavetamento;1;;;;;2;;;;1;9;;;;
14/11/2014;16:34:00;152;sem vítima;295,32;BR-101/RJ;Sul;Colisão Traseira;2;;;;;;;;;;2;;;;
15/11/2014;20:27:00;160;com vítima;295,229;BR-101/RJ;Sul;Colisão Traseira;1;;;1;;;;;;;1;2;;;
28/11/2014;06:21:00;23;com vítima;295;BR-101/RJ;Sul;Colisão Lateral;1;;;1;;;;;;;1;1;;;
09/12/2014;13:19:00;103;sem vítima;295;BR-101/RJ;Sul;Colisão Traseira;2;;;;;;;;;;2;;;;
13/12/2014;14:56:00;127;com vítima;295;BR-101/RJ;Sul;Atropelamento - Ciclista;1;1;;;;;;;;;2;1;;;
17/12/2014;16:30:00;138;com vítima;295,891;BR-101/RJ;Norte;Engavetamento;2;;2;;;1;;;;1;8;1;;;
31/12/2014;10:06:00;81;com vítima;295;BR-101/RJ;Norte;Saida de Pista;1;;;;;;;;;;1;1;;;
01/01/2015;01:20:00;8;com vítima;295,477;BR-101/RJ;Norte;Queda de Moto;;;;1;;;;;;;0;1;;;
02/01/2015;12:33:00;71;sem vítima;295;BR-101/RJ;Sul;Colisão Traseira;2;;;;;;;;;;5;;;;
04/01/2015;14:52:00;111;com vítima;295;BR-101/RJ;Sul;Atropelamento - Morador;;;;1;;;;;;;0;2;1;;
10/01/2015;10:38:00;73;sem vítima;295,313;BR-101/RJ;Sul;Colisão Lateral;2;;;;;;;;;;5;;;;
22/01/2015;18:37:00;131;com vítima;295,5;BR-101/RJ;Sul;Colisão Traseira;;;1;;;;;;;1;2;1;1;;
25/01/2015;20:11:00;133;sem vítima;295;BR-101/RJ;Sul;Colisão Traseira;1;;;1;;;;;;;3;;;;
28/01/2015;15:48:00;119;sem vítima;295;BR-101/RJ;Norte;Colisão Traseira;2;;;;;;;;;;3;;;;
08/02/2015;19:25:00;109;sem vítima;295;BR-101/RJ;Sul;Colisão Lateral;2;;;;;;;;;;3;0;0;0;0
08/02/2015;19:51:00;121;sem vítima;295;BR-101/RJ;Norte;Engavetamento;2;;;;;1;;;;;5;0;0;0;0
18/02/2015;19:04:00;178;com vítima;295;BR-101/RJ;Sul;Colisão Lateral;1;;;1;;;;;;;2;2;0;0;0
27/02/2015;15:31:00;123;sem vítima;295;BR-101/RJ;Norte;Engavetamento;3;;;;;;;;;;7;;;;
09/03/2015;11:04:00;88;sem vítima;295;BR-101/RJ;Norte;Engavetamento;3;;;;;;;;;;5;0;0;0;0
14/03/2015;17:10:00;144;com vítima;295,2;BR-101/RJ;Sul;Atropelamento - Ciclista;1;1;;;;;;;;;0;2;0;0;1
29/03/2015;15:18:00;79;com vítima;295;BR-101/RJ;Sul;Atropelamento - Morador;1;;;;;;;;;;1;0;1;0;0
01/04/2015;17:57:00;155;sem vítima;295;BR-101/RJ;Sul;Engavetamento;3;;;;;;;;;;5;;;;
06/04/2015;11:44:00;113;sem vítima;295;BR-101/RJ;Sul;Engavetamento;3;;;;;;;;;;6;;;;
07/04/2015;20:08:00;159;com vítima;295;BR-101/RJ;Sul;Choque - Defensa, barreira ou "submarino";1;;;;;;;;;;0;1;;;
10/04/2015;18:04:00;192;sem vítima;295;BR-101/RJ;Norte;Colisão Traseira;2;;;;;;;;;;4;;;;
11/04/2015;16:08:00;138;com vítima;295,583;BR-101/RJ;Sul;Capotamento;1;;;;;;;;;;0;1;;;
25/04/2015;13:02:00;84;sem vítima;295;BR-101/RJ;Sul;Colisão Traseira;1;;;1;;;;;;;8;;;;
25/04/2015;09:22:00;54;sem vítima;295,858;BR-101/RJ;Norte;Choque - Outros;1;;;;;;;;;;1;;;;
30/04/2015;09:34:00;68;sem vítima;295;BR-101/RJ;Norte;Colisão Traseira;1;;;;;1;;;;;2;;;;
30/04/2015;17:11:00;165;sem vítima;295;BR-101/RJ;Sul;Colisão Traseira;1;;;;;1;;;;;2;;;;
03/05/2015;05:40:00;21;com vítima;295;BR-101/RJ;Norte;Capotamento;1;;;;;;;;;;1;1;;;
07/05/2015;23:37:00;220;com vítima;295;BR-101/RJ;Norte;Atropelamento - Sem Informação;;;;;;1;;;;;1;;1;;1
10/05/2015;18:44:00;146;sem vítima;295,27;BR-101/RJ;Sul;Choque - Defensa, barreira ou "submarino";1;;;;;;;;;;1;;;;
15/05/2015;11:22:00;97;sem vítima;295;BR-101/RJ;Sul;Choque - Defensa, barreira ou "submarino";1;;;;;;;;;;4;;;;
15/05/2015;12:40:00;110;sem vítima;295;BR-101/RJ;Norte;Colisão Traseira;2;;;;;;;;;;3;;;;
16/05/2015;11:05:00;87;sem vítima;295;BR-101/RJ;Norte;Colisão Traseira;2;;;;;;;;;;3;;;;
16/05/2015;12:30:00;105;sem vítima;295;BR-101/RJ;Norte;Outros - Sequência;1;;;;;1;;;;;3;;;;
16/05/2015;07:24:00;32;com vítima;295,163;BR-101/RJ;Sul;Choque - Poste;1;;;;;;;;;;0;;1;;