data;horario;n_da_ocorrencia;tipo_de_ocorrencia;km;trecho;sentido;tipo_de_acidente;automovel;bicicleta;caminhao;moto;onibus;outros;tracao_animal;transporte_de_cargas_especiais;trator_maquinas;utilitarios;ilesos;levemente_feridos;moderadamente_feridos;gravemente_feridos;mortos
04/06/2015;03:01:00;21;sem vítima;295;BR-101/RJ;Sul;Colisão Traseira;2;;;;;;;;;;4;;;;
04/06/2015;05:35:00;40;com vítima;295;BR-101/RJ;Sul;Colisão Lateral;1;;;1;;;;;;;2;1;;;
04/06/2015;13:42:00;111;sem vítima;295;BR-101/RJ;Norte;Engavetamento;4;;;;;;;;;;12;;;;
05/06/2015;15:38:00;118;sem vítima;295;BR-101/RJ;Sul;Colisão Traseira;2;;;;;;;;;;2;;;;
10/06/2015;19:59:00;185;sem vítima;295,888;BR-101/RJ;Norte;Capotamento;1;;;;;;;;;;1;;;;
13/06/2015;11:53:00;115;com vítima;295,056;BR-101/RJ;Norte;Colisão Lateral;1;;;1;;;;;;;3;1;;;
19/06/2015;15:12:00;115;com vítima;295;BR-101/RJ;Sul;Queda de Moto;;;;1;;;;;;;0;1;;;
04/07/2015;07:42:00;42;com vítima;295;BR-101/RJ;Sul;Capotamento;1;;;;;;;;;;0;1;;;
12/07/2015;18:12:00;133;sem vítima;295;BR-101/RJ;Sul;Engavetamento;4;;;;;;;;;;9;;;;
23/07/2015;18:25:00;189;com vítima;295,414;BR-101/RJ;Norte;Colisão Lateral;1;;;1;;;;;;;6;1;;;
02/08/2015;16:20:00;112;sem vítima;295;BR-101/RJ;Sul;Colisão Traseira;2;;;;;;;;;;2;;;;
02/08/2015;06:36:00;25;sem vítima;295,584;BR-101/RJ;Sul;Choque - Defensa, barreira ou "submarino";1;;;;;;;;;;4;;;;
08/08/2015;09:38:00;73;sem vítima;295;BR-101/RJ;Norte;Engavetamento;3;;;;;;;;;;6;;;;
09/08/2015;16:57:00;117;sem vítima;295;BR-101/RJ;Sul;Engavetamento;3;;;;;;;;;;8;;;;
11/08/2015;14:23:00;149;com vítima;295;BR-101/RJ;Sul;Colisão Traseira;;;;;2;;;;;;3;3;1;;
15/08/2015;08:10:00;42;sem vítima;295;BR-101/RJ;Norte;Colisão Traseira;2;;;;;;;;;;2;;;;
10/09/2015;15:46:00;142;sem vítima;295,446;BR-101/RJ;Norte;Colisão Lateral;;;;;1;;;;;1;2;;;;
18/09/2015;16:23:00;225;sem vítima;295;BR-101/RJ;Norte;Engavetamento;5;;;;;;;;;;6;;;;
19/09/2015;04:45:00;25;com vítima;295,578;BR-101/RJ;Sul;Choque - Defensa, barreira ou "submarino";1;;;;;;;;;;0;;2;;
04/10/2015;05:04:00;13;sem vítima;295,227;BR-101/RJ;Norte;Choque - Defensa, barreira ou "submarino";1;;;;;;;;;;1;;;;
07/10/2015;19:08:00;155;com vítima;295,141;BR-101/RJ;Sul;Queda de Moto;;;;1;;;;;;;0;1;;;
09/10/2015;10:54:00;110;sem vítima;295,567;BR-101/RJ;Norte;Colisão Lateral;1;;;1;;;;;;;2;;;;
10/10/2015;06:22:00;33;com vítima;295,57;BR-101/RJ;Norte;Colisão Frontal;2;;;;;;;;;;0;;;4;1
15/10/2015;16:36:00;158;sem vítima;295,552;BR-101/RJ;Norte;Engavetamento;;;3;;;;;;;;8;;;;
18/10/2015;17:19:00;114;com vítima;295;BR-101/RJ;Sul;Queda de Moto;;;;1;;;;;;;0;1;;;
30/10/2015;18:26:00;152;com vítima;295;BR-101/RJ;Norte;Atropelamento - Morador;;;;1;;;;;;;1;;1;;
17/11/2015;15:14:00;142;sem vítima;295,02;BR-101/RJ;Sul;Colisão Traseira;1;;;;;;;;;1;3;;;;
02/12/2015;16:09:00;161;com vítima;295;BR-101/RJ;Norte;Colisão Traseira;1;;;;1;;;;;;3;1;;;
02/12/2015;17:19:00;171;sem vítima;295;BR-101/RJ;Sul;Colisão Lateral;1;;1;;;;;;;;5;;;;
09/12/2015;17:00:00;178;sem vítima;295;BR-101/RJ;Norte;Colisão Traseira;2;;;;;;;;;;3;;;;
25/12/2015;19:12:00;151;com vítima;295;BR-101/RJ;Norte;Colisão Traseira;2;;;;;;;;;;2;1;;;
09/01/2010;11:40:00;95;sem vítima;296;BR-101/RJ;Norte;Colisão Traseira;;;1;;;;;;;1;5;;;;
09/01/2010;12:28:00;106;sem vítima;296;BR-101/RJ;Norte;Engavetamento;3;;;;;;;;;;3;;;;
10/01/2010;05:07:00;20;sem vítima;296;BR-101/RJ;Norte;Saida de Pista;1;;;;;;;;;;5;;;;
10/01/2010;11:08:00;90;sem vítima;296;BR-101/RJ;Norte;Capotamento;1;;;;;;;;;;4;;;;
16/01/2010;05:35:00;20;sem vítima;296;BR-101/RJ;Norte;Colisão Traseira;1;;;;1;;;;;;14;;;;
17/01/2010;08:47:00;43;sem vítima;296;BR-101/RJ;Norte;Colisão Traseira;1;;1;;;;;;;;5;;;;
23/01/2010;05:55:00;21;sem vítima;296;BR-101/RJ;Norte;Colisão Lateral;;;;;1;;;;;1;3;;;;
24/01/2010;14:58:00;105;sem vítima;296;BR-101/RJ;Norte;Engavetamento;3;;;;;;;;;;7;;;;
01/02/2010;15:37:00;136;sem vítima;296;BR-101/RJ;Norte;Objeto lançado contra veículo;1;;1;;;;;;;;3;;;;
06/02/2010;12:59:00;118;sem vítima;296;BR-101/RJ;Sul;Colisão Traseira;1;;;;1;;;;;;3;;;;
12/02/2010;13:24:00;139;sem vítima;296;BR-101/RJ;Norte;Colisão Traseira;2;;;;;;;;;;5;;;;
16/02/2010;03:29:00;20;sem vítima;296;BR-101/RJ;Norte;Saida de Pista;1;;;;;;;;;;2;;;;
17/02/2010;05:19:00;34;com vítima;296;BR-101/RJ;Sul;Queda de Moto;;;;1;;;;;;;0;;1;;
19/03/2010;17:59:00;189;sem vítima;296;BR-101/RJ;Norte;Saida de Pista;1;;;;;;;;;;2;;;;
20/03/2010;12:52:00;102;sem vítima;296;BR-101/RJ;Sul;Colisão Lateral;1;;;;1;;;;;;5;;;;
31/03/2010;14:25:00;112;sem vítima;296;BR-101/RJ;Sul;Colisão Traseira;;;1;;1;;;;;;2;;;;
23/04/2010;14:09:00;89;sem vítima;296;BR-101/RJ;Norte;Colisão Traseira;2;;;;;;;;;;7;;;;
25/04/2010;18:24:00;151;com vítima;296;BR-101/RJ;Norte;Atropelamento - Andarilho;1;;;;;;;;;;4;;;;1
14/05/2010;05:00:00;19;sem vítima;296;BR-101/RJ;Norte;Saida de Pista;1;;;;;;;;;;1;;;;
24/05/2010;15:53:00;147;sem vítima;296;BR-101/RJ;Norte;Colisão Lateral;1;;;;;;;;1;;2;;;;
24/05/2010;16:53:00;160;sem vítima;296,5;BR-101/RJ;Sul;Colisão Traseira;1;;;;;;;;;1;2;;;;
30/05/2010;18:53:00;117;sem vítima;296;BR-101/RJ;Sul;Colisão Traseira;1;;;;1;;;;;;30;;;;
03/06/2010;20:49:00;154;sem vítima;296;BR-101/RJ;Sul;Colisão Lateral;;;;2;;;;;;;3;;;;
06/06/2010;02:30:00;11;sem vítima;296;BR-101/RJ;Sul;Choque - Poste;1;;;;;;;;;;1;;;;
14/06/2010;19:11:00;160;com vítima;296;BR-101/RJ;Sul;Queda de Moto;;;;1;;;;;;;0;;1;;
18/06/2010;02:11:00;11;sem vítima;296;BR-101/RJ;Norte;Saida de Pista;1;;;;;;;;;;1;;;;
19/06/2010;11:35:00;73;sem vítima;296;BR-101/RJ;Sul;Colisão Traseira;3;;;;;;;;;;7;;;;
03/07/2010;16:50:00;122;sem vítima;296;BR-101/RJ;Sul;Colisão Lateral;1;;1;;;;;;;;3;;;;
04/07/2010;00:09:00;2;sem vítima;296;BR-101/RJ;Norte;Colisão Traseira;1;;;;;1;;;;;6;;;;
25/07/2010;05:00:00;22;com vítima;296;BR-101/RJ;Norte;Capotamento;1;;;;;;;;;;0;;3;;
07/09/2010;13:28:00;90;sem vítima;296;BR-101/RJ;Sul;Objeto lançado contra veículo;2;;;;;;;;;;9;;;;
08/09/2010;15:38:00;160;sem vítima;296;BR-101/RJ;Norte;Choque - Defensa, barreira ou "submarino";1;;;;;;;;;;1;;;;
08/09/2010;16:09:00;170;sem vítima;296;BR-101/RJ;Sul;Choque - Defensa, barreira ou "submarino";;;;;1;;;;;;1;;;;
12/09/2010;13:48:00;80;com vítima;296;BR-101/RJ;Norte;Capotamento;1;;;;;;;;;;0;2;;;
25/09/2010;06:50:00;32;com vítima;296;BR-101/RJ;Norte;Capotamento;1;;;;;;;;;;0;3;;;
02/10/2010;17:59:00;146;sem vítima;296;BR-101/RJ;Sul;Tombamento;1;;1;;;;;;;;5;;;;
07/10/2010;05:26:00;25;com vítima;296;BR-101/RJ;Sul;Capotamento;1;;;;;;;;;1;4;1;7;;
11/10/2010;03:00:00;7;com vítima;296,29998779296875;BR-101/RJ;Sul;Tombamento;;;1;;;;;;;;1;;;;1
15/10/2010;23:41:00;216;com vítima;296;BR-101/RJ;Norte;Queda de Moto;;;;1;;;;;;;0;;2;;
15/10/2010;23:56:00;217;sem vítima;296;BR-101/RJ;Norte;Engavetamento;2;;;;;2;;;;;9;;;;
16/10/2010;04:05:00;14;sem vítima;296;BR-101/RJ;Norte;Capotamento;1;;;;;;;;;;3;;;;
25/10/2010;00:45:00;10;com vítima;296;BR-101/RJ;Norte;Saida de Pista;1;;;;;;;;;;0;1;;;
27/10/2010;05:42:00;20;com vítima;296,5;BR-101/RJ;Norte;Atropelamento - Sem Informação;;;;;1;;;;;;1;;;1;
28/10/2010;14:41:00;108;sem vítima;296;BR-101/RJ;Norte;Saida de Pista;1;;;;;1;;;;;2;;;;
08/11/2010;09:53:00;56;sem vítima;296;BR-101/RJ;Sul;Colisão Lateral;;;1;;1;;;;;;28;;;;
09/11/2010;15:22:00;123;sem vítima;296;BR-101/RJ;Norte;Engavetamento;1;;;;;3;;;;;4;;;;
12/11/2010;14:39:00;112;com vítima;296;BR-101/RJ;Sul;Colisão Lateral;1;;1;;;;;;;;2;3;1;;
04/12/2010;11:20:00;87;sem vítima;296;BR-101/RJ;Norte;Engavetamento;4;;2;;;;;;;2;13;;;;
05/12/2010;17:09:00;124;com vítima;296;BR-101/RJ;Norte;Saida de Pista;1;;;;;;;;;;0;1;;;
13/12/2010;06:03:00;22;sem vítima;296;BR-101/RJ;Norte;Capotamento;;;;;;;;;;1;1;;;;
17/12/2010;21:13:00;220;sem vítima;296;BR-101/RJ;Sul;Colisão Traseira;2;;;;;;;;;;2;;;;
18/12/2010;13:07:00;120;sem vítima;296;BR-101/RJ;Norte;Colisão Traseira;2;;;;;;;;;;8;;;;
25/12/2010;04:37:00;23;sem vítima;296;BR-101/RJ;Norte;Saida de Pista;1;;;;;;;;;;1;;;;
29/12/2010;20:19:00;199;sem vítima;296;BR-101/RJ;Norte;Colisão Traseira;2;;;;;;;;;;7;;;;
30/12/2010;22:33:00;222;sem vítima;296;BR-101/RJ;Norte;Colisão Lateral;;;;1;;;;;;1;2;;;;
16/01/2011;03:40:00;24;sem vítima;296;BR-101/RJ;Sul;Saida de Pista;1;;;;;;;;;;2;;;;
16/01/2011;18:51:00;197;com vítima;296;BR-101/RJ;Sul;Atropelamento - Ciclista;1;1;;;;;;;;;2;;1;;
01/02/2011;12:17:00;100;sem vítima;296;BR-101/RJ;Norte;Colisão Lateral;1;;;;;1;;;;;2;;;;
08/02/2011;01:10:00;5;sem vítima;296;BR-101/RJ;Norte;Outros - Sequência;;;1;;;;;;;;1;;;;
17/02/2011;23:27:00;188;com vítima;296;BR-101/RJ;Norte;Tombamento;;;1;;;;;;;;0;;1;;
19/02/2011;00:21:00;5;com vítima;296;BR-101/RJ;Norte;Colisão Traseira;1;;;1;;;;;;;3;1;;;
21/03/2011;04:12:00;18;sem vítima;298;BR-101/RJ;Norte;Saida de Pista;1;;;;;;;;;;1;;;;
05/05/2011;03:06:00;12;sem vítima;296;BR-101/RJ;Sul;Saida de Pista;;;1;;;;;;;;1;;;;
06/05/2011;09:00:00;46;sem vítima;296;BR-101/RJ;Norte;Colisão Lateral;1;;;;;1;;;;;3;;;;
07/05/2011;19:45:00;161;sem vítima;296;BR-101/RJ;Sul;Engavetamento;3;;;;;;;;;;4;;;;
20/05/2011;15:25:00;115;sem vítima;296;BR-101/RJ;Norte;Choque - Defensa, barreira ou "submarino";1;;;;;;;;;;2;;;;
21/05/2011;05:47:00;27;sem vítima;296;BR-101/RJ;Sul;Capotamento;2;;;;;;;;;;5;;;;
25/05/2011;10:14:00;68;com vítima;296;BR-101/RJ;Norte;Colisão Traseira;1;;2;;;;;;;;3;1;;;
29/05/2011;01:32:00;14;com vítima;296;BR-101/RJ;Norte;Capotamento;1;;;;;;;;;;0;;1;3;
01/06/2011;07:23:00;36;sem vítima;296,5;BR-101/RJ;Sul;Colisão Lateral;1;;;;1;;;;;;4;;;;
13/06/2011;16:23:00;133;sem vítima;296;BR-101/RJ;Sul;Colisão Traseira;1;;;;1;;;;;;2;;;;
14/06/2011;11:32:00;65;com vítima;296;BR-101/RJ;Sul;Saida de Pista;;;1;;;;;;;1;1;1;;;
18/06/2011;03:37:00;14;sem vítima;296;BR-101/RJ;Sul;Choque - Defensa, barreira ou "submarino";1;;;;;;;;;;2;;;;
19/06/2011;09:07:00;42;com vítima;296;BR-101/RJ;Norte;Saida de Pista;1;;;;;;;;;;0;1;;;
20/08/2011;22:27:00;173;com vítima;296,29998779296875;BR-101/RJ;Sul;Colisão Lateral;1;;1;;;;;;;;1;4;;;
27/08/2011;00:54:00;5;com vítima;296,20001220703125;BR-101/RJ;Norte;Capotamento;1;;;;;;;;;;0;3;2;;
29/08/2011;05:13:00;25;sem vítima;296;BR-101/RJ;Norte;Saida de Pista;1;;;;;;;;;;2;;;;
11/09/2011;00:50:00;11;com vítima;296;BR-101/RJ;Norte;Capotamento;1;;;;;;;;;;0;2;;;
11/09/2011;05:12:00;35;com vítima;296;BR-101/RJ;Norte;Colisão Traseira;1;;;;;1;;;;;1;;3;;
11/09/2011;05:12:00;27;com vítima;296,79998779296875;BR-101/RJ;Sul;Colisão Lateral;2;;;;;;;;;;3;;1;;1
14/09/2011;18:16:00;124;sem vítima;296;BR-101/RJ;Norte;Engavetamento;3;;;;;;;;;;6;;;;
15/09/2011;10:03:00;66;sem vítima;296;BR-101/RJ;Sul;Colisão Traseira;2;;;;;;;;;;2;;;;
30/09/2011;08:08:00;52;sem vítima;296;BR-101/RJ;Norte;Saida de Pista;1;;;;;;;;;;1;;;;
07/10/2011;15:11:00;130;sem vítima;296;BR-101/RJ;Norte;Colisão Traseira;3;;;;;;;;;;3;;;;
07/10/2011;22:18:00;225;sem vítima;296;BR-101/RJ;Sul;Colisão Lateral;2;;1;;;;;;;;7;;;;
20/10/2011;13:29:00;106;sem vítima;296;BR-101/RJ;Sul;Colisão Lateral;2;;;;;;;;;;8;;;;
25/10/2011;16:21:00;161;sem vítima;296;BR-101/RJ;Norte;Colisão Traseira;1;;1;;;;;;;;3;;;;
31/10/2011;19:34:00;150;sem vítima;296;BR-101/RJ;Norte;Colisão Traseira;1;;;;;;;;;1;2;;;;
03/11/2011;05:45:00;28;sem vítima;296,79998779296875;BR-101/RJ;Sul;Colisão Traseira;2;;;;;;;;;;2;;;;
12/11/2011;20:18:00;189;sem vítima;296;BR-101/RJ;Norte;Colisão Traseira;2;;;;;;;;;;6;;;;
18/11/2011;19:24:00;134;sem vítima;296;BR-101/RJ;Norte;Choque - Defensa, barreira ou "submarino";1;;;;;;;;;;2;;;;
19/11/2011;16:17:00;86;com vítima;296;BR-101/RJ;Sul;Capotamento;1;;;;;;;;;;0;;1;1;
22/11/2011;15:44:00;138;sem vítima;296;BR-101/RJ;Norte;Colisão Traseira;2;;;;;;;;;;5;;;;
26/11/2011;22:52:00;168;com vítima;296;BR-101/RJ;Norte;Choque - Defensa, barreira ou "submarino";;;;1;;;;;;;0;;;1;
07/12/2011;05:46:00;24;com vítima;296;BR-101/RJ;Sul;Atropelamento - Ciclista;1;1;;;;;;;;;2;;;1;
08/12/2011;18:15:00;172;sem vítima;296;BR-101/RJ;Norte;Capotamento;1;;;;;;;;;;2;;;;
08/12/2011;18:15:00;186;sem vítima;296;BR-101/RJ;Norte;Colisão Traseira;1;;;;;;;;;1;3;;;;
08/12/2011;22:03:00;209;com vítima;296;BR-101/RJ;Norte;Saida de Pista;1;;;;;;;;;;1;;1;;
10/12/2011;06:44:00;43;com vítima;296;BR-101/RJ;Norte;Capotamento;1;;;;;;;;;;2;4;;;
12/12/2011;20:06:00;179;com vítima;296;BR-101/RJ;Norte;Colisão Traseira;1;;;1;;;;;;;1;;;1;
21/12/2011;10:53:00;90;sem vítima;296;BR-101/RJ;Norte;Colisão Traseira;1;;1;;;;;;;;2;;;;
21/12/2011;13:06:00;118;sem vítima;296;BR-101/RJ;Norte;Colisão Traseira;1;;1;;;;;;;;4;;;;
22/12/2011;04:40:00;21;sem vítima;296;BR-101/RJ;Norte;Capotamento;1;;;;;;;;;;4;;;;
23/12/2011;16:02:00;155;sem vítima;296;BR-101/RJ;Sul;Engavetamento;3;;;;;;;;;;11;;;;
23/12/2011;16:28:00;164;sem vítima;296;BR-101/RJ;Norte;Colisão Traseira;2;;;;;1;;;;;7;;;;
27/12/2011;12:11:00;94;sem vítima;296;BR-101/RJ;Norte;Colisão Traseira;2;;;;;;;;;;2;;;;
28/12/2011;10:55:00;79;sem vítima;296;BR-101/RJ;Norte;Colisão Traseira;1;;1;;;;;;;;5;;;;
01/01/2012;18:20:00;138;com vítima;296;BR-101/RJ;Norte;Capotamento;1;;;;;;;;;;1;;1;;
04/01/2012;11:42:00;83;sem vítima;296;BR-101/RJ;Norte;Colisão Traseira;1;;1;;;;;;;;3;;;;
08/01/2012;05:13:00;21;sem vítima;296;BR-101/RJ;Sul;Capotamento;1;;;;;;;;;;1;;;;
08/01/2012;15:13:00;107;sem vítima;296;BR-101/RJ;Norte;Choque - Defensa, barreira ou "submarino";;;1;;;;;;;;3;;;;
09/01/2012;06:07:00;25;sem vítima;296;BR-101/RJ;Norte;Capotamento;1;;;;;;;;;;5;;;;
14/01/2012;15:17:00;127;sem vítima;296;BR-101/RJ;Norte;Engavetamento;3;;;;;;;;;;9;;;;
15/01/2012;04:06:00;18;com vítima;296;BR-101/RJ;Sul;Choque - Defensa, barreira ou "submarino";1;;;;;;;;;;1;2;;;
15/01/2012;04:16:00;20;com vítima;296;BR-101/RJ;Sul;Colisão Traseira;1;;;;;;;;;;0;1;;;
15/01/2012;11:35:00;74;com vítima;296;BR-101/RJ;Sul;Queda de Moto;;;;1;;;;;;;1;;1;;
20/01/2012;17:45:00;191;sem vítima;296;BR-101/RJ;Norte;;1;;;;;1;;;;;2;;;;
21/01/2012;12:29:00;76;sem vítima;296;BR-101/RJ;Norte;Engavetamento;3;;;;;;;;;;9;;;;
27/01/2012;03:47:00;10;sem vítima;296;BR-101/RJ;Norte;Capotamento;1;;;;;;;;;;2;;;;
12/02/2012;20:02:00;156;sem vítima;296;BR-101/RJ;Norte;Colisão Traseira;1;;1;;;;;;;;2;;;;
15/02/2012;16:16:00;129;sem vítima;296;BR-101/RJ;Norte;Colisão Traseira;2;;;;;;;;;;6;;;;
16/02/2012;06:28:00;28;sem vítima;296;BR-101/RJ;Norte;Saida de Pista;1;;;;;;;;;;2;;;;
16/02/2012;11:46:00;93;sem vítima;296;BR-101/RJ;Norte;Colisão Lateral;1;;1;;;;;;;;2;;;;
19/02/2012;13:42:00;120;sem vítima;296;BR-101/RJ;Norte;Engavetamento;3;;;;;1;;;;;12;;;;
25/02/2012;18:26:00;159;com vítima;296,5;BR-101/RJ;Sul;Outros - Sequência;2;;;;;;;;;;6;1;;;
01/03/2012;10:14:00;68;sem vítima;296;BR-101/RJ;Sul;Colisão Traseira;1;;1;;1;;;;;;3;;;;
04/03/2012;16:46:00;109;sem vítima;296;BR-101/RJ;Sul;Colisão Traseira;2;;;;;;;;;;6;;;;
10/03/2012;17:10:00;129;sem vítima;296;BR-101/RJ;Sul;Colisão Lateral;;;1;1;;;;;;;2;;;;
16/03/2012;12:17:00;102;com vítima;296;BR-101/RJ;Norte;Colisão Traseira;2;;1;;1;;;;;;37;1;;;
23/03/2012;16:34:00;126;sem vítima;296;BR-101/RJ;Sul;Engavetamento;1;;1;;;1;;;;2;8;;;;
25/03/2012;10:42:00;49;sem vítima;296;BR-101/RJ;Norte;Queda de Moto;;;;1;;;;;;;1;;;;
25/03/2012;15:50:00;97;com vítima;296;BR-101/RJ;Norte;Capotamento;1;;;;;;;;;;0;;1;;
05/04/2012;17:29:00;159;sem vítima;296;BR-101/RJ;Norte;Colisão Traseira;2;;;;;;;;;;4;;;;
24/04/2012;20:27:00;210;sem vítima;296;BR-101/RJ;Norte;Capotamento;1;;;;;;;;;;1;;;;
30/04/2012;22:20:00;145;sem vítima;296;BR-101/RJ;Sul;Choque - Defensa, barreira ou "submarino";1;;;;;;;;;;1;;;;
20/05/2012;04:49:00;23;sem vítima;296;BR-101/RJ;Norte;Colisão Traseira;1;;;;;1;;;;;6;;;;
03/06/2012;04:55:00;17;com vítima;296;BR-101/RJ;Norte;Capotamento;1;;;;;;;;;;0;2;2;;
12/06/2012;22:24:00;227;sem vítima;296;BR-101/RJ;Sul;Choque - Defensa, barreira ou "submarino";1;;;;;1;;;;;2;;;;
12/06/2012;22:35:00;228;sem vítima;296;BR-101/RJ;Sul;Colisão Traseira;2;;1;;;;;;;;5;;;;
15/06/2012;02:43:00;13;com vítima;296;BR-101/RJ;Sul;Capotamento;2;;;;;;;;;;2;;;1;
26/06/2012;14:26:00;112;com vítima;296,65;BR-101/RJ;Sul;Colisão Traseira;;;;1;;;;;;;0;1;;;
02/07/2012;23:04:00;190;com vítima;296,4;BR-101/RJ;Norte;Choque - Defensa, barreira ou "submarino";1;;;;;;;;;;0;1;;;
07/07/2012;00:11:00;3;sem vítima;296;BR-101/RJ;Sul;Colisão Traseira;2;;;;;;;;;;4;;;;
07/07/2012;00:17:00;5;sem vítima;296;BR-101/RJ;Sul;Tombamento;1;;;;;1;;;;;2;;;;
17/07/2012;19:24:00;171;sem vítima;296,7;BR-101/RJ;Sul;Colisão Traseira;1;;;;;2;;;;;4;;;;
26/07/2012;08:01:00;35;sem vítima;296;BR-101/RJ;Sul;Colisão Traseira;;;;;;1;;;;1;2;;;;
26/07/2012;08:11:00;37;com vítima;296;BR-101/RJ;Sul;Colisão Traseira;2;;;;;;;;;;6;;1;;
11/08/2012;18:14:00;160;sem vítima;296,65;BR-101/RJ;Norte;Engavetamento;3;;;;;;;;;;7;;;;
22/08/2012;08:16:00;72;sem vítima;296;BR-101/RJ;Norte;Colisão Lateral;;;;1;;;;;;;1;;;;
22/08/2012;19:55:00;205;com vítima;296,973;BR-101/RJ;Sul;Atropelamento - Andarilho;1;;;;;;;;;;0;2;;;1
22/08/2012;19:55:00;208;sem vítima;296,973;BR-101/RJ;Sul;Engavetamento;3;;;;;;;;;;3;;;;
31/08/2012;16:28:00;156;sem vítima;296;BR-101/RJ;Sul;Engavetamento;2;;;1;;;;;;;6;;;;
04/09/2012;15:00:00;122;sem vítima;296,987;BR-101/RJ;Sul;Colisão Traseira;2;;;;;;;;;;4;;;;
05/09/2012;11:06:00;104;sem vítima;296,986;BR-101/RJ;Sul;Engavetamento;4;;;;;;;;;;9;;;;
06/09/2012;06:50:00;27;sem vítima;296;BR-101/RJ;Norte;Colisão Traseira;;;;;1;1;;;;;2;;;;
06/09/2012;16:50:00;130;sem vítima;296,839;BR-101/RJ;Norte;Colisão Traseira;2;;;;;;;;;;2;;;;
10/09/2012;14:12:00;147;sem vítima;296;BR-101/RJ;Sul;Colisão Lateral;2;;;;;;;;;;4;;;;
24/09/2012;10:01:00;85;sem vítima;296;BR-101/RJ;Norte;Engavetamento;3;;;;;;;;;;7;;;;
27/09/2012;16:32:00;151;sem vítima;296,906;BR-101/RJ;Norte;Colisão Lateral;1;;;;1;;;;;;4;;;;
28/09/2012;19:01:00;179;sem vítima;296;BR-101/RJ;Norte;Queda de Moto;;;;1;;;;;;;1;;;;
28/09/2012;14:14:00;123;sem vítima;296,15;BR-101/RJ;Norte;Saida de Pista;;;1;;;;;;;;2;;;;
01/10/2012;19:00:00;154;sem vítima;296;BR-101/RJ;Sul;Atropelamento - Morador;;;;;;;;;;1;2;;;;
13/10/2012;01:35:00;3;sem vítima;296,298;BR-101/RJ;Norte;Saida de Pista;1;;;;;;;;;;3;;;;
17/10/2012;14:39:00;107;sem vítima;296;BR-101/RJ;Sul;Colisão Traseira;1;;1;;;;;;;;3;;;;
20/10/2012;12:19:00;107;sem vítima;296;BR-101/RJ;Norte;Colisão Lateral;2;;;;;;;;;;2;;;;
22/10/2012;20:43:00;186;sem vítima;296;BR-101/RJ;Norte;Colisão Lateral;1;;1;;;;;;;;3;;;;
03/11/2012;00:10:00;1;com vítima;296,516;BR-101/RJ;Sul;Colisão Traseira;1;;;1;;;;;;;4;;1;;
04/11/2012;05:17:00;20;sem vítima;296,228;BR-101/RJ;Sul;Saida de Pista;1;;;;;;;;;;5;;;;
06/11/2012;09:04:00;60;sem vítima;296;BR-101/RJ;Norte;Colisão Traseira;1;;;;;;;;;1;2;;;;
07/11/2012;06:02:00;15;sem vítima;296;BR-101/RJ;Sul;Colisão Traseira;;;;;1;;;;;1;5;;;;
10/11/2012;06:05:00;26;sem vítima;296;BR-101/RJ;Norte;Saida de Pista;1;;;;;;;;;;1;;;;
13/11/2012;05:22:00;18;sem vítima;296,509;BR-101/RJ;Sul;Colisão Traseira;3;;;;;;;;;;4;;;;
22/11/2012;16:04:00;136;sem vítima;296,5;BR-101/RJ;Sul;Colisão Traseira;1;;1;;;;;;;;5;;;;
23/11/2012;07:48:00;42;com vítima;296;BR-101/RJ;Norte;Colisão Traseira;;;1;;1;;;;;;2;3;;;
04/12/2012;04:35:00;23;com vítima;296,3;BR-101/RJ;Sul;Queda de Moto;;;;1;;;;;;;1;1;;;
06/12/2012;14:11:00;131;sem vítima;296;BR-101/RJ;Sul;Colisão Traseira;1;;1;;;;;;;;2;;;;
13/12/2012;05:42:00;16;sem vítima;296;BR-101/RJ;Norte;Colisão Traseira;;;;;2;;;;;;2;;;;
14/12/2012;10:02:00;78;sem vítima;296;BR-101/RJ;Norte;Colisão Traseira;1;;;;1;;;;;;2;;;;
19/12/2012;06:08:00;25;sem vítima;296;BR-101/RJ;Norte;Saida de Pista;;;;;;;;;;1;1;;;;
22/12/2012;10:41:00;56;sem vítima;296;BR-101/RJ;Sul;Colisão Traseira;2;;;;;;;;;;2;;;;
27/12/2012;07:43:00;55;sem vítima;296;BR-101/RJ;Sul;Choque - Defensa, barreira ou "submarino";1;;;;;;;;;;1;;;;
01/01/2013;14:39:00;121;com vítima;296;BR-101/RJ;Sul;Queda de Moto;;;;1;;;;;;;0;;2;;
02/01/2013;23:50:00;242;sem vítima;296,8;BR-101/RJ;Sul;Colisão Traseira;1;;;;;1;;;;;4;;;;
24/01/2013;19:36:00;154;sem vítima;296;BR-101/RJ;Sul;Colisão Transversal;1;;;;1;;;;;;2;;;;
26/01/2013;12:27:00;92;sem vítima;296;BR-101/RJ;Norte;Colisão Traseira;2;;;;;;;;;;4;;;;
04/02/2013;23:05:00;187;sem vítima;296;BR-101/RJ;Norte;Saida de Pista;;;1;;;1;;;;;2;;;;
23/02/2013;00:40:00;8;sem vítima;296;BR-101/RJ;Sul;Colisão Traseira;1;;;;;1;;;;;2;;;;
24/02/2013;14:25:00;99;sem vítima;296;BR-101/RJ;Norte;Engavetamento;4;;;;;;;;;;9;;;;
26/02/2013;15:32:00;145;sem vítima;296;BR-101/RJ;Norte;Colisão Traseira;2;;;;;;;;;;2;;;;
26/02/2013;15:19:00;143;sem vítima;296,5;BR-101/RJ;Norte;Colisão Traseira;1;;;;;;;;;1;2;;;;