data;horario;n_da_ocorrencia;tipo_de_ocorrencia;km;trecho;sentido;tipo_de_acidente;automovel;bicicleta;caminhao;moto;onibus;outros;tracao_animal;transporte_de_cargas_especiais;trator_maquinas;utilitarios;ilesos;levemente_feridos;moderadamente_feridos;gravemente_feridos;mortos
11/03/2013;14:10:00;136;com vítima;296,9;BR-101/RJ;Norte;Colisão Lateral;1;;;1;;;;;;;1;1;;;
20/04/2013;22:18:00;172;sem vítima;296;BR-101/RJ;Norte;Choque - Defensa, barreira ou "submarino";1;;;;;;;;;;2;;;;
27/04/2013;05:42:00;29;com vítima;296,291;BR-101/RJ;Norte;Choque - Defensa, barreira ou "submarino";1;;;;;;;;;;0;1;;;
28/04/2013;18:17:00;121;com vítima;296,296;BR-101/RJ;Sul;Saida de Pista;2;;;;;;;;;;0;;;5;2
30/04/2013;08:07:00;41;sem vítima;296,6;BR-101/RJ;Norte;Tombamento;;;1;;;;;;;;3;;;;
20/05/2013;17:36:00;134;sem vítima;296,2;BR-101/RJ;Norte;Saida de Pista;1;;;;;;;;;;2;;;;
26/05/2013;22:01:00;148;com vítima;296;BR-101/RJ;Norte;Colisão Lateral;1;;;1;;;;;;;2;2;;;
27/05/2013;01:01:00;4;sem vítima;296,783;BR-101/RJ;Sul;Colisão Lateral;;;1;;1;;;;;;2;;;;
30/05/2013;13:06:00;82;com vítima;296,963;BR-101/RJ;Norte;Colisão Traseira;;;;1;;1;;;;;1;1;;;
05/07/2013;20:29:00;188;sem vítima;296;BR-101/RJ;Norte;Engavetamento;3;;;;;;;;;;7;;;;
12/07/2013;16:09:00;127;sem vítima;296;BR-101/RJ;Norte;Colisão Traseira;1;;;;;;;;;;1;;;;
12/07/2013;21:33:00;165;sem vítima;296;BR-101/RJ;Sul;Colisão Traseira;1;;1;;;;;;;;2;;;;
15/07/2013;20:05:00;180;sem vítima;296;BR-101/RJ;Sul;Choque - Defensa, barreira ou "submarino";1;;;;;;;;;;2;;;;
20/07/2013;17:49:00;172;com vítima;296;BR-101/RJ;Norte;Engavetamento;3;;;;;;;;;;3;1;;;
20/07/2013;17:49:00;182;sem vítima;296;BR-101/RJ;Norte;Colisão Traseira;2;;;;;;;;;;3;;;;
21/07/2013;18:47:00;172;com vítima;296;BR-101/RJ;Norte;Capotamento;1;;;;;1;;;;;3;1;;;
28/07/2013;22:05:00;202;com vítima;296,8;BR-101/RJ;Sul;Choque - Defensa, barreira ou "submarino";1;;;;1;;;;;;1;1;;;
16/08/2013;18:33:00;159;com vítima;296;BR-101/RJ;Norte;Colisão Traseira;1;;;1;;;;;;;2;1;;;
16/08/2013;17:44:00;152;sem vítima;296,8;BR-101/RJ;Sul;Engavetamento;3;;1;;;;;;;;6;;;;
17/08/2013;03:24:00;25;sem vítima;296,909;BR-101/RJ;Sul;Choque - Outros;1;;1;;;;;;;;6;;;;
01/09/2013;17:51:00;133;sem vítima;296;BR-101/RJ;Sul;Colisão Traseira;2;;;;;;;;;;8;;;;
07/09/2013;07:12:00;43;sem vítima;296;BR-101/RJ;Sul;Colisão Traseira;1;;;;1;;;;;;2;;;;
07/09/2013;12:50:00;117;com vítima;296;BR-101/RJ;Norte;Colisão Traseira;1;;;1;;;;;;;2;;1;;
07/09/2013;08:32:00;59;sem vítima;296,774;BR-101/RJ;Norte;Engavetamento;3;;;;;;;;;1;6;;;;
11/09/2013;19:06:00;130;com vítima;296;BR-101/RJ;Norte;Colisão Lateral;1;;1;;1;;;;;;3;1;;;
23/09/2013;04:03:00;19;com vítima;296,176;BR-101/RJ;Norte;Saida de Pista;1;;;;;;;;;;0;;1;;
27/09/2013;15:14:00;124;sem vítima;296;BR-101/RJ;Norte;Colisão Traseira;2;;;;;;;;;;3;;;;
04/10/2013;11:38:00;87;sem vítima;296;BR-101/RJ;Sul;Choque - Defensa, barreira ou "submarino";1;;;;;;;;;;1;;;;
06/10/2013;17:28:00;101;sem vítima;296;BR-101/RJ;Sul;Capotamento;1;;;;;;;;;;5;;;;
12/10/2013;07:26:00;43;sem vítima;296;BR-101/RJ;Norte;Colisão Traseira;2;;;;;;;;;;5;;;;
16/10/2013;05:58:00;25;sem vítima;296,43;BR-101/RJ;Sul;Choque - Defensa, barreira ou "submarino";1;;;;;;;;;;4;;;;
22/10/2013;13:30:00;121;sem vítima;296,208;BR-101/RJ;Sul;Colisão Traseira;1;;;;;;;;;1;2;;;;
08/11/2013;08:22:00;46;sem vítima;296;BR-101/RJ;Sul;Colisão Traseira;2;;;;;;;;;;5;;;;
09/11/2013;07:19:00;37;sem vítima;296,446;BR-101/RJ;Sul;Colisão Traseira;1;;;;1;;;;;;2;;;;
09/11/2013;00:36:00;7;sem vítima;296,896;BR-101/RJ;Norte;Engavetamento;3;;;;;;;;;;3;;;;
14/11/2013;10:05:00;84;com vítima;296;BR-101/RJ;Sul;Atropelamento - Andarilho;1;;;;;;;;;;1;;1;;
14/11/2013;21:51:00;186;sem vítima;296;BR-101/RJ;Norte;Colisão Traseira;2;;;;;;;;;;3;;;;
14/11/2013;00:21:00;4;com vítima;296,9;BR-101/RJ;Sul;Colisão Traseira;;;1;;;;;;;1;4;2;1;;
07/12/2013;00:04:00;3;com vítima;296,255;BR-101/RJ;Norte;Capotamento;1;;;;;;;;;;1;1;;;
12/12/2013;09:40:00;65;sem vítima;296;BR-101/RJ;Norte;Colisão Lateral;1;;;;1;;;;;;2;;;;
13/12/2013;12:35:00;100;sem vítima;296;BR-101/RJ;Sul;Colisão Traseira;2;;;;;;;;;;2;;;;
14/12/2013;23:27:00;229;com vítima;296;BR-101/RJ;Norte;Colisão Lateral;2;;1;;;;;;;;2;2;;;
17/12/2013;10:35:00;76;sem vítima;296,869;BR-101/RJ;Norte;Engavetamento;3;;;;;;;;;;6;;;;
20/12/2013;18:09:00;157;sem vítima;296;BR-101/RJ;Norte;Engavetamento;3;;;;;;;;;;5;;;;
21/12/2013;18:13:00;164;sem vítima;296,976;BR-101/RJ;Sul;Engavetamento;2;;;;;1;;;;;4;;;;
25/12/2013;05:28:00;20;sem vítima;296,342;BR-101/RJ;Norte;Capotamento;1;;;;;;;;;;1;;;;
28/12/2013;13:06:00;147;sem vítima;296;BR-101/RJ;Norte;Colisão Traseira;2;;;;;;;;;;12;;;;
04/01/2014;11:20:00;97;sem vítima;296;BR-101/RJ;Sul;Colisão Traseira;1;;;;;1;;;;;6;;;;
04/01/2014;10:21:00;86;sem vítima;296,308;BR-101/RJ;Norte;Colisão Traseira;2;;;;;;;;;;3;;;;
07/01/2014;11:12:00;81;com vítima;296,857;BR-101/RJ;Sul;Atropelamento - Morador;1;;;;;;;;;;1;;;1;
11/01/2014;07:18:00;40;sem vítima;296,047;BR-101/RJ;Norte;Engavetamento;2;;1;;;1;;;;;10;;;;
20/01/2014;13:17:00;97;sem vítima;296;BR-101/RJ;Norte;Colisão Traseira;2;;;;;;;;;;6;;;;
21/01/2014;23:04:00;215;com vítima;296,573;BR-101/RJ;Sul;Capotamento;1;;;;;;;;;;0;2;;;
23/01/2014;16:49:00;145;sem vítima;296;BR-101/RJ;Norte;Engavetamento;2;;;;;;;;;1;4;;;;
24/01/2014;18:02:00;135;sem vítima;296,6;BR-101/RJ;Norte;Engavetamento;3;;;;;;;;;;3;;;;
29/01/2014;14:30:00;145;sem vítima;296;BR-101/RJ;Norte;Colisão Traseira;2;;;;;;;;;;2;;;;
01/02/2014;02:31:00;7;sem vítima;296;BR-101/RJ;Norte;Colisão Lateral;1;;1;;;;;;;;5;;;;
05/02/2014;15:46:00;144;com vítima;296;BR-101/RJ;Sul;Colisão Lateral;2;;;;1;;;;;;3;1;;;
20/02/2014;18:27:00;159;sem vítima;296,93;BR-101/RJ;Sul;Colisão Lateral;1;;;1;;;;;;;3;;;;
26/02/2014;16:47:00;168;com vítima;296;BR-101/RJ;Norte;Engavetamento;3;;;;;;;;;;6;1;;;
28/02/2014;23:48:00;270;sem vítima;296;BR-101/RJ;Norte;Colisão Traseira;2;;;;;;;;;;6;;;;
28/02/2014;18:32:00;206;sem vítima;296,8;BR-101/RJ;Norte;Colisão Traseira;2;;;;;;;;;;11;;;;
10/03/2014;22:12:00;202;com vítima;296;BR-101/RJ;Norte;Outros - Sequência;1;;;;1;;;;;;1;1;;;
14/03/2014;16:56:00;154;sem vítima;296;BR-101/RJ;Norte;Engavetamento;4;;;;;;;;;;7;;;;
15/03/2014;05:49:00;27;com vítima;296;BR-101/RJ;Sul;Saida de Pista;1;;;;;;;;;;1;1;;;
22/03/2014;06:01:00;26;sem vítima;296;BR-101/RJ;Sul;Saida de Pista;1;;;;;;;;;;2;;;;
23/03/2014;13:08:00;59;com vítima;296;BR-101/RJ;Norte;Capotamento;1;;;;;;;;;;0;1;1;;
29/03/2014;12:04:00;105;sem vítima;296;BR-101/RJ;Norte;Colisão Traseira;2;;;;;;;;;;6;;;;
12/04/2014;13:53:00;105;sem vítima;296;BR-101/RJ;Norte;Colisão Traseira;1;;;;;;;;;1;5;;;;
13/04/2014;09:42:00;60;sem vítima;296,855;BR-101/RJ;Norte;Colisão Traseira;1;;1;;;;;;;;5;;;;
17/04/2014;06:58:00;24;com vítima;296,286;BR-101/RJ;Norte;Queda de Moto;;;;1;;;;;;;0;2;1;;
18/04/2014;00:03:00;2;sem vítima;296,72;BR-101/RJ;Norte;Colisão Traseira;2;;;;;;;;;;4;;;;
04/05/2014;08:20:00;29;com vítima;296,731;BR-101/RJ;Sul;Queda de Moto;;;;1;;;;;;;0;1;1;;
05/05/2014;05:38:00;16;com vítima;296,44;BR-101/RJ;Norte;Choque - Defensa, barreira ou "submarino";;;;1;;;;;;;0;;1;;
26/05/2014;05:35:00;27;com vítima;296,191;BR-101/RJ;Norte;Choque - Defensa, barreira ou "submarino";;;;1;;;;;;;0;;1;;1
31/05/2014;17:03:00;118;sem vítima;296;BR-101/RJ;Norte;Engavetamento;5;;;;;;;;;;5;;;;
07/06/2014;10:57:00;57;sem vítima;296;BR-101/RJ;Norte;Engavetamento;4;;;;;;;;;;6;;;;
10/06/2014;12:14:00;88;sem vítima;296;BR-101/RJ;Sul;Choque - Defensa, barreira ou "submarino";;;1;;;;;;;;1;;;;
12/06/2014;21:41:00;175;com vítima;296,767;BR-101/RJ;Sul;Atropelamento - Morador;1;;;;;;;;;;2;;;;1
17/06/2014;12:07:00;106;sem vítima;296;BR-101/RJ;Norte;Colisão Traseira;2;;;;;1;;;;;5;;;;
17/06/2014;15:00:00;130;com vítima;296;BR-101/RJ;Norte;Colisão Traseira;1;;;;;;;;;1;2;3;1;;
20/06/2014;10:59:00;75;sem vítima;296;BR-101/RJ;Norte;Engavetamento;4;;;;;1;;;;;9;;;;
29/06/2014;11:47:00;73;sem vítima;296;BR-101/RJ;Sul;Engavetamento;3;;;;;;;;;;5;;;;
04/07/2014;13:37:00;89;sem vítima;296;BR-101/RJ;Norte;Colisão Traseira;2;;;;;;;;;;2;;;;
07/07/2014;21:12:00;173;sem vítima;296;BR-101/RJ;Norte;Colisão Lateral;1;;;;1;;;;;;2;;;;
09/07/2014;07:41:00;44;sem vítima;296;BR-101/RJ;Sul;Colisão Traseira;;;;;1;1;;;;;2;;;;
09/07/2014;16:07:00;130;com vítima;296;BR-101/RJ;Sul;Colisão Lateral;;;;1;;1;;;;;1;1;;;
15/07/2014;11:11:00;66;sem vítima;296;BR-101/RJ;Norte;Colisão Traseira;;;2;;;;;;;;3;;;;
15/07/2014;11:31:00;70;sem vítima;296;BR-101/RJ;Norte;Engavetamento;3;;;;;;;;;;5;;;;
19/07/2014;03:07:00;11;com vítima;296;BR-101/RJ;Sul;Choque - Defensa, barreira ou "submarino";1;;;;;;;;;;1;1;;;
20/07/2014;07:16:00;35;com vítima;296;BR-101/RJ;Norte;Saida de Pista;;;;;;;;;;1;0;1;;;
23/07/2014;11:42:00;75;sem vítima;296;BR-101/RJ;Norte;Colisão Traseira;;;1;;1;;;;;;4;;;;
26/07/2014;11:45:00;57;sem vítima;296;BR-101/RJ;Sul;Colisão Traseira;4;;;;;;;;;;6;;;;
01/08/2014;21:08:00;184;sem vítima;296,868;BR-101/RJ;Norte;Colisão Traseira;;;1;;;;;;;1;2;;;;
02/08/2014;02:03:00;9;com vítima;296;BR-101/RJ;Norte;Saida de Pista;1;;;;;;;;;;0;1;;;
03/08/2014;11:11:00;48;com vítima;296;BR-101/RJ;Norte;Capotamento;1;;;;;;;;;;0;1;1;;
06/08/2014;04:44:00;17;sem vítima;296;BR-101/RJ;Norte;Colisão Traseira;2;;;;;1;;;;;4;;;;
08/08/2014;14:58:00;119;sem vítima;296;BR-101/RJ;Norte;Colisão Traseira;2;;;;;;;;;;2;;;;
08/08/2014;16:58:00;153;sem vítima;296;BR-101/RJ;Norte;Engavetamento;4;;;;;1;;;;;9;;;;
22/08/2014;21:17:00;180;sem vítima;296;BR-101/RJ;Norte;Colisão Traseira;1;;;;;;;;;1;5;;;;
03/09/2014;18:59:00;144;com vítima;296,135;BR-101/RJ;Sul;Choque - Defensa, barreira ou "submarino";2;;;;;;;;;;1;2;;;
11/09/2014;13:29:00;100;com vítima;296;BR-101/RJ;Norte;Colisão Lateral;1;;;1;;;;;;;1;1;;;
09/10/2014;07:50:00;58;sem vítima;296,516;BR-101/RJ;Sul;Choque - Defensa, barreira ou "submarino";1;;;;;;;;;;2;;;;
10/10/2014;14:42:00;137;sem vítima;296;BR-101/RJ;Norte;Engavetamento;3;;;;;2;;;;;7;;;;
11/10/2014;08:57:00;56;sem vítima;296;BR-101/RJ;Norte;Engavetamento;3;;;;;1;;;;;4;;;;
16/10/2014;14:53:00;128;com vítima;296;BR-101/RJ;Sul;Atropelamento - Outros;;;;;;1;;;;;1;;1;;
17/10/2014;16:53:00;150;sem vítima;296;BR-101/RJ;Sul;Colisão Traseira;1;;;1;;;;;;;5;;;;
18/10/2014;19:15:00;162;sem vítima;296;BR-101/RJ;Norte;Colisão Lateral;1;;;1;;;;;;;6;;;;
18/10/2014;10:40:00;76;com vítima;296,478;BR-101/RJ;Sul;Saida de Pista;;;;1;;;;;;;0;;1;;
23/10/2014;18:06:00;140;sem vítima;296;BR-101/RJ;Sul;Colisão Traseira;;;2;;;;;;;;3;;;;
26/10/2014;18:16:00;117;com vítima;296;BR-101/RJ;Norte;Queda de Moto;;;;1;;;;;;;1;;1;;
29/10/2014;10:51:00;69;sem vítima;296;BR-101/RJ;Sul;Colisão Traseira;2;;;;;;;;;;2;;;;
09/11/2014;06:47:00;26;sem vítima;296;BR-101/RJ;Norte;Colisão Traseira;1;;;;1;;;;;;2;;;;
09/11/2014;09:52:00;46;sem vítima;296;BR-101/RJ;Sul;Choque - Defensa, barreira ou "submarino";1;;;;;;;;;;1;;;;
12/11/2014;18:21:00;147;com vítima;296,377;BR-101/RJ;Norte;Queda de Moto;;;;1;;;;;;;0;1;;;
14/11/2014;21:05:00;209;sem vítima;296,057;BR-101/RJ;Norte;Engavetamento;2;;;;;3;;;;;8;;;;
25/11/2014;12:06:00;69;sem vítima;296;BR-101/RJ;Sul;Objeto lançado contra veículo;1;;;;1;;;;;;2;;;;
27/11/2014;10:16:00;57;sem vítima;296,039;BR-101/RJ;Norte;Colisão Lateral;1;;1;;;;;;;;2;;;;
08/12/2014;18:12:00;162;sem vítima;296,967;BR-101/RJ;Norte;Colisão Traseira;4;;;;;;;;;;4;;;;
19/12/2014;16:06:00;139;com vítima;296,5;BR-101/RJ;Norte;Colisão Traseira;1;;;;;;;;;1;2;1;;;
22/12/2014;17:55:00;159;sem vítima;296;BR-101/RJ;Norte;Colisão Traseira;2;;;;;;;;;;4;;;;
30/12/2014;21:37:00;178;com vítima;296,8;BR-101/RJ;Norte;Colisão Traseira;1;;;1;;;;;;;5;1;1;;
05/01/2015;11:51:00;96;sem vítima;296;BR-101/RJ;Sul;Colisão Lateral;2;;;;;;;;;1;4;;;;
05/01/2015;05:41:00;18;sem vítima;296,7;BR-101/RJ;Norte;Atropelamento de Animal;1;;;;;;;;;;1;;;;
18/01/2015;05:06:00;16;sem vítima;296;BR-101/RJ;Sul;Capotamento;1;;;;;;;;;;1;;;;
20/01/2015;13:17:00;105;sem vítima;296;BR-101/RJ;Sul;Engavetamento;1;;;;;1;;;;;3;;;;
22/01/2015;17:19:00;115;sem vítima;296;BR-101/RJ;Norte;Outros - Sequência;1;;;;1;;;;;;2;;;;
23/01/2015;17:15:00;146;sem vítima;296;BR-101/RJ;Norte;Colisão Traseira;2;;;;;;;;;;3;;;;
25/01/2015;12:44:00;65;com vítima;296;BR-101/RJ;Sul;Capotamento;1;;;;;;;;;;0;1;;;
31/01/2015;07:47:00;38;sem vítima;296;BR-101/RJ;Sul;Choque - Defensa, barreira ou "submarino";1;;;;;;;;;;1;;;;
04/02/2015;05:38:00;16;sem vítima;296;BR-101/RJ;Sul;Choque - Defensa, barreira ou "submarino";1;;;;;;;;;;2;0;0;0;0
07/02/2015;01:23:00;11;sem vítima;296;BR-101/RJ;Norte;Outros - Sequência;1;;;;;1;;;;;4;0;0;0;0
12/02/2015;10:07:00;73;com vítima;296;BR-101/RJ;Norte;Engavetamento;2;;;;1;;;;;;4;1;0;0;0
12/02/2015;11:56:00;96;sem vítima;296;BR-101/RJ;Norte;Colisão Traseira;2;;;;;;;;;;2;0;0;0;0
13/02/2015;07:20:00;44;sem vítima;296;BR-101/RJ;Sul;Colisão Traseira;;;1;;;;;;;1;2;0;0;0;0
17/02/2015;22:35:00;167;sem vítima;296;BR-101/RJ;Sul;Colisão Traseira;1;;;;;;;;;1;13;0;0;0;0
20/02/2015;12:36:00;90;sem vítima;296;BR-101/RJ;Sul;Engavetamento;2;;;;1;;;;;;3;0;0;0;0
01/03/2015;11:35:00;60;sem vítima;296;BR-101/RJ;Sul;Colisão Lateral;1;;1;;;;;;;;4;0;0;0;0
07/03/2015;11:36:00;94;sem vítima;296;BR-101/RJ;Sul;Choque - Defensa, barreira ou "submarino";1;;;;;;;;;;3;0;0;0;0
07/03/2015;19:07:00;157;sem vítima;296;BR-101/RJ;Norte;Colisão Traseira;1;;1;;;;;;;;2;0;0;0;0
16/03/2015;04:46:00;23;sem vítima;296;BR-101/RJ;Sul;Capotamento;1;;;;;;;;;;1;0;0;0;0
20/03/2015;09:52:00;74;sem vítima;296;BR-101/RJ;Norte;Colisão Traseira;2;;;;;;;;;;2;0;0;0;0
20/03/2015;09:27:00;71;com vítima;296,044;BR-101/RJ;Norte;Colisão Traseira;;;;1;;1;;;;;1;1;0;0;0
09/04/2015;18:29:00;178;com vítima;296,6;BR-101/RJ;Sul;Colisão Traseira;1;;;1;;;;;;;1;1;;;
18/04/2015;09:50:00;64;sem vítima;296;BR-101/RJ;Norte;Colisão Traseira;2;;;;;;;;;;5;;;;
22/04/2015;10:46:00;79;sem vítima;296,275;BR-101/RJ;Norte;Colisão Traseira;2;;;;;;;;;;5;;;;
23/04/2015;08:14:00;53;com vítima;296,955;BR-101/RJ;Norte;Choque - Defensa, barreira ou "submarino";1;;;;;;;;;;0;2;;;
26/04/2015;16:32:00;98;com vítima;296;BR-101/RJ;Norte;Queda de Moto;;;;1;;;;;;;0;1;;;
30/04/2015;13:55:00;124;sem vítima;296;BR-101/RJ;Norte;Colisão Traseira;1;;;;;1;;;;;3;;;;
30/04/2015;15:40:00;140;sem vítima;296;BR-101/RJ;Norte;Colisão Lateral;1;;;1;;;;;;;3;;;;
30/04/2015;19:24:00;198;sem vítima;296;BR-101/RJ;Norte;Engavetamento;3;;;;;1;;;;;7;;;;
01/05/2015;11:39:00;88;sem vítima;296;BR-101/RJ;Norte;Engavetamento;3;;;;;;;;;;3;;;;
02/05/2015;05:04:00;20;sem vítima;296,353;BR-101/RJ;Norte;Choque - Defensa, barreira ou "submarino";1;;;;;;;;;;1;;;;
03/05/2015;12:32:00;68;sem vítima;296;BR-101/RJ;Sul;Engavetamento;3;;;;;1;;;;;8;;;;
08/05/2015;18:47:00;196;sem vítima;296;BR-101/RJ;Norte;Colisão Traseira;2;;;;;;;;;;8;;;;
16/05/2015;08:33:00;45;sem vítima;296,98;BR-101/RJ;Sul;Colisão Lateral;1;;;;1;;;;;;2;;;;
04/06/2015;11:08:00;90;com vítima;296;BR-101/RJ;Norte;Engavetamento;4;;;;;;;;;;5;1;1;;
04/06/2015;13:10:00;105;sem vítima;296;BR-101/RJ;Norte;Colisão Lateral;;;;1;;1;;;;;2;;;;
12/06/2015;18:06:00;172;sem vítima;296;BR-101/RJ;Norte;Colisão Traseira;2;;;;;;;;;;3;;;;
13/06/2015;10:00:00;87;sem vítima;296;BR-101/RJ;Norte;Engavetamento;3;;;;;;;;;;7;;;;
24/06/2015;05:27:00;17;sem vítima;296;BR-101/RJ;Norte;Choque - Defensa, barreira ou "submarino";1;;;;;;;;;;1;;;;
25/07/2015;15:03:00;140;sem vítima;296;BR-101/RJ;Norte;Colisão Traseira;2;;;;;;;;;;2;;;;
25/07/2015;18:16:00;170;sem vítima;296,727;BR-101/RJ;Norte;Engavetamento;3;;;;;;;;;;6;;;;
25/07/2015;16:27:00;153;sem vítima;296,91;BR-101/RJ;Norte;Colisão Traseira;1;;;;1;;;;;;2;;;;
08/08/2015;11:35:00;81;sem vítima;296;BR-101/RJ;Norte;Colisão Traseira;2;;;;;;;;;;6;;;;
08/08/2015;12:30:00;99;sem vítima;296,22;BR-101/RJ;Norte;Engavetamento;3;;;;;;;;;;5;;;;
11/08/2015;01:14:00;10;com vítima;296,27;BR-101/RJ;Norte;Capotamento;1;;;;;;;;;;0;;2;;
04/09/2015;09:59:00;75;sem vítima;296;BR-101/RJ;Norte;Colisão Traseira;2;;;;;;;;;;3;;;;
18/09/2015;01:27:00;8;sem vítima;296;BR-101/RJ;Norte;Choque - Defensa, barreira ou "submarino";1;;;;;;;;;;3;;;;
18/09/2015;16:24:00;226;sem vítima;296;BR-101/RJ;Norte;Colisão Traseira;2;;;;;;;;;;2;;;;
26/09/2015;23:39:00;225;com vítima;296,143;BR-101/RJ;Sul;Choque - Defensa, barreira ou "submarino";1;;;;;;;;;;0;1;;;
28/09/2015;14:20:00;128;com vítima;296,894;BR-101/RJ;Norte;Colisão Traseira;3;;;;;;;;;;5;3;;;
25/10/2015;04:59:00;17;com vítima;296,283;BR-101/RJ;Norte;Capotamento;1;;;;;;;;;;0;1;;;
25/10/2015;05:23:00;18;com vítima;296,294;BR-101/RJ;Norte;Colisão Lateral;2;;;;;;;;;;1;3;;;
26/10/2015;21:00:00;181;com vítima;296;BR-101/RJ;Sul;Queda de Moto;;;;1;;;;;;;0;;;1;
31/10/2015;18:14:00;170;com vítima;296;BR-101/RJ;Sul;Choque - Defensa, barreira ou "submarino";1;;;;;;;;;;0;2;;;
13/11/2015;18:39:00;204;sem vítima;296;BR-101/RJ;Sul;Colisão Lateral;1;;1;;;;;;;;2;;;;
14/11/2015;10:27:00;86;com vítima;296,022;BR-101/RJ;Norte;Engavetamento;2;;;;;1;;;;;6;1;;;
17/11/2015;09:55:00;81;sem vítima;296;BR-101/RJ;Sul;Colisão Traseira;1;;1;;;;;;;;2;;;;
22/11/2015;05:07:00;22;com vítima;296,296;BR-101/RJ;Sul;Colisão Lateral;2;;;;;;;;;;1;2;;;
28/11/2015;01:23:00;10;com vítima;296,463;BR-101/RJ;Sul;Choque - Poste;1;;;;;;;;;;0;3;2;;
05/12/2015;13:54:00;120;sem vítima;296;BR-101/RJ;Norte;Engavetamento;3;;;;;;;;;;4;;;;
18/12/2015;08:39:00;72;com vítima;296,888;BR-101/RJ;Norte;Colisão Lateral;1;;;1;;;;;;;2;1;;;
22/12/2015;06:03:00;34;sem vítima;296;BR-101/RJ;Norte;Choque - Outros;1;;;;;;;;;;1;;;;
23/12/2015;12:46:00;133;com vítima;296;BR-101/RJ;Norte;Engavetamento;2;;;;;1;;;;1;4;2;;;
30/12/2015;09:44:00;80;sem vítima;296;BR-101/RJ;Norte;Engavetamento;2;;;;;;;;;;2;;;;
31/12/2015;17:19:00;219;sem vítima;296;BR-101/RJ;Norte;Engavetamento;3;;;;;;;;;;3;;;;
01/01/2010;23:31:00;170;sem vítima;297;BR-101/RJ;Sul;Colisão Traseira;;;;;1;1;;;;;2;;;;
02/01/2010;02:50:00;9;sem vítima;297,0069885253906;BR-101/RJ;Norte;Outros - Sequência;1;;;;;;;;;;1;;;;
08/01/2010;15:05:00;120;sem vítima;297;BR-101/RJ;Sul;Colisão Lateral;;;;1;;1;;;;;3;;;;
09/01/2010;10:08:00;74;sem vítima;297;BR-101/RJ;Norte;Colisão Traseira;2;;;;;;;;;;9;;;;
09/01/2010;16:20:00;155;sem vítima;297;BR-101/RJ;Norte;Colisão Lateral;1;;1;;;1;;;;;3;;;;
21/01/2010;14:54:00;135;sem vítima;297;BR-101/RJ;Norte;Colisão Traseira;1;;1;;;;;;;;2;;;;
21/01/2010;17:49:00;181;sem vítima;297;BR-101/RJ;Norte;Colisão Traseira;1;;;;;1;;;;;2;;;;
22/01/2010;08:09:00;46;sem vítima;297;BR-101/RJ;Norte;Colisão Lateral;1;;;;1;;;;;;4;;;;
25/01/2010;21:37:00;224;sem vítima;297;BR-101/RJ;Norte;Colisão Lateral;1;;1;;;;;;;;2;;;;
03/02/2010;15:51:00;146;sem vítima;297;BR-101/RJ;Sul;Choque - Defensa, barreira ou "submarino";1;;;;;;;;;;1;;;;
18/02/2010;14:28:00;151;sem vítima;297;BR-101/RJ;Sul;Colisão Lateral;2;;;;;;;;;;3;;;;
08/03/2010;15:15:00;130;sem vítima;297;BR-101/RJ;Norte;Colisão Lateral;1;;1;;;;;;;;3;;;;
10/03/2010;12:58:00;111;com vítima;297;BR-101/RJ;Sul;Colisão Traseira;1;;;;;;;;;1;4;1;3;;
10/03/2010;13:30:00;118;sem vítima;297;BR-101/RJ;Sul;Colisão Lateral;1;;1;;;;;;;;2;;;;
26/03/2010;10:16:00;82;sem vítima;297;BR-101/RJ;Sul;Colisão Traseira;2;;;;;;;;;;2;;;;
26/03/2010;18:37:00;167;sem vítima;297;BR-101/RJ;Norte;Colisão Lateral;1;;;;1;;;;;;3;;;;
05/04/2010;08:03:00;47;com vítima;297;BR-101/RJ;Norte;Atropelamento - Morador;;;;;1;;;;;;1;;;1;
05/04/2010;14:42:00;101;sem vítima;297;BR-101/RJ;Sul;Colisão Traseira;1;;1;;;;;;;;4;;;;
09/04/2010;20:00:00;192;sem vítima;297;BR-101/RJ;Sul;Colisão Traseira;1;;;;;1;;;;;5;;;;
09/04/2010;20:52:00;201;sem vítima;297;BR-101/RJ;Norte;Colisão Lateral;1;;;;;;;;;1;3;;;;
11/04/2010;20:02:00;142;com vítima;297;BR-101/RJ;Norte;Choque - Defensa, barreira ou "submarino";1;;;;;;;;;;0;1;;;
17/04/2010;19:25:00;171;sem vítima;297;BR-101/RJ;Sul;Colisão Lateral;;;2;;;;;;;;3;;;;
20/04/2010;18:05:00;146;sem vítima;297;BR-101/RJ;Sul;Colisão Lateral;;;1;;;1;;;;;2;;;;
05/05/2010;20:42:00;164;com vítima;297;BR-101/RJ;Norte;Atropelamento - Usuário;;;;1;;;;;;;1;;1;;
20/05/2010;10:39:00;75;sem vítima;297;BR-101/RJ;Sul;Colisão Lateral;1;;1;;;;;;;;2;;;;
20/05/2010;10:58:00;80;sem vítima;297;BR-101/RJ;Sul;Colisão Lateral;;;2;;;;;;;;2;;;;
24/05/2010;00:14:00;1;sem vítima;297;BR-101/RJ;Sul;Colisão Lateral;1;;;;;1;;;;;2;;;;
30/05/2010;01:33:00;13;sem vítima;297;BR-101/RJ;Norte;Colisão Traseira;2;;;;;;;;;;2;;;;