data;horario;n_da_ocorrencia;tipo_de_ocorrencia;km;trecho;sentido;tipo_de_acidente;automovel;bicicleta;caminhao;moto;onibus;outros;tracao_animal;transporte_de_cargas_especiais;trator_maquinas;utilitarios;ilesos;levemente_feridos;moderadamente_feridos;gravemente_feridos;mortos
01/06/2010;15:45:00;116;sem vítima;297;BR-101/RJ;Sul;Colisão Traseira;1;;;;1;;;;;;4;;;;
11/06/2010;22:18:00;172;com vítima;297;BR-101/RJ;Norte;Choque - Defensa, barreira ou "submarino";2;;;;;;;;;;3;1;;;
14/06/2010;11:21:00;90;com vítima;297;BR-101/RJ;Norte;Atropelamento - Outros;1;;;;;;;;;;1;1;;;
26/06/2010;21:53:00;161;sem vítima;297;BR-101/RJ;Sul;Saida de Pista;1;;;;;;;;;;3;;;;
02/07/2010;16:10:00;112;sem vítima;297;BR-101/RJ;Norte;Colisão Traseira;1;;1;;;1;;;;;3;;;;
03/07/2010;21:13:00;157;sem vítima;297;BR-101/RJ;Norte;Colisão Lateral;1;;1;;;;;;;;3;;;;
04/07/2010;18:58:00;137;com vítima;297;BR-101/RJ;Sul;Queda de Moto;;;;1;;;;;;;0;1;;;
07/07/2010;19:47:00;143;sem vítima;297;BR-101/RJ;Norte;Colisão Lateral;1;;;;;;;;;1;2;;;;
09/07/2010;09:40:00;60;com vítima;297,79998779296875;BR-101/RJ;Sul;Atropelamento - Ciclista;1;1;;;;;;;;;1;;1;;
24/07/2010;10:01:00;69;sem vítima;297;BR-101/RJ;Norte;Colisão Traseira;2;;;;;;;;;;7;;;;
24/07/2010;15:42:00;143;sem vítima;297;BR-101/RJ;Norte;Colisão Lateral;2;;;;;;;;;;2;;;;
24/07/2010;23:14:00;226;com vítima;297;BR-101/RJ;Sul;Atropelamento - Usuário;;;;;;1;;;;;1;;1;;
25/07/2010;23:11:00;194;com vítima;297;BR-101/RJ;Norte;Atropelamento - Morador;1;;;;;;;;;;1;;1;;
27/07/2010;12:17:00;93;sem vítima;297;BR-101/RJ;Norte;Colisão Traseira;1;;;;;1;;;;;3;;;;
27/07/2010;12:35:00;98;sem vítima;297;BR-101/RJ;Norte;Colisão Lateral;1;;1;;;;;;;;3;;;;
27/07/2010;12:35:00;100;sem vítima;297;BR-101/RJ;Norte;Colisão Lateral;1;;1;;;;;;;;2;;;;
27/07/2010;12:35:00;102;sem vítima;297;BR-101/RJ;Norte;Colisão Lateral;1;;1;;;;;;;;3;;;;
01/08/2010;15:49:00;135;sem vítima;297;BR-101/RJ;Norte;Colisão Traseira;2;;;;;;;;;;6;;;;
16/08/2010;15:47:00;124;sem vítima;297;BR-101/RJ;Norte;Colisão Traseira;2;;;;;;;;;;4;;;;
22/08/2010;03:56:00;13;sem vítima;297;BR-101/RJ;Sul;Choque - Outros;1;;;;;;;;;;2;;;;
03/09/2010;19:09:00;192;sem vítima;297;BR-101/RJ;Sul;Choque - Defensa, barreira ou "submarino";1;;;;;;;;;;2;;;;
03/09/2010;19:34:00;199;sem vítima;297;BR-101/RJ;Norte;Colisão Lateral;1;;1;;;;;;;;3;;;;
03/09/2010;19:09:00;211;sem vítima;297;BR-101/RJ;Sul;Colisão Lateral;1;;;;1;;;;;;2;;;;
04/09/2010;09:46:00;85;sem vítima;297;BR-101/RJ;Norte;Colisão Lateral;1;;1;;;;;;;;3;;;;
05/09/2010;01:05:00;4;com vítima;297;BR-101/RJ;Sul;Choque - Poste;1;;;;;;;;;;0;;1;;1
05/09/2010;05:06:00;21;sem vítima;297;BR-101/RJ;Sul;Saida de Pista;1;;;;;;;;;;5;;;;
12/09/2010;00:34:00;5;sem vítima;297;BR-101/RJ;Sul;Colisão Lateral;2;;;;;;;;;;2;;;;
17/09/2010;19:27:00;171;sem vítima;297;BR-101/RJ;Sul;Colisão Traseira;2;;;;;;;;;;3;;;;
17/09/2010;19:53:00;177;sem vítima;297;BR-101/RJ;Norte;Colisão Lateral;1;;1;;;;;;;;5;;;;
19/09/2010;06:42:00;31;sem vítima;297;BR-101/RJ;Sul;Colisão Traseira;;;;1;;1;;;;;2;;;;
20/09/2010;09:18:00;74;sem vítima;297;BR-101/RJ;Norte;Colisão Traseira;1;;1;;;;;;;;5;;;;
21/09/2010;09:08:00;55;sem vítima;297;BR-101/RJ;Norte;Colisão Traseira;1;;;;1;;;;;;2;;;;
25/09/2010;10:29:00;68;sem vítima;297;BR-101/RJ;Norte;Colisão Traseira;1;;;;;1;;;;;3;;;;
01/10/2010;17:00:00;167;sem vítima;297;BR-101/RJ;Sul;Colisão Lateral;;;2;;;;;;;;4;;;;
02/10/2010;13:43:00;101;sem vítima;297;BR-101/RJ;Sul;Choque - Outros;1;;;;;;;;;;1;;;;
13/10/2010;07:31:00;34;sem vítima;297;BR-101/RJ;Norte;Choque - Poste;;;;;;;;;;1;1;;;;
13/10/2010;10:30:00;76;sem vítima;297;BR-101/RJ;Sul;Colisão Transversal;;;1;;;;;;;1;3;;;;
15/10/2010;14:43:00;112;sem vítima;297;BR-101/RJ;Norte;Colisão Lateral;;;2;;;;;;;;2;;;;
16/10/2010;04:30:00;15;com vítima;297;BR-101/RJ;Sul;Colisão Traseira;1;;;1;;;;;;;4;;2;;
17/10/2010;01:38:00;8;sem vítima;297;BR-101/RJ;Norte;Choque - Defensa, barreira ou "submarino";1;;;;;;;;;;4;;;;
23/10/2010;05:32:00;31;sem vítima;297;BR-101/RJ;Sul;Choque - Defensa, barreira ou "submarino";1;;;;;;;;;;2;;;;
26/10/2010;22:49:00;189;sem vítima;297;BR-101/RJ;Sul;Colisão Lateral;1;;;;1;;;;;;2;;;;
29/10/2010;12:51:00;92;sem vítima;297;BR-101/RJ;Norte;Colisão Traseira;1;;1;;;;;;;;2;;;;
30/10/2010;20:32:00;222;com vítima;297;BR-101/RJ;Sul;Outros;;;;;;;;;;;0;;1;;
01/11/2010;15:20:00;96;sem vítima;297;BR-101/RJ;Sul;Colisão Lateral;1;;1;;1;;;;;;4;;;;
03/11/2010;22:39:00;210;sem vítima;297;BR-101/RJ;Sul;Colisão Lateral;1;;1;;;;;;;;2;;;;
06/11/2010;03:31:00;20;com vítima;297;BR-101/RJ;Norte;Outros - Sequência;1;;;;;;;;;;0;1;;;
14/11/2010;21:52:00;167;com vítima;297;BR-101/RJ;Sul;Atropelamento - Usuário;1;;;;;;;;;;2;;1;;
19/11/2010;19:16:00;179;sem vítima;297;BR-101/RJ;Norte;Colisão Lateral;1;;1;;;;;;;;2;;;;
21/11/2010;21:24:00;183;com vítima;297;BR-101/RJ;Sul;Atropelamento - Usuário;;;;;;1;;;;;1;;;1;
24/11/2010;17:06:00;132;com vítima;297;BR-101/RJ;Norte;Atropelamento - Andarilho;1;;;;;;;;;;1;;1;;
27/11/2010;14:27:00;103;sem vítima;297;BR-101/RJ;Norte;Colisão Traseira;1;;1;;;;;;;;5;;;;
28/11/2010;18:07:00;145;sem vítima;297;BR-101/RJ;Sul;Colisão Traseira;2;;1;;;;;;;;3;;;;
30/11/2010;18:29:00;159;sem vítima;297;BR-101/RJ;Sul;Colisão Lateral;1;;1;;;;;;;;2;;;;
01/12/2010;22:14:00;205;sem vítima;297;BR-101/RJ;Sul;Capotamento;1;;;;;;;;;;4;;;;
02/12/2010;17:20:00;142;sem vítima;297;BR-101/RJ;Norte;Colisão Traseira;1;;1;;;;;;;;4;;;;
04/12/2010;23:57:00;217;com vítima;297;BR-101/RJ;Norte;Colisão Lateral;1;;;1;;;;;;;1;;1;;
05/12/2010;04:53:00;27;sem vítima;297;BR-101/RJ;Sul;Colisão Traseira;2;;;;;;;;;;2;;;;
06/12/2010;11:45:00;120;sem vítima;297;BR-101/RJ;Norte;Colisão Traseira;2;;;;;;;;;;5;;;;
09/12/2010;13:17:00;82;sem vítima;297;BR-101/RJ;Norte;Colisão Traseira;;;1;;1;1;;;;;3;;;;
09/12/2010;19:44:00;160;sem vítima;297;BR-101/RJ;Norte;Colisão Traseira;1;;1;;;;;;;;2;;;;
15/12/2010;08:18:00;51;sem vítima;297;BR-101/RJ;Norte;Colisão Lateral;1;;1;;;;;;;;2;;;;
15/12/2010;09:58:00;75;sem vítima;297;BR-101/RJ;Norte;Colisão Lateral;1;;1;;;;;;;;2;;;;
16/12/2010;03:36:00;19;sem vítima;297;BR-101/RJ;Norte;Choque - Defensa, barreira ou "submarino";1;;;;;;;;;;1;;;;
16/12/2010;16:52:00;175;sem vítima;297;BR-101/RJ;Sul;Colisão Traseira;1;;1;;;;;;;;3;;;;
20/12/2010;12:50:00;93;sem vítima;297;BR-101/RJ;Norte;Colisão Traseira;2;;;;;;;;;;2;;;;
22/12/2010;21:03:00;206;sem vítima;297;BR-101/RJ;Norte;Saida de Pista;1;;;;;;;;;;4;;;;
22/12/2010;22:11:00;225;sem vítima;297;BR-101/RJ;Sul;Colisão Lateral;2;;;;;;;;;;2;;;;
22/12/2010;22:59:00;234;sem vítima;297;BR-101/RJ;Norte;Colisão Lateral;1;;1;;;;;;;;2;;;;
23/12/2010;16:37:00;179;sem vítima;297;BR-101/RJ;Norte;Colisão Lateral;1;;;;;1;;;;;2;;;;
28/12/2010;23:48:00;217;sem vítima;297;BR-101/RJ;Norte;Colisão Traseira;1;;1;;;;;;;;3;;;;
30/12/2010;13:33:00;93;sem vítima;297;BR-101/RJ;Norte;Colisão Traseira;1;;;;;;;;;1;6;;;;
03/01/2011;10:59:00;130;sem vítima;297;BR-101/RJ;Norte;Colisão Lateral;1;;;;1;;;;;;2;;;;
04/01/2011;14:06:00;138;sem vítima;297;BR-101/RJ;Norte;Colisão Traseira;2;;;;;;;;;;4;;;;
08/01/2011;10:51:00;110;sem vítima;297;BR-101/RJ;Sul;Colisão Lateral;2;;;;;;;;;;3;;;;
08/01/2011;15:05:00;181;sem vítima;297;BR-101/RJ;Norte;Colisão Traseira;2;;;;;;;;;;2;;;;
09/01/2011;02:20:00;7;sem vítima;297;BR-101/RJ;Sul;Saida de Pista;1;;;;;;;;;;2;;;;
10/01/2011;08:28:00;53;sem vítima;297;BR-101/RJ;Sul;Colisão Traseira;1;;1;;;;;;;;2;;;;
15/01/2011;16:20:00;128;sem vítima;297;BR-101/RJ;Sul;Colisão Traseira;1;;;;1;;;;;;2;;;;
17/01/2011;08:02:00;43;sem vítima;297;BR-101/RJ;Sul;Colisão Lateral;;;;1;1;;;;;;2;;;;
20/01/2011;15:24:00;121;sem vítima;297;BR-101/RJ;Sul;Colisão Traseira;1;;1;;;;;;;;2;;;;
24/01/2011;18:26:00;207;sem vítima;297;BR-101/RJ;Norte;Colisão Lateral;;;;;2;;;;;;2;;;;
27/01/2011;16:44:00;170;sem vítima;297;BR-101/RJ;Sul;Colisão Traseira;1;;;;;;;;;1;3;;;;
28/01/2011;17:51:00;225;sem vítima;297;BR-101/RJ;Norte;Colisão Lateral;1;;1;;;;;;;;2;;;;
30/01/2011;00:08:00;4;sem vítima;297;BR-101/RJ;Norte;Colisão Lateral;1;;;;;;;;;;5;;;;
03/02/2011;07:45:00;35;sem vítima;297;BR-101/RJ;Norte;Colisão Lateral;1;;1;;;;;;;;3;;;;
04/02/2011;20:59:00;196;sem vítima;297;BR-101/RJ;Norte;Colisão Traseira;2;;1;;;;;;;;5;;;;
04/02/2011;21:52:00;206;sem vítima;297;BR-101/RJ;Norte;Colisão Lateral;1;;1;;;;;;;;2;;;;
05/02/2011;07:43:00;48;sem vítima;297;BR-101/RJ;Norte;Colisão Traseira;2;;;;;;;;;1;7;;;;
07/02/2011;18:40:00;183;sem vítima;297;BR-101/RJ;Sul;Colisão Lateral;1;;1;;;;;;;;2;;;;
08/02/2011;15:57:00;108;com vítima;297;BR-101/RJ;Sul;Atropelamento - Outros;;;;1;;;;;;;1;2;;;
08/02/2011;21:23:00;155;sem vítima;297;BR-101/RJ;Sul;Colisão Lateral;1;;;;1;;;;;;3;;;;
11/02/2011;16:25:00;140;sem vítima;297;BR-101/RJ;Norte;Colisão Traseira;1;;1;;;1;;;;;3;;;;
18/02/2011;08:14:00;42;sem vítima;297;BR-101/RJ;Sul;Colisão Traseira;1;;1;;;;;;;;3;;;;
23/02/2011;15:19:00;116;sem vítima;297;BR-101/RJ;Sul;Engavetamento;;;1;;;1;;;;1;5;;;;
27/02/2011;20:10:00;188;com vítima;297;BR-101/RJ;Norte;Queda de Moto;;;;1;;;;;;;0;1;1;;
21/03/2011;04:42:00;19;com vítima;317;BR-101/RJ;Norte;Queda de Moto;;;;1;;;;;;;0;2;;;
21/03/2011;11:12:00;74;sem vítima;252;BR-101/RJ;Sul;Colisão Traseira;2;;;;;;;;;;2;;;;
21/03/2011;11:39:00;80;sem vítima;139;BR-101/RJ;Norte;Colisão Traseira;2;;;;;;;;;;2;;;;
21/03/2011;16:36:00;122;sem vítima;63;BR-101/RJ;Norte;Colisão Traseira;1;;1;;;;;;;1;3;;;;
21/03/2011;20:03:00;158;sem vítima;274;BR-101/RJ;Norte;Saida de Pista;1;;;;;;;;;;2;;;;
21/03/2011;22:32:00;172;sem vítima;320;BR-101/RJ;Norte;Colisão Lateral;;;1;;1;;;;;;3;;;;
22/03/2011;06:39:00;35;com vítima;246;BR-101/RJ;Sul;Queda de Moto;;;;1;;;;;;;0;;1;;
22/03/2011;06:41:00;36;sem vítima;296;BR-101/RJ;Norte;Saida de Pista;1;;;;;;;;;;1;;;;
22/03/2011;08:57:00;54;com vítima;244;BR-101/RJ;Norte;Colisão Frontal;1;;2;;;;;;;;5;;2;;1
22/03/2011;09:33:00;56;com vítima;290,5;BR-101/RJ;Sul;Atropelamento - Ciclista;;1;1;;;;;;;;1;;;;1
22/03/2011;09:49:00;60;com vítima;275;BR-101/RJ;Norte;Colisão Traseira;1;;;;;;;;;1;1;;1;;
22/03/2011;10:52:00;70;sem vítima;144;BR-101/RJ;Sul;Capotamento;1;;;;;;;;;;2;;;;
22/03/2011;14:22:00;90;sem vítima;170;BR-101/RJ;Sul;Colisão Lateral;1;;1;;;;;;;;3;;;;
06/05/2011;18:18:00;167;sem vítima;297;BR-101/RJ;Sul;Engavetamento;2;;;;;1;;;;;3;;;;
06/05/2011;18:24:00;169;sem vítima;297;BR-101/RJ;Norte;Colisão Traseira;2;;;;;;;;;;2;;;;
14/05/2011;05:35:00;22;sem vítima;297;BR-101/RJ;Norte;Saida de Pista;1;;;;;;;;;;1;;;;
16/05/2011;20:55:00;163;sem vítima;297;BR-101/RJ;Sul;Colisão Traseira;1;;;;1;;;;;;3;;;;
20/05/2011;16:52:00;136;sem vítima;297;BR-101/RJ;Norte;Colisão Lateral;1;;1;;;;;;;;2;;;;
20/05/2011;17:53:00;142;sem vítima;297;BR-101/RJ;Sul;Colisão Traseira;1;;1;;;;;;;;3;;;;
21/05/2011;13:42:00;101;sem vítima;297;BR-101/RJ;Sul;Colisão Traseira;1;;;;1;;;;;;5;;;;
22/05/2011;16:34:00;118;com vítima;297;BR-101/RJ;Sul;Colisão Lateral;2;;;;;;;;;;2;;1;;
24/05/2011;14:43:00;130;sem vítima;297;BR-101/RJ;Norte;Colisão Lateral;1;;1;;;;;;;;4;;;;
26/05/2011;13:29:00;97;sem vítima;297;BR-101/RJ;Norte;Colisão Traseira;;;2;;;;;;;;2;;;;
31/05/2011;18:19:00;137;sem vítima;297;BR-101/RJ;Sul;Colisão Lateral;2;;;;;;;;;;2;;;;
06/06/2011;09:10:00;60;sem vítima;297;BR-101/RJ;Sul;Colisão Traseira;1;;;;1;;;;;;2;;;;
13/06/2011;13:57:00;111;sem vítima;297;BR-101/RJ;Norte;Colisão Lateral;1;;1;;1;;;;;;3;;;;
13/06/2011;14:55:00;116;sem vítima;297;BR-101/RJ;Norte;Colisão Traseira;1;;;;1;;;;;;2;;;;
14/06/2011;18:02:00;119;sem vítima;297;BR-101/RJ;Norte;Colisão Traseira;1;;;;1;;;;;;3;;;;
14/06/2011;20:08:00;135;sem vítima;297;BR-101/RJ;Sul;Colisão Traseira;1;;;;1;;;;;;2;;;;
14/06/2011;21:13:00;147;sem vítima;297;BR-101/RJ;Norte;Colisão Lateral;1;;1;;;;;;;;2;;;;
24/06/2011;06:10:00;20;sem vítima;297;BR-101/RJ;Sul;Colisão Lateral;1;;;;1;;;;;;2;;;;
24/06/2011;14:55:00;93;sem vítima;297;BR-101/RJ;Norte;Colisão Traseira;1;;1;;;;;;;;4;;;;
29/06/2011;09:34:00;63;sem vítima;297,45098876953125;BR-101/RJ;Sul;Engavetamento;;;1;;1;;;;;1;3;;;;
02/08/2011;03:52:00;28;com vítima;297,5;BR-101/RJ;Norte;Capotamento;1;;;;;;;;;;0;3;;;
05/08/2011;18:53:00;155;sem vítima;297;BR-101/RJ;Sul;Colisão Lateral;2;;1;;;;;;;;7;;;;
06/08/2011;18:27:00;158;sem vítima;297,52398681640625;BR-101/RJ;Sul;Colisão Traseira;2;;;;;;;;;;2;;;;
11/08/2011;18:38:00;150;sem vítima;297;BR-101/RJ;Norte;Colisão Lateral;1;;1;;;;;;;;3;;;;
12/08/2011;05:46:00;15;sem vítima;297;BR-101/RJ;Sul;Colisão Lateral;1;;1;;;;;;;;3;;;;
12/08/2011;10:23:00;70;sem vítima;297;BR-101/RJ;Norte;Colisão Traseira;1;;;;;1;;;;;2;;;;
13/08/2011;04:08:00;39;sem vítima;297;BR-101/RJ;Sul;Tombamento;1;;;;;;;;;;2;;;;
14/08/2011;19:28:00;156;sem vítima;297;BR-101/RJ;Sul;Colisão Traseira;1;;1;;;;;;;;2;;;;
15/08/2011;09:16:00;58;sem vítima;297;BR-101/RJ;Norte;Colisão Lateral;1;;;;1;;;;;;3;;;;
18/08/2011;19:11:00;160;sem vítima;297;BR-101/RJ;Sul;Colisão Lateral;1;;;;1;;;;;;2;;;;
19/08/2011;18:22:00;163;sem vítima;297;BR-101/RJ;Sul;Engavetamento;5;;;;;;;;;;9;;;;
22/08/2011;06:54:00;30;sem vítima;297;BR-101/RJ;Sul;Colisão Traseira;2;;;;;1;;;;;6;;;;
02/09/2011;11:04:00;73;sem vítima;297;BR-101/RJ;Norte;Colisão Lateral;;;2;;;;;;;;2;;;;
03/09/2011;05:48:00;24;sem vítima;297;BR-101/RJ;Sul;Colisão Lateral;;;1;;;1;;;;;2;;;;
09/09/2011;16:36:00;130;sem vítima;297;BR-101/RJ;Norte;Colisão Traseira;1;;1;;;;;;;;2;;;;
10/09/2011;04:00:00;21;sem vítima;297;BR-101/RJ;Sul;Saida de Pista;1;;;;;;;;;;4;;;;
14/09/2011;14:03:00;88;sem vítima;297;BR-101/RJ;Sul;Colisão Traseira;1;;;;;1;;;;;2;;;;
15/09/2011;19:27:00;147;sem vítima;297;BR-101/RJ;Norte;Colisão Lateral;1;;1;;;;;;;;2;;;;
18/09/2011;22:27:00;163;com vítima;297;BR-101/RJ;Norte;Colisão Traseira;1;;;;;1;;;;;1;1;;;
22/09/2011;11:04:00;67;sem vítima;297;BR-101/RJ;Norte;Colisão Lateral;2;;;;;;;;;;3;;;;
23/09/2011;16:27:00;125;sem vítima;297;BR-101/RJ;Norte;Colisão Traseira;1;;1;;;;;;;;2;;;;
23/09/2011;17:47:00;143;com vítima;297;BR-101/RJ;Norte;Colisão Traseira;;;;1;;1;;;;;1;1;;;
27/09/2011;19:36:00;161;sem vítima;297;BR-101/RJ;Norte;Colisão Lateral;1;;1;;;;;;;;3;;;;
27/09/2011;19:39:00;162;sem vítima;297;BR-101/RJ;Norte;Colisão Lateral;1;;1;;;;;;;;3;;;;
03/10/2011;20:22:00;169;sem vítima;297;BR-101/RJ;Norte;Colisão Lateral;1;;1;;;;;;;;6;;;;
04/10/2011;06:54:00;25;sem vítima;297;BR-101/RJ;Sul;Colisão Lateral;1;;;;1;;;;;;3;;;;
06/10/2011;21:47:00;199;sem vítima;297;BR-101/RJ;Norte;Colisão Traseira;;;;;1;;;;;1;3;;;;
07/10/2011;16:02:00;140;sem vítima;297;BR-101/RJ;Norte;Colisão Lateral;1;;1;;;;;;;;2;;;;
07/10/2011;19:24:00;190;com vítima;297;BR-101/RJ;Norte;Choque - Outros;2;;2;;1;;;;;1;6;2;2;;
07/10/2011;20:41:00;205;com vítima;297;BR-101/RJ;Norte;Engavetamento;3;;;;1;;;;;;9;;1;;
09/10/2011;12:10:00;75;com vítima;297;BR-101/RJ;Sul;Atropelamento - Ciclista;;1;;;;1;;;;;1;;1;;
10/10/2011;13:02:00;101;com vítima;297;BR-101/RJ;Sul;Colisão Transversal;1;;;1;;;;;;;1;1;;;
11/10/2011;08:20:00;48;sem vítima;297;BR-101/RJ;Sul;Colisão Traseira;2;;;;;;;;;;3;;;;
19/10/2011;13:45:00;83;sem vítima;297;BR-101/RJ;Sul;Colisão Traseira;2;;;;;;;;;;2;;;;
21/10/2011;09:59:00;56;sem vítima;297;BR-101/RJ;Sul;Colisão Traseira;2;;;;;;;;;;2;;;;
25/10/2011;17:26:00;173;sem vítima;297;BR-101/RJ;Sul;Colisão Traseira;1;;1;;;;;;;1;5;;;;
26/10/2011;09:52:00;57;com vítima;297;BR-101/RJ;Norte;Colisão Lateral;1;;;1;;;;;;;1;;1;;
31/10/2011;19:33:00;149;sem vítima;297;BR-101/RJ;Sul;Colisão Lateral;1;;1;;;;;;;;3;;;;
03/11/2011;15:23:00;125;sem vítima;297;BR-101/RJ;Sul;Colisão Lateral;1;;1;;;;;;;;2;;;;
03/11/2011;15:53:00;129;sem vítima;297;BR-101/RJ;Norte;Colisão Lateral;1;;;;1;;;;;;19;;;;
05/11/2011;05:21:00;21;com vítima;297;BR-101/RJ;Sul;Colisão Lateral;1;;1;;;;;;;;1;;2;;
05/11/2011;12:55:00;86;sem vítima;297;BR-101/RJ;Sul;Choque - Defensa, barreira ou "submarino";;;1;;;;;;;;1;;;;
08/11/2011;02:10:00;8;sem vítima;297;BR-101/RJ;Sul;Capotamento;1;;;;;;;;;;1;;;;
08/11/2011;13:24:00;82;sem vítima;297;BR-101/RJ;Norte;Colisão Lateral;1;;1;;1;;;;;;3;;;;
08/11/2011;18:54:00;127;sem vítima;297;BR-101/RJ;Norte;Colisão Lateral;1;;1;;;;;;;;3;;;;
13/11/2011;05:22:00;31;sem vítima;297;BR-101/RJ;Sul;Choque - Poste;1;;;;;;;;;;1;;;;
14/11/2011;09:53:00;51;sem vítima;297;BR-101/RJ;Sul;Colisão Lateral;;;1;;1;;;;;;2;;;;
15/11/2011;09:53:00;47;sem vítima;297;BR-101/RJ;Norte;Choque - Defensa, barreira ou "submarino";1;;;;;;;;;;5;;;;
15/11/2011;15:35:00;107;sem vítima;297;BR-101/RJ;Norte;Saida de Pista;1;;;;;;;;;;3;;;;
25/11/2011;09:36:00;56;sem vítima;297;BR-101/RJ;Norte;Colisão Lateral;1;;1;;;;;;;;2;;;;
28/11/2011;15:43:00;117;sem vítima;297;BR-101/RJ;Sul;Colisão Traseira;1;;;;;;;;;1;3;;;;
01/12/2011;14:26:00;95;sem vítima;297;BR-101/RJ;Norte;Colisão Traseira;2;;;;;;;;;;2;;;;
08/12/2011;14:25:00;125;sem vítima;297;BR-101/RJ;Sul;Colisão Lateral;1;;1;;;;;;;;2;;;;
09/12/2011;04:35:00;15;com vítima;297;BR-101/RJ;Sul;Choque - Defensa, barreira ou "submarino";;;;1;;;;;;;0;;;1;
10/12/2011;07:47:00;50;sem vítima;297;BR-101/RJ;Norte;Engavetamento;3;;;;;;;;;;9;;;;
10/12/2011;08:17:00;53;sem vítima;297;BR-101/RJ;Sul;Engavetamento;4;;;;;;;;;;4;;;;
10/12/2011;11:53:00;114;sem vítima;297;BR-101/RJ;Norte;Colisão Lateral;1;;1;;;;;;;;2;;;;
15/12/2011;09:50:00;61;sem vítima;297;BR-101/RJ;Norte;Colisão Lateral;2;;;;;;;;;;6;;;;
16/12/2011;08:45:00;63;sem vítima;297;BR-101/RJ;Sul;Colisão Lateral;;;1;;1;;;;;;3;;;;
16/12/2011;09:10:00;68;sem vítima;297;BR-101/RJ;Norte;Colisão Traseira;2;;;;;;;;;;3;;;;
16/12/2011;12:13:00;108;sem vítima;297;BR-101/RJ;Sul;Colisão Lateral;1;;;;;;;;;1;5;;;;
17/12/2011;08:05:00;41;sem vítima;297;BR-101/RJ;Sul;Queda de Moto;;;;1;;;;;;;1;;;;
23/12/2011;06:33:00;38;com vítima;297;BR-101/RJ;Norte;Colisão Traseira;1;;1;;;1;;;;;2;1;;;
23/12/2011;07:31:00;49;sem vítima;297;BR-101/RJ;Norte;Colisão Lateral;1;;1;;;;;;;;4;;;;
26/12/2011;10:31:00;70;com vítima;297;BR-101/RJ;Norte;Atropelamento - Andarilho;1;;;;;;;;;;1;1;;;
26/12/2011;11:38:00;85;sem vítima;297;BR-101/RJ;Norte;Colisão Traseira;1;;;;;;;;;1;3;;;;
08/01/2012;10:28:00;56;com vítima;297;BR-101/RJ;Sul;Queda de Moto;;;;1;;;;;;;0;2;;;
08/01/2012;11:21:00;65;sem vítima;297;BR-101/RJ;Sul;Engavetamento;2;;;;;2;;;;;8;;;;
09/01/2012;08:47:00;56;sem vítima;297;BR-101/RJ;Sul;Colisão Lateral;1;;1;;;;;;;;2;;;;
10/01/2012;15:40:00;154;sem vítima;297;BR-101/RJ;Sul;Colisão Lateral;1;;1;;;;;;;;2;;;;
12/01/2012;17:46:00;176;sem vítima;297;BR-101/RJ;Norte;Colisão Lateral;1;;1;;;;;;;;2;;;;
16/01/2012;13:59:00;119;sem vítima;297;BR-101/RJ;Sul;;;;;;;;;;;;0;;;;
16/01/2012;21:14:00;211;sem vítima;297;BR-101/RJ;Norte;Colisão Lateral;1;;1;;;;;;;;2;;;;
19/01/2012;18:18:00;168;sem vítima;297;BR-101/RJ;Sul;Colisão Lateral;;;2;;;;;;;;2;;;;
20/01/2012;10:24:00;78;sem vítima;297;BR-101/RJ;Norte;Colisão Lateral;1;;1;;;;;;;;2;;;;
20/01/2012;21:21:00;252;sem vítima;297;BR-101/RJ;Norte;Colisão Traseira;2;;;;;;;;;;2;;;;
21/01/2012;11:16:00;64;sem vítima;297;BR-101/RJ;Sul;Colisão Lateral;1;;1;;;;;;;;5;;;;
21/01/2012;12:34:00;78;sem vítima;297;BR-101/RJ;Norte;Colisão Lateral;1;;1;;;;;;;;2;;;;
21/01/2012;12:36:00;79;com vítima;297;BR-101/RJ;Sul;Colisão Traseira;1;;;1;;;;;;;3;1;;;
22/01/2012;05:25:00;26;com vítima;297;BR-101/RJ;Sul;Queda de Moto;;;;1;;;;;;;0;2;;;
24/01/2012;15:29:00;137;sem vítima;297;BR-101/RJ;Sul;Colisão Traseira;2;;;;;;;;;;4;;;;
24/01/2012;19:12:00;173;sem vítima;297;BR-101/RJ;Norte;Colisão Lateral;;;1;1;;;;;;;2;;;;
26/01/2012;11:21:00;67;sem vítima;297;BR-101/RJ;Sul;Colisão Lateral;1;;1;;;;;;;;3;;;;
26/01/2012;11:53:00;73;sem vítima;297;BR-101/RJ;Norte;Colisão Lateral;;;1;;;;;;;1;2;;;;
26/01/2012;12:00:00;79;sem vítima;297;BR-101/RJ;Norte;Colisão Traseira;1;;1;;;;;;;;3;;;;
28/01/2012;10:06:00;75;com vítima;297;BR-101/RJ;Sul;Queda de Moto;;;;1;;;;;;;0;1;;;
31/01/2012;10:44:00;65;sem vítima;297;BR-101/RJ;Sul;Colisão Lateral;1;;1;;;;;;;;2;;;;
07/02/2012;15:25:00;116;com vítima;297;BR-101/RJ;Norte;Choque - Arvore;;;2;;;;;;;;0;1;1;;1
09/02/2012;09:59:00;49;sem vítima;297;BR-101/RJ;Sul;Colisão Lateral;1;;1;;;;;;;;2;;;;
09/02/2012;12:02:00;63;sem vítima;297;BR-101/RJ;Norte;Colisão Traseira;1;;;;1;;;;;;2;;;;
11/02/2012;12:15:00;77;sem vítima;297;BR-101/RJ;Norte;Colisão Lateral;1;;;;;1;;;;;3;;;;
11/02/2012;19:02:00;152;sem vítima;297;BR-101/RJ;Sul;Colisão Traseira;1;;;;1;;;;;;3;;;;
13/02/2012;09:41:00;77;com vítima;297;BR-101/RJ;Norte;Atropelamento - Ciclista;;1;;;1;;;;;;1;1;;;
15/02/2012;17:21:00;148;sem vítima;297;BR-101/RJ;Norte;Colisão Lateral;1;;1;;;;;;;;2;;;;