data;horario;n_da_ocorrencia;tipo_de_ocorrencia;km;trecho;sentido;tipo_de_acidente;automovel;bicicleta;caminhao;moto;onibus;outros;tracao_animal;transporte_de_cargas_especiais;trator_maquinas;utilitarios;ilesos;levemente_feridos;moderadamente_feridos;gravemente_feridos;mortos
16/02/2012;18:46:00;188;sem vítima;297;BR-101/RJ;Norte;Colisão Traseira;1;;1;;;;;;;;2;;;;
18/02/2012;06:17:00;58;sem vítima;297;BR-101/RJ;Sul;Colisão Lateral;1;;1;;;;;;;;2;;;;
19/02/2012;10:35:00;93;com vítima;297;BR-101/RJ;Norte;Colisão Lateral;1;;;1;;;;;;;2;2;;;
23/02/2012;17:27:00;182;sem vítima;297;BR-101/RJ;Sul;Colisão Lateral;1;;;;1;;;;;;4;;;;
24/02/2012;20:23:00;173;sem vítima;297;BR-101/RJ;Norte;Colisão Lateral;1;;1;;;;;;;;4;;;;
25/02/2012;18:26:00;158;sem vítima;297;BR-101/RJ;Sul;Colisão Traseira;3;;;;;;;;;;6;;;;
02/03/2012;09:06:00;56;sem vítima;297;BR-101/RJ;Norte;Engavetamento;3;;;;;;;;;;6;;;;
09/03/2012;03:22:00;19;com vítima;297;BR-101/RJ;Sul;Capotamento;1;;;;;;;;;;0;2;;;
09/03/2012;08:57:00;54;sem vítima;297;BR-101/RJ;Sul;Colisão Traseira;2;;;;;;;;;;2;;;;
09/03/2012;12:31:00;83;sem vítima;297;BR-101/RJ;Sul;Colisão Lateral;1;;1;;;;;;;;5;;;;
09/03/2012;21:50:00;183;sem vítima;297;BR-101/RJ;Norte;Colisão Lateral;1;;;;;1;;;;;2;;;;
10/03/2012;03:21:00;15;com vítima;297;BR-101/RJ;Sul;Capotamento;1;;;;;;;;;;0;2;;;
10/03/2012;13:12:00;86;sem vítima;297;BR-101/RJ;Norte;Colisão Traseira;2;;;;;;;;;;2;;;;
11/03/2012;22:04:00;187;sem vítima;297;BR-101/RJ;Sul;Colisão Traseira;1;;;;;1;;;;;2;;;;
15/03/2012;12:32:00;89;sem vítima;297;BR-101/RJ;Norte;Colisão Lateral;1;;1;;;;;;;;3;;;;
15/03/2012;19:11:00;160;sem vítima;297;BR-101/RJ;Sul;Colisão Traseira;1;;1;;;;;;;;2;;;;
18/03/2012;05:26:00;27;sem vítima;297;BR-101/RJ;Sul;Colisão Lateral;1;;;;;1;;;;1;5;;;;
20/03/2012;14:49:00;90;sem vítima;297;BR-101/RJ;Norte;Colisão Lateral;1;;1;;;;;;;;6;;;;
21/03/2012;07:00:00;24;sem vítima;297;BR-101/RJ;Sul;Colisão Lateral;;;1;;1;;;;;;2;;;;
26/03/2012;06:41:00;24;sem vítima;297;BR-101/RJ;Sul;Tombamento;3;;1;;;;;;;;4;;;;
02/04/2012;19:17:00;171;com vítima;297;BR-101/RJ;Sul;Colisão Traseira;1;;;1;;1;;;;;3;1;;;
03/04/2012;12:19:00;82;sem vítima;297;BR-101/RJ;Norte;Colisão Lateral;1;;1;;;;;;;;3;;;;
04/04/2012;17:36:00;152;sem vítima;297;BR-101/RJ;Sul;Colisão Lateral;2;;;;;;;;;;2;;;;
04/04/2012;18:05:00;159;sem vítima;297;BR-101/RJ;Sul;Colisão Lateral;1;;1;;;;;;;;2;;;;
04/04/2012;20:59:00;189;sem vítima;297;BR-101/RJ;Norte;Colisão Lateral;1;;1;;;;;;;;3;;;;
07/04/2012;11:31:00;54;sem vítima;297;BR-101/RJ;Norte;Colisão Lateral;;;;;1;;;;;1;2;;;;
09/04/2012;21:34:00;188;sem vítima;297;BR-101/RJ;Norte;Engavetamento;3;;;;;;;;;;6;;;;
10/04/2012;19:01:00;142;sem vítima;297;BR-101/RJ;Norte;Colisão Lateral;1;;1;;;;;;;;2;;;;
11/04/2012;16:46:00;127;sem vítima;297;BR-101/RJ;Sul;Colisão Lateral;1;;1;;;;;;;;2;;;;
14/04/2012;01:19:00;7;com vítima;297;BR-101/RJ;Sul;Saida de Pista;1;;;;;;;;;;0;1;;;
14/04/2012;02:16:00;15;com vítima;297,7;BR-101/RJ;Norte;Choque - Arvore;1;;;;;;;;;;0;;;;1
16/04/2012;15:54:00;121;sem vítima;297;BR-101/RJ;Norte;Colisão Lateral;1;;1;;;;;;;1;5;;;;
18/04/2012;10:49:00;55;sem vítima;297;BR-101/RJ;Sul;Colisão Lateral;1;;1;;;;;;;;2;;;;
27/04/2012;11:48:00;101;com vítima;297;BR-101/RJ;Norte;Colisão Lateral;;;1;;1;;;;;;3;;1;;
27/04/2012;19:39:00;179;com vítima;297;BR-101/RJ;Sul;Colisão Lateral;1;;1;;;;;;;;4;;1;;
28/04/2012;04:31:00;15;sem vítima;297;BR-101/RJ;Sul;Queda de Moto;;;;1;;;;;;;1;;;;
29/04/2012;19:10:00;117;com vítima;297;BR-101/RJ;Sul;Colisão Traseira;2;;;;;;;;;;1;1;;;
08/05/2012;15:59:00;103;sem vítima;297;BR-101/RJ;Norte;Colisão Lateral;1;;1;;;;;;;;2;;;;
10/05/2012;09:34:00;73;sem vítima;297;BR-101/RJ;Norte;Colisão Lateral;1;;1;;;;;;;;2;;;;
10/05/2012;12:23:00;105;sem vítima;297;BR-101/RJ;Sul;Colisão Traseira;1;;;;;1;;;;;2;;;;
19/05/2012;22:43:00;168;sem vítima;297;BR-101/RJ;Sul;Saida de Pista;1;;;;;;;;;;4;;;;
22/05/2012;07:27:00;35;sem vítima;297;BR-101/RJ;Sul;Colisão Lateral;1;;1;;;;;;;;4;;;;
22/05/2012;19:39:00;169;sem vítima;297;BR-101/RJ;Sul;Colisão Lateral;1;;;;1;;;;;;2;;;;
25/05/2012;17:16:00;128;sem vítima;297;BR-101/RJ;Norte;Colisão Lateral;1;;1;;;;;;;;2;;;;
26/05/2012;18:07:00;151;sem vítima;297;BR-101/RJ;Norte;Colisão Lateral;1;;1;;1;;;;;;4;;;;
02/06/2012;12:01:00;102;sem vítima;297;BR-101/RJ;Norte;Colisão Traseira;2;;;;;;;;;;4;;;;
05/06/2012;10:21:00;60;sem vítima;297;BR-101/RJ;Sul;Colisão Lateral;2;;;;;;;;;;2;;;;
05/06/2012;18:31:00;143;sem vítima;297;BR-101/RJ;Norte;Colisão Traseira;1;;;;1;;;;;;3;;;;
05/06/2012;18:43:00;145;sem vítima;297;BR-101/RJ;Sul;Colisão Lateral;1;;1;;;;;;;;2;;;;
07/06/2012;15:09:00;114;sem vítima;297;BR-101/RJ;Norte;Colisão Traseira;1;;;;1;;;;;;2;;;;
14/06/2012;18:29:00;174;sem vítima;297;BR-101/RJ;Sul;Engavetamento;1;;;;;3;;;;;4;;;;
15/06/2012;22:28:00;221;sem vítima;297;BR-101/RJ;Sul;Capotamento;1;;;;;;;;;;2;;;;
16/06/2012;11:25:00;78;com vítima;297;BR-101/RJ;Norte;Colisão Traseira;1;;;;1;;;;;;1;1;;;
02/07/2012;16:34:00;131;sem vítima;297;BR-101/RJ;Sul;Colisão Traseira;1;;;1;;;;;;;2;;;;
03/07/2012;11:21:00;94;sem vítima;297;BR-101/RJ;Sul;Colisão Traseira;2;;;;;;;;;;3;;;;
06/07/2012;10:49:00;95;com vítima;297;BR-101/RJ;Norte;Colisão Traseira;1;;;1;;;;;;;1;1;;;
06/07/2012;17:53:00;168;sem vítima;297;BR-101/RJ;Norte;Colisão Lateral;1;;1;;;;;;;;3;;;;
06/07/2012;20:35:00;217;sem vítima;297;BR-101/RJ;Norte;Colisão Lateral;1;;1;;;;;;;;2;;;;
08/07/2012;19:02:00;130;sem vítima;297;BR-101/RJ;Norte;Choque - Arvore;1;;;;;;;;;;1;;;;
16/07/2012;19:24:00;169;sem vítima;297;BR-101/RJ;Norte;Colisão Lateral;1;;1;;;;;;;;3;;;;
17/07/2012;18:56:00;166;sem vítima;297;BR-101/RJ;Sul;Colisão Traseira;1;;1;;;;;;;;2;;;;
18/07/2012;10:52:00;74;sem vítima;297;BR-101/RJ;Sul;Colisão Traseira;;;;1;;1;;;;;2;;;;
23/07/2012;09:08:00;56;sem vítima;297;BR-101/RJ;Sul;Colisão Traseira;1;;;;;1;;;;;4;;;;
26/07/2012;19:13:00;148;sem vítima;297;BR-101/RJ;Sul;Colisão Lateral;1;;1;;;;;;;;2;;;;
26/07/2012;19:46:00;157;sem vítima;297;BR-101/RJ;Norte;Colisão Lateral;;;1;;;;;;;1;2;;;;
27/07/2012;16:34:00;153;sem vítima;297;BR-101/RJ;Norte;Colisão Lateral;2;;;;;;;;;;3;;;;
02/08/2012;07:15:00;42;sem vítima;297;BR-101/RJ;Norte;Colisão Traseira;3;;;;;;;;;;3;;;;
03/08/2012;08:09:00;43;sem vítima;297;BR-101/RJ;Norte;Colisão Lateral;1;;;;1;;;;;;3;;;;
04/08/2012;05:26:00;28;sem vítima;297;BR-101/RJ;Sul;Saida de Pista;;;1;;;;;;;;1;;;;
06/08/2012;08:09:00;46;sem vítima;297;BR-101/RJ;Sul;Colisão Lateral;1;;1;;;;;;;;3;;;;
10/08/2012;18:22:00;185;sem vítima;297;BR-101/RJ;Norte;Colisão Lateral;1;;1;;;;;;;;3;;;;
14/08/2012;13:31:00;116;sem vítima;297;BR-101/RJ;Norte;Colisão Lateral;1;;;;1;;;;;;2;;;;
17/08/2012;22:32:00;184;sem vítima;297;BR-101/RJ;Sul;Colisão Lateral;2;;;;;;;;;;3;;;;
21/08/2012;12:21:00;85;sem vítima;297;BR-101/RJ;Norte;Colisão Lateral;1;;;;1;;;;;;3;;;;
21/08/2012;12:50:00;89;sem vítima;297;BR-101/RJ;Norte;Colisão Traseira;1;;;;;;;;;1;3;;;;
21/08/2012;12:51:00;90;sem vítima;297,591;BR-101/RJ;Norte;Colisão Traseira;1;;1;;;;;;;;2;;;;
23/08/2012;09:28:00;69;sem vítima;297;BR-101/RJ;Sul;Colisão Traseira;1;;;1;;;;;;;2;;;;
23/08/2012;12:39:00;104;sem vítima;297;BR-101/RJ;Sul;Colisão Lateral;1;;;;1;;;;;;2;;;;
24/08/2012;09:23:00;58;sem vítima;297;BR-101/RJ;Norte;Colisão Traseira;;;1;;1;;;;;;38;;;;
24/08/2012;18:33:00;148;sem vítima;297;BR-101/RJ;Sul;Colisão Traseira;1;;1;;;;;;;;4;;;;
25/08/2012;16:04:00;131;sem vítima;297;BR-101/RJ;Sul;Atropelamento - Usuário;1;;;;;;;;;;1;;;;
26/08/2012;05:49:00;19;com vítima;297;BR-101/RJ;Sul;Queda de Moto;;;;1;;1;;;;;1;;1;;
29/08/2012;18:54:00;151;sem vítima;297;BR-101/RJ;Norte;Colisão Lateral;1;;1;;;;;;;;3;;;;
29/08/2012;03:26:00;8;sem vítima;297,89;BR-101/RJ;Sul;Saida de Pista;;;1;;;;;;;;2;;;;
31/08/2012;18:27:00;180;sem vítima;297;BR-101/RJ;Norte;Colisão Traseira;1;;1;;;;;;;;2;;;;
01/09/2012;20:55:00;162;sem vítima;297;BR-101/RJ;Norte;Colisão Lateral;2;;;;;;;;;;3;;;;
03/09/2012;11:02:00;77;sem vítima;297;BR-101/RJ;Sul;Colisão Traseira;1;;1;;;;;;;;4;;;;
04/09/2012;15:16:00;127;sem vítima;297;BR-101/RJ;Norte;Colisão Traseira;1;;1;;;;;;;;3;;;;
05/09/2012;10:12:00;94;sem vítima;297;BR-101/RJ;Norte;Colisão Lateral;1;;;;;;;;;1;3;;;;
06/09/2012;22:21:00;175;sem vítima;297,38;BR-101/RJ;Norte;Colisão Traseira;1;;1;;;;;;;;2;;;;
14/09/2012;18:52:00;148;sem vítima;297;BR-101/RJ;Norte;Colisão Lateral;;;1;;1;;;;;;2;;;;
16/09/2012;20:43:00;187;com vítima;297;BR-101/RJ;Sul;Atropelamento - Andarilho;;;;;1;;;;;;1;;1;;
19/09/2012;19:07:00;183;sem vítima;297;BR-101/RJ;Norte;Colisão Lateral;1;;1;;;;;;;;2;;;;
22/09/2012;05:41:00;42;com vítima;297;BR-101/RJ;Sul;Colisão Traseira;;;;1;;1;;;;;1;;1;;
23/09/2012;15:22:00;95;com vítima;297,157;BR-101/RJ;Sul;Atropelamento - Morador;1;;;;;;;;;;4;2;;;
24/09/2012;16:07:00;152;sem vítima;297,597;BR-101/RJ;Sul;Colisão Traseira;;;;;2;;;;;;2;;;;
25/09/2012;08:21:00;49;sem vítima;297;BR-101/RJ;Norte;Colisão Traseira;1;;1;;;;;;;;2;;;;
26/09/2012;10:50:00;71;sem vítima;297;BR-101/RJ;Norte;Colisão Transversal;1;;1;;;;;;;;5;;;;
26/09/2012;18:29:00;117;sem vítima;297;BR-101/RJ;Norte;Colisão Lateral;1;;1;;;;;;;;6;;;;
27/09/2012;07:44:00;59;sem vítima;297;BR-101/RJ;Sul;Colisão Lateral;1;;;;1;;;;;;2;;;;
28/09/2012;15:50:00;136;com vítima;297;BR-101/RJ;Norte;Colisão Lateral;1;;;1;;;;;;;4;1;;;
28/09/2012;18:48:00;176;sem vítima;297;BR-101/RJ;Norte;Colisão Traseira;1;;;;;;;;;1;2;;;;
03/10/2012;18:10:00;176;sem vítima;297;BR-101/RJ;Norte;Colisão Traseira;3;;;;;;;;;;3;;;;
04/10/2012;09:49:00;73;sem vítima;297;BR-101/RJ;Sul;Colisão Lateral;;;1;;1;;;;;;2;;;;
04/10/2012;18:30:00;171;sem vítima;297;BR-101/RJ;Norte;Colisão Lateral;1;;1;;;;;;;;5;;;;
09/10/2012;10:33:00;83;sem vítima;297;BR-101/RJ;Sul;Engavetamento;3;;;;;1;;;;;5;;;;
11/10/2012;18:25:00;194;sem vítima;297;BR-101/RJ;Norte;Colisão Lateral;2;;;;;;;;;;6;;;;
14/10/2012;04:48:00;22;com vítima;297,66;BR-101/RJ;Sul;Capotamento;1;;;;;;;;;;0;;1;;
14/10/2012;05:06:00;23;sem vítima;297,66;BR-101/RJ;Sul;Colisão Traseira;1;;;1;;;;;;;2;;;;
16/10/2012;11:01:00;99;sem vítima;297;BR-101/RJ;Sul;Colisão Lateral;1;;1;;;;;;;;2;;;;
19/10/2012;18:43:00;158;sem vítima;297;BR-101/RJ;Norte;Colisão Lateral;1;;1;;;;;;;;2;;;;
22/10/2012;16:39:00;147;sem vítima;297;BR-101/RJ;Norte;Colisão Traseira;1;;;;1;;;;;;2;;;;
23/10/2012;18:13:00;163;sem vítima;297;BR-101/RJ;Norte;Colisão Traseira;1;;1;;;;;;;;2;;;;
28/10/2012;13:17:00;97;com vítima;297;BR-101/RJ;Sul;Colisão Lateral;;;;1;;;;;;;0;2;;;
31/10/2012;15:36:00;160;sem vítima;297;BR-101/RJ;Sul;Colisão Lateral;1;;2;;;;;;;;3;;;;
31/10/2012;18:06:00;192;sem vítima;297;BR-101/RJ;Norte;Colisão Lateral;1;;1;;;;;;;;3;;;;
01/11/2012;07:42:00;45;sem vítima;297;BR-101/RJ;Norte;Colisão Lateral;1;;1;;;;;;;;3;;;;
01/11/2012;09:21:00;74;com vítima;297;BR-101/RJ;Norte;Atropelamento - Ciclista;;1;;;1;;;;;;0;1;;1;
02/11/2012;22:41:00;173;sem vítima;297,639;BR-101/RJ;Sul;Saida de Pista;1;;;;;;;;;;2;;;;
08/11/2012;19:25:00;144;sem vítima;297;BR-101/RJ;Sul;Colisão Lateral;1;;;1;;;;;;;2;;;;
10/11/2012;09:35:00;65;sem vítima;297;BR-101/RJ;Sul;Colisão Traseira;2;;;;;;;;;;7;;;;
12/11/2012;00:34:00;3;sem vítima;297;BR-101/RJ;Norte;Colisão Traseira;2;;;;;;;;;;2;;;;
13/11/2012;09:31:00;56;sem vítima;297;BR-101/RJ;Norte;Colisão Traseira;2;;1;;;;;;;;3;;;;
16/11/2012;08:02:00;40;sem vítima;297;BR-101/RJ;Sul;Colisão Lateral;1;;;;1;;;;;;2;;;;
16/11/2012;18:28:00;127;sem vítima;297;BR-101/RJ;Sul;Colisão Traseira;;;;;1;;;;;1;4;;;;
19/11/2012;07:29:00;35;com vítima;297;BR-101/RJ;Norte;Colisão Lateral;1;;1;;;;;;;;1;2;;;
20/11/2012;21:48:00;169;sem vítima;297,521;BR-101/RJ;Norte;Colisão Lateral;2;;;;1;;;;;;8;;;;
22/11/2012;16:41:00;144;sem vítima;297;BR-101/RJ;Norte;Colisão Lateral;1;;1;;;;;;;;2;;;;
23/11/2012;09:02:00;55;sem vítima;297;BR-101/RJ;Norte;Colisão Traseira;1;;1;;;;;;;;2;;;;
24/11/2012;07:54:00;35;sem vítima;297;BR-101/RJ;Norte;Colisão Traseira;3;;;;;;;;;;3;;;;
26/11/2012;07:39:00;42;com vítima;297;BR-101/RJ;Sul;Colisão Lateral;1;;1;;;;;;;;4;1;;;
26/11/2012;22:37:00;203;sem vítima;297;BR-101/RJ;Norte;Colisão Lateral;1;;;;1;;;;;;3;;;;
30/11/2012;09:17:00;78;sem vítima;297;BR-101/RJ;Sul;Colisão Lateral;1;;;;1;;;;;;2;;;;
01/12/2012;11:07:00;72;sem vítima;297;BR-101/RJ;Norte;Colisão Traseira;2;;;;;1;;;;;5;;;;
06/12/2012;11:44:00;103;sem vítima;297;BR-101/RJ;Norte;Colisão Lateral;1;;1;;;;;;;;3;;;;
06/12/2012;12:29:00;114;sem vítima;297;BR-101/RJ;Sul;Colisão Lateral;1;;1;;;;;;;;2;;;;
06/12/2012;17:40:00;179;sem vítima;297;BR-101/RJ;Norte;Colisão Lateral;1;;1;;;;;;;;5;;;;
06/12/2012;19:17:00;195;sem vítima;297;BR-101/RJ;Norte;Colisão Lateral;1;;1;;;;;;;;2;;;;
08/12/2012;05:00:00;29;com vítima;297,4;BR-101/RJ;Sul;Capotamento;1;;;;;;;;;;0;4;;;
12/12/2012;17:59:00;166;sem vítima;297;BR-101/RJ;Norte;Colisão Lateral;1;;1;;;;;;;;2;;;;
14/12/2012;16:39:00;145;sem vítima;297;BR-101/RJ;Norte;Colisão Lateral;1;;1;;;;;;;;2;;;;
15/12/2012;04:14:00;22;sem vítima;297;BR-101/RJ;Sul;Saida de Pista;1;;;;;;;;;;3;;;;
17/12/2012;10:54:00;78;sem vítima;297;BR-101/RJ;Sul;Colisão Traseira;3;;;;;;;;;;5;;;;
18/12/2012;09:59:00;82;sem vítima;297;BR-101/RJ;Norte;Colisão Traseira;1;;2;;;;;;;;4;;;;
19/12/2012;18:07:00;147;sem vítima;297;BR-101/RJ;Norte;Colisão Traseira;1;;1;;;;;;;;2;;;;
20/12/2012;11:54:00;90;sem vítima;297;BR-101/RJ;Sul;Colisão Lateral;;;2;;;;;;;;3;;;;
21/12/2012;16:40:00;188;sem vítima;297;BR-101/RJ;Norte;Colisão Traseira;1;;1;;;;;;;;3;;;;
21/12/2012;19:20:00;229;sem vítima;297;BR-101/RJ;Norte;Saida de Pista;1;;;;;;;;;;1;;;;
21/12/2012;23:39:00;266;com vítima;297;BR-101/RJ;Norte;Colisão Traseira;1;;1;;;;;;;;1;2;;;
22/12/2012;11:50:00;123;sem vítima;297;BR-101/RJ;Norte;Atropelamento - Andarilho;1;;;1;;;;;;;3;;;;
23/12/2012;10:34:00;75;sem vítima;297;BR-101/RJ;Sul;Choque - Defensa, barreira ou "submarino";1;;;;;;;;;;1;;;;
26/12/2012;14:06:00;136;sem vítima;297;BR-101/RJ;Sul;Colisão Traseira;2;;;;;;;;;;3;;;;
27/12/2012;14:51:00;133;sem vítima;297;BR-101/RJ;Norte;Colisão Traseira;1;;;;;1;;;;;2;;;;
27/12/2012;21:30:00;213;sem vítima;297;BR-101/RJ;Sul;Colisão Traseira;1;;1;;;;;;;;3;;;;
29/12/2012;20:44:00;218;com vítima;297;BR-101/RJ;Norte;Colisão Lateral;1;;;1;;;;;;;6;1;;;
05/01/2013;14:10:00;91;sem vítima;297;BR-101/RJ;Norte;Colisão Traseira;2;;;;;;;;;;7;;;;
05/01/2013;18:33:00;144;com vítima;297;BR-101/RJ;Sul;Queda de Moto;;;;1;;;;;;;0;1;1;;
08/01/2013;18:43:00;189;sem vítima;297;BR-101/RJ;Sul;Colisão Lateral;1;;1;;;;;;;;5;;;;
10/01/2013;11:00:00;97;sem vítima;297;BR-101/RJ;Norte;Colisão Lateral;1;;1;;;;;;;;2;;;;
10/01/2013;11:55:00;101;sem vítima;297;BR-101/RJ;Norte;Colisão Lateral;1;;1;;;;;;;;2;;;;
12/01/2013;17:05:00;103;sem vítima;297;BR-101/RJ;Norte;Colisão Traseira;1;;;;1;;;;;;2;;;;
13/01/2013;15:42:00;118;sem vítima;297;BR-101/RJ;Norte;Choque - Defensa, barreira ou "submarino";1;;;;;;;;;;3;;;;
14/01/2013;17:41:00;146;sem vítima;297;BR-101/RJ;Sul;Colisão Lateral;2;;1;;;;;;;;3;;;;
15/01/2013;19:40:00;166;sem vítima;297;BR-101/RJ;Norte;Choque - Arvore;;;1;;;;;;;1;3;;;;
15/01/2013;21:31:00;173;sem vítima;297;BR-101/RJ;Norte;Colisão Lateral;1;;;;1;;;;;;2;;;;
18/01/2013;17:31:00;156;sem vítima;297;BR-101/RJ;Sul;Colisão Lateral;1;;1;;;;;;;;2;;;;
19/01/2013;15:47:00;145;sem vítima;297;BR-101/RJ;Norte;Colisão Lateral;1;;1;;;;;;;;5;;;;
19/01/2013;16:29:00;154;sem vítima;297;BR-101/RJ;Norte;Colisão Traseira;2;;;;;;;;;;2;;;;
21/01/2013;13:17:00;114;sem vítima;297;BR-101/RJ;Sul;Engavetamento;2;;1;;;;;;;;6;;;;
23/01/2013;18:43:00;167;sem vítima;297;BR-101/RJ;Norte;Colisão Lateral;1;;;;1;;;;;;5;;;;
24/01/2013;09:49:00;65;sem vítima;297;BR-101/RJ;Norte;Colisão Lateral;1;;1;;;;;;;;2;;;;
25/01/2013;21:13:00;212;sem vítima;297;BR-101/RJ;Norte;Colisão Lateral;1;;1;;;;;;;;2;;;;
25/01/2013;11:38:00;85;sem vítima;297,33;BR-101/RJ;Norte;Colisão Lateral;1;;1;;;;;;;;2;;;;
26/01/2013;14:38:00;119;sem vítima;297;BR-101/RJ;Norte;Colisão Lateral;1;;1;;;;;;;;2;;;;
28/01/2013;19:23:00;163;sem vítima;297;BR-101/RJ;Norte;Colisão Transversal;1;;1;;;;;;;;2;;;;
30/01/2013;09:42:00;69;sem vítima;297;BR-101/RJ;Sul;Colisão Traseira;;;2;;;;;;;;4;;;;
30/01/2013;18:13:00;149;sem vítima;297;BR-101/RJ;Sul;Colisão Lateral;1;;1;;;;;;;;2;;;;
30/01/2013;21:16:00;185;sem vítima;297;BR-101/RJ;Sul;Colisão Lateral;1;;1;;;;;;;;2;;;;
02/02/2013;16:06:00;149;sem vítima;297;BR-101/RJ;Sul;Colisão Traseira;1;;1;;;;;;;;2;;;;
04/02/2013;10:07:00;74;sem vítima;297;BR-101/RJ;Sul;Colisão Traseira;;;;;2;;;;;;2;;;;
04/02/2013;18:35:00;159;sem vítima;297;BR-101/RJ;Norte;Colisão Traseira;1;;1;;;;;;;;2;;;;
10/02/2013;12:00:00;112;sem vítima;297;BR-101/RJ;Norte;Colisão Lateral;1;;;1;;;;;;;2;;;;
14/02/2013;21:50:00;250;sem vítima;297;BR-101/RJ;Norte;Saida de Pista;1;;;;;;;;;;1;;;;
14/02/2013;11:12:00;96;sem vítima;297,733;BR-101/RJ;Sul;Colisão Lateral;;;1;;;;;;;1;3;;;;
15/02/2013;16:48:00;161;sem vítima;297;BR-101/RJ;Norte;Colisão Lateral;1;;;;1;;;;;;2;;;;
18/02/2013;11:09:00;102;sem vítima;297,3;BR-101/RJ;Sul;Colisão Traseira;2;;;;;;;;;;2;;;;
21/02/2013;16:30:00;138;sem vítima;297;BR-101/RJ;Sul;Colisão Traseira;2;;;;;;;;;;2;;;;
02/03/2013;05:29:00;25;com vítima;297;BR-101/RJ;Norte;Saida de Pista;1;;;;;;;;;;1;2;1;;
02/03/2013;11:57:00;94;com vítima;297;BR-101/RJ;Norte;Saida de Pista;1;;;1;;;;;;;3;1;;;
03/03/2013;17:01:00;121;com vítima;297;BR-101/RJ;Sul;Colisão Traseira;1;;;1;;1;;;;;3;;1;;
06/03/2013;01:32:00;12;sem vítima;297,6;BR-101/RJ;Sul;Choque - Defensa, barreira ou "submarino";;;;;;;;;;1;1;;;;
20/03/2013;09:29:00;69;sem vítima;297;BR-101/RJ;Norte;Colisão Traseira;1;;1;;;;;;;;3;;;;
22/03/2013;14:06:00;120;com vítima;297,3;BR-101/RJ;Norte;Queda de Moto;;;;1;;;;;;;0;1;1;;
28/03/2013;16:47:00;181;sem vítima;297;BR-101/RJ;Norte;Colisão Lateral;1;;1;;;;;;;;5;;;;
31/03/2013;20:28:00;178;sem vítima;297;BR-101/RJ;Sul;Colisão Traseira;1;;1;;;;;;;;2;;;;
03/04/2013;12:55:00;96;sem vítima;297;BR-101/RJ;Norte;Colisão Lateral;1;;;;1;;;;;;3;;;;
03/04/2013;22:11:00;162;sem vítima;297;BR-101/RJ;Norte;Outros;1;;;;;;;;;;1;;;;
07/04/2013;06:06:00;37;sem vítima;297;BR-101/RJ;Norte;Saida de Pista;1;;;;;;;;;;1;;;;
07/04/2013;18:31:00;135;sem vítima;297;BR-101/RJ;Sul;Colisão Lateral;1;;;;1;;;;;;8;;;;
08/04/2013;15:25:00;149;sem vítima;297;BR-101/RJ;Norte;Colisão Traseira;1;;1;;;;;;;;2;;;;
13/04/2013;14:02:00;128;sem vítima;297;BR-101/RJ;Norte;Colisão Lateral;1;;1;;;;;;;;2;;;;
16/04/2013;09:57:00;65;sem vítima;297;BR-101/RJ;Norte;Colisão Lateral;;;;;1;;;;;1;3;;;;
19/04/2013;11:16:00;91;sem vítima;297;BR-101/RJ;Sul;Colisão Traseira;1;;1;;;;;;;;2;;;;
21/04/2013;21:41:00;145;sem vítima;297;BR-101/RJ;Norte;Choque - Defensa, barreira ou "submarino";1;;;;;;;;;;4;;;;
22/04/2013;21:09:00;158;sem vítima;297;BR-101/RJ;Sul;Outros;2;;;;;;;;;;2;;;;
24/04/2013;13:10:00;114;sem vítima;297;BR-101/RJ;Norte;Colisão Traseira;2;;;;;;;;;;2;;;;
28/04/2013;21:13:00;149;sem vítima;297;BR-101/RJ;Norte;Colisão Lateral;1;;1;;;;;;;;6;;;;
28/04/2013;21:33:00;153;sem vítima;297;BR-101/RJ;Sul;Colisão Traseira;1;;;2;;;;;;;3;;;;
28/04/2013;22:13:00;161;sem vítima;297;BR-101/RJ;Norte;Colisão Traseira;1;;;;;;;;;1;5;;;;
28/04/2013;04:34:00;19;sem vítima;297,533;BR-101/RJ;Norte;Choque - Defensa, barreira ou "submarino";;;1;;;;;;;;1;;;;
01/05/2013;19:54:00;125;com vítima;297;BR-101/RJ;Sul;Queda de Moto;;;;1;;;;;;;0;1;;;
03/05/2013;07:28:00;42;com vítima;297;BR-101/RJ;Norte;Colisão Lateral;;;;;1;;;;;1;10;1;;;
03/05/2013;08:46:00;61;sem vítima;297;BR-101/RJ;Norte;Colisão Traseira;1;;;;;;;;;1;3;;;;
08/05/2013;16:05:00;112;sem vítima;297;BR-101/RJ;Norte;Colisão Traseira;1;;;;1;;;;;;2;;;;
12/05/2013;06:18:00;23;com vítima;297;BR-101/RJ;Sul;Queda de Moto;;;;1;;;;;;;0;2;;;
13/05/2013;07:21:00;39;sem vítima;297;BR-101/RJ;Norte;Colisão Traseira;1;;;;1;;;;;;2;;;;
15/05/2013;13:20:00;86;com vítima;297,8;BR-101/RJ;Sul;Outros - Sequência;2;;;;;;;;;;3;1;;;
18/05/2013;22:51:00;174;sem vítima;297;BR-101/RJ;Sul;Colisão Traseira;2;;;;;;;;;;3;;;;
29/05/2013;16:45:00;126;sem vítima;297;BR-101/RJ;Sul;Colisão Lateral;1;;;;;1;;;;;3;;;;
29/05/2013;17:26:00;136;sem vítima;297;BR-101/RJ;Sul;Colisão Traseira;1;;;;1;;;;;;2;;;;
07/06/2013;18:31:00;163;sem vítima;297;BR-101/RJ;Norte;Colisão Lateral;2;;;;;;;;;;3;;;;
09/06/2013;16:18:00;97;sem vítima;297;BR-101/RJ;Sul;Saida de Pista;1;;;;;;;;;;1;;;;
11/06/2013;16:52:00;131;sem vítima;297,6;BR-101/RJ;Sul;Colisão Traseira;;;1;;1;;;;;;2;;;;