data;horario;n_da_ocorrencia;tipo_de_ocorrencia;km;trecho;sentido;tipo_de_acidente;automovel;bicicleta;caminhao;moto;onibus;outros;tracao_animal;transporte_de_cargas_especiais;trator_maquinas;utilitarios;ilesos;levemente_feridos;moderadamente_feridos;gravemente_feridos;mortos
19/06/2013;09:00:00;53;sem vítima;297;BR-101/RJ;Norte;Colisão Lateral;1;;1;;;;;;;;2;;;;
19/06/2013;09:23:00;62;com vítima;297,36;BR-101/RJ;Sul;Engavetamento;4;;;;;;;;;;3;2;;;
28/06/2013;06:46:00;22;sem vítima;297;BR-101/RJ;Sul;Colisão Lateral;;;1;;1;;;;;;2;;;;
28/06/2013;09:21:00;57;sem vítima;297;BR-101/RJ;Norte;Colisão Lateral;1;;1;;;;;;;;3;;;;
04/07/2013;10:03:00;75;sem vítima;297;BR-101/RJ;Sul;Colisão Traseira;1;;1;;;;;;;;4;;;;
05/07/2013;19:10:00;172;sem vítima;297;BR-101/RJ;Sul;Colisão Lateral;1;;1;;;;;;;;2;;;;
30/07/2013;04:34:00;12;sem vítima;297;BR-101/RJ;Sul;Colisão Lateral;1;;1;;;;;;;;4;;;;
30/07/2013;13:19:00;80;com vítima;297;BR-101/RJ;Sul;Colisão Traseira;1;;;1;;;;;;;2;1;;;
02/08/2013;03:39:00;10;sem vítima;297,917;BR-101/RJ;Sul;Choque - Defensa, barreira ou "submarino";1;;;;;;;;;;1;;;;
04/08/2013;11:17:00;77;sem vítima;297;BR-101/RJ;Norte;Colisão Traseira;1;;;;;1;;;;;2;;;;
04/08/2013;13:18:00;101;sem vítima;297,4;BR-101/RJ;Sul;Colisão Traseira;2;;;;;;;;;;7;;;;
05/08/2013;11:29:00;94;sem vítima;297;BR-101/RJ;Sul;Colisão Traseira;;;;;;;;;;2;2;;;;
08/08/2013;20:25:00;172;sem vítima;297;BR-101/RJ;Norte;Colisão Lateral;1;;;;1;;;;;;2;;;;
11/08/2013;18:28:00;135;sem vítima;297;BR-101/RJ;Norte;Colisão Traseira;2;;;;;;;;;;4;;;;
13/08/2013;09:33:00;54;sem vítima;297;BR-101/RJ;Norte;Colisão Lateral;1;;1;;;;;;;;5;;;;
16/08/2013;19:42:00;174;sem vítima;297;BR-101/RJ;Norte;Colisão Lateral;1;;1;;;;;;;;2;;;;
18/08/2013;12:32:00;64;sem vítima;297;BR-101/RJ;Sul;Colisão Lateral;2;;;;;;;;;;2;;;;
21/08/2013;07:32:00;53;sem vítima;297;BR-101/RJ;Sul;Colisão Lateral;1;;;;;;;;;1;2;;;;
23/08/2013;17:31:00;150;sem vítima;297;BR-101/RJ;Norte;Colisão Lateral;;;;;1;1;;;;;2;;;;
24/08/2013;11:59:00;108;sem vítima;297;BR-101/RJ;Norte;Engavetamento;3;;;;;;;;;;3;;;;
26/08/2013;02:10:00;9;sem vítima;297,599;BR-101/RJ;Norte;Choque - Talude;1;;;;;;;;;;1;;;;
28/08/2013;20:23:00;163;sem vítima;297;BR-101/RJ;Norte;Colisão Transversal;1;;;;1;;;;;;3;;;;
01/09/2013;18:46:00;147;sem vítima;297;BR-101/RJ;Norte;Colisão Lateral;1;;;;;;;;;1;2;;;;
02/09/2013;20:43:00;166;sem vítima;297;BR-101/RJ;Norte;Colisão Lateral;1;;;;1;;;;;;3;;;;
02/09/2013;20:07:00;164;com vítima;297,3;BR-101/RJ;Norte;Atropelamento - Ciclista;;1;;;;1;;;;;1;;1;;
03/09/2013;16:15:00;140;sem vítima;297;BR-101/RJ;Norte;Engavetamento;1;;;;;3;;;;;4;;;;
06/09/2013;16:35:00;135;sem vítima;297;BR-101/RJ;Norte;Colisão Lateral;1;;1;;;;;;;;2;;;;
06/09/2013;16:53:00;140;com vítima;297;BR-101/RJ;Norte;Colisão Traseira;2;;;1;;;;;;;6;1;;;
11/09/2013;19:52:00;137;sem vítima;297;BR-101/RJ;Norte;Colisão Lateral;1;;1;;;;;;;;2;;;;
12/09/2013;08:58:00;55;sem vítima;297;BR-101/RJ;Sul;Colisão Lateral;1;;1;;;;;;;;2;;;;
17/09/2013;15:55:00;135;sem vítima;297;BR-101/RJ;Sul;Colisão Lateral;1;;;;1;;;;;;2;;;;
01/10/2013;17:31:00;128;sem vítima;297;BR-101/RJ;Sul;Colisão Lateral;1;;;;1;;;;;;3;;;;
05/10/2013;15:03:00;100;com vítima;297;BR-101/RJ;Sul;Queda de Moto;;;;1;;;;;;;0;;1;;
09/10/2013;13:25:00;107;com vítima;297;BR-101/RJ;Sul;Queda de Moto;;;;1;;;;;;;0;1;;;
09/10/2013;10:14:00;90;sem vítima;297,574;BR-101/RJ;Norte;Colisão Lateral;1;;1;;;;;;;;2;;;;
10/10/2013;11:12:00;78;sem vítima;297;BR-101/RJ;Norte;Colisão Traseira;1;;1;;;;;;;;2;;;;
11/10/2013;05:33:00;19;sem vítima;297;BR-101/RJ;Sul;Colisão Lateral;1;;;;1;;;;;;2;;;;
14/10/2013;09:33:00;64;sem vítima;297,361;BR-101/RJ;Norte;Colisão Lateral;1;;1;;;;;;;;2;;;;
15/10/2013;19:09:00;182;sem vítima;297,785;BR-101/RJ;Norte;Engavetamento;3;;;;;;;;;;8;;;;
16/10/2013;18:52:00;149;sem vítima;297;BR-101/RJ;Sul;Colisão Lateral;1;;1;;;;;;;;4;;;;
19/10/2013;05:02:00;35;sem vítima;297;BR-101/RJ;Sul;Colisão Lateral;1;;;;1;;;;;;2;;;;
21/10/2013;15:08:00;131;com vítima;297;BR-101/RJ;Norte;Queda de Moto;;;;1;;;;;;;0;;1;;
22/10/2013;18:10:00;167;sem vítima;297;BR-101/RJ;Norte;Colisão Traseira;1;;1;;;;;;;;2;;;;
22/10/2013;12:45:00;110;com vítima;297,664;BR-101/RJ;Norte;Queda de Moto;;;;1;;;;;;;0;1;1;;
23/10/2013;07:10:00;29;sem vítima;297,472;BR-101/RJ;Sul;Colisão Lateral;1;;;;1;;;;;;2;;;;
25/10/2013;16:23:00;149;sem vítima;297;BR-101/RJ;Sul;Colisão Lateral;1;;;;1;;;;;;2;;;;
01/11/2013;00:35:00;4;com vítima;297;BR-101/RJ;Norte;Capotamento;1;;;;;;;;;;0;1;;;
05/11/2013;11:05:00;82;sem vítima;297;BR-101/RJ;Norte;Colisão Lateral;1;;;;1;;;;;;2;;;;
05/11/2013;20:30:00;151;sem vítima;297;BR-101/RJ;Norte;Colisão Lateral;1;;;;1;;;;;;2;;;;
06/11/2013;10:33:00;69;sem vítima;297;BR-101/RJ;Norte;Colisão Traseira;2;;;;;;;;;;3;;;;
06/11/2013;16:10:00;126;com vítima;297;BR-101/RJ;Sul;Colisão Lateral;;;1;;;1;;;;;2;1;;;
08/11/2013;12:23:00;120;sem vítima;297;BR-101/RJ;Norte;Colisão Traseira;1;;1;;;;;;;;2;;;;
08/11/2013;15:44:00;146;sem vítima;297;BR-101/RJ;Sul;Colisão Traseira;1;;1;;;;;;;;4;;;;
08/11/2013;23:21:00;220;sem vítima;297,397;BR-101/RJ;Sul;Colisão Lateral;1;;1;;;;;;;;2;;;;
08/11/2013;06:33:00;24;com vítima;297,908;BR-101/RJ;Sul;Choque - Defensa, barreira ou "submarino";;;1;;;;;;;;0;2;1;;
10/11/2013;10:29:00;67;sem vítima;297;BR-101/RJ;Norte;Colisão Traseira;1;;;;1;;;;;;2;;;;
12/11/2013;08:54:00;63;sem vítima;297;BR-101/RJ;Norte;Colisão Traseira;1;;1;;;;;;;;2;;;;
14/11/2013;17:39:00;153;sem vítima;297;BR-101/RJ;Sul;Engavetamento;2;;;;1;;;;;;3;;;;
15/11/2013;18:33:00;180;com vítima;297;BR-101/RJ;Sul;Colisão Traseira;1;;;;1;;;;;;4;1;;;
15/11/2013;19:07:00;186;sem vítima;297;BR-101/RJ;Norte;Queda de Moto;1;;;1;;;;;;;4;;;;
18/11/2013;07:23:00;58;sem vítima;297;BR-101/RJ;Sul;Colisão Traseira;;;1;;1;;;;;;2;;;;
20/11/2013;13:34:00;77;sem vítima;297,913;BR-101/RJ;Sul;Choque - Defensa, barreira ou "submarino";1;;;;;1;;;;;2;;;;
21/11/2013;16:15:00;153;com vítima;297;BR-101/RJ;Sul;Colisão Lateral;;;;1;1;;;;;;1;1;;;
22/11/2013;12:29:00;105;sem vítima;297;BR-101/RJ;Norte;Colisão Lateral;1;;1;;;;;;;;3;;;;
26/11/2013;15:25:00;128;com vítima;297;BR-101/RJ;Sul;Choque - Defensa, barreira ou "submarino";1;;1;;;;;;;;1;;4;;
26/11/2013;20:35:00;187;sem vítima;297;BR-101/RJ;Norte;Colisão Traseira;1;;1;;;;;;;;4;;;;
27/11/2013;17:58:00;183;sem vítima;297;BR-101/RJ;Sul;Colisão Lateral;1;;1;;;;;;;;2;;;;
28/11/2013;12:48:00;115;sem vítima;297;BR-101/RJ;Sul;Engavetamento;2;;1;;;;;;;;4;;;;
02/12/2013;11:10:00;117;sem vítima;297;BR-101/RJ;Sul;Colisão Lateral;1;;1;;;;;;;;3;;;;
02/12/2013;12:43:00;129;sem vítima;297;BR-101/RJ;Norte;Colisão Lateral;1;;1;;;;;;;;2;;;;
02/12/2013;10:32:00;108;sem vítima;297,5;BR-101/RJ;Norte;Colisão Traseira;1;;;1;;;;;;;3;;;;
04/12/2013;15:39:00;132;sem vítima;297;BR-101/RJ;Norte;Colisão Lateral;;;1;;;1;;;;;2;;;;
06/12/2013;18:34:00;168;sem vítima;297;BR-101/RJ;Norte;Colisão Traseira;;;;;2;;;;;;6;;;;
07/12/2013;07:42:00;51;sem vítima;297;BR-101/RJ;Sul;Choque - Defensa, barreira ou "submarino";1;;;;;;;;;;1;;;;
10/12/2013;18:17:00;192;sem vítima;297;BR-101/RJ;Norte;Colisão Lateral;1;;1;;;;;;;;2;;;;
12/12/2013;08:01:00;44;com vítima;297;BR-101/RJ;Sul;Atropelamento - Morador;;;;;;;;;;1;1;;1;;
12/12/2013;02:08:00;12;com vítima;297,526;BR-101/RJ;Norte;Colisão Traseira;2;;;;;;;;;;0;7;;;
13/12/2013;21:12:00;188;com vítima;297;BR-101/RJ;Norte;Queda de Moto;;;;1;;;;;;;0;1;;;
18/12/2013;09:34:00;69;sem vítima;297;BR-101/RJ;Sul;Colisão Traseira;2;;;;;;;;;;6;;;;
18/12/2013;11:09:00;96;sem vítima;297;BR-101/RJ;Sul;Colisão Traseira;1;;;1;;;;;;;2;;;;
18/12/2013;12:20:00;108;sem vítima;297;BR-101/RJ;Sul;Colisão Traseira;1;;1;;;;;;;;2;;;;
18/12/2013;05:05:00;23;com vítima;297,5;BR-101/RJ;Norte;Atropelamento - Sem Informação;;;;;;1;;;;;1;;;;1
18/12/2013;09:02:00;62;sem vítima;297,5;BR-101/RJ;Norte;Colisão Traseira;2;;;;;;;;;;3;;;;
19/12/2013;10:11:00;67;sem vítima;297;BR-101/RJ;Sul;Colisão Traseira;1;;;;;;;;;1;3;;;;
20/12/2013;15:04:00;121;sem vítima;297;BR-101/RJ;Sul;Colisão Lateral;1;;1;;;;;;;;2;;;;
21/12/2013;18:09:00;163;sem vítima;297,814;BR-101/RJ;Norte;Colisão Lateral;1;;1;;;;;;;;6;;;;
29/12/2013;15:35:00;134;sem vítima;297;BR-101/RJ;Sul;Tombamento;;;1;;;;;;;;3;;;;
29/12/2013;18:57:00;172;sem vítima;297;BR-101/RJ;Sul;Colisão Lateral;1;;1;;;;;;;;2;;;;
29/12/2013;21:52:00;205;sem vítima;297;BR-101/RJ;Sul;Colisão Traseira;2;;;;;;;;;;3;;;;
29/12/2013;21:08:00;199;sem vítima;297,5;BR-101/RJ;Sul;Colisão Lateral;1;;1;;;;;;;;2;;;;
30/12/2013;19:34:00;186;sem vítima;297;BR-101/RJ;Sul;Colisão Lateral;1;;;;1;;;;;;2;;;;
01/01/2014;11:05:00;74;sem vítima;297,752;BR-101/RJ;Sul;Choque - Defensa, barreira ou "submarino";1;;;;;;;;;;2;;;;
04/01/2014;22:49:00;229;com vítima;297,388;BR-101/RJ;Norte;Colisão Traseira;;;;1;;1;;;;;2;2;;;
06/01/2014;18:57:00;154;sem vítima;297;BR-101/RJ;Sul;Choque - Defensa, barreira ou "submarino";1;;;;;;;;;;1;;;;
08/01/2014;14:48:00;129;sem vítima;297;BR-101/RJ;Norte;Colisão Lateral;1;;1;;;;;;;;3;;;;
10/01/2014;07:03:00;29;sem vítima;297;BR-101/RJ;Norte;Colisão Lateral;;;;;1;1;;;;;2;;;;
10/01/2014;10:45:00;91;sem vítima;297;BR-101/RJ;Norte;Colisão Traseira;1;;1;;;;;;;;4;;;;
11/01/2014;11:57:00;100;sem vítima;297;BR-101/RJ;Norte;Colisão Lateral;1;;;;;1;;;;;2;;;;
11/01/2014;11:47:00;97;sem vítima;297,7;BR-101/RJ;Norte;Colisão Traseira;1;;2;;;;;;;;4;;;;
17/01/2014;14:04:00;104;sem vítima;297;BR-101/RJ;Norte;Colisão Lateral;1;;1;;;;;;;;2;;;;
17/01/2014;21:55:00;173;sem vítima;297,262;BR-101/RJ;Sul;Colisão Traseira;2;;;;;;;;;;4;;;;
18/01/2014;07:14:00;63;sem vítima;297;BR-101/RJ;Norte;Colisão Lateral;1;;;;1;;;;;;2;;;;
24/01/2014;15:51:00;107;sem vítima;297,15;BR-101/RJ;Sul;Colisão Traseira;2;;;;;;;;;;2;;;;
29/01/2014;13:32:00;133;sem vítima;297;BR-101/RJ;Sul;Engavetamento;3;;;;;;;;;;5;;;;
29/01/2014;18:50:00;199;sem vítima;297;BR-101/RJ;Norte;Colisão Lateral;1;;1;;1;;;;;;3;;;;
02/02/2014;19:51:00;187;com vítima;297,665;BR-101/RJ;Norte;Colisão Traseira;1;;1;;;;;;;;1;1;;;
04/02/2014;10:41:00;86;sem vítima;297;BR-101/RJ;Sul;Engavetamento;2;;;;1;;;;;;3;;;;
04/02/2014;16:33:00;153;com vítima;297,521;BR-101/RJ;Norte;Colisão Lateral;;;;1;1;;;;;;1;1;;;
07/02/2014;20:25:00;206;sem vítima;297;BR-101/RJ;Norte;Colisão Lateral;1;;1;;;;;;;;3;;;;
07/02/2014;20:50:00;210;sem vítima;297;BR-101/RJ;Norte;Colisão Lateral;1;;1;;;;;;;;2;;;;
09/02/2014;22:04:00;191;sem vítima;297;BR-101/RJ;Norte;Colisão Lateral;2;;;;;;;;;;4;;;;
10/02/2014;18:15:00;165;sem vítima;297;BR-101/RJ;Norte;Colisão Lateral;1;;1;;;;;;;;2;;;;
12/02/2014;06:28:00;33;sem vítima;297;BR-101/RJ;Sul;Colisão Lateral;;;1;1;;;;;;;2;;;;
15/02/2014;12:05:00;105;sem vítima;297;BR-101/RJ;Norte;Colisão Lateral;1;;1;;;;;;;;3;;;;
15/02/2014;12:44:00;112;sem vítima;297;BR-101/RJ;Norte;Colisão Lateral;1;;1;;;;;;;;5;;;;
16/02/2014;22:48:00;184;sem vítima;297;BR-101/RJ;Sul;Outros - Sequência;3;;1;;;;;;;;10;;;;
21/02/2014;10:38:00;90;sem vítima;297;BR-101/RJ;Sul;Colisão Traseira;1;;;;1;;;;;;2;;;;
24/02/2014;17:47:00;158;com vítima;297;BR-101/RJ;Sul;Colisão Lateral;1;;;1;;;;;;;1;;;1;
26/02/2014;13:32:00;125;sem vítima;297;BR-101/RJ;Norte;Colisão Lateral;1;;1;;;;;;;;2;;;;
27/02/2014;09:26:00;75;sem vítima;297,791;BR-101/RJ;Norte;Colisão Traseira;1;;1;;;;;;;;2;;;;
28/02/2014;17:52:00;191;sem vítima;297;BR-101/RJ;Norte;Colisão Traseira;2;;;;;;;;;;2;;;;
28/02/2014;23:20:00;266;sem vítima;297;BR-101/RJ;Norte;Colisão Lateral;1;;1;;;;;;;;2;;;;
01/03/2014;13:28:00;225;com vítima;297;BR-101/RJ;Norte;Atropelamento - Morador;;;;;;1;;;;;1;1;;;
02/03/2014;12:03:00;109;sem vítima;297;BR-101/RJ;Norte;Colisão Traseira;1;;1;;;;;;;;2;;;;
03/03/2014;23:50:00;182;sem vítima;297;BR-101/RJ;Sul;Colisão Traseira;;;;2;;;;;;;2;;;;
08/03/2014;13:42:00;96;sem vítima;297,438;BR-101/RJ;Norte;Engavetamento;4;;;;;;;;;;4;;;;
08/03/2014;07:46:00;30;com vítima;297,579;BR-101/RJ;Sul;Queda de Moto;;;;1;;;;;;;1;1;;;
09/03/2014;04:52:00;29;sem vítima;297;BR-101/RJ;Norte;Choque - Arvore;1;;;;;;;;;;1;;;;
09/03/2014;13:13:00;102;sem vítima;297,155;BR-101/RJ;Sul;Colisão Traseira;1;;;;;1;;;;;2;;;;
11/03/2014;19:58:00;154;com vítima;297,9;BR-101/RJ;Norte;Atropelamento - Morador;1;;;;;;;;;;2;;1;;
13/03/2014;15:03:00;161;sem vítima;297;BR-101/RJ;Norte;Colisão Lateral;2;;;;;;;;;;3;;;;
15/03/2014;02:20:00;12;sem vítima;297;BR-101/RJ;Norte;Choque - Defensa, barreira ou "submarino";1;;;;;;;;;;1;;;;
18/03/2014;12:41:00;92;sem vítima;297;BR-101/RJ;Sul;Colisão Lateral;1;;1;;;;;;;;2;;;;
20/03/2014;10:30:00;85;sem vítima;297;BR-101/RJ;Sul;Choque - Poste;;;1;;;;;;;;2;;;;
21/03/2014;19:49:00;192;sem vítima;297;BR-101/RJ;Norte;Colisão Lateral;1;;1;;;;;;;;2;;;;
23/03/2014;00:35:00;3;sem vítima;297;BR-101/RJ;Sul;Colisão Lateral;1;;1;;;;;;;;3;;;;
24/03/2014;09:31:00;59;sem vítima;297;BR-101/RJ;Sul;Colisão Traseira;1;;;;1;;;;;;2;;;;
26/03/2014;10:37:00;76;sem vítima;297;BR-101/RJ;Sul;Engavetamento;3;;;;;;;;;;6;;;;
04/04/2014;17:41:00;144;sem vítima;297;BR-101/RJ;Norte;Colisão Lateral;1;;1;;;;;;;;4;;;;
05/04/2014;03:40:00;11;com vítima;297,922;BR-101/RJ;Norte;Saida de Pista;1;;;;;;;;;;0;1;;;
08/04/2014;12:41:00;98;sem vítima;297;BR-101/RJ;Sul;Engavetamento;2;;;;;;;;;1;3;;;;
10/04/2014;07:40:00;42;sem vítima;297;BR-101/RJ;Norte;Colisão Traseira;2;;;;;;;;;;2;;;;
11/04/2014;18:17:00;164;sem vítima;297;BR-101/RJ;Norte;Colisão Lateral;1;;1;;;;;;;;2;;;;
11/04/2014;18:19:00;165;sem vítima;297;BR-101/RJ;Norte;Colisão Lateral;1;;1;;;;;;;;2;;;;
14/04/2014;14:31:00;112;sem vítima;297;BR-101/RJ;Norte;Colisão Traseira;1;;1;;;;;;;;2;;;;
14/04/2014;19:50:00;168;sem vítima;297;BR-101/RJ;Norte;Colisão Lateral;1;;1;;;;;;;;2;;;;
16/04/2014;09:48:00;53;sem vítima;297;BR-101/RJ;Sul;Choque - Defensa, barreira ou "submarino";1;;;;;;;;;;1;;;;
25/04/2014;12:48:00;77;sem vítima;297;BR-101/RJ;Sul;Colisão Traseira;;;;;1;1;;;;;2;;;;
25/04/2014;18:01:00;117;sem vítima;297;BR-101/RJ;Norte;Colisão Lateral;1;;1;;;;;;;;2;;;;
27/04/2014;16:33:00;93;sem vítima;297,398;BR-101/RJ;Norte;Colisão Traseira;1;;1;;;;;;;;6;;;;
29/04/2014;15:48:00;122;sem vítima;297;BR-101/RJ;Sul;Colisão Traseira;1;;;;;;;;;1;4;;;;
01/05/2014;07:51:00;34;sem vítima;297;BR-101/RJ;Sul;Colisão Traseira;1;;;;1;;;;;;2;;;;
01/05/2014;20:24:00;133;sem vítima;297;BR-101/RJ;Sul;Colisão Traseira;2;;;;;;;;;;2;;;;
02/05/2014;12:31:00;72;sem vítima;297;BR-101/RJ;Sul;Colisão Lateral;1;;;;1;;;;;;2;;;;
02/05/2014;20:14:00;140;sem vítima;297;BR-101/RJ;Norte;Colisão Traseira;2;;;;;;;;;;5;;;;
05/05/2014;01:44:00;7;sem vítima;297,639;BR-101/RJ;Norte;Colisão Traseira;2;;;;;;;;;;3;;;;
06/05/2014;17:25:00;138;com vítima;297;BR-101/RJ;Norte;Queda de Moto;;;;1;;;;;;;0;;1;;
09/05/2014;18:13:00;157;sem vítima;297;BR-101/RJ;Norte;Colisão Traseira;1;;;;;1;;;;;3;;;;
10/05/2014;23:25:00;181;sem vítima;297,898;BR-101/RJ;Sul;Saida de Pista;1;;;;;;;;;;1;;;;
11/05/2014;10:13:00;57;com vítima;297,553;BR-101/RJ;Sul;Engavetamento;2;;;;1;;;;;;2;1;;;
11/05/2014;05:50:00;31;com vítima;297,687;BR-101/RJ;Sul;Capotamento;1;;;;;;;;;;0;;;1;
12/05/2014;18:51:00;170;sem vítima;297;BR-101/RJ;Norte;Colisão Traseira;2;;;;;;;;;;2;;;;
12/05/2014;19:02:00;171;sem vítima;297,825;BR-101/RJ;Sul;Colisão Lateral;1;;1;;;;;;;;2;;;;
13/05/2014;07:51:00;38;com vítima;297;BR-101/RJ;Sul;Colisão Traseira;;;;2;;;;;;;0;2;;;
15/05/2014;11:41:00;99;sem vítima;297;BR-101/RJ;Norte;Colisão Lateral;1;;1;;;;;;;;2;;;;
15/05/2014;15:18:00;134;sem vítima;297;BR-101/RJ;Norte;Colisão Lateral;;;;2;;;;;;;2;;;;
16/05/2014;17:34:00;145;sem vítima;297;BR-101/RJ;Sul;Colisão Traseira;2;;;;;;;;;;2;;;;
18/05/2014;21:58:00;162;sem vítima;297;BR-101/RJ;Norte;Choque - Defensa, barreira ou "submarino";1;;;;;;;;;;3;;;;
20/05/2014;08:41:00;48;sem vítima;297;BR-101/RJ;Norte;Colisão Traseira;1;;;;;1;;;;1;4;;;;
23/05/2014;17:39:00;152;sem vítima;297;BR-101/RJ;Norte;Colisão Traseira;1;;;;;1;;;;;2;;;;
23/05/2014;18:35:00;163;sem vítima;297;BR-101/RJ;Sul;Engavetamento;1;;;;1;;;;;2;6;;;;
24/05/2014;22:24:00;158;sem vítima;297;BR-101/RJ;Norte;Colisão Traseira;2;;1;;;;;;;;3;;;;
25/05/2014;08:20:00;52;sem vítima;297,327;BR-101/RJ;Norte;Colisão Lateral;1;;1;;;;;;;;2;;;;
28/05/2014;22:07:00;170;com vítima;297;BR-101/RJ;Sul;Choque - Suporte de Sinalização;1;;;;;;;;;;1;3;;;
30/05/2014;16:19:00;127;sem vítima;297;BR-101/RJ;Norte;Colisão Traseira;2;;;;;;;;;;3;;;;
04/06/2014;13:55:00;113;com vítima;297;BR-101/RJ;Sul;Colisão Traseira;1;;;1;;;;;;;2;;1;;
04/06/2014;18:44:00;154;sem vítima;297;BR-101/RJ;Norte;Colisão Lateral;1;;1;;;;;;;;2;;;;
05/06/2014;08:45:00;65;sem vítima;297;BR-101/RJ;Norte;Colisão Lateral;1;;1;;;;;;;;2;;;;
05/06/2014;15:26:00;129;sem vítima;297;BR-101/RJ;Norte;Colisão Lateral;;;1;;1;;;;;;2;;;;
07/06/2014;12:58:00;74;sem vítima;297,77;BR-101/RJ;Sul;Colisão Lateral;1;;1;;;;;;;;4;;;;
07/06/2014;13:23:00;77;sem vítima;297,9;BR-101/RJ;Norte;Colisão Lateral;1;;1;;;;;;;;2;;;;
09/06/2014;19:06:00;167;com vítima;297,324;BR-101/RJ;Sul;Atropelamento - Ciclista;;1;;;1;;;;;;1;1;;;
10/06/2014;23:38:00;188;sem vítima;297;BR-101/RJ;Sul;Choque - Defensa, barreira ou "submarino";1;;;;;;;;;;1;;;;
11/06/2014;12:19:00;89;sem vítima;297;BR-101/RJ;Norte;Colisão Traseira;;;;;1;1;;;;;2;;;;
13/06/2014;15:45:00;129;sem vítima;297;BR-101/RJ;Norte;Colisão Lateral;1;;1;;;;;;;;2;;;;
24/06/2014;18:29:00;147;sem vítima;297;BR-101/RJ;Norte;Colisão Lateral;1;;1;;;;;;;;2;;;;
27/06/2014;10:16:00;69;sem vítima;297;BR-101/RJ;Norte;Colisão Lateral;1;;1;;;;;;;;2;;;;
27/06/2014;10:53:00;76;com vítima;297;BR-101/RJ;Norte;Colisão Transversal;;;;1;1;;;;;;2;1;;;
28/06/2014;20:39:00;138;sem vítima;297;BR-101/RJ;Sul;Engavetamento;2;;;;;;;;;1;6;;;;
03/07/2014;12:37:00;95;sem vítima;297,431;BR-101/RJ;Sul;Engavetamento;3;;;;;1;;;;;6;;;;
04/07/2014;11:38:00;73;com vítima;297;BR-101/RJ;Sul;Colisão Traseira;1;;;;;;;;;1;3;3;;;
04/07/2014;15:03:00;106;sem vítima;297;BR-101/RJ;Sul;Colisão Transversal;1;;1;;;;;;;;2;;;;
06/07/2014;22:01:00;156;com vítima;297;BR-101/RJ;Sul;Colisão Traseira;2;;;;;;;;;;6;;1;;
09/07/2014;16:44:00;137;sem vítima;297;BR-101/RJ;Sul;Colisão Lateral;1;;1;;;;;;;;3;;;;
10/07/2014;19:22:00;142;sem vítima;297;BR-101/RJ;Sul;Colisão Lateral;;;;;2;;;;;;2;;;;
11/07/2014;15:58:00;127;com vítima;297;BR-101/RJ;Norte;Colisão Traseira;1;;;1;;;;;;;1;1;;;
11/07/2014;16:41:00;137;sem vítima;297;BR-101/RJ;Norte;Colisão Traseira;1;;1;;;;;;;;2;;;;
11/07/2014;18:01:00;151;com vítima;297;BR-101/RJ;Norte;Colisão Traseira;1;;;1;;;;;;;2;;1;;
13/07/2014;17:49:00;102;sem vítima;297;BR-101/RJ;Sul;Choque - Defensa, barreira ou "submarino";1;;;;;;;;;;2;;;;
14/07/2014;22:40:00;166;sem vítima;297;BR-101/RJ;Sul;Colisão Traseira;;;2;;;;;;;;2;;;;
17/07/2014;17:48:00;129;sem vítima;297;BR-101/RJ;Norte;Colisão Lateral;1;;1;;;;;;;;2;;;;
19/07/2014;12:22:00;70;sem vítima;297;BR-101/RJ;Norte;Colisão Lateral;1;;1;;;;;;;;2;;;;
19/07/2014;19:36:00;130;sem vítima;297;BR-101/RJ;Sul;Choque - Defensa, barreira ou "submarino";1;;;;;;;;;;2;;;;
21/07/2014;11:10:00;75;sem vítima;297;BR-101/RJ;Sul;Engavetamento;3;;;;;;;;;;4;;;;
21/07/2014;19:53:00;151;sem vítima;297,595;BR-101/RJ;Sul;Colisão Traseira;1;;;;;;;;;1;7;;;;
23/07/2014;11:13:00;65;sem vítima;297;BR-101/RJ;Sul;Colisão Traseira;1;;1;;;;;;;;3;;;;
25/07/2014;13:20:00;105;sem vítima;297;BR-101/RJ;Sul;Colisão Lateral;1;;1;;;;;;;;2;;;;
25/07/2014;18:51:00;162;sem vítima;297;BR-101/RJ;Sul;Colisão Lateral;1;;1;;;;;;;;2;;;;
25/07/2014;20:44:00;182;sem vítima;297;BR-101/RJ;Sul;Colisão Lateral;1;;1;;;;;;;;3;;;;
25/07/2014;20:44:00;183;sem vítima;297;BR-101/RJ;Norte;Colisão Lateral;1;;1;;;;;;;;3;;;;
25/07/2014;01:26:00;8;com vítima;297,9;BR-101/RJ;Sul;Choque - Defensa, barreira ou "submarino";1;;;;;;;;;;1;1;;;
26/07/2014;10:45:00;48;sem vítima;297;BR-101/RJ;Norte;Colisão Lateral;1;;1;;;;;;;;3;;;;
29/07/2014;09:27:00;60;sem vítima;297;BR-101/RJ;Norte;Colisão Traseira;1;;;;;;;;;1;2;;;;
01/08/2014;15:38:00;111;sem vítima;297;BR-101/RJ;Norte;Colisão Traseira;;;;;;;;;;2;2;;;;
01/08/2014;16:00:00;118;sem vítima;297;BR-101/RJ;Sul;Colisão Traseira;1;;;;;1;;;;;3;;;;
02/08/2014;07:20:00;25;sem vítima;297;BR-101/RJ;Sul;Choque - Defensa, barreira ou "submarino";1;;;;;;;;;;2;;;;
02/08/2014;20:55:00;152;sem vítima;297,357;BR-101/RJ;Norte;Colisão Lateral;1;;1;;;;;;;;2;;;;
03/08/2014;12:29:00;62;sem vítima;297;BR-101/RJ;Sul;Choque - Defensa, barreira ou "submarino";1;;;;;;;;;;3;;;;
06/08/2014;18:18:00;131;sem vítima;297;BR-101/RJ;Norte;Colisão Lateral;1;;1;;;;;;;;3;;;;