data;horario;n_da_ocorrencia;tipo_de_ocorrencia;km;trecho;sentido;tipo_de_acidente;automovel;bicicleta;caminhao;moto;onibus;outros;tracao_animal;transporte_de_cargas_especiais;trator_maquinas;utilitarios;ilesos;levemente_feridos;moderadamente_feridos;gravemente_feridos;mortos
08/08/2014;17:40:00;162;sem vítima;297;BR-101/RJ;Norte;Colisão Lateral;1;;1;;;;;;;;2;;;;
08/08/2014;16:37:00;145;sem vítima;297,5;BR-101/RJ;Norte;Colisão Transversal;1;;1;;;;;;;;2;;;;
09/08/2014;13:09:00;93;sem vítima;297;BR-101/RJ;Sul;Colisão Lateral;1;;1;;;;;;;;2;;;;
11/08/2014;09:25:00;61;sem vítima;297;BR-101/RJ;Sul;Colisão Traseira;1;;;;1;;;;;;2;;;;
13/08/2014;19:20:00;146;com vítima;297,813;BR-101/RJ;Sul;Colisão Traseira;2;;1;;;;;;;;5;1;;;
16/08/2014;14:08:00;70;sem vítima;297;BR-101/RJ;Norte;Colisão Lateral;1;;1;;;;;;;;2;;;;
16/08/2014;20:22:00;118;com vítima;297,312;BR-101/RJ;Sul;Colisão Lateral;2;;;;;;;;;2;2;2;1;;
16/08/2014;02:45:00;11;com vítima;297,63;BR-101/RJ;Sul;Capotamento;1;;;;;;;;;;0;;;1;
18/08/2014;07:30:00;45;sem vítima;297;BR-101/RJ;Norte;Colisão Traseira;3;;;;;;;;;;6;;;;
18/08/2014;07:49:00;52;sem vítima;297;BR-101/RJ;Norte;Colisão Traseira;3;;;;;;;;;;4;;;;
20/08/2014;11:44:00;71;sem vítima;297;BR-101/RJ;Norte;Colisão Lateral;1;;1;;;;;;;;4;;;;
22/08/2014;07:41:00;40;com vítima;297;BR-101/RJ;Sul;Atropelamento - Morador;;;;;;1;;;;;1;;1;;
23/08/2014;15:13:00;123;com vítima;297;BR-101/RJ;Sul;Colisão Traseira;;;1;;1;;;;;;4;1;;;
23/08/2014;18:54:00;156;sem vítima;297;BR-101/RJ;Sul;Colisão Lateral;1;;1;;;;;;;;2;;;;
25/08/2014;15:00:00;106;sem vítima;297;BR-101/RJ;Norte;Colisão Lateral;;;;;1;;;;;1;2;;;;
28/08/2014;16:52:00;99;sem vítima;297,454;BR-101/RJ;Sul;Colisão Lateral;;;1;;1;;;;;;2;;;;
30/08/2014;10:34:00;50;sem vítima;297;BR-101/RJ;Sul;Choque - Defensa, barreira ou "submarino";;;1;;;;;;;;3;;;;
31/08/2014;15:49:00;90;com vítima;297,93;BR-101/RJ;Sul;Colisão Lateral;2;;;;;;;;;;6;1;;;
01/09/2014;02:36:00;9;sem vítima;297;BR-101/RJ;Norte;Choque - Defensa, barreira ou "submarino";1;;;;;;;;;;2;;;;
03/09/2014;03:28:00;15;sem vítima;297;BR-101/RJ;Sul;Choque - Defensa, barreira ou "submarino";;;;;;;;;;1;1;;;;
04/09/2014;10:16:00;53;sem vítima;297,844;BR-101/RJ;Norte;Choque - Defensa, barreira ou "submarino";1;;;;;;;;;;4;;;;
06/09/2014;10:13:00;58;sem vítima;297;BR-101/RJ;Norte;Colisão Lateral;1;;1;;;;;;;;2;;;;
06/09/2014;11:01:00;64;sem vítima;297;BR-101/RJ;Norte;Colisão Lateral;1;;1;;;;;;;;2;;;;
06/09/2014;11:43:00;76;com vítima;297;BR-101/RJ;Norte;Colisão Traseira;2;;;;;;;;;;2;1;;;
08/09/2014;17:15:00;146;sem vítima;297;BR-101/RJ;Sul;Colisão Traseira;2;;;;;;;;;;2;;;;
10/09/2014;16:08:00;118;sem vítima;297,7;BR-101/RJ;Norte;Choque - Poste;1;;;;;;;;;;1;;;;
10/09/2014;18:20:00;148;sem vítima;297,75;BR-101/RJ;Sul;Colisão Lateral;1;;1;;;;;;;;2;;;;
13/09/2014;13:52:00;103;sem vítima;297;BR-101/RJ;Norte;Colisão Lateral;1;;1;;;;;;;;2;;;;
13/09/2014;13:52:00;104;sem vítima;297;BR-101/RJ;Norte;Colisão Lateral;1;;1;;;;;;;;2;;;;
19/09/2014;16:03:00;134;sem vítima;297,7;BR-101/RJ;Norte;Colisão Lateral;1;;1;;;;;;;;2;;;;
20/09/2014;12:05:00;90;sem vítima;297;BR-101/RJ;Sul;Colisão Lateral;1;;1;;;;;;;;7;;;;
21/09/2014;04:22:00;15;com vítima;297;BR-101/RJ;Norte;Choque - Suporte de Sinalização;1;;;;;;;;;;1;;2;;
27/09/2014;06:12:00;27;sem vítima;297;BR-101/RJ;Sul;Saida de Pista;1;;;;;;;;;;1;;;;
28/09/2014;20:47:00;138;sem vítima;297,917;BR-101/RJ;Sul;Choque - Defensa, barreira ou "submarino";1;;;;;;;;;;1;;;;
30/09/2014;07:29:00;39;sem vítima;297;BR-101/RJ;Norte;Choque - Defensa, barreira ou "submarino";1;;;;;;;;;;2;;;;
02/10/2014;18:46:00;125;sem vítima;297,853;BR-101/RJ;Sul;Colisão Lateral;1;;1;;;;;;;;2;;;;
05/10/2014;07:10:00;25;sem vítima;297;BR-101/RJ;Norte;Choque - Defensa, barreira ou "submarino";1;;;;;;;;;;2;;;;
05/10/2014;20:08:00;128;sem vítima;297,365;BR-101/RJ;Sul;Colisão Lateral;;;1;;1;;;;;;2;;;;
10/10/2014;10:15:00;81;sem vítima;297;BR-101/RJ;Norte;Colisão Traseira;2;;;;;;;;;;2;;;;
10/10/2014;12:23:00;106;sem vítima;297;BR-101/RJ;Norte;Colisão Lateral;1;;1;;;;;;;;6;;;;
10/10/2014;12:46:00;113;sem vítima;297;BR-101/RJ;Norte;Engavetamento;;;;;;2;;;;1;3;;;;
10/10/2014;12:47:00;114;sem vítima;297;BR-101/RJ;Sul;Colisão Traseira;2;;;;;;;;;;2;;;;
10/10/2014;12:53:00;116;sem vítima;297;BR-101/RJ;Sul;Colisão Traseira;2;;;;;;;;;;2;;;;
10/10/2014;15:00:00;158;sem vítima;297;BR-101/RJ;Norte;Colisão Traseira;2;;;;;;;;;;4;;;;
11/10/2014;05:45:00;26;sem vítima;297;BR-101/RJ;Sul;Choque - Defensa, barreira ou "submarino";1;;;;;1;;;;;4;;;;
11/10/2014;11:39:00;90;sem vítima;297;BR-101/RJ;Sul;Engavetamento;3;;;;;;;;;;4;;;;
11/10/2014;11:41:00;91;sem vítima;297;BR-101/RJ;Sul;Engavetamento;3;;;;;;;;;;3;;;;
11/10/2014;15:21:00;141;sem vítima;297;BR-101/RJ;Sul;Colisão Traseira;1;;;;;1;;;;;2;;;;
11/10/2014;17:11:00;162;com vítima;297;BR-101/RJ;Norte;Atropelamento - Morador;1;;;;;;;;;;1;;1;;
13/10/2014;00:48:00;6;com vítima;297;BR-101/RJ;Sul;Choque - Poste;1;;;;;;;;;;0;;1;;
16/10/2014;15:12:00;114;sem vítima;297;BR-101/RJ;Sul;Colisão Traseira;1;;1;;;;;;;;2;;;;
18/10/2014;13:14:00;103;sem vítima;297;BR-101/RJ;Sul;Colisão Lateral;2;;;;;;;;;;2;;;;
21/10/2014;18:21:00;143;sem vítima;297;BR-101/RJ;Norte;Colisão Lateral;1;;1;;;;;;;;2;;;;
22/10/2014;16:38:00;108;sem vítima;297,87;BR-101/RJ;Norte;Choque - Defensa, barreira ou "submarino";;;1;;;;;;;;1;;;;
24/10/2014;05:50:00;14;sem vítima;297,808;BR-101/RJ;Sul;Colisão Lateral;1;;;;1;;;;;;2;;;;
25/10/2014;23:42:00;157;sem vítima;297;BR-101/RJ;Sul;Colisão Traseira;1;;;1;;;;;;;2;;;;
30/10/2014;18:31:00;164;sem vítima;297;BR-101/RJ;Norte;Engavetamento;;;2;;1;;;;;;5;;;;
01/11/2014;15:02:00;131;com vítima;297;BR-101/RJ;Norte;Colisão Lateral;1;;;1;;;;;;;2;1;;;
01/11/2014;13:29:00;116;sem vítima;297,7;BR-101/RJ;Sul;Engavetamento;1;;2;;;;;;;;6;;;;
05/11/2014;20:41:00;162;com vítima;297,361;BR-101/RJ;Sul;Atropelamento - Morador;;;;;;1;;;;;1;;;1;
06/11/2014;17:49:00;141;sem vítima;297,878;BR-101/RJ;Sul;Colisão Lateral;2;;;;;;;;;;2;;;;
07/11/2014;11:11:00;82;sem vítima;297;BR-101/RJ;Sul;Colisão Traseira;2;;;;;;;;;;3;;;;
09/11/2014;21:02:00;142;com vítima;297,916;BR-101/RJ;Sul;Queda de Moto;;;;1;;;;;;;0;;;1;
10/11/2014;08:46:00;60;sem vítima;297;BR-101/RJ;Norte;Colisão Traseira;1;;;;1;;;;;;2;;;;
10/11/2014;14:00:00;109;sem vítima;297;BR-101/RJ;Norte;Colisão Traseira;;;;;2;;;;;;2;;;;
15/11/2014;19:17:00;147;com vítima;297,554;BR-101/RJ;Norte;Colisão Traseira;1;;;1;;;;;;;2;2;;;
16/11/2014;03:32:00;22;com vítima;297,799;BR-101/RJ;Norte;Atropelamento - Morador;;;;;1;;;;;;43;;;2;
17/11/2014;01:57:00;11;com vítima;297;BR-101/RJ;Sul;Capotamento;1;;;;;;;;;;0;;1;;
19/11/2014;23:43:00;171;sem vítima;297,898;BR-101/RJ;Sul;Choque - Defensa, barreira ou "submarino";1;;;;;;;;;;1;;;;
20/11/2014;09:15:00;53;sem vítima;297;BR-101/RJ;Sul;Colisão Lateral;1;;1;;;;;;;;3;;;;
21/11/2014;12:37:00;84;sem vítima;297;BR-101/RJ;Norte;Colisão Traseira;2;;;;;;;;;;2;;;;
26/11/2014;17:11:00;145;sem vítima;297;BR-101/RJ;Sul;Saida de Pista;1;;;;;;;;;;1;;;;
28/11/2014;07:41:00;38;sem vítima;297;BR-101/RJ;Norte;Colisão Lateral;1;;1;;;;;;;;2;;;;
28/11/2014;15:42:00;109;sem vítima;297;BR-101/RJ;Norte;Engavetamento;2;;;;;;;;;1;3;;;;
01/12/2014;14:26:00;122;com vítima;297,913;BR-101/RJ;Norte;Tombamento;;;1;;;;;;;;0;2;;;
06/12/2014;15:50:00;118;sem vítima;297;BR-101/RJ;Norte;Colisão Traseira;2;;;;;;;;;;1;;;;
06/12/2014;19:50:00;159;com vítima;297,444;BR-101/RJ;Norte;Queda de Moto;;;;1;;;;;;;0;;1;;
08/12/2014;19:38:00;178;sem vítima;297,601;BR-101/RJ;Norte;Colisão Lateral;1;;1;;;;;;;;2;;;;
09/12/2014;10:25:00;75;sem vítima;297;BR-101/RJ;Norte;Colisão Lateral;1;;1;;;;;;;;4;;;;
10/12/2014;09:14:00;67;sem vítima;297;BR-101/RJ;Sul;Colisão Lateral;1;;1;;;;;;;;2;;;;
10/12/2014;16:23:00;130;sem vítima;297;BR-101/RJ;Norte;Outros - Sequência;1;;2;;;;;;;;3;;;;
11/12/2014;19:14:00;167;sem vítima;297;BR-101/RJ;Norte;Colisão Traseira;1;;;;;1;;;;;3;;;;
12/12/2014;10:15:00;58;sem vítima;297;BR-101/RJ;Norte;Engavetamento;4;;;;;;;;;;4;;;;
12/12/2014;12:45:00;87;sem vítima;297;BR-101/RJ;Norte;Colisão Traseira;1;;1;;;;;;;;2;;;;
12/12/2014;12:59:00;89;com vítima;297;BR-101/RJ;Sul;Colisão Traseira;1;;;1;;;;;;;3;1;;;
13/12/2014;09:53:00;74;sem vítima;297;BR-101/RJ;Norte;Colisão Lateral;2;;1;;;;;;;;3;;;;
13/12/2014;10:32:00;81;sem vítima;297;BR-101/RJ;Norte;Colisão Traseira;;;;2;;;;;;;2;;;;
14/12/2014;01:35:00;16;com vítima;297;BR-101/RJ;Sul;Queda de Moto;;;;1;;;;;;;0;1;;;
14/12/2014;11:57:00;74;com vítima;297;BR-101/RJ;Sul;Choque - Defensa, barreira ou "submarino";1;;;;;;;;;;0;1;3;;
16/12/2014;17:55:00;124;sem vítima;297;BR-101/RJ;Norte;Colisão Lateral;1;;1;;;;;;;;5;;;;
19/12/2014;16:23:00;141;sem vítima;297,247;BR-101/RJ;Sul;Engavetamento;2;;1;;;;;;;;3;;;;
19/12/2014;19:22:00;167;sem vítima;297,3;BR-101/RJ;Sul;Colisão Traseira;1;;;;;1;;;;;2;;;;
20/12/2014;13:33:00;103;com vítima;297;BR-101/RJ;Sul;Colisão Traseira;1;;;1;;;;;;;1;1;1;;
20/12/2014;14:28:00;111;sem vítima;297;BR-101/RJ;Sul;Colisão Lateral;1;;1;;;;;;;;2;;;;
20/12/2014;19:26:00;177;com vítima;297;BR-101/RJ;Norte;Colisão Traseira;1;;;1;;;;;;;1;1;;;
21/12/2014;10:56:00;74;sem vítima;297;BR-101/RJ;Sul;Colisão Traseira;2;;;;;;;;;;6;;;;
22/12/2014;21:08:00;197;com vítima;297;BR-101/RJ;Sul;Queda de Moto;;;;1;;;;;;;0;2;;;
23/12/2014;19:51:00;187;com vítima;297,7;BR-101/RJ;Sul;Colisão Lateral;;;;1;;1;;;;;1;1;;;
26/12/2014;14:19:00;92;sem vítima;297;BR-101/RJ;Sul;Colisão Lateral;1;;1;;;;;;;;3;;;;
26/12/2014;20:16:00;159;sem vítima;297;BR-101/RJ;Sul;Colisão Lateral;1;;1;;;;;;;;4;;;;
27/12/2014;10:19:00;53;sem vítima;297,85;BR-101/RJ;Norte;Outros - Sequência;1;;2;;;;;;;;3;;;;
29/12/2014;10:48:00;72;sem vítima;297;BR-101/RJ;Sul;Engavetamento;4;;;;;;;;;;12;;;;
30/12/2014;22:20:00;184;sem vítima;297;BR-101/RJ;Sul;Colisão Lateral;1;;1;;;;;;;;3;;;;
04/01/2015;15:15:00;113;sem vítima;297,85;BR-101/RJ;Norte;Choque - Defensa, barreira ou "submarino";1;;;;;;;;;;2;;;;
15/01/2015;13:22:00;97;sem vítima;297;BR-101/RJ;Norte;Colisão Lateral;1;;1;;;;;;;;2;;;;
15/01/2015;16:24:00;129;com vítima;297;BR-101/RJ;Norte;Colisão Traseira;;;;1;;2;;;;;1;3;;;
17/01/2015;23:37:00;214;sem vítima;297;BR-101/RJ;Norte;Capotamento;1;;;;;;;;;;1;;;;
17/01/2015;09:30:00;73;sem vítima;297,87;BR-101/RJ;Sul;Colisão Lateral;1;;1;;;;;;;;3;;;;
18/01/2015;18:40:00;167;sem vítima;297;BR-101/RJ;Sul;Engavetamento;3;;;;;;;;;;4;;;;
20/01/2015;20:17:00;176;sem vítima;297;BR-101/RJ;Sul;Colisão Lateral;1;;;1;;;;;;;2;;;;
20/01/2015;10:46:00;77;sem vítima;297,1;BR-101/RJ;Sul;Engavetamento;3;;;;;;;;;;6;;;;
21/01/2015;10:49:00;79;sem vítima;297;BR-101/RJ;Norte;Colisão Traseira;1;;1;;;;;;;;4;;;;
23/01/2015;12:58:00;103;com vítima;297;BR-101/RJ;Sul;Engavetamento;1;;;;;2;;;;;2;1;;;
25/01/2015;05:38:00;20;sem vítima;297,577;BR-101/RJ;Sul;Capotamento;1;;;;;;;;;;1;;;;
29/01/2015;10:30:00;63;sem vítima;297;BR-101/RJ;Sul;Colisão Traseira;;;1;;1;;;;;;4;;;;
29/01/2015;11:09:00;71;com vítima;297;BR-101/RJ;Norte;Colisão Traseira;1;;;1;;;;;;;1;;1;;
30/01/2015;15:37:00;143;sem vítima;297;BR-101/RJ;Norte;Colisão Lateral;1;;1;;;;;;;;2;;;;
01/02/2015;06:54:00;19;sem vítima;297;BR-101/RJ;Norte;Saida de Pista;1;;;;;;;;;;2;0;0;0;0
04/02/2015;15:15:00;122;sem vítima;297;BR-101/RJ;Sul;Colisão Lateral;;;1;;1;;;;;;2;0;0;0;0
07/02/2015;10:52:00;63;sem vítima;297;BR-101/RJ;Sul;Colisão Traseira;2;;;;;;;;;;2;0;0;0;0
08/02/2015;05:13:00;15;com vítima;297;BR-101/RJ;Sul;Capotamento;1;;;;;;;;;;0;3;1;0;0
08/02/2015;21:25:00;136;com vítima;297;BR-101/RJ;Norte;Queda de Moto;;;;1;;;;;;;0;2;0;0;0
09/02/2015;12:34:00;94;sem vítima;297;BR-101/RJ;Sul;Colisão Traseira;2;;;;;;;;;;3;0;0;0;0
09/02/2015;13:08:00;101;sem vítima;297;BR-101/RJ;Sul;Colisão Lateral;1;;1;;;;;;;;2;0;0;0;0
09/02/2015;13:50:00;109;sem vítima;297;BR-101/RJ;Sul;Engavetamento;3;;;;;;;;;;7;0;0;0;0
11/02/2015;11:56:00;93;sem vítima;297;BR-101/RJ;Sul;Engavetamento;3;;;;;;;;;;5;0;0;0;0
11/02/2015;15:56:00;145;sem vítima;297;BR-101/RJ;Norte;Colisão Transversal;1;;1;;;;;;;;2;0;0;0;0
11/02/2015;19:18:00;180;sem vítima;297;BR-101/RJ;Sul;Engavetamento;3;;;;;;;;;;3;0;0;0;0
12/02/2015;17:11:00;176;com vítima;297;BR-101/RJ;Norte;Colisão Lateral;1;;;1;;;;;;;2;1;0;0;0
12/02/2015;18:18:00;195;sem vítima;297;BR-101/RJ;Norte;Colisão Traseira;1;;1;;;;;;;;2;0;0;0;0
12/02/2015;19:24:00;207;sem vítima;297;BR-101/RJ;Sul;Colisão Traseira;1;;;1;;;;;;;2;0;0;0;0
12/02/2015;08:44:00;54;sem vítima;297,5;BR-101/RJ;Norte;Colisão Traseira;1;;1;;;;;;;;2;0;0;0;0
12/02/2015;08:57:00;56;sem vítima;297,5;BR-101/RJ;Norte;Colisão Traseira;;;1;;;;;;;1;4;0;0;0;0
13/02/2015;15:23:00;149;sem vítima;297;BR-101/RJ;Norte;Colisão Lateral;1;;1;;;;;;;;2;0;0;0;0
13/02/2015;08:28:00;62;com vítima;297,769;BR-101/RJ;Sul;Atropelamento - Morador;;;;;;1;;;;;1;0;1;0;0
15/02/2015;11:06:00;71;sem vítima;297;BR-101/RJ;Norte;Colisão Lateral;1;;1;;;;;;;;2;0;0;0;0
09/03/2015;14:37:00;117;sem vítima;297;BR-101/RJ;Norte;Colisão Lateral;;;;;1;;;;;1;2;0;0;0;0
12/03/2015;16:19:00;127;sem vítima;297;BR-101/RJ;Sul;Colisão Traseira;1;;;;;;;;;1;3;0;0;0;0
15/03/2015;04:00:00;7;com vítima;297;BR-101/RJ;Sul;Capotamento;1;;;;;;;;;;1;0;2;1;0
18/03/2015;21:35:00;188;sem vítima;297;BR-101/RJ;Norte;Colisão Traseira;2;;;;;;;;;;2;0;0;0;0
21/03/2015;09:23:00;57;sem vítima;297;BR-101/RJ;Norte;Colisão Lateral;2;;;;;;;;;;6;0;0;0;0
21/03/2015;12:09:00;88;sem vítima;297;BR-101/RJ;Sul;Colisão Traseira;2;;;;;;;;;;7;0;0;0;0
25/03/2015;19:16:00;159;com vítima;297;BR-101/RJ;Norte;Atropelamento - Usuário;1;;;;;;;;;;2;1;0;0;0
31/03/2015;21:58:00;211;com vítima;297;BR-101/RJ;Sul;Colisão Traseira;2;;;;;;;;;;4;0;1;0;0
31/03/2015;10:15:00;99;sem vítima;297;BR-101/RJ;Norte;Outros - Sequência;;;2;;;1;;;;;3;0;0;0;0
31/03/2015;13:44:00;140;sem vítima;297,3;BR-101/RJ;Sul;Colisão Lateral;1;;1;;;;;;;;2;0;0;0;0
02/04/2015;07:44:00;48;com vítima;297;BR-101/RJ;Sul;Colisão Lateral;2;;;;;;;;;;3;1;;;
02/04/2015;22:10:00;234;sem vítima;297;BR-101/RJ;Norte;Colisão Transversal;;;1;;1;;;;;;2;;;;
06/04/2015;16:05:00;149;com vítima;297;BR-101/RJ;Sul;Queda de Moto;;;;1;;;;;;;0;1;;;
06/04/2015;11:20:00;106;com vítima;297,177;BR-101/RJ;Sul;Colisão Lateral;1;;;1;;;;;;;3;2;;;
10/04/2015;19:36:00;209;sem vítima;297;BR-101/RJ;Norte;Engavetamento;3;;;;;;;;;;3;;;;
12/04/2015;17:42:00;128;com vítima;297;BR-101/RJ;Norte;Capotamento;1;;;;;;;;;;1;;1;;
13/04/2015;18:08:00;164;sem vítima;297;BR-101/RJ;Norte;Colisão Traseira;1;;;;1;;;;;;3;;;;
14/04/2015;23:09:00;186;com vítima;297;BR-101/RJ;Norte;Choque - Arvore;1;;;;;;;;;;0;;1;;
16/04/2015;11:57:00;105;com vítima;297;BR-101/RJ;Norte;Outros - Sequência;1;;;1;;;;;;;1;;;1;
28/04/2015;18:55:00;169;sem vítima;297;BR-101/RJ;Sul;Colisão Lateral;1;;1;;;;;;;;3;;;;
03/05/2015;19:05:00;149;sem vítima;297;BR-101/RJ;Sul;Colisão Traseira;2;;;;;;;;;;4;;;;
05/05/2015;18:19:00;156;sem vítima;297;BR-101/RJ;Sul;Colisão Lateral;1;;1;;;;;;;;4;;;;
08/05/2015;16:35:00;162;sem vítima;297;BR-101/RJ;Norte;Colisão Lateral;1;;1;;;;;;;;2;;;;
10/05/2015;05:03:00;22;com vítima;297,701;BR-101/RJ;Norte;Colisão Traseira;2;;;;;;;;;;1;5;;;
11/05/2015;18:23:00;178;sem vítima;297;BR-101/RJ;Norte;Colisão Traseira;1;;;;;1;;;;;2;;;;
13/05/2015;08:45:00;53;com vítima;297,6;BR-101/RJ;Sul;Atropelamento de Animal;;;;1;;;;;;;0;1;;;
15/05/2015;18:15:00;163;sem vítima;297;BR-101/RJ;Sul;Colisão Lateral;1;;1;;;;;;;;3;;;;
15/05/2015;18:52:00;168;sem vítima;297;BR-101/RJ;Norte;Colisão Lateral;1;;1;;;;;;;;3;;;;
17/05/2015;22:42:00;135;com vítima;297,7;BR-101/RJ;Sul;Choque - Defensa, barreira ou "submarino";1;;;;;;;;;;0;;;;1
20/05/2015;13:24:00;120;sem vítima;297;BR-101/RJ;Norte;Engavetamento;3;;;;;;;;;;6;;;;
22/05/2015;09:13:00;86;sem vítima;297;BR-101/RJ;Sul;Colisão Traseira;1;;;;;;;;;1;14;;;;
22/05/2015;14:05:00;134;sem vítima;297,2;BR-101/RJ;Sul;Engavetamento;3;;;;;;;;;;8;;;;
23/05/2015;08:02:00;39;com vítima;297;BR-101/RJ;Norte;Atropelamento - Morador;1;;;;;;;;;;1;1;;;
23/05/2015;09:30:00;62;sem vítima;297;BR-101/RJ;Sul;Choque - Defensa, barreira ou "submarino";;;;;;;;;;1;1;;;;
27/05/2015;18:35:00;145;sem vítima;297;BR-101/RJ;Norte;Colisão Lateral;1;;1;;;;;;;;2;;;;
27/05/2015;23:37:00;177;sem vítima;297;BR-101/RJ;Sul;Choque - Defensa, barreira ou "submarino";1;;;;;;;;;;2;;;;
29/05/2015;17:41:00;138;sem vítima;297;BR-101/RJ;Norte;Colisão Lateral;1;;1;;;;;;;;2;;;;
29/05/2015;18:39:00;144;com vítima;297;BR-101/RJ;Sul;Engavetamento;2;;;;;;;;;1;5;1;;;
29/05/2015;19:00:00;148;sem vítima;297;BR-101/RJ;Sul;Colisão Traseira;1;;1;;;;;;;;2;;;;
30/05/2015;09:08:00;77;sem vítima;297,6;BR-101/RJ;Sul;Choque - Defensa, barreira ou "submarino";1;;;;;;;;;;1;;;;
01/06/2015;04:49:00;11;sem vítima;297;BR-101/RJ;Sul;Outros;1;;;;;;;;;;1;;;;
06/06/2015;03:28:00;17;sem vítima;297,6;BR-101/RJ;Sul;Saida de Pista;;;;;;;;;;1;2;;;;
11/06/2015;20:52:00;205;sem vítima;297;BR-101/RJ;Norte;Colisão Lateral;1;;;1;;;;;;;3;;;;
15/06/2015;16:42:00;157;com vítima;297;BR-101/RJ;Sul;Queda de Moto;;;;1;;;;;;;0;1;;;
21/06/2015;03:06:00;12;com vítima;297;BR-101/RJ;Norte;Capotamento;1;;;;;;;;;;0;2;;;
24/06/2015;18:56:00;168;com vítima;297,5;BR-101/RJ;Sul;Choque - Defensa, barreira ou "submarino";1;;;;;;;;;;2;1;;;
24/06/2015;05:57:00;19;sem vítima;297,869;BR-101/RJ;Norte;Choque - Defensa, barreira ou "submarino";1;;;;;;;;;;1;;;;
26/06/2015;02:33:00;13;com vítima;297,916;BR-101/RJ;Sul;Choque - Suporte de Sinalização;1;;;;;;;;;;0;1;;;
29/06/2015;06:12:00;31;com vítima;297;BR-101/RJ;Sul;Queda de Moto;;;;1;;;;;;;0;1;;;
29/06/2015;13:29:00;150;sem vítima;297;BR-101/RJ;Norte;Colisão Lateral;1;;1;;;;;;;;3;;;;
30/06/2015;13:31:00;144;sem vítima;297;BR-101/RJ;Sul;Choque - Defensa, barreira ou "submarino";1;;;;;;;;;;1;;;;
02/07/2015;15:57:00;148;sem vítima;297;BR-101/RJ;Norte;Colisão Lateral;1;;1;;;;;;;;2;;;;
12/07/2015;12:02:00;74;com vítima;297,72;BR-101/RJ;Norte;Colisão Traseira;1;;;1;;;;;;;2;2;;;
17/07/2015;19:16:00;204;sem vítima;297;BR-101/RJ;Norte;Colisão Lateral;1;;1;;;;;;;;2;;;;
19/07/2015;04:44:00;26;com vítima;297,685;BR-101/RJ;Sul;Capotamento;1;;;;;;;;;;0;3;1;;
21/07/2015;12:44:00;115;sem vítima;297,75;BR-101/RJ;Sul;Colisão Lateral;;;2;;;;;;;;2;;;;
23/07/2015;13:47:00;133;sem vítima;297;BR-101/RJ;Norte;Colisão Lateral;1;;1;;;;;;;;2;;;;
30/07/2015;18:48:00;169;com vítima;297;BR-101/RJ;Norte;Colisão Lateral;2;;;1;;;;;;;2;1;;;
06/08/2015;06:49:00;26;sem vítima;297;BR-101/RJ;Sul;Colisão Traseira;2;;;;;;;;;;2;;;;
06/08/2015;22:07:00;198;sem vítima;297;BR-101/RJ;Sul;Colisão Traseira;1;;;1;;;;;;;2;;;;
06/08/2015;06:33:00;24;sem vítima;297,87;BR-101/RJ;Sul;Choque - Defensa, barreira ou "submarino";;;1;;;;;;;;3;;;;
22/08/2015;11:12:00;92;sem vítima;297;BR-101/RJ;Sul;Colisão Lateral;;;;1;2;;;;;;4;;;;
05/09/2015;06:00:00;37;sem vítima;297,588;BR-101/RJ;Sul;Colisão Lateral;1;;;;;;;;;1;3;;;;
05/09/2015;16:40:00;153;sem vítima;297,6;BR-101/RJ;Norte;Colisão Transversal;1;;1;;;;;;;;2;;;;
09/09/2015;17:50:00;177;sem vítima;297;BR-101/RJ;Norte;Colisão Lateral;2;;;;;;;;;;4;;;;
14/09/2015;17:51:00;201;sem vítima;297;BR-101/RJ;Norte;Colisão Lateral;1;;1;;;;;;;;2;;;;
18/09/2015;16:50:00;234;sem vítima;297;BR-101/RJ;Norte;Colisão Traseira;2;;;;;;;;;;6;;;;
18/09/2015;18:01:00;252;sem vítima;297;BR-101/RJ;Norte;Colisão Traseira;1;;;;;1;;;;;2;;;;
18/09/2015;11:48:00;147;sem vítima;297,75;BR-101/RJ;Sul;Colisão Traseira;1;;1;;;;;;;;3;;;;
20/09/2015;02:05:00;14;com vítima;297,733;BR-101/RJ;Norte;Colisão Traseira;1;;1;;;;;;;;1;;;3;
22/09/2015;09:10:00;66;sem vítima;297;BR-101/RJ;Norte;Colisão Lateral;1;;1;;;;;;;;3;;;;
27/09/2015;22:14:00;171;sem vítima;297;BR-101/RJ;Norte;Colisão Traseira;1;;;1;;;;;;;5;;;;
05/10/2015;06:56:00;38;com vítima;297;BR-101/RJ;Sul;Colisão Traseira;1;;1;;;;;;;;1;1;;;
05/10/2015;08:57:00;70;sem vítima;297,3;BR-101/RJ;Sul;Colisão Traseira;;;2;;;;;;;;2;;;;
10/10/2015;12:18:00;130;sem vítima;297,705;BR-101/RJ;Norte;Colisão Lateral;1;;1;;;;;;;;3;;;;
11/10/2015;19:35:00;146;sem vítima;297,5;BR-101/RJ;Norte;Colisão Traseira;1;;;;;;;;;1;10;;;;
12/10/2015;17:23:00;137;sem vítima;297;BR-101/RJ;Sul;Colisão Traseira;2;;;;;;;;;;2;;;;
13/10/2015;17:38:00;189;sem vítima;297;BR-101/RJ;Norte;Colisão Traseira;1;;1;;;;;;;;3;;;;
13/10/2015;08:59:00;76;sem vítima;297,566;BR-101/RJ;Sul;Engavetamento;1;;1;;;1;;;;;4;;;;
13/10/2015;12:54:00;127;sem vítima;297,571;BR-101/RJ;Norte;Colisão Lateral;1;;1;;;;;;;;8;;;;