data;horario;n_da_ocorrencia;tipo_de_ocorrencia;km;trecho;sentido;tipo_de_acidente;automovel;bicicleta;caminhao;moto;onibus;outros;tracao_animal;transporte_de_cargas_especiais;trator_maquinas;utilitarios;ilesos;levemente_feridos;moderadamente_feridos;gravemente_feridos;mortos
14/10/2015;10:15:00;89;com vítima;297;BR-101/RJ;Sul;Colisão Lateral;;;;1;;;;;;1;2;1;;;
16/10/2015;18:06:00;225;sem vítima;297;BR-101/RJ;Sul;Engavetamento;4;;;;;;;;;;10;;;;
17/10/2015;08:39:00;58;com vítima;297,565;BR-101/RJ;Norte;Colisão Lateral;2;;;;;;;;;;3;2;;;
17/10/2015;09:34:00;66;sem vítima;297,889;BR-101/RJ;Norte;Colisão Lateral;1;;1;;;;;;;;2;;;;
19/10/2015;13:41:00;91;com vítima;297;BR-101/RJ;Norte;Colisão Lateral;;;1;1;;;;;;;3;1;;;
22/10/2015;12:22:00;97;sem vítima;297,741;BR-101/RJ;Norte;Colisão Transversal;1;;1;;;;;;;;2;;;;
23/10/2015;08:47:00;58;sem vítima;297,344;BR-101/RJ;Sul;Colisão Traseira;1;;;;;;;;;1;2;;;;
28/10/2015;01:17:00;11;sem vítima;297;BR-101/RJ;Norte;Colisão Lateral;1;;;;;1;;;;;2;;;;
30/10/2015;03:13:00;8;com vítima;297;BR-101/RJ;Sul;Capotamento;1;;;;;;;;;;0;3;;;
13/11/2015;15:36:00;155;sem vítima;297;BR-101/RJ;Norte;Colisão Lateral;1;;1;;;;;;;;2;;;;
13/11/2015;15:41:00;157;sem vítima;297;BR-101/RJ;Norte;Colisão Traseira;1;;1;;;;;;;;3;;;;
13/11/2015;16:43:00;167;sem vítima;297;BR-101/RJ;Norte;Colisão Lateral;2;;;1;;;;;;;5;;;;
13/11/2015;11:30:00;111;com vítima;297,338;BR-101/RJ;Sul;Colisão Transversal;;;1;1;;;;;;;1;1;;;1
14/11/2015;08:27:00;52;com vítima;297,82;BR-101/RJ;Norte;Choque - Defensa, barreira ou "submarino";;1;;;;;;;;;0;2;;;
15/11/2015;00:52:00;6;sem vítima;297,915;BR-101/RJ;Sul;Choque - Defensa, barreira ou "submarino";1;;;;;;;;;;1;;;;
20/11/2015;06:58:00;44;sem vítima;297;BR-101/RJ;Norte;Colisão Traseira;1;;;1;;;;;;;5;;;;
22/11/2015;14:47:00;113;sem vítima;297;BR-101/RJ;Norte;Colisão Traseira;1;;;;;;;;;1;3;;;;
23/11/2015;04:03:00;28;com vítima;297;BR-101/RJ;Norte;Colisão Traseira;;;;1;1;;;;;;1;;;2;
23/11/2015;13:44:00;122;sem vítima;297;BR-101/RJ;Sul;Colisão Traseira;2;;;;;;;;;;4;;;;
27/11/2015;14:09:00;151;com vítima;297;BR-101/RJ;Sul;Colisão Lateral;;;1;;;;;;;1;1;1;;;
07/12/2015;08:17:00;59;com vítima;297,269;BR-101/RJ;Sul;Colisão Traseira;;;2;;;;;;;;3;;3;;
08/12/2015;11:30:00;140;sem vítima;297,77;BR-101/RJ;Norte;Colisão Traseira;1;;;;;;;;;1;4;;;;
10/12/2015;14:11:00;163;com vítima;297;BR-101/RJ;Sul;Colisão Lateral;2;;;;;;;;;;0;4;;;
10/12/2015;11:14:00;125;com vítima;297,824;BR-101/RJ;Sul;Engavetamento;2;;;;;1;;;;;5;1;;;
15/12/2015;07:17:00;44;sem vítima;297;BR-101/RJ;Sul;Engavetamento;3;;;;;;;;;;4;;;;
16/12/2015;15:25:00;173;com vítima;297;BR-101/RJ;Norte;Colisão Traseira;1;;1;;;;;;;;1;2;;;
17/12/2015;11:39:00;139;sem vítima;297,555;BR-101/RJ;Norte;Engavetamento;1;;;;;2;;;;;4;;;;
17/12/2015;23:25:00;270;com vítima;297,77;BR-101/RJ;Norte;Colisão Lateral;1;;;1;;;;;;;1;1;;;
18/12/2015;01:15:00;12;sem vítima;297,77;BR-101/RJ;Norte;Colisão Traseira;1;;1;;;;;;;;2;;;;
19/12/2015;03:40:00;27;com vítima;297,569;BR-101/RJ;Sul;Engavetamento;2;;1;;;;;;;;3;2;;;
19/12/2015;12:14:00;165;sem vítima;297,83;BR-101/RJ;Norte;Colisão Lateral;1;;1;;;;;;;;4;;;;
20/12/2015;16:15:00;137;sem vítima;297;BR-101/RJ;Norte;Colisão Lateral;2;;;;;;;;;;6;;;;
20/12/2015;07:55:00;45;sem vítima;297,374;BR-101/RJ;Sul;Colisão Traseira;1;;;;1;;;;;;3;;;;
21/12/2015;04:49:00;19;sem vítima;297;BR-101/RJ;Sul;Choque - Elemento de Drenagem;;;1;;;;;;;;1;;;;
21/12/2015;11:51:00;108;sem vítima;297;BR-101/RJ;Norte;Colisão Lateral;1;;1;;;;;;;;2;;;;
22/12/2015;16:46:00;187;sem vítima;297;BR-101/RJ;Sul;Colisão Lateral;1;;1;;;;;;;;4;;;;
23/12/2015;10:56:00;106;sem vítima;297;BR-101/RJ;Norte;Colisão Lateral;1;;1;;;;;;;;3;;;;
23/12/2015;19:51:00;238;sem vítima;297;BR-101/RJ;Norte;Colisão Lateral;1;;1;;;;;;;;2;;;;
24/12/2015;19:09:00;215;com vítima;297;BR-101/RJ;Norte;Colisão Traseira;1;;;1;;;;;;;3;1;;;
28/12/2015;17:17:00;181;sem vítima;297;BR-101/RJ;Sul;Colisão Traseira;1;;;;1;;;;;;2;;;;
28/12/2015;05:59:00;37;com vítima;297,6;BR-101/RJ;Sul;Colisão Traseira;;;;1;;1;;;;;1;1;;;
29/12/2015;07:37:00;43;sem vítima;297;BR-101/RJ;Sul;Colisão Lateral;1;;;;1;;;;;;2;;;;
29/12/2015;11:03:00;99;sem vítima;297;BR-101/RJ;Norte;Colisão Lateral;1;;1;;;;;;;;2;;;;
29/12/2015;18:09:00;184;sem vítima;297;BR-101/RJ;Norte;Engavetamento;2;;1;;;;;;;;10;;;;
31/12/2015;02:24:00;25;sem vítima;297;BR-101/RJ;Norte;Colisão Lateral;1;;1;;;;;;;;2;;;;
10/01/2010;06:48:00;29;sem vítima;298;BR-101/RJ;Norte;Colisão Traseira;;;1;;;;;;;;3;;;;
15/01/2010;16:16:00;138;sem vítima;298;BR-101/RJ;Sul;Colisão Traseira;1;;1;;;;;;;;3;;;;
15/01/2010;16:31:00;142;sem vítima;298;BR-101/RJ;Sul;Colisão Traseira;;;2;;;;;;;;2;;;;
18/01/2010;11:37:00;83;sem vítima;298;BR-101/RJ;Sul;Colisão Lateral;1;;1;;;;;;;;3;;;;
23/01/2010;12:34:00;92;sem vítima;298;BR-101/RJ;Norte;Colisão Lateral;1;;1;;;;;;;;3;;;;
25/01/2010;16:20:00;147;sem vítima;298;BR-101/RJ;Sul;Submersão;;;1;;;1;;;;;2;;;;
30/01/2010;17:41:00;172;sem vítima;298;BR-101/RJ;Norte;Colisão Lateral;1;;1;;;;;;;;6;;;;
30/01/2010;20:33:00;201;sem vítima;298;BR-101/RJ;Sul;Colisão Traseira;2;;;;;;;;;;3;;;;
03/02/2010;11:52:00;91;sem vítima;298;BR-101/RJ;Sul;Colisão Traseira;2;;;;;;;;;;3;;;;
09/02/2010;06:11:00;33;sem vítima;298;BR-101/RJ;Sul;Colisão Lateral;1;;;;;;;;;1;16;;;;
12/02/2010;12:40:00;129;sem vítima;298;BR-101/RJ;Norte;Engavetamento;;;1;;;;;;;2;4;;;;
13/02/2010;11:21:00;213;sem vítima;298;BR-101/RJ;Norte;Colisão Traseira;2;;;;;;;;;;7;;;;
13/02/2010;14:13:00;281;com vítima;298;BR-101/RJ;Norte;Queda de Moto;;;;1;;;;;;;1;1;;;
13/02/2010;08:27:00;141;sem vítima;298,70001220703125;BR-101/RJ;Norte;Colisão Lateral;1;;;1;;;;;;;2;;;;
14/02/2010;09:21:00;91;sem vítima;298;BR-101/RJ;Norte;Colisão Traseira;2;;;;;;;;;;7;;;;
25/02/2010;14:36:00;106;sem vítima;298;BR-101/RJ;Sul;Saida de Pista;1;;;;;;;;;;1;;;;
04/03/2010;20:00:00;175;com vítima;298;BR-101/RJ;Norte;Colisão Lateral;1;;;;1;;;;;;1;1;1;;
15/03/2010;15:34:00;130;sem vítima;298;BR-101/RJ;Sul;Saida de Pista;1;;;;;;;;;;1;;;;
23/03/2010;10:01:00;58;sem vítima;298;BR-101/RJ;Norte;Colisão Traseira;1;;;;;;;;;1;3;;;;
25/03/2010;10:59:00;76;sem vítima;298;BR-101/RJ;Norte;Colisão Traseira;1;;1;;;;;;;;3;;;;
27/03/2010;02:09:00;11;sem vítima;298;BR-101/RJ;Norte;Saida de Pista;1;;;;;;;;;;1;;;;
29/03/2010;23:29:00;190;sem vítima;298;BR-101/RJ;Norte;Saida de Pista;;;1;;;;;;;;1;;;;
30/03/2010;17:08:00;155;sem vítima;298;BR-101/RJ;Norte;Colisão Traseira;;;1;;;1;;;;1;9;;;;
08/04/2010;10:10:00;68;sem vítima;298;BR-101/RJ;Sul;Colisão Traseira;3;;;;;;;;;;6;;;;
11/04/2010;18:44:00;134;com vítima;298;BR-101/RJ;Norte;Atropelamento - Usuário;;;;1;;;;;;;0;;2;1;
24/04/2010;07:34:00;28;com vítima;298;BR-101/RJ;Norte;Colisão Traseira;2;;;;;;;;;;1;1;;;
10/05/2010;10:01:00;79;sem vítima;298;BR-101/RJ;Norte;Colisão Lateral;1;;1;;;;;;;;2;;;;
21/05/2010;19:09:00;143;sem vítima;298;BR-101/RJ;Sul;Colisão Lateral;;;1;1;;;;;;;3;;;;
22/05/2010;04:01:00;18;sem vítima;298;BR-101/RJ;Sul;Colisão Traseira;1;;1;;;;;;;;2;;;;
22/05/2010;20:08:00;147;sem vítima;298;BR-101/RJ;Norte;Colisão Lateral;2;;;;;;;;;1;3;;;;
23/05/2010;16:50:00;113;sem vítima;298;BR-101/RJ;Sul;Saida de Pista;1;;;;;;;;;;1;;;;
26/05/2010;16:35:00;117;sem vítima;298;BR-101/RJ;Sul;Tombamento;;;1;;;;;;;;1;;;;
28/05/2010;18:05:00;155;sem vítima;298;BR-101/RJ;Norte;Colisão Traseira;2;;;;;;;;;;2;;;;
29/05/2010;19:00:00;151;sem vítima;298;BR-101/RJ;Sul;Saida de Pista;1;;;;;;;;;;1;;;;
31/05/2010;09:21:00;65;sem vítima;298;BR-101/RJ;Norte;Colisão Lateral;1;;1;;;;;;;;2;;;;
03/06/2010;13:33:00;103;sem vítima;298;BR-101/RJ;Sul;Colisão Lateral;1;;1;;;;;;;;2;;;;
16/06/2010;00:56:00;3;sem vítima;298;BR-101/RJ;Norte;Choque - Defensa, barreira ou "submarino";1;;;;;;;;;;2;;;;
19/06/2010;12:17:00;80;sem vítima;298;BR-101/RJ;Sul;Colisão Traseira;1;;1;;;;;;;;2;;;;
19/06/2010;18:44:00;162;sem vítima;298;BR-101/RJ;Sul;Colisão Lateral;1;;1;;;;;;;;6;;;;
21/06/2010;17:34:00;133;com vítima;298;BR-101/RJ;Sul;Colisão Lateral;1;1;;1;;;;;;;1;1;2;;
02/07/2010;19:36:00;151;sem vítima;298;BR-101/RJ;Sul;Colisão Lateral;;;1;;1;;;;;;2;;;;
04/07/2010;04:56:00;16;sem vítima;298;BR-101/RJ;Sul;Saida de Pista;1;;;;;;;;;;2;;;;
04/07/2010;20:38:00;158;sem vítima;298;BR-101/RJ;Sul;Colisão Lateral;1;;1;;;;;;;;2;;;;
05/07/2010;16:09:00;130;sem vítima;298;BR-101/RJ;Norte;Colisão Traseira;2;;;;;;;;;;3;;;;
09/07/2010;08:26:00;44;sem vítima;298;BR-101/RJ;Norte;Colisão Lateral;1;;1;;;;;;;;2;;;;
20/07/2010;10:47:00;80;com vítima;298;BR-101/RJ;Sul;Colisão Traseira;;;1;;1;;;;;;12;6;3;;
31/07/2010;05:59:00;35;sem vítima;298;BR-101/RJ;Sul;Saida de Pista;1;;;;;;;;;;2;;;;
07/08/2010;06:22:00;35;sem vítima;298;BR-101/RJ;Norte;Colisão Lateral;1;;1;;;;;;;;3;;;;
08/08/2010;15:01:00;108;com vítima;298;BR-101/RJ;Norte;Colisão Lateral;2;;;1;;;;;;;5;;2;;
21/08/2010;21:21:00;166;sem vítima;298;BR-101/RJ;Sul;Colisão Traseira;1;;;;1;;;;;;3;;;;
21/08/2010;21:46:00;170;sem vítima;298;BR-101/RJ;Sul;Colisão Lateral;2;;;;;;;;;;2;;;;
29/08/2010;23:15:00;158;com vítima;298;BR-101/RJ;Norte;Saida de Pista;1;;;;;;;;;;0;;1;;
11/09/2010;04:59:00;26;sem vítima;298;BR-101/RJ;Sul;Saida de Pista;1;;;;;;;;;;1;;;;
17/09/2010;19:27:00;175;sem vítima;298;BR-101/RJ;Sul;Colisão Lateral;;;1;;1;;;;;;2;;;;
20/09/2010;16:55:00;136;sem vítima;298;BR-101/RJ;Norte;Colisão Traseira;2;;;;;;;;;;2;;;;
03/10/2010;06:51:00;24;sem vítima;298;BR-101/RJ;Norte;Colisão Lateral;1;;;;;1;;;;;2;;;;
04/10/2010;12:03:00;70;sem vítima;298;BR-101/RJ;Norte;Colisão Lateral;1;;1;;;;;;;;2;;;;
06/10/2010;13:57:00;96;sem vítima;298;BR-101/RJ;Norte;Colisão Traseira;2;;1;;;;;;;;3;;;;
13/10/2010;17:31:00;156;sem vítima;298;BR-101/RJ;Sul;Saida de Pista;1;;;;;;;;;;1;;;;
23/10/2010;07:20:00;44;com vítima;298;BR-101/RJ;Norte;Colisão Traseira;1;;;;;;;;;1;3;1;1;1;
31/10/2010;15:43:00;114;sem vítima;298;BR-101/RJ;Sul;Colisão Traseira;2;;;;;;;;;;2;;;;
04/11/2010;08:23:00;45;sem vítima;298;BR-101/RJ;Sul;Colisão Traseira;;;1;;1;;;;;;3;;;;
10/11/2010;17:14:00;124;sem vítima;298;BR-101/RJ;Norte;Colisão Lateral;1;;1;;;;;;;;3;;;;
12/11/2010;17:19:00;151;sem vítima;298;BR-101/RJ;Norte;Colisão Lateral;;;1;;;1;;;;;2;;;;
15/11/2010;09:38:00;42;com vítima;298;BR-101/RJ;Norte;Choque - Outros;;;;;1;;;;;;1;1;;;
17/11/2010;09:48:00;74;sem vítima;298;BR-101/RJ;Sul;Colisão Lateral;2;;;;;;;;;;3;;;;
30/11/2010;18:51:00;161;sem vítima;298;BR-101/RJ;Norte;Colisão Lateral;;;1;;;1;;;;;2;;;;
01/12/2010;22:43:00;212;sem vítima;298;BR-101/RJ;Sul;Colisão Traseira;1;;;;;1;;;;;2;;;;
07/12/2010;09:28:00;73;com vítima;298;BR-101/RJ;Norte;Colisão Lateral;2;;;1;;;;;;;2;;1;;
11/12/2010;06:36:00;33;sem vítima;298;BR-101/RJ;Sul;Choque - Outros;1;;;;;;;;;;1;;;;
15/12/2010;08:34:00;54;sem vítima;298;BR-101/RJ;Norte;Colisão Lateral;1;;1;;;;;;;;2;;;;
19/12/2010;03:22:00;30;sem vítima;298;BR-101/RJ;Sul;Choque - Defensa, barreira ou "submarino";1;;;;;;;;;;1;;;;
20/12/2010;14:07:00;103;sem vítima;298;BR-101/RJ;Norte;Colisão Traseira;2;;;;;;;;;;7;;;;
22/12/2010;07:24:00;39;sem vítima;298;BR-101/RJ;Norte;Colisão Traseira;2;;;;;;;;;;3;;;;
23/12/2010;20:18:00;239;sem vítima;298;BR-101/RJ;Norte;Saida de Pista;1;;;;;;;;;;5;;;;
28/12/2010;14:22:00;101;sem vítima;298;BR-101/RJ;Norte;Colisão Lateral;;;;1;;1;;;;;2;;;;
08/01/2011;14:23:00;169;sem vítima;298;BR-101/RJ;Norte;Saida de Pista;1;;;;;;;;;1;2;;;;
11/01/2011;07:29:00;41;sem vítima;298;BR-101/RJ;Sul;Colisão Traseira;1;;1;;;;;;;;5;;;;
28/01/2011;11:51:00;123;sem vítima;298;BR-101/RJ;Norte;Saida de Pista;;;1;;;;;;;;2;;;;
05/02/2011;13:57:00;129;sem vítima;298;BR-101/RJ;Sul;Colisão Traseira;2;;;;;;;;;;6;;;;
10/02/2011;09:58:00;82;sem vítima;298;BR-101/RJ;Norte;Colisão Lateral;1;;1;;;;;;;;2;;;;
18/02/2011;14:54:00;110;com vítima;298;BR-101/RJ;Sul;Queda de Moto;;;;1;;;;;;;0;1;;;
19/02/2011;17:25:00;139;sem vítima;298;BR-101/RJ;Sul;Saida de Pista;;;;;;;;;;1;1;;;;
22/03/2011;14:22:00;91;com vítima;289,20001220703125;BR-101/RJ;Norte;Saida de Pista;1;;;;;;;;;;0;1;1;;
22/03/2011;15:02:00;95;sem vítima;209;BR-101/RJ;Norte;Saida de Pista;;;1;;;;;;;;2;;;;
22/03/2011;15:54:00;101;sem vítima;320;BR-101/RJ;Norte;Colisão Lateral;1;;;;1;;;;;;2;;;;
22/03/2011;16:29:00;104;sem vítima;320;BR-101/RJ;Norte;Colisão Lateral;2;;;;;;;;;;5;;;;
22/03/2011;15:02:00;110;sem vítima;209;BR-101/RJ;Sul;Colisão Traseira;1;;;;;;;;;1;2;;;;
23/03/2011;00:09:00;1;sem vítima;187;BR-101/RJ;Sul;Tombamento;;;1;;;;;;;;1;;;;
06/05/2011;20:46:00;207;sem vítima;298;BR-101/RJ;Sul;Colisão Traseira;2;;;;;;;;;;4;;;;
17/05/2011;02:46:00;6;sem vítima;298;BR-101/RJ;Sul;Capotamento;1;;;;;;;;;;4;;;;
21/05/2011;00:24:00;4;sem vítima;298;BR-101/RJ;Sul;Colisão Traseira;2;;;;1;;;;;;4;;;;
01/06/2011;11:49:00;75;sem vítima;298;BR-101/RJ;Norte;Colisão Lateral;1;;1;;;;;;;;4;;;;
02/06/2011;09:45:00;53;sem vítima;298;BR-101/RJ;Norte;Colisão Traseira;;;1;;1;;;;;1;5;;;;
02/06/2011;14:44:00;103;sem vítima;298;BR-101/RJ;Sul;Saida de Pista;;;1;;;;;;;;1;;;;
06/06/2011;06:41:00;24;com vítima;298;BR-101/RJ;Norte;Colisão Traseira;1;;1;1;;1;;;;;2;;1;1;
08/06/2011;08:36:00;48;com vítima;298;BR-101/RJ;Sul;Saida de Pista;1;;;;;;;;;;0;;1;;
09/06/2011;22:09:00;187;sem vítima;298;BR-101/RJ;Sul;Saida de Pista;1;;;;;;;;;;1;;;;
14/06/2011;21:37:00;150;sem vítima;298;BR-101/RJ;Norte;Colisão Traseira;1;;;;;;;;;1;3;;;;
17/06/2011;13:26:00;108;sem vítima;298;BR-101/RJ;Norte;Colisão Lateral;1;;1;;;;;;;;2;;;;
03/08/2011;11:21:00;61;sem vítima;298;BR-101/RJ;Norte;Colisão Lateral;1;;1;;;;;;;;3;;;;
31/08/2011;21:00:00;160;com vítima;298;BR-101/RJ;Norte;Colisão Traseira;2;;;;;;;;;;2;;1;;
05/09/2011;15:12:00;109;sem vítima;298;BR-101/RJ;Sul;Saida de Pista;1;;;;;;;;;;2;;;;
07/09/2011;05:26:00;21;com vítima;298,8999938964844;BR-101/RJ;Norte;Capotamento;1;;;;;;;;;;1;;;3;
13/09/2011;05:43:00;11;com vítima;298,8999938964844;BR-101/RJ;Norte;Capotamento;1;;;;;;;;;;1;;1;;
08/10/2011;12:42:00;111;sem vítima;298;BR-101/RJ;Norte;Colisão Traseira;2;;;;;;;;;;2;;;;
26/10/2011;10:26:00;62;sem vítima;298;BR-101/RJ;Norte;Colisão Traseira;1;;1;;;;;;;;2;;;;
10/11/2011;17:09:00;143;sem vítima;298;BR-101/RJ;Norte;Colisão Traseira;1;;;;1;;;;;;2;;;;
14/11/2011;09:14:00;41;sem vítima;298;BR-101/RJ;Sul;Colisão Traseira;2;;;;;;;;;;11;;;;
27/11/2011;09:06:00;48;sem vítima;298;BR-101/RJ;Sul;Saida de Pista;;;;;;;;;;1;1;;;;
29/11/2011;20:34:00;181;sem vítima;298;BR-101/RJ;Norte;Colisão Lateral;1;;1;;;;;;;;3;;;;
04/12/2011;21:39:00;162;com vítima;298;BR-101/RJ;Sul;Saida de Pista;1;;;;;;;;;;1;;1;;
10/12/2011;07:25:00;48;sem vítima;298,79998779296875;BR-101/RJ;Sul;Engavetamento;2;;;1;;;;;;;3;;;;
16/12/2011;10:50:00;92;sem vítima;298;BR-101/RJ;Norte;Colisão Traseira;1;;1;;;;;;;;2;;;;
28/12/2011;16:41:00;158;sem vítima;298;BR-101/RJ;Norte;Colisão Traseira;1;;1;;;;;;;;2;;;;
04/01/2012;10:13:00;63;com vítima;298;BR-101/RJ;Norte;Colisão Lateral;;;;1;;;;;;;0;1;;;
27/01/2012;22:35:00;186;sem vítima;298;BR-101/RJ;Norte;Saida de Pista;1;;;;;;;;;;1;;;;
29/01/2012;07:33:00;28;sem vítima;298;BR-101/RJ;Norte;Saida de Pista;1;;;;;;;;;;2;;;;
15/02/2012;08:47:00;49;sem vítima;298;BR-101/RJ;Sul;Colisão Traseira;1;;1;;;;;;;;2;;;;
16/02/2012;18:42:00;185;com vítima;298;BR-101/RJ;Norte;Atropelamento - Ambulante;;;;1;;1;;;;;1;1;;;
07/03/2012;19:01:00;148;sem vítima;298;BR-101/RJ;Norte;Colisão Lateral;1;;1;;;;;;;;2;;;;
09/03/2012;06:19:00;29;sem vítima;298;BR-101/RJ;Norte;Colisão Lateral;1;;1;;;;;;;;5;;;;
20/03/2012;16:04:00;96;sem vítima;298;BR-101/RJ;Norte;Colisão Traseira;2;;;;;;;;;;2;;;;
25/03/2012;00:52:00;6;sem vítima;298;BR-101/RJ;Norte;Saida de Pista;1;;;;;;;;;;1;;;;
27/03/2012;04:17:00;13;com vítima;298,5;BR-101/RJ;Norte;Capotamento;1;;;;;;;;;;0;;;;1
01/04/2012;13:10:00;80;sem vítima;298;BR-101/RJ;Norte;Saida de Pista;1;;;;;;;;;;4;;;;
01/04/2012;18:19:00;130;sem vítima;298;BR-101/RJ;Sul;Colisão Lateral;1;;1;;;;;;;;3;;;;
04/04/2012;15:34:00;126;sem vítima;298;BR-101/RJ;Norte;Engavetamento;3;;;;;;;;;;6;;;;
12/04/2012;06:50:00;26;com vítima;298;BR-101/RJ;Sul;Colisão Traseira;1;;;1;;;;;;;1;1;;;
14/04/2012;14:53:00;99;com vítima;298;BR-101/RJ;Norte;Saida de Pista;1;;;;;;;;;;0;;2;;
20/04/2012;18:52:00;153;sem vítima;298;BR-101/RJ;Norte;Queda de Moto;;;;1;;;;;;;1;;;;
01/05/2012;08:58:00;40;com vítima;298;BR-101/RJ;Sul;Saida de Pista;1;;;;;;;;;;0;1;;;
11/05/2012;01:09:00;5;com vítima;298,8;BR-101/RJ;Norte;Choque - Defensa, barreira ou "submarino";;;1;;;;;;;;0;;1;;
19/05/2012;18:48:00;141;com vítima;298,8;BR-101/RJ;Norte;Atropelamento - Sem Informação;1;;;;;;;;;;2;;;;1
07/06/2012;12:49:00;86;sem vítima;298,9;BR-101/RJ;Norte;Saida de Pista;1;;;;;;;;;;4;;;;
09/06/2012;02:09:00;5;sem vítima;298;BR-101/RJ;Norte;Saida de Pista;1;;;;;;;;;;1;;;;
09/06/2012;11:15:00;66;sem vítima;298;BR-101/RJ;Sul;Colisão Traseira;2;;;;;;;;;;8;;;;
14/06/2012;18:04:00;170;sem vítima;298;BR-101/RJ;Norte;Colisão Lateral;1;;1;;;;;;;;3;;;;
29/06/2012;10:19:00;65;sem vítima;298,4;BR-101/RJ;Sul;Capotamento;1;;;;;;;;;;1;;;;
05/07/2012;06:57:00;32;sem vítima;298;BR-101/RJ;Norte;Saida de Pista;1;;;;;;;;;;4;;;;
05/07/2012;07:20:00;38;sem vítima;298;BR-101/RJ;Sul;Colisão Traseira;2;;;;;;;;;;4;;;;
20/07/2012;07:31:00;34;sem vítima;298;BR-101/RJ;Sul;Saida de Pista;1;;;;;;;;;;2;;;;
27/07/2012;12:13:00;90;com vítima;298;BR-101/RJ;Norte;Atropelamento - Morador;1;;;;;;;;;;1;;1;;
05/08/2012;14:19:00;90;sem vítima;298,914;BR-101/RJ;Norte;Saida de Pista;1;;;;;;;;;;3;;;;
17/08/2012;19:34:00;162;sem vítima;298,5;BR-101/RJ;Norte;Colisão Lateral;1;;1;;;;;;;;2;;;;
28/08/2012;05:41:00;21;sem vítima;298;BR-101/RJ;Sul;Colisão Traseira;1;;;;;1;;;;;6;;;;
06/09/2012;08:24:00;95;sem vítima;298,965;BR-101/RJ;Norte;Colisão Traseira;2;;;;;;;;;;2;;;;
07/09/2012;13:25:00;156;com vítima;298,425;BR-101/RJ;Norte;Atropelamento - Ambulante;;;;;;1;;;;;1;1;;;
15/09/2012;23:53:00;214;sem vítima;298,295;BR-101/RJ;Sul;Choque - Defensa, barreira ou "submarino";1;;;;;;;;;;2;;;;
17/09/2012;18:17:00;182;sem vítima;298;BR-101/RJ;Norte;Engavetamento;3;;;;;;;;;;4;;;;
23/09/2012;06:34:00;24;com vítima;298;BR-101/RJ;Norte;Colisão Traseira;1;;1;;;;;;;;2;2;;;
25/09/2012;04:18:00;15;com vítima;298,913;BR-101/RJ;Norte;Atropelamento - Andarilho;1;;;;;;;;;;2;;;;1
09/10/2012;03:42:00;16;sem vítima;298;BR-101/RJ;Sul;Saida de Pista;1;;;;;;;;;;1;;;;
12/10/2012;23:34:00;233;com vítima;298,935;BR-101/RJ;Norte;Capotamento;1;;;;;;;;;;0;1;;;
13/10/2012;04:29:00;12;sem vítima;298,942;BR-101/RJ;Sul;Saida de Pista;1;;;;;;;;;;1;;;;
22/10/2012;00:04:00;2;sem vítima;298,9;BR-101/RJ;Norte;Capotamento;;;;;;;;;;1;1;;;;
23/10/2012;17:39:00;160;com vítima;298,8;BR-101/RJ;Sul;Capotamento;1;;;;;;;;;;0;;1;;
26/10/2012;16:36:00;138;sem vítima;298;BR-101/RJ;Norte;Colisão Lateral;;;2;;;;;;;;3;;;;
27/10/2012;21:45:00;209;sem vítima;298,587;BR-101/RJ;Sul;Capotamento;1;;;;;;;;;;1;;;;
24/11/2012;22:54:00;191;com vítima;298,88;BR-101/RJ;Norte;Colisão Traseira;2;;;;;;;;;;4;4;;;
01/12/2012;21:30:00;174;com vítima;298;BR-101/RJ;Norte;Colisão Traseira;;;;1;;1;;;;;1;;1;;
06/12/2012;12:36:00;117;sem vítima;298;BR-101/RJ;Norte;Colisão Traseira;1;;1;;;;;;;;2;;;;
11/12/2012;06:43:00;29;com vítima;298;BR-101/RJ;Sul;Colisão Lateral;1;;;1;;;;;;;1;1;;;
14/12/2012;17:15:00;154;sem vítima;298;BR-101/RJ;Norte;Colisão Traseira;2;;;;;;;;;;9;;;;
19/12/2012;17:25:00;142;sem vítima;298;BR-101/RJ;Norte;Colisão Traseira;2;;;;;;;;;;4;;;;
19/12/2012;17:37:00;143;sem vítima;298;BR-101/RJ;Norte;Colisão Traseira;2;;;;;1;;;;;6;;;;
26/01/2013;15:59:00;140;sem vítima;298;BR-101/RJ;Sul;Colisão Traseira;2;;;;;;;;;;2;;;;
30/01/2013;18:22:00;150;com vítima;298;BR-101/RJ;Norte;Queda de Moto;;;;1;;1;;;;;1;1;;;
02/02/2013;04:37:00;22;sem vítima;298,9;BR-101/RJ;Norte;Saida de Pista;1;;;;;;;;;;1;;;;
05/02/2013;09:49:00;63;com vítima;298,873;BR-101/RJ;Norte;Capotamento;1;;;;;;;;;;0;;1;;
19/02/2013;20:51:00;201;sem vítima;298;BR-101/RJ;Norte;Colisão Lateral;1;;1;;1;;;;;;3;;;;
28/02/2013;16:58:00;119;sem vítima;298;BR-101/RJ;Norte;Saida de Pista;1;;;;;;;;;;1;;;;
01/03/2013;21:04:00;177;sem vítima;298;BR-101/RJ;Norte;Colisão Lateral;1;;1;;;;;;;;2;;;;
05/03/2013;21:07:00;187;sem vítima;298,4;BR-101/RJ;Norte;Saida de Pista;1;;;;;;;;;;1;;;;
10/03/2013;14:46:00;102;com vítima;298,44;BR-101/RJ;Sul;Atropelamento - Morador;1;;;;;;;;;;1;;1;;
18/03/2013;23:40:00;182;sem vítima;298,8;BR-101/RJ;Sul;Saida de Pista;1;;;;;;;;;;2;;;;
22/03/2013;08:00:00;52;com vítima;298,05;BR-101/RJ;Norte;Saida de Pista;1;;;;;;;;;;0;2;;;