data;horario;n_da_ocorrencia;tipo_de_ocorrencia;km;trecho;sentido;tipo_de_acidente;automovel;bicicleta;caminhao;moto;onibus;outros;tracao_animal;transporte_de_cargas_especiais;trator_maquinas;utilitarios;ilesos;levemente_feridos;moderadamente_feridos;gravemente_feridos;mortos
29/03/2013;06:17:00;40;com vítima;298,8;BR-101/RJ;Norte;Choque - Defensa, barreira ou "submarino";1;;;;;;;;;;4;;1;;
13/04/2013;20:05:00;197;sem vítima;298,488;BR-101/RJ;Norte;Saida de Pista;1;;;;;;;;;;2;;;;
03/05/2013;16:25:00;137;sem vítima;298;BR-101/RJ;Norte;Engavetamento;3;;;;;;;;;;5;;;;
06/06/2013;23:25:00;183;com vítima;298,1;BR-101/RJ;Sul;Atropelamento - Andarilho;1;;;;;;;;;;1;;;1;
10/06/2013;07:28:00;39;com vítima;298,8;BR-101/RJ;Norte;Capotamento;1;;;;;;;;;;1;1;;;
18/06/2013;14:58:00;132;sem vítima;298,403;BR-101/RJ;Norte;Capotamento;1;;;;;;;;;;1;;;;
23/06/2013;02:49:00;9;sem vítima;298,95;BR-101/RJ;Norte;Capotamento;1;;;;;;;;;;4;;;;
29/06/2013;10:43:00;62;sem vítima;298;BR-101/RJ;Norte;Colisão Traseira;1;;;1;;;;;;;3;;;;
03/07/2013;08:55:00;44;sem vítima;298;BR-101/RJ;Norte;Queda de Moto;;;;1;;;;;;;1;;;;
25/07/2013;00:47:00;4;sem vítima;298,01;BR-101/RJ;Norte;Colisão Traseira;;;2;;;;;;;;2;;;;
01/08/2013;23:59:00;174;com vítima;298,709;BR-101/RJ;Norte;Queda de Moto;;;1;1;;1;;;;;3;;1;;
16/08/2013;20:53:00;187;com vítima;298;BR-101/RJ;Norte;Choque - Outros;1;;;;;;;;;;4;1;;;
18/09/2013;13:57:00;113;sem vítima;298;BR-101/RJ;Norte;Saida de Pista;1;;;;;;;;;;1;;;;
23/09/2013;05:26:00;27;sem vítima;298,787;BR-101/RJ;Sul;Saida de Pista;1;;;;;;;;;;1;;;;
25/09/2013;04:04:00;12;sem vítima;298,755;BR-101/RJ;Sul;Saida de Pista;1;;;;;;;;;;1;;;;
28/09/2013;11:38:00;89;sem vítima;298,899;BR-101/RJ;Norte;Colisão Traseira;1;;;1;;;;;;;2;;;;
16/10/2013;07:49:00;44;sem vítima;298,401;BR-101/RJ;Sul;Colisão Traseira;2;;;;;;;;;;4;;;;
19/10/2013;16:04:00;139;com vítima;298,4;BR-101/RJ;Norte;Colisão Lateral;2;;;;;;;;;;3;1;;;
20/10/2013;18:04:00;125;sem vítima;298;BR-101/RJ;Sul;Choque - Defensa, barreira ou "submarino";1;;;;;;;;;;1;;;;
24/10/2013;02:09:00;8;com vítima;298,2;BR-101/RJ;Norte;Colisão Traseira;1;;;1;;;;;;;1;1;1;;
08/11/2013;13:17:00;125;sem vítima;298;BR-101/RJ;Norte;Colisão Traseira;1;;;;;1;;;;;2;;;;
11/11/2013;22:42:00;215;com vítima;298;BR-101/RJ;Norte;Queda de Moto;;;;1;;1;;;;;1;1;;;
15/11/2013;16:51:00;161;com vítima;298;BR-101/RJ;Norte;Colisão Lateral;1;;;1;;;;;;;1;;1;;
21/11/2013;13:38:00;121;com vítima;298,929;BR-101/RJ;Norte;Capotamento;1;;;;;;;;;;2;1;;;
23/11/2013;14:41:00;122;com vítima;298;BR-101/RJ;Norte;Choque - Outros;1;;;;;1;;;;;1;2;;;
04/01/2014;02:29:00;14;com vítima;298,036;BR-101/RJ;Norte;Queda de Moto;;;;1;;;;;;;0;2;;;
03/02/2014;12:41:00;128;com vítima;298,752;BR-101/RJ;Norte;Colisão Traseira;1;;;1;;;;;;;0;1;;1;
03/02/2014;09:12:00;82;sem vítima;298,766;BR-101/RJ;Sul;Colisão Traseira;2;;;;1;;;;;;7;;;;
04/02/2014;17:12:00;155;com vítima;298;BR-101/RJ;Norte;Colisão Traseira;1;;1;;;;;;;;3;1;;;
24/02/2014;18:59:00;173;sem vítima;298;BR-101/RJ;Norte;Colisão Traseira;1;;;;1;;;;;;2;;;;
25/02/2014;17:03:00;158;sem vítima;298;BR-101/RJ;Norte;Colisão Lateral;1;;1;;;;;;;;2;;;;
25/02/2014;06:16:00;32;com vítima;298,689;BR-101/RJ;Sul;Atropelamento - Morador;;;;;1;;;;;;1;;;;1
26/02/2014;15:25:00;150;sem vítima;298;BR-101/RJ;Sul;Colisão Traseira;2;;;;;;;;;;2;;;;
16/03/2014;03:01:00;12;com vítima;298,477;BR-101/RJ;Sul;Atropelamento - Morador;1;;;;;;;;;;1;;;;1
17/03/2014;14:46:00;147;com vítima;298,44;BR-101/RJ;Sul;Colisão Traseira;2;;;;;;;;;;3;;1;;
17/04/2014;15:35:00;127;sem vítima;298;BR-101/RJ;Norte;Colisão Traseira;;;;2;;;;;;;3;;;;
08/05/2014;18:21:00;177;com vítima;298,425;BR-101/RJ;Sul;Colisão Lateral;;;;1;;1;;;;;1;2;;;
12/05/2014;12:10:00;101;com vítima;298;BR-101/RJ;Sul;Colisão Lateral;;;;2;;;;;;;1;3;;;
20/05/2014;13:32:00;98;sem vítima;298;BR-101/RJ;Sul;Colisão Lateral;2;;;;;;;;;;3;;;;
21/05/2014;05:55:00;18;sem vítima;298;BR-101/RJ;Sul;Engavetamento;3;;;;;;;;;;6;;;;
25/05/2014;01:26:00;17;sem vítima;298,301;BR-101/RJ;Norte;Outros - Sequência;;;3;;;;;;;;3;;;;
30/05/2014;22:00:00;188;sem vítima;298,99;BR-101/RJ;Norte;Colisão Traseira;2;;;;;1;;;;;9;;;;
05/06/2014;14:29:00;120;com vítima;298,885;BR-101/RJ;Norte;Queda de Moto;;;;1;;;;;;;0;1;;;
07/06/2014;16:30:00;112;sem vítima;298;BR-101/RJ;Sul;Colisão Traseira;2;;;;;1;;;;;4;;;;
07/06/2014;17:49:00;126;com vítima;298;BR-101/RJ;Norte;Queda de Moto;;;;1;;;;;;;0;;1;;
19/06/2014;17:11:00;86;com vítima;298,35;BR-101/RJ;Sul;Choque - Defensa, barreira ou "submarino";1;;;;;;;;;;3;1;;;
21/06/2014;12:02:00;54;sem vítima;298;BR-101/RJ;Norte;Colisão Traseira;2;;;;;;;;;;4;;;;
22/06/2014;23:12:00;163;sem vítima;298,56;BR-101/RJ;Norte;Saida de Pista;2;;;;;;;;;;6;;;;
29/06/2014;12:14:00;78;sem vítima;298;BR-101/RJ;Sul;Colisão Lateral;2;;;;;;;;;;3;;;;
11/07/2014;18:23:00;153;com vítima;298;BR-101/RJ;Sul;Colisão Traseira;1;;;;1;;;;;;4;1;;;
11/07/2014;18:50:00;158;com vítima;298;BR-101/RJ;Norte;Colisão Lateral;1;;;1;;;;;;;5;1;;;
11/07/2014;14:01:00;108;com vítima;298,392;BR-101/RJ;Sul;Colisão Traseira;1;;;;;;;;;1;3;1;;;
23/07/2014;16:41:00;125;com vítima;298,495;BR-101/RJ;Sul;Colisão Traseira;2;;;;;;;;;;0;3;2;;
26/07/2014;03:22:00;9;sem vítima;298;BR-101/RJ;Norte;Choque - Defensa, barreira ou "submarino";1;;;;;;;;;;0;;;;
11/08/2014;16:42:00;122;sem vítima;298,38;BR-101/RJ;Sul;Choque - Defensa, barreira ou "submarino";1;;;;;;;;;;1;;;;
24/08/2014;07:07:00;31;com vítima;298,613;BR-101/RJ;Norte;Queda de Moto;;;;1;;;;;;;0;1;;;
02/09/2014;09:52:00;70;com vítima;298;BR-101/RJ;Sul;Queda de Moto;;;;1;;;;;;;0;2;;;
09/09/2014;04:31:00;19;sem vítima;298;BR-101/RJ;Norte;Colisão Traseira;1;;1;;;;;;;;2;;;;
13/09/2014;21:30:00;154;com vítima;298;BR-101/RJ;Norte;Choque - Suporte de Sinalização;1;;;;;;;;;;0;1;;;
15/09/2014;21:34:00;196;sem vítima;298;BR-101/RJ;Sul;Colisão Lateral;1;;;;1;;;;;;3;;;;
02/10/2014;19:19:00;133;com vítima;298;BR-101/RJ;Norte;Colisão Lateral;;;;1;;1;;;;;1;1;;;
05/10/2014;00:07:00;1;sem vítima;298;BR-101/RJ;Sul;Choque - Defensa, barreira ou "submarino";1;;;;;;;;;;1;;;;
08/10/2014;11:32:00;82;sem vítima;298;BR-101/RJ;Sul;Colisão Traseira;2;;;;;;;;;;2;;;;
19/10/2014;23:49:00;194;sem vítima;298;BR-101/RJ;Sul;Saida de Pista;1;;;;;;;;;;1;;;;
26/10/2014;00:30:00;2;sem vítima;298,334;BR-101/RJ;Sul;Engavetamento;3;;;;;;;;;;6;;;;
09/11/2014;23:10:00;154;sem vítima;298;BR-101/RJ;Sul;Choque - Defensa, barreira ou "submarino";1;;;;;;;;;;2;;;;
15/11/2014;07:48:00;34;sem vítima;298;BR-101/RJ;Sul;Colisão Lateral;1;;;;1;;;;;;5;;;;
08/12/2014;18:40:00;169;sem vítima;298;BR-101/RJ;Norte;Colisão Lateral;1;;1;;;;;;;;4;;;;
17/12/2014;05:23:00;22;sem vítima;298;BR-101/RJ;Sul;Colisão Lateral;2;;;;;;;;;;5;;;;
22/12/2014;16:56:00;150;com vítima;298,8;BR-101/RJ;Norte;Colisão Traseira;1;;;2;;;;;;;2;;1;1;
26/12/2014;11:15:00;59;sem vítima;298;BR-101/RJ;Norte;Colisão Traseira;2;;;;;;;;;;5;;;;
26/12/2014;12:52:00;75;com vítima;298;BR-101/RJ;Norte;Queda de Moto;;;;1;;;;;;;0;1;;;
27/12/2014;09:38:00;47;sem vítima;298;BR-101/RJ;Norte;Colisão Traseira;2;;;;;;;;;;2;;;;
27/12/2014;12:17:00;73;sem vítima;298;BR-101/RJ;Norte;Colisão Traseira;2;;;;;;;;;;2;;;;
29/12/2014;09:11:00;56;sem vítima;298;BR-101/RJ;Norte;Colisão Traseira;2;;;;;;;;;;4;;;;
30/12/2014;14:16:00;110;sem vítima;298;BR-101/RJ;Norte;Colisão Traseira;2;;;;;;;;;;7;;;;
09/01/2015;18:13:00;151;sem vítima;298;BR-101/RJ;Norte;Colisão Lateral;2;;;1;;;;;;;3;;;;
24/01/2015;17:07:00;113;sem vítima;298;BR-101/RJ;Sul;Colisão Lateral;1;;;;1;;;;;;3;;;;
31/01/2015;18:57:00;123;sem vítima;298;BR-101/RJ;Sul;Colisão Traseira;2;;;;;;;;;;2;;;;
06/02/2015;11:34:00;85;sem vítima;298;BR-101/RJ;Sul;Colisão Traseira;;;1;;;;;;;1;4;0;0;0;0
10/02/2015;19:39:00;195;sem vítima;298;BR-101/RJ;Sul;Colisão Lateral;1;;;;1;;;;;;3;0;0;0;0
13/02/2015;14:43:00;139;sem vítima;298;BR-101/RJ;Sul;Colisão Lateral;1;;;;1;;;;;;5;0;0;0;0
18/02/2015;11:01:00;76;sem vítima;298;BR-101/RJ;Sul;Colisão Traseira;1;;;;;;;;;1;4;0;0;0;0
13/03/2015;21:58:00;173;sem vítima;298;BR-101/RJ;Sul;Engavetamento;3;;;;;;;;;;7;0;0;0;0
15/03/2015;22:46:00;181;com vítima;298;BR-101/RJ;Sul;Colisão Transversal;1;;;1;;;;;;;5;1;1;0;0
23/03/2015;18:02:00;192;com vítima;298;BR-101/RJ;Sul;Choque - Poste;1;;;;;;;;;;1;1;0;0;0
25/03/2015;17:15:00;136;sem vítima;298;BR-101/RJ;Sul;Colisão Traseira;1;;;;1;;;;;;2;0;0;0;0
27/03/2015;16:14:00;152;com vítima;298;BR-101/RJ;Norte;Colisão Traseira;1;;;;1;;;;;;1;1;0;0;0
13/04/2015;18:46:00;174;com vítima;298;BR-101/RJ;Norte;Colisão Traseira;1;;;1;;;;;;;2;1;;;
10/05/2015;10:55:00;70;sem vítima;298;BR-101/RJ;Norte;Colisão Traseira;2;;;;;;;;;;3;;;;
10/05/2015;10:55:00;64;sem vítima;298,5;BR-101/RJ;Norte;Choque - Defensa, barreira ou "submarino";1;;;;;;;;;;1;;;;
23/05/2015;12:55:00;96;com vítima;298;BR-101/RJ;Sul;Outros - Sequência;;;;1;1;1;;;;;2;;1;;
28/05/2015;12:27:00;119;sem vítima;298;BR-101/RJ;Sul;Colisão Traseira;2;;;;;;;;;;5;;;;
15/06/2015;06:25:00;23;com vítima;298;BR-101/RJ;Norte;Colisão Lateral;1;;;1;;;;;;;1;2;;;
15/06/2015;09:13:00;63;sem vítima;298,02;BR-101/RJ;Norte;Colisão Traseira;2;;;;;;;;;;2;;;;
21/06/2015;08:44:00;46;sem vítima;298;BR-101/RJ;Norte;Choque - Defensa, barreira ou "submarino";1;;;;;1;;;;;2;;;;
17/07/2015;20:47:00;224;com vítima;298;BR-101/RJ;Norte;Colisão Lateral;1;;;1;;;;;;;1;2;;;
19/07/2015;07:35:00;40;com vítima;298,413;BR-101/RJ;Norte;Queda de Moto;;;;1;;;;;;;0;1;;;
05/08/2015;18:47:00;159;sem vítima;298;BR-101/RJ;Sul;Colisão Lateral;1;;1;;;;;;;;2;;;;
10/08/2015;16:15:00;165;sem vítima;298,3;BR-101/RJ;Norte;Colisão Lateral;2;;;;;;;;;;4;;;;
15/08/2015;10:59:00;70;sem vítima;298;BR-101/RJ;Norte;Colisão Traseira;2;;;;;;;;;;5;;;;
04/09/2015;06:42:00;25;sem vítima;298;BR-101/RJ;Sul;Colisão Traseira;2;;;;;;;;;;2;;;;
08/09/2015;05:53:00;45;sem vítima;298;BR-101/RJ;Sul;Colisão Traseira;1;;;;;1;;;;;4;;;;
10/09/2015;09:03:00;70;sem vítima;298,271;BR-101/RJ;Norte;Choque - Defensa, barreira ou "submarino";1;;;;;;;;;;1;;;;
04/10/2015;07:11:00;29;com vítima;298,52;BR-101/RJ;Sul;Choque - Defensa, barreira ou "submarino";1;;;;;;;;;;0;;1;;
15/10/2015;20:39:00;213;sem vítima;298;BR-101/RJ;Norte;Colisão Lateral;1;;1;;;;;;;;2;;;;
14/11/2015;05:00:00;25;sem vítima;298,613;BR-101/RJ;Sul;Choque - Defensa, barreira ou "submarino";2;;;;;;;;;;3;;;;
21/11/2015;11:53:00;73;sem vítima;298,947;BR-101/RJ;Norte;Choque - Outros;1;;;;;;;;;;3;;;;
29/11/2015;15:54:00;125;com vítima;298;BR-101/RJ;Norte;Queda de Moto;;;;1;;;;;;;0;2;;;
05/12/2015;11:48:00;97;sem vítima;298;BR-101/RJ;Sul;Colisão Traseira;2;;;;;;;;;;6;;;;
14/12/2015;22:47:00;245;sem vítima;298;BR-101/RJ;Sul;Colisão Lateral;1;;;;;1;;;;;2;;;;
15/12/2015;09:13:00;94;com vítima;298;BR-101/RJ;Sul;Engavetamento;3;;;;;;;;;;2;1;;;
21/12/2015;05:48:00;23;com vítima;298,016;BR-101/RJ;Sul;Capotamento;1;;;;;;;;;;0;1;1;;
10/01/2010;09:04:00;58;sem vítima;299;BR-101/RJ;Norte;Colisão Traseira;2;;;;;;;;;;2;;;;
10/01/2010;11:36:00;95;sem vítima;299;BR-101/RJ;Norte;Colisão Traseira;1;;;;1;;;;;;28;;;;
22/01/2010;18:02:00;161;com vítima;299;BR-101/RJ;Norte;Atropelamento - Ciclista;1;;;;;;;;;;2;;1;;
29/01/2010;11:00:00;92;sem vítima;299;BR-101/RJ;Sul;Colisão Traseira;2;;;;;;;;;;5;;;;
30/01/2010;00:09:00;3;com vítima;299;BR-101/RJ;Norte;Atropelamento - Morador;;;;;;;;;;1;0;;2;;
07/02/2010;18:41:00;171;sem vítima;299;BR-101/RJ;Sul;Colisão Traseira;2;;;;;;;;;;6;;;;
13/02/2010;05:27:00;75;sem vítima;299;BR-101/RJ;Norte;Colisão Traseira;1;;;;;;;;;;1;;;;
14/02/2010;22:08:00;241;com vítima;299;BR-101/RJ;Norte;Atropelamento - Ciclista;1;1;;;;;;;;;2;;;1;1
23/02/2010;16:58:00;159;sem vítima;299;BR-101/RJ;Sul;Colisão Traseira;2;;;;;;;;;;6;;;;
28/02/2010;11:51:00;56;sem vítima;299;BR-101/RJ;Sul;Colisão Traseira;2;;;;;;;;;;3;;;;
03/03/2010;14:07:00;111;sem vítima;299;BR-101/RJ;Norte;Colisão Lateral;2;;;;;;;;;;2;;;;
06/03/2010;13:04:00;110;sem vítima;299;BR-101/RJ;Sul;Choque - Defensa, barreira ou "submarino";1;;;;;;;;;;2;;;;
22/03/2010;05:34:00;21;sem vítima;299;BR-101/RJ;Sul;Choque - Outros;;;;;1;;;;;;35;;;;
25/03/2010;18:53:00;148;sem vítima;299;BR-101/RJ;Sul;Colisão Lateral;2;;;;;;;;;;6;;;;
27/03/2010;18:04:00;141;com vítima;299;BR-101/RJ;Sul;Colisão Lateral;1;;;1;;;;;;;1;;1;;
28/03/2010;13:36:00;77;sem vítima;299;BR-101/RJ;Sul;Colisão Traseira;2;;;;;;;;;;3;;;;
31/03/2010;18:32:00;158;sem vítima;299;BR-101/RJ;Sul;Colisão Lateral;2;;;;;;;;;;3;;;;
01/04/2010;15:52:00;160;sem vítima;299;BR-101/RJ;Sul;Colisão Lateral;2;;;;;;;;;;2;;;;
08/04/2010;17:36:00;145;sem vítima;299;BR-101/RJ;Sul;Colisão Traseira;2;;;;;;;;;;4;;;;
12/04/2010;20:27:00;175;sem vítima;299;BR-101/RJ;Sul;Capotamento;;;;;;;;;;1;1;;;;
15/04/2010;14:48:00;128;com vítima;299;BR-101/RJ;Norte;Colisão Traseira;3;;;;;;;;;;3;;1;;
17/04/2010;13:16:00;82;sem vítima;299;BR-101/RJ;Norte;Colisão Frontal;1;;;1;;;;;;;2;;;;
20/04/2010;10:01:00;69;com vítima;299,5;BR-101/RJ;Norte;Colisão Traseira;1;;;1;;;;;;;1;;;1;
26/04/2010;00:30:00;3;sem vítima;299;BR-101/RJ;Norte;Saida de Pista;1;;;;;;;;;;5;;;;
30/04/2010;06:39:00;36;com vítima;299;BR-101/RJ;Norte;Colisão Traseira;;;;1;;;;;;1;1;;1;;
30/04/2010;12:02:00;75;com vítima;299;BR-101/RJ;Sul;Atropelamento - Outros;1;;;;;;;;;;1;;1;;
10/05/2010;16:55:00;150;sem vítima;299;BR-101/RJ;Norte;Choque - Defensa, barreira ou "submarino";1;;;;;;;;;;1;;;;
15/05/2010;03:26:00;23;com vítima;299,29998779296875;BR-101/RJ;Sul;Capotamento;1;;;;;;;;;;0;;3;;
18/05/2010;21:34:00;160;sem vítima;299;BR-101/RJ;Sul;Tombamento;;;1;;;;;;;;2;;;;
19/05/2010;04:14:00;13;sem vítima;299;BR-101/RJ;Norte;Capotamento;1;;;;;;;;;;1;;;;
29/05/2010;03:44:00;23;com vítima;299;BR-101/RJ;Sul;Atropelamento - Andarilho;;;;;;1;;;;;1;;1;;
03/06/2010;08:10:00;41;sem vítima;299;BR-101/RJ;Sul;Colisão Lateral;;;2;;;;;;;;2;;;;
03/06/2010;11:37:00;74;sem vítima;299;BR-101/RJ;Norte;Colisão Traseira;1;;;;;;;;;1;4;;;;
04/06/2010;19:19:00;156;com vítima;299;BR-101/RJ;Sul;Atropelamento - Andarilho;;;;;;1;;;;;1;;1;;
11/06/2010;22:23:00;173;com vítima;299;BR-101/RJ;Norte;Colisão Traseira;1;;;1;;;;;;;3;;;1;
12/06/2010;05:24:00;27;sem vítima;299;BR-101/RJ;Sul;Choque - Defensa, barreira ou "submarino";1;;;;;;;;;;3;;;;
18/06/2010;18:05:00;182;sem vítima;299;BR-101/RJ;Sul;Colisão Lateral;2;;;;;;;;;;2;;;;
02/07/2010;10:43:00;73;sem vítima;299;BR-101/RJ;Sul;Colisão Traseira;1;;1;;;;;;;;5;;;;
03/07/2010;07:51:00;29;com vítima;299;BR-101/RJ;Norte;Colisão Traseira;1;;;1;;;;;;;4;;1;;
08/07/2010;19:45:00;149;sem vítima;299;BR-101/RJ;Sul;Colisão Lateral;1;;1;;;;;;;;3;;;;
24/07/2010;11:33:00;92;com vítima;299;BR-101/RJ;Sul;Saida de Pista;1;;;;;;;;;;0;2;;;
24/07/2010;12:53:00;104;com vítima;299;BR-101/RJ;Norte;Colisão Lateral;1;;;1;;;;;;;1;3;;;
24/07/2010;13:10:00;109;com vítima;299;BR-101/RJ;Norte;Colisão Traseira;2;;;;;;;;;;1;8;;;
24/07/2010;15:24:00;137;sem vítima;299;BR-101/RJ;Sul;Colisão Lateral;1;;1;;;;;;;;4;;;;
25/07/2010;20:00:00;159;sem vítima;299;BR-101/RJ;Sul;Colisão Lateral;1;;;;;;;;;1;5;;;;
04/08/2010;13:27:00;94;com vítima;299;BR-101/RJ;Sul;Colisão Traseira;3;;;;;;;;;;0;5;4;;
14/08/2010;01:10:00;10;sem vítima;299;BR-101/RJ;Norte;Saida de Pista;1;;;;;;;;;;1;;;;
18/08/2010;21:27:00;161;sem vítima;299;BR-101/RJ;Sul;Colisão Traseira;2;;;;;;;;;;2;;;;
22/08/2010;19:09:00;138;sem vítima;299;BR-101/RJ;Norte;Saida de Pista;1;;;;;;;;;;3;;;;
22/08/2010;21:27:00;160;com vítima;299;BR-101/RJ;Norte;Queda de Moto;;;;1;;;;;;;0;1;;;
26/08/2010;20:55:00;185;sem vítima;299;BR-101/RJ;Norte;Colisão Traseira;2;;;;;;;;;;4;;;;
29/08/2010;18:31:00;113;sem vítima;299;BR-101/RJ;Sul;Colisão Lateral;2;;;;;;;;;;2;;;;
02/09/2010;19:26:00;156;sem vítima;299;BR-101/RJ;Norte;Objeto lançado contra veículo;1;;;;;1;;;;;4;;;;
03/09/2010;19:41:00;201;com vítima;299;BR-101/RJ;Norte;Queda de Moto;;;;1;;;;;;;0;;1;;
09/09/2010;12:57:00;96;com vítima;299;BR-101/RJ;Sul;Choque - Defensa, barreira ou "submarino";;;1;;;;;;;;0;;1;;
13/09/2010;06:04:00;21;sem vítima;299;BR-101/RJ;Sul;Saida de Pista;1;;;;;;;;;;1;;;;
19/09/2010;13:25:00;81;sem vítima;299;BR-101/RJ;Norte;Colisão Lateral;1;;;;1;;;;;;2;;;;
21/09/2010;22:42:00;192;sem vítima;299;BR-101/RJ;Sul;Colisão Lateral;;;1;;1;;;;;;2;;;;
09/10/2010;10:20:00;79;sem vítima;299;BR-101/RJ;Norte;Engavetamento;4;;;;;;;;;;16;;;;
31/10/2010;14:48:00;103;sem vítima;299;BR-101/RJ;Sul;Colisão Traseira;3;;;;;;;;;;13;;;;
05/11/2010;13:41:00;110;com vítima;299;BR-101/RJ;Norte;Saida de Pista;1;;;;;;;;;;0;1;;;
11/11/2010;06:05:00;32;sem vítima;299,29998779296875;BR-101/RJ;Sul;Saida de Pista;1;;;;;;;;;;1;;;;
12/11/2010;23:29:00;236;sem vítima;299;BR-101/RJ;Sul;Choque - Cancela de Pedagio;;;1;;;;;;;;1;;;;
14/11/2010;08:41:00;48;com vítima;299;BR-101/RJ;Norte;Capotamento;1;;;;;;;;;;0;2;;;
14/11/2010;12:46:00;77;sem vítima;299;BR-101/RJ;Sul;Colisão Lateral;2;;;;;;;;;;2;;;;
16/11/2010;06:04:00;28;sem vítima;299;BR-101/RJ;Sul;Colisão Traseira;1;;1;;;;;;;;2;;;;
19/11/2010;06:19:00;36;sem vítima;299;BR-101/RJ;Sul;Colisão Lateral;1;;;;1;;;;;;2;;;;
19/11/2010;18:25:00;166;sem vítima;299;BR-101/RJ;Sul;Colisão Lateral;2;;;;;;;;;;2;;;;
20/11/2010;00:55:00;9;com vítima;299;BR-101/RJ;Norte;Saida de Pista;1;;;;;;;;;;0;2;;;
26/11/2010;00:35:00;6;com vítima;299;BR-101/RJ;Norte;Choque - Defensa, barreira ou "submarino";1;;;;;;;;;;0;;1;;
30/11/2010;15:09:00;125;sem vítima;299;BR-101/RJ;Sul;Colisão Traseira;1;;;;;;;;;1;6;;;;
04/12/2010;14:32:00;118;sem vítima;299;BR-101/RJ;Norte;Colisão Traseira;2;;;;;;;;;;3;;;;
09/12/2010;08:37:00;43;com vítima;299;BR-101/RJ;Sul;Tombamento;;;1;;;;;;;;0;1;;;
12/12/2010;10:23:00;59;sem vítima;299;BR-101/RJ;Sul;Tombamento;;;1;;;;;;;;1;;;;
12/12/2010;13:25:00;90;com vítima;299;BR-101/RJ;Norte;Saida de Pista;1;;;;;;;;;;2;1;;;
12/12/2010;14:15:00;97;sem vítima;299;BR-101/RJ;Sul;Colisão Lateral;1;;;;1;;;;;;4;;;;
13/12/2010;09:08:00;60;sem vítima;299;BR-101/RJ;Sul;Colisão Traseira;1;;1;;;;;;;;2;;;;
15/12/2010;22:00:00;210;sem vítima;299;BR-101/RJ;Sul;Saida de Pista;;;;;;;;;;1;1;;;;
17/12/2010;06:15:00;28;sem vítima;299;BR-101/RJ;Sul;Colisão Traseira;2;;;;;;;;;;2;;;;
23/12/2010;11:36:00;114;com vítima;299;BR-101/RJ;Sul;Colisão Traseira;1;;1;;;;;;;;2;1;;;
25/12/2010;15:05:00;95;sem vítima;299;BR-101/RJ;Norte;Colisão Traseira;1;;;1;;;;;;;2;;;;
30/12/2010;14:34:00;109;com vítima;299;BR-101/RJ;Norte;Colisão Lateral;1;;;1;;;;;;;2;;1;;
31/12/2010;00:21:00;6;sem vítima;299;BR-101/RJ;Norte;Colisão Lateral;1;;1;;;;;;;;2;;;;
04/01/2011;17:21:00;175;sem vítima;299;BR-101/RJ;Sul;Colisão Lateral;1;;1;;;;;;;;2;;;;
05/01/2011;10:50:00;69;sem vítima;299;BR-101/RJ;Sul;Colisão Traseira;2;;;;;;;;;;3;;;;
05/01/2011;18:39:00;183;sem vítima;299;BR-101/RJ;Norte;Colisão Lateral;2;;;;;;;;;;3;;;;
05/01/2011;20:27:00;208;sem vítima;299;BR-101/RJ;Norte;Saida de Pista;1;;;;;;;;;;1;;;;
06/01/2011;05:26:00;34;com vítima;299,5;BR-101/RJ;Norte;Saida de Pista;;;;1;;;;;;;0;1;;;
13/01/2011;09:57:00;53;sem vítima;299;BR-101/RJ;Sul;Colisão Traseira;2;;;;;;;;;;2;;;;
14/01/2011;04:15:00;25;sem vítima;299;BR-101/RJ;Sul;Choque - Defensa, barreira ou "submarino";;;1;;;;;;;;1;;;;
18/01/2011;16:38:00;135;sem vítima;299;BR-101/RJ;Sul;Saida de Pista;1;;;;;;;;;;1;;;;
19/01/2011;23:19:00;243;sem vítima;299;BR-101/RJ;Norte;Colisão Lateral;2;;;;;;;;;;4;;;;
21/01/2011;10:33:00;86;sem vítima;299,5;BR-101/RJ;Sul;Colisão Traseira;2;;;;;;;;;;6;;;;
22/01/2011;14:58:00;134;com vítima;299;BR-101/RJ;Sul;Choque - Defensa, barreira ou "submarino";1;;;;;1;;;;;1;2;1;;
23/01/2011;21:05:00;176;com vítima;299;BR-101/RJ;Norte;Atropelamento - Ciclista;;1;;;;1;;;;;1;;1;;
24/01/2011;16:20:00;177;sem vítima;299;BR-101/RJ;Sul;Colisão Traseira;2;;;;;;;;;;2;;;;
28/01/2011;19:17:00;243;sem vítima;299;BR-101/RJ;Sul;Colisão Traseira;2;;;;;;;;;;2;;;;
30/01/2011;22:16:00;182;sem vítima;299;BR-101/RJ;Sul;Choque - Outros;;;1;;;1;;;;;2;;;;
31/01/2011;08:20:00;54;com vítima;299;BR-101/RJ;Norte;Queda de Moto;;;;1;;;;;;;0;;;1;
01/02/2011;18:20:00;178;sem vítima;299;BR-101/RJ;Sul;Colisão Traseira;2;;;;;;;;;;2;;;;
03/02/2011;22:03:00;191;sem vítima;299;BR-101/RJ;Sul;Colisão Traseira;1;;1;;;;;;;;3;;;;
04/02/2011;18:27:00;174;sem vítima;299;BR-101/RJ;Norte;Colisão Lateral;1;;1;;;;;;;;2;;;;
06/02/2011;18:45:00;167;sem vítima;299;BR-101/RJ;Sul;Saida de Pista;1;;;;;;;;;;2;;;;
11/02/2011;00:34:00;1;com vítima;299;BR-101/RJ;Norte;Queda de Moto;;;;1;;;;;;;0;2;;;
18/02/2011;00:25:00;6;sem vítima;299;BR-101/RJ;Sul;Colisão Traseira;1;;1;;;;;;;;2;;;;