data;horario;n_da_ocorrencia;tipo_de_ocorrencia;km;trecho;sentido;tipo_de_acidente;automovel;bicicleta;caminhao;moto;onibus;outros;tracao_animal;transporte_de_cargas_especiais;trator_maquinas;utilitarios;ilesos;levemente_feridos;moderadamente_feridos;gravemente_feridos;mortos
18/02/2011;11:57:00;80;sem vítima;299;BR-101/RJ;Norte;Queda de Moto;;;;1;;1;;;;;3;;;;
18/02/2011;15:58:00;127;sem vítima;299;BR-101/RJ;Norte;Colisão Traseira;1;;;1;;;;;;;2;;;;
18/02/2011;17:42:00;149;com vítima;299;BR-101/RJ;Norte;Atropelamento - Ambulante;;;;1;;;;;;;1;;1;;
18/02/2011;18:31:00;157;sem vítima;299;BR-101/RJ;Sul;Colisão Traseira;2;;;;;;;;;;2;;;;
27/02/2011;19:18:00;177;com vítima;299;BR-101/RJ;Sul;Atropelamento - Morador;;1;;;;1;;;;;1;;;;1
23/03/2011;04:30:00;19;com vítima;301;BR-101/RJ;Sul;Atropelamento - Morador;;;;;;1;;;;;1;;;;1
23/03/2011;08:45:00;59;sem vítima;290;BR-101/RJ;Sul;Colisão Lateral;1;;;;;1;;;;;3;;;;
23/03/2011;08:54:00;63;sem vítima;289;BR-101/RJ;Norte;Colisão Traseira;1;;;;;1;;;;;2;;;;
23/03/2011;09:24:00;70;sem vítima;78;BR-101/RJ;Norte;Objeto lançado contra veículo;1;;;;;;;;;1;4;;;;
23/03/2011;10:46:00;85;sem vítima;28;BR-101/RJ;Norte;Capotamento;1;;;;;;;;;;2;;;;
23/03/2011;12:42:00;98;sem vítima;318;BR-101/RJ;Sul;Colisão Traseira;1;;1;;;;;;;;3;;;;
23/03/2011;13:26:00;104;sem vítima;297;BR-101/RJ;Norte;Colisão Lateral;1;;1;;;;;;;;2;;;;
23/03/2011;17:44:00;145;com vítima;170;BR-101/RJ;Sul;Colisão Lateral;1;;1;;;;;;;;1;;1;;
03/05/2011;04:07:00;6;sem vítima;299;BR-101/RJ;Norte;Saida de Pista;1;;;;;;;;;;2;;;;
16/05/2011;05:10:00;11;sem vítima;299;BR-101/RJ;Sul;Choque - Defensa, barreira ou "submarino";;;;;1;;;;;;1;;;;
20/05/2011;05:09:00;8;com vítima;299;BR-101/RJ;Norte;Capotamento;1;;;;;;;;;;0;;1;;
20/05/2011;21:53:00;181;sem vítima;299;BR-101/RJ;Sul;Saida de Pista;1;;;;;;;;;;1;;;;
22/05/2011;03:42:00;14;com vítima;299;BR-101/RJ;Norte;Capotamento;1;;;;;;;;;;1;1;;;
07/06/2011;21:38:00;185;sem vítima;299;BR-101/RJ;Sul;Atropelamento de Animal;1;;;;;1;;;;;2;;;;
11/06/2011;06:52:00;43;sem vítima;299;BR-101/RJ;Sul;Choque - Outros;1;;;;;;;;;;3;;;;
12/06/2011;16:20:00;110;sem vítima;299;BR-101/RJ;Sul;Colisão Traseira;1;;;;;;;;;1;2;;;;
16/06/2011;11:27:00;84;com vítima;299;BR-101/RJ;Sul;Colisão Traseira;;;;1;1;;;;;;1;1;;;
16/06/2011;17:50:00;149;com vítima;299;BR-101/RJ;Norte;Capotamento;1;;;;;;;;;;0;1;;;
18/06/2011;13:43:00;96;com vítima;299;BR-101/RJ;Sul;Queda de Moto;;;;1;;;;;;;0;1;;;
18/06/2011;19:13:00;143;sem vítima;299;BR-101/RJ;Sul;Colisão Traseira;2;;;;;;;;;;7;;;;
21/06/2011;12:07:00;73;sem vítima;299;BR-101/RJ;Sul;Colisão Traseira;2;;;;;;;;;;2;;;;
24/06/2011;20:35:00;151;sem vítima;299,29998779296875;BR-101/RJ;Sul;Tombamento;;;1;;;;;;;;3;;;;
25/06/2011;12:56:00;83;sem vítima;299;BR-101/RJ;Norte;Choque - Arvore;1;;;;;;;;;;4;;;;
26/06/2011;02:19:00;9;com vítima;299;BR-101/RJ;Norte;Saida de Pista;1;;;;;;;;;;0;4;1;;
30/06/2011;06:08:00;19;com vítima;299,29998779296875;BR-101/RJ;Norte;Queda de Moto;;;;1;;;;;;;0;;1;;
05/08/2011;16:34:00;133;com vítima;299,79998779296875;BR-101/RJ;Norte;Colisão Traseira;2;;;;;;;;;;0;2;1;;
16/08/2011;15:28:00;130;sem vítima;299;BR-101/RJ;Sul;Colisão Frontal;;;;;1;;;;;;1;;;;
19/08/2011;09:51:00;72;sem vítima;299;BR-101/RJ;Norte;Colisão Lateral;;;;1;;1;;;;;2;;;;
21/08/2011;10:29:00;59;sem vítima;299;BR-101/RJ;Sul;Choque - Defensa, barreira ou "submarino";1;;;;;;;;;;1;;;;
25/08/2011;06:12:00;24;sem vítima;299;BR-101/RJ;Norte;Saida de Pista;1;;;;;1;;;;;2;;;;
28/08/2011;16:29:00;109;com vítima;299,6310119628906;BR-101/RJ;Sul;Choque - Defensa, barreira ou "submarino";1;;;;;;;;;;0;;4;;
04/09/2011;21:47:00;141;sem vítima;299;BR-101/RJ;Sul;Colisão Lateral;1;;1;;;1;;;;;4;;;;
17/09/2011;22:17:00;201;sem vítima;299;BR-101/RJ;Sul;Choque - Defensa, barreira ou "submarino";;;;;;1;;;;;1;;;;
24/09/2011;12:59:00;85;sem vítima;299;BR-101/RJ;Sul;Colisão Traseira;2;;;;;;;;;;2;;;;
29/09/2011;05:17:00;18;sem vítima;299;BR-101/RJ;Sul;Saida de Pista;1;;;;;;;;;;1;;;;
01/10/2011;11:21:00;73;sem vítima;299;BR-101/RJ;Norte;Colisão Traseira;1;;;;1;;;;;;3;;;;
03/10/2011;05:18:00;15;com vítima;299;BR-101/RJ;Sul;Colisão Lateral;2;;;1;;;;;;;3;1;;;
07/10/2011;17:27:00;164;sem vítima;299;BR-101/RJ;Norte;Colisão Traseira;1;;1;;;;;;;;6;;;;
09/10/2011;13:54:00;92;sem vítima;299;BR-101/RJ;Norte;Tombamento;;;;;;;;;;1;3;;;;
16/10/2011;17:23:00;105;com vítima;299;BR-101/RJ;Norte;Saida de Pista;1;;;;;;;;;;2;1;;;
17/10/2011;07:51:00;41;com vítima;299;BR-101/RJ;Norte;Saida de Pista;;;;;;;;;;1;3;;2;;
22/10/2011;23:04:00;152;sem vítima;299;BR-101/RJ;Sul;Choque - Defensa, barreira ou "submarino";1;;;;;;;;;;4;;;;
18/11/2011;16:44:00;116;sem vítima;299,5;BR-101/RJ;Sul;Colisão Lateral;1;;;;1;;;;;;2;;;;
26/11/2011;13:23:00;87;sem vítima;299;BR-101/RJ;Sul;Colisão Traseira;2;;;;;;;;;1;4;;;;
26/11/2011;20:19:00;150;com vítima;299;BR-101/RJ;Norte;Choque - Defensa, barreira ou "submarino";1;;;;;;;;;;0;;1;;
11/12/2011;01:01:00;8;sem vítima;299;BR-101/RJ;Norte;Colisão Traseira;1;;1;;;;;;;;7;;;;
18/12/2011;18:28:00;121;sem vítima;299;BR-101/RJ;Sul;Colisão Traseira;2;;;;;;;;;;2;;;;
20/12/2011;18:30:00;185;sem vítima;299;BR-101/RJ;Norte;Saida de Pista;1;;;;;;;;;;1;;;;
21/12/2011;18:55:00;206;sem vítima;299;BR-101/RJ;Norte;Colisão Traseira;1;;;;;;;;;;2;;;;
25/12/2011;22:46:00;177;sem vítima;299;BR-101/RJ;Sul;Colisão Traseira;2;;;;;;;;;;4;;;;
26/12/2011;19:00:00;169;sem vítima;299;BR-101/RJ;Norte;Colisão Traseira;1;;;;1;;;;;;43;;;;
01/01/2012;04:21:00;24;com vítima;299;BR-101/RJ;Norte;Capotamento;1;;;;;;;;;;0;;3;2;
06/01/2012;11:57:00;76;sem vítima;299;BR-101/RJ;Norte;Outros - Sequência;2;;;;;;;;;;4;;;;
19/01/2012;19:52:00;184;sem vítima;299;BR-101/RJ;Sul;Tombamento;;;1;;;;;;;;4;;;;
23/01/2012;13:54:00;118;com vítima;299;BR-101/RJ;Sul;Queda de Moto;;;;1;;;;;;;0;1;;;
11/02/2012;00:52:00;3;com vítima;299;BR-101/RJ;Sul;Capotamento;1;;;;;;;;;;0;;1;;
11/02/2012;10:28:00;70;sem vítima;299,6;BR-101/RJ;Norte;Colisão Traseira;1;;;;;;;;;1;2;;;;
12/02/2012;03:49:00;18;sem vítima;299;BR-101/RJ;Sul;Tombamento;1;;;;;;;;;;2;;;;
16/02/2012;09:14:00;65;sem vítima;299;BR-101/RJ;Norte;Colisão Traseira;1;;;;;;;;;1;6;;;;
18/02/2012;14:21:00;214;com vítima;299;BR-101/RJ;Norte;Colisão Traseira;;;;2;;;;;;;0;2;;;
19/02/2012;07:44:00;50;sem vítima;299;BR-101/RJ;Norte;Colisão Traseira;2;;;;;;;;;;3;;;;
19/02/2012;07:48:00;51;com vítima;299;BR-101/RJ;Sul;Queda de Moto;;;;1;;;;;;;0;1;;;
03/03/2012;01:11:00;7;sem vítima;299;BR-101/RJ;Norte;Colisão Traseira;1;;;;1;;;;;;2;;;;
04/03/2012;19:04:00;142;sem vítima;299;BR-101/RJ;Norte;Saida de Pista;1;;;;;;;;;;1;;;;
29/03/2012;15:30:00;114;sem vítima;299;BR-101/RJ;Sul;Colisão Traseira;1;;1;;;;;;;;2;;;;
01/04/2012;11:27:00;69;sem vítima;299;BR-101/RJ;Norte;Colisão Traseira;2;;;;;;;;;;3;;;;
06/04/2012;21:54:00;190;sem vítima;299;BR-101/RJ;Norte;Choque - Defensa, barreira ou "submarino";1;;;;;;;;;;1;;;;
07/04/2012;22:38:00;157;sem vítima;299;BR-101/RJ;Norte;Choque - Defensa, barreira ou "submarino";1;;;;;;;;;;1;;;;
09/04/2012;17:01:00;151;sem vítima;299;BR-101/RJ;Norte;Choque - Defensa, barreira ou "submarino";1;;;;;;;;;;5;;;;
10/04/2012;15:47:00;109;sem vítima;299;BR-101/RJ;Norte;Colisão Traseira;2;;;;;;;;;;2;;;;
11/04/2012;13:13:00;96;sem vítima;299;BR-101/RJ;Sul;Colisão Traseira;1;;;;;;;;;1;2;;;;
14/04/2012;23:03:00;177;sem vítima;299;BR-101/RJ;Sul;Colisão Traseira;;;2;;;;;;;;2;;;;
22/04/2012;11:39:00;61;sem vítima;299;BR-101/RJ;Norte;Saida de Pista;1;;;;;;;;;;3;;;;
22/04/2012;11:49:00;62;sem vítima;299;BR-101/RJ;Norte;Colisão Traseira;2;;;;;;;;;;5;;;;
22/04/2012;11:38:00;63;sem vítima;299;BR-101/RJ;Norte;Capotamento;;;;;;;;;;1;1;;;;
22/04/2012;19:48:00;128;sem vítima;299;BR-101/RJ;Norte;Saida de Pista;1;;;;;1;;;;;2;;;;
09/05/2012;21:36:00;182;sem vítima;299;BR-101/RJ;Norte;Colisão Lateral;1;;;;1;;;;;;2;;;;
30/05/2012;08:54:00;48;com vítima;299;BR-101/RJ;Sul;Colisão Lateral;1;;;1;;;;;;;3;1;;;
31/05/2012;12:31:00;105;sem vítima;299;BR-101/RJ;Norte;Colisão Traseira;2;;;;;1;;;;;5;;;;
02/06/2012;23:27:00;203;sem vítima;299;BR-101/RJ;Sul;Capotamento;1;;;;;;;;;;1;;;;
03/06/2012;14:59:00;116;com vítima;299;BR-101/RJ;Sul;Colisão Traseira;1;;;1;;;;;;;2;;;1;
04/06/2012;00:42:00;5;sem vítima;299;BR-101/RJ;Sul;Choque - Defensa, barreira ou "submarino";1;;;;;;;;;;1;;;;
04/06/2012;19:12:00;148;sem vítima;299;BR-101/RJ;Sul;Colisão Traseira;2;;;;;;;;;;4;;;;
11/06/2012;08:31:00;57;sem vítima;299;BR-101/RJ;Sul;Colisão Traseira;2;;;;;;;;;;2;;;;
17/06/2012;04:36:00;23;com vítima;299;BR-101/RJ;Sul;Saida de Pista;1;;;;;;;;;;0;;1;;
18/06/2012;17:40:00;159;sem vítima;299;BR-101/RJ;Norte;Choque - Defensa, barreira ou "submarino";1;;;;;;;;;;1;;;;
21/06/2012;16:28:00;128;sem vítima;299;BR-101/RJ;Sul;Colisão Traseira;;;2;;;;;;;;2;;;;
26/06/2012;12:02:00;91;sem vítima;299;BR-101/RJ;Sul;Colisão Traseira;2;;;;;;;;;;3;;;;
29/06/2012;18:23:00;181;sem vítima;299;BR-101/RJ;Sul;Colisão Traseira;2;;;;;;;;;;3;;;;
06/07/2012;20:31:00;215;sem vítima;299;BR-101/RJ;Norte;Colisão Traseira;1;;;;;1;;;;;5;;;;
08/07/2012;10:26:00;56;com vítima;299;BR-101/RJ;Norte;Saida de Pista;1;;;;;;;;;;0;;1;;
08/07/2012;13:49:00;84;sem vítima;299;BR-101/RJ;Norte;Saida de Pista;1;;;;;;;;;;1;;;;
08/07/2012;14:27:00;86;com vítima;299;BR-101/RJ;Norte;Choque - Arvore;1;;;;;;;;;;0;;;2;2
11/07/2012;15:28:00;121;com vítima;299,8;BR-101/RJ;Norte;Capotamento;1;;1;;;;;;;;1;1;;;
16/07/2012;04:57:00;15;sem vítima;299;BR-101/RJ;Norte;Saida de Pista;1;;;;;;;;;;1;;;;
21/07/2012;03:06:00;19;sem vítima;299;BR-101/RJ;Sul;Saida de Pista;1;;;;;;;;;;2;;;;
22/07/2012;21:53:00;180;sem vítima;299;BR-101/RJ;Sul;Queda de Moto;;;;1;;;;;;;2;;;;
03/08/2012;14:23:00;114;sem vítima;299;BR-101/RJ;Sul;Colisão Lateral;1;;1;;;;;;;;3;;;;
03/08/2012;15:55:00;130;com vítima;299;BR-101/RJ;Sul;Queda de Moto;;;;1;;;;;;;0;1;;;
10/08/2012;11:36:00;88;sem vítima;299;BR-101/RJ;Sul;Colisão Traseira;1;;1;;;;;;;;5;;;;
13/08/2012;10:51:00;82;com vítima;299;BR-101/RJ;Sul;Colisão Lateral;1;;;1;;;;;;;1;2;;;
01/09/2012;23:09:00;179;sem vítima;299,085;BR-101/RJ;Sul;Saida de Pista;1;;;;;;;;;;1;;;;
04/09/2012;14:19:00;115;sem vítima;299;BR-101/RJ;Norte;Colisão Traseira;1;;1;;;;;;;;3;;;;
12/09/2012;15:07:00;123;sem vítima;299,5;BR-101/RJ;Sul;Colisão Traseira;1;;;;;;;;;1;2;;;;
15/09/2012;13:25:00;103;sem vítima;299;BR-101/RJ;Sul;Colisão Traseira;2;;;;;;;;;;6;;;;
20/09/2012;12:02:00;82;sem vítima;299;BR-101/RJ;Sul;Colisão Traseira;2;;;;;;;;;;3;;;;
25/09/2012;10:12:00;74;sem vítima;299;BR-101/RJ;Sul;Colisão Lateral;1;;1;;;;;;;;2;;;;
30/09/2012;06:13:00;23;sem vítima;299,627;BR-101/RJ;Sul;Choque - Defensa, barreira ou "submarino";1;;;;;;;;;;2;;;;
07/10/2012;03:00:00;12;sem vítima;299,6;BR-101/RJ;Norte;Choque - Defensa, barreira ou "submarino";1;;;;;;;;;;1;;;;
12/10/2012;10:22:00;100;sem vítima;299;BR-101/RJ;Norte;Colisão Lateral;2;;;;;;;;;;7;;;;
12/10/2012;23:43:00;234;com vítima;299,979;BR-101/RJ;Norte;Colisão Traseira;2;;;;;;;;;;3;5;;;
25/11/2012;17:09:00;113;com vítima;299;BR-101/RJ;Sul;Colisão Traseira;1;;;;;1;;;;;5;1;;;
07/12/2012;13:21:00;138;sem vítima;299;BR-101/RJ;Norte;Colisão Lateral;;;2;;;;;;;;2;;;;
12/12/2012;19:39:00;190;sem vítima;299;BR-101/RJ;Sul;Colisão Traseira;1;;;;1;;;;;;6;;;;
12/12/2012;05:55:00;18;sem vítima;299,5;BR-101/RJ;Sul;Colisão Lateral;1;;;;1;;;;;;2;;;;
14/12/2012;14:19:00;118;sem vítima;299;BR-101/RJ;Sul;Colisão Traseira;1;;1;;;;;;;;4;;;;
15/12/2012;10:17:00;76;sem vítima;299;BR-101/RJ;Sul;Colisão Traseira;2;;;;;;;;;;2;;;;
17/12/2012;22:30:00;211;sem vítima;299;BR-101/RJ;Sul;Choque - Defensa, barreira ou "submarino";1;;;;;;;;;;2;;;;
21/12/2012;12:45:00;141;sem vítima;299;BR-101/RJ;Sul;Colisão Traseira;;;2;;;;;;;;2;;;;
24/12/2012;17:53:00;135;sem vítima;299;BR-101/RJ;Norte;Saida de Pista;1;;;;;;;;;;1;;;;
03/01/2013;01:00:00;9;sem vítima;299;BR-101/RJ;Sul;Colisão Traseira;1;;1;;;;;;;;4;;;;
12/01/2013;22:13:00;149;sem vítima;299;BR-101/RJ;Sul;Colisão Traseira;1;;1;;;;;;;;3;;;;
22/01/2013;08:52:00;56;sem vítima;299;BR-101/RJ;Sul;Colisão Traseira;;;;;1;;;;;1;3;;;;
22/01/2013;14:22:00;129;sem vítima;299;BR-101/RJ;Sul;Colisão Traseira;2;;;;;;;;;;9;;;;
14/02/2013;00:40:00;12;sem vítima;299,25;BR-101/RJ;Sul;Tombamento;;;1;;;;;;;;1;;;;
18/02/2013;06:19:00;34;com vítima;299;BR-101/RJ;Norte;Atropelamento - Andarilho;;;;;;1;;;;;1;;1;;
20/02/2013;17:11:00;152;sem vítima;299;BR-101/RJ;Norte;Saida de Pista;1;;;;;;;;;;1;;;;
28/02/2013;20:11:00;148;sem vítima;299;BR-101/RJ;Sul;Colisão Traseira;2;;;;;;;;;;2;;;;
01/03/2013;15:51:00;120;sem vítima;299;BR-101/RJ;Norte;Saida de Pista;1;;;;;;;;;;1;;;;
26/03/2013;17:10:00;152;sem vítima;299;BR-101/RJ;Norte;Colisão Traseira;1;;1;;;;;;;;2;;;;
27/03/2013;21:07:00;181;sem vítima;299;BR-101/RJ;Sul;Choque - Defensa, barreira ou "submarino";;;1;;;;;;;;1;;;;
05/04/2013;14:42:00;106;com vítima;299;BR-101/RJ;Sul;Colisão Traseira;2;;;;;;;;;;1;2;1;;
11/04/2013;22:15:00;179;com vítima;299;BR-101/RJ;Sul;Saida de Pista;;;;1;;;;;;;0;;1;;
13/04/2013;02:51:00;15;sem vítima;299;BR-101/RJ;Sul;Atropelamento de Animal;;;1;;;;;;;;1;;;;
08/06/2013;01:37:00;10;sem vítima;299;BR-101/RJ;Sul;Choque - Defensa, barreira ou "submarino";;;1;;;;;;;;1;;;;
21/06/2013;22:30:00;185;sem vítima;299,556;BR-101/RJ;Norte;Choque - Defensa, barreira ou "submarino";1;;;;;;;;;;1;;;;
22/06/2013;07:32:00;41;sem vítima;299;BR-101/RJ;Sul;Colisão Lateral;1;;;;;;;;;1;2;;;;
28/06/2013;17:57:00;132;sem vítima;299;BR-101/RJ;Sul;Colisão Traseira;;;1;;1;;;;;;2;;;;
06/07/2013;21:11:00;174;sem vítima;299,6;BR-101/RJ;Sul;Queda de Moto;;;;1;;;;;;;1;;;;
07/07/2013;20:12:00;160;com vítima;299;BR-101/RJ;Norte;Queda de Moto;;;;1;;;;;;;2;;1;;
11/07/2013;14:01:00;98;sem vítima;299;BR-101/RJ;Sul;Engavetamento;1;;;;1;;;;;1;35;;;;
01/08/2013;10:05:00;71;com vítima;299,3;BR-101/RJ;Norte;Choque - Defensa, barreira ou "submarino";1;;;;;;;;;;1;;1;;
02/08/2013;15:28:00;119;sem vítima;299;BR-101/RJ;Sul;Choque - Defensa, barreira ou "submarino";1;;;;;;;;;;3;;;;
04/08/2013;15:35:00;121;com vítima;299,48;BR-101/RJ;Norte;Queda de Moto;;;;1;;;;;;;0;2;;;
10/08/2013;12:25:00;89;sem vítima;299;BR-101/RJ;Sul;Colisão Traseira;2;;;;;;;;;;2;;;;
20/08/2013;11:38:00;78;sem vítima;299;BR-101/RJ;Sul;Colisão Traseira;2;;;;;;;;;;2;;;;
22/08/2013;23:12:00;180;sem vítima;299;BR-101/RJ;Sul;Saida de Pista;1;;;;;;;;;;1;;;;
25/08/2013;03:45:00;22;com vítima;299,351;BR-101/RJ;Norte;Colisão Traseira;;;1;1;;;;;;;1;2;;;
29/08/2013;06:18:00;25;sem vítima;299;BR-101/RJ;Sul;Colisão Traseira;1;;1;;;;;;;;2;;;;
30/08/2013;13:09:00;95;sem vítima;299;BR-101/RJ;Sul;Colisão Traseira;2;;;;;;;;;;2;;;;
01/09/2013;12:59:00;71;sem vítima;299;BR-101/RJ;Norte;Capotamento;1;;;;;;;;;;2;;;;
05/09/2013;01:05:00;11;sem vítima;299,7;BR-101/RJ;Sul;Colisão Lateral;1;;1;;;;;;;;5;;;;
08/09/2013;06:37:00;36;sem vítima;299;BR-101/RJ;Norte;Atropelamento de Animal;1;;;;;;;;;;1;;;;
19/09/2013;17:39:00;146;com vítima;299,696;BR-101/RJ;Norte;Colisão Traseira;1;;;;1;;;;;;1;;;1;
21/10/2013;13:21:00;110;sem vítima;299;BR-101/RJ;Sul;Colisão Lateral;1;;;;1;;;;;;2;;;;
22/10/2013;10:15:00;86;com vítima;299,669;BR-101/RJ;Sul;Colisão Traseira;1;;;;;;;;;1;1;2;;;
30/10/2013;15:22:00;125;sem vítima;299;BR-101/RJ;Sul;Colisão Traseira;1;;1;;;;;;;;2;;;;
03/11/2013;22:22:00;215;sem vítima;299;BR-101/RJ;Sul;Colisão Lateral;1;;1;;;;;;;;5;;;;
13/11/2013;11:44:00;83;sem vítima;299;BR-101/RJ;Sul;Colisão Traseira;2;;;;;;;;;;2;;;;
23/11/2013;21:06:00;185;sem vítima;299,591;BR-101/RJ;Sul;Colisão Lateral;2;;;;;;;;;;2;;;;
03/12/2013;05:39:00;21;com vítima;299,228;BR-101/RJ;Norte;Queda de Moto;;;;1;;;;;;;0;1;;;
05/12/2013;14:49:00;126;sem vítima;299;BR-101/RJ;Sul;Colisão Traseira;1;;1;;;;;;;;2;;;;
07/12/2013;07:55:00;58;sem vítima;299;BR-101/RJ;Sul;Engavetamento;3;;;;;;;;;;5;;;;
08/12/2013;15:18:00;123;com vítima;299;BR-101/RJ;Sul;Colisão Traseira;1;;;1;;;;;;;2;2;;;
14/12/2013;10:08:00;77;sem vítima;299;BR-101/RJ;Sul;Colisão Traseira;2;;;;;;;;;;2;;;;
20/12/2013;10:27:00;72;sem vítima;299;BR-101/RJ;Sul;Colisão Lateral;2;;;;;;;;;;2;;;;
21/12/2013;14:22:00;118;sem vítima;299;BR-101/RJ;Sul;Colisão Traseira;2;;;;;;;;;;4;;;;
22/12/2013;06:05:00;35;com vítima;299,33;BR-101/RJ;Norte;Saida de Pista;1;;;;;;;;;;4;;1;;
23/12/2013;17:17:00;184;sem vítima;299;BR-101/RJ;Sul;Colisão Traseira;2;;;;;;;;;;4;;;;
28/12/2013;06:49:00;43;com vítima;299,97;BR-101/RJ;Sul;Queda de Moto;;;;1;;1;;;;;1;;1;;
09/01/2014;05:19:00;20;sem vítima;299;BR-101/RJ;Sul;Colisão Traseira;;;1;;1;;;;;;2;;;;
13/01/2014;00:07:00;3;sem vítima;299,651;BR-101/RJ;Sul;Engavetamento;1;;2;;;;;;;;5;;;;
18/01/2014;04:10:00;43;sem vítima;299;BR-101/RJ;Sul;Colisão Traseira;1;;1;;;;;;;;2;;;;
25/01/2014;14:25:00;120;sem vítima;299,5;BR-101/RJ;Sul;Colisão Traseira;1;;;;;1;;;;;2;;;;
29/01/2014;13:41:00;135;com vítima;299,036;BR-101/RJ;Norte;Engavetamento;4;;;;;;;;;;6;3;;;
22/02/2014;08:43:00;48;sem vítima;299;BR-101/RJ;Norte;Colisão Lateral;1;;;;1;;;;;;2;;;;
22/02/2014;00:57:00;8;com vítima;299,7;BR-101/RJ;Sul;Colisão Traseira;1;;;;;1;;;;;1;1;;;
28/02/2014;21:15:00;243;sem vítima;299,279;BR-101/RJ;Norte;Colisão Traseira;2;;;;;;;;;;8;;;;
01/03/2014;06:11:00;91;sem vítima;299;BR-101/RJ;Sul;Colisão Traseira;1;;;;;;;;;1;2;;;;
06/03/2014;16:00:00;162;sem vítima;299;BR-101/RJ;Sul;Colisão Traseira;1;;1;;;;;;;;2;;;;
13/03/2014;08:30:00;65;sem vítima;299;BR-101/RJ;Sul;Colisão Lateral;2;;;;;;;;;;2;;;;
15/03/2014;08:46:00;62;sem vítima;299,713;BR-101/RJ;Sul;Colisão Traseira;1;;1;;;;;;;;7;;;;
10/04/2014;19:30:00;180;com vítima;299;BR-101/RJ;Sul;Colisão Lateral;;;;1;;1;;;;;1;1;;;
17/04/2014;06:03:00;17;sem vítima;299;BR-101/RJ;Sul;Colisão Traseira;1;;1;;;;;;;;2;;;;
19/04/2014;08:21:00;24;sem vítima;299,73;BR-101/RJ;Sul;Colisão Lateral;2;;;;;;;;;;7;;;;
23/04/2014;05:48:00;28;sem vítima;299;BR-101/RJ;Sul;Colisão Traseira;2;;;;;;;;;;3;;;;
25/04/2014;23:42:00;165;sem vítima;299;BR-101/RJ;Sul;Colisão Traseira;2;;;;;;;;;;4;;;;
30/04/2014;19:29:00;162;sem vítima;299,8;BR-101/RJ;Sul;Colisão Lateral;1;;;;1;;;;;;3;;;;
10/05/2014;00:57:00;4;sem vítima;299,62;BR-101/RJ;Sul;Colisão Traseira;1;;1;;;;;;;;5;;;;
10/05/2014;22:00:00;174;com vítima;299,95;BR-101/RJ;Sul;Colisão Lateral;1;;1;;;;;;;;2;2;;;
30/05/2014;22:56:00;198;sem vítima;299;BR-101/RJ;Norte;Colisão Traseira;2;;;;;;;;;;5;;;;
05/06/2014;12:52:00;104;com vítima;299,145;BR-101/RJ;Norte;Saida de Pista;1;;;;;;;;;;0;;;;2
07/06/2014;15:08:00;95;sem vítima;299;BR-101/RJ;Sul;Choque - Suporte de Sinalização;;;1;;;;;;;;1;;;;
07/06/2014;19:29:00;147;sem vítima;299,5;BR-101/RJ;Sul;Engavetamento;2;;;1;;;;;;;7;;;;
26/06/2014;13:04:00;87;sem vítima;299;BR-101/RJ;Sul;Engavetamento;1;;2;;;;;;;;4;;;;
02/07/2014;21:19:00;179;sem vítima;299;BR-101/RJ;Sul;Choque - Defensa, barreira ou "submarino";1;;;;;;;;;;2;;;;
04/07/2014;12:38:00;80;com vítima;299;BR-101/RJ;Norte;Colisão Lateral;1;;;1;;;;;;;3;;1;;
08/07/2014;03:59:00;11;sem vítima;299;BR-101/RJ;Norte;Atropelamento de Animal;1;;;;;;;;;;1;;;;
19/07/2014;12:08:00;65;sem vítima;299;BR-101/RJ;Norte;Colisão Traseira;2;;;;;;;;;;2;;;;
28/07/2014;15:05:00;115;sem vítima;299;BR-101/RJ;Norte;Colisão Lateral;2;;;;;;;;;;3;;;;
29/07/2014;16:07:00;118;com vítima;299;BR-101/RJ;Norte;Choque - Defensa, barreira ou "submarino";1;;;;;;;;;;0;1;;;
09/08/2014;08:34:00;49;com vítima;299,5;BR-101/RJ;Norte;Engavetamento;3;;;;;;;;;;10;3;;;
14/08/2014;09:02:00;39;sem vítima;299,5;BR-101/RJ;Sul;Colisão Traseira;2;;;;;;;;;;2;;;;
17/08/2014;14:51:00;92;sem vítima;299,5;BR-101/RJ;Sul;Colisão Traseira;2;;;;;;;;;;2;;;;
25/08/2014;02:00:00;12;sem vítima;299;BR-101/RJ;Sul;Engavetamento;;;3;;;;;;;;4;;;;
13/09/2014;09:05:00;59;sem vítima;299;BR-101/RJ;Norte;Colisão Lateral;1;;1;;;;;;;;2;;;;
13/09/2014;21:41:00;160;sem vítima;299,7;BR-101/RJ;Sul;Choque - Outros;;;;;;1;;;;;1;;;;
21/09/2014;03:39:00;13;sem vítima;299;BR-101/RJ;Norte;Colisão Traseira;1;;1;;;;;;;;2;;;;
23/09/2014;16:35:00;123;sem vítima;299;BR-101/RJ;Sul;Colisão Traseira;;;1;;1;;;;;;2;;;;
03/10/2014;21:39:00;176;sem vítima;299,7;BR-101/RJ;Sul;Colisão Traseira;1;;1;;;;;;;;3;;;;
11/10/2014;19:43:00;190;sem vítima;299;BR-101/RJ;Sul;Colisão Traseira;2;;;;;;;;;;7;;;;
13/10/2014;07:39:00;38;com vítima;299,56;BR-101/RJ;Sul;Colisão Lateral;1;;;1;;;;;;;1;1;;;
19/10/2014;15:53:00;95;sem vítima;299,7;BR-101/RJ;Sul;Colisão Traseira;2;;;;;;;;;;2;;;;
09/11/2014;20:13:00;134;com vítima;299,527;BR-101/RJ;Norte;Colisão Traseira;1;;;1;;;;;;;1;2;;;