data;horario;n_da_ocorrencia;tipo_de_ocorrencia;km;trecho;sentido;tipo_de_acidente;automovel;bicicleta;caminhao;moto;onibus;outros;tracao_animal;transporte_de_cargas_especiais;trator_maquinas;utilitarios;ilesos;levemente_feridos;moderadamente_feridos;gravemente_feridos;mortos
16/11/2014;23:23:00;188;sem vítima;299;BR-101/RJ;Sul;Colisão Lateral;1;;1;;;;;;;;6;;;;
20/11/2014;07:08:00;34;sem vítima;299;BR-101/RJ;Sul;Colisão Traseira;1;;;;1;;;;;;2;;;;
23/11/2014;22:31:00;180;sem vítima;299,7;BR-101/RJ;Sul;Colisão Traseira;1;;;;;1;;;;;2;;;;
01/12/2014;21:57:00;204;sem vítima;299,715;BR-101/RJ;Sul;Colisão Traseira;1;;1;;;;;;;;2;;;;
02/12/2014;12:36:00;98;sem vítima;299;BR-101/RJ;Sul;Colisão Traseira;1;;1;;;;;;;;3;;;;
05/12/2014;16:42:00;122;sem vítima;299;BR-101/RJ;Norte;Colisão Traseira;1;;;;;1;;;;;2;;;;
24/12/2014;13:02:00;99;sem vítima;299,56;BR-101/RJ;Sul;Colisão Traseira;2;;;;;;;;;;6;;;;
28/12/2014;22:41:00;186;sem vítima;299,5;BR-101/RJ;Sul;Colisão Lateral;2;;;;;;;;;;7;;;;
28/12/2014;14:00:00;84;sem vítima;299,56;BR-101/RJ;Sul;Colisão Traseira;2;;;;;;;;;;6;;;;
30/12/2014;20:39:00;174;com vítima;299,7;BR-101/RJ;Norte;Colisão Lateral;1;;;1;;;;;;;2;1;;;
05/01/2015;14:54:00;120;sem vítima;299;BR-101/RJ;Sul;Colisão Traseira;2;;;;;;;;;;2;;;;
10/01/2015;09:38:00;61;sem vítima;299,65;BR-101/RJ;Sul;Engavetamento;3;;;;;;;;;;3;;;;
14/01/2015;18:18:00;126;com vítima;299,703;BR-101/RJ;Norte;Queda de Moto;;;;1;;;;;;;0;;2;;
14/01/2015;18:18:00;127;com vítima;299,705;BR-101/RJ;Norte;Choque - Defensa, barreira ou "submarino";;;1;;;;;;;;0;1;;;
15/01/2015;18:23:00;140;sem vítima;299;BR-101/RJ;Norte;Colisão Traseira;1;;1;;;;;;;;2;;;;
17/01/2015;08:28:00;57;sem vítima;299,65;BR-101/RJ;Norte;Engavetamento;2;;1;;;;;;;;4;;;;
21/01/2015;07:24:00;22;sem vítima;299;BR-101/RJ;Sul;Colisão Lateral;2;;;;;;;;;;3;;;;
01/02/2015;08:05:00;27;com vítima;299;BR-101/RJ;Norte;Choque - Defensa, barreira ou "submarino";1;;;;;;;;;;0;1;0;0;0
28/02/2015;17:39:00;132;sem vítima;299;BR-101/RJ;Sul;Colisão Traseira;1;;;;;1;;;;;2;;;;
06/04/2015;13:22:00;128;sem vítima;299,56;BR-101/RJ;Sul;Colisão Traseira;1;;1;;;;;;;;4;;;;
08/04/2015;05:49:00;22;sem vítima;299;BR-101/RJ;Norte;Choque - Defensa, barreira ou "submarino";;;1;;;;;;;;1;;;;
18/04/2015;23:53:00;214;com vítima;299;BR-101/RJ;Norte;Queda de Moto;;;;1;;;;;;;0;1;;;
20/04/2015;18:23:00;133;com vítima;299;BR-101/RJ;Sul;Queda de Moto;;;;1;;;;;;;0;1;;;
26/04/2015;17:40:00;110;com vítima;299;BR-101/RJ;Sul;Colisão Traseira;2;;;;;;;;;;7;1;1;;
29/04/2015;04:22:00;15;sem vítima;299,763;BR-101/RJ;Sul;Colisão Traseira;;;1;;;1;;;;;2;;;;
29/04/2015;04:39:00;16;sem vítima;299,763;BR-101/RJ;Sul;Colisão Traseira;1;;1;;;;;;;;2;;;;
02/05/2015;14:26:00;83;sem vítima;299;BR-101/RJ;Sul;Colisão Lateral;2;;;;;;;;;;7;;;;
03/05/2015;16:27:00;114;sem vítima;299;BR-101/RJ;Sul;Colisão Traseira;1;;;;;;;;;1;2;;;;
10/05/2015;04:34:00;21;com vítima;299,243;BR-101/RJ;Norte;Choque - Defensa, barreira ou "submarino";1;;;;;;;;;;0;3;;;
14/05/2015;01:00:00;7;sem vítima;299;BR-101/RJ;Sul;Choque - Suporte de Sinalização;;;1;;;;;;;;2;;;;
23/05/2015;08:59:00;57;sem vítima;299;BR-101/RJ;Norte;Engavetamento;3;;;;;;;;;;6;;;;
24/06/2015;05:12:00;16;com vítima;299,419;BR-101/RJ;Sul;Colisão Transversal;1;;;;1;;;;;;1;;1;;
05/07/2015;15:45:00;109;sem vítima;299;BR-101/RJ;Sul;Colisão Lateral;2;;;;;;;;;;2;;;;
12/07/2015;11:12:00;72;sem vítima;299,65;BR-101/RJ;Sul;Colisão Traseira;2;;;;;;;;;;6;;;;
20/07/2015;09:12:00;73;sem vítima;299,7;BR-101/RJ;Sul;Colisão Traseira;2;;;;;;;;;;2;;;;
05/08/2015;12:27:00;109;com vítima;299,7;BR-101/RJ;Sul;Colisão Traseira;1;;1;;;;;;;;1;1;;;
10/08/2015;06:34:00;27;sem vítima;299;BR-101/RJ;Sul;Colisão Transversal;1;;;;1;;;;;;4;;;;
10/09/2015;18:45:00;170;sem vítima;299,631;BR-101/RJ;Norte;Engavetamento;3;;;;;;;;;;7;;;;
14/09/2015;16:23:00;177;sem vítima;299,57;BR-101/RJ;Sul;Choque - Defensa, barreira ou "submarino";1;;;;;;;;;;1;;;;
18/09/2015;18:13:00;255;sem vítima;299;BR-101/RJ;Sul;Colisão Traseira;2;;;;;;;;;;7;;;;
03/10/2015;06:16:00;39;sem vítima;299,569;BR-101/RJ;Norte;Colisão Traseira;2;;1;;;;;;;;3;;;;
05/10/2015;06:12:00;25;sem vítima;299;BR-101/RJ;Sul;Colisão Traseira;1;;1;;;;;;;;2;;;;
12/10/2015;17:46:00;143;sem vítima;299,8;BR-101/RJ;Sul;Colisão Traseira;2;;;;;;;;;;2;;;;
20/10/2015;13:16:00;145;sem vítima;299,7;BR-101/RJ;Sul;Colisão Traseira;1;;1;;;;;;;;5;;;;
30/10/2015;10:18:00;66;sem vítima;299,589;BR-101/RJ;Sul;Colisão Traseira;2;;;;;;;;;;6;;;;
12/12/2015;18:38:00;188;sem vítima;299;BR-101/RJ;Norte;Colisão Traseira;2;;;;;;;;;;3;;;;
13/12/2015;11:35:00;110;sem vítima;299;BR-101/RJ;Sul;Colisão Traseira;2;;;;;;;;;;7;;;;
13/12/2015;06:15:00;38;com vítima;299,659;BR-101/RJ;Norte;Capotamento;1;;;;;;;;;;0;;;;1
22/12/2015;22:45:00;252;sem vítima;299;BR-101/RJ;Sul;Colisão Lateral;1;;;;;1;;;;;2;;;;
27/12/2015;20:08:00;217;sem vítima;299,8;BR-101/RJ;Sul;Colisão Lateral;1;;;;1;;;;;;53;;;;
28/01/2010;07:13:00;46;com vítima;300;BR-101/RJ;Norte;Colisão Traseira;;;1;;;1;;;;;3;;1;;
11/02/2010;18:18:00;184;sem vítima;300;BR-101/RJ;Norte;Colisão Traseira;2;;;;;;;;;;2;;;;
13/02/2010;05:27:00;74;sem vítima;300;BR-101/RJ;Norte;Colisão Traseira;1;;;;1;;;;;;51;;;;
13/02/2010;08:02:00;129;sem vítima;300;BR-101/RJ;Norte;Colisão Traseira;2;;;1;;;;;;;7;;;;
13/02/2010;11:49:00;221;sem vítima;300;BR-101/RJ;Norte;Engavetamento;2;;;;;;;;;;2;;;;
26/02/2010;11:25:00;78;sem vítima;300;BR-101/RJ;Sul;Saida de Pista;1;;;;;;;;;;2;;;;
18/03/2010;22:39:00;213;sem vítima;300;BR-101/RJ;Sul;Atropelamento de Animal;1;;;;;1;;;;;2;;;;
09/07/2010;06:31:00;28;com vítima;300;BR-101/RJ;Norte;Capotamento;1;;;;;;;;;;0;2;1;;
19/07/2010;20:38:00;183;com vítima;300,5;BR-101/RJ;Norte;Atropelamento - Morador;1;;;;;;;;;;2;;;;1
07/08/2010;19:53:00;164;com vítima;300;BR-101/RJ;Norte;Atropelamento - Morador;;;;;;1;;;;;1;;;;1
07/08/2010;22:42:00;181;sem vítima;300;BR-101/RJ;Norte;Colisão Traseira;2;;;;;;;;;;2;;;;
25/09/2010;19:05:00;164;com vítima;300;BR-101/RJ;Norte;Atropelamento - Andarilho;1;1;;;;1;;;;;2;;;1;
06/10/2010;20:44:00;149;sem vítima;300;BR-101/RJ;Norte;Saida de Pista;1;;;;;;;;;;2;;;;
08/11/2010;01:39:00;8;sem vítima;300;BR-101/RJ;Norte;Saida de Pista;;;;;;;;;;1;1;;;;
12/12/2010;18:03:00;151;com vítima;300;BR-101/RJ;Norte;Capotamento;1;;;;;;;;;;0;3;;;
19/12/2010;08:03:00;61;sem vítima;300;BR-101/RJ;Norte;Saida de Pista;1;;;;;;;;;;2;;;;
03/02/2011;14:50:00;114;sem vítima;300;BR-101/RJ;Sul;Colisão Lateral;1;;;;;1;;;;;2;;;;
06/02/2011;01:32:00;12;com vítima;300;BR-101/RJ;Norte;Colisão Frontal;;2;;1;;;;;;;0;2;1;;
16/02/2011;20:21:00;192;com vítima;300;BR-101/RJ;Norte;Atropelamento - Outros;;;;1;;;;;;;0;;2;;
16/02/2011;20:35:00;196;sem vítima;300;BR-101/RJ;Norte;Colisão Lateral;2;;;;;;;;;;2;;;;
23/03/2011;18:29:00;151;sem vítima;297;BR-101/RJ;Norte;Capotamento;1;;;;;;;;;;1;;;;
23/03/2011;19:31:00;163;sem vítima;320;BR-101/RJ;Norte;Colisão Traseira;2;;;;;;;;;;2;;;;
24/03/2011;04:25:00;11;sem vítima;279;BR-101/RJ;Norte;Choque - Talude;;;;;;;;;;1;1;;;;
08/05/2011;20:59:00;168;com vítima;300;BR-101/RJ;Norte;Atropelamento - Morador;;;;;;1;;;;;1;;;;1
18/05/2011;07:30:00;32;sem vítima;300;BR-101/RJ;Norte;Colisão Traseira;;;2;;;;;;;;2;;;;
21/05/2011;09:37:00;58;sem vítima;300;BR-101/RJ;Norte;Choque - Outros;1;;1;;;;;;;;2;;;;
23/06/2011;03:18:00;18;com vítima;300;BR-101/RJ;Norte;Capotamento;1;;;;;;;;;;0;;1;;
13/09/2011;16:51:00;96;com vítima;300;BR-101/RJ;Norte;Saida de Pista;1;;;;;;;;;;0;2;;;
23/09/2011;18:54:00;157;sem vítima;300;BR-101/RJ;Norte;Engavetamento;3;;;;;;;;;;6;;;;
28/10/2011;07:11:00;30;sem vítima;300;BR-101/RJ;Norte;Saida de Pista;1;;;;;;;;;;1;;;;
03/11/2011;19:49:00;161;com vítima;300,1000061035156;BR-101/RJ;Norte;Atropelamento - Morador;1;;;;;;;;;;2;;;;1
10/12/2011;09:51:00;83;sem vítima;300;BR-101/RJ;Sul;Engavetamento;3;;;;;;;;;;5;;;;
10/12/2011;10:02:00;86;sem vítima;300;BR-101/RJ;Norte;Engavetamento;3;;;;;;;;;;10;;;;
17/12/2011;11:21:00;68;com vítima;300;BR-101/RJ;Norte;Capotamento;1;;;;;;;;;;1;2;1;;
26/12/2011;13:29:00;102;sem vítima;300;BR-101/RJ;Norte;Saida de Pista;1;;;;;;;;;;1;;;;
21/01/2012;19:59:00;160;com vítima;300;BR-101/RJ;Norte;Colisão Transversal;;;;1;;;;;;;1;1;;;
21/01/2012;20:20:00;164;sem vítima;300,5;BR-101/RJ;Norte;Colisão Traseira;2;;;;;;;;;;3;;;;
29/01/2012;17:22:00;129;sem vítima;300,8;BR-101/RJ;Sul;Capotamento;1;;;;;;;;;;1;;;;
14/02/2012;22:52:00;182;com vítima;300;BR-101/RJ;Norte;Saida de Pista;1;;1;;;1;;;;1;1;5;;;
17/02/2012;08:58:00;65;sem vítima;300;BR-101/RJ;Sul;Saida de Pista;1;;;;;;;;;;4;;;;
19/02/2012;09:03:00;74;sem vítima;300;BR-101/RJ;Norte;Engavetamento;3;;;;;;;;;;13;;;;
03/03/2012;07:37:00;40;sem vítima;300;BR-101/RJ;Norte;Colisão Lateral;2;;;;;;;;;;3;;;;
03/04/2012;16:16:00;124;sem vítima;300;BR-101/RJ;Norte;Engavetamento;3;;;;;;;;;;3;;;;
06/04/2012;08:24:00;59;sem vítima;300;BR-101/RJ;Norte;Engavetamento;3;;;;;;;;;;13;;;;
29/04/2012;16:26:00;94;sem vítima;300;BR-101/RJ;Norte;Choque - Defensa, barreira ou "submarino";;;1;;;;;;;;1;;;;
14/05/2012;05:47:00;17;com vítima;300;BR-101/RJ;Norte;Colisão Traseira;;;;1;;1;;;;;1;1;;;
18/06/2012;16:28:00;147;sem vítima;300,6;BR-101/RJ;Norte;Atropelamento - Morador;;;;1;;;;;;;2;;;;
27/07/2012;01:43:00;4;sem vítima;300;BR-101/RJ;Sul;Saida de Pista;1;;;;;;;;;;2;;;;
28/07/2012;16:50:00;154;com vítima;300;BR-101/RJ;Norte;Atropelamento - Morador;1;;;;;;;;;;1;;;1;
03/08/2012;19:01:00;171;com vítima;300,104;BR-101/RJ;Norte;Colisão Traseira;2;;;;;;;;;;6;1;;;
02/09/2012;05:17:00;12;sem vítima;300;BR-101/RJ;Norte;Saida de Pista;1;;;;;;;;;;1;;;;
11/09/2012;19:37:00;140;sem vítima;300,559;BR-101/RJ;Sul;Saida de Pista;1;;;;;;;;;;2;;;;
02/11/2012;23:32:00;178;sem vítima;300;BR-101/RJ;Norte;Choque - Defensa, barreira ou "submarino";;;;;;;;;;1;1;;;;
03/11/2012;16:18:00;99;com vítima;300;BR-101/RJ;Sul;Colisão Traseira;1;;;1;;;;;;;3;;;1;
14/11/2012;05:31:00;26;sem vítima;300,7;BR-101/RJ;Sul;Colisão Lateral;2;;;;1;;;;;;6;;;;
30/11/2012;05:03:00;22;com vítima;300,611;BR-101/RJ;Norte;Colisão Traseira;1;;;;1;;;;;;1;3;;;
04/12/2012;12:31:00;108;com vítima;300;BR-101/RJ;Norte;Colisão Traseira;1;;;1;;;;;;;1;;1;;
08/12/2012;10:25:00;87;com vítima;300;BR-101/RJ;Norte;Atropelamento - Ciclista;;1;;;;1;;;;;1;1;;;
10/12/2012;04:56:00;27;com vítima;300;BR-101/RJ;Norte;Saida de Pista;;;;1;;;;;;;0;2;;;
17/12/2012;23:33:00;219;sem vítima;300;BR-101/RJ;Norte;Colisão Traseira;1;;1;;;;;;;;2;;;;
19/12/2012;23:01:00;202;com vítima;300;BR-101/RJ;Sul;Colisão Traseira;1;;1;;;;;;;;1;1;;;
10/01/2013;22:07:00;211;sem vítima;300,545;BR-101/RJ;Sul;Saida de Pista;1;;;;;;;;;;1;;;;
12/01/2013;12:51:00;76;sem vítima;300;BR-101/RJ;Norte;Colisão Traseira;2;;;;;;;;;;4;;;;
18/01/2013;10:46:00;85;com vítima;300,02;BR-101/RJ;Sul;Colisão Lateral;1;1;;;;;;;;;2;;1;;
19/01/2013;09:41:00;73;sem vítima;300;BR-101/RJ;Norte;Colisão Traseira;2;;;;;;;;;;7;;;;
08/02/2013;20:22:00;253;sem vítima;300;BR-101/RJ;Norte;Colisão Traseira;2;;;;;;;;;;3;;;;
03/03/2013;14:46:00;98;sem vítima;300;BR-101/RJ;Norte;Saida de Pista;1;;;;;;;;;;1;;;;
09/03/2013;07:40:00;50;sem vítima;300;BR-101/RJ;Norte;Capotamento;1;;;;;;;;;;2;;;;
08/04/2013;05:12:00;26;sem vítima;300,125;BR-101/RJ;Sul;Saida de Pista;1;;;;;;;;;;2;;;;
13/04/2013;02:18:00;12;sem vítima;300;BR-101/RJ;Norte;Saida de Pista;1;;;;;;;;;;3;;;;
14/04/2013;12:14:00;76;sem vítima;300;BR-101/RJ;Norte;Choque - Defensa, barreira ou "submarino";1;;;;;;;;;;4;;;;
24/04/2013;02:00:00;12;com vítima;300,858;BR-101/RJ;Norte;Colisão Traseira;1;;1;;;;;;;;1;;1;;
28/04/2013;21:45:00;155;sem vítima;300;BR-101/RJ;Norte;Engavetamento;3;;;;;;;;;;13;;;;
26/05/2013;14:48:00;93;com vítima;300,8;BR-101/RJ;Norte;Atropelamento - Outros;1;;;;;;;;;;1;;;;1
08/06/2013;11:50:00;89;sem vítima;300;BR-101/RJ;Norte;Colisão Traseira;2;;;;;;;;;;2;;;;
04/07/2013;18:05:00;138;com vítima;300;BR-101/RJ;Sul;Colisão Lateral;;;;1;;1;;;;;1;1;;;
21/07/2013;16:41:00;143;sem vítima;300;BR-101/RJ;Sul;Colisão Lateral;1;;1;;;;;;;;2;;;;
23/08/2013;07:14:00;33;sem vítima;300,05;BR-101/RJ;Norte;Tombamento;;;1;;;;;;;;2;;;;
16/09/2013;08:34:00;50;com vítima;300,06;BR-101/RJ;Sul;Colisão Lateral;1;;1;;;;;;;;1;;1;;
21/09/2013;18:23:00;149;sem vítima;300;BR-101/RJ;Norte;Colisão Traseira;2;;;;;;;;;;2;;;;
19/10/2013;12:22:00;99;com vítima;300,333;BR-101/RJ;Norte;Engavetamento;3;;;;;;;;;;2;2;;;
25/10/2013;15:14:00;134;sem vítima;300;BR-101/RJ;Norte;Colisão Traseira;2;;;;;;;;;;3;;;;
26/10/2013;00:00:00;1;sem vítima;300;BR-101/RJ;Norte;Choque - Defensa, barreira ou "submarino";1;;;;;;;;;;1;;;;
21/12/2013;00:43:00;6;sem vítima;300,672;BR-101/RJ;Norte;Colisão Traseira;1;;1;;;;;;;;6;;;;
27/12/2013;09:22:00;63;com vítima;300,48;BR-101/RJ;Norte;Engavetamento;8;;;;;;;;;;14;;1;;
28/12/2013;12:31:00;131;com vítima;300,83;BR-101/RJ;Norte;Atropelamento - Morador;;;;1;;;;;;;1;1;;;
04/01/2014;12:00:00;112;sem vítima;300,533;BR-101/RJ;Norte;Colisão Traseira;2;;;;;;;;;;7;;;;
10/01/2014;18:42:00;202;sem vítima;300;BR-101/RJ;Norte;Colisão Traseira;2;;;;;;;;;;2;;;;
11/01/2014;17:58:00;196;sem vítima;300,509;BR-101/RJ;Norte;Engavetamento;3;;;;;;;;;;5;;;;
17/01/2014;23:37:00;195;sem vítima;300;BR-101/RJ;Norte;Colisão Lateral;1;;1;;;;;;;;3;;;;
21/01/2014;18:55:00;185;sem vítima;300,2;BR-101/RJ;Norte;Saida de Pista;1;;;;;;;;;;1;;;;
24/01/2014;12:55:00;80;sem vítima;300,1;BR-101/RJ;Norte;Engavetamento;3;;;;;;;;;;3;;;;
03/02/2014;22:52:00;220;com vítima;300,645;BR-101/RJ;Sul;Colisão Traseira;2;;;;;;;;;;4;1;3;;
09/02/2014;22:20:00;194;sem vítima;300;BR-101/RJ;Sul;Colisão Lateral;1;;1;;;;;;;;2;;;;
18/05/2014;07:22:00;30;sem vítima;300,727;BR-101/RJ;Norte;Outros - Sequência;1;;;;;;;;;1;9;;;;
28/05/2014;19:58:00;154;com vítima;300,571;BR-101/RJ;Norte;Colisão Traseira;1;;;1;;;;;;;1;1;;;
19/06/2014;15:21:00;71;sem vítima;300,772;BR-101/RJ;Sul;Tombamento;;;1;;;;;;;;3;;;;
22/07/2014;15:34:00;109;com vítima;300;BR-101/RJ;Norte;Colisão Lateral;;;1;;1;;;;;;2;1;;;
25/07/2014;17:18:00;144;sem vítima;300;BR-101/RJ;Norte;Saida de Pista;;;1;;;;;;;;1;;;;
11/09/2014;23:32:00;200;com vítima;300,517;BR-101/RJ;Norte;Queda de Moto;;;;1;;;;;;;0;1;;;
14/09/2014;19:28:00;168;sem vítima;300,55;BR-101/RJ;Sul;Colisão Traseira;2;;;;;;;;;;5;;;;
26/10/2014;13:36:00;75;com vítima;300,152;BR-101/RJ;Sul;Queda de Moto;;;;1;;;;;;;1;1;;;
05/12/2014;06:40:00;33;sem vítima;300;BR-101/RJ;Norte;Colisão Traseira;1;;;;1;;;;;;2;;;;
13/12/2014;11:20:00;92;sem vítima;300;BR-101/RJ;Norte;Engavetamento;2;;;;1;;;;;;3;;;;
19/12/2014;15:37:00;137;com vítima;300,566;BR-101/RJ;Norte;Engavetamento;2;;;;;;;;;1;3;1;;;
20/12/2014;00:41:00;5;sem vítima;300;BR-101/RJ;Norte;Saida de Pista;1;;;;;;;;;;6;;;;
27/12/2014;07:45:00;30;sem vítima;300;BR-101/RJ;Norte;Colisão Traseira;2;;;;;;;;;;2;;;;
30/12/2014;11:24:00;81;com vítima;300;BR-101/RJ;Norte;Colisão Lateral;1;;;1;;;;;;;4;1;;;
07/01/2015;11:33:00;75;sem vítima;300;BR-101/RJ;Norte;Colisão Traseira;2;;;;;;;;;;2;;;;
07/01/2015;11:36:00;77;sem vítima;300;BR-101/RJ;Norte;Colisão Traseira;2;;;;;;;;;;2;;;;
17/01/2015;17:17:00;149;sem vítima;300;BR-101/RJ;Norte;Colisão Traseira;2;;;;;;;;;;2;;;;
02/02/2015;14:40:00;119;sem vítima;300;BR-101/RJ;Norte;Saida de Pista;;;1;;;;;;;;2;0;0;0;0
13/02/2015;16:45:00;170;sem vítima;300;BR-101/RJ;Norte;Colisão Traseira;1;;;;;1;;;;;2;0;0;0;0
15/02/2015;21:16:00;177;sem vítima;300;BR-101/RJ;Sul;Colisão Lateral;2;;;;;;;;;;2;0;0;0;0
19/02/2015;17:47:00;172;com vítima;300;BR-101/RJ;Sul;Engavetamento;2;;;;;;;;;1;6;0;0;1;0
23/03/2015;11:35:00;121;sem vítima;300,799;BR-101/RJ;Norte;Choque - Defensa, barreira ou "submarino";1;;;;;;;;;;1;0;0;0;0
27/03/2015;16:50:00;162;sem vítima;300;BR-101/RJ;Norte;Colisão Traseira;2;;;;;;;;;;2;0;0;0;0
27/03/2015;23:15:00;237;sem vítima;300;BR-101/RJ;Norte;Colisão Traseira;1;;;;1;;;;;;2;0;0;0;0
27/03/2015;16:39:00;158;com vítima;300;BR-101/RJ;Norte;Engavetamento;3;;;;;;;;;;3;0;1;0;0
08/05/2015;18:40:00;200;sem vítima;300;BR-101/RJ;Norte;Colisão Traseira;2;;;;;;;;;;4;;;;
12/05/2015;19:31:00;165;sem vítima;300;BR-101/RJ;Sul;Tombamento;1;;1;;;;;;;;4;;;;
15/05/2015;19:17:00;175;sem vítima;300;BR-101/RJ;Norte;Engavetamento;4;;;;;;;;;;6;;;;
25/05/2015;06:06:00;26;sem vítima;300,928;BR-101/RJ;Sul;Choque - Outros;1;;;;;;;;;;1;;;;
11/09/2015;10:37:00;102;sem vítima;300;BR-101/RJ;Norte;Engavetamento;3;;;;;;;;;1;9;;;;
29/10/2015;23:37:00;216;sem vítima;300,1;BR-101/RJ;Norte;Colisão Traseira;1;;;;;1;;;;;3;;;;
24/11/2015;04:25:00;24;sem vítima;300;BR-101/RJ;Sul;Colisão Traseira;2;;;;;;;;;;2;;;;
08/12/2015;11:50:00;144;sem vítima;300,606;BR-101/RJ;Norte;Colisão Traseira;1;;;;1;;;;;;2;;;;
11/12/2015;05:40:00;27;com vítima;300,803;BR-101/RJ;Sul;Atropelamento - Morador;;;;;;1;;;;;1;;1;;
01/01/2010;07:14:00;21;sem vítima;301;BR-101/RJ;Norte;Saida de Pista;1;;;;;;;;;;2;;;;
16/01/2010;00:57:00;5;com vítima;301;BR-101/RJ;Norte;Atropelamento - Sem Informação;1;;;;;1;;;;;3;;;;1
25/01/2010;18:51:00;186;sem vítima;301;BR-101/RJ;Norte;Colisão Traseira;2;;;;;;;;;;3;;;;
07/02/2010;21:40:00;214;com vítima;301;BR-101/RJ;Sul;Atropelamento - Morador;;;;;;1;;;;;1;;;1;
02/03/2010;12:55:00;89;com vítima;301;BR-101/RJ;Norte;Capotamento;1;;;;;;;;;;0;3;1;;
01/05/2010;16:56:00;122;com vítima;301;BR-101/RJ;Sul;Colisão Traseira;2;;;;;;;;;;0;2;1;;
29/05/2010;03:39:00;22;sem vítima;301;BR-101/RJ;Norte;Colisão Traseira;1;;1;;;;;;;;7;;;;
05/10/2010;12:43:00;89;sem vítima;301;BR-101/RJ;Norte;Colisão Traseira;2;;;;;;;;;;4;;;;
10/10/2010;21:42:00;178;sem vítima;301;BR-101/RJ;Sul;Colisão Traseira;2;;;;;;;;;;2;;;;
08/11/2010;22:28:00;198;com vítima;301;BR-101/RJ;Norte;Atropelamento - Andarilho;1;;;;;;;;;;2;;;;1
22/11/2010;05:59:00;27;sem vítima;301;BR-101/RJ;Sul;Saida de Pista;1;;;;;;;;;;1;;;;
11/12/2010;18:41:00;173;sem vítima;301;BR-101/RJ;Norte;Saida de Pista;1;;;;;;;;;;1;;;;
15/12/2010;22:37:00;217;sem vítima;301;BR-101/RJ;Norte;Engavetamento;3;;;;;;;;;;6;;;;
29/12/2010;16:55:00;156;sem vítima;301;BR-101/RJ;Norte;Colisão Lateral;1;;;1;;;;;;;2;;;;
08/01/2011;11:00:00;116;sem vítima;301;BR-101/RJ;Sul;Colisão Traseira;;;;;2;;;;;;5;;;;
24/03/2011;06:18:00;22;sem vítima;320;BR-101/RJ;Norte;Atropelamento - Morador;;;;;1;;;;;;2;;;;
24/03/2011;11:06:00;83;sem vítima;320;BR-101/RJ;Norte;Colisão Traseira;1;;;;1;;;;;;2;;;;
12/05/2011;21:00:00;179;sem vítima;301;BR-101/RJ;Norte;Colisão Traseira;2;;;;;;;;;;2;;;;
05/06/2011;15:10:00;84;sem vítima;301;BR-101/RJ;Sul;Saida de Pista;1;;;;1;;;;;;5;;;;
24/06/2011;23:17:00;174;com vítima;301;BR-101/RJ;Sul;Colisão Traseira;1;;1;;;;;;;;0;1;1;;
07/08/2011;20:39:00;162;com vítima;301,6400146484375;BR-101/RJ;Sul;Saida de Pista;1;;;;;;;;;;1;;2;;
11/08/2011;05:55:00;27;sem vítima;301,29998779296875;BR-101/RJ;Norte;Tombamento;1;;;;;;;;;;1;;;;
02/09/2011;20:16:00;160;com vítima;301,989990234375;BR-101/RJ;Sul;Atropelamento - Morador;1;;;;;;;;;;1;;;1;
05/09/2011;14:40:00;104;sem vítima;301;BR-101/RJ;Norte;Capotamento;1;;;;;;;;;;1;;;;
11/09/2011;18:19:00;144;sem vítima;301;BR-101/RJ;Sul;Engavetamento;3;;;;;;;;;;8;;;;
01/10/2011;23:54:00;227;com vítima;301,70001220703125;BR-101/RJ;Sul;Atropelamento de Animal;;;;;;2;;;;;2;;;1;
23/10/2011;08:24:00;36;com vítima;301;BR-101/RJ;Norte;Queda de Moto;;;;1;;;;;;;0;;1;;
10/01/2012;09:51:00;78;com vítima;301;BR-101/RJ;Norte;Colisão Traseira;1;;;1;;;;;;;2;1;;;
20/01/2012;12:33:00;117;com vítima;301;BR-101/RJ;Norte;Outros - Sequência;1;;;1;;;;;;1;4;1;;;
03/02/2012;20:02:00;186;sem vítima;301;BR-101/RJ;Norte;Colisão Traseira;1;;;1;;;;;;;3;;;;
11/03/2012;22:45:00;194;com vítima;301;BR-101/RJ;Sul;Colisão Traseira;;;;1;;1;;;;;1;1;;;
04/04/2012;18:34:00;164;com vítima;301,6;BR-101/RJ;Sul;Atropelamento - Morador;;;;1;;;;;;;0;;1;;1
14/04/2012;10:53:00;65;sem vítima;301;BR-101/RJ;Norte;Saida de Pista;1;;;;;;;;;;1;;;;
09/07/2012;06:29:00;24;sem vítima;301;BR-101/RJ;Norte;Colisão Traseira;1;;;;;1;;;;;5;;;;
22/07/2012;17:51:00;139;com vítima;301,3;BR-101/RJ;Norte;Atropelamento - Ciclista;1;;;;;;;;;;2;;;1;
01/09/2012;03:46:00;21;sem vítima;301;BR-101/RJ;Sul;Atropelamento de Animal;1;;;;;;;;;;3;;;;
07/09/2012;06:25:00;49;sem vítima;301;BR-101/RJ;Norte;Colisão Traseira;1;;;;;1;;;;;5;;;;
07/09/2012;06:30:00;58;sem vítima;301;BR-101/RJ;Norte;Colisão Traseira;2;;;;;;;;;;7;;;;
10/10/2012;10:03:00;99;sem vítima;301;BR-101/RJ;Norte;Saida de Pista;1;;;;;;;;;;1;;;;
19/10/2012;20:44:00;193;sem vítima;301,333;BR-101/RJ;Norte;Saida de Pista;1;;;;;;;;;;1;;;;