data;horario;n_da_ocorrencia;tipo_de_ocorrencia;km;trecho;sentido;tipo_de_acidente;automovel;bicicleta;caminhao;moto;onibus;outros;tracao_animal;transporte_de_cargas_especiais;trator_maquinas;utilitarios;ilesos;levemente_feridos;moderadamente_feridos;gravemente_feridos;mortos
31/10/2012;01:52:00;10;sem vítima;301;BR-101/RJ;Norte;Colisão Traseira;1;;;;;1;;;;;5;;;;
10/11/2012;12:33:00;95;sem vítima;301;BR-101/RJ;Sul;Colisão Traseira;3;;;;;;;;;;5;;;;
10/11/2012;06:11:00;28;sem vítima;301,6;BR-101/RJ;Norte;Colisão Traseira;;;1;;1;;;;;;2;;;;
26/12/2012;19:36:00;206;sem vítima;301,5;BR-101/RJ;Norte;Colisão Traseira;2;;;;;;;;;;2;;;;
04/01/2013;09:53:00;72;sem vítima;301,779;BR-101/RJ;Norte;Saida de Pista;1;;;;;;;;;;4;;;;
10/01/2013;14:37:00;132;sem vítima;301;BR-101/RJ;Norte;Colisão Traseira;1;;;;;1;;;;;2;;;;
18/01/2013;19:28:00;180;sem vítima;301;BR-101/RJ;Norte;Colisão Lateral;1;;1;;;;;;;;2;;;;
25/01/2013;22:56:00;239;com vítima;301;BR-101/RJ;Sul;Atropelamento de Animal;1;;;;;;;;;;1;;1;;
28/01/2013;15:50:00;136;com vítima;301;BR-101/RJ;Norte;Engavetamento;2;;1;;;;;;;;3;;1;;
30/01/2013;12:40:00;98;sem vítima;301;BR-101/RJ;Sul;Colisão Traseira;2;;;;;;;;;;2;;;;
06/02/2013;22:44:00;228;sem vítima;301;BR-101/RJ;Norte;Saida de Pista;1;;;;;;;;;;1;;;;
07/02/2013;22:35:00;267;com vítima;301;BR-101/RJ;Norte;Queda de Moto;1;;;1;;;;;;;2;;1;;
15/03/2013;03:58:00;15;sem vítima;301,7;BR-101/RJ;Norte;Saida de Pista;;;1;;;;;;;;1;;;;
19/03/2013;09:25:00;56;sem vítima;301;BR-101/RJ;Sul;Colisão Traseira;2;;;;;;;;;;2;;;;
23/03/2013;11:35:00;88;com vítima;301;BR-101/RJ;Norte;Colisão Transversal;1;;;1;;;;;;;2;1;;;
07/04/2013;15:27:00;101;sem vítima;301;BR-101/RJ;Sul;Colisão Lateral;1;;;;;;;;;1;3;;;;
21/04/2013;00:22:00;3;com vítima;301,8;BR-101/RJ;Sul;Choque - Talude;1;;;;;;;;;;0;;5;;
05/05/2013;18:46:00;117;com vítima;301,2;BR-101/RJ;Sul;Atropelamento - Morador;;;;;;1;;;;;1;;1;;
17/05/2013;14:38:00;110;sem vítima;301;BR-101/RJ;Norte;Colisão Lateral;;;2;;;;;;;;3;;;;
18/05/2013;16:37:00;121;com vítima;301,552;BR-101/RJ;Norte;Atropelamento - Morador;1;;;;;;;;;;2;1;;;
02/06/2013;17:49:00;140;sem vítima;301;BR-101/RJ;Sul;Colisão Traseira;2;;;;;;;;;;5;;;;
23/06/2013;18:25:00;108;sem vítima;301,5;BR-101/RJ;Sul;Colisão Traseira;1;;;;;1;;;;;7;;;;
29/06/2013;14:42:00;111;sem vítima;301;BR-101/RJ;Sul;Saida de Pista;1;;;;;;;;;;1;;;;
04/07/2013;02:31:00;9;sem vítima;301,957;BR-101/RJ;Norte;Atropelamento de Animal;1;;;;;;;;;;1;;;;
24/07/2013;16:38:00;117;com vítima;301,8;BR-101/RJ;Norte;Capotamento;1;;;;;;;;;;0;1;1;;
23/08/2013;07:53:00;38;com vítima;301,5;BR-101/RJ;Norte;Colisão Lateral;1;;;1;;;;;;;1;;1;;
15/09/2013;18:37:00;160;com vítima;301;BR-101/RJ;Sul;Colisão Lateral;2;;;1;;;;;;;6;2;;;
16/09/2013;05:26:00;19;sem vítima;301;BR-101/RJ;Norte;Saida de Pista;1;;;;;;;;;;4;;;;
21/10/2013;00:37:00;3;com vítima;301,4;BR-101/RJ;Sul;Colisão Lateral;2;;;1;;;;;;;5;;1;;
03/11/2013;23:56:00;229;sem vítima;301,444;BR-101/RJ;Norte;Atropelamento de Animal;1;;;;;;;;;;4;;;;
28/11/2013;00:56:00;7;sem vítima;301,72;BR-101/RJ;Norte;Engavetamento;3;;;;;;;;;;4;;;;
18/12/2013;18:40:00;163;sem vítima;301,927;BR-101/RJ;Sul;Colisão Traseira;1;;;;;;;;;1;2;;;;
22/12/2013;11:43:00;96;sem vítima;301,603;BR-101/RJ;Sul;Saida de Pista;1;;;;;;;;;;3;;;;
11/01/2014;21:00:00;225;sem vítima;301,94;BR-101/RJ;Norte;Colisão Traseira;1;;;;;1;;;;;2;;;;
05/02/2014;13:09:00;111;sem vítima;301,2;BR-101/RJ;Sul;Saida de Pista;1;;;;;;;;;;1;;;;
01/03/2014;05:53:00;86;sem vítima;301;BR-101/RJ;Norte;Colisão Traseira;2;;;;;;;;;;8;;;;
01/03/2014;18:42:00;312;sem vítima;301;BR-101/RJ;Norte;Colisão Traseira;1;;;;1;;;;;;2;;;;
13/03/2014;09:23:00;84;com vítima;301,5;BR-101/RJ;Sul;Queda de Moto;;;;1;;;;;;;0;1;;;
14/03/2014;17:40:00;165;com vítima;301,3;BR-101/RJ;Sul;Queda de Moto;;;;1;;;;;;;0;2;;;
09/04/2014;23:58:00;212;com vítima;301,9;BR-101/RJ;Norte;Saida de Pista;;;;1;;;;;;;0;1;;;
28/05/2014;03:22:00;17;sem vítima;301,96;BR-101/RJ;Norte;Capotamento;1;;;;;;;;;;4;;;;
06/06/2014;15:01:00;111;sem vítima;301;BR-101/RJ;Norte;Colisão Traseira;1;;1;;;;;;;;3;;;;
13/06/2014;20:46:00;183;sem vítima;301;BR-101/RJ;Norte;Saida de Pista;1;;;;;;;;;;1;;;;
27/06/2014;22:21:00;215;sem vítima;301;BR-101/RJ;Norte;Colisão Traseira;1;;;;1;;;;;;4;;;;
06/09/2014;11:39:00;75;sem vítima;301;BR-101/RJ;Norte;Colisão Traseira;2;;;;;;;;;;7;;;;
31/10/2014;15:01:00;122;sem vítima;301;BR-101/RJ;Norte;Colisão Traseira;2;;;;;;;;;;2;;;;
03/11/2014;15:35:00;140;sem vítima;301;BR-101/RJ;Norte;Choque - Defensa, barreira ou "submarino";1;;;;;;;;;;1;;;;
16/01/2015;07:53:00;38;sem vítima;301;BR-101/RJ;Norte;Colisão Lateral;2;;;;;;;;;;2;;;;
14/02/2015;09:47:00;122;sem vítima;301,9;BR-101/RJ;Norte;Colisão Traseira;2;;;;;;;;;;7;0;0;0;0
05/06/2015;20:51:00;168;com vítima;301,445;BR-101/RJ;Sul;Outros - Sequência;2;;;;;;;;;;3;;;2;
05/07/2015;06:43:00;31;com vítima;301;BR-101/RJ;Norte;Colisão Traseira;;;;1;;;;;;1;1;1;1;;
02/08/2015;21:29:00;175;sem vítima;301,664;BR-101/RJ;Sul;Colisão Traseira;2;;;;;;;;;;9;;;;
29/08/2015;14:10:00;105;sem vítima;301,6;BR-101/RJ;Norte;Choque - Defensa, barreira ou "submarino";1;;;;;1;;;;;2;;;;
02/09/2015;07:25:00;37;sem vítima;301;BR-101/RJ;Sul;Choque - Defensa, barreira ou "submarino";1;;;;;;;;;;1;;;;
13/09/2015;12:24:00;76;com vítima;301,451;BR-101/RJ;Norte;Atropelamento de Animal;1;;;;;;;;;;0;2;;;
13/10/2015;15:59:00;170;sem vítima;301,56;BR-101/RJ;Sul;Choque - Defensa, barreira ou "submarino";1;;;;;;;;;;3;;;;
26/10/2015;19:08:00;177;com vítima;301,51;BR-101/RJ;Norte;Colisão Traseira;;1;;;1;;;;;;1;;1;;
29/10/2015;16:57:00;162;sem vítima;301;BR-101/RJ;Sul;Colisão Traseira;1;;;;;;;;;1;3;;;;
06/11/2015;18:05:00;175;com vítima;301,8;BR-101/RJ;Norte;Atropelamento - Morador;;;;1;;;;;;;0;3;;;
23/01/2010;12:03:00;84;sem vítima;302;BR-101/RJ;Norte;Colisão Traseira;;;;;1;1;;;;;2;;;;
27/01/2010;22:52:00;203;com vítima;302;BR-101/RJ;Norte;Queda de Moto;;;;1;;;;;;;0;2;;;
14/02/2010;19:11:00;219;sem vítima;302;BR-101/RJ;Sul;Choque - Defensa, barreira ou "submarino";1;;;;;;;;;;1;;;;
28/03/2010;14:13:00;84;sem vítima;302;BR-101/RJ;Sul;Saida de Pista;1;;;;;;;;;;3;;;;
06/04/2010;10:51:00;73;com vítima;302;BR-101/RJ;Norte;Capotamento;1;;;;;;;;;;1;;1;;
10/04/2010;20:02:00;169;sem vítima;302;BR-101/RJ;Sul;Saida de Pista;1;;;;;;;;;;3;;;;
10/04/2010;20:31:00;173;com vítima;302;BR-101/RJ;Norte;Colisão Traseira;2;;;;;;;;;;2;2;;2;
02/05/2010;17:53:00;121;sem vítima;302;BR-101/RJ;Sul;Saida de Pista;1;;;;;;;;;;2;;;;
09/05/2010;22:21:00;168;com vítima;302;BR-101/RJ;Norte;Atropelamento - Morador;1;;;;;;;;;;1;;;;1
05/06/2010;13:58:00;100;sem vítima;302;BR-101/RJ;Sul;Colisão Transversal;2;;;;;;;;;;4;;;;
10/06/2010;15:22:00;121;sem vítima;302;BR-101/RJ;Norte;Atropelamento de Animal;1;;;;;;;;;;1;;;;
30/07/2010;16:35:00;151;sem vítima;302;BR-101/RJ;Sul;Colisão Lateral;;;1;;;;;;;1;5;;;;
21/08/2010;17:41:00;145;com vítima;302;BR-101/RJ;Sul;Capotamento;1;;;;;;;;;;0;1;;;
27/09/2010;11:04:00;69;com vítima;302;BR-101/RJ;Norte;Atropelamento - Morador;1;;;;;;;;;;1;;;;1
10/10/2010;18:52:00;155;com vítima;302;BR-101/RJ;Sul;Atropelamento - Sem Informação;;;;;;1;;;;;1;;;;1
11/10/2010;20:54:00;151;sem vítima;302;BR-101/RJ;Sul;Saida de Pista;1;;;;;;;;;;2;;;;
11/11/2010;06:46:00;36;sem vítima;302;BR-101/RJ;Norte;Colisão Traseira;1;;1;;;;;;;;3;;;;
20/12/2010;01:10:00;5;com vítima;302;BR-101/RJ;Sul;Colisão Traseira;1;;1;;;;;;;;1;;1;;
29/12/2010;19:04:00;187;com vítima;302;BR-101/RJ;Norte;Outros;;;;1;;;;;;;0;1;;;
01/01/2011;01:39:00;2;com vítima;302;BR-101/RJ;Norte;Saida de Pista;;;;;;;;;;1;0;4;1;;
06/01/2011;12:13:00;91;com vítima;302;BR-101/RJ;Norte;Colisão Frontal;3;;1;;;;;;;;2;;5;;
08/01/2011;18:24:00;221;com vítima;302;BR-101/RJ;Sul;Choque - Defensa, barreira ou "submarino";1;;;;;;;;;;0;;1;;
15/01/2011;19:15:00;157;com vítima;302;BR-101/RJ;Sul;Choque - Defensa, barreira ou "submarino";1;;;;;;;;;;0;2;1;;
03/02/2011;15:01:00;119;sem vítima;302;BR-101/RJ;Norte;Capotamento;1;;1;;;;;;;;4;;;;
24/03/2011;12:54:00;97;com vítima;56,79999923706055;BR-101/RJ;Sul;Outros;;;;2;;;;;;;0;;3;;
24/03/2011;16:25:00;123;sem vítima;287;BR-101/RJ;Norte;Colisão Traseira;2;;;;;;;;;;2;;;;
15/05/2011;20:16:00;182;sem vítima;302;BR-101/RJ;Sul;Colisão Traseira;1;;;;;1;;;;;5;;;;
30/05/2011;20:06:00;142;com vítima;302;BR-101/RJ;Sul;Saida de Pista;1;;;;;;;;;;0;;1;;
10/06/2011;14:12:00;120;sem vítima;302;BR-101/RJ;Norte;Saida de Pista;1;;;;;;;;;;1;;;;
14/06/2011;20:26:00;141;sem vítima;302;BR-101/RJ;Norte;Saida de Pista;1;;;;;;;;;;1;;;;
17/06/2011;01:02:00;7;sem vítima;302;BR-101/RJ;Norte;Saida de Pista;1;;;;;;;;;;1;;;;
08/10/2011;15:27:00;139;sem vítima;302;BR-101/RJ;Norte;Colisão Lateral;2;;;;;;;;;;6;;;;
14/10/2011;07:59:00;45;sem vítima;302;BR-101/RJ;Sul;Colisão Traseira;2;;;;;;;;;;3;;;;
16/10/2011;21:17:00;157;sem vítima;302;BR-101/RJ;Norte;Saida de Pista;1;;;;;;;;;;1;;;;
13/11/2011;00:18:00;1;com vítima;302;BR-101/RJ;Norte;Queda de Moto;;;;1;;;;;;;0;;1;;
25/11/2011;18:15:00;149;com vítima;302;BR-101/RJ;Norte;Colisão Traseira;1;;1;1;;;;;;;6;;1;;
05/12/2011;12:28:00;109;sem vítima;302;BR-101/RJ;Sul;Colisão Traseira;2;;;;;1;;;;;3;;;;
08/12/2011;16:23:00;150;com vítima;302;BR-101/RJ;Sul;Atropelamento - Ambulante;;;;1;;;;;;;0;;2;;
08/12/2011;20:40:00;199;sem vítima;302;BR-101/RJ;Norte;Colisão Traseira;2;;;;;;;;;;5;;;;
10/12/2011;10:54:00;103;sem vítima;302;BR-101/RJ;Norte;Colisão Traseira;2;;;;;;;;;;3;;;;
12/12/2011;16:03:00;144;sem vítima;302,20001220703125;BR-101/RJ;Norte;Colisão Traseira;3;;;;;;;;;;7;;;;
27/12/2011;18:31:00;183;com vítima;302;BR-101/RJ;Norte;Atropelamento - Morador;;;;1;;;;;;;0;;3;;
04/01/2012;11:48:00;88;sem vítima;302;BR-101/RJ;Sul;Colisão Traseira;2;;;;;;;;;;8;;;;
06/02/2012;16:51:00;140;com vítima;302,2;BR-101/RJ;Norte;Choque - Defensa, barreira ou "submarino";1;;;;;;;;;;0;3;;;
08/02/2012;06:00:00;31;sem vítima;302;BR-101/RJ;Norte;Colisão Traseira;;;1;;;1;;;;;3;;;;
14/02/2012;03:41:00;11;com vítima;302;BR-101/RJ;Norte;Capotamento;1;;;;;;;;;;0;1;;;
15/02/2012;10:13:00;69;com vítima;302,5;BR-101/RJ;Sul;Colisão Traseira;1;;;;;;;;;1;3;1;;;
17/02/2012;13:42:00;109;sem vítima;302;BR-101/RJ;Sul;Saida de Pista;1;;;;;2;;;;;3;;;;
18/02/2012;16:40:00;248;com vítima;302;BR-101/RJ;Norte;Atropelamento - Ambulante;1;;;;;;;;;;2;;;1;
14/03/2012;17:20:00;129;sem vítima;302;BR-101/RJ;Norte;Colisão Traseira;2;;;;;1;;;;;5;;;;
16/03/2012;22:13:00;190;sem vítima;302;BR-101/RJ;Norte;Colisão Lateral;2;;;;;;;;;;4;;;;
09/04/2012;06:31:00;39;sem vítima;302;BR-101/RJ;Sul;Colisão Traseira;;;;;2;;;;;;49;;;;
03/05/2012;13:13:00;110;sem vítima;302;BR-101/RJ;Norte;Saida de Pista;1;;;;;;;;;;1;;;;
18/05/2012;07:33:00;42;sem vítima;302;BR-101/RJ;Norte;Saida de Pista;1;;;;;;;;;;1;;;;
20/06/2012;06:24:00;36;sem vítima;302;BR-101/RJ;Norte;Atropelamento de Animal;;;;;1;;;;;;42;;;;
06/07/2012;20:31:00;214;com vítima;302,6;BR-101/RJ;Norte;Engavetamento;3;;;;;;;;;;9;;1;;
04/08/2012;13:56:00;114;com vítima;302,84;BR-101/RJ;Sul;Colisão Lateral;1;;;1;;;;;;;5;1;;;
07/08/2012;05:06:00;12;sem vítima;302;BR-101/RJ;Norte;Saida de Pista;1;;;;;;;;;;4;;;;
18/08/2012;18:09:00;129;sem vítima;302,93;BR-101/RJ;Norte;Colisão Frontal;2;;;;;;;;;;3;;;;
25/08/2012;10:40:00;68;sem vítima;302;BR-101/RJ;Norte;Queda de Moto;;;;1;;;;;;;2;;;;
31/08/2012;18:54:00;185;sem vítima;302,25;BR-101/RJ;Sul;Saida de Pista;1;;;;;;;;;;2;;;;
03/09/2012;14:15:00;107;com vítima;302,949;BR-101/RJ;Norte;Saida de Pista;1;;;;;;;;;;0;;1;;
07/09/2012;07:36:00;69;sem vítima;302;BR-101/RJ;Norte;Colisão Traseira;2;;;;;;;;;;2;;;;
23/09/2012;06:10:00;21;com vítima;302,643;BR-101/RJ;Sul;Choque - Defensa, barreira ou "submarino";1;;;;;;;;;;1;1;1;;
07/10/2012;01:23:00;6;sem vítima;302;BR-101/RJ;Sul;Choque - Elemento de Drenagem;1;;;;;;;;;;4;;;;
28/10/2012;21:04:00;185;sem vítima;302,8;BR-101/RJ;Sul;Colisão Traseira;2;;;;;;;;;;2;;;;
20/11/2012;05:32:00;28;sem vítima;302,899;BR-101/RJ;Norte;Saida de Pista;1;;;;;;;;;;2;;;;
07/12/2012;03:01:00;16;sem vítima;302,812;BR-101/RJ;Norte;Colisão Traseira;;;2;;;;;;;;3;;;;
08/12/2012;10:00:00;78;sem vítima;302;BR-101/RJ;Norte;Engavetamento;3;;;;;;;;;;6;;;;
15/12/2012;13:49:00;112;sem vítima;302;BR-101/RJ;Norte;Colisão Traseira;;;1;;;1;;;;;2;;;;
27/12/2012;08:57:00;68;sem vítima;302;BR-101/RJ;Norte;Colisão Traseira;2;;;;;;;;;;6;;;;
28/12/2012;10:02:00;93;sem vítima;302,8;BR-101/RJ;Norte;Colisão Traseira;3;;;;;;;;;;6;;;;
07/01/2013;14:04:00;129;sem vítima;302;BR-101/RJ;Sul;Colisão Traseira;2;;;;;;;;;;2;;;;
19/01/2013;10:28:00;84;sem vítima;302;BR-101/RJ;Sul;Colisão Traseira;2;;;;;;;;;;8;;;;
19/01/2013;16:11:00;147;sem vítima;302;BR-101/RJ;Norte;Colisão Traseira;3;;;;;;;;;;3;;;;
25/01/2013;07:51:00;45;sem vítima;302;BR-101/RJ;Norte;Colisão Traseira;2;;;;;1;;;;;6;;;;
26/01/2013;04:46:00;23;sem vítima;302,7;BR-101/RJ;Norte;Choque - Outros;1;;;;;;;;;;1;;;;
30/01/2013;12:55:00;104;com vítima;302;BR-101/RJ;Norte;Colisão Lateral;2;;;1;;;;;;;4;1;;;
09/02/2013;19:58:00;306;com vítima;302;BR-101/RJ;Norte;Atropelamento - Morador;;;;;;1;;;;;1;;1;;
22/02/2013;12:28:00;97;com vítima;302;BR-101/RJ;Norte;Queda de Moto;;;;1;;;;;;;0;2;;;
27/02/2013;12:16:00;97;sem vítima;302;BR-101/RJ;Norte;Colisão Traseira;2;;;;;;;;;;5;;;;
22/04/2013;02:12:00;6;sem vítima;302,8;BR-101/RJ;Norte;Saida de Pista;1;;;;;;;;;;4;;;;
11/05/2013;04:15:00;20;sem vítima;302,64;BR-101/RJ;Sul;Colisão Traseira;1;;;1;;;;;;;2;;;;
15/05/2013;01:04:00;1;sem vítima;302,6;BR-101/RJ;Sul;Tombamento;;;1;;;;;;;;1;;;;
08/06/2013;20:03:00;176;sem vítima;302,603;BR-101/RJ;Sul;Choque - Defensa, barreira ou "submarino";1;;;;;;;;;;1;;;;
09/06/2013;05:36:00;19;com vítima;302,6;BR-101/RJ;Norte;Choque - Defensa, barreira ou "submarino";1;;;;;;;;;;0;;2;2;
09/06/2013;18:01:00;114;com vítima;302,7;BR-101/RJ;Norte;Colisão Traseira;2;;;;;;;;;;1;;1;;
04/07/2013;08:10:00;50;sem vítima;302,208;BR-101/RJ;Sul;Saida de Pista;1;;;;;1;;;;;2;;;;
16/07/2013;00:11:00;1;com vítima;302,313;BR-101/RJ;Norte;Choque - Veiculo parado na pista;;;1;1;;;;;;;1;;;;1
20/07/2013;12:44:00;111;com vítima;302;BR-101/RJ;Norte;Colisão Lateral;1;;;1;;;;;;;6;1;;;
22/07/2013;23:54:00;193;com vítima;302,077;BR-101/RJ;Norte;Capotamento;1;;;;;;;;;;0;2;;;
26/07/2013;15:18:00;132;sem vítima;302;BR-101/RJ;Norte;Colisão Traseira;3;;;;;;;;;;7;;;;
29/07/2013;18:12:00;138;sem vítima;302;BR-101/RJ;Sul;Colisão Traseira;2;;;;;;;;;;2;;;;
04/08/2013;19:29:00;178;sem vítima;302,558;BR-101/RJ;Norte;Saida de Pista;1;;;;;;;;;;1;;;;
11/08/2013;20:19:00;155;sem vítima;302;BR-101/RJ;Sul;Engavetamento;3;;;;;;;;;;9;;;;
18/08/2013;04:36:00;15;com vítima;302,125;BR-101/RJ;Sul;Colisão Traseira;3;;;;;;;;;;4;;1;;
31/08/2013;22:06:00;172;com vítima;302,384;BR-101/RJ;Sul;Colisão Lateral;;;;1;;1;;;;;1;;2;;
04/10/2013;14:25:00;114;com vítima;302;BR-101/RJ;Norte;Queda de Moto;;;;1;;;;;;;1;1;;;
13/10/2013;18:49:00;156;sem vítima;302;BR-101/RJ;Sul;Colisão Traseira;2;;;;;;;;;;2;;;;
03/11/2013;18:08:00;154;sem vítima;302;BR-101/RJ;Sul;Colisão Traseira;1;;;;;1;;;;;2;;;;
10/11/2013;18:25:00;157;sem vítima;302;BR-101/RJ;Sul;Engavetamento;3;;;;;;;;;;8;;;;
11/11/2013;17:52:00;166;sem vítima;302;BR-101/RJ;Sul;Colisão Traseira;2;;;;;;;;;;3;;;;
11/11/2013;12:53:00;98;sem vítima;302,3;BR-101/RJ;Sul;Colisão Lateral;2;;;;;;;;;;3;;;;
15/11/2013;17:53:00;174;sem vítima;302;BR-101/RJ;Norte;Engavetamento;3;;;;;;;;;;3;;;;
25/11/2013;07:44:00;44;sem vítima;302,35;BR-101/RJ;Sul;Colisão Traseira;2;;;;;;;;;;5;;;;
28/11/2013;00:37:00;6;sem vítima;302,58;BR-101/RJ;Norte;Choque - Defensa, barreira ou "submarino";1;;;;;;;;;;1;;;;
11/01/2014;16:40:00;168;sem vítima;302,215;BR-101/RJ;Norte;Colisão Traseira;2;;;;;;;;;;7;;;;
01/03/2014;17:10:00;292;sem vítima;302;BR-101/RJ;Norte;Colisão Lateral;;;;1;;;;;;;1;;;;
23/03/2014;01:09:00;6;com vítima;302,936;BR-101/RJ;Sul;Colisão Frontal;;;;1;;1;;;;;1;1;;;
11/05/2014;04:59:00;27;sem vítima;302,286;BR-101/RJ;Norte;Choque - Defensa, barreira ou "submarino";1;;;;;;;;;;1;;;;
25/05/2014;04:11:00;36;sem vítima;302,91;BR-101/RJ;Norte;Saida de Pista;1;;;;;;;;;;1;;;;
26/05/2014;09:18:00;67;sem vítima;302,7;BR-101/RJ;Norte;Engavetamento;3;;;;;;;;;;7;;;;
03/06/2014;22:34:00;169;sem vítima;302,765;BR-101/RJ;Norte;Saida de Pista;;;1;;;;;;;;2;;;;
20/06/2014;12:02:00;87;com vítima;302;BR-101/RJ;Norte;Engavetamento;4;;;;;;;;;;8;2;;;
19/07/2014;14:47:00;92;sem vítima;302;BR-101/RJ;Norte;Colisão Traseira;2;;;;;;;;;;2;;;;
29/08/2014;09:28:00;53;sem vítima;302;BR-101/RJ;Sul;Choque - Defensa, barreira ou "submarino";1;;;;;;;;;;1;;;;
07/10/2014;07:19:00;38;sem vítima;302;BR-101/RJ;Sul;Engavetamento;1;;;;;2;;;;;4;;;;
11/10/2014;14:25:00;128;sem vítima;302;BR-101/RJ;Norte;Engavetamento;3;;;;;;;;;;3;;;;
11/10/2014;08:58:00;58;com vítima;302,348;BR-101/RJ;Sul;Queda de Moto;;;;1;;;;;;;0;2;;;
19/10/2014;21:47:00;180;sem vítima;302;BR-101/RJ;Norte;Capotamento;1;;;;;;;;;;1;;;;
30/10/2014;10:29:00;70;sem vítima;302;BR-101/RJ;Sul;Colisão Traseira;1;;1;;;;;;;;2;;;;
10/11/2014;15:14:00;115;sem vítima;302;BR-101/RJ;Norte;Saida de Pista;;;;;;;;;;1;1;;;;
14/11/2014;16:30:00;150;com vítima;302;BR-101/RJ;Norte;Colisão Lateral;;;;1;;1;;;;;1;1;1;;
14/11/2014;18:17:00;175;sem vítima;302;BR-101/RJ;Sul;Colisão Traseira;2;;;;;;;;;;5;;;;
06/12/2014;09:26:00;52;sem vítima;302;BR-101/RJ;Sul;Engavetamento;4;;;;;;;;;;7;;;;
06/12/2014;12:10:00;82;sem vítima;302;BR-101/RJ;Norte;Engavetamento;3;;;;;;;;;;3;;;;
06/12/2014;17:40:00;142;com vítima;302,82;BR-101/RJ;Sul;Colisão Frontal;2;;;;;;;;;;0;2;;;
17/12/2014;17:53:00;153;sem vítima;302;BR-101/RJ;Norte;Colisão Traseira;1;;;;;1;;;;;2;;;;
29/12/2014;15:48:00;120;sem vítima;302;BR-101/RJ;Norte;Colisão Traseira;1;;;;;1;;;;;2;;;;
29/12/2014;18:15:00;153;sem vítima;302;BR-101/RJ;Norte;Colisão Traseira;2;;;;;;;;;;3;;;;
09/01/2015;22:57:00;195;sem vítima;302;BR-101/RJ;Norte;Colisão Traseira;;;1;;;;;;;1;3;;;;
07/03/2015;22:07:00;187;sem vítima;302;BR-101/RJ;Sul;Colisão Traseira;1;;1;;;;;;;;3;0;0;0;0
12/03/2015;02:36:00;19;com vítima;302;BR-101/RJ;Norte;Colisão Traseira;;;2;;;;;;;;2;1;0;0;0
10/05/2015;19:07:00;152;sem vítima;302;BR-101/RJ;Sul;Engavetamento;5;;;;;;;;;;10;;;;
14/07/2015;18:11:00;175;sem vítima;302;BR-101/RJ;Sul;Choque - Elemento de Drenagem;1;;;;;;;;;;2;;;;
27/07/2015;01:02:00;5;sem vítima;302,819;BR-101/RJ;Sul;Colisão Frontal;2;;;;;;;;;;2;;;;
13/10/2015;14:41:00;147;sem vítima;302;BR-101/RJ;Norte;Colisão Lateral;1;;;;;1;;;;;3;;;;
24/10/2015;07:23:00;36;sem vítima;302,599;BR-101/RJ;Sul;Choque - Defensa, barreira ou "submarino";1;;;;;;;;;;4;;;;
30/10/2015;15:00:00;118;sem vítima;302;BR-101/RJ;Norte;Engavetamento;2;;;;;;;;;1;8;;;;
31/12/2015;15:36:00;183;sem vítima;302;BR-101/RJ;Norte;Engavetamento;3;;;;;;;;;;3;;;;
16/01/2010;13:26:00;101;sem vítima;303;BR-101/RJ;Sul;Colisão Frontal;1;;1;;;;;;;;2;;;;
31/01/2010;15:20:00;124;sem vítima;303;BR-101/RJ;Norte;Colisão Traseira;2;;;;;;;;;;5;;;;
10/02/2010;03:44:00;28;com vítima;303,5;BR-101/RJ;Sul;Colisão Traseira;;;2;;;;;;;;1;;1;;
11/02/2010;10:54:00;80;sem vítima;303;BR-101/RJ;Sul;Colisão Frontal;2;;;;;;;;;;2;;;;
13/02/2010;14:36:00;291;com vítima;303;BR-101/RJ;Norte;Queda de Moto;;;;1;;;;;;;1;;1;;
14/02/2010;18:32:00;205;sem vítima;303;BR-101/RJ;Norte;Choque - Poste;1;;;;;;;;;;1;;;;
02/04/2010;05:09:00;31;sem vítima;303;BR-101/RJ;Norte;Saida de Pista;1;;;;;;;;;;5;;;;
09/04/2010;10:35:00;67;sem vítima;303;BR-101/RJ;Sul;Colisão Traseira;2;;;;;;;;;;2;;;;
09/04/2010;20:56:00;203;com vítima;303;BR-101/RJ;Sul;Colisão Frontal;1;;1;;;;;;;;3;;1;;
18/04/2010;09:49:00;42;sem vítima;303;BR-101/RJ;Norte;Saida de Pista;1;;;;;;;;;;4;;;;
18/04/2010;12:08:00;57;sem vítima;303;BR-101/RJ;Sul;Colisão Frontal;1;;1;;;;;;;;5;;;;
27/04/2010;13:52:00;100;com vítima;303;BR-101/RJ;Norte;Atropelamento - Andarilho;;;;;1;;;;;;2;1;1;;
06/05/2010;18:41:00;130;com vítima;303;BR-101/RJ;Sul;Choque - Outros;;;;1;;1;;;;;1;;1;;
06/05/2010;18:41:00;136;sem vítima;303;BR-101/RJ;Sul;Choque - Outros;1;;;;;1;;;;;3;;;;
10/05/2010;14:52:00;136;sem vítima;303;BR-101/RJ;Norte;Choque - Defensa, barreira ou "submarino";1;;;;;;;;;;1;;;;
11/05/2010;20:24:00;184;sem vítima;303;BR-101/RJ;Sul;Colisão Lateral;;;;;;1;;;;1;3;;;;
10/06/2010;19:23:00;157;sem vítima;303;BR-101/RJ;Sul;Colisão Lateral;1;;1;;;;;;;;4;;;;
21/06/2010;00:10:00;1;com vítima;303;BR-101/RJ;Norte;Queda de Moto;;;;1;;;;;;;0;;1;;
08/07/2010;07:30:00;31;com vítima;303,5;BR-101/RJ;Norte;Capotamento;1;;;;;;;;;;0;;1;;