data;horario;n_da_ocorrencia;tipo_de_ocorrencia;km;trecho;sentido;tipo_de_acidente;automovel;bicicleta;caminhao;moto;onibus;outros;tracao_animal;transporte_de_cargas_especiais;trator_maquinas;utilitarios;ilesos;levemente_feridos;moderadamente_feridos;gravemente_feridos;mortos
22/07/2010;16:31:00;145;com vítima;303;BR-101/RJ;Norte;Atropelamento - Usuário;;;;;;1;;;;;1;;1;;
04/08/2010;06:27:00;13;sem vítima;303;BR-101/RJ;Sul;Colisão Lateral;2;;;;;;;;;;2;;;;
05/08/2010;21:53:00;210;sem vítima;303;BR-101/RJ;Norte;Colisão Lateral;1;;;;;;;;;1;6;;;;
18/08/2010;15:55:00;108;com vítima;303;BR-101/RJ;Sul;Queda de Moto;;;;1;;;;;;;0;1;;;
27/09/2010;12:41:00;86;sem vítima;303;BR-101/RJ;Sul;Colisão Traseira;2;;;;;;;;;;2;;;;
03/10/2010;06:03:00;22;com vítima;303;BR-101/RJ;Sul;Saida de Pista;1;;;;;;;;;;1;2;;;
04/10/2010;18:11:00;134;com vítima;303;BR-101/RJ;Norte;Saida de Pista;1;;;;;;;;;;0;1;;;
08/10/2010;19:25:00;153;com vítima;303;BR-101/RJ;Sul;Atropelamento - Morador;1;;;;;;;;;;2;;;;1
24/10/2010;06:18:00;36;sem vítima;303;BR-101/RJ;Norte;Choque - Poste;1;;;;;;;;;;1;;;;
13/11/2010;19:56:00;212;sem vítima;303;BR-101/RJ;Sul;Colisão Lateral;1;;;;;;;;;1;5;;;;
14/11/2010;21:04:00;160;sem vítima;303;BR-101/RJ;Sul;Saida de Pista;1;;;;;;;;;;1;;;;
15/11/2010;05:02:00;13;com vítima;303;BR-101/RJ;Norte;Saida de Pista;;;;;;;;;;1;1;;1;;
11/12/2010;12:09:00;94;sem vítima;303;BR-101/RJ;Norte;Colisão Traseira;3;;;;;;;;;;8;;;;
13/12/2010;10:54:00;90;sem vítima;303;BR-101/RJ;Norte;Colisão Lateral;2;;;;;;;;;1;3;;;;
13/12/2010;18:02:00;173;com vítima;303;BR-101/RJ;Norte;Atropelamento - Ciclista;;1;;;;1;;;;;1;;;1;
18/12/2010;17:28:00;180;sem vítima;303;BR-101/RJ;Norte;Colisão Traseira;1;;1;;;;;;;;3;;;;
24/12/2010;16:30:00;143;sem vítima;303;BR-101/RJ;Sul;Saida de Pista;1;;;;;;;;;;1;;;;
31/12/2010;13:22:00;147;sem vítima;303;BR-101/RJ;Norte;Colisão Traseira;1;;;1;;;;;;;3;;;;
31/12/2010;18:05:00;213;sem vítima;303;BR-101/RJ;Sul;Colisão Lateral;2;;;;;;;;;;5;;;;
05/01/2011;17:47:00;174;sem vítima;303;BR-101/RJ;Sul;Saida de Pista;1;;;;;;;;;;2;;;;
17/01/2011;18:19:00;191;sem vítima;303;BR-101/RJ;Sul;Saida de Pista;1;;;;;;;;;;1;;;;
20/01/2011;06:20:00;21;sem vítima;303;BR-101/RJ;Norte;Colisão Traseira;1;;;;;;;;;1;5;;;;
23/01/2011;22:51:00;194;sem vítima;303;BR-101/RJ;Norte;Colisão Traseira;;;1;;;1;;;;;2;;;;
24/01/2011;02:05:00;5;com vítima;303;BR-101/RJ;Norte;Choque - Defensa, barreira ou "submarino";;;;;;1;;;;1;1;1;;;
28/01/2011;20:37:00;258;sem vítima;303;BR-101/RJ;Sul;Engavetamento;2;;;;;;;;;1;7;;;;
03/02/2011;17:30:00;153;sem vítima;303;BR-101/RJ;Sul;Saida de Pista;;;;;;;;;;1;1;;;;
05/02/2011;06:19:00;36;com vítima;303;BR-101/RJ;Norte;Colisão Traseira;;;1;1;;;;;;;1;;;1;
05/02/2011;18:27:00;183;com vítima;303;BR-101/RJ;Sul;Capotamento;1;;;;;;;;;;0;;1;;
16/02/2011;08:27:00;59;sem vítima;303;BR-101/RJ;Sul;Choque - Defensa, barreira ou "submarino";1;;;;;;;;;;1;;;;
24/03/2011;16:50:00;130;com vítima;310;BR-101/RJ;Sul;Atropelamento - Morador;;;;;;1;;;;;1;;1;;
24/03/2011;18:27:00;142;com vítima;120;BR-101/RJ;Sul;Colisão Lateral;1;;1;;;;;;;;2;;2;;1
24/03/2011;19:12:00;150;sem vítima;69;BR-101/RJ;Norte;Colisão Traseira;2;;;;;;;;;;2;;;;
24/03/2011;19:18:00;154;sem vítima;277;BR-101/RJ;Sul;Saida de Pista;1;;;;;;;;;;3;;;;
24/03/2011;21:12:00;164;sem vítima;303;BR-101/RJ;Norte;Saida de Pista;1;;;;;;;;;;1;;;;
21/05/2011;15:01:00;110;com vítima;303,5;BR-101/RJ;Norte;Atropelamento - Morador;1;;;;;;;;;;2;;;1;
24/06/2011;20:00:00;146;com vítima;303,25;BR-101/RJ;Norte;Atropelamento - Morador;;;1;;;;;;;;1;;1;;
09/09/2011;12:41:00;84;sem vítima;303;BR-101/RJ;Norte;Saida de Pista;1;;;;;;;;;;2;;;;
29/09/2011;18:43:00;127;sem vítima;303;BR-101/RJ;Sul;Colisão Traseira;1;;;;;;;;;;1;;;;
03/10/2011;17:27:00;141;sem vítima;303;BR-101/RJ;Norte;Choque - Defensa, barreira ou "submarino";1;;;;;;;;;;2;;;;
17/10/2011;11:00:00;72;sem vítima;303,79998779296875;BR-101/RJ;Sul;Colisão Traseira;1;;;;;1;;;;;5;;;;
01/11/2011;15:00:00;94;com vítima;303,79998779296875;BR-101/RJ;Norte;Colisão Traseira;;;;1;;;;;;1;3;1;;;
07/11/2011;23:03:00;192;com vítima;303;BR-101/RJ;Norte;Queda de Moto;;;;1;;;;;;;0;;1;;
28/11/2011;18:07:00;141;sem vítima;303;BR-101/RJ;Sul;Choque - Defensa, barreira ou "submarino";;;1;;;;;;;;1;;;;
01/12/2011;08:06:00;42;sem vítima;303;BR-101/RJ;Norte;Saida de Pista;1;;;;;;;;;;1;;;;
02/12/2011;03:04:00;19;sem vítima;303;BR-101/RJ;Norte;Colisão Lateral;1;;1;;;;;;;;3;;;;
12/12/2011;14:59:00;128;com vítima;303,5;BR-101/RJ;Norte;Choque - Defensa, barreira ou "submarino";1;;;;;;;;;;0;1;;;
14/12/2011;12:23:00;79;sem vítima;303;BR-101/RJ;Sul;Colisão Traseira;1;;;;;;;;;1;8;;;;
18/12/2011;08:45:00;45;com vítima;303;BR-101/RJ;Norte;Colisão Lateral;5;;;;;;;;;;11;;1;1;
22/12/2011;21:01:00;217;com vítima;303,32000732421875;BR-101/RJ;Sul;Atropelamento - Morador;1;;;;;;;;;;2;;;1;
25/12/2011;17:09:00;103;sem vítima;303;BR-101/RJ;Sul;Colisão Lateral;2;;;;;;;;;;2;;;;
25/12/2011;22:15:00;171;sem vítima;303,6000061035156;BR-101/RJ;Sul;Saida de Pista;1;;;;;;;;;;1;;;;
27/12/2011;15:18:00;137;sem vítima;303;BR-101/RJ;Norte;Colisão Traseira;1;;;;;1;;;;;5;;;;
27/12/2011;15:34:00;140;sem vítima;303;BR-101/RJ;Norte;Colisão Traseira;2;;;;;;;;;;6;;;;
18/01/2012;16:09:00;145;sem vítima;303;BR-101/RJ;Norte;Colisão Frontal;2;;;;;;;;;;3;;;;
07/02/2012;22:22:00;185;sem vítima;303;BR-101/RJ;Sul;Saida de Pista;1;;;;;;;;;;3;;;;
19/02/2012;08:23:00;62;sem vítima;303,7;BR-101/RJ;Norte;Saida de Pista;1;;;;;;;;;;2;;;;
12/03/2012;16:27:00;149;sem vítima;303;BR-101/RJ;Norte;Colisão Traseira;1;;;;1;;;;;;3;;;;
16/03/2012;14:08:00;118;sem vítima;303;BR-101/RJ;Norte;Colisão Traseira;1;;;;;;;;;1;4;;;;
16/03/2012;14:28:00;122;sem vítima;303;BR-101/RJ;Norte;Colisão Traseira;1;;1;;;;;;;;3;;;;
17/03/2012;18:02:00;146;com vítima;303;BR-101/RJ;Sul;Choque - Defensa, barreira ou "submarino";1;;;;;;;;;;0;4;2;;
17/03/2012;18:29:00;153;sem vítima;303;BR-101/RJ;Norte;Colisão Traseira;2;;;;;;;;;;2;;;;
18/03/2012;20:43:00;144;sem vítima;303;BR-101/RJ;Sul;Saida de Pista;1;;;;;;;;;;6;;;;
28/03/2012;14:40:00;102;sem vítima;303;BR-101/RJ;Sul;Colisão Lateral;2;;;;;;;;;;4;;;;
03/04/2012;14:27:00;97;sem vítima;303;BR-101/RJ;Norte;Colisão Traseira;2;;;;;;;;;;5;;;;
05/04/2012;13:56:00;113;com vítima;303;BR-101/RJ;Norte;Capotamento;1;;;;;;;;;;0;2;;;
10/04/2012;10:47:00;75;sem vítima;303;BR-101/RJ;Sul;Colisão Frontal;2;;;;;;;;;;2;;;;
21/04/2012;13:29:00;96;sem vítima;303;BR-101/RJ;Norte;Colisão Lateral;2;;1;;;;;;;;7;;;;
22/04/2012;09:24:00;45;com vítima;303;BR-101/RJ;Norte;Queda de Moto;;;;1;;;;;;;0;2;;;
25/04/2012;07:09:00;31;com vítima;303,8;BR-101/RJ;Sul;Colisão Lateral;1;;;1;;;;;;;3;1;;;
25/04/2012;09:42:00;64;sem vítima;303,8;BR-101/RJ;Norte;Colisão Traseira;2;;;;;;;;;;3;;;;
29/04/2012;15:17:00;83;sem vítima;303;BR-101/RJ;Norte;Choque - Poste;1;;;;;;;;;;1;;;;
07/05/2012;11:57:00;89;com vítima;303;BR-101/RJ;Norte;Queda de Moto;;;;1;;;;;;;0;1;;;
08/05/2012;17:27:00;110;com vítima;303;BR-101/RJ;Norte;Atropelamento - Ciclista;1;1;;;;;;;;;3;;1;;
10/05/2012;14:50:00;137;com vítima;303;BR-101/RJ;Sul;Choque - Defensa, barreira ou "submarino";1;;;;;;;;;;0;;1;;
06/06/2012;05:30:00;21;sem vítima;303;BR-101/RJ;Norte;Choque - Defensa, barreira ou "submarino";;;;;1;;;;;;1;;;;
20/07/2012;20:37:00;180;sem vítima;303;BR-101/RJ;Sul;Colisão Traseira;1;;;;;1;;;;;2;;;;
04/08/2012;20:00:00;191;sem vítima;303;BR-101/RJ;Sul;Colisão Traseira;2;;;;;;;;;;5;;;;
09/08/2012;08:12:00;46;sem vítima;303;BR-101/RJ;Norte;Outros - Sequência;1;;;;;;;;;;1;;;;
17/08/2012;19:13:00;158;sem vítima;303;BR-101/RJ;Norte;Colisão Lateral;;;;;1;;;;;1;2;;;;
14/09/2012;03:40:00;13;sem vítima;303,965;BR-101/RJ;Norte;Colisão Traseira;;;2;;;;;;;;3;;;;
20/09/2012;21:59:00;159;com vítima;303,095;BR-101/RJ;Sul;Atropelamento - Ciclista;;1;;;;;;;;1;1;;1;;
25/09/2012;05:24:00;19;sem vítima;303,041;BR-101/RJ;Norte;Colisão Traseira;2;;;;;;;;;;2;;;;
25/09/2012;04:24:00;16;sem vítima;303,043;BR-101/RJ;Norte;Choque - Poste;1;;;;;;;;;;5;;;;
01/10/2012;00:20:00;4;sem vítima;303,571;BR-101/RJ;Norte;Saida de Pista;1;;;;;;;;;;1;;;;
02/10/2012;01:52:00;13;com vítima;303,037;BR-101/RJ;Norte;Choque - Poste;1;;;;;;;;;;0;1;5;;
12/10/2012;22:28:00;228;sem vítima;303,049;BR-101/RJ;Norte;Saida de Pista;1;;;;;;;;;;1;;;;
14/10/2012;22:53:00;152;sem vítima;303,88;BR-101/RJ;Sul;Colisão Traseira;1;;1;;;;;;;;2;;;;
06/11/2012;01:19:00;10;sem vítima;303,455;BR-101/RJ;Norte;Atropelamento de Animal;1;;;;;;;;;;1;;;;
13/11/2012;15:32:00;119;sem vítima;303,5;BR-101/RJ;Norte;Saida de Pista;1;;;;;;;;;;5;;;;
11/12/2012;23:08:00;224;sem vítima;303;BR-101/RJ;Norte;Saida de Pista;1;;;;;;;;;;4;;;;
22/12/2012;10:59:00;108;sem vítima;303;BR-101/RJ;Norte;Colisão Lateral;2;;;;;;;;;;2;;;;
27/12/2012;11:43:00;98;sem vítima;303;BR-101/RJ;Norte;Colisão Traseira;;;1;;;;;;;1;2;;;;
07/01/2013;12:14:00;110;sem vítima;303;BR-101/RJ;Sul;Tombamento;;;1;;;;;;;;1;;;;
15/01/2013;13:03:00;93;com vítima;303,047;BR-101/RJ;Sul;Choque - Poste;1;;;;;;;;;;1;3;;;
18/01/2013;13:34:00;115;sem vítima;303,887;BR-101/RJ;Sul;Saida de Pista;1;;;;;;;;;;2;;;;
18/01/2013;13:04:00;111;com vítima;303,991;BR-101/RJ;Sul;Colisão Traseira;1;;;1;;;;;;;3;;2;;
23/01/2013;23:48:00;196;com vítima;303;BR-101/RJ;Norte;Queda de Moto;;;;1;;;;;;;0;;;1;
25/01/2013;14:03:00;110;sem vítima;303;BR-101/RJ;Norte;Colisão Traseira;1;;;;;;;;;;1;;;;
01/02/2013;12:11:00;106;com vítima;303,05;BR-101/RJ;Sul;Colisão Traseira;1;;;1;;;;;;;1;;1;;
02/02/2013;10:15:00;73;sem vítima;303;BR-101/RJ;Sul;Choque - Defensa, barreira ou "submarino";1;;;;;;;;;;1;;;;
03/02/2013;17:55:00;148;sem vítima;303,9;BR-101/RJ;Sul;Engavetamento;3;;;;;;;;;;9;;;;
07/02/2013;18:04:00;209;com vítima;303;BR-101/RJ;Norte;Colisão Lateral;1;;;1;;;;;;;5;1;;;
10/02/2013;11:23:00;105;com vítima;303,05;BR-101/RJ;Norte;Colisão Traseira;1;;;1;;;;;;;5;1;;;
16/02/2013;07:48:00;54;sem vítima;303;BR-101/RJ;Sul;Saida de Pista;1;;;;;;;;;;2;;;;
25/02/2013;18:48:00;172;com vítima;303;BR-101/RJ;Norte;Colisão Traseira;;;;1;;1;;;;;1;1;;;
04/03/2013;15:37:00;159;sem vítima;303;BR-101/RJ;Norte;Colisão Traseira;2;;;;;;;;;;4;;;;
04/03/2013;16:58:00;181;sem vítima;303;BR-101/RJ;Norte;Colisão Traseira;2;;;;;;;;;;2;;;;
16/03/2013;08:04:00;67;sem vítima;303;BR-101/RJ;Sul;Colisão Traseira;2;;;;;;;;;;6;;;;
26/03/2013;00:50:00;11;sem vítima;303;BR-101/RJ;Norte;Queda de Moto;;;;1;;;;;;;2;;;;
29/03/2013;21:53:00;191;com vítima;303,683;BR-101/RJ;Norte;Atropelamento - Morador;1;;;;;;;;;;1;;;;1
29/03/2013;22:21:00;194;sem vítima;303,8;BR-101/RJ;Norte;Engavetamento;3;;;;;;;;;;9;;;;
30/03/2013;09:14:00;50;com vítima;303;BR-101/RJ;Sul;Saida de Pista;1;;;;;;;;;;4;;1;;
31/03/2013;12:10:00;72;sem vítima;303;BR-101/RJ;Sul;Colisão Traseira;1;;;;;;;;;1;5;;;;
31/03/2013;12:56:00;80;com vítima;303;BR-101/RJ;Norte;Queda de Moto;;;;1;;1;;;;;1;2;;;
04/04/2013;12:31:00;85;com vítima;303,457;BR-101/RJ;Norte;Choque - Defensa, barreira ou "submarino";1;;;;;;;;;;0;1;;;
13/04/2013;07:52:00;45;com vítima;303;BR-101/RJ;Norte;Colisão Lateral;1;;1;;;;;;;;1;;2;;
27/04/2013;12:51:00;89;sem vítima;303;BR-101/RJ;Sul;Engavetamento;4;;;;;;;;;;5;;;;
07/05/2013;07:10:00;32;sem vítima;303;BR-101/RJ;Norte;Colisão Traseira;1;;;1;;;;;;;3;;;;
14/05/2013;18:19:00;133;sem vítima;303;BR-101/RJ;Sul;Colisão Frontal;2;;;;;;;;;;5;;;;
17/05/2013;15:50:00;126;sem vítima;303;BR-101/RJ;Norte;Saida de Pista;1;;;;;;;;;;2;;;;
19/05/2013;16:21:00;118;sem vítima;303;BR-101/RJ;Sul;Queda de Moto;;;;1;;;;;;;1;;;;
21/05/2013;17:01:00;127;sem vítima;303,07;BR-101/RJ;Norte;Colisão Traseira;2;;;;;;;;;;4;;;;
07/06/2013;19:52:00;177;sem vítima;303,5;BR-101/RJ;Sul;Engavetamento;3;;;;;;;;;;3;;;;
04/07/2013;17:03:00;124;sem vítima;303;BR-101/RJ;Norte;Colisão Traseira;1;;;;;1;;;;;2;;;;
20/07/2013;14:43:00;130;sem vítima;303,7;BR-101/RJ;Norte;Engavetamento;3;;;;;;;;;;3;;;;
25/07/2013;21:56:00;165;sem vítima;303,05;BR-101/RJ;Norte;Colisão Traseira;;;2;;;;;;;;2;;;;
29/07/2013;10:34:00;74;com vítima;303;BR-101/RJ;Sul;Colisão Lateral;;;;1;1;;;;;;1;2;;;
07/08/2013;12:27:00;83;sem vítima;303;BR-101/RJ;Sul;Saida de Pista;1;;;;;;;;;;1;;;;
11/08/2013;18:24:00;133;sem vítima;303;BR-101/RJ;Sul;Engavetamento;1;;;;;1;;;;;6;;;;
01/09/2013;23:29:00;193;sem vítima;303,666;BR-101/RJ;Sul;Colisão Traseira;1;;1;;;;;;;;2;;;;
13/09/2013;19:29:00;178;com vítima;303;BR-101/RJ;Sul;Queda de Moto;1;;;1;;;;;;;1;;1;;
26/09/2013;07:15:00;35;sem vítima;303;BR-101/RJ;Sul;Colisão Lateral;1;;;;1;;;;;;2;;;;
07/10/2013;18:18:00;130;sem vítima;303;BR-101/RJ;Sul;Saida de Pista;1;;;;;;;;;;1;;;;
09/10/2013;09:07:00;70;sem vítima;303,689;BR-101/RJ;Norte;Colisão Traseira;2;;;;;;;;;;2;;;;
16/10/2013;05:43:00;21;com vítima;303,486;BR-101/RJ;Norte;Colisão Traseira;1;;1;;;;;;;;4;;1;;
26/10/2013;06:29:00;32;com vítima;303,513;BR-101/RJ;Norte;Capotamento;1;;;;;;;;;;0;1;;;
06/11/2013;12:34:00;94;sem vítima;303,3;BR-101/RJ;Norte;Colisão Traseira;2;;;;;;;;;;6;;;;
06/11/2013;13:09:00;98;sem vítima;303,543;BR-101/RJ;Norte;Engavetamento;3;;;;;;;;;;6;;;;
08/11/2013;11:54:00;116;sem vítima;303;BR-101/RJ;Norte;Colisão Traseira;2;;;;;;;;;;4;;;;
08/11/2013;13:40:00;129;sem vítima;303;BR-101/RJ;Sul;Colisão Traseira;2;;;;;;;;;;3;;;;
10/11/2013;20:49:00;187;sem vítima;303;BR-101/RJ;Sul;Engavetamento;3;;;;;;;;;;8;;;;
11/11/2013;18:27:00;175;sem vítima;303;BR-101/RJ;Sul;Colisão Traseira;2;;;;;;;;;;2;;;;
13/11/2013;21:14:00;170;com vítima;303,3;BR-101/RJ;Norte;Capotamento;1;;;;;;;;;;0;1;1;2;1
14/11/2013;05:04:00;27;com vítima;303;BR-101/RJ;Sul;Colisão Frontal;2;;;1;;;;;;;2;1;;;
26/11/2013;14:33:00;119;com vítima;303,832;BR-101/RJ;Sul;Atropelamento - Outros;1;;;;;;;;;;1;;;;1
27/11/2013;00:15:00;5;sem vítima;303;BR-101/RJ;Sul;Choque - Objeto sobre a pista;;;;1;;;;;;;1;;;;
30/11/2013;01:12:00;10;sem vítima;303,279;BR-101/RJ;Norte;Colisão Traseira;2;;;;;;;;;;3;;;;
01/12/2013;17:43:00;136;com vítima;303,815;BR-101/RJ;Norte;Colisão Traseira;;;;1;;;;;;;0;;1;;
05/12/2013;11:03:00;80;com vítima;303,708;BR-101/RJ;Norte;Capotamento;1;;;;;;;;;;0;2;;;
17/12/2013;14:04:00;116;sem vítima;303;BR-101/RJ;Sul;Colisão Lateral;2;;;;;;;;;;4;;;;
21/12/2013;15:09:00;127;sem vítima;303,815;BR-101/RJ;Norte;Colisão Traseira;2;;;;;;;;;;2;;;;
05/01/2014;19:30:00;158;sem vítima;303,073;BR-101/RJ;Sul;Choque - Defensa, barreira ou "submarino";;;;;;;;;;1;1;;;;
06/01/2014;13:59:00;101;sem vítima;303,484;BR-101/RJ;Norte;Colisão Traseira;2;;;;;;;;;;6;;;;
11/01/2014;11:31:00;94;sem vítima;303;BR-101/RJ;Norte;Colisão Traseira;2;;;;;;;;;;2;;;;
16/02/2014;18:05:00;128;com vítima;303;BR-101/RJ;Sul;Colisão Traseira;2;;;;;;;;;;4;1;;;
24/02/2014;08:19:00;48;sem vítima;303;BR-101/RJ;Sul;Choque - Defensa, barreira ou "submarino";1;;;;;;;;;;1;;;;
27/02/2014;18:17:00;200;sem vítima;303;BR-101/RJ;Norte;Outros - Sequência;1;;;;;1;;;;;3;;;;
02/03/2014;12:21:00;113;com vítima;303,28;BR-101/RJ;Norte;Colisão Lateral;1;;;1;;;;;;;2;1;1;;
06/03/2014;18:48:00;206;sem vítima;303;BR-101/RJ;Sul;Colisão Traseira;2;;;;;;;;;;6;;;;
11/03/2014;08:58:00;48;com vítima;303;BR-101/RJ;Norte;Atropelamento - Ciclista;1;1;;;;;;;;;2;;;1;
30/03/2014;09:17:00;50;com vítima;303;BR-101/RJ;Norte;Colisão Traseira;1;;;1;;;;;;;1;1;;;
14/04/2014;19:23:00;164;sem vítima;303;BR-101/RJ;Norte;Colisão Lateral;;;;;2;;;;;;2;;;;
24/04/2014;18:45:00;149;sem vítima;303;BR-101/RJ;Sul;Choque - Defensa, barreira ou "submarino";1;;;;;;;;;;2;;;;
01/05/2014;03:26:00;21;sem vítima;303;BR-101/RJ;Sul;Choque - Defensa, barreira ou "submarino";1;;;;;;;;;;1;;;;
26/05/2014;11:31:00;91;com vítima;303,053;BR-101/RJ;Norte;Queda de Moto;;;;1;;;;;;;0;1;;;
30/05/2014;23:19:00;203;com vítima;303;BR-101/RJ;Sul;Queda de Moto;;;;1;;;;;;;0;1;;;
04/06/2014;17:16:00;141;sem vítima;303,15;BR-101/RJ;Sul;Colisão Lateral;1;;;;;;;;;1;3;;;;
15/06/2014;19:40:00;122;sem vítima;303,035;BR-101/RJ;Sul;Engavetamento;3;;;;;;;;;;5;;;;
05/07/2014;12:28:00;74;com vítima;303;BR-101/RJ;Norte;Capotamento;1;;;;;;;;;;0;2;1;;
13/07/2014;06:56:00;19;com vítima;303;BR-101/RJ;Norte;Capotamento;1;;;;;;;;;;0;1;;;
19/07/2014;11:32:00;59;sem vítima;303;BR-101/RJ;Sul;Colisão Traseira;2;;;;;;;;;;2;;;;
19/07/2014;09:57:00;41;sem vítima;303,054;BR-101/RJ;Sul;Colisão Frontal;2;;;;;;;;;;2;;;;
23/07/2014;09:08:00;40;sem vítima;303;BR-101/RJ;Norte;Colisão Traseira;2;;;;;;;;;;3;;;;
23/07/2014;10:24:00;51;com vítima;303,75;BR-101/RJ;Sul;Colisão Lateral;1;;;1;;;;;;;1;1;1;;
10/08/2014;17:49:00;129;sem vítima;303,05;BR-101/RJ;Sul;Colisão Frontal;1;;;;;1;;;;;2;;;;
12/08/2014;10:43:00;78;sem vítima;303;BR-101/RJ;Sul;Colisão Frontal;1;;;;;1;;;;;2;;;;
16/08/2014;13:41:00;64;sem vítima;303;BR-101/RJ;Norte;Queda de Moto;;;1;1;;;;;;;2;;;;
17/08/2014;19:18:00;131;sem vítima;303;BR-101/RJ;Sul;Colisão Traseira;1;;;;;1;;;;;3;;;;
19/08/2014;12:26:00;72;sem vítima;303;BR-101/RJ;Norte;Colisão Traseira;1;;;;1;;;;;;2;;;;
20/08/2014;14:32:00;105;com vítima;303;BR-101/RJ;Sul;Queda de Moto;;;;1;;;;;;;0;1;;;
23/08/2014;12:17:00;99;com vítima;303;BR-101/RJ;Norte;Engavetamento;4;;;;;;;;;;8;;2;;
24/08/2014;17:12:00;129;com vítima;303;BR-101/RJ;Norte;Colisão Lateral;1;;;1;;;;;;;3;1;;;
08/09/2014;16:29:00;139;com vítima;303;BR-101/RJ;Sul;Queda de Moto;;;;1;;1;;;;;1;;1;;
19/09/2014;19:11:00;175;com vítima;303,05;BR-101/RJ;Norte;Atropelamento - Ciclista;1;1;;;;;;;;;1;1;;;
20/09/2014;05:59:00;26;com vítima;303;BR-101/RJ;Norte;Queda de Moto;;;;1;;;;;;;0;;2;;
22/09/2014;12:15:00;78;sem vítima;303;BR-101/RJ;Sul;Choque - Defensa, barreira ou "submarino";1;;;;;;;;;;3;;;;
27/09/2014;00:57:00;6;sem vítima;303;BR-101/RJ;Sul;Saida de Pista;1;;;;;;;;;;3;;;;
05/10/2014;05:35:00;18;com vítima;303;BR-101/RJ;Sul;Colisão Frontal;2;;;;;;;;;;0;3;;;
05/10/2014;13:10:00;68;sem vítima;303;BR-101/RJ;Norte;Saida de Pista;2;;;;;;;;;;2;;;;
05/10/2014;23:14:00;151;com vítima;303;BR-101/RJ;Sul;Capotamento;1;;;;;;;;;;2;;2;;
07/10/2014;06:20:00;30;com vítima;303;BR-101/RJ;Sul;Outros - Sequência;3;;;;;;;;;;2;;1;1;
18/10/2014;12:06:00;87;sem vítima;303;BR-101/RJ;Norte;Colisão Lateral;1;;1;;;;;;;;3;;;;
27/10/2014;00:30:00;3;sem vítima;303;BR-101/RJ;Norte;Choque - Defensa, barreira ou "submarino";1;;;;;;;;;;3;;;;
30/10/2014;11:11:00;75;com vítima;303;BR-101/RJ;Norte;Colisão Lateral;1;;;1;;;;;;;3;1;;;
06/11/2014;11:40:00;86;com vítima;303;BR-101/RJ;Sul;Queda de Moto;;;;1;;;;;;;1;1;;;
23/11/2014;23:42:00;190;sem vítima;303,047;BR-101/RJ;Sul;Saida de Pista;1;;;;;;;;;;1;;;;
05/12/2014;12:06:00;83;sem vítima;303,05;BR-101/RJ;Norte;Saida de Pista;1;;;;;;;;;;1;;;;
13/12/2014;12:14:00;101;sem vítima;303;BR-101/RJ;Norte;Colisão Traseira;2;;;;;;;;;;7;;;;
20/12/2014;19:51:00;183;sem vítima;303;BR-101/RJ;Norte;Colisão Traseira;1;;;;;1;;;;;2;;;;
22/12/2014;01:09:00;4;sem vítima;303;BR-101/RJ;Norte;Choque - Poste;1;;;;;;;;;;1;;;;
25/12/2014;04:43:00;16;sem vítima;303;BR-101/RJ;Norte;Choque - Defensa, barreira ou "submarino";1;;;;;;;;;;3;;;;
31/12/2014;15:31:00;148;com vítima;303;BR-101/RJ;Sul;Atropelamento - Ciclista;;1;;;;1;;;;;1;1;;;
16/01/2015;13:27:00;97;sem vítima;303;BR-101/RJ;Norte;Colisão Traseira;;;2;;;;;;;;2;;;;
26/01/2015;07:20:00;32;com vítima;303;BR-101/RJ;Sul;Colisão Lateral;;;;1;1;;;;;;1;;;;2
26/01/2015;09:23:00;66;sem vítima;303;BR-101/RJ;Norte;Engavetamento;4;;;;;;;;;;5;;;;
31/01/2015;05:42:00;23;sem vítima;303;BR-101/RJ;Sul;Saida de Pista;1;;;;;;;;;;1;;;;
03/02/2015;11:27:00;85;sem vítima;303;BR-101/RJ;Norte;Colisão Frontal;1;;1;;;;;;;;2;0;0;0;0
07/02/2015;20:16:00;139;com vítima;303;BR-101/RJ;Norte;Colisão Traseira;2;;;;;;;;;;1;1;0;0;0
09/02/2015;06:15:00;25;com vítima;303;BR-101/RJ;Norte;Saida de Pista;1;;;;;;;;;;3;0;1;0;0
11/02/2015;09:14:00;59;com vítima;303;BR-101/RJ;Norte;Colisão Lateral;1;;1;;;;;;;;1;2;0;0;0
27/02/2015;18:05:00;139;sem vítima;303;BR-101/RJ;Norte;Choque - Outros;1;;;;;;;;;;1;;;;
28/02/2015;21:07:00;167;com vítima;303,5;BR-101/RJ;Norte;Choque - Defensa, barreira ou "submarino";1;;;;;;;;;;0;1;;;
07/03/2015;22:05:00;186;sem vítima;303;BR-101/RJ;Sul;Colisão Traseira;1;;1;;;;;;;;2;0;0;0;0
17/03/2015;17:02:00;140;sem vítima;303;BR-101/RJ;Norte;Colisão Lateral;1;;1;;;;;;;;2;0;0;0;0
02/04/2015;21:40:00;230;sem vítima;303;BR-101/RJ;Norte;Engavetamento;2;;;;;1;;;;;10;;;;
18/04/2015;17:48:00;152;com vítima;303;BR-101/RJ;Norte;Colisão Frontal;1;;;1;;;;;;;2;1;;;
23/04/2015;14:50:00;117;com vítima;303,32;BR-101/RJ;Norte;Capotamento;1;;;;;;;;;;0;1;;;