data;horario;n_da_ocorrencia;tipo_de_ocorrencia;km;trecho;sentido;tipo_de_acidente;automovel;bicicleta;caminhao;moto;onibus;outros;tracao_animal;transporte_de_cargas_especiais;trator_maquinas;utilitarios;ilesos;levemente_feridos;moderadamente_feridos;gravemente_feridos;mortos
23/04/2015;15:06:00;122;com vítima;303,985;BR-101/RJ;Norte;Colisão Traseira;1;;;1;;;;;;;5;1;;;
07/06/2015;22:18:00;197;sem vítima;303,039;BR-101/RJ;Norte;Colisão Frontal;2;;;;;;;;;;4;;;;
19/06/2015;17:01:00;136;sem vítima;303;BR-101/RJ;Sul;Colisão Lateral;2;;;;;;;;;;2;;;;
26/06/2015;09:23:00;72;sem vítima;303,811;BR-101/RJ;Norte;Colisão Traseira;2;;;;;;;;;;3;;;;
17/07/2015;23:58:00;257;sem vítima;303,4;BR-101/RJ;Sul;Colisão Traseira;1;;;;;;;;;1;3;;;;
27/07/2015;03:45:00;11;sem vítima;303,7;BR-101/RJ;Norte;Choque - Defensa, barreira ou "submarino";;;1;;;1;;;;;2;;;;
28/07/2015;07:05:00;38;com vítima;303,777;BR-101/RJ;Norte;Choque - Defensa, barreira ou "submarino";1;;;;;;;;;;0;;;;1
31/07/2015;19:06:00;182;com vítima;303;BR-101/RJ;Norte;Colisão Lateral;1;;;1;;;;;;;1;1;;;
06/08/2015;09:04:00;68;sem vítima;303,686;BR-101/RJ;Norte;Colisão Traseira;1;;;;;;;;;1;4;;;;
26/08/2015;07:03:00;30;sem vítima;303,035;BR-101/RJ;Norte;Choque - Defensa, barreira ou "submarino";1;;;;;;;;;;1;;;;
27/08/2015;08:43:00;65;com vítima;303,444;BR-101/RJ;Norte;Colisão Traseira;1;;;;;1;;;;;1;;1;;
29/08/2015;17:29:00;143;sem vítima;303;BR-101/RJ;Norte;Choque - Talude;1;;;;;;;;;;1;;;;
30/08/2015;13:53:00;77;com vítima;303,719;BR-101/RJ;Sul;Choque - Defensa, barreira ou "submarino";1;;;;;;;;;;0;5;;;
18/09/2015;21:05:00;282;sem vítima;303;BR-101/RJ;Norte;Colisão Traseira;1;;;;;1;;;;;2;;;;
23/09/2015;12:11:00;109;com vítima;303,383;BR-101/RJ;Sul;Colisão Traseira;2;;;;;;;;;;1;2;;;
04/11/2015;11:02:00;92;sem vítima;303;BR-101/RJ;Norte;Colisão Frontal;2;;;;;;;;;;3;;;;
09/11/2015;11:13:00;106;com vítima;303,15;BR-101/RJ;Norte;Colisão Lateral;1;1;;;;;;;;;1;1;;;
14/11/2015;11:00:00;93;sem vítima;303;BR-101/RJ;Norte;Choque - Defensa, barreira ou "submarino";1;;;;;;;;;;1;;;;
14/11/2015;11:53:00;103;sem vítima;303;BR-101/RJ;Norte;Choque - Defensa, barreira ou "submarino";;;;;;;;;;1;2;;;;
14/11/2015;12:09:00;105;com vítima;303;BR-101/RJ;Norte;Queda de Moto;;;;1;;;;;;;0;1;;;
23/11/2015;07:44:00;49;sem vítima;303,006;BR-101/RJ;Sul;Colisão Traseira;1;;;;;1;;;;;2;;;;
12/12/2015;21:29:00;222;sem vítima;303;BR-101/RJ;Sul;Saida de Pista;1;;;;;;;;;;2;;;;
12/12/2015;08:47:00;72;sem vítima;303,713;BR-101/RJ;Norte;Colisão Traseira;2;;;;;;;;;;3;;;;
13/12/2015;01:17:00;8;sem vítima;303;BR-101/RJ;Norte;Colisão Frontal;1;;1;;;;;;;;2;;;;
19/12/2015;12:34:00;145;com vítima;303,7;BR-101/RJ;Norte;Engavetamento;3;;;;;;;;;;5;2;;;
31/12/2015;18:41:00;244;sem vítima;303;BR-101/RJ;Norte;Colisão Lateral;3;;;;;;;;;;7;;;;
02/01/2010;12:05:00;85;com vítima;304;BR-101/RJ;Norte;Atropelamento - Morador;1;;;;;;;;;;3;;;1;
10/01/2010;10:55:00;88;sem vítima;304;BR-101/RJ;Sul;Colisão Traseira;1;;;;;1;;;;;5;;;;
19/01/2010;11:36:00;102;sem vítima;304;BR-101/RJ;Norte;Colisão Traseira;2;;;;;;;;;;3;;;;
02/02/2010;21:18:00;179;com vítima;304;BR-101/RJ;Sul;Atropelamento - Sem Informação;;;;;;1;;;;;1;;;1;
05/02/2010;13:32:00;116;com vítima;304;BR-101/RJ;Norte;Saida de Pista;1;;;;;;;;;;0;4;;;
11/02/2010;11:04:00;81;sem vítima;304;BR-101/RJ;Norte;Colisão Traseira;2;;;;;;;;;;7;;;;
12/02/2010;20:49:00;276;com vítima;304;BR-101/RJ;Norte;Atropelamento - Morador;;;;1;;;;;;;0;3;;;
13/02/2010;22:27:00;459;sem vítima;304;BR-101/RJ;Norte;Colisão Traseira;1;;;;;1;;;;;3;;;;
17/02/2010;06:08:00;39;com vítima;304;BR-101/RJ;Norte;Atropelamento - Ciclista;;1;;;;1;;;;;1;;1;;
06/03/2010;13:44:00;119;sem vítima;304;BR-101/RJ;Norte;Choque - Defensa, barreira ou "submarino";1;;;;;1;;;;;2;;;;
01/04/2010;20:11:00;199;sem vítima;304;BR-101/RJ;Norte;Colisão Traseira;2;;;;;;;;;;3;;;;
16/04/2010;00:05:00;1;com vítima;304;BR-101/RJ;Norte;Atropelamento - Sem Informação;;;;;;1;;;;;1;;;;1
03/05/2010;04:11:00;10;sem vítima;304;BR-101/RJ;Norte;Atropelamento de Animal;;;;;;;;;;1;1;;;;
10/05/2010;05:17:00;21;sem vítima;304;BR-101/RJ;Norte;Saida de Pista;1;;;;;;;;;;1;;;;
23/05/2010;20:05:00;158;sem vítima;304;BR-101/RJ;Sul;Capotamento;1;;;;;;;;;;5;;;;
10/06/2010;16:27:00;130;com vítima;304;BR-101/RJ;Norte;Saida de Pista;1;;;;;;;;;;0;;1;;
12/06/2010;06:16:00;30;com vítima;304;BR-101/RJ;Norte;Saida de Pista;1;;;;;;;;;;0;1;;;1
23/07/2010;16:55:00;142;com vítima;304;BR-101/RJ;Norte;Queda de Moto;;;;1;;;;;;;0;1;1;;
12/08/2010;12:12:00;97;sem vítima;304;BR-101/RJ;Norte;Saida de Pista;1;;;;;;;;;;2;;;;
29/08/2010;19:51:00;128;sem vítima;304;BR-101/RJ;Sul;Engavetamento;2;;;;;2;;;;;9;;;;
11/09/2010;07:54:00;42;com vítima;304;BR-101/RJ;Norte;Colisão Lateral;;;;1;;1;;;;;1;;2;;
27/09/2010;18:16:00;141;com vítima;304;BR-101/RJ;Sul;Saida de Pista;1;;;;;;;;;;0;2;1;;
08/10/2010;20:40:00;170;sem vítima;304;BR-101/RJ;Norte;Saida de Pista;1;;;;;;;;;;3;;;;
09/10/2010;15:12:00;134;sem vítima;304;BR-101/RJ;Sul;Colisão Traseira;2;;;;1;;;;;;5;;;;
10/10/2010;03:27:00;38;sem vítima;304;BR-101/RJ;Norte;Colisão Traseira;2;;;;;;;;;;4;;;;
30/11/2010;22:39:00;192;sem vítima;304;BR-101/RJ;Sul;Colisão Lateral;1;;1;;;;;;;;4;;;;
17/12/2010;23:46:00;247;com vítima;304;BR-101/RJ;Norte;Capotamento;1;;;;;;;;;;0;;1;;
25/12/2010;09:37:00;55;com vítima;304;BR-101/RJ;Sul;Saida de Pista;1;;;;;;;;;;0;;2;;
06/01/2011;21:29:00;193;com vítima;304;BR-101/RJ;Sul;Colisão Lateral;;;;1;;1;;;;;1;2;;;
10/01/2011;11:27:00;95;sem vítima;304;BR-101/RJ;Norte;Saida de Pista;1;;;;;;;;;;1;;;;
25/03/2011;05:14:00;15;com vítima;53;BR-101/RJ;Norte;Colisão Lateral;;;2;;;;;;;;1;;;;1
20/05/2011;06:49:00;13;com vítima;304,5;BR-101/RJ;Sul;Colisão Frontal;;1;;;1;;;;;;1;1;;;
18/06/2011;14:22:00;98;com vítima;304;BR-101/RJ;Norte;Colisão Traseira;;;;1;;;;;;;0;;1;;
25/06/2011;19:10:00;141;sem vítima;304,64300537109375;BR-101/RJ;Norte;Atropelamento de Animal;2;;;;1;;;;;;42;;;;
05/08/2011;05:33:00;17;com vítima;304,6499938964844;BR-101/RJ;Norte;Colisão Traseira;2;;;;;;;;;;1;1;1;;
06/08/2011;13:01:00;102;sem vítima;304;BR-101/RJ;Sul;Saida de Pista;1;;;;;;;;;;2;;;;
12/08/2011;07:16:00;29;com vítima;304;BR-101/RJ;Norte;Atropelamento - Morador;;;;;;;;;;1;1;1;;;
02/09/2011;10:43:00;71;sem vítima;304;BR-101/RJ;Sul;Saida de Pista;1;;;;;;;;;;2;;;;
21/09/2011;22:01:00;163;sem vítima;304;BR-101/RJ;Norte;Colisão Traseira;2;;;;;;;;;;2;;;;
03/10/2011;17:16:00;138;sem vítima;304,79998779296875;BR-101/RJ;Norte;Colisão Traseira;3;;;;;;;;;;9;;;;
06/10/2011;16:47:00;151;com vítima;304,5;BR-101/RJ;Norte;Colisão Traseira;1;;;1;;;;;;;1;1;;;
15/10/2011;23:58:00;190;sem vítima;304;BR-101/RJ;Sul;Saida de Pista;1;;;;;;;;;;1;;;;
31/10/2011;08:19:00;49;sem vítima;304,5;BR-101/RJ;Norte;Capotamento;1;;;;;;;;;;1;;;;
04/11/2011;21:02:00;172;com vítima;304,29998779296875;BR-101/RJ;Norte;Capotamento;1;;;;;;;;;;0;;;1;
08/11/2011;15:31:00;99;sem vítima;304;BR-101/RJ;Norte;Colisão Lateral;1;;;;1;;;;;;2;;;;
11/11/2011;12:13:00;87;sem vítima;304;BR-101/RJ;Norte;Colisão Lateral;2;;;;;;;;;;5;;;;
13/11/2011;22:57:00;154;sem vítima;304;BR-101/RJ;Norte;Colisão Traseira;2;;;;;;;;;;2;;;;
08/12/2011;16:24:00;151;sem vítima;304;BR-101/RJ;Sul;Colisão Traseira;1;;;;1;;;;;;4;;;;
14/12/2011;10:52:00;66;sem vítima;304,20001220703125;BR-101/RJ;Sul;Colisão Traseira;2;;;;;;;;;;6;;;;
18/12/2011;16:25:00;101;sem vítima;304;BR-101/RJ;Norte;Colisão Traseira;;;1;;;;;;;1;2;;;;
23/12/2011;06:48:00;39;com vítima;304;BR-101/RJ;Norte;Saida de Pista;1;;;;;;;;;;0;;1;;
24/12/2011;01:14:00;7;com vítima;304;BR-101/RJ;Norte;Queda de Moto;;;;1;;;;;;;0;;1;1;
25/12/2011;21:57:00;166;sem vítima;304;BR-101/RJ;Norte;Saida de Pista;1;;;;;;;;;;1;;;;
27/12/2011;16:31:00;157;com vítima;304;BR-101/RJ;Norte;Engavetamento;3;;;;;;;;;;9;;1;;
10/01/2012;08:32:00;52;com vítima;304,5;BR-101/RJ;Norte;Saida de Pista;1;;;;;;;;;;0;;1;;
28/01/2012;07:55:00;53;sem vítima;304;BR-101/RJ;Sul;Tombamento;;;1;;;;;;;;1;;;;
04/02/2012;11:16:00;73;sem vítima;304;BR-101/RJ;Norte;Colisão Traseira;1;;;;;;;;;1;3;;;;
12/02/2012;17:42:00;135;sem vítima;304;BR-101/RJ;Sul;Colisão Traseira;2;;;;;;;;;;2;;;;
15/02/2012;18:48:00;173;sem vítima;304;BR-101/RJ;Sul;Colisão Traseira;2;;;;;;;;;;3;;;;
19/02/2012;15:03:00;137;com vítima;304;BR-101/RJ;Sul;Atropelamento - Outros;1;;;;;;;;;;2;;;;1
29/02/2012;12:16:00;80;com vítima;304;BR-101/RJ;Norte;Capotamento;1;;;;;;;;;;0;2;;;
12/03/2012;17:12:00;160;sem vítima;304;BR-101/RJ;Norte;Colisão Traseira;;;1;;;;;;;1;5;;;;
14/04/2012;11:36:00;75;sem vítima;304;BR-101/RJ;Norte;Choque - Objeto sobre a pista;1;;1;;;;;;;;5;;;;
14/04/2012;14:25:00;96;sem vítima;304;BR-101/RJ;Norte;Saida de Pista;1;;;;;;;;;;1;;;;
11/05/2012;10:14:00;69;sem vítima;304;BR-101/RJ;Norte;Colisão Traseira;2;;;;;;;;;;3;;;;
13/06/2012;18:33:00;168;sem vítima;304;BR-101/RJ;Sul;Colisão Traseira;2;;;;;;;;;;5;;;;
19/07/2012;21:41:00;192;sem vítima;304,627;BR-101/RJ;Sul;Colisão Traseira;;;2;;1;;;;;;3;;;;
01/08/2012;16:28:00;148;sem vítima;304;BR-101/RJ;Norte;Saida de Pista;1;;;;;;;;;;1;;;;
04/08/2012;16:02:00;131;sem vítima;304;BR-101/RJ;Sul;Colisão Traseira;2;;;;;;;;;;2;;;;
04/08/2012;18:35:00;170;sem vítima;304;BR-101/RJ;Sul;Colisão Traseira;1;;;;;1;;;;;2;;;;
08/09/2012;23:13:00;168;com vítima;304;BR-101/RJ;Norte;Atropelamento - Morador;;;;;;1;;;;;1;;1;;
09/09/2012;18:14:00;212;com vítima;304,3;BR-101/RJ;Sul;Atropelamento de Animal;;;;1;;;;;;;0;1;;;
19/09/2012;07:29:00;49;com vítima;304;BR-101/RJ;Sul;Queda de Moto;;;;1;;;;;;;0;2;;;
15/10/2012;09:58:00;59;sem vítima;304;BR-101/RJ;Norte;Colisão Lateral;1;;1;;;;;;;;2;;;;
16/10/2012;17:20:00;173;com vítima;304,193;BR-101/RJ;Sul;Atropelamento - Andarilho;;;;;;1;;;;;1;1;;;
16/10/2012;02:53:00;12;com vítima;304,496;BR-101/RJ;Norte;Colisão Traseira;1;;1;;;;;;;;1;1;1;;
28/10/2012;19:41:00;169;sem vítima;304,224;BR-101/RJ;Sul;Engavetamento;3;;;;;;;;;;4;;;;
28/10/2012;14:57:00;117;com vítima;304,245;BR-101/RJ;Norte;Queda de Moto;;;;1;;;;;;;0;2;;;
10/11/2012;03:30:00;11;sem vítima;304;BR-101/RJ;Norte;Saida de Pista;1;;;;;;;;;;1;;;;
18/11/2012;06:32:00;24;com vítima;304;BR-101/RJ;Norte;Queda de Moto;;;;1;;;;;;;0;;;1;
20/11/2012;23:17:00;179;com vítima;304,346;BR-101/RJ;Norte;Capotamento;1;;;;;;;;;;0;;;1;
29/11/2012;22:03:00;195;com vítima;304,5;BR-101/RJ;Norte;Atropelamento - Morador;;;;;;1;;;;;1;;;;1
12/12/2012;00:30:00;3;sem vítima;304;BR-101/RJ;Norte;Colisão Traseira;2;;;;;;;;;;3;;;;
17/12/2012;06:12:00;24;com vítima;304;BR-101/RJ;Norte;Saida de Pista;1;;;;;;;;;;0;1;;;
23/12/2012;18:22:00;157;com vítima;304;BR-101/RJ;Norte;Choque - Outros;;;;1;;;;;;;0;;1;;
06/01/2013;10:28:00;54;com vítima;304;BR-101/RJ;Sul;Queda de Moto;;;;1;;;;;;;0;1;;;
12/01/2013;13:04:00;78;sem vítima;304;BR-101/RJ;Norte;Colisão Traseira;2;;;;;;;;;;6;;;;
15/01/2013;23:21:00;191;sem vítima;304;BR-101/RJ;Sul;Saida de Pista;;;1;;;;;;;;1;;;;
26/01/2013;15:34:00;132;sem vítima;304;BR-101/RJ;Sul;Saida de Pista;1;;;;;;;;;;1;;;;
26/01/2013;12:47:00;97;com vítima;304,157;BR-101/RJ;Sul;Engavetamento;5;;1;;;;;;;;15;3;1;;
07/02/2013;14:26:00;159;com vítima;304;BR-101/RJ;Norte;Colisão Lateral;1;;;1;;;;;;;3;1;;;
09/02/2013;11:44:00;164;com vítima;304,62;BR-101/RJ;Norte;Atropelamento - Andarilho;;;;1;;;;;;;0;;2;1;
14/02/2013;22:56:00;260;com vítima;304;BR-101/RJ;Sul;Saida de Pista;;;1;;;;;;;;0;;1;;
17/02/2013;11:40:00;79;com vítima;304;BR-101/RJ;Norte;Colisão Lateral;;;;1;;1;;;;;1;1;;;
06/04/2013;00:30:00;4;sem vítima;304;BR-101/RJ;Sul;Capotamento;1;;;;;;;;;;1;;;;
04/05/2013;12:42:00;95;sem vítima;304;BR-101/RJ;Norte;Saida de Pista;1;;;;;;;;;;1;;;;
08/06/2013;08:13:00;50;sem vítima;304;BR-101/RJ;Sul;Colisão Traseira;2;;;;;;;;;;2;;;;
11/06/2013;17:43:00;144;com vítima;304,13;BR-101/RJ;Norte;Queda de Moto;;;;1;;;;;;;0;;1;1;
14/06/2013;23:13:00;186;sem vítima;304;BR-101/RJ;Norte;Saida de Pista;1;;;;;;;;;;1;;;;
24/06/2013;10:26:00;65;sem vítima;304,5;BR-101/RJ;Norte;Saida de Pista;1;;;;;;;;;;2;;;;
29/06/2013;09:45:00;59;com vítima;304,9;BR-101/RJ;Sul;Colisão Traseira;2;;;;;;;;;;1;;1;;
20/07/2013;14:19:00;123;com vítima;304,7;BR-101/RJ;Norte;Colisão Traseira;;;;2;;;;;;;1;1;;;
26/07/2013;12:59:00;104;sem vítima;304;BR-101/RJ;Norte;Colisão Traseira;2;;;;;;;;;;2;;;;
26/07/2013;14:53:00;130;com vítima;304;BR-101/RJ;Norte;Colisão Traseira;2;;;;;;;;;;2;1;;;
26/07/2013;16:21:00;141;sem vítima;304;BR-101/RJ;Norte;Colisão Lateral;1;;;1;;;;;;;4;;;;
27/07/2013;15:48:00;109;sem vítima;304;BR-101/RJ;Norte;Colisão Traseira;3;;;;;;;;;;5;;;;
30/08/2013;22:32:00;201;sem vítima;304;BR-101/RJ;Sul;Saida de Pista;1;;;;;;;;;;1;;;;
31/08/2013;01:13:00;10;com vítima;304,2;BR-101/RJ;Sul;Colisão Traseira;1;;;;;1;;;;;1;;;;1
08/09/2013;02:09:00;12;com vítima;304,1;BR-101/RJ;Norte;Colisão Traseira;1;;;1;;;;;;;2;;;;1
17/09/2013;15:35:00;132;sem vítima;304;BR-101/RJ;Norte;Engavetamento;3;;;;;;;;;;4;;;;
29/09/2013;14:55:00;85;sem vítima;304;BR-101/RJ;Sul;Colisão Traseira;2;;;;;;;;;;5;;;;
14/10/2013;19:06:00;189;com vítima;304,315;BR-101/RJ;Norte;Queda de Moto;;;;1;;;;;;;0;;1;;
15/10/2013;16:55:00;162;com vítima;304,688;BR-101/RJ;Norte;Queda de Moto;;;;1;;;;;;;0;1;1;;
18/10/2013;16:36:00;122;com vítima;304;BR-101/RJ;Sul;Colisão Traseira;1;;;1;;;;;;;1;;1;1;
28/10/2013;23:50:00;185;com vítima;304,3;BR-101/RJ;Sul;Atropelamento de Animal;1;;;;;;;;;;1;;1;;
11/11/2013;18:26:00;176;sem vítima;304;BR-101/RJ;Sul;Colisão Traseira;2;;;;;;;;;;2;;;;
15/11/2013;20:05:00;199;com vítima;304;BR-101/RJ;Sul;Engavetamento;4;;1;;;;;;;;4;2;1;1;
15/11/2013;19:55:00;196;com vítima;304,8;BR-101/RJ;Sul;Atropelamento - Morador;;;;;;;;;;1;5;;;;1
18/11/2013;10:47:00;97;com vítima;304;BR-101/RJ;Sul;Colisão Traseira;;;;;1;;;;;1;3;1;;;
25/11/2013;07:51:00;47;sem vítima;304;BR-101/RJ;Sul;Colisão Traseira;2;;;;;;;;;;2;;;;
08/12/2013;18:29:00;160;sem vítima;304;BR-101/RJ;Sul;Colisão Traseira;1;;;;;1;;;;;2;;;;
09/12/2013;22:21:00;201;sem vítima;304;BR-101/RJ;Norte;Colisão Frontal;2;;;;;;;;;;2;;;;
17/12/2013;00:24:00;4;sem vítima;304;BR-101/RJ;Sul;Atropelamento de Animal;1;;;;;;;;;;3;;;;
08/01/2014;18:08:00;163;sem vítima;304,55;BR-101/RJ;Norte;Choque - Defensa, barreira ou "submarino";;;1;;;;;;;;2;;;;
11/01/2014;14:33:00;138;sem vítima;304,318;BR-101/RJ;Norte;Colisão Traseira;;;1;;;;;;;1;6;;;;
17/01/2014;19:31:00;158;sem vítima;304;BR-101/RJ;Norte;Colisão Traseira;2;;;;;;;;;;2;;;;
27/01/2014;19:37:00;176;com vítima;304,485;BR-101/RJ;Norte;Colisão Traseira;;;;1;;1;;;;;1;;1;;
27/01/2014;12:18:00;102;com vítima;304,62;BR-101/RJ;Norte;Colisão Lateral;;;;1;;;;;;1;4;;1;;
09/02/2014;18:42:00;137;sem vítima;304,385;BR-101/RJ;Norte;Saida de Pista;1;;;;;;;;;;2;;;;
15/02/2014;12:21:00;108;sem vítima;304;BR-101/RJ;Norte;Colisão Traseira;2;;;;;;;;;;4;;;;
25/02/2014;16:59:00;157;com vítima;304;BR-101/RJ;Norte;Outros - Sequência;2;;;1;;;;;;;2;;1;;
25/02/2014;17:19:00;160;com vítima;304;BR-101/RJ;Sul;Colisão Traseira;2;;;;;;;;;;4;1;;;
12/03/2014;04:53:00;27;com vítima;304;BR-101/RJ;Norte;Atropelamento de Animal;1;;;;;;;;;;0;1;1;;
14/03/2014;11:48:00;90;sem vítima;304;BR-101/RJ;Norte;Engavetamento;3;;;;;;;;;;7;;;;
14/03/2014;16:04:00;141;sem vítima;304;BR-101/RJ;Sul;Colisão Traseira;1;;;;1;;;;;;2;;;;
21/03/2014;17:10:00;167;com vítima;304,123;BR-101/RJ;Norte;Atropelamento - Outros;1;;;;;;;;;;2;;;2;
28/03/2014;08:01:00;50;com vítima;304;BR-101/RJ;Norte;Queda de Moto;;;;1;;;;;;;0;1;;;
12/04/2014;04:33:00;28;com vítima;304,364;BR-101/RJ;Norte;Saida de Pista;1;;;;;;;;;;0;;1;;1
24/05/2014;02:53:00;16;com vítima;304,665;BR-101/RJ;Norte;Colisão Traseira;2;;;;;;;;;;1;;1;;
06/06/2014;20:14:00;181;com vítima;304,655;BR-101/RJ;Sul;Colisão Traseira;1;;;1;;;;;;;3;;;1;
17/06/2014;19:19:00;159;sem vítima;304,75;BR-101/RJ;Sul;Atropelamento de Animal;1;;;;;;;;;;3;;;;
30/06/2014;21:31:00;167;sem vítima;304,3;BR-101/RJ;Norte;Atropelamento de Animal;1;;;;;;;;;;4;;;;
23/07/2014;14:19:00;96;com vítima;304;BR-101/RJ;Norte;Colisão Lateral;;;;1;;1;;;;;1;1;;;
25/07/2014;18:25:00;153;com vítima;304,581;BR-101/RJ;Sul;Saida de Pista;1;;;;;;;;;;0;1;;;
01/08/2014;07:58:00;38;sem vítima;304,5;BR-101/RJ;Sul;Choque - Defensa, barreira ou "submarino";1;;;;;1;;;;;2;;;;
13/09/2014;15:37:00;108;com vítima;304,773;BR-101/RJ;Sul;Saida de Pista;1;;;;;;;;;;2;;1;;
02/10/2014;10:57:00;71;sem vítima;304;BR-101/RJ;Norte;Choque - Defensa, barreira ou "submarino";;;;;;;;;;1;1;;;;
07/10/2014;07:08:00;35;sem vítima;304;BR-101/RJ;Norte;Colisão Traseira;1;;;;;1;;;;;3;;;;
16/10/2014;10:27:00;83;sem vítima;304;BR-101/RJ;Norte;Colisão Traseira;1;;1;;;;;;;;2;;;;
28/11/2014;08:41:00;50;sem vítima;304;BR-101/RJ;Norte;Choque - Defensa, barreira ou "submarino";1;;;;;;;;;;4;;;;
09/12/2014;05:43:00;21;sem vítima;304;BR-101/RJ;Sul;Engavetamento;2;;1;;;;;;;;7;;;;
13/12/2014;22:12:00;206;sem vítima;304;BR-101/RJ;Norte;Colisão Traseira;2;;;;;;;;;;3;;;;
14/12/2014;16:31:00;110;com vítima;304;BR-101/RJ;Sul;Colisão Traseira;2;;;;;;;;;;5;2;;;
17/12/2014;19:58:00;184;sem vítima;304,579;BR-101/RJ;Sul;Colisão Traseira;2;;;;;;;;;;5;;;;
24/12/2014;18:35:00;146;sem vítima;304;BR-101/RJ;Norte;Queda de Moto;;;;1;;;;;;;1;;;;
01/01/2015;04:39:00;12;com vítima;304,977;BR-101/RJ;Norte;Capotamento;1;;;;;;;;;;0;2;1;;
07/01/2015;12:42:00;86;com vítima;304;BR-101/RJ;Norte;Queda de Moto;;;;1;;;;;;;0;1;;;
10/01/2015;15:52:00;140;sem vítima;304;BR-101/RJ;Norte;Colisão Lateral;3;;;;;;;;;;6;;;;
17/01/2015;13:39:00;108;com vítima;304;BR-101/RJ;Norte;Queda de Moto;;;;1;;;;;;;0;2;;;
10/02/2015;16:17:00;169;com vítima;304;BR-101/RJ;Norte;Colisão Traseira;1;;;1;;;;;;;1;1;0;0;0
12/02/2015;17:59:00;191;com vítima;304;BR-101/RJ;Norte;Colisão Traseira;1;;;1;;;;;;;4;1;0;0;0
14/02/2015;06:06:00;61;sem vítima;304;BR-101/RJ;Norte;Engavetamento;3;;;;;;;;;;3;0;0;0;0
01/03/2015;17:56:00;116;sem vítima;304;BR-101/RJ;Sul;Colisão Traseira;2;;;;;;;;;;2;0;0;0;0
26/03/2015;06:52:00;38;sem vítima;304;BR-101/RJ;Norte;Colisão Lateral;2;;;;;;;;;;3;0;0;0;0
28/03/2015;20:24:00;172;com vítima;304,14;BR-101/RJ;Norte;Colisão Traseira;1;;;1;;;;;;;1;0;1;0;0
22/05/2015;21:53:00;221;com vítima;304;BR-101/RJ;Norte;Queda de Moto;;;;1;;;;;;;0;;1;;
24/05/2015;01:05:00;10;sem vítima;304;BR-101/RJ;Norte;Choque - Defensa, barreira ou "submarino";1;;;;;;;;;;6;;;;
08/06/2015;01:40:00;10;sem vítima;304,938;BR-101/RJ;Norte;Colisão Traseira;;;2;;;;;;;;2;;;;
11/06/2015;16:55:00;165;com vítima;304;BR-101/RJ;Sul;Choque - Outros;1;;;;;;;;;;0;1;;;
12/07/2015;17:15:00;126;com vítima;304,62;BR-101/RJ;Sul;Atropelamento - Morador;;;;1;;;;;;;2;1;;;
26/07/2015;07:56:00;35;com vítima;304,946;BR-101/RJ;Norte;Colisão Traseira;1;1;;;;;;;;;2;;;;1
27/07/2015;12:08:00;110;com vítima;304;BR-101/RJ;Sul;Colisão Lateral;1;;;1;;;;;;;3;;1;;
02/08/2015;21:53:00;176;com vítima;304;BR-101/RJ;Sul;Colisão Lateral;;;1;1;;;;;;;1;;1;;
16/08/2015;15:55:00;92;com vítima;304,9;BR-101/RJ;Norte;Choque - Outros;1;;;;;;;;;;0;1;;;
24/08/2015;10:14:00;93;com vítima;304,172;BR-101/RJ;Sul;Atropelamento - Morador;1;;;;;;;;;;1;1;;;
25/08/2015;16:38:00;149;sem vítima;304,565;BR-101/RJ;Norte;Engavetamento;2;;;;2;;;;;;5;;;;
07/09/2015;01:58:00;14;sem vítima;304,6;BR-101/RJ;Norte;Atropelamento de Animal;1;;;;;;;;;;1;;;;
20/09/2015;15:16:00;125;sem vítima;304;BR-101/RJ;Norte;Choque - Outros;1;;;;;;;;;;1;;;;
24/09/2015;22:19:00;223;sem vítima;304;BR-101/RJ;Norte;Capotamento;1;;;;;;;;;;1;;;;
24/09/2015;23:09:00;229;sem vítima;304;BR-101/RJ;Norte;Colisão Traseira;2;;;;;;;;;;3;;;;
23/10/2015;10:46:00;81;com vítima;304,912;BR-101/RJ;Norte;Colisão Traseira;;;;;1;1;;;;;1;1;;;
05/11/2015;16:08:00;150;sem vítima;304;BR-101/RJ;Norte;Colisão Lateral;1;;;;1;;;;;;2;;;;
15/12/2015;18:18:00;232;com vítima;304;BR-101/RJ;Norte;Colisão Traseira;1;;;1;;;;;;;2;1;;;
26/12/2015;17:41:00;180;sem vítima;304;BR-101/RJ;Norte;Engavetamento;3;;;;;;;;;;13;;;;
28/12/2015;16:18:00;169;sem vítima;304;BR-101/RJ;Norte;Engavetamento;3;;;;;;;;;;12;;;;
03/01/2010;21:13:00;264;com vítima;305;BR-101/RJ;Sul;Atropelamento - Andarilho;1;;;;;;;;;;3;;;1;
04/01/2010;05:50:00;38;sem vítima;305;BR-101/RJ;Sul;Colisão Traseira;3;;;;;;;;;;10;;;;
06/02/2010;10:16:00;83;sem vítima;305;BR-101/RJ;Sul;Saida de Pista;1;;;;;;;;;;2;;;;
13/02/2010;14:09:00;280;sem vítima;305;BR-101/RJ;Norte;Colisão Traseira;1;;;1;;;;;;;2;;;;
21/02/2010;06:36:00;29;sem vítima;305;BR-101/RJ;Norte;Saida de Pista;1;;;;;;;;;;1;;;;
18/03/2010;20:22:00;185;sem vítima;305;BR-101/RJ;Sul;Saida de Pista;1;;;;;;;;;;5;;;;