data;horario;n_da_ocorrencia;tipo_de_ocorrencia;km;trecho;sentido;tipo_de_acidente;automovel;bicicleta;caminhao;moto;onibus;outros;tracao_animal;transporte_de_cargas_especiais;trator_maquinas;utilitarios;ilesos;levemente_feridos;moderadamente_feridos;gravemente_feridos;mortos
28/03/2010;09:34:00;49;com vítima;305,8999938964844;BR-101/RJ;Norte;Outros - Sequência;1;;;;;;;;;;1;;1;;
31/03/2010;16:10:00;128;sem vítima;305;BR-101/RJ;Norte;Colisão Lateral;2;;;;1;;;;;;22;;;;
01/04/2010;17:25:00;176;sem vítima;305;BR-101/RJ;Norte;Colisão Traseira;1;;;1;;;;;;;8;;;;
28/04/2010;06:24:00;38;sem vítima;305;BR-101/RJ;Sul;Saida de Pista;1;;;;;;;;;;1;;;;
08/08/2010;15:43:00;115;com vítima;305,70001220703125;BR-101/RJ;Sul;Capotamento;;;;;;;;;;1;0;3;;;
04/09/2010;07:23:00;44;sem vítima;305;BR-101/RJ;Norte;Choque - Defensa, barreira ou "submarino";1;;;;;;;;;;3;;;;
04/09/2010;12:04:00;120;com vítima;305;BR-101/RJ;Norte;Atropelamento - Ciclista;1;1;;;;;;;;;1;;1;;
12/09/2010;16:21:00;105;sem vítima;305;BR-101/RJ;Sul;Saida de Pista;1;;;;;;;;;;1;;;;
17/09/2010;14:12:00;109;sem vítima;305;BR-101/RJ;Norte;Colisão Traseira;2;;;;;;;;;;4;;;;
18/09/2010;18:43:00;147;com vítima;305;BR-101/RJ;Norte;Atropelamento - Ciclista;;1;;;;1;;;;;1;;1;;
13/10/2010;04:49:00;9;com vítima;305;BR-101/RJ;Sul;Queda de Moto;;;;1;;;;;;;0;1;;;
15/01/2011;12:11:00;81;sem vítima;305;BR-101/RJ;Sul;Saida de Pista;;;;;;;;;;1;1;;;;
25/03/2011;07:43:00;28;sem vítima;315;BR-101/RJ;Sul;Colisão Lateral;1;;;1;;;;;;;2;;;;
25/03/2011;08:04:00;31;sem vítima;315;BR-101/RJ;Sul;Colisão Lateral;1;;;1;;;;;;;2;;;;
25/03/2011;08:55:00;35;sem vítima;320;BR-101/RJ;Sul;Queda de Moto;1;;;1;;;;;;;2;;;;
25/03/2011;11:01:00;62;sem vítima;320;BR-101/RJ;Sul;Colisão Lateral;1;;;1;;;;;;;2;;;;
25/03/2011;11:04:00;64;sem vítima;319;BR-101/RJ;Sul;Colisão Traseira;1;;1;;;;;;;;5;;;;
01/05/2011;00:26:00;1;com vítima;305;BR-101/RJ;Norte;Queda de Moto;;;;1;;;;;;;0;;1;;
04/06/2011;22:52:00;185;sem vítima;305;BR-101/RJ;Sul;Atropelamento - Andarilho;;1;;;;1;;;;;2;;;;
18/06/2011;22:11:00;161;com vítima;305;BR-101/RJ;Norte;Atropelamento - Ciclista;1;1;;;;;;;;;5;;2;;1
08/08/2011;19:10:00;194;sem vítima;305;BR-101/RJ;Sul;Saida de Pista;1;;;;;;;;;;2;;;;
21/08/2011;05:59:00;29;sem vítima;305;BR-101/RJ;Sul;Colisão Traseira;1;;;;1;;;;;;5;;;;
21/08/2011;04:25:00;20;com vítima;305,29998779296875;BR-101/RJ;Sul;Atropelamento - Morador;1;;;;;;;;;;1;;;;1
17/09/2011;03:14:00;12;sem vítima;305;BR-101/RJ;Norte;Queda de Moto;;;;1;;;;;;;1;;;;
21/09/2011;20:13:00;152;com vítima;305;BR-101/RJ;Norte;Atropelamento - Morador;1;;;;;;;;;;1;;;;1
30/09/2011;13:52:00;117;sem vítima;305;BR-101/RJ;Norte;Capotamento;2;;;;;;;;;;2;;;;
05/10/2011;02:48:00;7;sem vítima;305,29998779296875;BR-101/RJ;Norte;Atropelamento de Animal;;;1;;;;;;;;1;;;;
11/10/2011;22:40:00;193;sem vítima;305;BR-101/RJ;Sul;Colisão Traseira;1;;;;1;;;;;;2;;;;
29/10/2011;15:38:00;113;sem vítima;305;BR-101/RJ;Norte;Saida de Pista;1;;;;;;;;;;3;;;;
12/11/2011;12:33:00;115;com vítima;305;BR-101/RJ;Norte;Colisão Lateral;1;;;1;;;;;;;1;1;;;
17/11/2011;05:39:00;20;sem vítima;305,5;BR-101/RJ;Sul;Atropelamento de Animal;1;;;;;1;;;;;2;;;;
07/12/2011;15:31:00;126;com vítima;305,70001220703125;BR-101/RJ;Norte;Choque - Outros;;;1;;;;;;;;0;;1;;
01/01/2012;06:09:00;32;sem vítima;305;BR-101/RJ;Sul;Capotamento;1;;;;;;;;;;1;;;;
28/01/2012;20:33:00;174;com vítima;305,5;BR-101/RJ;Norte;Colisão Traseira;;;;1;;1;;;;;1;;;1;
31/01/2012;15:26:00;110;sem vítima;305;BR-101/RJ;Sul;Saida de Pista;;;;;;;;;;1;2;;;;
04/02/2012;09:32:00;50;sem vítima;305;BR-101/RJ;Norte;Atropelamento de Animal;1;;;;;;;;;;1;;;;
04/02/2012;20:11:00;185;com vítima;305;BR-101/RJ;Norte;Saida de Pista;1;;;;;;;;;;0;2;;;
12/02/2012;16:53:00;126;sem vítima;305,85;BR-101/RJ;Sul;Saida de Pista;2;;;;;;;;;;8;;;;
16/02/2012;18:56:00;190;com vítima;305;BR-101/RJ;Sul;Atropelamento - Morador;;;;;;1;;;;;1;1;;;
17/02/2012;04:44:00;33;sem vítima;305,6;BR-101/RJ;Sul;Colisão Traseira;1;;;;;1;;;;;2;;;;
27/02/2012;11:56:00;79;sem vítima;305;BR-101/RJ;Norte;Colisão Traseira;2;;;;;;;;;;2;;;;
13/03/2012;07:30:00;39;sem vítima;305;BR-101/RJ;Sul;Colisão Traseira;1;;;;1;;;;;;2;;;;
24/03/2012;05:22:00;40;sem vítima;305;BR-101/RJ;Sul;Colisão Traseira;1;;;;;;;;;1;5;;;;
19/04/2012;17:16:00;129;com vítima;305;BR-101/RJ;Norte;Atropelamento - Ciclista;;;;;;1;;;;;1;;1;;
03/06/2012;16:56:00;150;sem vítima;305,782;BR-101/RJ;Norte;Choque - Defensa, barreira ou "submarino";1;;;;;;;;;;1;;;;
07/07/2012;14:45:00;125;sem vítima;305,25;BR-101/RJ;Sul;Saida de Pista;1;;;;;;;;;;1;;;;
12/07/2012;11:24:00;85;sem vítima;305,5;BR-101/RJ;Norte;Colisão Lateral;1;;1;;;;;;;;2;;;;
19/07/2012;23:09:00;199;sem vítima;305,5;BR-101/RJ;Norte;Saida de Pista;1;;;;;;;;;;7;;;;
11/08/2012;10:42:00;83;sem vítima;305;BR-101/RJ;Sul;Colisão Traseira;3;;;;;;;;;;7;;;;
20/08/2012;08:35:00;48;sem vítima;305;BR-101/RJ;Norte;Engavetamento;3;;;;;;;;;;6;;;;
31/08/2012;03:01:00;10;sem vítima;305;BR-101/RJ;Norte;Atropelamento de Animal;;;1;;;;;;;;1;;;;
02/09/2012;06:26:00;18;com vítima;305,7;BR-101/RJ;Sul;Saida de Pista;;;;1;;;;;;;1;;;1;1
28/09/2012;13:37:00;117;sem vítima;305;BR-101/RJ;Norte;Engavetamento;4;;;;;;;;;;8;;;;
04/10/2012;13:57:00;117;sem vítima;305,7;BR-101/RJ;Sul;Colisão Lateral;1;;2;;;;;;;;6;;;;
05/10/2012;19:58:00;210;sem vítima;305;BR-101/RJ;Sul;Colisão Traseira;2;;;;;;;;;;3;;;;
13/10/2012;05:09:00;17;sem vítima;305,705;BR-101/RJ;Norte;Choque - Defensa, barreira ou "submarino";1;;;;;;;;;;2;;;;
22/10/2012;07:02:00;47;com vítima;305;BR-101/RJ;Norte;Atropelamento - Ciclista;;1;;;1;;;;;;1;;1;;
27/10/2012;20:13:00;190;sem vítima;305;BR-101/RJ;Sul;Colisão Traseira;2;;;;;;;;;;4;;;;
10/11/2012;19:39:00;160;sem vítima;305;BR-101/RJ;Sul;Capotamento;1;;;;;;;;;;1;;;;
23/11/2012;18:44:00;185;sem vítima;305;BR-101/RJ;Norte;Colisão Traseira;1;;1;;;;;;;;6;;;;
22/12/2012;02:57:00;26;sem vítima;305;BR-101/RJ;Norte;Saida de Pista;1;;;;;;;;;;1;;;;
23/12/2012;04:58:00;23;sem vítima;305;BR-101/RJ;Sul;Saida de Pista;1;;;;;;;;;;1;;;;
13/01/2013;09:40:00;68;com vítima;305,6;BR-101/RJ;Norte;Colisão Traseira;2;;;;;;;;;;1;;3;;
19/01/2013;12:53:00;117;com vítima;305;BR-101/RJ;Sul;Atropelamento - Ambulante;;;;1;;;;;;;2;1;;;
03/02/2013;16:32:00;132;com vítima;305;BR-101/RJ;Sul;Colisão Traseira;2;;;;;;;;;;1;2;;;
10/02/2013;19:05:00;196;com vítima;305;BR-101/RJ;Sul;Capotamento;1;;;;;;;;;;0;4;2;;
16/02/2013;23:59:00;275;com vítima;305;BR-101/RJ;Sul;Saida de Pista;1;;;;;;;;;;0;;1;;
01/03/2013;00:54:00;5;sem vítima;305,6;BR-101/RJ;Norte;Capotamento;1;;;;;;;;;;1;;;;
06/03/2013;02:16:00;15;sem vítima;305,5;BR-101/RJ;Sul;Saida de Pista;;;1;;;;;;;;1;;;;
31/03/2013;18:34:00;147;com vítima;305;BR-101/RJ;Sul;Colisão Traseira;1;;;1;;;;;;;1;;1;;
07/04/2013;11:05:00;67;sem vítima;305;BR-101/RJ;Sul;Engavetamento;3;;;;;;;;;;7;;;;
09/04/2013;22:42:00;199;com vítima;305;BR-101/RJ;Sul;Saida de Pista;1;;1;;;;;;;;3;;2;;
16/04/2013;00:21:00;3;sem vítima;305,26;BR-101/RJ;Norte;Saida de Pista;1;;;;;;;;;;1;;;;
08/05/2013;23:28:00;162;sem vítima;305;BR-101/RJ;Norte;Colisão Lateral;1;;;;;;;;;1;4;;;;
16/05/2013;11:12:00;62;sem vítima;305;BR-101/RJ;Sul;Colisão Traseira;2;;;;;;;;;;2;;;;
20/05/2013;10:16:00;64;sem vítima;305;BR-101/RJ;Sul;Colisão Traseira;2;;;;;;;;;;4;;;;
28/05/2013;21:38:00;170;sem vítima;305;BR-101/RJ;Sul;Saida de Pista;1;;;;;;;;;;1;;;;
28/05/2013;14:22:00;114;sem vítima;305,8;BR-101/RJ;Sul;Engavetamento;3;;;;;;;;;;3;;;;
05/06/2013;18:19:00;142;com vítima;305;BR-101/RJ;Norte;Atropelamento - Ciclista;;1;;;;;;;;1;1;;;1;
07/06/2013;19:06:00;169;sem vítima;305;BR-101/RJ;Sul;Colisão Lateral;1;;;;;1;;;;;2;;;;
07/06/2013;19:42:00;175;com vítima;305;BR-101/RJ;Norte;Atropelamento - Ciclista;;1;;;;1;;;;;1;;1;;
11/06/2013;20:28:00;171;com vítima;305,232;BR-101/RJ;Sul;Atropelamento - Morador;;;;1;;;;;;;1;;;;1
27/06/2013;17:26:00;134;com vítima;305;BR-101/RJ;Sul;Colisão Traseira;1;;;1;;;;;;;1;;1;;
06/07/2013;16:13:00;134;com vítima;305,016;BR-101/RJ;Norte;Capotamento;1;;;;;;;;;;0;1;1;;
20/07/2013;11:50:00;103;com vítima;305;BR-101/RJ;Norte;Colisão Lateral;;;;1;;1;;;;;1;1;;;
28/07/2013;12:26:00;88;sem vítima;305,278;BR-101/RJ;Sul;Colisão Lateral;2;;;;;;;;;;6;;;;
30/07/2013;07:36:00;37;com vítima;305,479;BR-101/RJ;Norte;Outros - Sequência;;;;;1;;;;;1;20;;1;;
03/08/2013;09:14:00;59;com vítima;305,48;BR-101/RJ;Norte;Colisão Traseira;2;;;;;;;;;;6;;1;;
07/09/2013;15:34:00;141;com vítima;305,225;BR-101/RJ;Sul;Atropelamento - Morador;1;;;;;;;;;;2;;;1;
19/09/2013;09:46:00;69;sem vítima;305;BR-101/RJ;Norte;Colisão Lateral;;;;;1;;;;;1;3;;;;
08/10/2013;05:32:00;23;sem vítima;305,827;BR-101/RJ;Norte;Colisão Traseira;;;;;;1;;;;1;3;;;;
14/11/2013;19:35:00;173;sem vítima;305,226;BR-101/RJ;Sul;Choque - Defensa, barreira ou "submarino";1;;;;;;;;;;1;;;;
20/11/2013;17:38:00;113;com vítima;305,625;BR-101/RJ;Norte;Choque - Defensa, barreira ou "submarino";1;;;;;;;;;;0;1;;;
29/11/2013;10:44:00;109;sem vítima;305;BR-101/RJ;Sul;Engavetamento;3;;;;;;;;;;7;;;;
07/12/2013;10:35:00;108;sem vítima;305,6;BR-101/RJ;Norte;Atropelamento de Animal;2;;;;;;;;;;5;;;;
13/12/2013;10:57:00;84;sem vítima;305;BR-101/RJ;Sul;Colisão Lateral;;;;1;;1;;;;;2;;;;
18/12/2013;17:48:00;154;sem vítima;305,759;BR-101/RJ;Norte;Colisão Traseira;1;;;;1;;;;;;3;;;;
06/02/2014;20:57:00;206;sem vítima;305;BR-101/RJ;Norte;Colisão Traseira;2;;;;;;;;;;2;;;;
16/02/2014;14:48:00;82;sem vítima;305;BR-101/RJ;Sul;Saida de Pista;1;;;;;;;;;;1;;;;
23/02/2014;21:14:00;174;com vítima;305,25;BR-101/RJ;Sul;Atropelamento - Morador;;;;;;1;;;;;1;;;;1
28/02/2014;17:56:00;194;com vítima;305,6;BR-101/RJ;Norte;Atropelamento - Morador;1;;;;;;;;;;3;;;1;
06/03/2014;17:25:00;184;com vítima;305;BR-101/RJ;Sul;Queda de Moto;;;;1;;1;;;;;1;;1;;
17/04/2014;16:29:00;141;sem vítima;305;BR-101/RJ;Norte;Colisão Traseira;1;;;;;;;;;1;6;;;;
26/04/2014;17:51:00;150;com vítima;305,157;BR-101/RJ;Norte;Capotamento;1;;;;;;;;;;0;;1;;
02/05/2014;11:37:00;63;sem vítima;305,118;BR-101/RJ;Sul;Saida de Pista;1;;;;;;;;;;6;;;;
27/05/2014;04:38:00;17;com vítima;305;BR-101/RJ;Norte;Capotamento;1;;;;;;;;;;1;2;;;
31/05/2014;08:05:00;42;com vítima;305,666;BR-101/RJ;Sul;Engavetamento;3;;;;;;;;;;3;1;;;
31/05/2014;09:25:00;56;sem vítima;305,795;BR-101/RJ;Sul;Colisão Traseira;1;;1;;;;;;;;6;;;;
23/07/2014;09:21:00;41;sem vítima;305,14;BR-101/RJ;Norte;Colisão Lateral;2;;;;;;;;;;3;;;;
27/07/2014;19:08:00;136;sem vítima;305;BR-101/RJ;Sul;Colisão Traseira;2;;;;;;;;;;5;;;;
23/08/2014;23:14:00;180;com vítima;305,09;BR-101/RJ;Norte;Atropelamento - Morador;1;;;;;;;;;;2;;;;1
31/08/2014;22:29:00;165;sem vítima;305;BR-101/RJ;Sul;Outros - Sequência;2;;;;;1;;;;;3;;;;
23/09/2014;06:04:00;16;sem vítima;305;BR-101/RJ;Sul;Colisão Lateral;1;;;;;1;;;;;2;;;;
23/09/2014;18:31:00;143;com vítima;305;BR-101/RJ;Sul;Outros - Sequência;3;1;;;;;;;;;5;1;;;
01/10/2014;07:58:00;42;com vítima;305,072;BR-101/RJ;Norte;Colisão Traseira;1;;;1;;;;;;;1;;1;;
10/11/2014;20:49:00;166;com vítima;305,347;BR-101/RJ;Sul;Saida de Pista;1;;;;;;;;;;0;;2;1;4
05/12/2014;00:34:00;2;com vítima;305,82;BR-101/RJ;Sul;Atropelamento - Usuário;1;;;;;1;;;;;2;;;1;
08/01/2015;16:07:00;119;sem vítima;305,983;BR-101/RJ;Norte;Colisão Traseira;2;;;;;;;;;;3;;;;
17/01/2015;08:48:00;64;sem vítima;305;BR-101/RJ;Norte;Colisão Traseira;2;;;;;;;;;;2;;;;
17/01/2015;18:46:00;166;com vítima;305;BR-101/RJ;Norte;Colisão Lateral;1;;;1;;;;;;;2;1;;;
09/02/2015;15:12:00;123;sem vítima;305;BR-101/RJ;Norte;Colisão Traseira;2;;;;;;;;;;2;0;0;0;0
22/03/2015;06:49:00;33;sem vítima;305,386;BR-101/RJ;Norte;Saida de Pista;1;;;;;;;;;;2;0;0;0;0
28/03/2015;20:52:00;179;com vítima;305,385;BR-101/RJ;Norte;Atropelamento - Andarilho;1;;;;;;;;;;1;0;0;1;0
29/03/2015;07:00:00;31;sem vítima;305;BR-101/RJ;Norte;Saida de Pista;1;;;;;;;;;;1;0;0;0;0
02/04/2015;22:47:00;241;sem vítima;305;BR-101/RJ;Sul;Colisão Traseira;1;;;;;1;;;;;2;;;;
14/04/2015;09:20:00;64;com vítima;305,263;BR-101/RJ;Sul;Engavetamento;1;;;1;;;;;;1;5;2;;;
18/04/2015;07:18:00;27;sem vítima;305;BR-101/RJ;Sul;Saida de Pista;1;;;;;;;;;;1;;;;
20/06/2015;17:25:00;135;com vítima;305,22;BR-101/RJ;Sul;Colisão Transversal;1;;;1;;;;;;;2;;;;1
28/06/2015;06:19:00;16;com vítima;305,074;BR-101/RJ;Norte;Outros - Sequência;2;;;;;;;;;;0;1;2;1;
11/07/2015;14:37:00;120;com vítima;305,056;BR-101/RJ;Sul;Saida de Pista;1;;;;;;;;;;0;2;;;
25/07/2015;10:39:00;85;sem vítima;305;BR-101/RJ;Sul;Colisão Traseira;2;;;;;;;;;;2;;;;
26/07/2015;21:08:00;174;com vítima;305;BR-101/RJ;Sul;Queda de Moto;;;;1;;;;;;;0;2;;;
21/08/2015;07:50:00;44;com vítima;305;BR-101/RJ;Sul;Choque - Arvore;1;;;;;;;;;;0;;2;;
05/09/2015;16:25:00;151;sem vítima;305;BR-101/RJ;Norte;Colisão Lateral;1;;;1;;;;;;;2;;;;
05/09/2015;01:09:00;8;sem vítima;305,873;BR-101/RJ;Norte;Colisão Traseira;1;;1;;;;;;;;5;;;;
10/10/2015;07:44:00;52;com vítima;305,194;BR-101/RJ;Norte;Atropelamento - Morador;1;;;;;;;;;;3;;1;;
23/11/2015;06:47:00;40;com vítima;305;BR-101/RJ;Sul;Saida de Pista;1;;;;;;;;;;4;;1;;
05/01/2010;19:53:00;174;sem vítima;306;BR-101/RJ;Norte;Colisão Lateral;1;;;;1;;;;;;3;;;;
10/01/2010;09:24:00;67;com vítima;306;BR-101/RJ;Sul;Atropelamento - Ciclista;1;1;;;;;;;;;4;1;1;;1
30/01/2010;06:40:00;46;com vítima;306;BR-101/RJ;Sul;Queda de Moto;;;;1;;;;;;;0;;1;;
02/02/2010;10:01:00;52;com vítima;306;BR-101/RJ;Norte;Colisão Traseira;1;;1;;;;;;;;1;1;;;
28/02/2010;16:19:00;94;com vítima;306;BR-101/RJ;Sul;Outros - Sequência;2;;;;;;;;;;3;;1;;
25/03/2010;14:37:00;115;sem vítima;306;BR-101/RJ;Norte;Saida de Pista;1;;;;;;;;;;1;;;;
25/03/2010;20:38:00;164;com vítima;306;BR-101/RJ;Sul;Capotamento;1;;;;;;;;;;2;;2;;
28/03/2010;09:55:00;51;com vítima;306,1000061035156;BR-101/RJ;Norte;Outros - Sequência;2;;;;;1;;;;;3;;1;;
22/05/2010;05:25:00;21;com vítima;306;BR-101/RJ;Sul;Saida de Pista;1;;;;;;;;;;0;;2;;
02/06/2010;12:51:00;100;com vítima;306;BR-101/RJ;Norte;Atropelamento - Morador;1;;;;;;;;;;1;;1;;
04/06/2010;21:08:00;172;sem vítima;306;BR-101/RJ;Sul;Saida de Pista;1;;;;;;;;;;3;;;;
18/06/2010;18:20:00;191;sem vítima;306;BR-101/RJ;Sul;Colisão Traseira;3;;;;;;;;;;4;;;;
19/06/2010;19:38:00;168;sem vítima;306;BR-101/RJ;Sul;Colisão Traseira;2;;;;;;;;;;2;;;;
26/06/2010;06:03:00;34;sem vítima;306;BR-101/RJ;Sul;Saida de Pista;1;;;;;;;;;;1;;;;
11/07/2010;15:59:00;89;sem vítima;306;BR-101/RJ;Sul;Capotamento;1;;;;;;;;;;4;;;;
17/07/2010;04:56:00;27;sem vítima;306;BR-101/RJ;Norte;Saida de Pista;1;;;;;;;;;;1;;;;
17/07/2010;22:15:00;231;com vítima;306;BR-101/RJ;Norte;Colisão Traseira;;;;1;;1;;;;;1;;2;;
08/08/2010;16:44:00;129;sem vítima;306;BR-101/RJ;Norte;Colisão Traseira;2;;;;;;;;;;4;;;;
21/08/2010;06:43:00;38;com vítima;306;BR-101/RJ;Norte;Queda de Moto;;;;1;;;;;;;0;;1;;
26/09/2010;19:12:00;134;sem vítima;306;BR-101/RJ;Norte;Saida de Pista;1;;;;;;;;;;2;;;;
04/10/2010;13:45:00;90;sem vítima;306;BR-101/RJ;Sul;Colisão Traseira;1;;;;1;;;;;;4;;;;
09/10/2010;18:13:00;168;sem vítima;306;BR-101/RJ;Norte;Saida de Pista;1;;;;;;;;;;3;;;;
13/10/2010;16:17:00;143;sem vítima;306;BR-101/RJ;Sul;Colisão Traseira;2;;;;;;;;;;3;;;;
16/10/2010;03:26:00;13;com vítima;306;BR-101/RJ;Norte;Capotamento;1;;;;;;;;;;1;;;;1
24/11/2010;11:00:00;79;sem vítima;306;BR-101/RJ;Norte;Objeto lançado contra veículo;1;;;;1;;;;;;2;;;;
25/11/2010;01:48:00;8;com vítima;306;BR-101/RJ;Norte;Choque - Defensa, barreira ou "submarino";1;;;;;;;;;;0;;;1;
25/11/2010;07:04:00;38;sem vítima;306;BR-101/RJ;Norte;Colisão Traseira;2;;;;;;;;;;3;;;;
04/12/2010;16:10:00;138;com vítima;306;BR-101/RJ;Norte;Capotamento;1;;1;;;;;;;;2;;;1;
30/12/2010;21:38:00;208;sem vítima;306;BR-101/RJ;Sul;Saida de Pista;1;;;;;;;;;;2;;;;
01/01/2011;17:58:00;122;com vítima;306;BR-101/RJ;Norte;Colisão Lateral;1;;;1;;;;;;;3;;1;;
15/01/2011;15:11:00;113;sem vítima;306;BR-101/RJ;Norte;Colisão Traseira;2;;;;;;;;;;2;;;;
26/01/2011;02:54:00;11;com vítima;306;BR-101/RJ;Norte;Colisão Traseira;1;;1;;;;;;;;2;2;;;
01/02/2011;04:58:00;15;com vítima;306;BR-101/RJ;Sul;Queda de Moto;;;;1;;1;;;;;1;1;;;
04/02/2011;19:09:00;180;sem vítima;306;BR-101/RJ;Sul;Colisão Traseira;2;;;;;;;;;;2;;;;
25/03/2011;13:00:00;82;sem vítima;252;BR-101/RJ;Norte;Saida de Pista;1;;1;;;;;;;;3;;;;
25/03/2011;18:52:00;137;sem vítima;40;BR-101/RJ;Sul;Colisão Lateral;1;;1;;;;;;;;2;;;;
09/05/2011;13:14:00;97;com vítima;306;BR-101/RJ;Sul;Colisão Traseira;1;;;;;;;;;1;7;;1;;
09/05/2011;15:22:00;110;sem vítima;306;BR-101/RJ;Norte;Engavetamento;3;;;;;;;;;;6;;;;
11/05/2011;07:12:00;19;sem vítima;306;BR-101/RJ;Sul;Colisão Traseira;;;;;1;;;;;1;2;;;;
01/06/2011;20:46:00;153;com vítima;306;BR-101/RJ;Sul;Atropelamento - Ciclista;1;1;;;;;;;;;0;1;;;1
03/06/2011;01:09:00;5;com vítima;306;BR-101/RJ;Sul;Capotamento;1;;;;;;;;;;2;;1;;
18/06/2011;22:00:00;158;sem vítima;306;BR-101/RJ;Norte;Saida de Pista;1;;;;;;;;;;2;;;;
25/06/2011;22:41:00;165;com vítima;306;BR-101/RJ;Norte;Colisão Lateral;2;;;;;;;;;;0;3;;;
29/08/2011;10:59:00;93;sem vítima;306;BR-101/RJ;Sul;Saida de Pista;1;;;;;;;;;;1;;;;
30/08/2011;03:43:00;8;sem vítima;306,0899963378906;BR-101/RJ;Norte;Colisão Traseira;1;;1;;;;;;;;2;;;;
31/08/2011;07:31:00;26;sem vítima;306,5;BR-101/RJ;Sul;Saida de Pista;1;;;;;;;;;;2;;;;
11/09/2011;16:00:00;109;sem vítima;306;BR-101/RJ;Norte;Saida de Pista;1;;1;;;;;;;;4;;;;
11/09/2011;16:00:00;114;sem vítima;306;BR-101/RJ;Sul;Colisão Traseira;2;;;;;;;;;;5;;;;
11/09/2011;18:14:00;143;sem vítima;306;BR-101/RJ;Sul;Engavetamento;3;;;;;;;;;;9;;;;
11/09/2011;17:44:00;135;sem vítima;306,6000061035156;BR-101/RJ;Norte;Engavetamento;3;;;;;;;;;;8;;;;
25/09/2011;00:12:00;2;sem vítima;306,4599914550781;BR-101/RJ;Norte;Colisão Frontal;1;;;;;;;;;;1;;;;
29/09/2011;15:00:00;97;com vítima;306;BR-101/RJ;Norte;Queda de Moto;;;;1;;;;;;;0;2;;;
30/10/2011;17:13:00;99;com vítima;306;BR-101/RJ;Norte;Capotamento;1;;;;;;;;;;0;1;;;
11/11/2011;17:52:00;143;sem vítima;306,5;BR-101/RJ;Sul;Colisão Traseira;2;;;;;;;;;;4;;;;
03/12/2011;08:36:00;52;sem vítima;306;BR-101/RJ;Sul;Colisão Lateral;1;;;;;;;;;;1;;;;
27/12/2011;13:16:00;111;sem vítima;306;BR-101/RJ;Norte;Saida de Pista;1;;;;;;;;;;3;;;;
05/01/2012;11:28:00;94;com vítima;306;BR-101/RJ;Norte;Saida de Pista;1;;;;;;;;;;0;1;;;
06/01/2012;12:03:00;79;sem vítima;306;BR-101/RJ;Norte;Queda de Moto;;;;1;;;;;;;1;;;;
07/01/2012;17:41:00;140;com vítima;306;BR-101/RJ;Norte;Capotamento;1;;;;;;;;;;0;2;;;
28/01/2012;07:05:00;45;com vítima;306;BR-101/RJ;Norte;Outros - Sequência;;;;1;;;;;;2;2;;3;;
25/02/2012;05:41:00;26;com vítima;306;BR-101/RJ;Sul;Colisão Traseira;;;;1;;1;;;;;1;1;;;
13/03/2012;08:49:00;56;com vítima;306;BR-101/RJ;Sul;Queda de Moto;;;;1;;;;;;;0;2;;;
18/03/2012;20:20:00;139;sem vítima;306;BR-101/RJ;Sul;Colisão Traseira;2;;;;;1;;;;;9;;;;
28/03/2012;01:11:00;9;sem vítima;306;BR-101/RJ;Norte;Capotamento;1;;;;;;;;;;3;;;;
09/04/2012;13:01:00;114;sem vítima;306;BR-101/RJ;Norte;Colisão Traseira;2;;;;;;;;;;2;;;;
11/04/2012;01:27:00;9;sem vítima;306;BR-101/RJ;Sul;Saida de Pista;1;;;;;;;;;;1;;;;
16/04/2012;04:54:00;14;sem vítima;306;BR-101/RJ;Norte;Choque - Defensa, barreira ou "submarino";;;;;;;;;;1;1;;;;
12/05/2012;19:03:00;180;sem vítima;306;BR-101/RJ;Norte;Saida de Pista;1;;;;;;;;;;2;;;;
19/05/2012;16:58:00;126;com vítima;306;BR-101/RJ;Norte;Choque - Suporte de Sinalização;1;;;;;;;;;;0;;1;;
20/05/2012;18:37:00;137;com vítima;306,9;BR-101/RJ;Sul;Colisão Traseira;2;;;1;;;;;;;9;2;;;
21/05/2012;22:05:00;198;sem vítima;306;BR-101/RJ;Sul;Saida de Pista;1;;;;;;;;;;1;;;;
26/05/2012;08:32:00;49;sem vítima;306,2;BR-101/RJ;Sul;Colisão Traseira;2;;;;;;;;;;2;;;;
26/05/2012;08:17:00;48;com vítima;306,6;BR-101/RJ;Sul;Colisão Traseira;1;;;1;;;;;;;1;1;;;
27/05/2012;18:10:00;138;com vítima;306,55;BR-101/RJ;Sul;Atropelamento - Ciclista;;1;;;;1;;;;;1;;1;;
01/06/2012;14:20:00;117;sem vítima;306;BR-101/RJ;Norte;Colisão Lateral;;;1;;;;;;;;1;;;;
11/06/2012;12:01:00;104;sem vítima;306;BR-101/RJ;Norte;Saida de Pista;1;;;;;;;;;;2;;;;
30/06/2012;07:38:00;43;sem vítima;306;BR-101/RJ;Sul;Colisão Traseira;2;;;;;;;;;;2;;;;
25/07/2012;03:25:00;14;sem vítima;306,8;BR-101/RJ;Norte;Colisão Traseira;1;;2;;;;;;;;3;;;;
05/08/2012;22:06:00;203;com vítima;306,86;BR-101/RJ;Norte;Capotamento;1;;;;;;;;;;0;3;;;
14/08/2012;20:11:00;186;com vítima;306,692;BR-101/RJ;Sul;Atropelamento - Ciclista;;1;;;;1;;;;;1;;1;;
07/09/2012;09:27:00;95;sem vítima;306;BR-101/RJ;Norte;Colisão Traseira;2;;;;;;;;;;7;;;;