data;horario;n_da_ocorrencia;tipo_de_ocorrencia;km;trecho;sentido;tipo_de_acidente;automovel;bicicleta;caminhao;moto;onibus;outros;tracao_animal;transporte_de_cargas_especiais;trator_maquinas;utilitarios;ilesos;levemente_feridos;moderadamente_feridos;gravemente_feridos;mortos
04/10/2012;16:30:00;145;sem vítima;306;BR-101/RJ;Sul;Colisão Traseira;1;;1;;;;;;;;3;;;;
07/10/2012;18:26:00;161;com vítima;306,5;BR-101/RJ;Sul;Atropelamento - Morador;;;;;;1;;;;;1;;1;;
28/10/2012;20:11:00;173;com vítima;306,069;BR-101/RJ;Sul;Colisão Lateral;1;;;1;;;;;;;4;1;1;;
28/10/2012;20:24:00;176;com vítima;306,681;BR-101/RJ;Sul;Colisão Traseira;3;;;;;;;;;;1;1;1;;
01/11/2012;19:29:00;184;sem vítima;306,09;BR-101/RJ;Sul;Colisão Traseira;2;;;;;;;;;;5;;;;
01/11/2012;19:42:00;188;sem vítima;306,09;BR-101/RJ;Norte;Engavetamento;3;;;;;;;;;;4;;;;
01/11/2012;20:01:00;189;com vítima;306,09;BR-101/RJ;Sul;Colisão Traseira;1;;;;;1;;;;;3;1;;;
06/11/2012;01:56:00;11;com vítima;306,398;BR-101/RJ;Norte;Saida de Pista;1;;;;;;;;;;0;;1;;
10/11/2012;15:41:00;119;com vítima;306,3;BR-101/RJ;Sul;Atropelamento - Ciclista;1;1;;;;;;;;;1;;1;;
18/11/2012;19:52:00;124;sem vítima;306,8;BR-101/RJ;Sul;Engavetamento;3;;;;;;;;;;12;;;;
02/12/2012;13:23:00;96;sem vítima;306;BR-101/RJ;Norte;Colisão Lateral;2;;;;;;;;;;3;;;;
02/12/2012;19:29:00;161;sem vítima;306;BR-101/RJ;Sul;Colisão Traseira;2;;;;;;;;;;7;;;;
03/12/2012;20:10:00;193;com vítima;306,9;BR-101/RJ;Sul;Atropelamento - Andarilho;;1;;;;1;;;;;1;;;;1
16/12/2012;18:07:00;151;sem vítima;306;BR-101/RJ;Sul;Colisão Traseira;2;;;;;;;;;;4;;;;
24/12/2012;13:48:00;84;com vítima;306;BR-101/RJ;Norte;Colisão Traseira;1;;;1;;;;;;;1;;2;;
23/01/2013;15:21:00;127;sem vítima;306;BR-101/RJ;Norte;Colisão Lateral;;;1;;;;;;;1;2;;;;
26/01/2013;00:53:00;6;com vítima;306,59;BR-101/RJ;Sul;Atropelamento - Ciclista;;1;;1;;;;;;;0;;;3;
21/02/2013;13:01:00;106;sem vítima;306;BR-101/RJ;Norte;Colisão Traseira;;;1;;1;;;;;;2;;;;
27/02/2013;17:41:00;145;com vítima;306,46;BR-101/RJ;Sul;Atropelamento - Ciclista;1;1;;;;;;;;;2;;1;;
03/03/2013;23:14:00;174;com vítima;306,35;BR-101/RJ;Sul;Atropelamento - Ciclista;2;1;;;;;;;;;6;;;;1
17/03/2013;11:33:00;69;com vítima;306,15;BR-101/RJ;Norte;Colisão Traseira;2;;;;;;;;;;1;;1;;
13/04/2013;22:14:00;223;sem vítima;306,23;BR-101/RJ;Sul;Colisão Traseira;1;;;;;1;;;;;5;;;;
13/04/2013;15:26:00;145;com vítima;306,701;BR-101/RJ;Sul;Colisão Traseira;2;;;;;;;;;;2;1;;;
18/04/2013;23:16:00;186;com vítima;306,86;BR-101/RJ;Sul;Atropelamento - Ciclista;1;1;;;;;;;;;1;;1;;
21/04/2013;05:10:00;12;sem vítima;306,6;BR-101/RJ;Norte;Choque - Defensa, barreira ou "submarino";1;;;;;;;;;;1;;;;
22/04/2013;19:22:00;149;sem vítima;306;BR-101/RJ;Sul;Choque - Defensa, barreira ou "submarino";;;;;;;;;;1;2;;;;
24/04/2013;16:46:00;146;sem vítima;306;BR-101/RJ;Norte;Colisão Lateral;1;;1;;;;;;;;2;;;;
16/05/2013;22:37:00;167;com vítima;306,666;BR-101/RJ;Sul;Atropelamento - Morador;;;;;;1;;;;;1;;1;;
02/06/2013;23:19:00;207;com vítima;306,729;BR-101/RJ;Sul;Atropelamento - Morador;;;;;;1;;;;;1;;1;;
16/06/2013;19:48:00;150;sem vítima;306;BR-101/RJ;Sul;Colisão Traseira;2;;;;;;;;;;2;;;;
19/06/2013;17:47:00;149;com vítima;306,268;BR-101/RJ;Norte;Atropelamento - Ciclista;1;1;;;;;;;;;1;;;1;
27/06/2013;17:02:00;128;sem vítima;306;BR-101/RJ;Sul;Colisão Lateral;1;;;;1;;;;;;2;;;;
29/06/2013;18:55:00;162;sem vítima;306;BR-101/RJ;Norte;Colisão Traseira;2;;;;;;;;;;2;;;;
07/07/2013;14:39:00;103;sem vítima;306;BR-101/RJ;Norte;Saida de Pista;1;;;;;;;;;;5;;;;
09/07/2013;07:10:00;36;sem vítima;306,2;BR-101/RJ;Sul;Colisão Traseira;2;;;;;;;;;;2;;;;
29/07/2013;15:42:00;115;sem vítima;306;BR-101/RJ;Sul;Engavetamento;2;;;;1;;;;;;3;;;;
29/07/2013;19:24:00;150;com vítima;306;BR-101/RJ;Norte;Saida de Pista;1;;;;;;;;;;5;1;;;
09/08/2013;07:59:00;30;com vítima;306,943;BR-101/RJ;Norte;Atropelamento - Ciclista;;1;;1;;;;;;;1;;1;;
06/09/2013;09:09:00;49;sem vítima;306;BR-101/RJ;Norte;Colisão Traseira;2;;;;;;;;;;3;;;;
10/09/2013;08:37:00;55;com vítima;306;BR-101/RJ;Norte;Atropelamento - Ciclista;;1;;;;1;;;;;1;1;;;
12/09/2013;12:31:00;98;sem vítima;306;BR-101/RJ;Sul;Colisão Traseira;2;;;;;;;;;;3;;;;
24/09/2013;11:27:00;80;sem vítima;306,94;BR-101/RJ;Sul;Colisão Traseira;2;;;;;;;;;;3;;;;
12/10/2013;09:15:00;72;sem vítima;306;BR-101/RJ;Norte;Colisão Traseira;2;;;;;;;;;;8;;;;
24/10/2013;20:47:00;174;sem vítima;306,6;BR-101/RJ;Norte;Outros - Sequência;2;;;1;;;;;;;5;;;;
25/10/2013;09:27:00;71;com vítima;306,308;BR-101/RJ;Norte;Colisão Traseira;;1;;;2;;;;;;1;;;2;
30/10/2013;17:25:00;143;com vítima;306,417;BR-101/RJ;Sul;Choque - Defensa, barreira ou "submarino";1;;;;;;;;;;0;2;;;
03/11/2013;18:15:00;156;sem vítima;306;BR-101/RJ;Sul;Colisão Traseira;2;;;;;;;;;;2;;;;
08/11/2013;14:59:00;138;com vítima;306,8;BR-101/RJ;Sul;Colisão Lateral;1;;;1;;1;;;;;2;;1;;
22/11/2013;12:33:00;106;sem vítima;306;BR-101/RJ;Sul;Colisão Traseira;2;;;;;;;;;;2;;;;
25/11/2013;06:11:00;28;com vítima;306,3;BR-101/RJ;Sul;Engavetamento;4;;;;;;;;;;9;2;;;
25/11/2013;06:33:00;32;sem vítima;306,4;BR-101/RJ;Norte;Colisão Traseira;2;;;;;;;;;;3;;;;
25/11/2013;06:53:00;33;sem vítima;306,4;BR-101/RJ;Norte;Colisão Traseira;2;;;;;;;;;;2;;;;
29/11/2013;12:55:00;139;sem vítima;306,272;BR-101/RJ;Sul;Colisão Lateral;2;;;;;;;;;;3;;;;
01/12/2013;18:29:00;148;sem vítima;306,433;BR-101/RJ;Sul;Engavetamento;3;;;;;;;;;;10;;;;
18/12/2013;15:27:00;133;com vítima;306,304;BR-101/RJ;Norte;Queda de Moto;;;;1;;;;;;;1;;1;;
21/12/2013;03:05:00;17;sem vítima;306,351;BR-101/RJ;Sul;Saida de Pista;1;;;;;;;;;;1;;;;
23/12/2013;15:03:00;154;sem vítima;306,8;BR-101/RJ;Sul;Engavetamento;3;;;;;;;;;;7;;;;
27/12/2013;19:07:00;185;sem vítima;306;BR-101/RJ;Norte;Colisão Traseira;1;;;;;;;;;1;10;;;;
02/01/2014;17:58:00;170;sem vítima;306,198;BR-101/RJ;Norte;Engavetamento;2;;;;;1;;;;;5;;;;
02/01/2014;17:14:00;163;sem vítima;306,262;BR-101/RJ;Norte;Choque - Suporte de Sinalização;1;;;;;;;;;;1;;;;
11/01/2014;12:49:00;113;sem vítima;306;BR-101/RJ;Norte;Colisão Lateral;2;;;;;;;;;;3;;;;
25/01/2014;10:48:00;71;com vítima;306,178;BR-101/RJ;Norte;Atropelamento - Andarilho;;;;;;1;;;;;1;1;;;
30/01/2014;11:30:00;103;sem vítima;306;BR-101/RJ;Sul;Colisão Traseira;2;;;;;;;;;;2;;;;
10/02/2014;20:19:00;185;sem vítima;306,4;BR-101/RJ;Norte;Colisão Lateral;1;;;;;1;;;;;2;;;;
23/02/2014;05:37:00;23;sem vítima;306,689;BR-101/RJ;Norte;Capotamento;1;;;;;;;;;;1;;;;
26/03/2014;00:20:00;3;sem vítima;306;BR-101/RJ;Sul;Saida de Pista;1;;;;;;;;;;1;;;;
22/04/2014;23:55:00;179;sem vítima;306;BR-101/RJ;Norte;Colisão Traseira;2;;;;;;;;;;3;;;;
28/04/2014;00:17:00;3;sem vítima;306,4;BR-101/RJ;Sul;Colisão Traseira;1;;1;;;;;;;;2;;;;
26/05/2014;13:16:00;103;sem vítima;306,09;BR-101/RJ;Norte;Colisão Traseira;2;;;;;;;;;;7;;;;
22/06/2014;16:07:00;101;sem vítima;306;BR-101/RJ;Sul;Engavetamento;2;;;;;1;;;;;6;;;;
15/08/2014;07:19:00;27;com vítima;306;BR-101/RJ;Sul;Queda de Moto;;;;1;;;;;;;0;1;;;
17/08/2014;19:58:00;137;com vítima;306;BR-101/RJ;Sul;Choque - Outros;1;;;;;;;;;;0;1;;;
23/08/2014;13:25:00;107;sem vítima;306;BR-101/RJ;Norte;Colisão Traseira;2;;;;;;;;;;2;;;;
29/08/2014;08:52:00;45;sem vítima;306;BR-101/RJ;Norte;Colisão Traseira;;;;1;;;;;;1;3;;;;
01/09/2014;04:29:00;24;sem vítima;306;BR-101/RJ;Sul;Saida de Pista;1;;;;;;;;;;4;;;;
08/09/2014;17:40:00;151;com vítima;306;BR-101/RJ;Sul;Colisão Traseira;2;;;;;;;;;;1;;1;;
26/09/2014;06:38:00;25;com vítima;306,426;BR-101/RJ;Sul;Colisão Traseira;1;;;;;1;;;;;3;;1;;
07/10/2014;08:08:00;45;sem vítima;306;BR-101/RJ;Sul;Engavetamento;7;;;;;;;;;;13;;;;
11/10/2014;14:26:00;129;com vítima;306,91;BR-101/RJ;Sul;Saida de Pista;1;;;;;;;;;;2;1;;;
21/10/2014;19:35:00;162;com vítima;306,847;BR-101/RJ;Norte;Queda de Moto;;;;1;;;;;;;0;1;;;
23/10/2014;15:43:00;122;com vítima;306,525;BR-101/RJ;Sul;Colisão Traseira;1;;;1;;;;;;;2;2;;;
01/11/2014;08:46:00;57;com vítima;306;BR-101/RJ;Norte;Colisão Lateral;;;;1;;1;;;;;1;1;;;
22/11/2014;14:20:00;73;sem vítima;306;BR-101/RJ;Norte;Colisão Lateral;2;;;;;;;;;;4;;;;
23/11/2014;18:23:00;140;com vítima;306,751;BR-101/RJ;Sul;Saida de Pista;1;;;;;;;;;;1;1;;;
25/11/2014;03:21:00;17;sem vítima;306;BR-101/RJ;Sul;Choque - Suporte de Sinalização;;;1;;;;;;;;1;;;;
28/11/2014;11:25:00;73;com vítima;306;BR-101/RJ;Norte;Colisão Traseira;;;;1;;1;;;;;1;1;1;;
30/12/2014;17:31:00;143;com vítima;306;BR-101/RJ;Norte;Colisão Lateral;1;;;1;;;;;;;1;2;;;
24/01/2015;11:17:00;60;com vítima;306;BR-101/RJ;Sul;Colisão Traseira;;;1;1;;;;;;;1;;1;;
24/01/2015;12:11:00;70;com vítima;306;BR-101/RJ;Norte;Colisão Traseira;1;;;1;;;;;;;3;1;;;
13/02/2015;07:51:00;53;com vítima;306;BR-101/RJ;Norte;Colisão Lateral;1;;;1;;;;;;;1;1;0;0;0
18/02/2015;23:30:00;233;sem vítima;306;BR-101/RJ;Norte;Choque - Defensa, barreira ou "submarino";1;;;;;;;;;;2;0;0;0;0
22/02/2015;01:17:00;8;sem vítima;306;BR-101/RJ;Sul;Saida de Pista;1;;;;;;;;;;1;;;;
08/03/2015;20:10:00;178;com vítima;306;BR-101/RJ;Norte;Atropelamento - Outros;;;;;;1;;;;;1;0;1;0;0
21/03/2015;05:03:00;25;com vítima;306;BR-101/RJ;Norte;Choque - Defensa, barreira ou "submarino";1;;;;;;;;;;3;0;1;2;0
27/03/2015;18:23:00;182;sem vítima;306;BR-101/RJ;Norte;Colisão Traseira;2;;;;;;;;;;3;0;0;0;0
17/04/2015;06:22:00;27;com vítima;306;BR-101/RJ;Sul;Engavetamento;2;;;;;1;;;;;4;1;;;
18/04/2015;05:33:00;15;com vítima;306;BR-101/RJ;Sul;Atropelamento - Morador;1;;;;;;;;;;1;;1;;
16/05/2015;18:06:00;166;com vítima;306;BR-101/RJ;Sul;Outros - Sequência;1;;;;;;;;;;0;1;;4;
28/07/2015;08:00:00;50;sem vítima;306;BR-101/RJ;Sul;Engavetamento;3;;;;;;;;;;11;;;;
07/08/2015;09:34:00;82;sem vítima;306,552;BR-101/RJ;Sul;Colisão Traseira;1;;;;;1;;;;;5;;;;
19/09/2015;12:58:00;114;sem vítima;306,738;BR-101/RJ;Norte;Colisão Lateral;1;;;;;1;;;;;2;;;;
21/09/2015;21:10:00;189;sem vítima;306;BR-101/RJ;Norte;Choque - Defensa, barreira ou "submarino";1;;;;;;;;;;1;;;;
05/10/2015;06:58:00;40;sem vítima;306;BR-101/RJ;Sul;Colisão Traseira;1;;;;;;;;;1;4;;;;
10/10/2015;20:10:00;249;sem vítima;306,636;BR-101/RJ;Norte;Colisão Traseira;2;;;;;;;;;;8;;;;
01/11/2015;14:33:00;96;com vítima;306;BR-101/RJ;Sul;Queda de Moto;;;;1;;1;;;;;1;1;;;
28/11/2015;16:09:00;145;sem vítima;306,57;BR-101/RJ;Norte;Choque - Defensa, barreira ou "submarino";1;;;;;;;;;;5;;;;
13/12/2015;14:29:00;136;com vítima;306;BR-101/RJ;Norte;Colisão Traseira;;;;2;;;;;;;0;2;1;;
14/12/2015;08:53:00;74;com vítima;306,049;BR-101/RJ;Sul;Choque - Defensa, barreira ou "submarino";1;;;;;;;;;;0;1;;;
17/12/2015;17:30:00;219;sem vítima;306;BR-101/RJ;Sul;Choque - Defensa, barreira ou "submarino";1;;;;;;;;;;1;;;;
24/12/2015;21:39:00;246;com vítima;306,2;BR-101/RJ;Sul;Atropelamento - Morador;;;;;;1;;;;;1;;;;1
26/12/2015;12:24:00;100;com vítima;306;BR-101/RJ;Norte;Colisão Lateral;;;;1;;1;;;;;1;2;;;
04/01/2010;05:26:00;35;sem vítima;307;BR-101/RJ;Sul;Atropelamento de Animal;1;;;;;;;;;;1;;;;
14/01/2010;13:27:00;91;sem vítima;307;BR-101/RJ;Sul;Saida de Pista;1;;;;;;;;;;2;;;;
18/01/2010;12:17:00;93;sem vítima;307;BR-101/RJ;Norte;Engavetamento;5;;;;;;;;;;16;;;;
26/01/2010;12:17:00;93;sem vítima;307;BR-101/RJ;Sul;Colisão Traseira;2;;;;;;;;;;5;;;;
31/01/2010;17:34:00;155;sem vítima;307,5;BR-101/RJ;Sul;Colisão Traseira;2;;;;;;;;;;7;;;;
13/02/2010;02:29:00;31;com vítima;307;BR-101/RJ;Norte;Colisão Lateral;1;;;1;;;;;;;3;1;;;
15/02/2010;13:58:00;89;com vítima;307;BR-101/RJ;Norte;Saida de Pista;1;;;;;;;;;;0;;1;;
21/02/2010;09:57:00;63;sem vítima;307;BR-101/RJ;Sul;Saida de Pista;1;;;;;;;;;;5;;;;
15/03/2010;13:30:00;113;sem vítima;307;BR-101/RJ;Sul;Colisão Traseira;2;;;;;;;;;;2;;;;
21/03/2010;19:47:00;130;sem vítima;307;BR-101/RJ;Norte;Colisão Traseira;1;;;;;1;;;;;5;;;;
28/03/2010;22:00:00;173;com vítima;307;BR-101/RJ;Sul;Atropelamento - Outros;;;;;;1;;;;;1;;;1;
02/04/2010;22:03:00;203;com vítima;307;BR-101/RJ;Sul;Colisão Lateral;1;;;1;;;;;;;1;;1;;
05/04/2010;18:58:00;156;sem vítima;307;BR-101/RJ;Sul;Colisão Traseira;1;;;;;1;;;;;3;;;;
06/04/2010;09:54:00;60;sem vítima;307;BR-101/RJ;Norte;Saida de Pista;;;1;;;;;;;;1;;;;
06/04/2010;12:52:00;88;sem vítima;307;BR-101/RJ;Sul;Colisão Traseira;1;;;1;;;;;;;3;;;;
07/04/2010;21:58:00;168;sem vítima;307;BR-101/RJ;Sul;Capotamento;1;;;;;;;;;;2;;;;
18/04/2010;10:09:00;43;sem vítima;307;BR-101/RJ;Sul;Choque - Defensa, barreira ou "submarino";1;;;;;;;;;;7;;;;
19/04/2010;05:21:00;26;sem vítima;307;BR-101/RJ;Norte;Atropelamento de Animal;1;;;;;2;;;;;3;;;;
26/04/2010;06:22:00;30;sem vítima;307;BR-101/RJ;Sul;Colisão Traseira;2;;;;;;;;;;4;;;;
09/05/2010;05:41:00;21;com vítima;307;BR-101/RJ;Norte;Colisão Frontal;2;;;;;;;;;;0;;2;2;
14/05/2010;23:21:00;190;com vítima;307,70001220703125;BR-101/RJ;Sul;Atropelamento - Morador;1;;;;;;;;;;1;1;;;1
16/05/2010;09:26:00;46;com vítima;307;BR-101/RJ;Norte;Saida de Pista;1;;;;;;;;;;0;5;;;
23/05/2010;16:15:00;105;sem vítima;307;BR-101/RJ;Sul;Colisão Traseira;3;;;;;;;;;;6;;;;
24/05/2010;19:31:00;186;sem vítima;307;BR-101/RJ;Norte;Colisão Traseira;1;;1;;;;;;;;2;;;;
24/05/2010;19:31:00;194;sem vítima;307;BR-101/RJ;Norte;Colisão Traseira;2;;;;;;;;;;3;;;;
24/05/2010;20:05:00;196;sem vítima;307;BR-101/RJ;Norte;Colisão Traseira;3;;;;;;;;;;5;;;;
31/05/2010;05:48:00;26;com vítima;307,5;BR-101/RJ;Norte;Atropelamento - Morador;1;1;;;;;;;;;0;1;;;1
07/06/2010;23:06:00;184;com vítima;307;BR-101/RJ;Sul;Colisão Frontal;;;;1;;1;;;;;1;1;;;
13/06/2010;00:47:00;9;sem vítima;307;BR-101/RJ;Sul;Atropelamento de Animal;2;;;;;1;;;;;4;;;;
13/06/2010;00:47:00;6;com vítima;307,5;BR-101/RJ;Sul;Atropelamento de Animal;1;;;;;1;;;;;2;1;1;;
17/06/2010;06:04:00;25;com vítima;307,5;BR-101/RJ;Sul;Atropelamento - Morador;;;;;;1;;;;;1;;;;1
04/07/2010;18:06:00;128;sem vítima;307;BR-101/RJ;Sul;Colisão Traseira;2;;;;;;;;;;5;;;;
12/07/2010;07:48:00;47;sem vítima;307;BR-101/RJ;Sul;Choque - Defensa, barreira ou "submarino";1;;;;;;;;;;1;;;;
12/07/2010;08:03:00;52;sem vítima;307;BR-101/RJ;Sul;Colisão Traseira;1;;;;;;;;;1;4;;;;
15/07/2010;07:22:00;36;sem vítima;307,79998779296875;BR-101/RJ;Norte;Colisão Traseira;1;;;;1;;;;;;2;;;;
16/07/2010;09:15:00;53;sem vítima;307;BR-101/RJ;Sul;Colisão Traseira;2;;;;;;;;;;2;;;;
13/08/2010;18:54:00;163;com vítima;307;BR-101/RJ;Norte;Colisão Traseira;1;;;1;;;;;;;3;;1;;
29/08/2010;02:04:00;6;com vítima;307;BR-101/RJ;Sul;Atropelamento - Ciclista;;1;;;;;;;;;0;;1;;
05/09/2010;00:30:00;2;com vítima;307;BR-101/RJ;Sul;Atropelamento - Morador;;;;;;1;;;;;1;;;1;
16/09/2010;07:30:00;27;com vítima;307;BR-101/RJ;Norte;Atropelamento - Ciclista;2;1;;;;;;;;;2;;1;;
17/09/2010;18:06:00;156;sem vítima;307;BR-101/RJ;Sul;Colisão Traseira;2;;;;;;;;;;2;;;;
03/10/2010;11:56:00;61;com vítima;307;BR-101/RJ;Sul;Engavetamento;4;;;;;;;;;;10;;1;;
11/10/2010;18:21:00;118;com vítima;307;BR-101/RJ;Norte;Atropelamento - Morador;;;;1;;;;;;;1;;;;1
23/10/2010;17:24:00;139;com vítima;307;BR-101/RJ;Norte;Atropelamento - Ciclista;;1;1;;;;;;;;2;;1;;
10/12/2010;23:48:00;216;com vítima;307;BR-101/RJ;Norte;Colisão Traseira;1;;1;;;;;;;;1;1;1;;
12/12/2010;16:41:00;128;com vítima;307;BR-101/RJ;Sul;Atropelamento - Ciclista;1;1;;;;;;;;;2;;1;;
16/12/2010;17:48:00;191;com vítima;307,5;BR-101/RJ;Sul;Engavetamento;4;;;;;;;;;;2;2;4;;
03/01/2011;05:21:00;60;sem vítima;307;BR-101/RJ;Sul;Colisão Traseira;2;;;;;;;;;;10;;;;
03/01/2011;09:23:00;111;sem vítima;307;BR-101/RJ;Sul;Engavetamento;3;;;;;1;;;;;9;;;;
10/01/2011;07:50:00;45;com vítima;307;BR-101/RJ;Sul;Colisão Traseira;2;;;;;;;;;;3;;1;;
13/01/2011;03:03:00;13;com vítima;307;BR-101/RJ;Norte;Colisão Traseira;;;2;;;;;;;;1;;1;;
22/01/2011;04:18:00;30;sem vítima;307;BR-101/RJ;Sul;Colisão Traseira;;;1;;;1;;;;;2;;;;
11/02/2011;21:14:00;203;sem vítima;307;BR-101/RJ;Norte;Saida de Pista;1;;;;;;;;;;3;;;;
25/02/2011;15:13:00;132;sem vítima;307;BR-101/RJ;Sul;Colisão Traseira;;;2;;;;;;;;2;;;;
25/03/2011;19:05:00;141;com vítima;320;BR-101/RJ;Norte;Queda de Moto;;;;1;;;;;;;0;1;;;
06/05/2011;04:21:00;19;sem vítima;307;BR-101/RJ;Sul;Tombamento;;;2;;;;;;;;2;;;;
08/05/2011;01:18:00;10;com vítima;307;BR-101/RJ;Sul;Colisão Traseira;1;;1;;;;;;;;1;2;;;
28/05/2011;23:13:00;161;sem vítima;307;BR-101/RJ;Norte;Capotamento;1;;;;;;;;;;1;;;;
16/06/2011;17:52:00;150;com vítima;307;BR-101/RJ;Norte;Queda de Moto;;;;1;;;;;;;1;;1;;
30/08/2011;11:06:00;88;sem vítima;307;BR-101/RJ;Norte;Colisão Traseira;1;;1;;;;;;;;4;;;;
02/09/2011;06:48:00;26;com vítima;307;BR-101/RJ;Norte;Colisão Traseira;1;;;1;;;;;;;2;;1;;
06/09/2011;20:49:00;156;com vítima;307;BR-101/RJ;Norte;Capotamento;1;;;;;;;;;;0;1;;;
05/10/2011;14:43:00;103;com vítima;307,5;BR-101/RJ;Sul;Queda de Moto;;;;1;;;;;;;0;2;;;
26/10/2011;05:12:00;19;com vítima;307;BR-101/RJ;Sul;Saida de Pista;1;;;;;;;;;;0;;1;;
04/11/2011;16:22:00;129;sem vítima;307;BR-101/RJ;Norte;Colisão Traseira;;;1;;1;;;;;;4;;;;
23/11/2011;18:03:00;131;sem vítima;307;BR-101/RJ;Sul;Saida de Pista;1;;;;;;;;;;1;;;;
26/11/2011;05:20:00;24;com vítima;307;BR-101/RJ;Norte;Choque - Defensa, barreira ou "submarino";1;;;;;;;;;;0;1;1;;
07/12/2011;17:02:00;144;sem vítima;307;BR-101/RJ;Norte;Colisão Traseira;2;;;;;;;;;;2;;;;
18/12/2011;14:12:00;82;com vítima;307;BR-101/RJ;Norte;Queda de Moto;;;;1;;;;;;;1;;1;;
19/12/2011;03:18:00;24;sem vítima;307;BR-101/RJ;Norte;Colisão Traseira;;;2;;;;;;;;2;;;;
19/12/2011;04:51:00;29;sem vítima;307;BR-101/RJ;Norte;Colisão Traseira;2;;;;;;;;;;4;;;;
03/01/2012;15:09:00;160;sem vítima;307;BR-101/RJ;Sul;Colisão Traseira;1;;;;;1;;;;;3;;;;
03/01/2012;15:30:00;165;com vítima;307;BR-101/RJ;Sul;Colisão Traseira;2;;;;;;;;;;3;1;;;
17/02/2012;05:53:00;42;com vítima;307;BR-101/RJ;Norte;Colisão Traseira;1;;;1;;;;;;;1;;;;1
28/03/2012;06:01:00;24;sem vítima;307,6;BR-101/RJ;Norte;Tombamento;;;1;;;;;;;;1;;;;
01/04/2012;00:29:00;3;com vítima;307;BR-101/RJ;Sul;Colisão Traseira;2;;;;;;;;;;0;4;2;;
04/04/2012;08:15:00;52;com vítima;307;BR-101/RJ;Norte;Colisão Traseira;;;1;;1;;;;;;3;1;;;
05/04/2012;13:56:00;111;sem vítima;307;BR-101/RJ;Sul;Engavetamento;;;1;;;1;;;;;2;;;;
19/04/2012;11:53:00;75;com vítima;307;BR-101/RJ;Norte;Colisão Lateral;;;;1;;1;;;;;1;1;;;
20/06/2012;07:35:00;48;com vítima;307;BR-101/RJ;Sul;Queda de Moto;;;;1;;;;;;;0;1;;;
20/06/2012;19:34:00;161;sem vítima;307;BR-101/RJ;Norte;Colisão Traseira;1;;;;;1;;;;;6;;;;
20/06/2012;19:59:00;167;com vítima;307;BR-101/RJ;Norte;Engavetamento;2;;1;;1;;;;;1;56;;1;2;
08/07/2012;13:24:00;77;com vítima;307;BR-101/RJ;Sul;Engavetamento;3;;;;;1;;;;;10;;2;;
19/07/2012;18:56:00;161;com vítima;307,07;BR-101/RJ;Norte;Atropelamento - Morador;1;1;;;;;;;;;1;;;2;
20/07/2012;19:45:00;173;com vítima;307,535;BR-101/RJ;Sul;Atropelamento - Ciclista;1;;;;;;;;;;1;;;;1
11/08/2012;08:09:00;53;com vítima;307;BR-101/RJ;Sul;Colisão Traseira;2;;;;;;;;;;3;1;;;
12/08/2012;13:34:00;97;sem vítima;307;BR-101/RJ;Norte;Colisão Traseira;2;;;;;;;;;1;6;;;;
03/09/2012;00:59:00;7;com vítima;307,4;BR-101/RJ;Norte;Colisão Traseira;1;;;1;;;;;;;3;;1;;
07/09/2012;08:44:00;85;sem vítima;307;BR-101/RJ;Norte;Colisão Traseira;2;;;;;;;;;;4;;;;
05/10/2012;19:20:00;203;com vítima;307;BR-101/RJ;Sul;Colisão Traseira;3;;;;;;;;;;5;1;;;
16/10/2012;16:16:00;161;com vítima;307;BR-101/RJ;Sul;Colisão Traseira;1;;;;;;;;;1;1;1;;;
16/10/2012;16:25:00;165;sem vítima;307;BR-101/RJ;Norte;Colisão Traseira;1;;1;;;;;;;;4;;;;
21/10/2012;23:38:00;209;sem vítima;307;BR-101/RJ;Sul;Colisão Traseira;2;;;;;;;;;;8;;;;
31/10/2012;12:22:00;111;sem vítima;307;BR-101/RJ;Sul;Colisão Traseira;2;;;;;;;;;;4;;;;
04/11/2012;05:31:00;22;com vítima;307;BR-101/RJ;Norte;Capotamento;1;;;;;;;;;;3;1;2;;
13/11/2012;19:58:00;172;com vítima;307,3;BR-101/RJ;Sul;Atropelamento - Ciclista;1;;;;;;;;;;2;;1;;
23/11/2012;21:10:00;215;com vítima;307;BR-101/RJ;Norte;Atropelamento - Morador;;;;;;1;;;;;1;;1;;
25/11/2012;12:57:00;73;com vítima;307;BR-101/RJ;Sul;Queda de Moto;;;;2;;;;;;;1;1;;;
07/12/2012;02:31:00;13;com vítima;307,815;BR-101/RJ;Norte;Colisão Traseira;2;;;;;;;;;;1;1;;;
22/12/2012;14:49:00;160;com vítima;307;BR-101/RJ;Norte;Colisão Traseira;2;;;1;;;;;;;6;2;;;
01/01/2013;16:50:00;150;sem vítima;307;BR-101/RJ;Sul;Colisão Traseira;3;;;;;;;;;;3;;;;
08/01/2013;10:07:00;73;sem vítima;307;BR-101/RJ;Sul;Colisão Traseira;2;;;;;;;;;;6;;;;
18/01/2013;04:45:00;17;com vítima;307;BR-101/RJ;Sul;Colisão Traseira;2;;;;;;;;;;5;;1;;
01/03/2013;18:18:00;145;sem vítima;307;BR-101/RJ;Sul;Colisão Traseira;3;;;;;;;;;;5;;;;
18/03/2013;19:29:00;159;sem vítima;307;BR-101/RJ;Norte;Colisão Traseira;2;;;;;;;;;;5;;;;
07/04/2013;05:00:00;33;com vítima;307;BR-101/RJ;Sul;Atropelamento - Andarilho;3;;;1;;2;;;;;12;;2;;1