data;horario;n_da_ocorrencia;tipo_de_ocorrencia;km;trecho;sentido;tipo_de_acidente;automovel;bicicleta;caminhao;moto;onibus;outros;tracao_animal;transporte_de_cargas_especiais;trator_maquinas;utilitarios;ilesos;levemente_feridos;moderadamente_feridos;gravemente_feridos;mortos
13/04/2013;07:35:00;40;sem vítima;307;BR-101/RJ;Sul;Colisão Traseira;2;;;;;;;;;;5;;;;
13/04/2013;04:39:00;22;com vítima;307,15;BR-101/RJ;Norte;Colisão Traseira;2;;;2;;1;;;;;7;;1;1;1
15/04/2013;01:39:00;7;com vítima;307,485;BR-101/RJ;Norte;Atropelamento de Animal;3;;;;;;;;;;4;2;;;
19/04/2013;20:40:00;189;com vítima;307,585;BR-101/RJ;Norte;Atropelamento - Usuário;;;;1;;;;;;;0;;2;;
05/05/2013;07:48:00;22;com vítima;307,247;BR-101/RJ;Norte;Atropelamento - Ciclista;;1;;;;1;;;;;1;;;1;
06/05/2013;16:40:00;121;sem vítima;307;BR-101/RJ;Sul;Outros - Sequência;2;;;;1;;;;;;7;;;;
15/05/2013;19:14:00;165;com vítima;307;BR-101/RJ;Sul;Atropelamento - Ciclista;;1;;;;1;;;;;1;;1;;
01/06/2013;16:29:00;120;sem vítima;307,4;BR-101/RJ;Sul;Colisão Traseira;2;;;;;;;;;;4;;;;
08/06/2013;02:39:00;16;com vítima;307,2;BR-101/RJ;Sul;Atropelamento - Ciclista;2;1;;;;;;;;;0;;2;;1
09/06/2013;17:35:00;109;sem vítima;307;BR-101/RJ;Sul;Engavetamento;3;;;;;;;;;;6;;;;
20/06/2013;16:30:00;111;sem vítima;307;BR-101/RJ;Norte;Colisão Traseira;2;;;;;;;;;;2;;;;
22/06/2013;02:10:00;14;com vítima;307,074;BR-101/RJ;Norte;Outros - Sequência;1;;1;;;;;;;1;2;;1;;
24/06/2013;17:46:00;126;sem vítima;307;BR-101/RJ;Norte;Saida de Pista;1;;;;;;;;;;2;;;;
29/06/2013;18:51:00;160;com vítima;307;BR-101/RJ;Sul;Atropelamento - Ciclista;1;1;;;;;;;;;4;;;;1
11/07/2013;19:13:00;136;sem vítima;307,5;BR-101/RJ;Sul;Colisão Traseira;1;;1;;;;;;;;2;;;;
24/07/2013;03:31:00;11;sem vítima;307,369;BR-101/RJ;Sul;Choque - Defensa, barreira ou "submarino";1;;;;;;;;;;1;;;;
26/07/2013;15:26:00;134;sem vítima;307;BR-101/RJ;Norte;Colisão Traseira;1;;;;;1;;;;;7;;;;
27/07/2013;01:14:00;6;sem vítima;307,117;BR-101/RJ;Sul;Saida de Pista;1;;;;;;;;;;2;;;;
31/07/2013;00:37:00;6;sem vítima;307,712;BR-101/RJ;Sul;Atropelamento de Animal;1;;;;;;;;;;1;;;;
10/08/2013;05:10:00;20;sem vítima;307,696;BR-101/RJ;Norte;Saida de Pista;1;;;;;;;;;;1;;;;
11/08/2013;21:31:00;161;sem vítima;307;BR-101/RJ;Norte;Queda de Moto;;;;1;;;;;;;1;;;;
26/08/2013;20:12:00;153;com vítima;307,144;BR-101/RJ;Sul;Atropelamento - Ciclista;1;1;;;;;;;;;3;;;;1
28/08/2013;00:43:00;6;sem vítima;307,564;BR-101/RJ;Norte;Colisão Lateral;1;;1;;;;;;;;3;;;;
24/09/2013;19:14:00;149;sem vítima;307,074;BR-101/RJ;Sul;Colisão Traseira;1;;;;1;;;;;;3;;;;
06/10/2013;18:57:00;117;sem vítima;307;BR-101/RJ;Sul;Colisão Traseira;2;;;;;;;;;;6;;;;
11/10/2013;06:42:00;28;sem vítima;307,633;BR-101/RJ;Norte;Engavetamento;3;;;;;;;;;;3;;;;
16/10/2013;23:23:00;186;com vítima;307;BR-101/RJ;Norte;Choque - Defensa, barreira ou "submarino";1;;;;;;;;;;0;;;1;
12/11/2013;21:56:00;229;sem vítima;307;BR-101/RJ;Norte;Colisão Lateral;;;1;;;1;;;;;2;;;;
08/12/2013;16:09:00;132;sem vítima;307;BR-101/RJ;Sul;Colisão Traseira;2;;;;;;;;;;4;;;;
08/12/2013;16:42:00;141;sem vítima;307;BR-101/RJ;Sul;Engavetamento;3;;;;;;;;;;8;;;;
13/12/2013;20:59:00;186;sem vítima;307;BR-101/RJ;Sul;Colisão Traseira;1;;;1;;;;;;;3;;;;
19/12/2013;03:30:00;10;com vítima;307,6;BR-101/RJ;Sul;Atropelamento - Sem Informação;;;;;;1;;;;;1;;;;1
02/01/2014;17:38:00;168;sem vítima;307,63;BR-101/RJ;Sul;Engavetamento;3;;;;;;;;;;3;;;;
26/01/2014;00:38:00;4;com vítima;307,357;BR-101/RJ;Norte;Atropelamento - Ciclista;;1;;;;1;;;;;1;;;;1
16/03/2014;07:37:00;34;sem vítima;307,6;BR-101/RJ;Norte;Queda de Moto;;;;1;;;;;;;1;;;;
14/04/2014;16:24:00;130;com vítima;307,395;BR-101/RJ;Norte;Choque - Defensa, barreira ou "submarino";;;1;;;;;;;;2;1;;;
17/04/2014;16:23:00;139;sem vítima;307;BR-101/RJ;Norte;Colisão Traseira;2;;;;;;;;;;3;;;;
14/06/2014;11:53:00;76;sem vítima;307;BR-101/RJ;Sul;Choque - Defensa, barreira ou "submarino";1;;;;;;;;;;1;;;;
14/07/2014;18:17:00;135;com vítima;307;BR-101/RJ;Sul;Outros;;;;;;1;;;;;1;;1;;
28/07/2014;17:36:00;131;com vítima;307;BR-101/RJ;Norte;Colisão Traseira;;;;;;1;;;;1;8;1;;;
12/08/2014;15:08:00;126;com vítima;307;BR-101/RJ;Norte;Engavetamento;1;;1;1;;;;;;;3;1;;;
20/08/2014;14:47:00;110;sem vítima;307;BR-101/RJ;Norte;Choque - Defensa, barreira ou "submarino";1;;;;;;;;;;1;;;;
22/08/2014;20:25:00;169;sem vítima;307;BR-101/RJ;Norte;Choque - Defensa, barreira ou "submarino";1;;;;;;;;;;2;;;;
08/09/2014;15:29:00;130;com vítima;307,585;BR-101/RJ;Norte;Tombamento;;;1;;;;;;;1;4;1;1;;
03/12/2014;07:34:00;34;com vítima;307,133;BR-101/RJ;Sul;Colisão Lateral;2;;;1;;;;;;;4;1;;;
11/12/2014;07:48:00;40;com vítima;307;BR-101/RJ;Sul;Colisão Traseira;2;;;;;;;;;;1;1;;;
12/12/2014;08:11:00;34;com vítima;307;BR-101/RJ;Sul;Colisão Traseira;;;;1;1;;;;;;1;1;;;
27/12/2014;12:30:00;74;sem vítima;307;BR-101/RJ;Norte;Colisão Traseira;2;;;;;;;;;;2;;;;
05/01/2015;17:25:00;139;sem vítima;307;BR-101/RJ;Norte;Colisão Traseira;1;;;;;1;;;;;3;;;;
08/01/2015;09:06:00;49;sem vítima;307;BR-101/RJ;Norte;Engavetamento;2;;1;;;;;;;;3;;;;
17/01/2015;12:39:00;100;com vítima;307;BR-101/RJ;Norte;Queda de Moto;;;;1;;1;;;;;1;;1;;
01/02/2015;22:24:00;144;com vítima;307;BR-101/RJ;Sul;Colisão Lateral;1;;;1;;;;;;;2;1;0;0;0
01/02/2015;22:44:00;146;sem vítima;307;BR-101/RJ;Sul;Colisão Lateral;1;;1;;;;;;;;2;0;0;0;0
01/02/2015;16:59:00;87;com vítima;307,5;BR-101/RJ;Sul;Queda de Moto;;;;1;;;;;;;0;2;0;0;0
01/03/2015;20:03:00;140;com vítima;307;BR-101/RJ;Sul;Colisão Traseira;1;;;1;;;;;;;1;1;1;0;0
22/03/2015;11:59:00;66;com vítima;307;BR-101/RJ;Norte;Capotamento;1;;;;;;;;;;0;0;4;0;0
27/03/2015;07:46:00;44;sem vítima;307;BR-101/RJ;Norte;Engavetamento;3;;;;;;;;;;3;0;0;0;0
15/04/2015;08:44:00;59;com vítima;307;BR-101/RJ;Sul;Queda de Moto;;;;1;;;;;;;0;2;;;
22/06/2015;04:08:00;21;com vítima;307,5;BR-101/RJ;Norte;Capotamento;1;;;;;;;;;;0;;1;;
12/07/2015;16:16:00;118;com vítima;307;BR-101/RJ;Norte;Atropelamento - Morador;1;;;;;;;;;;2;;1;;
26/07/2015;04:01:00;16;com vítima;307;BR-101/RJ;Norte;Capotamento;1;;;;;;;;;;0;2;;;
27/07/2015;12:08:00;107;com vítima;307,706;BR-101/RJ;Norte;Choque - Defensa, barreira ou "submarino";1;;;;;;;;;;0;1;;;
29/07/2015;10:22:00;90;sem vítima;307,42;BR-101/RJ;Sul;Colisão Traseira;2;;;;;;;;;;3;;;;
23/08/2015;03:34:00;11;sem vítima;307,325;BR-101/RJ;Sul;Atropelamento de Animal;1;;;;;;;;;;1;;;;
23/08/2015;03:35:00;13;sem vítima;307,325;BR-101/RJ;Sul;Atropelamento de Animal;1;;;;;;;;;;1;;;;
16/09/2015;07:07:00;36;sem vítima;307;BR-101/RJ;Sul;Engavetamento;1;;;;;1;;;;2;7;;;;
10/10/2015;11:32:00;116;com vítima;307,255;BR-101/RJ;Norte;Colisão Lateral;1;;;1;;;;;;;4;1;;;
13/10/2015;07:32:00;51;com vítima;307,4;BR-101/RJ;Sul;Atropelamento - Usuário;;;;;1;;;;;;1;1;;;
11/11/2015;17:00:00;175;com vítima;307,3;BR-101/RJ;Sul;Colisão Traseira;;;;1;;;;;;1;3;;;;1
27/12/2015;06:04:00;32;com vítima;307;BR-101/RJ;Norte;Colisão Traseira;1;;;;;1;;;;;1;2;;;
11/01/2010;15:30:00;142;com vítima;308;BR-101/RJ;Norte;Capotamento;3;;;;;;;;;;9;;4;;
21/01/2010;07:59:00;46;sem vítima;308;BR-101/RJ;Sul;Colisão Traseira;2;;;;;;;;;;5;;;;
08/02/2010;12:30:00;133;sem vítima;308;BR-101/RJ;Norte;Colisão Traseira;2;;;;;;;;;;2;;;;
13/02/2010;23:45:00;483;sem vítima;308;BR-101/RJ;Norte;Colisão Lateral;1;;;1;;;;;;;5;;;;
12/03/2010;09:32:00;58;sem vítima;308;BR-101/RJ;Norte;Choque - Elemento de Drenagem;1;;;;;;;;;;2;;;;
18/03/2010;21:31:00;199;com vítima;308;BR-101/RJ;Norte;Atropelamento de Animal;;;;1;;;;;;;0;;2;;
29/03/2010;13:47:00;108;com vítima;308;BR-101/RJ;Norte;Colisão Traseira;1;;;1;;;;;;;0;1;1;;
10/04/2010;20:58:00;176;sem vítima;308;BR-101/RJ;Norte;Colisão Traseira;2;;;;;;;;;;4;;;;
20/04/2010;07:58:00;45;sem vítima;308;BR-101/RJ;Sul;Colisão Traseira;2;;;;;;;;;;2;;;;
22/04/2010;16:23:00;144;com vítima;308;BR-101/RJ;Norte;Queda de Moto;;;;1;;;;;;;0;;1;;
20/05/2010;19:09:00;160;sem vítima;308;BR-101/RJ;Sul;Colisão Traseira;2;;;;;;;;;;2;;;;
21/05/2010;11:48:00;80;sem vítima;308,5;BR-101/RJ;Sul;Capotamento;1;;;;;;;;;;1;;;;
01/06/2010;15:11:00;114;sem vítima;308;BR-101/RJ;Norte;Saida de Pista;1;;;;;;;;;;2;;;;
30/06/2010;09:26:00;56;com vítima;308;BR-101/RJ;Sul;Atropelamento - Ciclista;;1;;1;;;;;;;1;1;;;
09/07/2010;04:57:00;20;com vítima;308;BR-101/RJ;Norte;Colisão Traseira;1;;;;1;;;;;1;5;;1;;
09/07/2010;05:42:00;22;sem vítima;308;BR-101/RJ;Sul;Engavetamento;3;;;;;;;;;1;9;;;;
10/07/2010;06:38:00;31;sem vítima;308;BR-101/RJ;Norte;Colisão Traseira;1;;;;1;;;;;;3;;;;
21/07/2010;17:38:00;180;sem vítima;308;BR-101/RJ;Norte;Colisão Traseira;2;;;;;;;;;;3;;;;
22/07/2010;17:57:00;170;sem vítima;308;BR-101/RJ;Sul;Engavetamento;3;;;;;;;;;;3;;;;
30/07/2010;14:01:00;120;sem vítima;308,29998779296875;BR-101/RJ;Norte;Colisão Traseira;2;;;;;;;;;;3;;;;
25/09/2010;18:23:00;159;com vítima;308;BR-101/RJ;Sul;Capotamento;1;;;;;;;;;;0;2;;;
25/09/2010;18:28:00;160;com vítima;308;BR-101/RJ;Norte;Colisão Lateral;;;1;1;;;;;;;1;1;;;
26/09/2010;20:08:00;148;sem vítima;308;BR-101/RJ;Sul;Capotamento;1;;;;;;;;;;1;;;;
26/09/2010;22:40:00;174;com vítima;308;BR-101/RJ;Sul;Capotamento;1;;;;;;;;;;2;;1;;
27/09/2010;06:24:00;22;sem vítima;308;BR-101/RJ;Sul;Engavetamento;2;;;;;2;;;;1;9;;;;
03/10/2010;11:13:00;52;com vítima;308;BR-101/RJ;Sul;Saida de Pista;1;;;;;;;;;;1;;1;;
15/10/2010;00:33:00;3;sem vítima;308;BR-101/RJ;Sul;Atropelamento de Animal;3;;;;;;;;;;6;;;;
06/11/2010;10:01:00;69;com vítima;308;BR-101/RJ;Norte;Saida de Pista;1;;;;;;;;;;1;1;;;
07/12/2010;18:36:00;172;com vítima;308,5;BR-101/RJ;Sul;Atropelamento - Ciclista;1;1;;;;;;;;;1;;;1;
28/12/2010;02:13:00;16;sem vítima;308;BR-101/RJ;Sul;Colisão Traseira;2;;;;;;;;;;3;;;;
19/01/2011;14:19:00;124;com vítima;308,79998779296875;BR-101/RJ;Norte;Queda de Moto;;;;1;;;;;;;0;1;;;
18/02/2011;14:11:00;103;sem vítima;308;BR-101/RJ;Norte;Saida de Pista;1;;;;;1;;;;;4;;;;
19/02/2011;20:39:00;178;com vítima;308;BR-101/RJ;Norte;Atropelamento - Morador;;;;;;1;;;;;2;;;;1
25/03/2011;23:52:00;184;com vítima;320;BR-101/RJ;Norte;Colisão Lateral;;;;;1;;;;;1;1;;2;;
26/03/2011;01:29:00;16;sem vítima;299;BR-101/RJ;Norte;Saida de Pista;1;;;;;;;;;;1;;;;
13/05/2011;18:17:00;143;com vítima;308;BR-101/RJ;Sul;Saida de Pista;1;;;;;;;;;;3;1;;;
23/05/2011;07:10:00;27;com vítima;308;BR-101/RJ;Sul;Colisão Traseira;1;;;1;;;;;;;1;;1;;
12/06/2011;15:13:00;101;com vítima;308;BR-101/RJ;Sul;Saida de Pista;1;;;;;;;;;;0;4;;;
16/06/2011;02:19:00;12;com vítima;308,5;BR-101/RJ;Sul;Saida de Pista;1;;;;;;;;;;1;;1;;
19/06/2011;15:02:00;98;sem vítima;308;BR-101/RJ;Norte;Colisão Traseira;1;;;;;1;;;;;4;;;;
19/08/2011;02:03:00;12;sem vítima;308;BR-101/RJ;Sul;Atropelamento de Animal;1;;;;;;;;;;2;;;;
19/08/2011;18:11:00;162;com vítima;308,3739929199219;BR-101/RJ;Norte;Colisão Traseira;1;;;;1;;;;;;2;1;;;
10/09/2011;18:56:00;145;sem vítima;308,5060119628906;BR-101/RJ;Norte;Colisão Traseira;1;;;;1;;;;;;2;;;;
10/09/2011;18:47:00;143;sem vítima;308,72900390625;BR-101/RJ;Norte;Colisão Traseira;2;;;;;;;;;;2;;;;
16/09/2011;21:52:00;183;com vítima;308,5;BR-101/RJ;Sul;Queda de Moto;;;1;1;;;;;;;1;;;1;1
17/10/2011;16:09:00;113;com vítima;308,1000061035156;BR-101/RJ;Norte;Colisão Traseira;2;;;;;;;;;;6;1;;;
18/10/2011;15:16:00;135;sem vítima;308;BR-101/RJ;Norte;Engavetamento;4;;;;;;;;;;4;;;;
27/10/2011;09:43:00;62;com vítima;308;BR-101/RJ;Norte;Queda de Moto;;;;1;;;;;;;0;2;;;
28/10/2011;12:29:00;78;com vítima;308;BR-101/RJ;Norte;Colisão Traseira;;;;2;;;;;;;1;1;;;
12/11/2011;17:58:00;167;com vítima;308;BR-101/RJ;Norte;Colisão Lateral;;;;1;;1;;;;;1;;2;;
21/11/2011;07:48:00;51;com vítima;308,5;BR-101/RJ;Sul;Colisão Traseira;;;;1;1;;;;;;1;;1;;
17/12/2011;14:01:00;104;com vítima;308;BR-101/RJ;Norte;Capotamento;1;;;;;;;;;;1;2;1;1;
17/12/2011;15:07:00;116;sem vítima;308;BR-101/RJ;Sul;Colisão Traseira;2;;;;;;;;;;3;;;;
05/01/2012;13:00:00;117;sem vítima;308;BR-101/RJ;Sul;Colisão Traseira;2;;;;;;;;;;2;;;;
16/01/2012;10:26:00;76;com vítima;308;BR-101/RJ;Sul;Atropelamento - Morador;1;;;;;;;;;;1;;;1;
03/02/2012;15:37:00;129;sem vítima;308;BR-101/RJ;Norte;Engavetamento;4;;;;;;;;;;6;;;;
17/02/2012;06:59:00;46;com vítima;308,8;BR-101/RJ;Norte;Engavetamento;4;;;;;;;;;;11;1;;;
01/03/2012;14:42:00;111;sem vítima;308;BR-101/RJ;Sul;Saida de Pista;1;;;;;;;;;;1;;;;
11/03/2012;19:24:00;157;sem vítima;308;BR-101/RJ;Sul;Saida de Pista;1;;;;;;;;;;2;;;;
20/03/2012;18:32:00;117;com vítima;308;BR-101/RJ;Norte;Colisão Traseira;;;;2;;;;;;;1;1;;;
23/03/2012;08:34:00;35;sem vítima;308;BR-101/RJ;Sul;Colisão Frontal;;;1;1;;;;;;;4;;;;
02/05/2012;15:03:00;141;sem vítima;308;BR-101/RJ;Norte;Choque - Defensa, barreira ou "submarino";1;;;;;;;;;;1;;;;
02/05/2012;23:51:00;224;sem vítima;308;BR-101/RJ;Sul;Colisão Traseira;1;;;;;1;;;;;2;;;;
21/05/2012;06:20:00;20;sem vítima;308;BR-101/RJ;Sul;Engavetamento;2;;;1;;;;;;;4;;;;
16/06/2012;23:52:00;202;com vítima;308,5;BR-101/RJ;Norte;Atropelamento - Morador;;;;;;1;;;;;1;;;;1
20/06/2012;18:58:00;156;sem vítima;308;BR-101/RJ;Sul;Saida de Pista;1;;;;;;;;;;2;;;;
30/06/2012;05:03:00;30;com vítima;308,6;BR-101/RJ;Sul;Capotamento;3;;;;;1;;;;;4;;3;;1
11/07/2012;16:32:00;133;sem vítima;308,95;BR-101/RJ;Norte;Colisão Traseira;3;;;;;;;;;;5;;;;
20/07/2012;20:02:00;175;sem vítima;308,1;BR-101/RJ;Norte;Colisão Traseira;1;;1;;;;;;;;4;;;;
22/07/2012;04:45:00;18;sem vítima;308;BR-101/RJ;Sul;Atropelamento de Animal;1;;;;;;;;;;1;;;;
23/07/2012;12:18:00;98;sem vítima;308,5;BR-101/RJ;Norte;Colisão Traseira;2;;;;;;;;;;6;;;;
26/07/2012;14:28:00;110;sem vítima;308;BR-101/RJ;Sul;Saida de Pista;1;;;;;;;;;;1;;;;
01/08/2012;07:39:00;46;com vítima;308;BR-101/RJ;Norte;Colisão Lateral;1;;;;1;;;;;;1;;1;;
05/08/2012;15:05:00;98;sem vítima;308;BR-101/RJ;Norte;Saida de Pista;1;;;;;;;;;;1;;;;
09/08/2012;23:32:00;160;sem vítima;308;BR-101/RJ;Sul;Colisão Frontal;;;1;;;;;;;;1;;;;
09/08/2012;18:39:00;131;com vítima;308,9;BR-101/RJ;Norte;Queda de Moto;;;;1;;;;;;;0;1;;;
13/08/2012;11:22:00;95;sem vítima;308;BR-101/RJ;Sul;Colisão Traseira;1;;;;;1;;;;;3;;;;
15/08/2012;11:15:00;63;sem vítima;308;BR-101/RJ;Norte;Saida de Pista;1;;;;;;;;;;2;;;;
25/08/2012;22:31:00;190;com vítima;308,9;BR-101/RJ;Norte;Colisão Traseira;1;;;1;;;;;;;1;;;1;
28/08/2012;16:00:00;127;com vítima;308,347;BR-101/RJ;Sul;Capotamento;1;;;;;;;;;;0;1;;;
03/09/2012;08:15:00;45;sem vítima;308;BR-101/RJ;Sul;Atropelamento de Animal;;;;1;;;;;;;1;;;;
06/09/2012;08:44:00;41;sem vítima;308;BR-101/RJ;Norte;Engavetamento;4;;;;;;;;;;7;;;;
21/09/2012;16:02:00;130;sem vítima;308;BR-101/RJ;Norte;Colisão Traseira;1;;1;;;;;;;;3;;;;
03/10/2012;15:02:00;140;com vítima;308;BR-101/RJ;Norte;Queda de Moto;;;;1;;;;;;;0;1;;;
10/10/2012;05:56:00;34;com vítima;308,181;BR-101/RJ;Sul;Colisão Traseira;1;;;1;;;;;;;0;3;;;
15/10/2012;09:17:00;51;sem vítima;308;BR-101/RJ;Sul;Colisão Traseira;2;;;;;;;;;;5;;;;
05/12/2012;07:21:00;36;com vítima;308,36;BR-101/RJ;Norte;Outros - Sequência;2;;;;;;;;;;2;;1;;
29/12/2012;18:09:00;186;sem vítima;308;BR-101/RJ;Norte;Colisão Traseira;2;;;;;;;;;;2;;;;
10/01/2013;23:28:00;221;sem vítima;308;BR-101/RJ;Sul;Saida de Pista;;;1;;;;;;;;1;;;;
14/01/2013;06:27:00;24;com vítima;308,4;BR-101/RJ;Sul;Engavetamento;3;;;;;;;;;;7;;1;;
19/01/2013;01:51:00;17;sem vítima;308,6;BR-101/RJ;Norte;Choque - Defensa, barreira ou "submarino";1;;;;;;;;;;1;;;;
21/01/2013;00:17:00;4;com vítima;308;BR-101/RJ;Sul;Atropelamento - Andarilho;;;;;;1;;;;;1;;1;;
24/01/2013;16:29:00;129;com vítima;308,4;BR-101/RJ;Norte;Capotamento;1;;;;1;;;;;;2;;2;;
02/02/2013;09:36:00;67;com vítima;308,1;BR-101/RJ;Sul;Colisão Traseira;1;;;1;;;;;;;2;2;;;
12/02/2013;12:13:00;81;com vítima;308;BR-101/RJ;Sul;Queda de Moto;;;;1;;;;;;;0;1;;;
14/02/2013;22:47:00;258;com vítima;308;BR-101/RJ;Norte;Atropelamento - Andarilho;;;;1;;;;;;;1;;1;;
15/02/2013;11:35:00;113;sem vítima;308,6;BR-101/RJ;Norte;Colisão Traseira;;;;;1;1;;;;;2;;;;
23/02/2013;20:26:00;181;sem vítima;308;BR-101/RJ;Norte;Saida de Pista;1;;;;;;;;;;1;;;;
28/02/2013;22:47:00;166;com vítima;308;BR-101/RJ;Norte;Atropelamento - Outros;;;1;;;1;;;;;2;;1;;
07/03/2013;02:37:00;15;com vítima;308;BR-101/RJ;Norte;Colisão Lateral;2;;;;;;;;;;1;4;;;
18/03/2013;06:20:00;35;sem vítima;308;BR-101/RJ;Sul;Engavetamento;3;;;;;;;;;1;5;;;;
19/04/2013;05:34:00;12;sem vítima;308;BR-101/RJ;Sul;Colisão Traseira;2;;;;;;;;;;2;;;;
27/04/2013;04:21:00;25;sem vítima;308;BR-101/RJ;Sul;Saida de Pista;1;;;;;;;;;;1;;;;
11/05/2013;11:35:00;84;sem vítima;308;BR-101/RJ;Norte;Colisão Traseira;2;;;;;;;;;;4;;;;
04/06/2013;23:50:00;197;sem vítima;308;BR-101/RJ;Sul;Saida de Pista;1;;;;;;;;;;1;;;;
08/06/2013;00:49:00;7;com vítima;308;BR-101/RJ;Norte;Queda de Moto;1;;1;1;;;;;;;3;;1;;
17/06/2013;09:00:00;49;com vítima;308,079;BR-101/RJ;Norte;Capotamento;1;;;;;;;;;;0;1;;;
27/06/2013;17:45:00;138;com vítima;308;BR-101/RJ;Norte;Atropelamento - Ciclista;;1;;1;;;;;;;0;;1;1;
06/07/2013;22:10:00;180;sem vítima;308;BR-101/RJ;Sul;Queda de Moto;;;;1;;;;;;;1;;;;
29/07/2013;15:28:00;110;com vítima;308;BR-101/RJ;Sul;Colisão Traseira;2;;;;;;;;;;1;1;;;
31/07/2013;07:15:00;36;sem vítima;308;BR-101/RJ;Sul;Colisão Traseira;2;;;;;;;;;;2;;;;
08/08/2013;05:55:00;18;sem vítima;308;BR-101/RJ;Norte;Choque - Defensa, barreira ou "submarino";1;;;;;;;;;;1;;;;
17/08/2013;23:46:00;178;sem vítima;308;BR-101/RJ;Norte;Colisão Traseira;1;;1;;;;;;;;2;;;;
18/08/2013;17:16:00;103;sem vítima;308,082;BR-101/RJ;Sul;Colisão Traseira;1;;;;1;;;;;;3;;;;
25/08/2013;20:37:00;168;sem vítima;308;BR-101/RJ;Sul;Saida de Pista;1;;;;;;;;;;1;;;;
25/08/2013;11:23:00;71;com vítima;308,035;BR-101/RJ;Sul;Atropelamento - Morador;1;;;;;;;;;;4;;1;;
31/08/2013;19:22:00;147;com vítima;308;BR-101/RJ;Norte;Capotamento;1;;;;;;;;;;0;;1;;
03/09/2013;23:58:00;194;com vítima;308,964;BR-101/RJ;Norte;Colisão Lateral;2;;;;;;;;;;0;3;;;
11/09/2013;19:42:00;135;com vítima;308;BR-101/RJ;Sul;Queda de Moto;;;;1;;;;;;;0;1;;;
12/09/2013;17:29:00;142;sem vítima;308;BR-101/RJ;Norte;Colisão Traseira;1;;;;;;;;;1;3;;;;
24/09/2013;10:03:00;66;sem vítima;308;BR-101/RJ;Norte;Colisão Traseira;2;;;;;;;;;;3;;;;
30/10/2013;10:16:00;71;sem vítima;308,5;BR-101/RJ;Norte;Colisão Traseira;1;;;;;;;;;;1;;;;
12/11/2013;14:44:00;140;sem vítima;308;BR-101/RJ;Sul;Choque - Defensa, barreira ou "submarino";1;;;;;;;;;;1;;;;
10/12/2013;08:31:00;71;com vítima;308;BR-101/RJ;Sul;Colisão Lateral;;;;1;;;;;;1;2;;1;;
26/12/2013;17:08:00;200;sem vítima;308,604;BR-101/RJ;Norte;Colisão Traseira;2;;;;;;;;;;3;;;;
31/12/2013;19:33:00;188;com vítima;308;BR-101/RJ;Norte;Atropelamento - Morador;;;;;;1;;;;;1;;;1;
03/01/2014;22:34:00;255;sem vítima;308;BR-101/RJ;Sul;Colisão Traseira;1;;;;;;;;;1;3;;;;
09/01/2014;22:22:00;200;sem vítima;308;BR-101/RJ;Sul;Saida de Pista;1;;;;;;;;;;1;;;;
11/01/2014;12:51:00;115;sem vítima;308,057;BR-101/RJ;Norte;Engavetamento;3;;;;;;;;;;7;;;;
12/01/2014;06:02:00;31;sem vítima;308;BR-101/RJ;Norte;Choque - Defensa, barreira ou "submarino";1;;;;;;;;;;2;;;;
18/01/2014;13:25:00;140;sem vítima;308;BR-101/RJ;Norte;Colisão Lateral;2;;;;;;;;;;5;;;;
27/01/2014;13:19:00;118;sem vítima;308;BR-101/RJ;Norte;Colisão Traseira;1;;;;;1;;;;;3;;;;
12/02/2014;06:28:00;32;sem vítima;308;BR-101/RJ;Sul;Colisão Lateral;1;;;;1;;;;;;2;;;;
15/02/2014;06:03:00;35;com vítima;308;BR-101/RJ;Norte;Atropelamento - Outros;;;;;;1;;;;;1;;1;;
24/02/2014;06:43:00;31;com vítima;308;BR-101/RJ;Norte;Queda de Moto;;;;1;;;;;;;0;1;;;
08/03/2014;11:36:00;80;sem vítima;308,972;BR-101/RJ;Sul;Colisão Traseira;2;;;;;;;;;;5;;;;
06/04/2014;06:51:00;28;sem vítima;308;BR-101/RJ;Sul;Colisão Traseira;;;;;;1;;;;1;3;;;;
16/04/2014;05:56:00;18;sem vítima;308;BR-101/RJ;Sul;Engavetamento;3;;;;;1;;;;;7;;;;
02/05/2014;17:35:00;115;sem vítima;308;BR-101/RJ;Sul;Queda de Moto;;;;1;1;;;;;;2;;;;
06/05/2014;09:24:00;58;com vítima;308;BR-101/RJ;Sul;Colisão Lateral;1;;;1;;;;;;;0;2;;;
09/05/2014;22:53:00;191;com vítima;308,424;BR-101/RJ;Sul;Queda de Moto;;;;1;;;;;;;0;;;;1
10/05/2014;04:53:00;24;com vítima;308;BR-101/RJ;Norte;Capotamento;1;;;;;;;;;;3;1;;;
30/05/2014;19:37:00;168;sem vítima;308;BR-101/RJ;Norte;Colisão Lateral;2;;;;;;;;;;3;;;;
04/06/2014;04:33:00;16;com vítima;308,36;BR-101/RJ;Sul;Colisão Lateral;;;1;;;;;;;1;11;1;1;;
29/06/2014;17:45:00;125;com vítima;308,835;BR-101/RJ;Sul;Engavetamento;4;;;;;;;;;;10;1;;;
23/07/2014;14:49:00;137;com vítima;308;BR-101/RJ;Sul;Queda de Moto;;;;1;;;;;;;0;1;;;
29/07/2014;16:13:00;120;com vítima;308,5;BR-101/RJ;Norte;Saida de Pista;1;;;;;;;;;;0;;1;1;