data;horario;n_da_ocorrencia;tipo_de_ocorrencia;km;trecho;sentido;tipo_de_acidente;automovel;bicicleta;caminhao;moto;onibus;outros;tracao_animal;transporte_de_cargas_especiais;trator_maquinas;utilitarios;ilesos;levemente_feridos;moderadamente_feridos;gravemente_feridos;mortos
06/10/2014;00:13:00;3;com vítima;309;BR-101/RJ;Norte;Queda de Moto;;;;1;;;;;;;1;;1;;
15/10/2014;12:43:00;86;sem vítima;309;BR-101/RJ;Sul;Choque - Defensa, barreira ou "submarino";1;;;;;;;;;;1;;;;
31/10/2014;19:45:00;191;sem vítima;309;BR-101/RJ;Norte;Colisão Lateral;;;;1;;1;;;;;2;;;;
15/11/2014;09:18:00;49;com vítima;309;BR-101/RJ;Norte;Atropelamento - Morador;1;;;;;;;;;;1;1;;;
15/11/2014;17:24:00;130;com vítima;309,969;BR-101/RJ;Norte;Queda de Moto;;;;1;;;;;;;0;1;;;
19/11/2014;12:31:00;82;com vítima;309;BR-101/RJ;Norte;Colisão Traseira;;;;1;;1;;;;;1;2;;;
26/11/2014;21:56:00;193;sem vítima;309;BR-101/RJ;Sul;Colisão Lateral;1;;2;;;;;;;;4;;;;
28/11/2014;19:56:00;159;sem vítima;309,203;BR-101/RJ;Norte;Capotamento;1;;;;;;;;;;1;;;;
30/11/2014;11:38:00;75;sem vítima;309,709;BR-101/RJ;Norte;Saida de Pista;2;;;;;;;;;;5;;;;
14/12/2014;07:01:00;37;com vítima;309,5;BR-101/RJ;Sul;Colisão Traseira;1;;;;1;;;;;;2;;1;;
18/12/2014;09:01:00;57;com vítima;309;BR-101/RJ;Sul;Colisão Lateral;;;;1;;1;;;;;1;1;;;
26/12/2014;14:02:00;87;com vítima;309;BR-101/RJ;Norte;Colisão Transversal;;;;1;;;;;;1;1;1;1;;
26/01/2015;11:00:00;85;sem vítima;309;BR-101/RJ;Norte;Colisão Traseira;2;;;;;;;;;;2;;;;
01/02/2015;15:51:00;78;sem vítima;309;BR-101/RJ;Sul;Choque - Defensa, barreira ou "submarino";1;;;;;;;;;;1;0;0;0;0
09/02/2015;06:25:00;28;com vítima;309;BR-101/RJ;Sul;Colisão Traseira;1;;;1;;;;;;;4;1;0;0;0
14/02/2015;21:42:00;289;com vítima;309;BR-101/RJ;Norte;Colisão Traseira;2;;;;;;;;;;1;0;1;0;0
24/02/2015;07:54:00;40;com vítima;309;BR-101/RJ;Norte;Colisão Traseira;2;;;;;;;;;;1;;1;;
09/03/2015;18:51:00;164;com vítima;309;BR-101/RJ;Norte;Atropelamento - Ciclista;;1;;;;;;;;1;1;0;1;0;0
09/03/2015;19:31:00;168;sem vítima;309;BR-101/RJ;Norte;Colisão Traseira;1;;;;1;;;;;;3;0;0;0;0
30/03/2015;08:09:00;37;com vítima;309,87;BR-101/RJ;Sul;Atropelamento de Animal;;;;1;;1;;;;;1;1;0;0;0
16/05/2015;15:11:00;134;sem vítima;309;BR-101/RJ;Norte;Engavetamento;4;;;;;;;;;;12;;;;
04/06/2015;15:44:00;141;com vítima;309;BR-101/RJ;Sul;Colisão Transversal;1;;;1;;;;;;;2;1;;;
05/06/2015;14:57:00;105;com vítima;309;BR-101/RJ;Sul;Engavetamento;5;;1;;;;;;;;10;1;;;
21/06/2015;14:33:00;97;sem vítima;309;BR-101/RJ;Norte;Colisão Lateral;;;2;;;;;;;1;6;;;;
03/07/2015;18:45:00;202;sem vítima;309;BR-101/RJ;Norte;Colisão Traseira;1;;;;;;;;;1;3;;;;
26/07/2015;21:01:00;173;com vítima;309;BR-101/RJ;Norte;Choque - Poste;1;;;;;1;;;;;2;1;;;
29/07/2015;17:43:00;166;com vítima;309;BR-101/RJ;Sul;Outros;;;;1;;;;;;;0;1;;;
05/08/2015;05:51:00;20;sem vítima;309,043;BR-101/RJ;Sul;Engavetamento;2;;;;;1;;;;;4;;;;
05/08/2015;05:51:00;21;sem vítima;309,488;BR-101/RJ;Sul;Colisão Traseira;2;;;;;;;;;;3;;;;
09/08/2015;10:04:00;53;sem vítima;309,8;BR-101/RJ;Norte;Choque - Arvore;1;;;;;;;;;;1;;;;
11/08/2015;18:54:00;204;sem vítima;309;BR-101/RJ;Norte;Colisão Traseira;2;;;;;;;;;;6;;;;
13/08/2015;09:05:00;58;com vítima;309,786;BR-101/RJ;Sul;Colisão Lateral;1;;;1;;;;;;;2;;1;;
22/09/2015;06:32:00;26;sem vítima;309;BR-101/RJ;Norte;Choque - Outros;1;;;;;;;;;;1;;;;
22/09/2015;16:53:00;147;com vítima;309;BR-101/RJ;Norte;Queda de Moto;;;;1;;;;;;;0;1;1;;
22/09/2015;04:44:00;14;com vítima;309,779;BR-101/RJ;Norte;Choque - Arvore;1;;;;1;;;;;;1;;;1;1
07/10/2015;19:02:00;153;com vítima;309,34;BR-101/RJ;Sul;Tombamento;;;;;;;;;;1;0;1;;;
10/10/2015;19:36:00;241;sem vítima;309;BR-101/RJ;Norte;Colisão Traseira;2;;;;;;;;;;2;;;;
15/10/2015;08:50:00;74;com vítima;309,535;BR-101/RJ;Sul;Colisão Traseira;2;;;2;;;;;;;5;2;1;;
17/10/2015;06:52:00;33;com vítima;309,22;BR-101/RJ;Norte;Capotamento;1;;;;;;;;;;0;;1;;
24/10/2015;13:03:00;107;sem vítima;309;BR-101/RJ;Sul;Colisão Traseira;1;;;;;;;;;1;3;;;;
03/11/2015;01:01:00;9;com vítima;309,058;BR-101/RJ;Norte;Colisão Traseira;2;;;;;;;;;;0;1;1;;
23/11/2015;06:40:00;91;sem vítima;309,3;BR-101/RJ;Sul;Colisão Lateral;;;1;;;;;;;1;2;;;;
02/12/2015;06:25:00;25;sem vítima;309,925;BR-101/RJ;Sul;Atropelamento de Animal;2;;;;1;;;;;;3;;;;
28/12/2015;04:37:00;31;sem vítima;309;BR-101/RJ;Norte;Choque - Elemento de Drenagem;;;1;;;;;;;;1;;;;
05/01/2010;05:48:00;24;com vítima;310;BR-101/RJ;Sul;Colisão Lateral;1;;;;1;;;;;;4;;1;;
16/01/2010;14:39:00;121;com vítima;310;BR-101/RJ;Norte;Capotamento;2;;;1;;;;;;;4;2;2;1;
28/01/2010;20:27:00;205;sem vítima;310;BR-101/RJ;Norte;Engavetamento;3;;;;;;;;;;6;;;;
07/02/2010;03:39:00;20;com vítima;310;BR-101/RJ;Norte;Colisão Traseira;1;;1;;;;;;;;3;2;;;
06/04/2010;12:11:00;82;sem vítima;310;BR-101/RJ;Sul;Saida de Pista;1;;;;;;;;;;1;;;;
22/04/2010;06:30:00;34;com vítima;310;BR-101/RJ;Sul;Queda de Moto;;;;1;;1;;;;;1;;1;;
01/05/2010;07:27:00;37;sem vítima;310;BR-101/RJ;Sul;Colisão Lateral;1;;;;1;;;;;;3;;;;
10/05/2010;09:01:00;66;sem vítima;310;BR-101/RJ;Sul;Colisão Transversal;1;;;;1;;;;;;2;;;;
20/05/2010;00:24:00;2;sem vítima;310;BR-101/RJ;Norte;Atropelamento de Animal;1;;;;;;;;;;2;;;;
24/05/2010;16:19:00;150;com vítima;310;BR-101/RJ;Sul;Queda de Moto;;;;1;1;;;;;;2;;1;1;
29/05/2010;11:04:00;77;sem vítima;310;BR-101/RJ;Norte;Colisão Traseira;2;;;;;;;;;1;11;;;;
05/06/2010;02:13:00;15;sem vítima;310;BR-101/RJ;Norte;Saida de Pista;1;;;;;;;;;;2;;;;
12/06/2010;10:59:00;73;sem vítima;310;BR-101/RJ;Sul;Colisão Traseira;2;;;;;;;;;;3;;;;
14/06/2010;11:02:00;87;sem vítima;310;BR-101/RJ;Sul;Saida de Pista;1;;;;;;;;;;3;;;;
20/06/2010;14:15:00;79;sem vítima;310;BR-101/RJ;Norte;Saida de Pista;1;;;;;;;;;;3;;;;
28/06/2010;06:24:00;19;sem vítima;310;BR-101/RJ;Sul;Engavetamento;3;;;;;;;;;;8;;;;
30/06/2010;14:29:00;109;sem vítima;310;BR-101/RJ;Sul;Colisão Traseira;1;;;;1;1;;;;;5;;;;
18/07/2010;06:04:00;22;sem vítima;310;BR-101/RJ;Norte;Colisão Traseira;1;;;;;1;;;;;2;;;;
18/08/2010;08:47:00;41;sem vítima;310;BR-101/RJ;Norte;Colisão Lateral;1;;;;1;;;;;;2;;;;
09/09/2010;18:26:00;146;com vítima;310;BR-101/RJ;Norte;Colisão Traseira;1;;;1;;;;;;;2;;1;;
16/09/2010;05:54:00;17;sem vítima;310;BR-101/RJ;Norte;Colisão Lateral;1;;;;1;;;;;;2;;;;
18/09/2010;00:26:00;7;com vítima;310;BR-101/RJ;Sul;Capotamento;1;;;;;;;;;;0;;2;;
27/09/2010;08:34:00;46;com vítima;310;BR-101/RJ;Sul;Colisão Traseira;;;;1;;1;;;;;1;1;1;;
27/09/2010;08:59:00;51;sem vítima;310;BR-101/RJ;Norte;Saida de Pista;1;;;;;;;;;;1;;;;
02/10/2010;11:03:00;74;sem vítima;310;BR-101/RJ;Norte;Colisão Traseira;1;;1;;;;;;;;3;;;;
06/10/2010;07:18:00;36;sem vítima;310;BR-101/RJ;Sul;Colisão Lateral;1;;1;;;;;;;;2;;;;
19/11/2010;21:56:00;214;sem vítima;310;BR-101/RJ;Norte;Colisão Lateral;1;;;;1;;;;;;3;;;;
22/11/2010;22:25:00;208;sem vítima;310;BR-101/RJ;Norte;Colisão Traseira;1;;1;;;;;;;;3;;;;
29/11/2010;15:20:00;153;sem vítima;310;BR-101/RJ;Sul;Colisão Lateral;1;;;;;1;;;;;2;;;;
04/12/2010;19:57:00;177;com vítima;310,5;BR-101/RJ;Norte;Atropelamento - Morador;;;;;;1;;;;;1;;;;1
09/12/2010;17:20:00;124;sem vítima;310;BR-101/RJ;Sul;Saida de Pista;1;;;;;;;;;;1;;;;
12/12/2010;20:18:00;171;sem vítima;310;BR-101/RJ;Sul;Colisão Traseira;2;;;;;;;;;;6;;;;
14/12/2010;06:55:00;32;sem vítima;310;BR-101/RJ;Norte;Atropelamento de Animal;2;;;;;;;;;;5;;;;
14/12/2010;16:33:00;140;sem vítima;310,5;BR-101/RJ;Sul;Saida de Pista;;;1;;;;;;;;1;;;;
22/12/2010;12:03:00;102;com vítima;310;BR-101/RJ;Sul;Capotamento;1;;;;;;;;;;0;4;;;
04/01/2011;14:07:00;139;sem vítima;310;BR-101/RJ;Sul;Colisão Lateral;2;;;;;;;;;;4;;;;
09/01/2011;15:51:00;118;com vítima;310;BR-101/RJ;Norte;Capotamento;1;;;;;;;;;;0;1;1;1;
09/01/2011;16:28:00;125;sem vítima;310;BR-101/RJ;Norte;Colisão Traseira;1;;;;;1;;;;;2;;;;
24/01/2011;07:13:00;35;com vítima;310;BR-101/RJ;Sul;Queda de Moto;;;;1;;;;;;;0;1;;;
15/02/2011;07:44:00;35;com vítima;310;BR-101/RJ;Sul;Colisão Traseira;1;;;2;;;;;;;1;2;;;
26/03/2011;05:26:00;37;com vítima;25;BR-101/RJ;Norte;Colisão Lateral;1;;1;;;;;;;;1;;1;;
26/03/2011;09:50:00;69;sem vítima;311;BR-101/RJ;Norte;Colisão Lateral;1;;;;;1;;;;;2;;;;
26/03/2011;11:24:00;86;com vítima;234;BR-101/RJ;Norte;Queda de Moto;;;;1;;;;;;;0;1;;;
02/05/2011;06:26:00;20;com vítima;310;BR-101/RJ;Sul;Colisão Lateral;1;;;1;;;;;;;1;;1;;
06/05/2011;12:28:00;92;sem vítima;310;BR-101/RJ;Sul;Colisão Lateral;2;;;;1;;;;;;3;;;;
16/05/2011;04:36:00;9;sem vítima;310;BR-101/RJ;Sul;Saida de Pista;1;;;;;;;;;;1;;;;
28/05/2011;19:53:00;139;com vítima;310,5;BR-101/RJ;Sul;Saida de Pista;1;;;;;;;;;;0;1;;;
07/06/2011;17:36:00;144;com vítima;310;BR-101/RJ;Norte;Queda de Moto;;;;1;;;;;;;0;2;;;
12/06/2011;01:06:00;5;com vítima;310;BR-101/RJ;Norte;Saida de Pista;1;;;;;;;;;;0;1;;;
21/06/2011;05:06:00;12;sem vítima;310;BR-101/RJ;Sul;Atropelamento de Animal;1;;;;;;;;;1;2;;;;
24/06/2011;04:28:00;11;sem vítima;310,25;BR-101/RJ;Norte;Choque - Outros;1;;;;;;;;;;2;;;;
26/06/2011;18:28:00;153;com vítima;310,5;BR-101/RJ;Sul;Colisão Lateral;;;;1;;1;;;;;2;;1;;
28/06/2011;09:46:00;53;com vítima;310;BR-101/RJ;Sul;Colisão Traseira;1;;2;;;;;;;;6;1;;;
03/08/2011;08:18:00;34;sem vítima;310;BR-101/RJ;Sul;Colisão Traseira;1;;;;1;;;;;;2;;;;
07/08/2011;19:34:00;155;com vítima;310,79998779296875;BR-101/RJ;Norte;Capotamento;1;;;;;;;;;;0;;;1;
10/08/2011;06:23:00;20;sem vítima;310;BR-101/RJ;Sul;Colisão Traseira;2;;;;;;;;;;2;;;;
25/08/2011;00:37:00;7;com vítima;310,5;BR-101/RJ;Norte;Colisão Traseira;;;;1;;1;;;;;1;;1;;
04/09/2011;18:32:00;114;com vítima;310,1239929199219;BR-101/RJ;Norte;Queda de Moto;;;;1;;1;;;;;1;2;;;
08/09/2011;05:30:00;10;com vítima;310,5;BR-101/RJ;Sul;Saida de Pista;1;;;;;;;;;;0;;1;;
09/09/2011;00:21:00;4;com vítima;310;BR-101/RJ;Norte;Capotamento;1;;;;;1;;;;;1;1;1;;
07/10/2011;08:01:00;47;com vítima;310;BR-101/RJ;Sul;Queda de Moto;;;;1;;;;;;;0;1;1;;
09/10/2011;19:51:00;163;com vítima;310,8999938964844;BR-101/RJ;Sul;Colisão Traseira;1;;;;1;;;;;;1;;2;;
11/10/2011;06:42:00;26;com vítima;310,79998779296875;BR-101/RJ;Sul;Atropelamento - Morador;;;;;1;;;;;;1;1;1;;
03/11/2011;05:44:00;27;sem vítima;310;BR-101/RJ;Sul;Saida de Pista;1;;;;;;;;;;3;;;;
02/12/2011;08:00:00;58;com vítima;310,70001220703125;BR-101/RJ;Norte;Colisão Traseira;1;;;;1;;;;;;0;1;;;1
06/12/2011;12:22:00;109;sem vítima;310;BR-101/RJ;Sul;Colisão Traseira;2;;;;;;;;;;3;;;;
19/12/2011;05:59:00;36;com vítima;310;BR-101/RJ;Sul;Colisão Traseira;3;;;;;;;;;;5;3;1;;
24/12/2011;11:26:00;88;com vítima;310,29998779296875;BR-101/RJ;Sul;Colisão Traseira;;;;1;;1;;;;;1;1;;;
28/12/2011;17:11:00;164;sem vítima;310;BR-101/RJ;Norte;Colisão Lateral;1;;;;;1;;;;;2;;;;
22/01/2012;18:54:00;166;com vítima;310;BR-101/RJ;Sul;Colisão Traseira;1;;;;1;;;;;;1;;2;;
25/01/2012;19:09:00;162;com vítima;310;BR-101/RJ;Sul;Queda de Moto;;;;1;;;;;;;0;;1;;
29/02/2012;06:07:00;19;sem vítima;310;BR-101/RJ;Sul;Colisão Lateral;1;;;;1;;;;;;2;;;;
08/03/2012;06:43:00;21;sem vítima;310;BR-101/RJ;Norte;Colisão Traseira;1;;;;;;;;;1;3;;;;
13/03/2012;06:32:00;24;sem vítima;310;BR-101/RJ;Sul;Colisão Lateral;2;;;;;;;;;;2;;;;
14/03/2012;05:07:00;22;sem vítima;310;BR-101/RJ;Norte;Atropelamento de Animal;1;;;;;;;;;;1;;;;
19/03/2012;03:50:00;12;sem vítima;310;BR-101/RJ;Sul;Saida de Pista;1;;;;;;;;;;2;;;;
09/04/2012;09:50:00;78;sem vítima;310;BR-101/RJ;Sul;Colisão Lateral;1;;1;;;;;;;;2;;;;
16/04/2012;08:55:00;52;sem vítima;310;BR-101/RJ;Sul;Colisão Traseira;2;;;;;;;;;;2;;;;
16/04/2012;09:00:00;53;sem vítima;310;BR-101/RJ;Sul;Colisão Traseira;2;;;;;;;;;;3;;;;
19/04/2012;16:33:00;120;sem vítima;310;BR-101/RJ;Norte;Outros - Sequência;2;;1;;;;;;;;4;;;;
08/05/2012;08:43:00;38;com vítima;310;BR-101/RJ;Sul;Queda de Moto;;;;1;;1;;;;;1;;1;;
10/05/2012;06:31:00;27;com vítima;310,5;BR-101/RJ;Norte;Queda de Moto;;;;1;;1;;;;;1;;1;;
15/05/2012;17:39:00;119;sem vítima;310;BR-101/RJ;Norte;Saida de Pista;1;;;;;;;;;;1;;;;
20/05/2012;01:40:00;8;sem vítima;310,398;BR-101/RJ;Norte;Capotamento;1;;;;;;;;;;4;;;;
21/05/2012;06:03:00;17;com vítima;310;BR-101/RJ;Sul;Colisão Lateral;2;;;;;;;;;;5;2;;;
24/05/2012;00:31:00;2;sem vítima;310;BR-101/RJ;Norte;Colisão Lateral;1;;1;;;;;;;;3;;;;
07/06/2012;18:02:00;133;sem vítima;310;BR-101/RJ;Sul;Saida de Pista;1;;;;;;;;;;1;;;;
15/06/2012;00:17:00;2;com vítima;310;BR-101/RJ;Norte;Colisão Traseira;;;;2;;;;;;;0;;2;;
19/06/2012;12:31:00;119;com vítima;310,7;BR-101/RJ;Sul;Queda de Moto;;;;1;;;;;;;0;1;1;;
26/06/2012;19:28:00;153;sem vítima;310,01;BR-101/RJ;Sul;Saida de Pista;1;;;;;;;;;;2;;;;
07/07/2012;07:31:00;43;sem vítima;310;BR-101/RJ;Sul;Colisão Traseira;1;;;1;;;;;;;3;;;;
19/07/2012;00:53:00;5;sem vítima;310;BR-101/RJ;Norte;Saida de Pista;1;;;;;;;;;;1;;;;
09/08/2012;18:10:00;125;com vítima;310,2;BR-101/RJ;Norte;Queda de Moto;;;;1;;;;;;;0;;1;;
11/08/2012;21:55:00;192;sem vítima;310,373;BR-101/RJ;Sul;Saida de Pista;1;;;;;;;;;;5;;;;
13/08/2012;16:17:00;148;sem vítima;310,965;BR-101/RJ;Sul;Colisão Traseira;;;;;2;;;;;;2;;;;
25/08/2012;05:54:00;18;sem vítima;310,6;BR-101/RJ;Norte;Saida de Pista;1;;;;;;;;;;2;;;;
27/08/2012;19:00:00;153;sem vítima;310,095;BR-101/RJ;Sul;Colisão Traseira;1;;;;;1;;;;;2;;;;
20/09/2012;16:18:00;116;sem vítima;310;BR-101/RJ;Sul;Colisão Lateral;1;;1;;;;;;;;5;;;;
20/09/2012;13:53:00;98;com vítima;310,7;BR-101/RJ;Norte;Queda de Moto;;;;1;;;;;;;0;;1;;
27/09/2012;23:14:00;202;sem vítima;310;BR-101/RJ;Norte;Colisão Traseira;;;2;;;;;;;;2;;;;
10/10/2012;19:32:00;238;com vítima;310,816;BR-101/RJ;Sul;Saida de Pista;;;;1;;1;;;;;1;;1;;
19/10/2012;11:42:00;88;com vítima;310,5;BR-101/RJ;Sul;Colisão Lateral;1;;;1;;;;;;;1;1;;;
26/10/2012;03:35:00;21;sem vítima;310;BR-101/RJ;Sul;Colisão Lateral;1;;1;;;;;;;;2;;;;
26/10/2012;16:59:00;144;sem vítima;310;BR-101/RJ;Norte;Colisão Traseira;2;;;;;;;;;;3;;;;
06/11/2012;06:58:00;34;com vítima;310;BR-101/RJ;Sul;Colisão Traseira;;;;1;;1;;;;;1;1;;;
19/11/2012;18:05:00;158;sem vítima;310;BR-101/RJ;Norte;Colisão Traseira;3;;;;;;;;;;4;;;;
23/11/2012;23:17:00;236;sem vítima;310,8;BR-101/RJ;Norte;Engavetamento;2;;;;;1;;;;;7;;;;
29/11/2012;17:57:00;167;com vítima;310,8;BR-101/RJ;Norte;Colisão Traseira;;;;1;;;;;;;0;1;1;;
07/12/2012;11:23:00;129;sem vítima;310;BR-101/RJ;Norte;Choque - Defensa, barreira ou "submarino";1;;;;;;;;;;1;;;;
07/12/2012;18:56:00;234;sem vítima;310;BR-101/RJ;Norte;Colisão Lateral;1;;;1;;;;;;1;7;;;;
07/12/2012;19:47:00;248;sem vítima;310;BR-101/RJ;Norte;Colisão Lateral;1;;;1;;;;;;;4;;;;
07/12/2012;03:36:00;18;com vítima;310,681;BR-101/RJ;Sul;Saida de Pista;;;1;;;;;;;;0;;2;;
15/12/2012;05:15:00;29;sem vítima;310;BR-101/RJ;Norte;Choque - Defensa, barreira ou "submarino";1;;;;;;;;;;3;;;;
16/12/2012;03:18:00;26;com vítima;310,47;BR-101/RJ;Norte;Saida de Pista;1;;;;;;;;;;0;1;;;
28/12/2012;16:45:00;179;sem vítima;310;BR-101/RJ;Norte;Colisão Traseira;3;;;;;;;;;;3;;;;
29/12/2012;18:45:00;194;com vítima;310,6;BR-101/RJ;Sul;Queda de Moto;;;;1;;;;;;;1;1;;;
02/01/2013;13:20:00;120;sem vítima;310,487;BR-101/RJ;Sul;Colisão Traseira;;;;;;1;;;;1;2;;;;
04/01/2013;14:28:00;125;com vítima;310,396;BR-101/RJ;Sul;Queda de Moto;1;;;1;;;;;;;2;;1;;
08/01/2013;16:01:00;150;sem vítima;310;BR-101/RJ;Norte;Colisão Traseira;2;;;;;;;;;;2;;;;
12/01/2013;06:08:00;22;sem vítima;310;BR-101/RJ;Sul;Saida de Pista;1;;;;;;;;;;1;;;;
14/01/2013;01:47:00;11;com vítima;310,992;BR-101/RJ;Norte;Atropelamento - Funcionário;1;;;;;;;;;;0;;1;;1
17/01/2013;07:18:00;35;sem vítima;310;BR-101/RJ;Sul;Colisão Traseira;3;;;;;;;;;;3;;;;
25/01/2013;10:35:00;73;sem vítima;310;BR-101/RJ;Sul;Colisão Traseira;2;;;;;;;;;;4;;;;
05/02/2013;17:41:00;122;com vítima;310;BR-101/RJ;Norte;Choque - Defensa, barreira ou "submarino";1;;;;;;;;;;0;1;1;;
19/02/2013;14:25:00;130;com vítima;310;BR-101/RJ;Norte;Engavetamento;3;;;;;;;;;;3;1;;;
03/03/2013;19:11:00;145;sem vítima;310;BR-101/RJ;Sul;Colisão Traseira;2;;;;;;;;;;2;;;;
09/03/2013;10:24:00;85;sem vítima;310;BR-101/RJ;Sul;Colisão Lateral;1;;1;;;;;;;;2;;;;
09/03/2013;16:50:00;166;sem vítima;310,5;BR-101/RJ;Norte;Colisão Traseira;2;;;;;;;;;;6;;;;
09/03/2013;18:55:00;184;com vítima;310,97;BR-101/RJ;Sul;Atropelamento - Morador;1;;;;;;;;;;1;;1;;
20/03/2013;01:32:00;12;sem vítima;310,198;BR-101/RJ;Norte;Choque - Defensa, barreira ou "submarino";1;;;;;;;;;;1;;;;
02/04/2013;11:41:00;85;com vítima;310;BR-101/RJ;Sul;Colisão Lateral;1;;1;;;;;;;;1;;1;;
08/04/2013;20:25:00;197;com vítima;310,667;BR-101/RJ;Sul;Atropelamento - Ciclista;;1;;;1;;;;;1;2;;1;;
12/04/2013;23:51:00;243;sem vítima;310;BR-101/RJ;Sul;Colisão Traseira;2;;;;;;;;;;8;;;;
20/04/2013;15:08:00;114;sem vítima;310;BR-101/RJ;Norte;Colisão Traseira;2;;;;;;;;;;6;;;;
20/04/2013;15:21:00;118;sem vítima;310;BR-101/RJ;Sul;Colisão Traseira;2;;;;;;;;;;4;;;;
01/05/2013;10:00:00;45;com vítima;310,7;BR-101/RJ;Norte;Outros - Sequência;1;;;;;;;;;;0;1;1;2;
13/05/2013;18:17:00;147;sem vítima;310,453;BR-101/RJ;Norte;Engavetamento;3;;;;;;;;;;3;;;;
14/05/2013;18:50:00;137;com vítima;310,94;BR-101/RJ;Sul;Choque - Defensa, barreira ou "submarino";1;;;;;;;;;;0;2;;;
26/05/2013;01:00:00;10;sem vítima;310,061;BR-101/RJ;Norte;Capotamento;1;;;;;;;;;;2;;;;
07/06/2013;06:00:00;19;sem vítima;310;BR-101/RJ;Sul;Colisão Traseira;2;;;;;;;;;;2;;;;
08/07/2013;12:42:00;83;com vítima;310;BR-101/RJ;Norte;Atropelamento - Usuário;;;;;1;;;;;;1;;1;;
11/07/2013;18:40:00;127;sem vítima;310;BR-101/RJ;Norte;Colisão Traseira;2;;;;;;;;;;3;;;;
14/07/2013;09:25:00;56;com vítima;310,4;BR-101/RJ;Norte;Colisão Traseira;1;;;1;;;;;;;3;;1;;
14/07/2013;06:20:00;38;com vítima;310,8;BR-101/RJ;Sul;Colisão Traseira;1;;;;;;;;;1;2;1;;;
15/07/2013;10:35:00;86;com vítima;310,32;BR-101/RJ;Norte;Colisão Traseira;2;;;;;;;;;;1;2;;;
21/07/2013;15:03:00;122;com vítima;310;BR-101/RJ;Sul;Colisão Traseira;;;;1;;1;;;;;1;;1;;
04/08/2013;04:17:00;22;com vítima;310,55;BR-101/RJ;Norte;Colisão Traseira;4;;;;;;;;;;6;1;;;
04/08/2013;09:26:00;61;sem vítima;310,918;BR-101/RJ;Norte;Colisão Traseira;2;;;;;;;;;;8;;;;
15/08/2013;13:41:00;91;com vítima;310,094;BR-101/RJ;Sul;Queda de Moto;;;;1;;1;;;;;1;1;;;
17/08/2013;11:19:00;83;com vítima;310;BR-101/RJ;Sul;Saida de Pista;1;;;;;;;;;;0;;2;;
11/09/2013;15:41:00;96;sem vítima;310,245;BR-101/RJ;Norte;Saida de Pista;;;1;;;;;;;;1;;;;
12/09/2013;16:37:00;133;sem vítima;310;BR-101/RJ;Sul;Colisão Lateral;1;;;;1;;;;;;3;;;;
12/09/2013;16:59:00;138;com vítima;310,1;BR-101/RJ;Norte;Queda de Moto;;;;1;;;;;;;0;2;;;
22/09/2013;12:32:00;63;com vítima;310,924;BR-101/RJ;Sul;Capotamento;1;;;;;;;;;;0;1;;;
27/10/2013;17:50:00;125;sem vítima;310;BR-101/RJ;Sul;Engavetamento;2;;;;;1;;;;;8;;;;
05/11/2013;06:20:00;29;sem vítima;310;BR-101/RJ;Sul;Colisão Traseira;2;;;;;;;;;;4;;;;
09/11/2013;00:51:00;9;sem vítima;310,373;BR-101/RJ;Norte;Colisão Traseira;2;;;;;;;;;;2;;;;
16/11/2013;11:19:00;71;com vítima;310,713;BR-101/RJ;Sul;Colisão Lateral;1;;;1;;;;;;;2;1;;;
17/11/2013;04:31:00;16;sem vítima;310;BR-101/RJ;Norte;Engavetamento;3;;;;;;;;;;4;;;;
19/11/2013;11:58:00;97;sem vítima;310,245;BR-101/RJ;Norte;Choque - Suporte de Sinalização;1;;;;;;;;;;1;;;;
29/11/2013;18:24:00;216;sem vítima;310;BR-101/RJ;Norte;Colisão Traseira;1;;;;1;;;;;;2;;;;
01/12/2013;10:30:00;55;sem vítima;310;BR-101/RJ;Sul;Colisão Lateral;2;;;;;;;;;;2;;;;
06/12/2013;17:56:00;155;sem vítima;310,278;BR-101/RJ;Norte;Colisão Lateral;1;;;1;;;;;;;2;;;;
09/12/2013;07:51:00;40;sem vítima;310;BR-101/RJ;Sul;Colisão Lateral;1;;;1;;;;;;;2;;;;
09/12/2013;21:21:00;195;com vítima;310,5;BR-101/RJ;Sul;Queda de Moto;1;;;1;;;;;;;1;2;;;
11/12/2013;18:54:00;165;sem vítima;310,945;BR-101/RJ;Norte;Engavetamento;2;;;;;1;;;;;4;;;;
31/12/2013;21:00:00;202;sem vítima;310;BR-101/RJ;Norte;Colisão Lateral;1;;;1;;;;;;;3;;;;
11/01/2014;12:55:00;118;sem vítima;310;BR-101/RJ;Norte;Colisão Traseira;2;;;;;;;;;;4;;;;
14/01/2014;07:12:00;30;com vítima;310;BR-101/RJ;Sul;Colisão Traseira;;;;2;;;;;;;1;2;;;
15/01/2014;18:57:00;156;sem vítima;310;BR-101/RJ;Norte;Colisão Traseira;2;;;;;;;;;;2;;;;
23/01/2014;13:04:00;99;sem vítima;310,1;BR-101/RJ;Norte;Colisão Traseira;2;;;;;;;;;;2;;;;
24/01/2014;17:59:00;133;com vítima;310,674;BR-101/RJ;Norte;Colisão Traseira;;;;1;;1;;;;;1;2;;;
10/02/2014;09:38:00;78;sem vítima;310,6;BR-101/RJ;Sul;Engavetamento;3;;;;;;;;;1;12;;;;
15/02/2014;06:52:00;42;sem vítima;310;BR-101/RJ;Norte;Colisão Traseira;2;;;;;;;;;;6;;;;
26/02/2014;10:30:00;95;sem vítima;310,54;BR-101/RJ;Norte;Colisão Traseira;2;;;;;;;;;;6;;;;