data;horario;n_da_ocorrencia;tipo_de_ocorrencia;km;trecho;sentido;tipo_de_acidente;automovel;bicicleta;caminhao;moto;onibus;outros;tracao_animal;transporte_de_cargas_especiais;trator_maquinas;utilitarios;ilesos;levemente_feridos;moderadamente_feridos;gravemente_feridos;mortos
04/04/2014;22:05:00;181;com vítima;310,342;BR-101/RJ;Norte;Colisão Traseira;;;;1;;1;;;;;1;1;1;;
16/04/2014;06:14:00;20;sem vítima;310;BR-101/RJ;Sul;Engavetamento;3;;;;;;;;;;3;;;;
17/04/2014;16:51:00;147;com vítima;310;BR-101/RJ;Norte;Colisão Traseira;;;;2;;;;;;;1;1;;;
17/04/2014;22:47:00;242;sem vítima;310;BR-101/RJ;Norte;Colisão Traseira;1;;;;1;;;;;;2;;;;
24/04/2014;21:23:00;167;sem vítima;310;BR-101/RJ;Norte;Colisão Lateral;1;;;;;1;;;;;2;;;;
24/04/2014;06:17:00;27;sem vítima;310,782;BR-101/RJ;Sul;Engavetamento;3;;;;;;;;;;3;;;;
03/05/2014;04:09:00;17;sem vítima;310;BR-101/RJ;Sul;Colisão Traseira;;;1;;1;;;;;;47;;;;
15/05/2014;16:55:00;145;sem vítima;310;BR-101/RJ;Sul;Colisão Traseira;1;;;;;1;;;;;2;;;;
24/05/2014;19:36:00;144;sem vítima;310;BR-101/RJ;Norte;Engavetamento;3;;;;;;;;;;3;;;;
12/06/2014;15:43:00;135;sem vítima;310;BR-101/RJ;Norte;Engavetamento;4;;;;;;;;;;14;;;;
13/06/2014;08:45:00;52;com vítima;310;BR-101/RJ;Norte;Queda de Moto;;;;1;;1;;;;;1;1;;;
04/07/2014;07:55:00;33;sem vítima;310;BR-101/RJ;Sul;Colisão Traseira;2;;;;;;;;;;7;;;;
19/07/2014;19:18:00;129;sem vítima;310,278;BR-101/RJ;Norte;Engavetamento;3;;;;;;;;;;3;;;;
01/08/2014;23:14:00;202;com vítima;310;BR-101/RJ;Sul;Saida de Pista;1;;1;;;;;;;;4;1;;;
02/08/2014;00:00:00;1;com vítima;310;BR-101/RJ;Sul;Colisão Lateral;1;;;1;;;;;;;1;1;;;
02/08/2014;09:32:00;45;com vítima;310;BR-101/RJ;Sul;Atropelamento - Andarilho;1;;;;;;;;;;3;;1;;
06/08/2014;10:55:00;74;sem vítima;310;BR-101/RJ;Sul;Engavetamento;3;;;;;;;;;1;5;;;;
17/08/2014;16:29:00;107;sem vítima;310,573;BR-101/RJ;Norte;Atropelamento de Animal;1;;;;;;;;;;3;;;;
26/08/2014;19:27:00;151;com vítima;310,8;BR-101/RJ;Norte;Choque - Defensa, barreira ou "submarino";1;;;;;;;;;;0;;1;;
14/09/2014;23:16:00;201;sem vítima;310;BR-101/RJ;Sul;Outros - Sequência;;;2;;;1;;;;1;6;;;;
21/09/2014;20:51:00;143;com vítima;310,907;BR-101/RJ;Norte;Colisão Traseira;1;;;;1;;;;;;2;1;1;;
02/10/2014;09:09:00;49;com vítima;310;BR-101/RJ;Norte;Colisão Traseira;1;;;1;;;;;;;2;1;;;
02/10/2014;22:11:00;151;com vítima;310;BR-101/RJ;Norte;Outros - Sequência;3;;;;;;;;;;4;;1;;
15/10/2014;10:01:00;56;com vítima;310,8;BR-101/RJ;Norte;Colisão Traseira;1;;;1;;;;;;;1;1;;;
26/11/2014;16:46:00;143;sem vítima;310;BR-101/RJ;Norte;Choque - Defensa, barreira ou "submarino";1;;;;;;;;;;1;;;;
27/11/2014;01:06:00;5;com vítima;310;BR-101/RJ;Norte;Choque - Suporte de Sinalização;1;;;;;;;;;;0;;1;;
30/11/2014;17:53:00;136;com vítima;310,04;BR-101/RJ;Sul;Engavetamento;3;;;;;;;;;;10;2;;;
25/12/2014;08:27:00;30;sem vítima;310;BR-101/RJ;Sul;Colisão Lateral;2;;;;;;;;;;4;;;;
29/12/2014;11:40:00;78;sem vítima;310;BR-101/RJ;Norte;Engavetamento;1;;1;;;1;;;;;4;;;;
10/01/2015;17:45:00;165;com vítima;310,8;BR-101/RJ;Norte;Choque - Defensa, barreira ou "submarino";1;;;;;;;;;;1;;1;;
19/01/2015;14:48:00;122;sem vítima;310;BR-101/RJ;Sul;Engavetamento;4;;;;;;;;;;11;;;;
24/01/2015;08:48:00;42;sem vítima;310;BR-101/RJ;Sul;Colisão Lateral;2;;;;;;;;;;6;;;;
28/01/2015;22:45:00;189;com vítima;310;BR-101/RJ;Sul;Colisão Traseira;;;2;;;;;;;;1;2;;;
01/02/2015;18:31:00;103;com vítima;310;BR-101/RJ;Sul;Queda de Moto;1;;;1;;;;;;;1;1;0;0;0
27/02/2015;13:40:00;108;sem vítima;310;BR-101/RJ;Norte;Choque - Defensa, barreira ou "submarino";1;;;;;;;;;;1;;;;
03/03/2015;07:22:00;36;sem vítima;310;BR-101/RJ;Sul;Engavetamento;3;;;;;;;;;;5;0;0;0;0
10/03/2015;13:47:00;93;com vítima;310;BR-101/RJ;Sul;Queda de Moto;;;;1;;;;;;;0;2;0;0;0
21/04/2015;22:20:00;183;sem vítima;310;BR-101/RJ;Sul;Colisão Traseira;2;;;;;;;;;;8;;;;
21/07/2015;06:51:00;22;sem vítima;310;BR-101/RJ;Norte;Colisão Traseira;1;;;;;;;;;1;7;;;;
21/07/2015;06:57:00;26;sem vítima;310;BR-101/RJ;Norte;Choque - Defensa, barreira ou "submarino";1;;;;;;;;;;1;;;;
04/08/2015;19:32:00;168;com vítima;310;BR-101/RJ;Norte;Queda de Moto;;;;1;;;;;;;1;1;;;
15/08/2015;21:40:00;184;sem vítima;310,9;BR-101/RJ;Norte;Capotamento;1;;;;;;;;;;1;;;;
19/08/2015;20:06:00;197;sem vítima;310;BR-101/RJ;Sul;Colisão Traseira;2;;;;;;;;;;2;;;;
23/08/2015;19:12:00;153;com vítima;310,472;BR-101/RJ;Norte;Choque - Defensa, barreira ou "submarino";1;;;1;;;;;;;3;3;;;
23/08/2015;21:19:00;175;com vítima;310,594;BR-101/RJ;Sul;Atropelamento - Morador;;;;;1;;;;;;1;;;;1
28/08/2015;17:46:00;163;sem vítima;310;BR-101/RJ;Norte;Engavetamento;3;;;;;;;;;;3;;;;
26/09/2015;08:24:00;73;sem vítima;310,14;BR-101/RJ;Sul;Colisão Traseira;2;;;;;;;;;;4;;;;
02/10/2015;14:27:00;135;com vítima;310,138;BR-101/RJ;Sul;Atropelamento - Morador;;;;;;1;;;;;1;;1;;
09/10/2015;15:49:00;173;com vítima;310,848;BR-101/RJ;Norte;Colisão Traseira;2;;;;;;;;;;6;1;;;
14/10/2015;05:45:00;19;com vítima;310,93;BR-101/RJ;Sul;Queda de Moto;;;;1;1;;;;;;1;;1;;
20/10/2015;12:27:00;136;sem vítima;310;BR-101/RJ;Norte;Engavetamento;4;;;;;;;;;;4;;;;
30/10/2015;11:45:00;84;sem vítima;310,9;BR-101/RJ;Norte;Colisão Traseira;1;;;;;;;;;1;5;;;;
12/11/2015;16:59:00;164;sem vítima;310,219;BR-101/RJ;Norte;Colisão Traseira;1;;1;;;;;;;;3;;;;
13/11/2015;07:40:00;49;com vítima;310,104;BR-101/RJ;Sul;Queda de Moto;;;;1;;;;;;;0;;1;;
23/11/2015;18:39:00;193;com vítima;310,147;BR-101/RJ;Sul;Colisão Traseira;1;;1;;;;;;;;1;;1;;
11/01/2010;01:13:00;3;sem vítima;311;BR-101/RJ;Norte;Colisão Traseira;1;;;;;1;;;;;2;;;;
16/02/2010;22:27:00;300;com vítima;311;BR-101/RJ;Norte;Colisão Lateral;2;;;;;;;;;;0;3;1;1;
23/02/2010;17:04:00;161;sem vítima;311;BR-101/RJ;Norte;Queda de Moto;;;;1;;;;;;;1;;;;
02/04/2010;03:10:00;24;sem vítima;311;BR-101/RJ;Sul;Saida de Pista;1;;;;;1;;;;;2;;;;
03/04/2010;08:36:00;38;sem vítima;311;BR-101/RJ;Norte;Saida de Pista;2;;;;;;;;;;4;;;;
08/04/2010;09:31:00;60;sem vítima;311;BR-101/RJ;Sul;Atropelamento - Morador;1;;;;;;;;;;2;;;;
10/05/2010;07:52:00;47;com vítima;311;BR-101/RJ;Sul;Colisão Lateral;;;;1;;;;;;;1;;1;;
12/05/2010;06:10:00;24;sem vítima;311;BR-101/RJ;Norte;Colisão Traseira;1;;;;;1;;;;;2;;;;
15/05/2010;08:21:00;57;sem vítima;311;BR-101/RJ;Norte;Colisão Lateral;2;;;;;;;;;;2;;;;
16/05/2010;20:36:00;151;com vítima;311;BR-101/RJ;Sul;Capotamento;2;;;;;;;;;;3;;1;;
27/05/2010;16:53:00;122;sem vítima;311;BR-101/RJ;Norte;Colisão Lateral;;;;1;;1;;;;;2;;;;
14/06/2010;17:41:00;147;com vítima;311;BR-101/RJ;Norte;Engavetamento;2;;;1;;;;;;;2;;1;1;
19/06/2010;02:00:00;8;sem vítima;311;BR-101/RJ;Norte;Colisão Lateral;1;;;;;;;;;;1;;;;
21/06/2010;06:18:00;20;sem vítima;311;BR-101/RJ;Sul;Colisão Traseira;1;;;1;;;;;;;5;;;;
25/06/2010;19:14:00;128;com vítima;311;BR-101/RJ;Sul;Queda de Moto;;;;1;;;;;;;0;;2;;
27/06/2010;22:25:00;162;sem vítima;311;BR-101/RJ;Sul;Saida de Pista;1;;;;;;;;;;4;;;;
06/07/2010;03:04:00;11;sem vítima;311;BR-101/RJ;Norte;Atropelamento de Animal;2;;;;;1;;;;;3;;;;
25/07/2010;01:29:00;6;com vítima;311;BR-101/RJ;Norte;Colisão Traseira;2;;;;;;;;;;3;;2;;
30/07/2010;22:33:00;225;com vítima;311;BR-101/RJ;Sul;Colisão Traseira;2;;;;;1;;;;;4;;2;;
01/08/2010;09:24:00;52;com vítima;311;BR-101/RJ;Norte;Colisão Traseira;2;;;;;;;;;;4;1;;;
02/08/2010;00:05:00;2;sem vítima;311;BR-101/RJ;Norte;Saida de Pista;1;;;;;;;;;;1;;;;
11/08/2010;04:57:00;19;com vítima;311;BR-101/RJ;Sul;Capotamento;1;;;;;;;;;;0;;1;;1
11/08/2010;07:43:00;42;sem vítima;311;BR-101/RJ;Norte;Colisão Traseira;2;;;;;;;;;;2;;;;
21/08/2010;19:11:00;155;com vítima;311;BR-101/RJ;Norte;Atropelamento - Usuário;1;;;;;;;;;;4;;1;;
02/10/2010;19:44:00;160;sem vítima;311;BR-101/RJ;Norte;Atropelamento de Animal;1;;;;;;;;;;4;;;;
25/10/2010;16:54:00;160;sem vítima;311;BR-101/RJ;Norte;Colisão Traseira;1;;1;;1;;;;;;34;;;;
06/11/2010;04:01:00;21;com vítima;311;BR-101/RJ;Norte;Colisão Traseira;1;;;1;;;;;;;1;2;;;
07/11/2010;16:01:00;108;com vítima;311;BR-101/RJ;Norte;Atropelamento - Sem Informação;1;;;;;;;;;;1;;;1;
07/11/2010;18:36:00;144;com vítima;311;BR-101/RJ;Norte;Saida de Pista;1;;;;;;;;;;2;1;;;
11/11/2010;15:24:00;126;com vítima;311;BR-101/RJ;Norte;Colisão Traseira;2;;;;;;;;;;1;1;;;
22/11/2010;01:59:00;12;com vítima;311;BR-101/RJ;Norte;Saida de Pista;1;;;;;;;;;;1;1;;;
02/12/2010;16:54:00;137;sem vítima;311;BR-101/RJ;Norte;Saida de Pista;1;;;;;;;;;;2;;;;
04/12/2010;09:06:00;61;sem vítima;311;BR-101/RJ;Sul;Saida de Pista;1;;;;;;;;;;1;;;;
12/12/2010;02:55:00;19;com vítima;311;BR-101/RJ;Norte;Choque - Defensa, barreira ou "submarino";1;;;;;;;;;;0;1;;;
16/12/2010;17:05:00;181;com vítima;311;BR-101/RJ;Norte;Colisão Traseira;1;;;1;;;;;;;2;;1;;
17/12/2010;17:37:00;170;sem vítima;311;BR-101/RJ;Norte;Colisão Lateral;;;;1;;;;;;1;3;;;;
19/12/2010;05:20:00;41;com vítima;311,3999938964844;BR-101/RJ;Norte;Atropelamento - Morador;;;;;;1;;;;;1;;;;1
19/12/2010;19:09:00;166;com vítima;311,3999938964844;BR-101/RJ;Sul;Atropelamento - Andarilho;1;;;;;;;;;;1;;1;;
22/12/2010;20:17:00;191;sem vítima;311;BR-101/RJ;Norte;Colisão Traseira;1;;;;;1;;;;;2;;;;
23/12/2010;19:21:00;225;com vítima;311;BR-101/RJ;Sul;Capotamento;1;;;;;;;;;;0;1;;;
07/01/2011;23:32:00;234;com vítima;311;BR-101/RJ;Norte;Colisão Traseira;2;;;;;;;;;;1;4;1;;
24/01/2011;07:22:00;38;com vítima;311;BR-101/RJ;Sul;Colisão Traseira;1;;;1;;;;;;;4;1;1;;
26/01/2011;18:11:00;145;sem vítima;311;BR-101/RJ;Norte;Colisão Traseira;1;;;;1;;;;;;3;;;;
04/02/2011;22:54:00;216;sem vítima;311;BR-101/RJ;Norte;Engavetamento;3;;;;;;;;;;6;;;;
08/02/2011;06:08:00;22;sem vítima;311;BR-101/RJ;Sul;Colisão Traseira;2;;;;;1;;;;;9;;;;
10/02/2011;08:26:00;60;com vítima;311;BR-101/RJ;Sul;Colisão Traseira;;;;;2;;;;;;7;1;3;;
25/02/2011;18:16:00;166;com vítima;311;BR-101/RJ;Norte;Atropelamento - Ciclista;;1;;;1;;;;;;1;;1;;
28/02/2011;20:41:00;212;sem vítima;311;BR-101/RJ;Norte;Colisão Traseira;2;;;;;;;;;;4;;;;
26/03/2011;13:52:00;110;sem vítima;308;BR-101/RJ;Sul;Colisão Lateral;2;;;;;;;;;;3;;;;
26/03/2011;17:53:00;154;com vítima;189;BR-101/RJ;Sul;Queda de Moto;;;;1;;;;;;;0;1;;;
26/03/2011;18:27:00;160;com vítima;295;BR-101/RJ;Norte;Capotamento;1;;1;;;;;;;;1;;1;;
26/03/2011;20:09:00;173;sem vítima;83;BR-101/RJ;Norte;Colisão Lateral;1;;1;;;;;;;;2;;;;
02/05/2011;18:02:00;158;com vítima;311,5;BR-101/RJ;Norte;Atropelamento - Morador;;;;;;1;;;;;1;;;;1
20/05/2011;15:21:00;113;com vítima;311;BR-101/RJ;Norte;Atropelamento - Morador;;;;;;;;;;1;2;;1;;
22/05/2011;08:22:00;40;sem vítima;311;BR-101/RJ;Sul;Saida de Pista;1;;;;;;;;;;1;;;;
23/05/2011;20:30:00;194;com vítima;311;BR-101/RJ;Norte;Queda de Moto;;;;1;;;;;;;0;1;1;;
02/06/2011;02:02:00;7;sem vítima;311;BR-101/RJ;Norte;Objeto lançado contra veículo;1;;1;;;1;;;;;3;;;;
04/06/2011;17:41:00;147;sem vítima;311;BR-101/RJ;Norte;Colisão Traseira;2;;;;;;;;;;4;;;;
18/06/2011;12:13:00;83;sem vítima;311;BR-101/RJ;Sul;Saida de Pista;1;;;;;;;;;;1;;;;
28/06/2011;10:59:00;69;sem vítima;311,79998779296875;BR-101/RJ;Norte;Colisão Traseira;1;;;;;;;;;1;2;;;;
29/06/2011;18:15:00;142;sem vítima;311;BR-101/RJ;Norte;Colisão Traseira;2;;;;;;;;;;5;;;;
12/08/2011;17:15:00;144;sem vítima;311;BR-101/RJ;Norte;Engavetamento;3;;;;;;;;;;8;;;;
20/08/2011;22:46:00;176;sem vítima;311,75;BR-101/RJ;Sul;Saida de Pista;1;;;;;;;;;;1;;;;
30/08/2011;00:52:00;1;com vítima;311,04998779296875;BR-101/RJ;Norte;Capotamento;1;;;;;;;;;;0;;1;;
04/09/2011;18:35:00;115;com vítima;311;BR-101/RJ;Norte;Colisão Traseira;2;;;;;;;;;;2;;1;;
16/09/2011;18:28:00;142;sem vítima;311,70001220703125;BR-101/RJ;Norte;Colisão Traseira;2;;;;;1;;;;;6;;;;
01/10/2011;05:51:00;22;sem vítima;311,70001220703125;BR-101/RJ;Norte;Colisão Traseira;2;;;;;;;;;;2;;;;
05/10/2011;21:53:00;169;com vítima;311;BR-101/RJ;Sul;Saida de Pista;1;;;;;;;;;;0;1;;;
07/10/2011;12:44:00;104;sem vítima;311;BR-101/RJ;Norte;Saida de Pista;1;;;;;;;;;;2;;;;
07/10/2011;13:41:00;111;sem vítima;311;BR-101/RJ;Norte;Colisão Traseira;2;;;;;;;;;;2;;;;
14/10/2011;18:21:00;169;sem vítima;311;BR-101/RJ;Norte;Engavetamento;2;;;;1;;;;;;7;;;;
22/10/2011;08:23:00;39;sem vítima;311;BR-101/RJ;Sul;Choque - Defensa, barreira ou "submarino";1;;;;;;;;;;1;;;;
30/10/2011;19:24:00;127;sem vítima;311;BR-101/RJ;Sul;Colisão Traseira;1;;;;;;;;;1;2;;;;
06/11/2011;20:04:00;138;com vítima;311,20001220703125;BR-101/RJ;Norte;Atropelamento - Morador;;;;;;;;;;1;1;;;;1
07/11/2011;06:00:00;25;com vítima;311;BR-101/RJ;Sul;Colisão Traseira;1;;;1;;;;;;;1;;1;;
12/11/2011;11:55:00;104;sem vítima;311;BR-101/RJ;Norte;Colisão Lateral;1;;1;;;;;;;;2;;;;
21/11/2011;06:46:00;36;sem vítima;311;BR-101/RJ;Sul;Colisão Lateral;;;;;1;;;;;1;2;;;;
29/11/2011;21:56:00;195;com vítima;311,79998779296875;BR-101/RJ;Sul;Atropelamento - Morador;;;;;;1;;;;;1;;;;1
06/12/2011;18:22:00;187;com vítima;311;BR-101/RJ;Sul;Colisão Traseira;1;;1;;1;;;;;;2;1;2;;
06/12/2011;10:45:00;88;com vítima;311,29998779296875;BR-101/RJ;Sul;Colisão Traseira;;;;1;;1;;;;;1;;1;;
16/12/2011;19:36:00;205;com vítima;311;BR-101/RJ;Sul;Colisão Traseira;2;;;;;;;;;;5;;;1;
22/12/2011;10:54:00;89;sem vítima;311;BR-101/RJ;Sul;Saida de Pista;1;;;;;;;;;;3;;;;
23/12/2011;05:56:00;32;com vítima;311;BR-101/RJ;Norte;Capotamento;1;;;;;;;;;;1;1;1;;
30/01/2012;18:20:00;152;sem vítima;311;BR-101/RJ;Norte;Engavetamento;2;;;;;1;;;;;4;;;;
06/02/2012;14:06:00;118;com vítima;311,3;BR-101/RJ;Sul;Queda de Moto;;;;1;;;;;;;0;1;;;
12/02/2012;12:48:00;69;com vítima;311,9;BR-101/RJ;Sul;Saida de Pista;1;;;;;;;;;;0;;3;;
08/03/2012;18:29:00;129;com vítima;311,8;BR-101/RJ;Norte;Queda de Moto;;;;1;;;;;;;0;1;;;
11/04/2012;20:34:00;154;com vítima;311;BR-101/RJ;Norte;Queda de Moto;;;;1;;;;;;;0;2;;;
27/04/2012;20:39:00;194;sem vítima;311;BR-101/RJ;Norte;Saida de Pista;1;;;;;;;;;;1;;;;
15/05/2012;17:42:00;120;sem vítima;311;BR-101/RJ;Norte;Engavetamento;2;;;;;1;;;;;5;;;;
23/05/2012;16:57:00;132;sem vítima;311;BR-101/RJ;Norte;Colisão Traseira;2;;;;;;;;;;2;;;;
01/06/2012;01:19:00;8;sem vítima;311;BR-101/RJ;Sul;Saida de Pista;1;;;;;;;;;;1;;;;
19/06/2012;12:56:00;125;sem vítima;311;BR-101/RJ;Sul;Queda de Moto;;;;1;;;;;;;1;;;;
19/06/2012;17:18:00;178;sem vítima;311,7;BR-101/RJ;Norte;Colisão Traseira;2;;;;;;;;;;5;;;;
23/06/2012;14:50:00;93;sem vítima;311;BR-101/RJ;Norte;Saida de Pista;1;;;;;;;;;;1;;;;
24/06/2012;06:14:00;33;com vítima;311;BR-101/RJ;Norte;Saida de Pista;1;;;;;;;;;;0;;1;;
10/07/2012;16:18:00;118;sem vítima;311;BR-101/RJ;Norte;Colisão Traseira;2;;;;;;;;;;2;;;;
17/07/2012;05:50:00;28;com vítima;311,7;BR-101/RJ;Norte;Queda de Moto;;;;1;;1;;;;;1;;1;;
23/07/2012;19:35:00;174;sem vítima;311;BR-101/RJ;Norte;Engavetamento;2;;;;;2;;;;1;10;;;;
27/07/2012;10:19:00;67;sem vítima;311;BR-101/RJ;Sul;Colisão Traseira;;;1;;1;;;;;;2;;;;
27/07/2012;21:08:00;199;com vítima;311,785;BR-101/RJ;Norte;Queda de Moto;1;;;1;;;;;;;2;1;;;
29/07/2012;18:31:00;162;com vítima;311,757;BR-101/RJ;Norte;Colisão Lateral;3;;;;;1;;;;;6;3;1;;
04/08/2012;05:21:00;27;sem vítima;311,465;BR-101/RJ;Sul;Saida de Pista;;;1;;;;;;;;1;;;;
06/08/2012;12:53:00;87;sem vítima;311;BR-101/RJ;Norte;Colisão Traseira;;;;;;;;;;2;6;;;;
24/08/2012;08:20:00;45;sem vítima;311;BR-101/RJ;Norte;Colisão Lateral;2;;;;;;;;;;2;;;;
28/08/2012;18:23:00;158;sem vítima;311;BR-101/RJ;Norte;Engavetamento;5;;;;;;;;;;7;;;;
30/08/2012;17:35:00;139;com vítima;311;BR-101/RJ;Norte;Choque - Defensa, barreira ou "submarino";1;;;;;;;;;;0;;1;;
13/09/2012;18:06:00;158;com vítima;311,295;BR-101/RJ;Sul;Atropelamento - Ciclista;;;;;;1;;;;;1;;1;;
20/09/2012;14:55:00;105;com vítima;311,9;BR-101/RJ;Sul;Colisão Traseira;1;;;;;1;;;;;1;;1;;
22/09/2012;04:45:00;35;sem vítima;311;BR-101/RJ;Norte;Colisão Lateral;1;;;;;1;;;;;2;;;;
27/09/2012;15:38:00;145;sem vítima;311,1;BR-101/RJ;Norte;Colisão Traseira;2;;;;;;;;;;7;;;;
29/09/2012;15:12:00;122;sem vítima;311;BR-101/RJ;Norte;Capotamento;1;;;;;;;;;;1;;;;
19/10/2012;12:24:00;97;com vítima;311;BR-101/RJ;Sul;Atropelamento - Morador;;;;1;;;;;;;0;1;1;;
28/10/2012;16:05:00;131;com vítima;311,3;BR-101/RJ;Sul;Atropelamento - Outros;;;;;;1;;;;;1;1;;;
19/11/2012;17:28:00;151;sem vítima;311,5;BR-101/RJ;Norte;Colisão Traseira;2;;;;;;;;;;2;;;;
21/11/2012;18:58:00;168;sem vítima;311;BR-101/RJ;Sul;Colisão Traseira;2;;;;;;;;;;3;;;;
21/11/2012;18:48:00;165;com vítima;311,8;BR-101/RJ;Norte;Colisão Traseira;2;;;;;;;;;;4;1;;;
27/11/2012;18:07:00;130;sem vítima;311;BR-101/RJ;Norte;Colisão Traseira;2;;;;;;;;;;2;;;;
02/12/2012;20:11:00;168;sem vítima;311;BR-101/RJ;Norte;Choque - Suporte de Sinalização;2;;;;;;;;;;5;;;;
08/12/2012;15:23:00;168;sem vítima;311;BR-101/RJ;Norte;Colisão Traseira;2;;;;;;;;;1;6;;;;
26/12/2012;06:58:00;38;sem vítima;311;BR-101/RJ;Sul;Colisão Lateral;1;;;;1;;;;;;5;;;;
26/12/2012;16:47:00;174;sem vítima;311;BR-101/RJ;Norte;Capotamento;1;;;;;;;;;;1;;;;
06/01/2013;20:19:00;163;com vítima;311,99;BR-101/RJ;Norte;Outros - Sequência;2;;;;;;;;;;1;3;2;;
12/01/2013;17:19:00;105;sem vítima;311,4;BR-101/RJ;Sul;Colisão Traseira;2;;;;;;;;;;2;;;;
16/01/2013;06:19:00;28;sem vítima;311;BR-101/RJ;Sul;Colisão Traseira;1;;;;1;;;;;;3;;;;
04/02/2013;02:29:00;16;sem vítima;311,3;BR-101/RJ;Norte;Colisão Traseira;1;;;;;1;;;;;4;;;;
09/02/2013;00:07:00;2;sem vítima;311,5;BR-101/RJ;Norte;Colisão Lateral;1;;;1;;;;;;;4;;;;
14/02/2013;13:27:00;128;com vítima;311,6;BR-101/RJ;Norte;Colisão Traseira;;;;;2;;;;;;22;4;;;
20/02/2013;18:01:00;160;sem vítima;311;BR-101/RJ;Norte;Colisão Lateral;;;;;2;;;;;;3;;;;
02/03/2013;12:11:00;96;com vítima;311;BR-101/RJ;Sul;Colisão Traseira;1;;;;1;;;;;;1;;1;;
07/03/2013;19:09:00;192;sem vítima;311;BR-101/RJ;Norte;Engavetamento;3;;;;;;;;;;7;;;;
15/03/2013;17:35:00;151;sem vítima;311;BR-101/RJ;Norte;Colisão Traseira;1;;;;1;;;;;;2;;;;
17/03/2013;19:16:00;155;sem vítima;311,9;BR-101/RJ;Norte;Saida de Pista;1;;;;;;;;;;4;;;;
22/03/2013;20:21:00;202;sem vítima;311,214;BR-101/RJ;Norte;Saida de Pista;1;;;;;;;;;;1;;;;
28/03/2013;23:01:00;237;sem vítima;311,12;BR-101/RJ;Norte;Engavetamento;2;;1;;;;;;;;9;;;;
28/03/2013;00:31:00;5;com vítima;311,815;BR-101/RJ;Norte;Queda de Moto;;;;1;;;;;;;0;;1;;
09/04/2013;09:28:00;73;sem vítima;311;BR-101/RJ;Sul;Colisão Traseira;;;;;1;1;;;;;2;;;;
14/04/2013;21:11:00;169;com vítima;311,087;BR-101/RJ;Sul;Colisão Traseira;1;;;;1;;;;;;3;1;;;
09/05/2013;17:50:00;147;sem vítima;311;BR-101/RJ;Norte;Colisão Lateral;1;;;;1;;;;;;2;;;;
10/06/2013;06:23:00;30;sem vítima;311,9;BR-101/RJ;Sul;Engavetamento;4;;;;;;;;;;9;;;;
14/06/2013;17:51:00;137;sem vítima;311;BR-101/RJ;Norte;Engavetamento;2;;;;;1;;;;;10;;;;
17/06/2013;05:54:00;19;com vítima;311;BR-101/RJ;Sul;Colisão Lateral;1;;;1;;;;;;;3;;1;;
07/07/2013;20:41:00;167;sem vítima;311;BR-101/RJ;Sul;Colisão Traseira;2;;;;;;;;;;6;;;;
15/07/2013;23:24:00;204;sem vítima;311,555;BR-101/RJ;Norte;Saida de Pista;1;;;;;;;;;;1;;;;
19/07/2013;16:02:00;145;sem vítima;311;BR-101/RJ;Norte;Colisão Traseira;1;;;;;;;;;1;3;;;;
06/08/2013;18:20:00;128;sem vítima;311;BR-101/RJ;Norte;Colisão Traseira;2;;;;;;;;;;2;;;;
09/08/2013;09:32:00;48;sem vítima;311;BR-101/RJ;Norte;Engavetamento;4;;;;;;;;;;7;;;;
09/08/2013;23:55:00;192;sem vítima;311,475;BR-101/RJ;Norte;Engavetamento;3;;;;;;;;;;5;;;;
09/08/2013;23:31:00;186;sem vítima;311,726;BR-101/RJ;Norte;Colisão Traseira;1;;;;;1;;;;;2;;;;
17/08/2013;15:22:00;120;sem vítima;311,8;BR-101/RJ;Norte;Colisão Traseira;2;;;;;;;;;;7;;;;
20/08/2013;10:01:00;64;com vítima;311;BR-101/RJ;Sul;Engavetamento;4;;;;;;;;;;10;1;;;
20/08/2013;07:50:00;45;com vítima;311,8;BR-101/RJ;Norte;Outros - Sequência;1;;;1;1;;;;;;3;1;1;;
31/08/2013;20:24:00;154;sem vítima;311;BR-101/RJ;Sul;Colisão Traseira;1;;;;1;;;;;;2;;;;
06/09/2013;14:04:00;105;com vítima;311;BR-101/RJ;Sul;Capotamento;;;;;;;;;;1;0;;2;;
28/09/2013;15:09:00;129;sem vítima;311,85;BR-101/RJ;Norte;Saida de Pista;1;;;;;;;;;;1;;;;
01/10/2013;16:57:00;125;com vítima;311;BR-101/RJ;Norte;Atropelamento - Morador;1;1;;;;;;;;;1;1;;;
09/11/2013;16:36:00;134;sem vítima;311;BR-101/RJ;Norte;Colisão Traseira;2;;;;;;;;;;2;;;;
09/11/2013;13:27:00;109;sem vítima;311,227;BR-101/RJ;Norte;Colisão Traseira;2;;;;;;;;;;2;;;;
10/11/2013;20:31:00;182;sem vítima;311;BR-101/RJ;Sul;Queda de Moto;;;;1;;;;;;;2;;;;
19/11/2013;12:47:00;108;sem vítima;311,615;BR-101/RJ;Norte;Colisão Traseira;;;1;;;;;;;1;3;;;;
20/11/2013;06:27:00;17;sem vítima;311;BR-101/RJ;Sul;Colisão Traseira;;;;2;;;;;;;2;;;;
23/11/2013;13:06:00;100;sem vítima;311,758;BR-101/RJ;Norte;Colisão Traseira;2;;;;;;;;;;2;;;;
28/11/2013;17:30:00;167;sem vítima;311;BR-101/RJ;Norte;Colisão Traseira;2;;;;;;;;;;2;;;;