data;horario;n_da_ocorrencia;tipo_de_ocorrencia;km;trecho;sentido;tipo_de_acidente;automovel;bicicleta;caminhao;moto;onibus;outros;tracao_animal;transporte_de_cargas_especiais;trator_maquinas;utilitarios;ilesos;levemente_feridos;moderadamente_feridos;gravemente_feridos;mortos
30/11/2013;21:22:00;220;sem vítima;311;BR-101/RJ;Norte;Colisão Lateral;1;;1;;;;;;;;3;;;;
30/11/2013;21:55:00;227;com vítima;311,208;BR-101/RJ;Norte;Saida de Pista;1;;;;;1;;;;;1;;2;;
30/11/2013;23:09:00;232;com vítima;311,208;BR-101/RJ;Norte;Engavetamento;3;;;;;;;;;;7;;1;;
10/12/2013;01:08:00;6;sem vítima;311;BR-101/RJ;Sul;Colisão Traseira;2;;;;;;;;;;2;;;;
17/12/2013;03:45:00;11;sem vítima;311;BR-101/RJ;Norte;Colisão Traseira;1;;;;;;;;;;1;;;;
18/01/2014;19:26:00;194;com vítima;311,842;BR-101/RJ;Norte;Queda de Moto;;;;1;;;;;;;0;1;;;
01/02/2014;01:42:00;6;com vítima;311;BR-101/RJ;Norte;Colisão Traseira;;;;1;;1;;;;;1;;;1;
10/02/2014;15:53:00;143;com vítima;311;BR-101/RJ;Norte;Atropelamento - Funcionário;;;1;;;;;;;;1;;1;;
14/02/2014;07:59:00;59;com vítima;311;BR-101/RJ;Sul;Colisão Traseira;;;;;2;;;;;;2;8;;;
28/02/2014;09:10:00;81;com vítima;311,506;BR-101/RJ;Sul;Colisão Traseira;1;;;1;;;;;;;5;;;1;
01/03/2014;08:05:00;121;sem vítima;311;BR-101/RJ;Norte;Engavetamento;3;;;;;;;;;;11;;;;
09/03/2014;07:33:00;44;sem vítima;311,418;BR-101/RJ;Norte;Choque - Defensa, barreira ou "submarino";1;;;;;;;;;;1;;;;
12/03/2014;09:27:00;71;com vítima;311;BR-101/RJ;Sul;Engavetamento;6;;;;;;;;;;11;1;;;
02/04/2014;08:53:00;59;sem vítima;311;BR-101/RJ;Norte;Colisão Lateral;1;;;1;;;;;;;4;;;;
04/04/2014;07:31:00;29;sem vítima;311;BR-101/RJ;Sul;Engavetamento;3;;;;;1;;;;;5;;;;
05/04/2014;15:41:00;121;com vítima;311;BR-101/RJ;Norte;Choque - Defensa, barreira ou "submarino";1;;;;;;;;;1;1;2;;;
07/04/2014;16:50:00;163;sem vítima;311;BR-101/RJ;Norte;Colisão Traseira;1;;;;;1;;;;;2;;;;
13/04/2014;12:23:00;81;com vítima;311,98;BR-101/RJ;Norte;Colisão Traseira;1;;;;;;;;;1;0;3;;;
17/04/2014;16:14:00;138;sem vítima;311;BR-101/RJ;Norte;Colisão Traseira;2;;;;;;;;;;2;;;;
18/05/2014;14:30:00;97;com vítima;311,5;BR-101/RJ;Sul;Atropelamento - Ciclista;;1;;;;1;;;;;1;1;;;
29/07/2014;19:04:00;141;sem vítima;311;BR-101/RJ;Norte;Colisão Traseira;2;;;;;;;;;;2;;;;
27/08/2014;19:14:00;141;com vítima;311,335;BR-101/RJ;Norte;Queda de Moto;1;;;1;;;;;;;2;1;1;;
29/08/2014;19:23:00;159;com vítima;311,91;BR-101/RJ;Sul;Outros;;;;;;;;;;;0;;;;1
01/09/2014;05:31:00;29;com vítima;311;BR-101/RJ;Sul;Queda de Moto;;;;1;;;;;;;0;1;;;
02/09/2014;16:24:00;120;com vítima;311,152;BR-101/RJ;Sul;Colisão Traseira;;;1;1;;;;;;;1;1;;;
06/09/2014;09:03:00;49;sem vítima;311,39;BR-101/RJ;Sul;Colisão Lateral;;;;;1;;;;;1;3;;;;
21/09/2014;11:37:00;51;sem vítima;311;BR-101/RJ;Sul;Saida de Pista;;;;;1;;;;;;1;;;;
25/09/2014;06:48:00;24;com vítima;311,8;BR-101/RJ;Sul;Queda de Moto;;;;1;;;;;;;0;;1;;
27/09/2014;05:04:00;20;com vítima;311;BR-101/RJ;Norte;Queda de Moto;;;;1;;;;;;;0;;;1;
01/10/2014;07:44:00;39;sem vítima;311;BR-101/RJ;Sul;Colisão Lateral;1;;;;1;;;;;;2;;;;
01/10/2014;23:21:00;158;com vítima;311,299;BR-101/RJ;Norte;Capotamento;1;;1;;;;;;;;1;;;1;
02/10/2014;08:12:00;30;sem vítima;311;BR-101/RJ;Sul;Colisão Traseira;2;;;;;;;;;;3;;;;
12/11/2014;17:41:00;142;sem vítima;311,667;BR-101/RJ;Norte;Colisão Traseira;1;;;;1;;;;;;2;;;;
12/12/2014;22:41:00;183;sem vítima;311;BR-101/RJ;Norte;Colisão Traseira;2;;;;;;;;;;4;;;;
06/01/2015;17:33:00;111;sem vítima;311;BR-101/RJ;Norte;Engavetamento;5;;;;;;;;;;9;;;;
29/01/2015;05:16:00;13;com vítima;311;BR-101/RJ;Sul;Colisão Traseira;1;;;1;;;;;;;1;2;;;
05/02/2015;19:29:00;123;com vítima;311;BR-101/RJ;Norte;Atropelamento - Andarilho;;;;;1;;;;;;1;0;1;0;0
15/02/2015;19:04:00;147;com vítima;311;BR-101/RJ;Norte;Colisão Traseira;2;;;;;;;;;;1;0;2;0;0
21/02/2015;09:22:00;53;sem vítima;311;BR-101/RJ;Norte;Engavetamento;3;;;;1;;;;;;7;0;0;0;0
12/03/2015;17:42:00;142;sem vítima;311;BR-101/RJ;Norte;Colisão Traseira;1;;;;1;;;;;;3;0;0;0;0
02/04/2015;20:48:00;219;sem vítima;311;BR-101/RJ;Norte;Colisão Lateral;2;;;;;;;;;;4;;;;
05/04/2015;19:11:00;174;com vítima;311;BR-101/RJ;Sul;Colisão Lateral;1;;;1;;;;;;;1;1;1;;
13/04/2015;15:41:00;136;sem vítima;311;BR-101/RJ;Sul;Choque - Defensa, barreira ou "submarino";1;;;;;;;;;;1;;;;
15/04/2015;11:39:00;106;sem vítima;311;BR-101/RJ;Norte;Colisão Lateral;1;;1;;;;;;;;3;;;;
15/04/2015;18:16:00;162;com vítima;311,39;BR-101/RJ;Norte;Engavetamento;1;;;;2;;;;;;5;12;;;
25/05/2015;19:56:00;204;com vítima;311;BR-101/RJ;Sul;Colisão Traseira;1;;;1;;;;;;;3;;;1;
13/06/2015;13:39:00;135;com vítima;311;BR-101/RJ;Norte;Colisão Traseira;1;;;1;;;;;;;2;1;;;
14/06/2015;18:02:00;133;com vítima;311;BR-101/RJ;Sul;Colisão Lateral;;;;1;;1;;;;;1;1;;;
18/06/2015;18:36:00;166;sem vítima;311;BR-101/RJ;Norte;Engavetamento;3;;;;;;;;;;3;;;;
25/07/2015;18:30:00;175;com vítima;311,715;BR-101/RJ;Norte;Colisão Lateral;;;;1;;1;;;;;1;1;;;
06/08/2015;08:15:00;49;sem vítima;311,441;BR-101/RJ;Sul;Colisão Transversal;1;;;;1;;;;;;2;;;;
15/08/2015;21:56:00;185;sem vítima;311,9;BR-101/RJ;Norte;Engavetamento;3;;;;;;;;;;7;;;;
20/08/2015;17:57:00;159;com vítima;311;BR-101/RJ;Norte;Queda de Moto;;;;1;;1;;;;;1;1;1;;
05/09/2015;06:38:00;40;com vítima;311;BR-101/RJ;Sul;Colisão Lateral;1;;;;1;;;;;;1;1;;;
18/09/2015;16:14:00;221;com vítima;311;BR-101/RJ;Norte;Colisão Traseira;1;;;1;;;;;;;1;1;;;
21/09/2015;16:01:00;142;sem vítima;311;BR-101/RJ;Norte;Choque - Defensa, barreira ou "submarino";1;;;;;;;;;;1;;;;
25/09/2015;09:29:00;91;sem vítima;311;BR-101/RJ;Norte;Colisão Traseira;1;;;;;;;;;1;2;;;;
02/10/2015;20:04:00;213;com vítima;311,976;BR-101/RJ;Sul;Choque - Defensa, barreira ou "submarino";1;;;;;1;;;;;3;1;;;
28/10/2015;13:00:00;106;com vítima;311,105;BR-101/RJ;Sul;Choque - Suporte de Sinalização;;;;;;;;;;1;0;1;;;
03/11/2015;20:27:00;198;com vítima;311;BR-101/RJ;Sul;Colisão Traseira;2;;;;1;1;;;;;7;1;;;
12/11/2015;22:54:00;215;com vítima;311,445;BR-101/RJ;Norte;Colisão Lateral;2;;;;;;;;;;3;1;;;
18/11/2015;06:35:00;31;sem vítima;311;BR-101/RJ;Norte;Colisão Lateral;1;;;;;1;;;;;2;;;;
02/12/2015;18:04:00;179;sem vítima;311;BR-101/RJ;Norte;Colisão Traseira;2;;;;;;;;;;3;;;;
10/01/2010;05:48:00;23;com vítima;312;BR-101/RJ;Norte;Saida de Pista;1;;;;;;;;;;0;1;;;
05/02/2010;07:34:00;48;sem vítima;312;BR-101/RJ;Sul;Saida de Pista;1;;;;;;;;;;1;;;;
10/02/2010;01:57:00;17;sem vítima;312;BR-101/RJ;Norte;Saida de Pista;1;;;;;;;;;;1;;;;
25/02/2010;14:35:00;105;sem vítima;312;BR-101/RJ;Sul;Saida de Pista;1;;;;;;;;;;5;;;;
27/02/2010;23:06:00;181;com vítima;312;BR-101/RJ;Sul;Saida de Pista;;;;;1;;;;;;3;1;1;;
01/03/2010;08:29:00;63;sem vítima;312;BR-101/RJ;Norte;Choque - Poste;1;;;;;;;;;;1;;;;
01/03/2010;10:53:00;83;sem vítima;312;BR-101/RJ;Norte;Colisão Traseira;1;;;;;1;;;;;2;;;;
05/03/2010;18:46:00;157;sem vítima;312;BR-101/RJ;Sul;Saida de Pista;1;;;;;;;;;;3;;;;
11/03/2010;19:38:00;147;sem vítima;312;BR-101/RJ;Norte;Colisão Traseira;1;;;;;1;;;;;3;;;;
14/03/2010;22:32:00;225;sem vítima;312;BR-101/RJ;Sul;Colisão Traseira;2;;;;;;;;;;2;;;;
15/03/2010;11:30:00;91;sem vítima;312;BR-101/RJ;Norte;Saida de Pista;1;;;;;;;;;;1;;;;
15/03/2010;23:33:00;223;sem vítima;312;BR-101/RJ;Norte;Colisão Lateral;1;;1;;;;;;;;3;;;;
20/03/2010;03:47:00;16;com vítima;312;BR-101/RJ;Sul;Colisão Traseira;2;;1;;;;;;;;3;1;2;;
20/03/2010;07:27:00;42;sem vítima;312;BR-101/RJ;Sul;Colisão Traseira;2;;;;;;;;;;2;;;;
26/03/2010;05:48:00;31;sem vítima;312;BR-101/RJ;Sul;Capotamento;1;;;;;;;;;;1;;;;
04/04/2010;11:04:00;58;com vítima;312;BR-101/RJ;Sul;Saida de Pista;1;;;;;;;;;;0;1;1;;
05/04/2010;06:21:00;35;sem vítima;312;BR-101/RJ;Sul;Colisão Traseira;2;;;;;;;;;;5;;;;
14/04/2010;06:32:00;37;sem vítima;312;BR-101/RJ;Sul;Saida de Pista;1;;;;;;;;;;1;;;;
26/04/2010;07:09:00;38;com vítima;312;BR-101/RJ;Sul;Queda de Moto;;;;1;;;;;;;0;2;;;
08/05/2010;06:03:00;40;com vítima;312;BR-101/RJ;Norte;Capotamento;1;;;;;;;;;;0;;;;1
08/05/2010;06:12:00;42;sem vítima;312;BR-101/RJ;Norte;Colisão Traseira;2;;;;;;;;;;2;;;;
15/05/2010;21:44:00;175;sem vítima;312;BR-101/RJ;Sul;Capotamento;1;;;;;;;;;;3;;;;
19/05/2010;06:23:00;17;sem vítima;312,5;BR-101/RJ;Sul;Colisão Traseira;1;;;;1;;;;;;2;;;;
24/05/2010;06:01:00;36;sem vítima;312;BR-101/RJ;Sul;Engavetamento;5;;;;;;;;;;12;;;;
31/05/2010;19:31:00;163;sem vítima;312;BR-101/RJ;Sul;Saida de Pista;1;;;;;;;;;;1;;;;
01/06/2010;11:44:00;80;sem vítima;312;BR-101/RJ;Norte;Colisão Traseira;1;;;;;1;;;;;2;;;;
07/06/2010;06:12:00;33;sem vítima;312;BR-101/RJ;Sul;Colisão Traseira;2;;;;;;;;;;3;;;;
07/06/2010;23:51:00;189;sem vítima;312;BR-101/RJ;Norte;Colisão Lateral;2;;;;;;;;;;2;;;;
09/06/2010;09:52:00;64;com vítima;312;BR-101/RJ;Sul;Saida de Pista;1;;;;;;;;;;1;;1;;
18/06/2010;10:27:00;75;sem vítima;312;BR-101/RJ;Norte;Saida de Pista;1;;;;;;;;;;1;;;;
10/07/2010;18:33:00;148;sem vítima;312;BR-101/RJ;Sul;Saida de Pista;1;;;;;;;;;;2;;;;
10/07/2010;19:19:00;157;sem vítima;312;BR-101/RJ;Norte;Saida de Pista;1;;;;;;;;;;4;;;;
14/07/2010;11:02:00;61;com vítima;312;BR-101/RJ;Sul;Atropelamento - Morador;1;;;;;;;;;;3;;;;1
15/07/2010;08:30:00;45;sem vítima;312;BR-101/RJ;Norte;Choque - Defensa, barreira ou "submarino";;;;;1;;;;;;1;;;;
26/07/2010;08:42:00;56;sem vítima;312,5;BR-101/RJ;Sul;Colisão Traseira;;;1;;;;;;;1;3;;;;
29/07/2010;00:54:00;5;sem vítima;312;BR-101/RJ;Norte;Colisão Traseira;2;;;;;;;;;;2;;;;
30/07/2010;18:27:00;182;com vítima;312;BR-101/RJ;Norte;Colisão Traseira;1;;;1;;;;;;;1;;;1;
13/08/2010;11:17:00;79;com vítima;312;BR-101/RJ;Sul;Colisão Traseira;1;;;;;;;;;1;4;1;;;
16/08/2010;06:39:00;17;sem vítima;312;BR-101/RJ;Sul;Colisão Traseira;2;;;;;;;;;;2;;;;
16/08/2010;09:43:00;56;sem vítima;312;BR-101/RJ;Sul;Saida de Pista;1;;;;;;;;;;4;;;;
27/09/2010;06:21:00;21;sem vítima;312;BR-101/RJ;Sul;Engavetamento;3;;;;;;;;;;6;;;;
20/10/2010;22:02:00;171;com vítima;312;BR-101/RJ;Sul;Queda de Moto;;;;1;;;;;;;0;1;;;
01/11/2010;02:57:00;17;sem vítima;312;BR-101/RJ;Norte;Saida de Pista;1;;;;;;;;;;2;;;;
02/11/2010;04:07:00;16;sem vítima;312;BR-101/RJ;Norte;Capotamento;1;;;;;;;;;;2;;;;
03/11/2010;06:16:00;26;com vítima;312;BR-101/RJ;Sul;Colisão Transversal;2;;;1;;;;;;;6;;1;;
05/11/2010;20:50:00;185;com vítima;312;BR-101/RJ;Norte;Colisão Traseira;1;;;1;;;;;;;1;;1;;
20/11/2010;21:28:00;202;sem vítima;312;BR-101/RJ;Sul;Saida de Pista;1;;;;;;;;;;1;;;;
23/11/2010;22:11:00;202;com vítima;312;BR-101/RJ;Sul;Atropelamento - Ciclista;;1;;;;1;;;;;1;;1;;
26/11/2010;06:39:00;34;com vítima;312;BR-101/RJ;Sul;Atropelamento - Morador;;;;1;;;;;;;0;1;1;;
26/11/2010;20:28:00;167;sem vítima;312;BR-101/RJ;Norte;Saida de Pista;1;;;;;;;;;;1;;;;
29/11/2010;00:01:00;1;com vítima;312;BR-101/RJ;Norte;Colisão Lateral;1;;;1;;;;;;;1;1;1;;
01/12/2010;20:35:00;195;com vítima;312;BR-101/RJ;Norte;Engavetamento;7;;;;1;;;;;1;11;1;4;;1
07/12/2010;13:12:00;112;sem vítima;312;BR-101/RJ;Norte;Colisão Traseira;;;;1;1;;;;;;2;;;;
14/12/2010;16:41:00;143;sem vítima;312;BR-101/RJ;Norte;Saida de Pista;;;;;1;;;;;;28;;;;
18/12/2010;02:01:00;16;sem vítima;312;BR-101/RJ;Sul;Capotamento;1;;;;;;;;;;1;;;;
23/12/2010;12:22:00;126;sem vítima;312;BR-101/RJ;Sul;Colisão Traseira;1;;;;;1;;;;;3;;;;
24/12/2010;22:10:00;203;sem vítima;312;BR-101/RJ;Sul;Saida de Pista;1;;;;;;;;;;2;;;;
04/01/2011;13:49:00;136;com vítima;312;BR-101/RJ;Sul;Colisão Traseira;2;;;;;;;;;;3;2;1;;
10/01/2011;18:22:00;188;sem vítima;312;BR-101/RJ;Norte;Colisão Traseira;;;1;;1;;;;;;4;;;;
28/01/2011;21:59:00;280;sem vítima;312;BR-101/RJ;Norte;Colisão Traseira;2;;;;;;;;;;6;;;;
29/01/2011;08:34:00;44;sem vítima;312;BR-101/RJ;Sul;Colisão Traseira;1;;;;1;;;;;;5;;;;
07/02/2011;09:15:00;70;sem vítima;312;BR-101/RJ;Sul;Colisão Lateral;1;;;1;;;;;;;2;;;;
28/02/2011;08:50:00;60;com vítima;312;BR-101/RJ;Sul;Colisão Lateral;1;;;;;1;;;;;1;1;;;
26/03/2011;20:39:00;178;sem vítima;44;BR-101/RJ;Norte;Choque - Veiculo parado no acostamento;;;2;;;;;;;;2;;;;
26/03/2011;22:46:00;193;com vítima;57,5;BR-101/RJ;Sul;Atropelamento - Morador;;;;1;;;;;;;1;;;;1
07/05/2011;01:18:00;4;sem vítima;312;BR-101/RJ;Sul;Saida de Pista;1;;;;;;;;;;3;;;;
08/05/2011;04:56:00;25;sem vítima;312;BR-101/RJ;Sul;Saida de Pista;1;;;;;;;;;;1;;;;
09/05/2011;16:46:00;132;com vítima;312;BR-101/RJ;Norte;Colisão Lateral;1;;1;;;;;;;;1;1;1;;
09/05/2011;16:53:00;138;sem vítima;312;BR-101/RJ;Norte;Saida de Pista;1;;;;;;;;;;2;;;;
15/05/2011;11:17:00;79;com vítima;312;BR-101/RJ;Norte;Atropelamento - Ciclista;1;1;;;;;;;;;1;1;;;
21/05/2011;19:09:00;161;sem vítima;312;BR-101/RJ;Sul;Choque - Outros;3;;;;;;;;;;4;;;;
30/05/2011;23:00:00;155;sem vítima;312;BR-101/RJ;Sul;Saida de Pista;1;;;;;;;;;;1;;;;
31/05/2011;05:16:00;10;sem vítima;312;BR-101/RJ;Norte;Saida de Pista;1;;;;;;;;;;4;;;;
03/06/2011;21:38:00;210;sem vítima;312;BR-101/RJ;Norte;Colisão Traseira;2;;;;;;;;;;5;;;;
07/06/2011;17:48:00;146;sem vítima;312;BR-101/RJ;Norte;Engavetamento;5;;;;;;;;;;11;;;;
09/06/2011;16:29:00;135;com vítima;312;BR-101/RJ;Sul;Atropelamento - Ciclista;2;1;;;;;;;;;4;;1;;
15/06/2011;02:57:00;15;sem vítima;312;BR-101/RJ;Sul;Choque - Outros;1;;;;;;;;;;3;;;;
18/06/2011;10:03:00;59;sem vítima;312;BR-101/RJ;Norte;Colisão Traseira;1;;;;;;;;;1;3;;;;
29/06/2011;18:00:00;141;sem vítima;312;BR-101/RJ;Norte;Colisão Traseira;2;;;;;;;;;;5;;;;
07/08/2011;11:33:00;76;com vítima;312,44500732421875;BR-101/RJ;Sul;Saida de Pista;1;;;;;;;;;;0;;2;;
13/08/2011;23:02:00;214;com vítima;312;BR-101/RJ;Norte;Atropelamento - Andarilho;;;;;;1;;;;;1;;1;;
25/08/2011;11:11:00;77;com vítima;312;BR-101/RJ;Norte;Colisão Lateral;1;;;1;;;;;;;2;1;;;
25/08/2011;11:40:00;84;sem vítima;312;BR-101/RJ;Norte;Colisão Traseira;1;;;1;;;;;;;2;;;;
19/09/2011;07:08:00;29;sem vítima;312,5;BR-101/RJ;Sul;Colisão Traseira;3;;;;;;;;;;5;;;;
06/10/2011;15:08:00;135;sem vítima;312;BR-101/RJ;Sul;Colisão Traseira;2;;;;;;;;;;2;;;;
06/10/2011;14:19:00;124;sem vítima;312,29998779296875;BR-101/RJ;Norte;Engavetamento;3;;;;;;;;;;10;;;;
11/10/2011;06:38:00;24;sem vítima;312,5;BR-101/RJ;Sul;Engavetamento;4;;;;;1;;;;;5;;;;
26/10/2011;15:44:00;100;sem vítima;312,3999938964844;BR-101/RJ;Norte;Colisão Traseira;2;;;;;;;;;;3;;;;
31/10/2011;08:25:00;52;sem vítima;312;BR-101/RJ;Sul;Saida de Pista;1;;;;;;;;;;1;;;;
05/11/2011;17:53:00;140;sem vítima;312;BR-101/RJ;Norte;Colisão Lateral;2;;;;;;;;;;7;;;;
05/11/2011;19:12:00;158;sem vítima;312;BR-101/RJ;Norte;Saida de Pista;1;;;;;;;;;;1;;;;
12/11/2011;12:48:00;120;com vítima;312;BR-101/RJ;Sul;Outros - Sequência;1;;1;;;;;;;;3;1;;;
27/11/2011;17:20:00;122;sem vítima;312;BR-101/RJ;Sul;Colisão Traseira;2;;;;;;;;;;4;;;;
04/12/2011;05:36:00;18;sem vítima;312,79998779296875;BR-101/RJ;Sul;Saida de Pista;1;;;;;;;;;;2;;;;
06/12/2011;19:34:00;193;com vítima;312;BR-101/RJ;Norte;Queda de Moto;;;;1;;1;;;;;1;;1;;
07/12/2011;16:25:00;137;sem vítima;312;BR-101/RJ;Sul;Colisão Traseira;1;;;;;;;;;;1;;;;
16/12/2011;18:08:00;190;com vítima;312;BR-101/RJ;Sul;Saida de Pista;;;;;;;;;;1;0;;1;;
17/12/2011;15:48:00;127;com vítima;312;BR-101/RJ;Norte;Colisão Traseira;1;;;1;;;;;;;1;1;;;
28/12/2011;16:17:00;155;com vítima;312;BR-101/RJ;Norte;Colisão Lateral;1;;;1;;;;;;;2;;1;;
31/12/2011;14:30:00;100;com vítima;312;BR-101/RJ;Norte;Queda de Moto;;;;1;;;;;;;0;;1;1;
02/01/2012;09:29:00;60;sem vítima;312;BR-101/RJ;Norte;Colisão Traseira;2;;1;;;;;;;;6;;;;
17/01/2012;17:24:00;160;sem vítima;312;BR-101/RJ;Norte;Saida de Pista;1;;;;;;;;;;1;;;;
21/01/2012;15:28:00;110;com vítima;312;BR-101/RJ;Norte;Queda de Moto;;;;1;;;;;;;0;2;;;
23/01/2012;14:25:00;127;com vítima;312,5;BR-101/RJ;Norte;Queda de Moto;;;;1;;;;;;;0;;2;;
03/02/2012;13:47:00;112;sem vítima;312;BR-101/RJ;Norte;Capotamento;1;;;;;;;;;1;3;;;;
15/02/2012;12:28:00;94;com vítima;312;BR-101/RJ;Sul;Saida de Pista;1;;;;;;;;;;0;;1;;
21/02/2012;20:53:00;170;sem vítima;312;BR-101/RJ;Sul;Colisão Traseira;2;;;;;;;;;;3;;;;
26/02/2012;18:21:00;155;sem vítima;312;BR-101/RJ;Norte;Colisão Traseira;1;;;;1;;;;;;2;;;;
02/03/2012;22:24:00;208;com vítima;312;BR-101/RJ;Norte;Colisão Lateral;;;;1;;1;;;;;1;;1;;
11/03/2012;21:53:00;185;sem vítima;312;BR-101/RJ;Sul;Colisão Traseira;2;;;;;;;;;;4;;;;
12/03/2012;06:40:00;28;com vítima;312,5;BR-101/RJ;Sul;Colisão Traseira;2;;;;;;;;;;3;1;;;
15/03/2012;22:45:00;188;com vítima;312;BR-101/RJ;Norte;Queda de Moto;;;;1;;;;;;;0;1;1;;
20/03/2012;18:51:00;123;sem vítima;312;BR-101/RJ;Norte;Saida de Pista;1;;;;;;;;;;1;;;;
23/03/2012;05:58:00;14;com vítima;312,2;BR-101/RJ;Norte;Tombamento;;;1;;;;;;;;0;;2;;
23/03/2012;06:07:00;15;com vítima;312,5;BR-101/RJ;Norte;Outros - Sequência;3;;;2;;;;;;;3;;1;;1
29/03/2012;21:06:00;163;sem vítima;312;BR-101/RJ;Norte;Saida de Pista;1;;;;;;;;;;1;;;;
31/03/2012;22:45:00;167;sem vítima;312;BR-101/RJ;Norte;Capotamento;1;;;;;;;;;;4;;;;
31/03/2012;23:05:00;170;sem vítima;312;BR-101/RJ;Norte;Engavetamento;2;;;;;;;;;;2;;;;
02/04/2012;11:10:00;101;sem vítima;312;BR-101/RJ;Sul;Colisão Traseira;2;;;;;;;;;;3;;;;
04/04/2012;23:25:00;208;com vítima;312;BR-101/RJ;Sul;Atropelamento - Funcionário;;;1;;;;;;;;1;;;;1
12/04/2012;21:21:00;192;com vítima;312,9;BR-101/RJ;Sul;Colisão Lateral;2;;1;;;;;;;;3;1;1;;
02/05/2012;06:57:00;26;sem vítima;312,5;BR-101/RJ;Sul;Colisão Traseira;3;;;;;;;;;;5;;;;
05/05/2012;15:01:00;107;com vítima;312;BR-101/RJ;Sul;Colisão Lateral;;;;1;;1;;;;;1;;1;;
14/05/2012;08:12:00;49;sem vítima;312;BR-101/RJ;Sul;Saida de Pista;1;;;;;;;;;;1;;;;
19/05/2012;17:53:00;133;com vítima;312,5;BR-101/RJ;Norte;Capotamento;1;;;;;;;;;;0;1;;;
02/06/2012;05:14:00;36;sem vítima;312;BR-101/RJ;Sul;Saida de Pista;1;;;;;;;;;;1;;;;
05/06/2012;07:45:00;30;sem vítima;312;BR-101/RJ;Norte;Saida de Pista;1;;;;;;;;;;4;;;;
06/06/2012;06:06:00;26;sem vítima;312;BR-101/RJ;Sul;Colisão Traseira;2;;;;;;;;;;6;;;;
06/06/2012;21:15:00;193;sem vítima;312;BR-101/RJ;Norte;Colisão Traseira;1;;;;;1;;;;;3;;;;
08/06/2012;21:08:00;186;com vítima;312,8;BR-101/RJ;Sul;Colisão Traseira;2;;;;;;;;;;2;1;;;
12/06/2012;10:11:00;97;com vítima;312;BR-101/RJ;Norte;Objeto lançado contra veículo;1;;;;;;;;;;0;1;;;
12/06/2012;18:24:00;188;com vítima;312;BR-101/RJ;Norte;Engavetamento;5;;;;;;;;;;11;;1;;
19/06/2012;17:27:00;183;sem vítima;312;BR-101/RJ;Norte;Engavetamento;4;;;;;;;;;;8;;;;
24/06/2012;13:26:00;88;sem vítima;312;BR-101/RJ;Sul;Saida de Pista;1;;;;;;;;;;1;;;;
30/06/2012;08:26:00;54;sem vítima;312;BR-101/RJ;Sul;Engavetamento;3;;;;;;;;;;5;;;;
30/06/2012;12:24:00;95;sem vítima;312;BR-101/RJ;Norte;Colisão Traseira;1;;;;;;;;;1;2;;;;
07/07/2012;13:16:00;104;com vítima;312;BR-101/RJ;Sul;Queda de Moto;;;;1;;;;;;;0;;1;;
08/07/2012;16:29:00;102;sem vítima;312;BR-101/RJ;Norte;Queda de Moto;;;;1;;;;;;;2;;;;
11/07/2012;19:26:00;152;sem vítima;312;BR-101/RJ;Norte;Colisão Traseira;1;;;;;1;;;;;2;;;;
13/07/2012;14:25:00;116;sem vítima;312,496;BR-101/RJ;Norte;Colisão Traseira;2;;;;;1;;;;;4;;;;
15/07/2012;02:43:00;11;com vítima;312,6;BR-101/RJ;Norte;Queda de Moto;;;;1;;;;;;;0;;1;;
20/07/2012;09:24:00;63;sem vítima;312;BR-101/RJ;Sul;Saida de Pista;1;;;;;;;;;;2;;;;
22/07/2012;15:21:00;110;sem vítima;312,362;BR-101/RJ;Norte;Engavetamento;4;;;;;;;;;;11;;;;
10/08/2012;11:16:00;83;sem vítima;312;BR-101/RJ;Norte;Colisão Traseira;3;;;;;;;;;;6;;;;
13/08/2012;07:41:00;45;com vítima;312;BR-101/RJ;Norte;Colisão Lateral;2;;;;;;;;;;1;1;;;
13/08/2012;14:37:00;132;sem vítima;312;BR-101/RJ;Norte;Colisão Traseira;2;;;;;;;;;;3;;;;
27/08/2012;06:18:00;26;sem vítima;312;BR-101/RJ;Sul;Engavetamento;2;;;;;;;;;1;5;;;;
01/09/2012;03:53:00;22;sem vítima;312;BR-101/RJ;Norte;Colisão Traseira;2;;;;;;;;;;4;;;;
01/09/2012;04:00:00;23;sem vítima;312;BR-101/RJ;Norte;Engavetamento;3;;;;;;;;;;6;;;;
05/09/2012;10:02:00;89;sem vítima;312;BR-101/RJ;Sul;Colisão Traseira;2;;1;;;;;;;;6;;;;
13/09/2012;01:48:00;7;sem vítima;312;BR-101/RJ;Norte;Colisão Lateral;2;;;;;;;;;;2;;;;
18/09/2012;21:15:00;194;com vítima;312,732;BR-101/RJ;Norte;Choque - Defensa, barreira ou "submarino";1;;;;;;;;;;0;1;1;;
26/09/2012;01:06:00;8;com vítima;312,077;BR-101/RJ;Sul;Saida de Pista;;;1;;;;;;;;0;;1;;
27/09/2012;15:47:00;146;sem vítima;312,838;BR-101/RJ;Norte;Colisão Traseira;3;;;;;1;;;;;4;;;;
27/09/2012;15:47:00;149;sem vítima;312,838;BR-101/RJ;Sul;Colisão Traseira;1;;1;;;;;;;;5;;;;
29/09/2012;01:43:00;11;com vítima;312,2;BR-101/RJ;Norte;Choque - Outros;1;;;;;;;;;;0;;1;;
04/10/2012;10:05:00;79;sem vítima;312;BR-101/RJ;Norte;Colisão Traseira;2;;;;;;;;;;2;;;;
08/10/2012;00:31:00;5;sem vítima;312;BR-101/RJ;Norte;Colisão Traseira;2;;;;;;;;;;3;;;;