data;horario;n_da_ocorrencia;tipo_de_ocorrencia;km;trecho;sentido;tipo_de_acidente;automovel;bicicleta;caminhao;moto;onibus;outros;tracao_animal;transporte_de_cargas_especiais;trator_maquinas;utilitarios;ilesos;levemente_feridos;moderadamente_feridos;gravemente_feridos;mortos
03/12/2010;18:41:00;160;sem vítima;313;BR-101/RJ;Sul;Saida de Pista;1;;;;;;;;;;2;;;;
07/12/2010;08:08:00;46;sem vítima;313;BR-101/RJ;Sul;Saida de Pista;1;;;;;;;;;;1;;;;
19/12/2010;14:40:00;118;com vítima;313;BR-101/RJ;Norte;Choque - Poste;1;;;;;;;;;;0;;2;;
20/12/2010;20:41:00;211;sem vítima;313;BR-101/RJ;Norte;Colisão Frontal;2;;;;;;;;;;3;;;;
25/12/2010;19:44:00;135;sem vítima;313;BR-101/RJ;Norte;Saida de Pista;1;;;;;;;;;;1;;;;
29/12/2010;13:45:00;129;sem vítima;313;BR-101/RJ;Sul;Colisão Lateral;2;;;;;;;;;;2;;;;
03/01/2011;09:03:00;101;sem vítima;313;BR-101/RJ;Sul;Colisão Traseira;2;;;;;;;;;;7;;;;
04/01/2011;11:48:00;107;sem vítima;313;BR-101/RJ;Sul;Colisão Traseira;1;;;;;;;;;1;2;;;;
09/01/2011;04:40:00;15;sem vítima;313;BR-101/RJ;Norte;Saida de Pista;1;;;;;;;;;;1;;;;
10/01/2011;18:43:00;193;sem vítima;313;BR-101/RJ;Sul;Saida de Pista;1;;;;;;;;;;3;;;;
15/01/2011;14:18:00;103;com vítima;313;BR-101/RJ;Norte;Queda de Moto;;;;1;;1;;;;;1;;1;;
27/01/2011;20:07:00;215;sem vítima;313;BR-101/RJ;Norte;Colisão Lateral;1;;;1;;;;;;;2;;;;
03/02/2011;18:06:00;155;sem vítima;313;BR-101/RJ;Sul;Colisão Traseira;1;;1;;;;;;;;4;;;;
13/02/2011;23:22:00;204;com vítima;313;BR-101/RJ;Norte;Queda de Moto;;;;1;;;;;;;0;1;;;
19/02/2011;14:18:00;106;com vítima;313;BR-101/RJ;Norte;Colisão Lateral;2;;;;;;;;;;2;1;;;
21/02/2011;07:49:00;44;sem vítima;313;BR-101/RJ;Sul;Engavetamento;3;;;;;;;;;;3;;;;
21/02/2011;08:30:00;55;com vítima;313,5;BR-101/RJ;Sul;Colisão Traseira;1;;;1;;;;;;;1;;1;;
27/03/2011;01:19:00;4;com vítima;320;BR-101/RJ;Norte;Capotamento;1;;;;;;;;;;2;;1;;
27/03/2011;05:39:00;21;com vítima;320;BR-101/RJ;Sul;Capotamento;1;;;;;;;;;;0;;1;;
27/03/2011;05:50:00;22;sem vítima;320;BR-101/RJ;Norte;Colisão Traseira;1;;;;;1;;;;;2;;;;
27/03/2011;05:58:00;23;sem vítima;320;BR-101/RJ;Norte;Colisão Traseira;;;;;;2;;;;;2;;;;
27/03/2011;08:19:00;35;sem vítima;157;BR-101/RJ;Sul;Saida de Pista;1;;;;;1;;;;;3;;;;
27/03/2011;09:09:00;48;com vítima;37;BR-101/RJ;Sul;Queda de Moto;;;;1;;1;;;;;1;1;;;
03/05/2011;04:35:00;7;sem vítima;313;BR-101/RJ;Norte;Saida de Pista;1;;;;;;;;;;4;;;;
11/05/2011;07:50:00;27;sem vítima;313,8500061035156;BR-101/RJ;Sul;Engavetamento;3;;;;;;;;;;6;;;;
13/05/2011;03:19:00;10;sem vítima;313;BR-101/RJ;Norte;Colisão Traseira;;;1;;;1;;;;;2;;;;
17/05/2011;02:55:00;7;sem vítima;313;BR-101/RJ;Norte;Choque - Defensa, barreira ou "submarino";1;;;;;;;;;;1;;;;
27/05/2011;04:44:00;18;sem vítima;313;BR-101/RJ;Norte;Saida de Pista;1;;;;;;;;;;1;;;;
27/05/2011;20:02:00;174;sem vítima;313;BR-101/RJ;Norte;Colisão Traseira;1;;;1;;;;;;;4;;;;
28/05/2011;08:48:00;44;sem vítima;313;BR-101/RJ;Norte;Atropelamento de Animal;1;;;;;;;;;;1;;;;
30/05/2011;06:47:00;24;sem vítima;313;BR-101/RJ;Sul;Colisão Traseira;1;;;;1;1;;;;;3;;;;
03/06/2011;17:44:00;158;sem vítima;313;BR-101/RJ;Sul;Saida de Pista;1;;;;;;;;;;1;;;;
04/06/2011;18:05:00;151;sem vítima;313;BR-101/RJ;Norte;Colisão Traseira;3;;;;;;;;;;6;;;;
06/06/2011;08:11:00;41;sem vítima;313;BR-101/RJ;Sul;Engavetamento;3;;;;;;;;;;5;;;;
10/06/2011;02:14:00;7;com vítima;313;BR-101/RJ;Norte;Saida de Pista;;;1;;;;;;;;0;;1;;
13/06/2011;06:44:00;27;sem vítima;313;BR-101/RJ;Sul;Colisão Lateral;1;;;1;;;;;;;2;;;;
23/06/2011;05:52:00;26;sem vítima;313;BR-101/RJ;Norte;Colisão Lateral;2;;;;;;;;;;5;;;;
28/06/2011;12:23:00;84;sem vítima;313,20001220703125;BR-101/RJ;Norte;Saida de Pista;1;;1;;;;;;;;2;;;;
29/06/2011;18:52:00;147;com vítima;313,8999938964844;BR-101/RJ;Norte;Colisão Traseira;1;;;1;;;;;;;3;;1;;
29/06/2011;19:58:00;158;sem vítima;313,95001220703125;BR-101/RJ;Norte;Queda de Moto;;;;1;;;;;;;2;;;;
03/08/2011;14:53:00;96;sem vítima;313;BR-101/RJ;Sul;Saida de Pista;1;;;;;;;;;;5;;;;
09/08/2011;17:46:00;131;com vítima;313,9800109863281;BR-101/RJ;Sul;Saida de Pista;1;;;;;;;;;;1;1;;;
25/08/2011;11:42:00;85;sem vítima;313;BR-101/RJ;Norte;Saida de Pista;1;;;;;;;;;;1;;;;
31/08/2011;16:18:00;115;com vítima;313;BR-101/RJ;Sul;Colisão Lateral;2;;;;;;;;;;3;1;;;
04/09/2011;15:54:00;86;sem vítima;313;BR-101/RJ;Norte;Saida de Pista;1;;;;;;;;;;2;;;;
07/09/2011;14:18:00;99;sem vítima;313;BR-101/RJ;Norte;Queda de Moto;;;;1;;;;;;;1;;;;
08/09/2011;15:10:00;92;sem vítima;313;BR-101/RJ;Norte;Queda de Moto;;;;1;;;;;;;1;;;;
08/09/2011;19:39:00;129;sem vítima;313,5;BR-101/RJ;Sul;Colisão Lateral;2;;;;;;;;;;2;;;;
09/09/2011;19:02:00;158;com vítima;313;BR-101/RJ;Sul;Queda de Moto;;;;1;;;;;;;0;1;;;
14/09/2011;07:58:00;35;sem vítima;313;BR-101/RJ;Norte;Colisão Lateral;1;;1;;;;;;;;2;;;;
14/09/2011;15:25:00;102;sem vítima;313;BR-101/RJ;Sul;Colisão Traseira;;;;;1;;;;;1;3;;;;
17/09/2011;05:27:00;23;sem vítima;313;BR-101/RJ;Sul;Colisão Lateral;2;;;;;;;;;;5;;;;
26/09/2011;17:47:00;153;sem vítima;313;BR-101/RJ;Norte;Colisão Lateral;;;1;;1;;;;;;2;;;;
30/09/2011;19:34:00;186;sem vítima;313;BR-101/RJ;Norte;Engavetamento;3;;;;;1;;;;;5;;;;
11/10/2011;13:27:00;103;sem vítima;313;BR-101/RJ;Sul;Colisão Lateral;2;;;;;;;;;;2;;;;
15/10/2011;17:32:00;145;sem vítima;313;BR-101/RJ;Norte;Colisão Traseira;1;;;;;1;;;;;2;;;;
17/10/2011;07:01:00;37;com vítima;313;BR-101/RJ;Sul;Colisão Traseira;;;;;2;;;;;;115;4;1;;
17/10/2011;01:08:00;13;com vítima;313,8900146484375;BR-101/RJ;Norte;Capotamento;1;;;;;;;;;;2;;3;;
18/10/2011;01:19:00;4;sem vítima;313;BR-101/RJ;Sul;Saida de Pista;;;;;;;;;;1;1;;;;
18/10/2011;08:14:00;45;sem vítima;313;BR-101/RJ;Sul;Colisão Lateral;1;;;1;;;;;;;2;;;;
18/10/2011;10:02:00;72;sem vítima;313,8999938964844;BR-101/RJ;Sul;Colisão Traseira;1;;1;;;;;;;;6;;;;
30/10/2011;05:25:00;19;sem vítima;313;BR-101/RJ;Sul;Saida de Pista;1;;;;;;;;;;1;;;;
05/11/2011;18:07:00;143;sem vítima;313;BR-101/RJ;Norte;Saida de Pista;1;;;;;;;;;;2;;;;
11/11/2011;19:20:00;171;com vítima;313;BR-101/RJ;Norte;Colisão Lateral;1;;;1;;;;;;;1;1;;;
14/11/2011;07:35:00;26;sem vítima;313;BR-101/RJ;Sul;Saida de Pista;1;;;;;;;;;;1;;;;
01/12/2011;09:04:00;52;sem vítima;313;BR-101/RJ;Sul;Colisão Traseira;1;;;1;;;;;;;2;;;;
03/12/2011;00:56:00;7;com vítima;313;BR-101/RJ;Sul;Saida de Pista;1;;2;;;;;;;;2;;1;;
03/12/2011;02:41:00;17;sem vítima;313;BR-101/RJ;Sul;Colisão Traseira;1;;1;;;;;;;;5;;;;
07/12/2011;15:00:00;119;sem vítima;313;BR-101/RJ;Norte;Saida de Pista;1;;;;;2;;;;;4;;;;
09/12/2011;10:37:00;69;com vítima;313;BR-101/RJ;Sul;Colisão Traseira;1;;;1;;;;;;;1;;1;;
12/12/2011;11:55:00;97;com vítima;313,79998779296875;BR-101/RJ;Norte;Colisão Traseira;;;;1;1;;;;;;1;1;;;
13/12/2011;04:30:00;14;com vítima;313,5;BR-101/RJ;Norte;Colisão Lateral;;;;;;2;;;;;0;;2;;
25/12/2011;02:14:00;7;com vítima;313;BR-101/RJ;Norte;Atropelamento - Andarilho;1;;;;;;;;;;1;;;;1
26/12/2011;11:19:00;82;com vítima;313;BR-101/RJ;Norte;Queda de Moto;;;;1;;;;;;;0;1;;;
27/12/2011;14:13:00;120;sem vítima;313;BR-101/RJ;Sul;Colisão Lateral;1;;;;1;;;;;;2;;;;
02/01/2012;06:26:00;22;sem vítima;313;BR-101/RJ;Sul;Saida de Pista;1;;;;;;;;;;1;;;;
08/01/2012;15:35:00;110;com vítima;313;BR-101/RJ;Sul;Atropelamento - Morador;;;;;;1;;;;;1;1;;;
20/01/2012;14:13:00;137;sem vítima;313;BR-101/RJ;Norte;Colisão Traseira;2;;;;;;;;;;2;;;;
27/01/2012;00:16:00;2;com vítima;313;BR-101/RJ;Sul;Saida de Pista;1;;;;;;;;;;0;;;;1
30/01/2012;18:44:00;157;sem vítima;313;BR-101/RJ;Norte;Colisão Traseira;1;;;1;;;;;;;4;;;;
14/02/2012;07:06:00;29;sem vítima;313;BR-101/RJ;Norte;Saida de Pista;1;;;;;;;;;;1;;;;
15/02/2012;10:21:00;72;sem vítima;313;BR-101/RJ;Sul;Colisão Lateral;1;;;;1;;;;;;2;;;;
15/02/2012;18:12:00;166;com vítima;313;BR-101/RJ;Norte;Colisão Traseira;1;;;;1;;;;;;41;1;;;
16/02/2012;17:59:00;177;com vítima;313;BR-101/RJ;Norte;Colisão Lateral;;;;1;1;1;;;;;2;;;;1
02/03/2012;20:04:00;192;sem vítima;313;BR-101/RJ;Sul;Saida de Pista;2;;;;;;;;;;5;;;;
10/03/2012;21:07:00;175;sem vítima;313;BR-101/RJ;Sul;Colisão Frontal;2;;;;;;;;;;5;;;;
18/03/2012;18:49:00;124;sem vítima;313;BR-101/RJ;Norte;Choque - Poste;1;;;;;;;;;;1;;;;
19/03/2012;06:44:00;27;com vítima;313;BR-101/RJ;Sul;Colisão Lateral;1;;;1;;;;;;;4;1;;;
27/03/2012;17:16:00;139;com vítima;313;BR-101/RJ;Norte;Colisão Traseira;1;;;1;;;;;;;2;1;;;
27/03/2012;22:40:00;178;com vítima;313;BR-101/RJ;Norte;Queda de Moto;;;;1;;;;;;;0;;1;;
29/03/2012;06:35:00;22;sem vítima;313;BR-101/RJ;Sul;Colisão Traseira;2;;;;;;;;;;3;;;;
29/03/2012;10:05:00;65;com vítima;313;BR-101/RJ;Sul;Colisão Lateral;1;;;1;;;;;;;2;;1;;
31/03/2012;06:33:00;25;com vítima;313;BR-101/RJ;Norte;Capotamento;1;;;;;;;;;;0;3;4;;
31/03/2012;23:21:00;171;com vítima;313;BR-101/RJ;Norte;Colisão Traseira;1;;;1;;;;;;;1;;2;;
05/04/2012;06:54:00;43;sem vítima;313;BR-101/RJ;Sul;Colisão Traseira;1;;;1;;;;;;;5;;;;
06/04/2012;09:26:00;77;com vítima;313;BR-101/RJ;Sul;Queda de Moto;;;;1;;;;;;;0;2;;;
07/04/2012;20:53:00;139;sem vítima;313;BR-101/RJ;Norte;Colisão Lateral;2;;;;;;;;;;2;;;;
08/04/2012;14:59:00;123;com vítima;313;BR-101/RJ;Norte;Colisão Lateral;1;;;1;;;;;;;2;;;1;
09/04/2012;16:44:00;149;sem vítima;313;BR-101/RJ;Norte;Colisão Lateral;;;;1;;;;;;1;2;;;;
19/04/2012;18:57:00;148;com vítima;313;BR-101/RJ;Norte;Colisão Lateral;1;;;1;;;;;;;1;1;1;;
19/04/2012;19:15:00;149;sem vítima;313;BR-101/RJ;Norte;Colisão Traseira;2;;;;;;;;;;2;;;;
24/04/2012;06:05:00;23;sem vítima;313;BR-101/RJ;Sul;Engavetamento;2;;;;;;;;;1;6;;;;
24/04/2012;09:52:00;83;sem vítima;313;BR-101/RJ;Sul;Colisão Traseira;2;;;;;;;;;;2;;;;
29/04/2012;03:45:00;12;sem vítima;313;BR-101/RJ;Sul;Saida de Pista;1;;;;;;;;;;2;;;;
29/04/2012;07:52:00;28;sem vítima;313;BR-101/RJ;Sul;Saida de Pista;1;;;;;;;;;;1;;;;
04/05/2012;07:21:00;27;sem vítima;313;BR-101/RJ;Sul;Colisão Traseira;2;;;;;;;;;;2;;;;
14/05/2012;06:43:00;27;sem vítima;313;BR-101/RJ;Sul;Colisão Traseira;1;;1;;;;;;;;2;;;;
14/05/2012;06:52:00;29;com vítima;313;BR-101/RJ;Sul;Outros - Sequência;2;;;1;;;;;;;2;;1;;
14/05/2012;14:11:00;106;sem vítima;313;BR-101/RJ;Sul;Saida de Pista;1;;;;;;;;;;1;;;;
15/05/2012;22:23:00;158;com vítima;313;BR-101/RJ;Norte;Colisão Lateral;2;;;;;;;;;;3;;1;;
29/05/2012;14:39:00;115;sem vítima;313;BR-101/RJ;Sul;Colisão Frontal;2;;;;;;;;;;3;;;;
31/05/2012;11:52:00;96;sem vítima;313;BR-101/RJ;Sul;Colisão Lateral;1;;;;;1;;;;;3;;;;
31/05/2012;12:55:00;109;sem vítima;313;BR-101/RJ;Norte;Saida de Pista;1;;;;;;;;;;2;;;;
12/06/2012;16:00:00;167;sem vítima;313;BR-101/RJ;Norte;Colisão Lateral;1;;1;;;;;;;;2;;;;
12/06/2012;18:24:00;189;sem vítima;313;BR-101/RJ;Norte;Saida de Pista;1;;;;;;;;;;1;;;;
17/06/2012;17:47:00;119;sem vítima;313;BR-101/RJ;Sul;Colisão Lateral;1;;;;;1;;;;;3;;;;
23/06/2012;16:22:00;104;com vítima;313;BR-101/RJ;Sul;Atropelamento - Ciclista;;1;;;;1;;;;;1;;1;;
08/07/2012;18:01:00;119;sem vítima;313;BR-101/RJ;Norte;Colisão Traseira;4;;;;;;;;;;10;;;;
09/07/2012;16:54:00;147;sem vítima;313;BR-101/RJ;Sul;Queda de Moto;;;;1;;;;;;;1;;;;
11/07/2012;07:01:00;31;sem vítima;313;BR-101/RJ;Norte;Atropelamento de Animal;1;;;;;;;;;;1;;;;
12/07/2012;18:16:00;155;sem vítima;313;BR-101/RJ;Norte;Colisão Lateral;1;;1;;;;;;;;3;;;;
23/07/2012;18:09:00;159;sem vítima;313;BR-101/RJ;Norte;Colisão Traseira;2;;;;;;;;;;3;;;;
23/07/2012;20:12:00;176;sem vítima;313;BR-101/RJ;Norte;Queda de Moto;;;;1;;;;;;;2;;;;
24/07/2012;13:53:00;107;com vítima;313;BR-101/RJ;Norte;Colisão Lateral;1;;;;;;;;;1;3;1;;;
24/07/2012;17:50:00;151;sem vítima;313;BR-101/RJ;Sul;Saida de Pista;1;;;;;;;;;;1;;;;
30/07/2012;23:41:00;192;com vítima;313,6;BR-101/RJ;Norte;Atropelamento - Outros;1;;;;;;;;;;1;;;1;
02/08/2012;07:05:00;41;sem vítima;313;BR-101/RJ;Norte;Colisão Lateral;2;;;;;;;;;;2;;;;
06/08/2012;03:44:00;13;sem vítima;313;BR-101/RJ;Sul;Saida de Pista;1;;;;;;;;;;1;;;;
08/08/2012;07:57:00;41;com vítima;313,962;BR-101/RJ;Sul;Colisão Lateral;1;;;1;;;;;;;1;;2;;
09/08/2012;04:44:00;19;sem vítima;313;BR-101/RJ;Norte;Capotamento;1;;;;;;;;;;1;;;;
11/08/2012;01:53:00;16;sem vítima;313;BR-101/RJ;Sul;Capotamento;1;;;;;;;;;;1;;;;
27/08/2012;04:45:00;20;com vítima;313,1;BR-101/RJ;Sul;Atropelamento - Andarilho;;;;;;;;;;1;1;;;;1
30/08/2012;18:07:00;141;sem vítima;313;BR-101/RJ;Norte;Colisão Lateral;2;;;1;;;;;;;5;;;;
30/08/2012;14:26:00;112;sem vítima;313,476;BR-101/RJ;Norte;Colisão Lateral;1;;;;1;;;;;;3;;;;
07/09/2012;14:39:00;173;sem vítima;313;BR-101/RJ;Norte;Engavetamento;3;;;;;;;;;;6;;;;
08/09/2012;02:19:00;10;com vítima;313,04;BR-101/RJ;Norte;Queda de Moto;;;;1;;;;;;;0;;;1;
15/09/2012;05:58:00;38;com vítima;313,89;BR-101/RJ;Norte;Saida de Pista;1;;;;;;;;;;0;;1;1;
23/09/2012;01:40:00;10;sem vítima;313,431;BR-101/RJ;Sul;Choque - Suporte de Sinalização;1;;;;;;;;;;1;;;;
26/09/2012;05:11:00;28;sem vítima;313;BR-101/RJ;Sul;Saida de Pista;1;;;;;;;;;;1;;;;
26/09/2012;02:39:00;18;sem vítima;313,205;BR-101/RJ;Sul;Saida de Pista;1;;;;;;;;;;1;;;;
06/10/2012;10:53:00;90;sem vítima;313;BR-101/RJ;Norte;Colisão Lateral;1;;;;;;;;;;2;;;;
08/10/2012;21:01:00;186;sem vítima;313;BR-101/RJ;Norte;Queda de Moto;;;;1;;1;;;;;3;;;;
11/10/2012;13:46:00;130;sem vítima;313;BR-101/RJ;Norte;Colisão Transversal;;;2;;;;;;;;2;;;;
12/10/2012;07:02:00;45;sem vítima;313;BR-101/RJ;Norte;Saida de Pista;1;;;;;;;;;;1;;;;
14/10/2012;01:13:00;7;sem vítima;313;BR-101/RJ;Norte;Saida de Pista;1;;;;;;;;;;1;;;;
19/10/2012;13:04:00;101;com vítima;313;BR-101/RJ;Sul;Colisão Lateral;;;;1;;;;;;1;1;;1;;
19/10/2012;15:08:00;118;sem vítima;313;BR-101/RJ;Norte;Colisão Traseira;2;;;;;;;;;;5;;;;
26/10/2012;03:52:00;22;com vítima;313;BR-101/RJ;Norte;Choque - Defensa, barreira ou "submarino";;;;1;;;;;;;0;;1;;
28/10/2012;04:39:00;25;com vítima;313,085;BR-101/RJ;Norte;Queda de Moto;;;;1;;;;;;;0;;1;;
20/11/2012;04:57:00;24;sem vítima;313,981;BR-101/RJ;Norte;Capotamento;1;;;;;;;;;;2;;;;
21/11/2012;19:41:00;179;sem vítima;313,253;BR-101/RJ;Norte;Colisão Traseira;2;;;;;;;;;;3;;;;
21/11/2012;18:54:00;166;sem vítima;313,374;BR-101/RJ;Norte;Colisão Traseira;2;;;;;;;;;;4;;;;
25/11/2012;15:01:00;86;sem vítima;313;BR-101/RJ;Norte;Colisão Traseira;1;;;;;;;;;;1;;;;
25/11/2012;15:09:00;90;sem vítima;313;BR-101/RJ;Sul;Queda de Moto;;;;1;;;;;;;1;;;;
26/11/2012;12:14:00;102;sem vítima;313;BR-101/RJ;Norte;Colisão Traseira;;;;;1;1;;;;;2;;;;
30/11/2012;09:01:00;70;com vítima;313;BR-101/RJ;Sul;Colisão Lateral;2;;;;;;;;;;3;1;;;
08/12/2012;23:27:00;260;sem vítima;313;BR-101/RJ;Norte;Colisão Traseira;2;;;;;;;;;;7;;;;
10/12/2012;01:27:00;11;sem vítima;313;BR-101/RJ;Sul;Choque - Defensa, barreira ou "submarino";1;;;;;;;;;;1;;;;
10/12/2012;19:54:00;220;com vítima;313;BR-101/RJ;Norte;Engavetamento;2;;;;1;;;;;;2;;1;;
15/12/2012;04:21:00;24;sem vítima;313;BR-101/RJ;Sul;Choque - Suporte de Sinalização;1;;;;;;;;;;2;;;;
15/12/2012;07:13:00;37;sem vítima;313;BR-101/RJ;Sul;Saida de Pista;1;;;;;;;;;;1;;;;
16/12/2012;08:07:00;47;com vítima;313;BR-101/RJ;Norte;Choque - Defensa, barreira ou "submarino";1;;;;;;;;;;0;;;1;
18/12/2012;16:14:00;145;sem vítima;313;BR-101/RJ;Sul;Colisão Lateral;;;2;;;;;;;;2;;;;
22/12/2012;06:53:00;54;sem vítima;313;BR-101/RJ;Norte;Colisão Lateral;1;;;;;1;;;;;4;;;;
25/12/2012;17:52:00;140;sem vítima;313;BR-101/RJ;Norte;Colisão Traseira;2;;;;;;;;;;4;;;;
26/12/2012;17:24:00;180;com vítima;313;BR-101/RJ;Norte;Colisão Lateral;2;;;1;;;;;;;4;1;;;
02/01/2013;07:50:00;57;sem vítima;313,169;BR-101/RJ;Sul;Colisão Traseira;1;;;;;;;;;1;6;;;;
04/01/2013;15:54:00;134;sem vítima;313;BR-101/RJ;Norte;Colisão Traseira;3;;;;;;;;;;8;;;;
15/01/2013;17:29:00;135;com vítima;313,3;BR-101/RJ;Norte;Colisão Lateral;;;;1;1;;;;;;1;;;;1
18/01/2013;06:35:00;28;sem vítima;313;BR-101/RJ;Norte;Colisão Lateral;1;;1;;;;;;;;2;;;;
18/01/2013;01:42:00;7;sem vítima;313,23;BR-101/RJ;Sul;Saida de Pista;1;;;;;;;;;;1;;;;
19/01/2013;03:46:00;25;sem vítima;313;BR-101/RJ;Sul;Saida de Pista;1;;;;;;;;;;1;;;;
24/01/2013;17:12:00;135;sem vítima;313;BR-101/RJ;Norte;Colisão Traseira;2;;;;;;;;;;2;;;;
31/01/2013;03:47:00;18;sem vítima;313;BR-101/RJ;Sul;Atropelamento de Animal;1;;;;;;;;;;1;;;;
02/02/2013;19:39:00;198;sem vítima;313;BR-101/RJ;Sul;Engavetamento;2;;;;;1;;;;;8;;;;
05/02/2013;18:21:00;128;sem vítima;313;BR-101/RJ;Norte;Colisão Traseira;1;;1;;;;;;;;2;;;;
05/02/2013;09:38:00;59;sem vítima;313,6;BR-101/RJ;Sul;Colisão Lateral;1;;;1;;;;;;;2;;;;
07/02/2013;23:37:00;282;sem vítima;313;BR-101/RJ;Sul;Colisão Frontal;2;;;;;;;;;;3;;;;
09/02/2013;20:59:00;327;sem vítima;313;BR-101/RJ;Norte;Colisão Traseira;2;;;;;;;;;;2;;;;
02/03/2013;13:15:00;107;sem vítima;313;BR-101/RJ;Norte;Colisão Traseira;2;;;;;;;;;;2;;;;
29/03/2013;10:02:00;84;sem vítima;313,18;BR-101/RJ;Norte;Saida de Pista;1;;;;;;;;;;2;;;;
31/03/2013;08:54:00;47;com vítima;313;BR-101/RJ;Sul;Queda de Moto;;;;1;;;;;;;0;1;1;;
01/04/2013;20:06:00;192;sem vítima;313;BR-101/RJ;Norte;Colisão Lateral;1;;;;1;;;;;;2;;;;
03/04/2013;10:33:00;78;com vítima;313,111;BR-101/RJ;Sul;Queda de Moto;;;;1;;;;;;;0;;1;;
11/04/2013;00:30:00;4;sem vítima;313;BR-101/RJ;Norte;Choque - Veiculo parado no acostamento;1;;1;;;;;;;;2;;;;
19/04/2013;18:35:00;174;com vítima;313;BR-101/RJ;Norte;Colisão Traseira;3;;;;;;;;;;0;4;;;
21/04/2013;13:10:00;73;sem vítima;313;BR-101/RJ;Sul;Colisão Frontal;2;;;;;;;;;;6;;;;
23/04/2013;23:08:00;192;com vítima;313,111;BR-101/RJ;Norte;Saida de Pista;1;;;;;;;;;;0;;2;;
26/04/2013;17:44:00;182;com vítima;313;BR-101/RJ;Norte;Engavetamento;3;;;;;;;;;;3;;1;;
30/04/2013;17:54:00;143;com vítima;313,155;BR-101/RJ;Norte;Capotamento;1;;;;;;;;;;0;1;;;
06/05/2013;06:19:00;21;sem vítima;313;BR-101/RJ;Norte;Saida de Pista;1;;;;;;;;;;1;;;;
10/05/2013;19:16:00;152;sem vítima;313;BR-101/RJ;Norte;Saida de Pista;1;;;;;;;;;;1;;;;
13/05/2013;06:53:00;34;com vítima;313,879;BR-101/RJ;Sul;Colisão Traseira;2;;;;;;;;;;4;;1;;
15/05/2013;08:33:00;37;com vítima;313;BR-101/RJ;Sul;Colisão Lateral;1;;;1;;;;;;;0;3;;;
21/05/2013;20:02:00;158;sem vítima;313,207;BR-101/RJ;Norte;Colisão Traseira;2;;;;;;;;;;2;;;;
26/05/2013;06:32:00;27;com vítima;313;BR-101/RJ;Sul;Capotamento;1;;;;;;;;;;0;1;;;
01/06/2013;01:41:00;8;sem vítima;313;BR-101/RJ;Norte;Saida de Pista;1;;;;;;;;;;1;;;;
02/06/2013;17:49:00;141;com vítima;313;BR-101/RJ;Sul;Queda de Moto;1;;;1;;;;;;;5;;1;;
06/06/2013;06:20:00;19;sem vítima;313;BR-101/RJ;Sul;Engavetamento;2;;1;;;;;;;;3;;;;
10/06/2013;17:56:00;141;com vítima;313,37;BR-101/RJ;Sul;Colisão Traseira;1;;1;;1;;;;;;4;;1;;
19/06/2013;22:57:00;176;com vítima;313;BR-101/RJ;Norte;Saida de Pista;1;;;;;;;;;;0;1;;;
01/07/2013;08:01:00;41;sem vítima;313,6;BR-101/RJ;Norte;Capotamento;1;;;;;;;;;;1;;;;
06/07/2013;05:32:00;22;com vítima;313;BR-101/RJ;Norte;Colisão Frontal;2;;;;;;;;;;3;;1;;
07/07/2013;05:42:00;30;sem vítima;313,47;BR-101/RJ;Norte;Saida de Pista;1;;;;;;;;;;1;;;;
07/07/2013;06:25:00;34;com vítima;313,473;BR-101/RJ;Norte;Saida de Pista;1;;;;;;;;;;2;2;;;
08/07/2013;06:21:00;26;com vítima;313;BR-101/RJ;Norte;Colisão Lateral;1;;;1;;1;;;;;3;2;;;
24/07/2013;15:59:00;111;sem vítima;313;BR-101/RJ;Sul;Colisão Frontal;1;;;;;;;;;1;2;;;;
25/07/2013;19:09:00;144;com vítima;313;BR-101/RJ;Norte;Colisão Lateral;1;;;1;;;;;;;1;1;;;
30/07/2013;16:26:00;111;com vítima;313;BR-101/RJ;Norte;Saida de Pista;1;;;;;;;;;;0;1;;;
01/08/2013;09:46:00;67;com vítima;313,245;BR-101/RJ;Sul;Colisão Traseira;1;;;1;;;;;;;2;1;1;;
07/08/2013;14:24:00;96;com vítima;313,6;BR-101/RJ;Norte;Engavetamento;3;;;;;;;;;;1;2;1;;
08/08/2013;12:23:00;85;com vítima;313;BR-101/RJ;Norte;Colisão Lateral;1;;;1;;;;;;;2;1;;;
08/08/2013;11:11:00;71;com vítima;313,03;BR-101/RJ;Sul;Saida de Pista;1;;;;;;;;;;0;;1;;
20/08/2013;11:16:00;75;com vítima;313;BR-101/RJ;Norte;Colisão Lateral;1;;;1;;;;;;;3;1;;;
24/08/2013;17:30:00;162;com vítima;313,017;BR-101/RJ;Sul;Queda de Moto;;;;1;;;;;;;0;1;1;;
02/09/2013;06:37:00;37;sem vítima;313;BR-101/RJ;Sul;Colisão Traseira;2;;;;;;;;;;2;;;;
03/09/2013;20:29:00;177;sem vítima;313;BR-101/RJ;Norte;Saida de Pista;1;;;;;;;;;;1;;;;
04/09/2013;02:35:00;10;sem vítima;313,224;BR-101/RJ;Sul;Capotamento;2;;;;;;;;;;4;;;;
16/09/2013;16:43:00;153;sem vítima;313;BR-101/RJ;Norte;Choque - Defensa, barreira ou "submarino";1;;;;;;;;;;2;;;;
02/10/2013;15:29:00;103;sem vítima;313;BR-101/RJ;Sul;Engavetamento;2;;;;;1;;;;;3;;;;
05/10/2013;04:41:00;22;com vítima;313;BR-101/RJ;Sul;Queda de Moto;;;;1;;;;;;;0;1;1;;
28/10/2013;11:15:00;69;com vítima;313;BR-101/RJ;Sul;Atropelamento - Andarilho;1;;;;;;;;;;2;;1;;
01/11/2013;22:16:00;178;sem vítima;313;BR-101/RJ;Norte;Colisão Traseira;2;;;;;;;;;;4;;;;