data;horario;n_da_ocorrencia;tipo_de_ocorrencia;km;trecho;sentido;tipo_de_acidente;automovel;bicicleta;caminhao;moto;onibus;outros;tracao_animal;transporte_de_cargas_especiais;trator_maquinas;utilitarios;ilesos;levemente_feridos;moderadamente_feridos;gravemente_feridos;mortos
03/11/2013;20:03:00;180;com vítima;313,84;BR-101/RJ;Sul;Queda de Moto;;;;1;;1;;;;;1;;1;;
09/11/2013;13:31:00;110;com vítima;313,12;BR-101/RJ;Norte;Colisão Traseira;2;;;;;;;;;;1;2;;;
11/11/2013;00:05:00;1;com vítima;313,034;BR-101/RJ;Norte;Capotamento;1;;;;;;;;;;0;1;;;
14/11/2013;16:25:00;135;sem vítima;313;BR-101/RJ;Sul;Choque - Defensa, barreira ou "submarino";1;;;;;;;;;;1;;;;
15/11/2013;07:10:00;52;sem vítima;313;BR-101/RJ;Norte;Colisão Traseira;2;;;;;;;;;;3;;;;
02/12/2013;01:46:00;18;com vítima;313;BR-101/RJ;Norte;Colisão Traseira;1;;;;;;;;;1;2;1;;;
04/12/2013;20:37:00;188;sem vítima;313,412;BR-101/RJ;Norte;Saida de Pista;1;;;;;;;;;;2;;;;
14/12/2013;05:01:00;27;com vítima;313;BR-101/RJ;Norte;Saida de Pista;1;;;;;;;;;;5;1;;;
14/12/2013;06:21:00;35;sem vítima;313;BR-101/RJ;Norte;Colisão Traseira;1;;;;;;;;;;1;;;;
14/12/2013;22:11:00;215;com vítima;313;BR-101/RJ;Sul;Queda de Moto;;;;1;;;;;;;1;1;;;
15/12/2013;15:54:00;103;sem vítima;313,531;BR-101/RJ;Norte;Choque - Poste;1;;;;;;;;;;2;;;;
21/12/2013;10:24:00;67;sem vítima;313,16;BR-101/RJ;Norte;Colisão Traseira;2;;;;;;;;;;8;;;;
25/12/2013;22:16:00;195;com vítima;313,071;BR-101/RJ;Norte;Capotamento;1;;;;;;;;;;0;4;1;;
31/12/2013;18:26:00;175;com vítima;313;BR-101/RJ;Sul;Engavetamento;3;;;;;;;;;;8;1;;;
16/01/2014;14:13:00;116;com vítima;313,68;BR-101/RJ;Norte;Colisão Traseira;;;;1;;;;;;1;1;;2;;
18/01/2014;17:29:00;183;com vítima;313,602;BR-101/RJ;Norte;Choque - Arvore;1;;;;;;;;;;0;;1;;
24/01/2014;16:20:00;115;sem vítima;313;BR-101/RJ;Sul;Colisão Lateral;;;2;;;;;;;;2;;;;
04/02/2014;21:49:00;198;sem vítima;313,413;BR-101/RJ;Sul;Choque - Defensa, barreira ou "submarino";1;;;;;;;;;;1;;;;
09/02/2014;08:25:00;34;com vítima;313;BR-101/RJ;Norte;Colisão Traseira;1;;;1;;;;;;;1;2;;;
11/02/2014;16:01:00;135;com vítima;313,123;BR-101/RJ;Norte;Queda de Moto;;;;1;;;;;;;0;2;;;
16/02/2014;23:18:00;190;sem vítima;313;BR-101/RJ;Norte;Saida de Pista;1;;;;;;;;;;2;;;;
27/02/2014;07:15:00;42;com vítima;313;BR-101/RJ;Norte;Choque - Elemento de Drenagem;;;;;1;;;;;;0;1;;;
08/03/2014;18:39:00;160;sem vítima;313;BR-101/RJ;Norte;Saida de Pista;1;;;;;;;;;;1;;;;
09/03/2014;06:22:00;36;sem vítima;313,263;BR-101/RJ;Sul;Saida de Pista;1;;;;;;;;;;1;;;;
23/03/2014;12:22:00;56;com vítima;313;BR-101/RJ;Sul;Engavetamento;3;;;;;;;;;;5;1;4;;
23/03/2014;12:23:00;58;com vítima;313;BR-101/RJ;Sul;Engavetamento;4;;;;;;;;;;3;1;;;
26/03/2014;12:06:00;101;com vítima;313;BR-101/RJ;Sul;Colisão Traseira;2;;;;;;;;;;1;1;;;
26/03/2014;12:23:00;103;sem vítima;313;BR-101/RJ;Sul;Colisão Lateral;1;;1;;;;;;;;4;;;;
24/04/2014;08:31:00;56;sem vítima;313,82;BR-101/RJ;Sul;Colisão Traseira;1;;1;;;;;;;;3;;;;
05/05/2014;10:26:00;68;sem vítima;313,5;BR-101/RJ;Norte;Colisão Lateral;1;;;;1;;;;;;2;;;;
18/05/2014;15:25:00;107;sem vítima;313;BR-101/RJ;Norte;Saida de Pista;1;;;;;;;;;;1;;;;
18/05/2014;19:17:00;137;com vítima;313;BR-101/RJ;Sul;Queda de Moto;;;;1;;;;;;;0;;1;;
18/05/2014;13:37:00;84;com vítima;313,77;BR-101/RJ;Sul;Saida de Pista;1;;;;;;;;;;0;;1;;
31/05/2014;13:53:00;90;com vítima;313,385;BR-101/RJ;Sul;Colisão Frontal;2;;;;;;;;;;3;3;1;;
02/07/2014;12:29:00;95;sem vítima;313;BR-101/RJ;Sul;Colisão Traseira;2;;;;;;;;;;4;;;;
04/07/2014;22:45:00;158;com vítima;313;BR-101/RJ;Norte;Colisão Frontal;2;;;;;;;;;;6;1;;;
06/07/2014;06:54:00;22;sem vítima;313;BR-101/RJ;Sul;Colisão Traseira;2;;;;;;;;;;7;;;;
19/07/2014;19:48:00;132;sem vítima;313,35;BR-101/RJ;Norte;Colisão Traseira;2;;;;;;;;;;2;;;;
19/07/2014;07:08:00;23;com vítima;313,532;BR-101/RJ;Norte;Saida de Pista;1;;;;;;;;;;2;1;1;;
21/07/2014;18:12:00;138;com vítima;313,917;BR-101/RJ;Norte;Engavetamento;3;;;;;;;;;;8;1;;;
01/08/2014;18:24:00;141;com vítima;313,713;BR-101/RJ;Norte;Colisão Traseira;2;;;;;;;;;;2;1;;;
12/08/2014;12:32:00;96;com vítima;313;BR-101/RJ;Norte;Colisão Traseira;1;;;1;;;;;;;1;1;;;
18/08/2014;14:19:00;109;sem vítima;313;BR-101/RJ;Sul;Engavetamento;3;;;;;;;;;;6;;;;
24/08/2014;18:30:00;145;com vítima;313,47;BR-101/RJ;Norte;Atropelamento - Sem Informação;1;;;;;;;;;;0;5;;1;
26/08/2014;20:22:00;156;com vítima;313,534;BR-101/RJ;Norte;Colisão Traseira;1;;;1;;;;;;;1;1;;;
28/08/2014;17:44:00;101;sem vítima;313,1;BR-101/RJ;Norte;Engavetamento;3;;;;;;;;;;6;;;;
31/08/2014;18:26:00;129;sem vítima;313,353;BR-101/RJ;Sul;Colisão Traseira;2;;;;;;;;;;2;;;;
04/09/2014;09:03:00;37;sem vítima;313,784;BR-101/RJ;Norte;Colisão Traseira;2;;;;;;;;;;2;;;;
08/09/2014;16:49:00;143;sem vítima;313;BR-101/RJ;Norte;Engavetamento;3;;;;;;;;;;3;;;;
11/09/2014;19:44:00;171;sem vítima;313,774;BR-101/RJ;Norte;Engavetamento;4;;;;;;;;;;5;;;;
15/09/2014;19:43:00;179;com vítima;313;BR-101/RJ;Norte;Queda de Moto;;;;1;;;;;;;0;1;;;
27/09/2014;06:48:00;31;sem vítima;313;BR-101/RJ;Norte;Saida de Pista;1;;;;;;;;;;1;;;;
02/10/2014;08:47:00;42;sem vítima;313;BR-101/RJ;Sul;Colisão Traseira;2;;;;;;;;;;3;;;;
12/10/2014;20:22:00;163;com vítima;313;BR-101/RJ;Sul;Colisão Lateral;1;;;1;;;;;;;5;1;;;
27/10/2014;07:09:00;39;sem vítima;313;BR-101/RJ;Sul;Colisão Traseira;2;;;;;;;;;;3;;;;
13/11/2014;22:27:00;193;com vítima;313;BR-101/RJ;Norte;Queda de Moto;;;;1;;;;;;;0;1;;;
19/11/2014;00:05:00;3;com vítima;313;BR-101/RJ;Norte;Outros - Sequência;1;;;;1;1;;;;;2;1;;;
25/11/2014;18:36:00;124;com vítima;313;BR-101/RJ;Norte;Queda de Moto;;;;1;;;;;;;0;1;;;
03/12/2014;11:56:00;71;com vítima;313,35;BR-101/RJ;Norte;Colisão Traseira;;;;1;;1;;;;;1;1;;;
04/12/2014;06:16:00;24;sem vítima;313;BR-101/RJ;Sul;Colisão Traseira;;;1;;1;;;;;;3;;;;
05/12/2014;18:38:00;148;sem vítima;313;BR-101/RJ;Norte;Colisão Traseira;2;;;;;;;;;;2;;;;
07/12/2014;07:49:00;34;com vítima;313;BR-101/RJ;Norte;Colisão Traseira;;;;1;;1;;;;;1;;1;;
10/12/2014;08:50:00;62;sem vítima;313;BR-101/RJ;Sul;Choque - Defensa, barreira ou "submarino";1;;;;;1;;;;;2;;;;
17/12/2014;00:10:00;3;com vítima;313;BR-101/RJ;Norte;Capotamento;1;;;;;;;;;;0;;;1;
04/01/2015;17:20:00;144;sem vítima;313;BR-101/RJ;Sul;Colisão Traseira;1;;;;1;;;;;;4;;;;
07/01/2015;09:32:00;57;sem vítima;313;BR-101/RJ;Norte;Colisão Traseira;2;;;;;;;;;;6;;;;
31/01/2015;13:04:00;78;sem vítima;313;BR-101/RJ;Norte;Colisão Traseira;1;;1;;;;;;;;2;;;;
31/01/2015;16:28:00;103;com vítima;313;BR-101/RJ;Norte;Choque - Poste;1;;;;;;;;;;0;2;;;
31/01/2015;21:01:00;138;sem vítima;313;BR-101/RJ;Norte;Choque - Defensa, barreira ou "submarino";1;;;;;;;;;;2;;;;
03/02/2015;21:58:00;177;com vítima;313;BR-101/RJ;Sul;Queda de Moto;;;;1;;;;;;;0;0;2;0;0
13/02/2015;16:08:00;160;sem vítima;313;BR-101/RJ;Norte;Colisão Traseira;2;;;;;;;;;;4;0;0;0;0
13/02/2015;16:17:00;165;sem vítima;313,589;BR-101/RJ;Norte;Colisão Traseira;1;;;;;;;;;1;7;0;0;0;0
28/02/2015;17:30:00;129;sem vítima;313;BR-101/RJ;Norte;Colisão Traseira;2;;;;;;;;;;2;;;;
07/03/2015;12:15:00;102;sem vítima;313;BR-101/RJ;Norte;Colisão Traseira;2;;;;;;;;;;2;0;0;0;0
07/03/2015;00:05:00;1;com vítima;313;BR-101/RJ;Norte;Engavetamento;3;;;;;;;;;;6;1;0;0;0
11/03/2015;05:47:00;16;com vítima;313;BR-101/RJ;Sul;Queda de Moto;;;;1;;;;;;;0;1;0;0;0
17/03/2015;18:05:00;149;com vítima;313;BR-101/RJ;Norte;Colisão Lateral;2;;;;;;;;;;3;1;0;0;0
17/03/2015;18:33:00;153;sem vítima;313;BR-101/RJ;Norte;Engavetamento;2;;;1;;;;;;;6;0;0;0;0
23/03/2015;17:18:00;184;com vítima;313;BR-101/RJ;Norte;Queda de Moto;;;;1;;;;;;;0;0;1;0;0
06/04/2015;15:17:00;140;sem vítima;313,82;BR-101/RJ;Norte;Saida de Pista;1;;;;;;;;;;1;;;;
13/04/2015;06:20:00;26;com vítima;313,28;BR-101/RJ;Sul;Colisão Lateral;1;;;1;;;;;;;1;1;;;
19/04/2015;07:29:00;30;sem vítima;313,349;BR-101/RJ;Sul;Choque - Defensa, barreira ou "submarino";1;;;;;;;;;;2;;;;
22/04/2015;00:41:00;3;sem vítima;313;BR-101/RJ;Sul;Saida de Pista;1;;;;;;;;;;2;;;;
22/04/2015;17:20:00;132;com vítima;313;BR-101/RJ;Sul;Queda de Moto;;;;1;;;;;;;0;1;;;
22/04/2015;01:38:00;8;com vítima;313,882;BR-101/RJ;Sul;Saida de Pista;;;;;1;;;;;;0;;;;1
24/04/2015;13:14:00;94;sem vítima;313,342;BR-101/RJ;Sul;Choque - Defensa, barreira ou "submarino";;;;;;;;;;1;1;;;;
06/05/2015;13:03:00;120;sem vítima;313;BR-101/RJ;Sul;Colisão Traseira;1;;;;;1;;;;;3;;;;
07/05/2015;18:34:00;177;sem vítima;313;BR-101/RJ;Norte;Engavetamento;3;;;;;;;;;;4;;;;
07/05/2015;11:52:00;109;com vítima;313,48;BR-101/RJ;Norte;Queda de Moto;;;;1;;;;;;;0;1;;;
25/05/2015;07:55:00;49;com vítima;313,57;BR-101/RJ;Sul;Colisão Lateral;1;;;1;;;;;;;1;1;;;
26/05/2015;05:01:00;13;com vítima;313;BR-101/RJ;Sul;Queda de Moto;;;;1;;;;;;;0;2;;;
11/06/2015;16:05:00;149;sem vítima;313;BR-101/RJ;Norte;Colisão Traseira;2;;;;;;;;;;4;;;;
13/06/2015;04:18:00;27;com vítima;313;BR-101/RJ;Norte;Choque - Defensa, barreira ou "submarino";;;;1;;;;;;;0;3;;;
15/06/2015;13:31:00;117;sem vítima;313;BR-101/RJ;Sul;Choque - Defensa, barreira ou "submarino";1;;;;;;;;;;1;;;;
26/06/2015;17:44:00;172;com vítima;313;BR-101/RJ;Norte;Queda de Moto;;;;1;;;;;;;0;1;;;
27/06/2015;20:23:00;159;sem vítima;313;BR-101/RJ;Sul;Colisão Frontal;2;;;;;;;;;;4;;;;
29/06/2015;19:01:00;201;sem vítima;313,7;BR-101/RJ;Sul;Outros - Sequência;1;;;;;1;;;;;2;;;;
04/07/2015;15:45:00;130;sem vítima;313;BR-101/RJ;Sul;Colisão Transversal;2;;;;;;;;;;2;;;;
08/07/2015;15:19:00;156;com vítima;313,796;BR-101/RJ;Norte;Queda de Moto;;;;1;;;;;;;0;2;;;
16/07/2015;10:49:00;112;sem vítima;313;BR-101/RJ;Norte;Colisão Traseira;2;;;;;;;;;;2;;;;
18/07/2015;10:11:00;68;sem vítima;313;BR-101/RJ;Norte;Colisão Traseira;2;;;;;;;;;;4;;;;
22/07/2015;16:46:00;146;sem vítima;313;BR-101/RJ;Sul;Colisão Traseira;1;;;;;;;;;1;2;;;;
23/07/2015;09:45:00;87;com vítima;313;BR-101/RJ;Norte;Colisão Lateral;1;;;1;;;;;;;1;;;1;
25/07/2015;20:28:00;189;sem vítima;313,475;BR-101/RJ;Norte;Choque - Elemento de Drenagem;1;;;;;;;;;;2;;;;
31/07/2015;15:25:00;145;sem vítima;313;BR-101/RJ;Norte;Engavetamento;4;;;;;;;;;;4;;;;
05/08/2015;13:06:00;113;sem vítima;313,968;BR-101/RJ;Sul;Engavetamento;2;;;;;;;;;1;5;;;;
13/08/2015;06:17:00;21;sem vítima;313,335;BR-101/RJ;Sul;Colisão Traseira;1;;;;1;;;;;;2;;;;
14/08/2015;16:32:00;141;sem vítima;313;BR-101/RJ;Norte;Engavetamento;3;;;;;;;;;;6;;;;
21/08/2015;21:40:00;176;sem vítima;313;BR-101/RJ;Norte;Engavetamento;4;;;;;;;;;;5;;;;
29/08/2015;10:59:00;80;com vítima;313,05;BR-101/RJ;Norte;Choque - Defensa, barreira ou "submarino";1;;;;;;;;;;0;1;;;
31/08/2015;11:15:00;106;sem vítima;313;BR-101/RJ;Norte;Colisão Lateral;1;;1;;;;;;;;2;;;;
04/09/2015;08:27:00;54;com vítima;313,833;BR-101/RJ;Sul;Capotamento;1;;;;;;;;;;0;;1;1;
05/09/2015;20:24:00;197;com vítima;313;BR-101/RJ;Sul;Engavetamento;3;;;;;1;;;;;7;1;;;
08/09/2015;14:38:00;170;sem vítima;313;BR-101/RJ;Norte;Saida de Pista;1;;;;;;;;;;1;;;;
13/09/2015;01:08:00;5;com vítima;313,637;BR-101/RJ;Norte;Atropelamento - Morador;1;;;;1;;;;;;6;;;;1
10/10/2015;11:17:00;113;sem vítima;313,539;BR-101/RJ;Norte;Colisão Traseira;1;;1;;;;;;;;4;;;;
16/10/2015;16:41:00;207;sem vítima;313;BR-101/RJ;Norte;Colisão Traseira;1;;;;;;;;;1;2;;;;
20/10/2015;19:54:00;212;sem vítima;313;BR-101/RJ;Norte;Engavetamento;2;;;;;1;;;;;4;;;;
25/10/2015;02:42:00;12;com vítima;313,17;BR-101/RJ;Sul;Colisão Traseira;1;;;;;;;;;1;0;;5;2;
27/10/2015;09:55:00;64;com vítima;313,806;BR-101/RJ;Sul;Colisão Traseira;2;;;;;;;;;;1;1;;;
05/11/2015;16:15:00;152;com vítima;313,337;BR-101/RJ;Norte;Colisão Lateral;1;;;1;;;;;;;1;1;;;
28/11/2015;15:42:00;136;sem vítima;313;BR-101/RJ;Norte;Colisão Traseira;2;;;;;;;;;;3;;;;
19/12/2015;00:01:00;1;com vítima;313;BR-101/RJ;Sul;Capotamento;1;;;;;;;;;;0;1;;;
20/12/2015;03:57:00;16;sem vítima;313;BR-101/RJ;Norte;Colisão Traseira;2;;;;;;;;;;4;;;;
24/12/2015;07:55:00;68;com vítima;313,409;BR-101/RJ;Sul;Queda de Moto;;;;1;;;;;;;0;2;;;
29/12/2015;23:17:00;238;sem vítima;313;BR-101/RJ;Norte;Colisão Traseira;1;;;;;1;;;;;2;;;;
31/12/2015;11:17:00;121;com vítima;313;BR-101/RJ;Norte;Colisão Traseira;1;;;1;;;;;;;4;1;;;
01/01/2010;00:38:00;3;sem vítima;314;BR-101/RJ;Sul;Saida de Pista;1;;;;;;;;;;1;;;;
09/01/2010;18:04:00;186;com vítima;314;BR-101/RJ;Sul;Atropelamento - Outros;1;;;;;;;;;;3;;1;;
24/01/2010;20:43:00;178;sem vítima;314;BR-101/RJ;Norte;Saida de Pista;1;;;;;;;;;;2;;;;
01/04/2010;22:41:00;231;sem vítima;314;BR-101/RJ;Sul;Saida de Pista;1;;;;;;;;;;1;;;;
08/05/2010;04:12:00;34;sem vítima;314;BR-101/RJ;Norte;Capotamento;1;;;;;;;;;;1;;;;
10/05/2010;16:04:00;144;sem vítima;314;BR-101/RJ;Norte;Colisão Lateral;1;;;;1;;;;;;3;;;;
10/05/2010;21:20:00;195;sem vítima;314;BR-101/RJ;Norte;Colisão Lateral;;;1;;1;;;;;;2;;;;
14/05/2010;07:24:00;39;com vítima;314;BR-101/RJ;Sul;Queda de Moto;;;;1;;;;;;;0;;2;;
12/06/2010;10:28:00;61;sem vítima;314;BR-101/RJ;Norte;Choque - Poste;1;;;;;;;;;;1;;;;
18/06/2010;07:48:00;41;com vítima;314;BR-101/RJ;Norte;Colisão Frontal;1;;;1;;;;;;;1;;1;;
02/07/2010;18:06:00;133;com vítima;314;BR-101/RJ;Norte;Queda de Moto;;;;1;;;;;;;0;1;;;
08/07/2010;02:45:00;11;sem vítima;314;BR-101/RJ;Sul;Colisão Lateral;1;;1;;;1;;;;;4;;;;
23/07/2010;16:50:00;141;sem vítima;314;BR-101/RJ;Norte;Colisão Traseira;2;;;;;;;;;;2;;;;
26/07/2010;08:44:00;57;sem vítima;314;BR-101/RJ;Sul;Colisão Traseira;2;;;;;;;;;;2;;;;
30/07/2010;23:35:00;237;sem vítima;314;BR-101/RJ;Norte;Colisão Traseira;3;;;;;;;;;;3;;;;
09/08/2010;12:35:00;86;sem vítima;314;BR-101/RJ;Norte;Colisão Traseira;2;;;;;;;;;;2;;;;
16/08/2010;07:27:00;22;sem vítima;314;BR-101/RJ;Sul;Colisão Transversal;1;;;1;;;;;;;2;;;;
29/08/2010;21:05:00;142;sem vítima;314;BR-101/RJ;Norte;Saida de Pista;1;;;;;;;;;;1;;;;
02/09/2010;07:09:00;35;sem vítima;314;BR-101/RJ;Sul;Colisão Traseira;2;;;;;;;;;;2;;;;
02/09/2010;07:10:00;36;com vítima;314;BR-101/RJ;Norte;Colisão Traseira;2;;;;;;;;;;1;1;;;
02/09/2010;10:34:00;72;sem vítima;314;BR-101/RJ;Norte;Colisão Lateral;2;;;;;;;;;;2;;;;
04/09/2010;12:10:00;121;sem vítima;314;BR-101/RJ;Norte;Colisão Traseira;4;;;;;;;;;;12;;;;
15/09/2010;08:42:00;55;com vítima;314;BR-101/RJ;Sul;Colisão Traseira;;;;1;;1;;;;;1;;1;;
28/09/2010;23:40:00;200;sem vítima;314;BR-101/RJ;Norte;Saida de Pista;1;;;;;;;;;;1;;;;
14/10/2010;04:29:00;10;com vítima;314;BR-101/RJ;Sul;Saida de Pista;1;;;;;;;;;;0;3;;;
01/11/2010;19:16:00;143;com vítima;314;BR-101/RJ;Sul;Colisão Lateral;1;;;1;;;;;;;5;1;;;
05/11/2010;21:13:00;188;sem vítima;314;BR-101/RJ;Norte;Engavetamento;3;;;;;;;;;;6;;;;
19/11/2010;22:13:00;217;sem vítima;314;BR-101/RJ;Norte;Engavetamento;3;;;;;;;;;;6;;;;
23/11/2010;00:08:00;1;sem vítima;314;BR-101/RJ;Norte;Colisão Lateral;1;;;1;;;;;;;3;;;;
23/11/2010;23:36:00;211;sem vítima;314;BR-101/RJ;Sul;Colisão Traseira;1;;2;;;;;;;;7;;;;
03/12/2010;21:13:00;189;sem vítima;314;BR-101/RJ;Norte;Choque - Defensa, barreira ou "submarino";1;;;;1;;;;;;3;;;;
20/12/2010;19:07:00;190;com vítima;314;BR-101/RJ;Norte;Colisão Lateral;;;;1;;1;;;;;1;;;2;
23/12/2010;19:52:00;231;sem vítima;314;BR-101/RJ;Norte;Engavetamento;3;;;;;;;;;;6;;;;
26/12/2010;14:35:00;101;sem vítima;314;BR-101/RJ;Norte;Capotamento;1;;;;;;;;;;2;;;;
02/01/2011;04:43:00;23;com vítima;314;BR-101/RJ;Norte;Saida de Pista;1;;;;;;;;;;0;1;;;
07/01/2011;12:38:00;102;sem vítima;314;BR-101/RJ;Sul;Colisão Traseira;2;;;;;;;;;1;6;;;;
21/01/2011;23:03:00;229;com vítima;314;BR-101/RJ;Norte;Atropelamento - Funcionário;1;;;;;;;;;;1;1;;;
24/01/2011;08:30:00;53;sem vítima;314;BR-101/RJ;Sul;Colisão Lateral;1;;;1;;;;;;;2;;;;
24/01/2011;16:55:00;184;sem vítima;314;BR-101/RJ;Norte;Colisão Traseira;2;;;;;;;;;;4;;;;
06/02/2011;20:31:00;186;sem vítima;314;BR-101/RJ;Norte;Saida de Pista;1;;;;;;;;;;1;;;;
07/02/2011;10:13:00;90;sem vítima;314;BR-101/RJ;Sul;Colisão Traseira;1;;1;;;;;;;;3;;;;
14/02/2011;07:56:00;56;sem vítima;314,5;BR-101/RJ;Sul;Colisão Traseira;1;;;1;;;;;;;2;;;;
21/02/2011;09:26:00;69;sem vítima;314;BR-101/RJ;Sul;Colisão Traseira;2;;;;;;;;;;4;;;;
24/02/2011;23:51:00;190;sem vítima;314;BR-101/RJ;Sul;Saida de Pista;1;;;;;;;;;;2;;;;
27/03/2011;11:34:00;76;sem vítima;293;BR-101/RJ;Norte;Colisão Lateral;2;;;;;;;;;;3;;;;
29/05/2011;04:34:00;19;sem vítima;314;BR-101/RJ;Norte;Saida de Pista;1;;;;;;;;;;1;;;;
04/06/2011;05:20:00;27;sem vítima;314;BR-101/RJ;Sul;Saida de Pista;1;;;;;;;;;;1;;;;
13/06/2011;10:01:00;67;sem vítima;314;BR-101/RJ;Sul;Colisão Traseira;2;;;;;;;;;;3;;;;
14/06/2011;01:37:00;7;com vítima;314;BR-101/RJ;Norte;Tombamento;;;1;;;;;;;;0;1;;;
14/06/2011;11:36:00;66;com vítima;314;BR-101/RJ;Sul;Colisão Traseira;2;;;;;;;;;;1;2;;;
21/06/2011;07:23:00;28;sem vítima;314;BR-101/RJ;Sul;Colisão Traseira;1;;;;;1;;;;;2;;;;
27/06/2011;06:35:00;16;sem vítima;314,79998779296875;BR-101/RJ;Sul;Colisão Traseira;2;;;;;;;;;;2;;;;
05/08/2011;08:05:00;39;com vítima;314,20001220703125;BR-101/RJ;Norte;Capotamento;1;;;;;;;;;;0;1;;;
05/08/2011;08:13:00;40;sem vítima;314,20001220703125;BR-101/RJ;Norte;Colisão Traseira;1;;;;;;;;;1;5;;;;
13/08/2011;00:15:00;4;sem vítima;314;BR-101/RJ;Sul;Saida de Pista;1;;;;;;;;;;1;;;;
13/08/2011;13:53:00;131;com vítima;314,79998779296875;BR-101/RJ;Sul;Atropelamento - Usuário;1;;;;;;;;;;1;;1;;
16/08/2011;06:01:00;19;sem vítima;314,79998779296875;BR-101/RJ;Norte;Saida de Pista;1;;;;;;;;;;1;;;;
21/08/2011;23:02:00;165;com vítima;314,3999938964844;BR-101/RJ;Norte;Choque - Defensa, barreira ou "submarino";1;;;;;;;;;;3;;1;;
26/08/2011;06:14:00;25;sem vítima;314,8999938964844;BR-101/RJ;Norte;Saida de Pista;1;;;;;;;;;;2;;;;
27/08/2011;11:03:00;63;sem vítima;314;BR-101/RJ;Norte;Colisão Lateral;2;;;;;;;;;;2;;;;
01/09/2011;20:50:00;161;sem vítima;314;BR-101/RJ;Norte;Saida de Pista;1;;;;;;;;;;1;;;;
16/09/2011;19:48:00;164;sem vítima;314;BR-101/RJ;Norte;Colisão Traseira;2;;;;;;;;;;3;;;;
26/09/2011;06:19:00;21;sem vítima;314;BR-101/RJ;Sul;Colisão Traseira;1;;;1;;;;;;;2;;;;
26/09/2011;08:05:00;40;sem vítima;314;BR-101/RJ;Sul;Engavetamento;3;;;;;;;;;;7;;;;
14/10/2011;08:21:00;53;sem vítima;314;BR-101/RJ;Sul;Colisão Traseira;2;;;;;;;;;;4;;;;
28/10/2011;14:11:00;95;com vítima;314;BR-101/RJ;Sul;Saida de Pista;;;1;;;;;;;;0;;1;;
28/10/2011;14:16:00;98;sem vítima;314;BR-101/RJ;Norte;Colisão Traseira;1;;;;;1;;;;;2;;;;
14/11/2011;05:25:00;15;sem vítima;314;BR-101/RJ;Sul;Saida de Pista;1;;;;;;;;;;1;;;;
19/11/2011;20:31:00;124;sem vítima;314,8999938964844;BR-101/RJ;Sul;Colisão Traseira;2;;;;;;;;;;3;;;;
21/11/2011;05:57:00;23;com vítima;314;BR-101/RJ;Norte;Atropelamento - Andarilho;1;;;;;;;;;;1;;1;;
28/11/2011;22:54:00;189;sem vítima;314;BR-101/RJ;Sul;Choque - Defensa, barreira ou "submarino";3;;;;;;;;;;4;;;;
01/12/2011;09:19:00;58;sem vítima;314;BR-101/RJ;Sul;Colisão Traseira;1;;;;;;;;;1;4;;;;
02/12/2011;17:32:00;164;com vítima;314;BR-101/RJ;Sul;Colisão Traseira;;;;2;;;;;;;0;2;;;
02/12/2011;16:44:00;151;com vítima;314,8999938964844;BR-101/RJ;Sul;Saida de Pista;1;;1;;;;;;;;1;;2;;1
05/12/2011;06:30:00;40;com vítima;314,8999938964844;BR-101/RJ;Sul;Colisão Lateral;1;;;1;;;;;;;1;;1;;
06/12/2011;19:47:00;195;sem vítima;314;BR-101/RJ;Norte;Colisão Traseira;3;;;;;;;;;;3;;;;
15/12/2011;18:20:00;137;sem vítima;314,5;BR-101/RJ;Norte;Colisão Traseira;1;;;;;1;;;;;2;;;;
16/12/2011;08:42:00;61;sem vítima;314;BR-101/RJ;Sul;Colisão Traseira;2;;;;;;;;;;2;;;;
16/12/2011;08:21:00;55;com vítima;314,29998779296875;BR-101/RJ;Sul;Colisão Lateral;1;;;1;;;;;;;2;;1;;
17/12/2011;08:50:00;47;sem vítima;314,79998779296875;BR-101/RJ;Sul;Saida de Pista;1;;;;;;;;;;1;;;;
19/12/2011;21:21:00;213;sem vítima;314;BR-101/RJ;Sul;Colisão Traseira;2;;;;;;;;;;2;;;;
24/12/2011;07:12:00;43;sem vítima;314;BR-101/RJ;Norte;Saida de Pista;1;;;;;;;;;;1;;;;
03/01/2012;17:29:00;200;sem vítima;314;BR-101/RJ;Sul;Colisão Lateral;1;;;1;;;;;;;6;;;;
13/01/2012;03:33:00;16;com vítima;314;BR-101/RJ;Norte;Colisão Traseira;;;3;;;;;;;;2;;1;;
16/01/2012;14:33:00;127;sem vítima;314;BR-101/RJ;Sul;Colisão Traseira;2;;;;;;;;;;6;;;;
18/01/2012;08:13:00;44;com vítima;314;BR-101/RJ;Sul;Queda de Moto;;;;1;;;;;;;0;2;;;
18/01/2012;15:07:00;130;com vítima;314;BR-101/RJ;Sul;Queda de Moto;;;;1;;;;;;;0;1;;;
20/01/2012;18:07:00;196;sem vítima;314,8;BR-101/RJ;Norte;Colisão Traseira;2;;;;;;;;;;3;;;;
20/01/2012;18:52:00;214;sem vítima;314,8;BR-101/RJ;Norte;Colisão Traseira;3;;;;;;;;;;7;;;;
23/01/2012;06:57:00;33;sem vítima;314;BR-101/RJ;Sul;Colisão Lateral;2;;;;;;;;;;2;;;;
23/01/2012;15:44:00;147;sem vítima;314;BR-101/RJ;Norte;Colisão Traseira;2;;;;;;;;;;3;;;;