data;horario;n_da_ocorrencia;tipo_de_ocorrencia;km;trecho;sentido;tipo_de_acidente;automovel;bicicleta;caminhao;moto;onibus;outros;tracao_animal;transporte_de_cargas_especiais;trator_maquinas;utilitarios;ilesos;levemente_feridos;moderadamente_feridos;gravemente_feridos;mortos
23/01/2012;07:54:00;46;com vítima;314,1;BR-101/RJ;Sul;Colisão Lateral;;;;1;;;;;;1;2;;1;;
02/02/2012;06:59:00;37;sem vítima;314,526;BR-101/RJ;Sul;Colisão Lateral;1;;;1;;;;;;;3;;;;
03/02/2012;10:14:00;72;com vítima;314,5;BR-101/RJ;Sul;Colisão Lateral;1;;;1;;;;;;;1;1;;;
07/02/2012;13:31:00;98;sem vítima;314,554;BR-101/RJ;Sul;Saida de Pista;1;;;;;;;;;;2;;;;
09/02/2012;10:11:00;51;sem vítima;314;BR-101/RJ;Sul;Engavetamento;3;;;;;;;;;;5;;;;
16/02/2012;17:22:00;172;sem vítima;314;BR-101/RJ;Norte;Saida de Pista;1;;;;;;;;;;2;;;;
17/02/2012;08:52:00;64;sem vítima;314;BR-101/RJ;Norte;Colisão Traseira;2;;;;;;;;;;3;;;;
23/02/2012;07:52:00;59;com vítima;314,4;BR-101/RJ;Sul;Colisão Traseira;1;;;1;;;;;;;1;1;;;
15/03/2012;08:12:00;35;sem vítima;314,8;BR-101/RJ;Sul;Colisão Lateral;;;;;2;;;;;;2;;;;
23/03/2012;11:06:00;63;sem vítima;314;BR-101/RJ;Sul;Colisão Traseira;2;;;;;;;;;;2;;;;
26/03/2012;17:32:00;129;sem vítima;314;BR-101/RJ;Norte;Colisão Traseira;2;;;;;;;;;;2;;;;
29/03/2012;11:11:00;74;sem vítima;314;BR-101/RJ;Sul;Colisão Traseira;2;;;;;;;;;;3;;;;
30/03/2012;09:58:00;69;sem vítima;314,8;BR-101/RJ;Sul;Colisão Traseira;2;;;;;;;;;;2;;;;
28/04/2012;23:37:00;175;com vítima;314,3;BR-101/RJ;Sul;Atropelamento - Sem Informação;1;;;;;;;;;;3;;;;1
02/05/2012;21:00:00;204;sem vítima;314;BR-101/RJ;Norte;Engavetamento;4;;;;;;;;;;8;;;;
05/05/2012;17:08:00;125;com vítima;314,6;BR-101/RJ;Norte;Queda de Moto;1;;;1;;;;;;;1;2;;;
06/05/2012;20:59:00;127;sem vítima;314;BR-101/RJ;Norte;Saida de Pista;1;;;;;;;;;;5;;;;
08/05/2012;08:36:00;36;sem vítima;314;BR-101/RJ;Sul;Colisão Traseira;1;;;;;;;;;1;6;;;;
09/05/2012;17:30:00;150;com vítima;314;BR-101/RJ;Norte;Saida de Pista;1;;;;;;;;;;0;1;;;
21/05/2012;08:43:00;49;com vítima;314;BR-101/RJ;Sul;Colisão Lateral;1;;;1;;;;;;;2;;1;;
28/05/2012;13:51:00;116;sem vítima;314,83;BR-101/RJ;Sul;Engavetamento;4;;;;;;;;;;7;;;;
12/06/2012;20:26:00;216;sem vítima;314;BR-101/RJ;Sul;Colisão Traseira;2;;1;;;;;;;;5;;;;
19/06/2012;22:48:00;231;com vítima;314;BR-101/RJ;Sul;Queda de Moto;;;;1;;;;;;;0;1;1;;
27/06/2012;22:43:00;202;sem vítima;314;BR-101/RJ;Sul;Colisão Traseira;2;;;;;;;;;;6;;;;
07/07/2012;09:34:00;58;sem vítima;314;BR-101/RJ;Norte;Colisão Traseira;3;;;;;;;;;;8;;;;
07/07/2012;16:07:00;136;sem vítima;314;BR-101/RJ;Norte;Colisão Traseira;3;;;;;;;;;;9;;;;
10/07/2012;12:10:00;81;com vítima;314;BR-101/RJ;Norte;Colisão Lateral;;1;1;;;;;;;;1;1;;;
11/07/2012;20:22:00;162;sem vítima;314;BR-101/RJ;Norte;Colisão Traseira;2;;;;;;;;;;2;;;;
15/07/2012;04:52:00;18;sem vítima;314,26;BR-101/RJ;Norte;Saida de Pista;1;;;;;;;;;;3;;;;
20/07/2012;08:24:00;49;com vítima;314;BR-101/RJ;Sul;Saida de Pista;2;;;1;;;;;;;2;;1;;
21/07/2012;06:30:00;29;sem vítima;314;BR-101/RJ;Norte;Colisão Lateral;2;;;;;;;;;;3;;;;
24/07/2012;05:49:00;17;sem vítima;314;BR-101/RJ;Sul;Colisão Traseira;1;;1;;;;;;;;6;;;;
25/07/2012;18:55:00;159;com vítima;314,378;BR-101/RJ;Norte;Colisão Lateral;1;;;1;;;;;;;2;1;;;
08/08/2012;21:08:00;164;sem vítima;314;BR-101/RJ;Sul;Colisão Traseira;1;;1;;;;;;;;3;;;;
08/08/2012;07:29:00;34;com vítima;314,271;BR-101/RJ;Sul;Queda de Moto;1;;;1;;;;;;;2;;1;;
08/08/2012;08:19:00;44;sem vítima;314,271;BR-101/RJ;Sul;Colisão Traseira;2;;;;;;;;;;5;;;;
12/08/2012;20:02:00;165;sem vítima;314;BR-101/RJ;Sul;Colisão Traseira;2;;;;;;;;;;3;;;;
15/08/2012;06:21:00;27;sem vítima;314,645;BR-101/RJ;Sul;Colisão Lateral;1;;;;1;;;;;;2;;;;
11/09/2012;09:42:00;58;sem vítima;314,5;BR-101/RJ;Sul;Colisão Traseira;2;;;;;;;;;;3;;;;
23/09/2012;18:56:00;128;com vítima;314,77;BR-101/RJ;Sul;Engavetamento;3;;;;;;;;;;2;2;1;;
01/10/2012;06:03:00;22;sem vítima;314,2;BR-101/RJ;Sul;Colisão Traseira;2;;;;;;;;;;2;;;;
13/10/2012;05:00:00;16;com vítima;314,595;BR-101/RJ;Norte;Saida de Pista;2;;;;;;;;;;1;;;2;
15/10/2012;13:47:00;104;sem vítima;314;BR-101/RJ;Sul;Colisão Traseira;2;;;;;;;;;;4;;;;
19/10/2012;11:47:00;91;sem vítima;314;BR-101/RJ;Sul;Colisão Traseira;1;;1;;;;;;;;2;;;;
22/10/2012;06:33:00;41;sem vítima;314;BR-101/RJ;Norte;Saida de Pista;1;;;;;;;;;;2;;;;
23/11/2012;19:02:00;189;sem vítima;314;BR-101/RJ;Norte;Colisão Traseira;2;;;;;;;;;;2;;;;
03/12/2012;16:05:00;157;sem vítima;314,5;BR-101/RJ;Sul;Colisão Traseira;2;;;;;;;;;;2;;;;
10/12/2012;20:12:00;223;com vítima;314,35;BR-101/RJ;Norte;Colisão Traseira;1;;;1;;;;;;;1;;1;;
11/12/2012;07:54:00;51;com vítima;314;BR-101/RJ;Sul;Queda de Moto;;;;1;;;;;;;0;1;;;
18/12/2012;07:55:00;49;sem vítima;314;BR-101/RJ;Sul;Colisão Lateral;1;;;1;;;;;;;3;;;;
19/12/2012;06:36:00;30;com vítima;314;BR-101/RJ;Sul;Colisão Traseira;;1;;1;;;;;;;0;2;;;
22/12/2012;08:53:00;74;sem vítima;314,48;BR-101/RJ;Norte;Saida de Pista;1;;;;;;;;;;5;;;;
25/12/2012;22:29:00;216;com vítima;314;BR-101/RJ;Norte;Queda de Moto;;;;1;;;;;;;0;;2;;
28/12/2012;11:23:00;111;sem vítima;314;BR-101/RJ;Sul;Engavetamento;1;;;;1;;;;;1;4;;;;
31/12/2012;06:52:00;28;com vítima;314;BR-101/RJ;Sul;Colisão Traseira;1;;;;1;;;;;;1;;1;;
03/01/2013;08:18:00;65;com vítima;314,1;BR-101/RJ;Sul;Colisão Lateral;1;;1;;;;;;;;1;;1;;
03/01/2013;03:59:00;24;sem vítima;314,2;BR-101/RJ;Sul;Saida de Pista;;;1;;;;;;;;1;;;;
07/01/2013;16:45:00;159;com vítima;314,5;BR-101/RJ;Norte;Atropelamento - Usuário;;;;1;;;;;;;0;;1;;1
08/01/2013;17:29:00;166;sem vítima;314;BR-101/RJ;Norte;Colisão Lateral;;;;1;;;;;;1;2;;;;
08/01/2013;17:29:00;167;sem vítima;314;BR-101/RJ;Norte;Colisão Traseira;1;;;;1;;;;;;2;;;;
08/01/2013;19:46:00;204;com vítima;314;BR-101/RJ;Sul;Queda de Moto;;;;1;;;;;;;0;2;;;
11/01/2013;20:48:00;180;com vítima;314,5;BR-101/RJ;Sul;Colisão Traseira;;;;1;;1;;;;;1;1;;;
04/03/2013;06:21:00;37;com vítima;314,2;BR-101/RJ;Sul;Colisão Traseira;3;;;;;;;;;;2;1;;;
14/03/2013;18:13:00;147;com vítima;314;BR-101/RJ;Sul;Colisão Traseira;1;;;1;;;;;;;1;1;;;
14/03/2013;07:19:00;43;com vítima;314,885;BR-101/RJ;Sul;Atropelamento - Andarilho;;;;1;;;;;;;1;1;;;
02/04/2013;09:02:00;54;sem vítima;314;BR-101/RJ;Sul;Colisão Lateral;;;;;1;1;;;;;2;;;;
18/04/2013;08:34:00;40;com vítima;314;BR-101/RJ;Sul;Colisão Lateral;1;;;1;;;;;;;2;2;;;
20/04/2013;20:45:00;164;com vítima;314;BR-101/RJ;Norte;Colisão Traseira;1;;;1;;;;;;;1;2;;;
24/04/2013;07:58:00;49;sem vítima;314;BR-101/RJ;Sul;Colisão Traseira;1;;;;;1;;;;;5;;;;
07/05/2013;20:31:00;142;sem vítima;314,1;BR-101/RJ;Norte;Queda de Moto;;;;1;;;;;;;1;;;;
11/05/2013;18:28:00;157;sem vítima;314,583;BR-101/RJ;Sul;Colisão Traseira;2;;;;;;;;;;5;;;;
21/05/2013;06:48:00;23;com vítima;314,655;BR-101/RJ;Sul;Colisão Traseira;;;;1;;1;;;;;1;1;;;
28/05/2013;08:41:00;47;com vítima;314;BR-101/RJ;Sul;Colisão Lateral;1;;;1;;;;;;;1;1;;;
02/06/2013;19:11:00;156;sem vítima;314;BR-101/RJ;Sul;Queda de Moto;;;;1;;;;;;;2;;;;
20/06/2013;21:11:00;164;com vítima;314;BR-101/RJ;Norte;Queda de Moto;;;;1;;;;;;;0;;1;;
23/06/2013;13:17:00;70;sem vítima;314,439;BR-101/RJ;Sul;Saida de Pista;1;;;;;;;;;;1;;;;
01/07/2013;06:30:00;25;com vítima;314,075;BR-101/RJ;Sul;Queda de Moto;;;;1;;;;;;;0;1;;;
03/07/2013;19:38:00;142;com vítima;314,514;BR-101/RJ;Sul;Saida de Pista;;;;;;;;;;1;0;2;;;
04/07/2013;08:13:00;52;com vítima;314;BR-101/RJ;Sul;Colisão Lateral;1;;;1;;;;;;;1;;1;;
11/07/2013;10:48:00;71;sem vítima;314;BR-101/RJ;Sul;Colisão Traseira;1;;;;;;;;;1;2;;;;
11/07/2013;18:57:00;131;com vítima;314;BR-101/RJ;Norte;Colisão Lateral;;;;1;;1;;;;;1;1;;;
12/07/2013;08:35:00;48;sem vítima;314;BR-101/RJ;Sul;Colisão Traseira;2;;;;;;;;;;4;;;;
16/07/2013;02:47:00;18;com vítima;314,444;BR-101/RJ;Norte;Tombamento;;;1;;;;;;;;0;1;;;
20/07/2013;17:34:00;169;com vítima;314,2;BR-101/RJ;Sul;Saida de Pista;1;;;;;;;;;;0;1;;;
02/08/2013;15:50:00;123;sem vítima;314;BR-101/RJ;Norte;Saida de Pista;1;;;;;;;;;;1;;;;
13/08/2013;07:38:00;25;sem vítima;314;BR-101/RJ;Sul;Colisão Traseira;1;;;1;;;;;;;3;;;;
03/09/2013;12:20:00;98;sem vítima;314,5;BR-101/RJ;Norte;Colisão Traseira;2;;;;;;;;;;2;;;;
04/09/2013;14:39:00;100;sem vítima;314;BR-101/RJ;Norte;Colisão Traseira;;;;2;;;;;;;2;;;;
06/09/2013;19:47:00;181;com vítima;314,522;BR-101/RJ;Sul;Colisão Traseira;;;;1;;1;;;;;1;;;;1
17/09/2013;08:02:00;44;com vítima;314,4;BR-101/RJ;Sul;Colisão Traseira;1;;;1;;;;;;;2;1;;;
27/09/2013;17:40:00;155;sem vítima;314;BR-101/RJ;Norte;Colisão Traseira;2;;;;;;;;;;2;;;;
11/10/2013;17:47:00;175;sem vítima;314,811;BR-101/RJ;Sul;Engavetamento;4;;;;;;;;;;4;;;;
12/10/2013;22:38:00;198;sem vítima;314,64;BR-101/RJ;Sul;Colisão Traseira;1;;;;1;;;;;;3;;;;
09/11/2013;20:43:00;170;sem vítima;314;BR-101/RJ;Sul;Colisão Traseira;4;;;;;;;;;;7;;;;
09/11/2013;14:00:00;116;sem vítima;314,908;BR-101/RJ;Norte;Colisão Traseira;2;;;;;;;;;;2;;;;
13/11/2013;18:05:00;134;com vítima;314,7;BR-101/RJ;Norte;Queda de Moto;;;;1;;;;;;;0;;1;;
28/11/2013;17:22:00;166;com vítima;314;BR-101/RJ;Norte;Queda de Moto;;;;1;;1;;;;;1;1;;;
16/12/2013;09:40:00;84;sem vítima;314,915;BR-101/RJ;Sul;Saida de Pista;;;;;1;;;;;;3;;;;
01/01/2014;00:38:00;1;com vítima;314;BR-101/RJ;Sul;Saida de Pista;1;;;;;;;;;;2;4;;;
04/01/2014;03:04:00;20;sem vítima;314,42;BR-101/RJ;Norte;Saida de Pista;1;;;;;;;;;;1;;;;
17/01/2014;16:57:00;129;sem vítima;314;BR-101/RJ;Sul;Colisão Traseira;2;;;;;;;;;;2;;;;
21/01/2014;07:25:00;50;sem vítima;314,739;BR-101/RJ;Norte;Colisão Lateral;1;;;;;1;;;;;3;;;;
23/01/2014;17:49:00;162;sem vítima;314;BR-101/RJ;Norte;Colisão Traseira;2;;;;;;;;;;3;;;;
24/01/2014;18:54:00;144;com vítima;314;BR-101/RJ;Norte;Engavetamento;5;;;;;;;;;;5;1;2;;
28/01/2014;21:30:00;199;sem vítima;314,899;BR-101/RJ;Sul;Engavetamento;;;1;;2;;;;;;5;;;;
17/02/2014;07:05:00;38;com vítima;314,556;BR-101/RJ;Sul;Outros - Sequência;;;;1;;;;;;1;1;1;1;;
05/03/2014;04:50:00;24;com vítima;314,486;BR-101/RJ;Sul;Capotamento;2;;;;;;;;;;8;2;;;
14/03/2014;16:46:00;148;sem vítima;314;BR-101/RJ;Norte;Colisão Traseira;2;;;;;;;;;;2;;;;
20/03/2014;21:08:00;205;sem vítima;314;BR-101/RJ;Norte;Colisão Lateral;1;;1;;;;;;;;4;;;;
28/03/2014;10:03:00;76;sem vítima;314,5;BR-101/RJ;Sul;Choque - Defensa, barreira ou "submarino";1;;;;;;;;;;1;;;;
31/03/2014;06:39:00;34;sem vítima;314;BR-101/RJ;Sul;Colisão Traseira;1;;;;;1;;;;;2;;;;
01/04/2014;10:32:00;74;com vítima;314;BR-101/RJ;Norte;Atropelamento - Morador;;;;;;1;;;;;1;;1;;
07/04/2014;06:44:00;36;com vítima;314,69;BR-101/RJ;Sul;Colisão Lateral;;;;1;;1;;;;;1;1;;;
12/04/2014;04:21:00;25;com vítima;314,7;BR-101/RJ;Norte;Colisão Traseira;2;;;;;;;;;;7;;2;;
19/04/2014;10:15:00;43;com vítima;314;BR-101/RJ;Norte;Queda de Moto;;;;1;;;;;;;0;2;;;
17/05/2014;04:17:00;19;com vítima;314,863;BR-101/RJ;Norte;Colisão Lateral;2;;;;;;;;;;5;1;;;
24/05/2014;12:33:00;75;sem vítima;314,173;BR-101/RJ;Norte;Colisão Traseira;2;;;;;;;;;;2;;;;
28/05/2014;08:49:00;56;com vítima;314;BR-101/RJ;Sul;Colisão Traseira;1;;;1;;;;;;;13;1;;;
05/06/2014;06:45:00;35;sem vítima;314;BR-101/RJ;Sul;Colisão Traseira;2;;;;;;;;;;7;;;;
11/06/2014;16:30:00;145;sem vítima;314;BR-101/RJ;Norte;Colisão Traseira;1;;;;;1;;;;;2;;;;
14/06/2014;13:51:00;94;sem vítima;314,444;BR-101/RJ;Sul;Engavetamento;1;;;;;2;;;;;5;;;;
06/07/2014;16:24:00;93;com vítima;314,05;BR-101/RJ;Norte;Atropelamento - Morador;1;;;;;;;;;;1;;1;;
18/07/2014;08:07:00;48;com vítima;314,903;BR-101/RJ;Sul;Colisão Lateral;1;;;1;;;;;;;1;2;;;
20/07/2014;09:28:00;48;sem vítima;314;BR-101/RJ;Sul;Colisão Lateral;2;;;;;;;;;;7;;;;
09/08/2014;06:32:00;33;sem vítima;314;BR-101/RJ;Sul;Colisão Lateral;2;;;;;;;;;;2;;;;
13/08/2014;17:41:00;128;sem vítima;314;BR-101/RJ;Norte;Colisão Traseira;2;;;;;;;;;;2;;;;
04/09/2014;07:31:00;23;com vítima;314,74;BR-101/RJ;Norte;Tombamento;;;1;;;;;;;;0;;2;;
10/09/2014;09:13:00;53;sem vítima;314;BR-101/RJ;Sul;Colisão Lateral;2;;;;;;;;;;3;;;;
06/10/2014;01:05:00;12;sem vítima;314;BR-101/RJ;Norte;Colisão Transversal;2;;1;;;;;;;;5;;;;
10/10/2014;06:13:00;31;sem vítima;314;BR-101/RJ;Norte;Engavetamento;2;;;1;;;;;;;4;;;;
16/11/2014;01:09:00;9;sem vítima;314;BR-101/RJ;Norte;Colisão Traseira;2;;;;;;;;;;7;;;;
17/11/2014;07:03:00;31;sem vítima;314;BR-101/RJ;Sul;Colisão Traseira;2;;;;;;;;;;4;;;;
18/11/2014;18:24:00;151;com vítima;314;BR-101/RJ;Norte;Colisão Lateral;1;;;1;;;;;;;1;1;;;
04/12/2014;18:59:00;165;sem vítima;314;BR-101/RJ;Norte;Colisão Traseira;2;;;;;;;;;;2;;;;
16/12/2014;17:17:00;118;sem vítima;314;BR-101/RJ;Norte;Colisão Traseira;2;;;;;;;;;;5;;;;
16/12/2014;18:38:00;129;com vítima;314;BR-101/RJ;Sul;Colisão Lateral;1;;;1;1;;;;;;2;1;;;
16/12/2014;18:53:00;132;sem vítima;314;BR-101/RJ;Sul;Colisão Lateral;1;;;;1;;;;;;2;;;;
28/12/2014;22:28:00;183;com vítima;314,8;BR-101/RJ;Norte;Atropelamento - Outros;1;;;;;;;;;;1;;;1;
02/01/2015;15:10:00;105;com vítima;314;BR-101/RJ;Sul;Colisão Traseira;1;;;1;;;;;;;2;;1;;
05/01/2015;07:52:00;41;com vítima;314;BR-101/RJ;Sul;Colisão Lateral;1;;;1;;;;;;;3;2;;;
05/01/2015;11:57:00;97;sem vítima;314;BR-101/RJ;Sul;Engavetamento;3;;;;;;;;;;4;;;;
14/01/2015;17:38:00;124;sem vítima;314;BR-101/RJ;Norte;Colisão Lateral;1;;;1;;;;;;;2;;;;
16/01/2015;13:09:00;95;sem vítima;314;BR-101/RJ;Norte;Colisão Traseira;2;;;;;;;;;;3;;;;
26/01/2015;13:57:00;116;sem vítima;314,35;BR-101/RJ;Sul;Colisão Traseira;1;;1;;;;;;;;4;;;;
29/01/2015;18:12:00;136;sem vítima;314;BR-101/RJ;Norte;Colisão Traseira;1;;;;;;;;;1;3;;;;
04/02/2015;16:21:00;134;sem vítima;314,8;BR-101/RJ;Sul;Colisão Traseira;2;;;;;;;;;;2;0;0;0;0
07/02/2015;21:03:00;148;com vítima;314;BR-101/RJ;Norte;Saida de Pista;1;;;;;;;;;;0;2;0;0;0
14/02/2015;06:48:00;71;sem vítima;314;BR-101/RJ;Norte;Colisão Traseira;2;;;;;;;;;;6;0;0;0;0
25/02/2015;09:02:00;52;sem vítima;314;BR-101/RJ;Sul;Colisão Traseira;2;;;;;;;;;;2;;;;
12/03/2015;14:10:00;103;com vítima;314;BR-101/RJ;Sul;Capotamento;1;;;;;;;;;;0;1;0;0;0
19/03/2015;20:02:00;167;sem vítima;314;BR-101/RJ;Sul;Engavetamento;4;;;;;;;;;;5;0;0;0;0
01/04/2015;06:00:00;22;sem vítima;314;BR-101/RJ;Sul;Engavetamento;1;;1;;1;;;;;;4;;;;
06/04/2015;07:20:00;40;sem vítima;314,7;BR-101/RJ;Sul;Outros - Sequência;2;;;1;;;;;;;6;;;;
15/04/2015;10:33:00;94;com vítima;314,893;BR-101/RJ;Sul;Colisão Traseira;;;;;2;;;;;;2;1;;;
17/04/2015;18:23:00;175;sem vítima;314;BR-101/RJ;Sul;Colisão Traseira;2;;;;;;;;;;5;;;;
04/05/2015;22:01:00;215;com vítima;314;BR-101/RJ;Norte;Atropelamento - Ciclista;;1;;;1;;;;;;1;;;1;
04/05/2015;22:15:00;216;sem vítima;314;BR-101/RJ;Norte;Colisão Traseira;2;;;;;;;;;;3;;;;
04/05/2015;22:01:00;220;com vítima;314;BR-101/RJ;Norte;Outros - Sequência;1;;;1;;;;;;;0;1;1;2;
10/05/2015;02:05:00;12;sem vítima;314;BR-101/RJ;Norte;Saida de Pista;1;;;;;;;;;;1;;;;
29/06/2015;09:09:00;88;com vítima;314;BR-101/RJ;Sul;Colisão Lateral;;;;1;;1;;;;;1;1;;;
18/07/2015;12:35:00;101;sem vítima;314,525;BR-101/RJ;Sul;Colisão Traseira;2;;;;;;;;;;3;;;;
23/07/2015;07:36:00;41;com vítima;314,603;BR-101/RJ;Norte;Engavetamento;3;;;;;2;;;;;9;1;;;
08/08/2015;07:10:00;43;sem vítima;314,425;BR-101/RJ;Sul;Colisão Traseira;2;;;;;;;;;;4;;;;
13/08/2015;12:48:00;106;com vítima;314,22;BR-101/RJ;Sul;Capotamento;2;;;;;;;;;;1;;1;;
31/08/2015;13:13:00;124;com vítima;314,403;BR-101/RJ;Sul;Queda de Moto;;;;1;;1;;;;;1;2;;;
06/09/2015;09:33:00;43;com vítima;314,721;BR-101/RJ;Norte;Colisão Traseira;2;;;;;;;;;1;1;1;;1;
08/09/2015;09:11:00;103;com vítima;314;BR-101/RJ;Sul;Colisão Lateral;1;;;1;;;;;;;3;;1;;
21/10/2015;19:08:00;172;com vítima;314,8;BR-101/RJ;Sul;Colisão Lateral;1;;;1;;;;;;;2;1;;;
30/10/2015;12:20:00;92;sem vítima;314;BR-101/RJ;Norte;Colisão Traseira;2;;;;;;;;;;2;;;;
02/11/2015;21:31:00;180;sem vítima;314,261;BR-101/RJ;Sul;Saida de Pista;1;;;;;;;;;;4;;;;
03/11/2015;10:00:00;96;sem vítima;314,842;BR-101/RJ;Sul;Colisão Traseira;2;;;;;1;;;;;4;;;;
14/11/2015;06:23:00;32;com vítima;314,188;BR-101/RJ;Sul;Colisão Lateral;1;;;;1;;;;;;2;2;;;
20/11/2015;04:49:00;35;com vítima;314;BR-101/RJ;Norte;Queda de Moto;;;;1;;;;;;;0;2;;;
20/11/2015;05:02:00;36;sem vítima;314;BR-101/RJ;Norte;Colisão Traseira;2;;;;;;;;;;6;;;;
05/12/2015;00:13:00;2;com vítima;314;BR-101/RJ;Sul;Colisão Traseira;1;;;1;;;;;;;6;;2;;
09/12/2015;11:28:00;113;sem vítima;314;BR-101/RJ;Sul;Engavetamento;3;;;;;;;;;;7;;;;
13/12/2015;12:17:00;117;com vítima;314;BR-101/RJ;Norte;Queda de Moto;;;;1;;;;;;;0;2;;;
14/12/2015;11:39:00;123;sem vítima;314;BR-101/RJ;Sul;Colisão Traseira;1;;;;;1;;;;;2;;;;
16/12/2015;18:04:00;206;sem vítima;314;BR-101/RJ;Norte;Colisão Traseira;2;;;;;;;;;;3;;;;
29/12/2015;02:27:00;11;com vítima;314,5;BR-101/RJ;Sul;Queda de Moto;;;;1;;;;;;;0;1;;;
18/01/2010;11:38:00;84;sem vítima;315;BR-101/RJ;Sul;Colisão Traseira;2;;;;;;;;;;4;;;;
13/02/2010;04:10:00;55;sem vítima;315;BR-101/RJ;Norte;Colisão Traseira;2;;;;;;;;;;5;;;;
25/02/2010;11:46:00;72;com vítima;315;BR-101/RJ;Sul;Atropelamento - Andarilho;1;;;;;;;;;;5;1;;1;
09/03/2010;16:23:00;149;sem vítima;315;BR-101/RJ;Norte;Colisão Frontal;1;;1;;;;;;;;2;;;;
17/03/2010;15:24:00;112;sem vítima;315;BR-101/RJ;Norte;Saida de Pista;1;;;;;;;;;;1;;;;
03/04/2010;16:44:00;97;sem vítima;315;BR-101/RJ;Sul;Colisão Lateral;1;;;;1;;;;;;2;;;;
14/04/2010;23:43:00;187;sem vítima;315;BR-101/RJ;Sul;Capotamento;1;;1;;;;;;;;3;;;;
07/05/2010;07:07:00;53;sem vítima;315;BR-101/RJ;Sul;Colisão Traseira;2;;;;;;;;;;3;;;;
07/05/2010;09:18:00;89;com vítima;315;BR-101/RJ;Sul;Saida de Pista;5;;;;;;;;;;3;;4;;
09/06/2010;13:50:00;108;sem vítima;315;BR-101/RJ;Norte;Atropelamento de Animal;1;;;;;;;;;;2;;;;
06/07/2010;22:33:00;170;com vítima;315;BR-101/RJ;Norte;Colisão Frontal;;;;1;;;;;;1;1;1;2;;1
01/08/2010;18:28:00;170;com vítima;315;BR-101/RJ;Sul;Atropelamento - Morador;1;;;;;;;;;;2;;1;;
02/08/2010;07:13:00;45;sem vítima;315;BR-101/RJ;Sul;Colisão Traseira;2;;;;;;;;;;2;;;;
09/08/2010;08:53:00;45;com vítima;315;BR-101/RJ;Sul;Colisão Lateral;1;;;1;;;;;;;1;;1;;
23/08/2010;06:36:00;26;sem vítima;315;BR-101/RJ;Sul;Colisão Traseira;2;;;;;;;;;;4;;;;
19/09/2010;10:40:00;58;sem vítima;315;BR-101/RJ;Sul;Colisão Traseira;2;;;;;;;;;;6;;;;
09/10/2010;20:13:00;190;sem vítima;315;BR-101/RJ;Sul;Colisão Traseira;2;;;;;;;;;;2;;;;
20/10/2010;17:07:00;127;com vítima;315;BR-101/RJ;Sul;Atropelamento - Andarilho;;;;;;1;;;;;1;;1;;
02/11/2010;17:01:00;112;com vítima;315;BR-101/RJ;Sul;Queda de Moto;;;;1;;;;;;;0;2;;;
11/11/2010;15:17:00;125;sem vítima;315;BR-101/RJ;Norte;Colisão Traseira;2;;;;;;;;;;2;;;;
29/11/2010;08:22:00;52;sem vítima;315;BR-101/RJ;Sul;Engavetamento;3;;;;;;;;;;4;;;;
13/12/2010;17:32:00;167;sem vítima;315;BR-101/RJ;Norte;Saida de Pista;1;;;;;;;;;;2;;;;
18/12/2010;23:05:00;257;com vítima;315;BR-101/RJ;Sul;Colisão Traseira;1;;;1;1;;;;;;2;;1;;
19/12/2010;06:29:00;45;sem vítima;315;BR-101/RJ;Sul;Atropelamento de Animal;1;;;;;;;;;;1;;;;
27/01/2011;03:06:00;18;com vítima;315;BR-101/RJ;Sul;Colisão Traseira;2;;;;;;;;;;4;2;;;
31/01/2011;07:25:00;35;com vítima;315;BR-101/RJ;Sul;Colisão Traseira;;;;1;;;;;;1;1;;1;;
27/03/2011;13:54:00;88;com vítima;34;BR-101/RJ;Norte;Colisão Lateral;;;;2;;;;;;;0;1;;1;
27/03/2011;15:05:00;104;com vítima;242;BR-101/RJ;Norte;Queda de Moto;;;;1;;;;;;;0;1;;;
27/03/2011;18:49:00;154;com vítima;260;BR-101/RJ;Sul;Choque - Defensa, barreira ou "submarino";;;;1;;;;;;;0;;1;;
16/05/2011;01:17:00;6;sem vítima;315;BR-101/RJ;Norte;Saida de Pista;1;;;;;;;;;;1;;;;
27/05/2011;02:44:00;13;com vítima;315;BR-101/RJ;Sul;Capotamento;2;;;;;;;;;;0;;2;;
16/06/2011;09:31:00;63;com vítima;315;BR-101/RJ;Sul;Queda de Moto;2;;;1;;;;;;;6;1;;;
02/08/2011;09:40:00;79;sem vítima;315,70001220703125;BR-101/RJ;Norte;Saida de Pista;1;;;;;;;;;;1;;;;
09/08/2011;14:05:00;97;com vítima;315;BR-101/RJ;Sul;Queda de Moto;;;;1;;;;;;;0;;1;;
13/08/2011;03:50:00;36;com vítima;315;BR-101/RJ;Norte;Queda de Moto;;;;1;;;;;;;0;;1;;
13/08/2011;16:05:00;154;sem vítima;315,8999938964844;BR-101/RJ;Norte;Saida de Pista;1;;;;;;;;;;1;;;;
16/08/2011;06:41:00;27;com vítima;315;BR-101/RJ;Sul;Colisão Traseira;1;;;1;;;;;;;1;1;;;
21/08/2011;06:29:00;32;com vítima;315,3999938964844;BR-101/RJ;Norte;Capotamento;1;;;;;;;;;;0;2;1;;
16/09/2011;09:00:00;41;sem vítima;315;BR-101/RJ;Sul;Colisão Traseira;2;;;;;;;;;;3;;;;
21/09/2011;09:08:00;50;com vítima;315;BR-101/RJ;Sul;Colisão Traseira;1;;;1;;;;;;;1;1;;;
15/10/2011;01:48:00;12;com vítima;315;BR-101/RJ;Sul;Capotamento;1;;;;;;;;;;0;;;;1
19/10/2011;06:16:00;23;com vítima;315;BR-101/RJ;Norte;Saida de Pista;1;;;;;;;;;;0;2;;;
27/10/2011;07:12:00;33;sem vítima;315,8999938964844;BR-101/RJ;Sul;Colisão Lateral;1;;;1;;;;;;;6;;;;