data;horario;n_da_ocorrencia;tipo_de_ocorrencia;km;trecho;sentido;tipo_de_acidente;automovel;bicicleta;caminhao;moto;onibus;outros;tracao_animal;transporte_de_cargas_especiais;trator_maquinas;utilitarios;ilesos;levemente_feridos;moderadamente_feridos;gravemente_feridos;mortos
29/10/2011;18:12:00;144;sem vítima;315;BR-101/RJ;Sul;Colisão Traseira;2;;;;;;;;;;7;;;;
29/10/2011;22:59:00;191;sem vítima;315;BR-101/RJ;Sul;Colisão Lateral;2;;;;;;;;;;2;;;;
11/11/2011;22:28:00;212;com vítima;315;BR-101/RJ;Norte;Colisão Traseira;2;;;;;;;;;;0;2;1;;
11/11/2011;15:56:00;127;sem vítima;315,1000061035156;BR-101/RJ;Norte;Colisão Traseira;1;;1;;;;;;;;4;;;;
19/11/2011;16:38:00;89;com vítima;315,1000061035156;BR-101/RJ;Sul;Colisão Traseira;1;;1;;;;;;;;1;;;;1
29/11/2011;09:46:00;68;sem vítima;315;BR-101/RJ;Sul;Colisão Traseira;1;;1;;;;;;;;4;;;;
19/12/2011;18:35:00;193;sem vítima;315;BR-101/RJ;Norte;Saida de Pista;1;;;;;;;;;;4;;;;
20/12/2011;08:38:00;51;com vítima;315;BR-101/RJ;Sul;Colisão Traseira;1;;;1;;;;;;;2;;1;;
03/01/2012;13:02:00;131;sem vítima;315;BR-101/RJ;Sul;Colisão Traseira;2;;;;;;;;;;2;;;;
09/01/2012;13:31:00;114;sem vítima;315;BR-101/RJ;Sul;Colisão Traseira;2;;;;;;;;;;3;;;;
03/02/2012;10:48:00;80;com vítima;315,8;BR-101/RJ;Norte;Queda de Moto;1;;;1;;;;;;;1;1;;;
23/02/2012;08:02:00;63;com vítima;315;BR-101/RJ;Sul;Colisão Traseira;1;;;1;;;;;;;1;;1;;
23/02/2012;07:43:00;58;sem vítima;315,8;BR-101/RJ;Sul;Colisão Traseira;2;;;;;;;;;;2;;;;
29/02/2012;07:33:00;32;com vítima;315,8;BR-101/RJ;Sul;Colisão Traseira;1;;;1;;;;;;;1;2;;;
02/03/2012;23:59:00;228;com vítima;315;BR-101/RJ;Sul;Saida de Pista;1;;;;;;;;;;0;;1;;
05/03/2012;08:05:00;53;com vítima;315,8;BR-101/RJ;Sul;Atropelamento - Morador;;;;1;;1;;;;;1;;2;;
26/03/2012;15:32:00;117;com vítima;315;BR-101/RJ;Norte;Queda de Moto;;;;1;;;;;;;0;;1;;
04/04/2012;07:51:00;48;com vítima;315,5;BR-101/RJ;Sul;Colisão Lateral;1;;;1;;;;;;;1;1;;;
30/04/2012;05:59:00;20;com vítima;315,7;BR-101/RJ;Sul;Outros - Sequência;1;;;1;;1;;;;;2;;2;;
23/05/2012;14:04:00;101;sem vítima;315,7;BR-101/RJ;Sul;Colisão Lateral;1;;;;1;;;;;;3;;;;
25/05/2012;09:17:00;52;sem vítima;315;BR-101/RJ;Norte;Queda de Moto;;;;1;;;;;;;1;;;;
14/06/2012;17:47:00;166;sem vítima;315;BR-101/RJ;Norte;Colisão Traseira;2;;;;;;;;;;5;;;;
21/06/2012;22:03:00;178;sem vítima;315,555;BR-101/RJ;Norte;Saida de Pista;1;;;;;;;;;;1;;;;
29/06/2012;08:03:00;38;com vítima;315,9;BR-101/RJ;Sul;Queda de Moto;;;;1;;;;;;;0;2;;;
30/06/2012;06:18:00;34;com vítima;315;BR-101/RJ;Sul;Atropelamento - Morador;;;;;;1;;;;;1;;;;1
30/06/2012;07:56:00;44;sem vítima;315;BR-101/RJ;Norte;Colisão Traseira;2;;;;;;;;;;7;;;;
30/06/2012;10:13:00;69;com vítima;315;BR-101/RJ;Sul;Colisão Lateral;1;;;1;;;;;;;1;1;;;
07/07/2012;16:41:00;142;com vítima;315;BR-101/RJ;Sul;Saida de Pista;1;;;;;;;;;;1;3;;;
11/07/2012;10:31:00;72;sem vítima;315;BR-101/RJ;Sul;Colisão Traseira;2;;;;;;;;;;2;;;;
20/07/2012;09:59:00;69;sem vítima;315;BR-101/RJ;Norte;Engavetamento;2;;;;;;;;;1;7;;;;
20/07/2012;17:34:00;147;sem vítima;315;BR-101/RJ;Norte;Colisão Traseira;2;;;;;;;;;;2;;;;
27/07/2012;11:59:00;87;sem vítima;315;BR-101/RJ;Sul;Colisão Traseira;2;;;;;;;;;;4;;;;
21/08/2012;09:11:00;51;sem vítima;315,5;BR-101/RJ;Sul;Colisão Traseira;1;;1;;;;;;;;3;;;;
21/08/2012;22:06:00;167;sem vítima;315,6;BR-101/RJ;Sul;Colisão Traseira;;;2;;;;;;;;2;;;;
24/08/2012;07:37:00;36;com vítima;315;BR-101/RJ;Sul;Queda de Moto;1;;;1;;;;;;;2;;1;;
01/09/2012;06:13:00;33;sem vítima;315;BR-101/RJ;Norte;Colisão Lateral;1;;;;;;;;;1;2;;;;
01/09/2012;06:20:00;34;sem vítima;315;BR-101/RJ;Sul;Colisão Traseira;;;2;;;;;;;;3;;;;
01/09/2012;17:22:00;129;sem vítima;315;BR-101/RJ;Norte;Colisão Traseira;2;;;;;;;;;;3;;;;
03/09/2012;06:35:00;24;sem vítima;315;BR-101/RJ;Sul;Outros - Sequência;2;;;1;;;;;;;4;;;;
08/09/2012;02:15:00;8;com vítima;315,951;BR-101/RJ;Norte;Colisão Frontal;2;;;;;;;;;;0;;;1;2
09/09/2012;21:21:00;279;sem vítima;315;BR-101/RJ;Sul;Saida de Pista;1;;;;;;;;;;1;;;;
15/09/2012;07:34:00;51;sem vítima;315,4;BR-101/RJ;Sul;Colisão Traseira;1;;;;;1;;;;;2;;;;
24/09/2012;08:23:00;63;com vítima;315;BR-101/RJ;Norte;Atropelamento de Animal;;;;1;;;;;;;0;1;;;
27/09/2012;08:05:00;63;sem vítima;315,1;BR-101/RJ;Sul;Colisão Traseira;1;;;;;;;;;;1;;;;
29/09/2012;16:21:00;131;com vítima;315;BR-101/RJ;Norte;Colisão Traseira;1;;1;;;;;;;;2;1;1;;
06/10/2012;11:49:00;100;sem vítima;315;BR-101/RJ;Norte;Colisão Lateral;2;;;;;;;;;;5;;;;
07/10/2012;11:27:00;72;sem vítima;315;BR-101/RJ;Norte;Colisão Lateral;2;;;;;;;;;;2;;;;
07/10/2012;04:50:00;22;sem vítima;315,9;BR-101/RJ;Norte;Saida de Pista;1;;;;;;;;;;1;;;;
07/10/2012;04:47:00;23;com vítima;315,9;BR-101/RJ;Norte;Atropelamento - Morador;1;;;;;;;;;;2;;;1;
21/10/2012;06:08:00;30;sem vítima;315;BR-101/RJ;Norte;Colisão Traseira;2;;;;;;;;;;3;;;;
29/10/2012;06:34:00;32;sem vítima;315,422;BR-101/RJ;Sul;Colisão Traseira;2;;;;;1;;;;;3;;;;
09/11/2012;12:19:00;95;sem vítima;315,75;BR-101/RJ;Norte;Colisão Traseira;1;;;;1;;;;;;2;;;;
26/11/2012;10:20:00;78;com vítima;315,9;BR-101/RJ;Sul;Colisão Lateral;1;;;1;;;;;;;1;1;1;;
06/12/2012;03:34:00;12;sem vítima;315,171;BR-101/RJ;Norte;Saida de Pista;1;;;;;;;;;;1;;;;
10/12/2012;20:25:00;225;com vítima;315;BR-101/RJ;Norte;Colisão Traseira;;;;1;;1;;;;;1;;1;;
11/12/2012;07:11:00;34;com vítima;315;BR-101/RJ;Sul;Colisão Lateral;1;;;1;;;;;;;2;;1;;
22/12/2012;22:20:00;235;sem vítima;315,1;BR-101/RJ;Norte;Saida de Pista;1;;;;;;;;;;2;;;;
02/01/2013;18:03:00;183;sem vítima;315;BR-101/RJ;Sul;Colisão Traseira;2;;;;;;;;;;4;;;;
10/01/2013;07:29:00;41;sem vítima;315;BR-101/RJ;Sul;Colisão Traseira;2;;;;;;;;;;4;;;;
14/01/2013;07:38:00;43;com vítima;315;BR-101/RJ;Sul;Colisão Traseira;1;;;1;;;;;;;2;2;;;
26/01/2013;05:17:00;25;sem vítima;315,513;BR-101/RJ;Norte;Saida de Pista;1;;;;;;;;;;1;;;;
10/02/2013;08:38:00;62;com vítima;315,369;BR-101/RJ;Norte;Colisão Frontal;2;;;;1;;;;;;3;2;;1;1
10/02/2013;12:32:00;125;sem vítima;315,4;BR-101/RJ;Sul;Engavetamento;3;;;;;;;;;;12;;;;
22/02/2013;15:39:00;128;sem vítima;315;BR-101/RJ;Norte;Colisão Traseira;2;;;;;;;;;;2;;;;
22/02/2013;07:37:00;48;com vítima;315,7;BR-101/RJ;Sul;Colisão Traseira;2;;;;1;;;;;;2;1;;;
24/02/2013;00:41:00;7;sem vítima;315,5;BR-101/RJ;Norte;Colisão Traseira;2;;;;;;;;;;2;;;;
27/02/2013;14:44:00;122;sem vítima;315;BR-101/RJ;Norte;Colisão Traseira;2;;;;;;;;;;2;;;;
27/02/2013;17:16:00;138;sem vítima;315;BR-101/RJ;Sul;Colisão Lateral;2;;;;;;;;;;2;;;;
13/03/2013;16:46:00;170;sem vítima;315;BR-101/RJ;Norte;Saida de Pista;1;;;;;;;;;;2;;;;
19/03/2013;07:22:00;33;sem vítima;315;BR-101/RJ;Sul;Colisão Traseira;2;;;;;;;;;;3;;;;
25/03/2013;19:38:00;175;com vítima;315;BR-101/RJ;Norte;Atropelamento - Morador;;;;;;1;;;;;1;1;;;
17/04/2013;07:33:00;37;sem vítima;315,9;BR-101/RJ;Sul;Colisão Lateral;1;;;;;1;;;;;2;;;;
28/04/2013;02:11:00;10;sem vítima;315,265;BR-101/RJ;Norte;Saida de Pista;1;;;;;;;;;;1;;;;
06/05/2013;08:20:00;42;sem vítima;315;BR-101/RJ;Norte;Saida de Pista;1;;;;;;;;;;1;;;;
10/05/2013;17:26:00;132;com vítima;315,26;BR-101/RJ;Norte;Colisão Traseira;1;;;1;;;;;;;1;;1;;
11/05/2013;18:20:00;156;com vítima;315,433;BR-101/RJ;Norte;Saida de Pista;1;;;;;;;;;;0;2;;;
19/05/2013;15:22:00;107;sem vítima;315,5;BR-101/RJ;Norte;Saida de Pista;1;;;;;;;;;;1;;;;
22/05/2013;01:11:00;5;com vítima;315;BR-101/RJ;Norte;Saida de Pista;1;;;;;;;;;;0;;;1;
14/06/2013;14:01:00;96;com vítima;315,823;BR-101/RJ;Norte;Colisão Lateral;;;;1;;1;;;;;1;1;1;;
28/06/2013;16:33:00;120;com vítima;315;BR-101/RJ;Norte;Queda de Moto;;;;1;;;;;;;0;1;;;
03/07/2013;21:36:00;154;sem vítima;315;BR-101/RJ;Norte;Saida de Pista;;;1;;;;;;;;1;;;;
15/07/2013;18:54:00;172;com vítima;315;BR-101/RJ;Norte;Queda de Moto;;;;1;;;;;;;0;1;;;
19/07/2013;01:04:00;6;com vítima;315,035;BR-101/RJ;Sul;Atropelamento - Morador;;;;;;1;;;;;1;;;;1
20/07/2013;11:15:00;95;com vítima;315;BR-101/RJ;Sul;Atropelamento - Morador;;;;1;;;;;;;1;;1;;
22/07/2013;07:48:00;33;sem vítima;315,7;BR-101/RJ;Sul;Colisão Traseira;2;;;;;;;;;;4;;;;
30/07/2013;21:59:00;154;com vítima;315;BR-101/RJ;Sul;Atropelamento - Morador;;;;;;1;;;;;1;;;1;
03/08/2013;09:53:00;65;sem vítima;315;BR-101/RJ;Sul;Colisão Traseira;2;;;;;;;;;;2;;;;
03/08/2013;07:03:00;31;sem vítima;315,145;BR-101/RJ;Sul;Colisão Lateral;1;;;;1;;;;;;4;;;;
23/08/2013;11:10:00;71;sem vítima;315;BR-101/RJ;Sul;Colisão Lateral;;;;1;;1;;;;;2;;;;
26/08/2013;15:41:00;128;sem vítima;315;BR-101/RJ;Sul;Colisão Lateral;1;;;;;1;;;;;2;;;;
30/08/2013;08:16:00;33;sem vítima;315;BR-101/RJ;Sul;Engavetamento;3;;;;;;;;;;9;;;;
07/09/2013;11:42:00;105;sem vítima;315;BR-101/RJ;Norte;Saida de Pista;1;;;;;;;;;;1;;;;
11/09/2013;19:01:00;128;sem vítima;315;BR-101/RJ;Norte;Saida de Pista;1;;;;;;;;;;1;;;;
13/09/2013;13:56:00;124;com vítima;315,6;BR-101/RJ;Sul;Colisão Lateral;1;;;1;;;;;;;2;1;;;
01/10/2013;07:32:00;25;com vítima;315,737;BR-101/RJ;Sul;Capotamento;1;;;;;;;;;;0;2;;;
02/10/2013;11:18:00;76;com vítima;315,611;BR-101/RJ;Sul;Engavetamento;3;;;;;;;;;;3;1;;;
05/10/2013;00:37:00;5;sem vítima;315;BR-101/RJ;Norte;Saida de Pista;1;;;;;;;;;;3;;;;
07/10/2013;18:26:00;132;sem vítima;315;BR-101/RJ;Norte;Colisão Traseira;1;;1;;;;;;;;3;;;;
09/10/2013;22:23:00;177;sem vítima;315;BR-101/RJ;Norte;Colisão Traseira;1;;1;;;;;;;;3;;;;
10/10/2013;17:55:00;143;sem vítima;315,581;BR-101/RJ;Norte;Colisão Traseira;2;;;;;;;;;;3;;;;
15/10/2013;18:37:00;176;sem vítima;315,655;BR-101/RJ;Norte;Colisão Traseira;1;;;1;;;;;;;2;;;;
07/11/2013;08:55:00;43;com vítima;315;BR-101/RJ;Sul;Colisão Lateral;1;;;1;;;;;;;2;1;;;
11/11/2013;08:59:00;67;sem vítima;315,692;BR-101/RJ;Sul;Colisão Traseira;;;;;2;;;;;;3;;;;
25/11/2013;17:11:00;131;com vítima;315;BR-101/RJ;Norte;Outros - Sequência;1;;1;;1;;;;;;3;1;;;
04/12/2013;17:09:00;151;sem vítima;315;BR-101/RJ;Norte;Queda de Moto;;;;1;;;;;;;1;;;;
04/12/2013;17:41:00;159;sem vítima;315;BR-101/RJ;Norte;Engavetamento;3;;;;;;;;;;3;;;;
07/12/2013;10:58:00;113;com vítima;315,227;BR-101/RJ;Sul;Atropelamento - Funcionário;1;;;;;;;;;;2;1;;;
02/01/2014;07:41:00;43;sem vítima;315;BR-101/RJ;Sul;Colisão Traseira;2;;;;;;;;;;6;;;;
03/01/2014;14:47:00;142;sem vítima;315,863;BR-101/RJ;Sul;Colisão Traseira;1;;1;;;;;;;;3;;;;
04/01/2014;22:37:00;228;com vítima;315,414;BR-101/RJ;Norte;Colisão Traseira;2;;;;;;;;;;1;3;;;
11/01/2014;10:37:00;85;sem vítima;315,072;BR-101/RJ;Norte;Saida de Pista;1;;;;;;;;;;1;;;;
15/01/2014;16:16:00;132;sem vítima;315;BR-101/RJ;Sul;Queda de Moto;;;;1;;;;;;;1;;;;
17/01/2014;23:37:00;194;sem vítima;315,33;BR-101/RJ;Norte;Engavetamento;2;;1;;;;;;;;9;;;;
21/01/2014;11:15:00;104;sem vítima;315;BR-101/RJ;Sul;Colisão Traseira;2;;;;;;;;;;2;;;;
23/01/2014;05:37:00;17;sem vítima;315,15;BR-101/RJ;Sul;Choque - Defensa, barreira ou "submarino";1;;;;;;;;;;1;;;;
27/01/2014;16:06:00;148;sem vítima;315,85;BR-101/RJ;Norte;Colisão Traseira;2;;;;;;;;;;2;;;;
12/03/2014;00:11:00;3;sem vítima;315,5;BR-101/RJ;Sul;Choque - Defensa, barreira ou "submarino";1;;;;;1;;;;;2;;;;
21/03/2014;18:17:00;173;sem vítima;315;BR-101/RJ;Sul;Engavetamento;3;;;;;;;;;;3;;;;
18/04/2014;10:39:00;109;sem vítima;315,431;BR-101/RJ;Norte;Engavetamento;3;;;;;;;;;;4;;;;
23/04/2014;12:21:00;81;sem vítima;315;BR-101/RJ;Norte;Colisão Traseira;2;;;;;;;;;;2;;;;
24/04/2014;21:54:00;170;sem vítima;315,7;BR-101/RJ;Sul;Choque - Defensa, barreira ou "submarino";1;;;;;;;;;;2;;;;
26/04/2014;19:01:00;154;sem vítima;315,393;BR-101/RJ;Sul;Engavetamento;3;;;;;;;;;;3;;;;
08/05/2014;12:00:00;103;sem vítima;315;BR-101/RJ;Sul;Colisão Traseira;2;;;;;;;;;;2;;;;
26/05/2014;07:10:00;45;sem vítima;315,271;BR-101/RJ;Sul;Colisão Traseira;1;;;;;;;;;1;11;;;;
28/05/2014;19:44:00;150;sem vítima;315,85;BR-101/RJ;Sul;Colisão Traseira;2;;;;;;;;;;3;;;;
05/06/2014;06:35:00;32;com vítima;315,23;BR-101/RJ;Sul;Colisão Traseira;1;;;1;;;;;;;3;1;1;;
05/06/2014;12:22:00;100;com vítima;315,65;BR-101/RJ;Norte;Colisão Lateral;1;;;1;;;;;;;2;1;;;
09/06/2014;07:04:00;24;sem vítima;315;BR-101/RJ;Sul;Colisão Traseira;1;;;;;1;;;;;2;;;;
21/06/2014;05:10:00;16;com vítima;315;BR-101/RJ;Sul;Outros - Sequência;2;;;1;;1;;;;;3;1;;;
29/06/2014;01:59:00;12;com vítima;315;BR-101/RJ;Norte;Choque - Defensa, barreira ou "submarino";;;;1;;;;;;;0;;1;;
01/07/2014;09:09:00;66;com vítima;315;BR-101/RJ;Sul;Colisão Lateral;1;;;1;;;;;;;1;;2;;
07/07/2014;09:07:00;70;sem vítima;315;BR-101/RJ;Sul;Colisão Traseira;2;;;;;;;;;;2;;;;
08/07/2014;19:57:00;129;com vítima;315,7;BR-101/RJ;Sul;Queda de Moto;;;;1;;;;;;;0;;;1;
29/07/2014;08:29:00;49;com vítima;315;BR-101/RJ;Sul;Colisão Lateral;1;;;1;;;;;;;1;1;;;
30/07/2014;06:05:00;31;sem vítima;315;BR-101/RJ;Sul;Colisão Traseira;1;;;;1;;;;;;2;;;;
05/08/2014;20:39:00;177;sem vítima;315;BR-101/RJ;Norte;Engavetamento;4;;;;;;;;;;6;;;;
12/08/2014;14:20:00;116;com vítima;315,676;BR-101/RJ;Sul;Colisão Traseira;1;;;1;;;;;;;1;1;;;
18/08/2014;07:00:00;43;sem vítima;315;BR-101/RJ;Sul;Colisão Lateral;1;;;1;;;;;;;3;;;;
20/08/2014;12:12:00;80;com vítima;315;BR-101/RJ;Norte;Queda de Moto;;;;1;;;;;;;0;2;;;
03/09/2014;22:44:00;168;sem vítima;315,607;BR-101/RJ;Sul;Choque - Defensa, barreira ou "submarino";1;;;;;;;;;;3;;;;
12/09/2014;08:08:00;43;com vítima;315;BR-101/RJ;Sul;Colisão Lateral;1;;;1;;;;;;;1;1;;;
22/09/2014;06:40:00;27;sem vítima;315;BR-101/RJ;Sul;Colisão Traseira;1;;1;;;;;;;;6;;;;
27/09/2014;01:10:00;9;com vítima;315;BR-101/RJ;Norte;Colisão Traseira;2;;;;;;;;;;1;1;1;;
27/09/2014;02:10:00;14;sem vítima;315;BR-101/RJ;Norte;Colisão Traseira;1;;1;;;;;;;;2;;;;
03/10/2014;16:43:00;144;sem vítima;315,115;BR-101/RJ;Norte;Colisão Traseira;1;;1;;;;;;;;2;;;;
10/10/2014;21:05:00;204;sem vítima;315;BR-101/RJ;Sul;Engavetamento;3;;;;;;;;;;5;;;;
24/10/2014;09:57:00;57;sem vítima;315;BR-101/RJ;Sul;Colisão Traseira;2;;;;;;;;;;2;;;;
26/10/2014;08:47:00;42;sem vítima;315;BR-101/RJ;Norte;Objeto lançado contra veículo;2;;;;;;;;;;4;;;;
26/10/2014;14:50:00;84;sem vítima;315;BR-101/RJ;Sul;Colisão Traseira;1;;;;;1;;;;;2;;;;
26/10/2014;15:02:00;87;sem vítima;315;BR-101/RJ;Sul;Colisão Traseira;2;;;;;;;;;;4;;;;
01/11/2014;20:24:00;193;sem vítima;315,592;BR-101/RJ;Norte;Colisão Traseira;2;;;;;;;;;;4;;;;
17/11/2014;08:37:00;48;com vítima;315;BR-101/RJ;Sul;Colisão Lateral;1;;;1;;;;;;;2;2;;;
02/12/2014;08:10:00;52;com vítima;315,5;BR-101/RJ;Sul;Colisão Traseira;1;;;1;;;;;;;1;2;;;
08/12/2014;09:09:00;56;com vítima;315;BR-101/RJ;Sul;Colisão Lateral;;;;1;;;;;;1;1;1;;;
10/12/2014;19:17:00;152;com vítima;315;BR-101/RJ;Norte;Queda de Moto;;;;1;;;;;;;0;;1;;
20/12/2014;04:27:00;25;sem vítima;315;BR-101/RJ;Norte;Saida de Pista;1;;;;;;;;;;1;;;;
23/12/2014;11:39:00;86;sem vítima;315;BR-101/RJ;Sul;Colisão Traseira;1;;;;1;;;;;;2;;;;
04/01/2015;23:36:00;198;sem vítima;315;BR-101/RJ;Sul;Engavetamento;3;;;;;;;;;;8;;;;
15/02/2015;02:51:00;20;sem vítima;315;BR-101/RJ;Norte;Saida de Pista;2;;;;;;;;;;4;0;0;0;0
19/02/2015;18:11:00;174;sem vítima;315;BR-101/RJ;Norte;Saida de Pista;;;1;;;;;;;;1;0;0;0;0
22/02/2015;08:17:00;41;com vítima;315;BR-101/RJ;Sul;Colisão Lateral;;;;2;;;;;;;0;3;;;
18/03/2015;07:38:00;39;com vítima;315,635;BR-101/RJ;Sul;Colisão Lateral;1;;;1;;;;;;;1;0;1;0;0
09/04/2015;21:13:00;196;com vítima;315;BR-101/RJ;Norte;Colisão Traseira;1;;;;1;;;;;;1;1;;;
11/04/2015;21:17:00;186;sem vítima;315;BR-101/RJ;Norte;Colisão Traseira;2;;;;;;;;;;3;;;;
11/04/2015;08:39:00;55;sem vítima;315,498;BR-101/RJ;Sul;Engavetamento;3;;;;;;;;;;3;;;;
16/04/2015;08:13:00;51;com vítima;315,916;BR-101/RJ;Sul;Colisão Lateral;1;;;1;;;;;;;3;;2;;
10/05/2015;18:38:00;144;com vítima;315;BR-101/RJ;Norte;Queda de Moto;;;;1;;;;;;;1;1;;;
15/05/2015;08:16:00;48;com vítima;315,488;BR-101/RJ;Sul;Colisão Traseira;1;;;1;;;;;;;2;;1;1;
10/06/2015;21:31:00;196;sem vítima;315;BR-101/RJ;Norte;Choque - Defensa, barreira ou "submarino";1;;;;;;;;;;1;;;;
19/07/2015;03:31:00;20;com vítima;315,938;BR-101/RJ;Norte;Capotamento;1;;;;;;;;;;0;2;;;
29/07/2015;11:29:00;108;com vítima;315,761;BR-101/RJ;Norte;Colisão Frontal;;;;2;;;;;;;2;;1;;
08/08/2015;06:25:00;34;sem vítima;315,3;BR-101/RJ;Sul;Choque - Defensa, barreira ou "submarino";1;;;;;;;;;;1;;;;
08/08/2015;06:13:00;32;com vítima;315,441;BR-101/RJ;Sul;Colisão Traseira;1;;;1;;;;;;;3;1;;;
23/08/2015;20:55:00;167;com vítima;315;BR-101/RJ;Norte;Queda de Moto;1;;;1;;;;;;;1;2;;;
08/09/2015;18:23:00;196;com vítima;315;BR-101/RJ;Norte;Colisão Traseira;1;;;1;;;;;;;1;;2;;
09/09/2015;07:07:00;23;sem vítima;315;BR-101/RJ;Sul;Colisão Lateral;1;;;1;;;;;;;2;;;;
05/10/2015;07:27:00;44;com vítima;315,53;BR-101/RJ;Sul;Colisão Lateral;2;;;1;;;;;;;2;1;;;
05/10/2015;10:14:00;87;com vítima;315,657;BR-101/RJ;Sul;Colisão Traseira;;;1;1;;;;;;;1;1;;;
12/10/2015;03:30:00;14;sem vítima;315,6;BR-101/RJ;Norte;Choque - Talude;1;;;;;;;;;;2;;;;
03/11/2015;09:08:00;82;sem vítima;315;BR-101/RJ;Sul;Engavetamento;2;;;;;1;;;;;4;;;;
14/11/2015;16:47:00;159;com vítima;315,088;BR-101/RJ;Norte;Queda de Moto;;;;1;;1;;;;;1;2;;;
19/11/2015;18:03:00;192;com vítima;315;BR-101/RJ;Norte;Colisão Traseira;1;;;;;1;;;;;2;1;;;
22/12/2015;22:59:00;253;sem vítima;315;BR-101/RJ;Sul;Tombamento;1;;;;;;;;;;1;;;;
23/12/2015;17:07:00;202;com vítima;315;BR-101/RJ;Norte;Colisão Lateral;1;;;1;;;;;;;3;1;;;
29/12/2015;17:23:00;171;sem vítima;315;BR-101/RJ;Norte;Colisão Lateral;1;;;1;;;;;;;2;;;;
02/01/2010;21:02:00;214;com vítima;316;BR-101/RJ;Norte;Atropelamento - Ciclista;;1;;;;1;;;;;1;;1;;
05/01/2010;21:19:00;189;sem vítima;316;BR-101/RJ;Sul;Queda de Moto;;;;1;;;;;;;1;;;;
15/01/2010;21:53:00;207;com vítima;316;BR-101/RJ;Sul;Atropelamento - Andarilho;1;;;;;;;;;;1;;;;1
20/01/2010;10:25:00;68;sem vítima;316;BR-101/RJ;Sul;Saida de Pista;1;;;;;;;;;;2;;;;
24/01/2010;04:38:00;19;sem vítima;316;BR-101/RJ;Sul;Saida de Pista;1;;;;;;;;;;2;;;;
27/01/2010;19:15:00;177;com vítima;316;BR-101/RJ;Norte;Choque - Outros;;;;1;;;;;;;0;1;;;
01/02/2010;09:25:00;69;sem vítima;316;BR-101/RJ;Sul;Saida de Pista;1;;;;;;;;;;1;;;;
09/02/2010;12:55:00;98;sem vítima;316;BR-101/RJ;Norte;Choque - Outros;1;;1;;;;;;;;2;;;;
10/02/2010;05:30:00;39;sem vítima;316;BR-101/RJ;Norte;Saida de Pista;1;;;;;;;;;;1;;;;
11/02/2010;09:23:00;62;sem vítima;316;BR-101/RJ;Sul;Queda de Moto;;;;1;;;;;;;2;;;;
12/02/2010;17:01:00;200;sem vítima;316;BR-101/RJ;Norte;Colisão Lateral;;;;1;;1;;;;;2;;;;
13/02/2010;12:39:00;238;com vítima;316;BR-101/RJ;Norte;Atropelamento - Ambulante;;;;1;;;;;;;2;1;;;
18/02/2010;08:04:00;68;sem vítima;316;BR-101/RJ;Sul;Engavetamento;2;;;;;;;;;;2;;;;
19/02/2010;15:34:00;104;sem vítima;316;BR-101/RJ;Norte;Saida de Pista;1;;;;;;;;;;1;;;;
05/03/2010;16:32:00;139;sem vítima;316;BR-101/RJ;Sul;Colisão Lateral;1;;;1;;;;;;;3;;;;
13/03/2010;06:52:00;33;com vítima;316;BR-101/RJ;Sul;Colisão Traseira;;;1;1;;;;;;;1;;;1;
13/03/2010;17:10:00;138;com vítima;316;BR-101/RJ;Norte;Saida de Pista;2;;;;;;;;;;0;;1;1;1
22/03/2010;07:05:00;42;sem vítima;316;BR-101/RJ;Sul;Colisão Traseira;1;;;;1;;;;;;2;;;;
23/03/2010;08:38:00;35;sem vítima;316;BR-101/RJ;Sul;Colisão Traseira;2;;;;;;;;;;3;;;;
29/03/2010;08:25:00;55;sem vítima;316;BR-101/RJ;Sul;Colisão Traseira;1;;;;1;;;;;;2;;;;
16/04/2010;12:32:00;76;com vítima;316;BR-101/RJ;Norte;Choque - Objeto sobre a pista;;;1;1;;;;;;;1;1;;;
27/04/2010;06:51:00;27;com vítima;316;BR-101/RJ;Sul;Engavetamento;3;;;1;;;;;;;3;;1;;
22/05/2010;15:26:00;99;sem vítima;316;BR-101/RJ;Sul;Saida de Pista;1;;;;;;;;;;1;;;;
31/05/2010;06:53:00;38;com vítima;316;BR-101/RJ;Sul;Outros - Sequência;2;;;1;;;;;;;2;2;;;
31/05/2010;19:08:00;161;com vítima;316;BR-101/RJ;Sul;Atropelamento - Outros;1;;;;;;;;;;0;2;;1;
20/06/2010;00:36:00;4;sem vítima;316;BR-101/RJ;Norte;Capotamento;1;;;1;;;;;;;3;;;;
23/06/2010;01:58:00;7;com vítima;316;BR-101/RJ;Norte;Colisão Traseira;;;2;;;;;;;;1;;;1;
23/06/2010;01:58:00;8;sem vítima;316;BR-101/RJ;Norte;Objeto lançado contra veículo;1;;;;;;;;;;1;;;;
28/06/2010;08:08:00;35;sem vítima;316;BR-101/RJ;Sul;Colisão Traseira;1;;;;1;;;;;;2;;;;
29/06/2010;03:57:00;19;sem vítima;316;BR-101/RJ;Norte;Queda de Moto;;;;1;;;;;;;1;;;;
02/07/2010;16:04:00;111;sem vítima;316;BR-101/RJ;Sul;Colisão Lateral;1;;;;;;;;;1;4;;;;
09/07/2010;07:21:00;35;com vítima;316;BR-101/RJ;Sul;Colisão Lateral;1;;;1;;;;;;;1;1;;;
12/07/2010;07:00:00;38;com vítima;316;BR-101/RJ;Sul;Colisão Lateral;1;;;1;;;;;;;1;1;;;
20/07/2010;14:31:00;110;sem vítima;316;BR-101/RJ;Norte;Engavetamento;2;;;1;;;;;;;4;;;;
28/07/2010;00:03:00;1;com vítima;316;BR-101/RJ;Norte;Colisão Traseira;1;;;1;;;;;;;1;1;;;