data;horario;n_da_ocorrencia;tipo_de_ocorrencia;km;trecho;sentido;tipo_de_acidente;automovel;bicicleta;caminhao;moto;onibus;outros;tracao_animal;transporte_de_cargas_especiais;trator_maquinas;utilitarios;ilesos;levemente_feridos;moderadamente_feridos;gravemente_feridos;mortos
02/08/2010;08:10:00;56;sem vítima;316;BR-101/RJ;Sul;Colisão Traseira;2;;;;;;;;;;2;;;;
11/08/2010;20:52:00;155;sem vítima;316;BR-101/RJ;Norte;Saida de Pista;1;;;;;;;;;;1;;;;
12/08/2010;17:59:00;147;com vítima;316;BR-101/RJ;Sul;Colisão Traseira;1;;;1;;;;;;;3;;1;;
20/08/2010;07:27:00;30;sem vítima;316;BR-101/RJ;Sul;Colisão Traseira;1;;;1;;;;;;;5;;;;
25/08/2010;08:02:00;37;sem vítima;316;BR-101/RJ;Sul;Colisão Traseira;2;;;;;;;;;;4;;;;
08/09/2010;08:56:00;71;sem vítima;316,79998779296875;BR-101/RJ;Sul;Colisão Traseira;2;;;;;;;;;;3;;;;
10/09/2010;07:08:00;29;com vítima;316;BR-101/RJ;Sul;Colisão Traseira;1;;;1;;;;;;;2;;1;;
14/09/2010;13:13:00;85;sem vítima;316;BR-101/RJ;Norte;Colisão Traseira;2;;;;;;;;;;2;;;;
16/09/2010;21:48:00;170;com vítima;316;BR-101/RJ;Norte;Queda de Moto;;;;1;;;;;;;0;;1;;
24/09/2010;06:54:00;21;com vítima;316;BR-101/RJ;Sul;Colisão Lateral;1;;;1;;;;;;;1;;1;;
28/09/2010;08:26:00;38;com vítima;316;BR-101/RJ;Sul;Queda de Moto;;;;1;;;;;;;0;1;;;
30/09/2010;15:01:00;101;sem vítima;316;BR-101/RJ;Sul;Choque - Poste;1;;;;;;;;;;1;;;;
30/09/2010;19:52:00;158;sem vítima;316;BR-101/RJ;Sul;Colisão Traseira;2;;;;;;;;;;2;;;;
15/10/2010;06:22:00;24;sem vítima;316;BR-101/RJ;Sul;Colisão Traseira;2;;;;;;;;;;2;;;;
20/10/2010;07:48:00;41;com vítima;316;BR-101/RJ;Sul;Colisão Traseira;1;;;1;;1;;;;;2;1;;;
26/10/2010;07:09:00;26;com vítima;316;BR-101/RJ;Sul;Colisão Lateral;1;;;1;;;;;;;1;2;;;
31/10/2010;23:29:00;185;sem vítima;316;BR-101/RJ;Sul;Saida de Pista;;;;;;1;;;;;1;;;;
01/11/2010;14:12:00;87;sem vítima;316;BR-101/RJ;Norte;Colisão Traseira;2;;;;;;;;;;6;;;;
02/11/2010;06:03:00;23;sem vítima;316;BR-101/RJ;Norte;Saida de Pista;1;;;;;;;;;;4;;;;
03/11/2010;09:19:00;60;com vítima;316;BR-101/RJ;Sul;Colisão Lateral;1;;;1;;;;;;;1;1;;;
07/11/2010;06:20:00;26;sem vítima;316;BR-101/RJ;Norte;Saida de Pista;1;;;;;;;;;;4;;;;
14/11/2010;05:01:00;19;com vítima;316;BR-101/RJ;Sul;Capotamento;1;;;;;;;;;;0;;;1;
01/12/2010;21:27:00;201;sem vítima;316;BR-101/RJ;Norte;Colisão Traseira;1;;;;;1;;;;;2;;;;
01/12/2010;22:16:00;207;sem vítima;316;BR-101/RJ;Norte;Colisão Traseira;2;;;;;;;;;;5;;;;
05/12/2010;04:42:00;26;sem vítima;316;BR-101/RJ;Norte;Saida de Pista;1;;;;;;;;;;1;;;;
07/12/2010;08:39:00;56;sem vítima;316;BR-101/RJ;Sul;Colisão Traseira;2;;;;;1;;;;;3;;;;
09/12/2010;07:48:00;34;sem vítima;316;BR-101/RJ;Sul;Colisão Traseira;3;;;;;;;;;;8;;;;
10/12/2010;06:45:00;28;com vítima;316;BR-101/RJ;Sul;Colisão Lateral;1;;;1;;;;;;;0;2;;;
10/12/2010;16:41:00;157;sem vítima;316;BR-101/RJ;Norte;Colisão Lateral;1;;;;1;;;;;;2;;;;
22/12/2010;20:08:00;188;sem vítima;316;BR-101/RJ;Sul;Choque - Poste;1;;;;;;;;;;2;;;;
22/12/2010;21:51:00;220;sem vítima;316;BR-101/RJ;Norte;Saida de Pista;1;;;;;;;;;;2;;;;
28/12/2010;03:05:00;21;sem vítima;316;BR-101/RJ;Sul;Capotamento;1;;;;;;;;;;5;;;;
03/01/2011;07:03:00;77;sem vítima;316;BR-101/RJ;Sul;Colisão Traseira;2;;;;;;;;;;4;;;;
11/01/2011;07:35:00;42;sem vítima;316;BR-101/RJ;Sul;Colisão Lateral;1;;;1;;;;;;;3;;;;
12/01/2011;14:50:00;97;sem vítima;316;BR-101/RJ;Sul;Colisão Traseira;2;;;;;;;;;;2;;;;
14/01/2011;08:54:00;57;sem vítima;316;BR-101/RJ;Norte;Colisão Traseira;2;;;;;;;;;;3;;;;
16/01/2011;01:36:00;10;com vítima;316;BR-101/RJ;Sul;Queda de Moto;;;;;;1;;;;;0;3;;;
23/01/2011;14:37:00;92;sem vítima;316;BR-101/RJ;Sul;Queda de Moto;;;;1;;;;;;;1;;;;
25/01/2011;17:19:00;157;sem vítima;316;BR-101/RJ;Sul;Colisão Lateral;1;;1;;;;;;;;2;;;;
28/01/2011;14:42:00;161;sem vítima;316;BR-101/RJ;Norte;Colisão Traseira;2;;;;;;;;;;2;;;;
14/02/2011;06:57:00;40;sem vítima;316;BR-101/RJ;Sul;Colisão Traseira;1;;;;;;;;;1;2;;;;
15/02/2011;14:56:00;111;sem vítima;316;BR-101/RJ;Norte;Colisão Traseira;2;;;;;;;;;;2;;;;
18/02/2011;07:01:00;32;sem vítima;316;BR-101/RJ;Sul;Colisão Traseira;2;;;;;;;;;;4;;;;
20/02/2011;11:05:00;72;sem vítima;316;BR-101/RJ;Sul;Saida de Pista;1;;;;;;;;;;2;;;;
21/02/2011;13:27:00;114;com vítima;316;BR-101/RJ;Sul;Outros - Sequência;2;;;;;;;;;;1;;1;;
26/02/2011;23:39:00;167;com vítima;316;BR-101/RJ;Norte;Colisão Traseira;2;;;;;;;;;;2;;2;;
27/03/2011;19:22:00;164;com vítima;107;BR-101/RJ;Sul;Colisão Lateral;1;;;;;1;;;;;4;3;;;
27/03/2011;20:03:00;172;sem vítima;292;BR-101/RJ;Sul;Queda de Moto;;;;1;;;;;;;1;;;;
27/03/2011;21:05:00;177;com vítima;266;BR-101/RJ;Sul;Queda de Moto;;;;1;;;;;;;0;1;;;
27/03/2011;23:30:00;195;com vítima;300;BR-101/RJ;Norte;Outros - Sequência;;;;;;;;;;1;0;1;;;
28/03/2011;04:51:00;13;sem vítima;106;BR-101/RJ;Norte;Saida de Pista;1;;;;;;;;;;3;;;;
03/05/2011;07:04:00;24;sem vítima;316;BR-101/RJ;Sul;Colisão Traseira;3;;;;;;;;;;6;;;;
06/05/2011;00:18:00;2;sem vítima;316;BR-101/RJ;Norte;Saida de Pista;1;;;;;;;;;;3;;;;
06/05/2011;07:06:00;32;sem vítima;316;BR-101/RJ;Norte;Saida de Pista;1;;;;;;;;;;2;;;;
11/05/2011;07:39:00;25;sem vítima;316;BR-101/RJ;Sul;Colisão Lateral;;;;2;1;;;;;;3;;;;
16/05/2011;07:09:00;26;sem vítima;316;BR-101/RJ;Sul;Colisão Lateral;1;;1;;;;;;;;2;;;;
18/05/2011;06:33:00;20;sem vítima;316;BR-101/RJ;Norte;Saida de Pista;1;;;;;;;;;;1;;;;
18/05/2011;07:11:00;26;sem vítima;316;BR-101/RJ;Sul;Colisão Lateral;1;;;1;;;;;;;2;;;;
21/05/2011;00:47:00;8;com vítima;316;BR-101/RJ;Norte;Choque - Arvore;;;;1;;;;;;;0;;;1;
21/05/2011;17:23:00;137;com vítima;316;BR-101/RJ;Sul;Choque - Defensa, barreira ou "submarino";1;;;1;;;;;;;1;;1;;
26/05/2011;08:00:00;43;com vítima;316;BR-101/RJ;Sul;Colisão Lateral;1;;;1;;;;;;;1;;1;;
27/05/2011;05:24:00;20;com vítima;316;BR-101/RJ;Sul;Saida de Pista;1;;;;;;;;;;0;1;;;
28/05/2011;09:08:00;47;com vítima;316;BR-101/RJ;Sul;Saida de Pista;1;;;;;;;;;;4;1;;;
03/06/2011;06:45:00;39;com vítima;316;BR-101/RJ;Sul;Colisão Traseira;;;;1;;;;;;1;1;;1;;
03/06/2011;06:58:00;42;com vítima;316;BR-101/RJ;Sul;Colisão Traseira;;;;1;;1;;;;;1;1;;;
06/06/2011;13:01:00;105;com vítima;316;BR-101/RJ;Sul;Colisão Traseira;1;;1;;;;;;;;1;;1;;
07/06/2011;18:43:00;153;sem vítima;316;BR-101/RJ;Norte;Colisão Traseira;2;;;;;;;;;;3;;;;
10/06/2011;19:46:00;180;sem vítima;316;BR-101/RJ;Norte;Colisão Traseira;2;;;;;;;;;;6;;;;
10/06/2011;19:56:00;182;com vítima;316;BR-101/RJ;Norte;Queda de Moto;;;;1;;;;;;;0;1;;;
11/06/2011;01:58:00;15;sem vítima;316;BR-101/RJ;Norte;Choque - Talude;1;;;;;;;;;;1;;;;
12/06/2011;15:32:00;103;sem vítima;316;BR-101/RJ;Sul;Saida de Pista;1;;;;;;;;;;1;;;;
13/06/2011;08:50:00;51;sem vítima;316;BR-101/RJ;Sul;Colisão Traseira;2;;;;;;;;;;2;;;;
17/06/2011;08:24:00;59;sem vítima;316;BR-101/RJ;Sul;Colisão Lateral;1;;;;1;;;;;;3;;;;
28/06/2011;09:51:00;56;sem vítima;316;BR-101/RJ;Norte;Saida de Pista;1;;;;;;;;;;2;;;;
09/08/2011;04:34:00;14;sem vítima;316,5;BR-101/RJ;Norte;Colisão Traseira;1;;;1;;;;;;;4;;;;
11/08/2011;08:49:00;51;com vítima;316;BR-101/RJ;Sul;Colisão Frontal;1;;;1;;;;;;;3;2;;;
12/08/2011;11:04:00;81;com vítima;316;BR-101/RJ;Sul;Queda de Moto;;;;1;;;;;;;1;1;;;
12/08/2011;18:22:00;160;sem vítima;316;BR-101/RJ;Norte;Colisão Traseira;2;;;;;;;;;;3;;;;
19/08/2011;05:08:00;25;sem vítima;316,1000061035156;BR-101/RJ;Sul;Saida de Pista;1;;;;;;;;;;1;;;;
31/08/2011;07:34:00;28;com vítima;316;BR-101/RJ;Sul;Colisão Lateral;1;;;1;;;;;;;2;;1;;
01/09/2011;06:31:00;16;sem vítima;316,5;BR-101/RJ;Sul;Colisão Traseira;2;;;;;;;;;;2;;;;
17/09/2011;12:43:00;107;sem vítima;316;BR-101/RJ;Norte;Colisão Traseira;2;;;;;;;;;;3;;;;
17/09/2011;19:30:00;179;sem vítima;316;BR-101/RJ;Norte;Colisão Traseira;2;;;;;;;;;;5;;;;
18/09/2011;10:45:00;53;sem vítima;316;BR-101/RJ;Norte;Colisão Lateral;2;;;;;;;;;;5;;;;
20/09/2011;12:24:00;73;com vítima;316;BR-101/RJ;Norte;Colisão Lateral;1;;;1;;;;;;;2;;1;;
25/09/2011;03:41:00;14;com vítima;316;BR-101/RJ;Norte;Saida de Pista;1;;;;;;;;;;0;1;;;
26/09/2011;06:09:00;19;sem vítima;316;BR-101/RJ;Sul;Colisão Traseira;1;;;;1;;;;;;3;;;;
27/09/2011;09:15:00;49;sem vítima;316,79998779296875;BR-101/RJ;Norte;Colisão Traseira;1;;;;;;;;;1;5;;;;
27/09/2011;09:20:00;53;sem vítima;316,8999938964844;BR-101/RJ;Sul;Saida de Pista;1;;;;;;;;;;1;;;;
30/09/2011;06:49:00;34;sem vítima;316;BR-101/RJ;Sul;Colisão Lateral;1;;;1;;1;;;;;3;;;;
03/10/2011;08:00:00;39;sem vítima;316;BR-101/RJ;Sul;Colisão Traseira;;;;;2;;;;;;2;;;;
08/10/2011;00:17:00;5;sem vítima;316;BR-101/RJ;Norte;Colisão Traseira;2;;;;;;;;;;4;;;;
08/10/2011;19:13:00;182;sem vítima;316;BR-101/RJ;Norte;Colisão Traseira;3;;;;;;;;;;7;;;;
14/10/2011;08:11:00;47;com vítima;316;BR-101/RJ;Sul;Colisão Lateral;1;;;1;;;;;;;1;2;;;
26/10/2011;06:20:00;26;sem vítima;316;BR-101/RJ;Sul;Colisão Lateral;2;;;;;;;;;;5;;;;
28/10/2011;06:53:00;26;sem vítima;316;BR-101/RJ;Sul;Colisão Lateral;1;;;1;;;;;;;2;;;;
28/10/2011;21:33:00;177;sem vítima;316;BR-101/RJ;Sul;Colisão Traseira;2;;;;;;;;;;5;;;;
31/10/2011;07:49:00;40;com vítima;316;BR-101/RJ;Sul;Queda de Moto;;;;1;;;;;;;0;1;;;
01/11/2011;06:57:00;21;sem vítima;316;BR-101/RJ;Sul;Colisão Traseira;1;;;1;;;;;;;2;;;;
01/11/2011;20:35:00;148;com vítima;316;BR-101/RJ;Sul;Capotamento;1;;;;;;;;;;0;1;;;
02/11/2011;16:45:00;88;sem vítima;316,5;BR-101/RJ;Norte;Saida de Pista;1;;;;;;;;;;1;;;;
03/11/2011;07:24:00;46;com vítima;316;BR-101/RJ;Sul;Colisão Lateral;;;;2;;;;;;;0;2;;;
03/11/2011;07:46:00;50;sem vítima;316;BR-101/RJ;Sul;Colisão Traseira;2;;;;;;;;;;2;;;;
19/11/2011;20:25:00;122;sem vítima;316;BR-101/RJ;Norte;Colisão Traseira;4;;;;;;;;;;10;;;;
24/11/2011;17:32:00;129;sem vítima;316,3999938964844;BR-101/RJ;Norte;Colisão Traseira;2;;;;;;;;;;2;;;;
28/11/2011;07:52:00;39;sem vítima;316;BR-101/RJ;Sul;Colisão Traseira;2;;;;;;;;;;2;;;;
29/11/2011;08:03:00;44;sem vítima;316,5;BR-101/RJ;Sul;Colisão Traseira;2;;;;;;;;;;6;;;;
30/11/2011;07:33:00;40;sem vítima;316,79998779296875;BR-101/RJ;Sul;Colisão Lateral;1;;;1;;;;;;;2;;;;
01/12/2011;03:15:00;13;sem vítima;316;BR-101/RJ;Norte;Saida de Pista;1;;;;;;;;;;1;;;;
01/12/2011;09:06:00;53;sem vítima;316,6000061035156;BR-101/RJ;Sul;Engavetamento;4;;;;;;;;;;4;;;;
02/12/2011;18:04:00;174;sem vítima;316;BR-101/RJ;Norte;Colisão Lateral;1;;1;;;;;;;;2;;;;
03/12/2011;18:22:00;142;sem vítima;316;BR-101/RJ;Sul;Colisão Traseira;2;;;;;;;;;;2;;;;
10/12/2011;08:56:00;64;com vítima;316;BR-101/RJ;Sul;Choque - Poste;1;;;;;;;;;;0;;1;;
15/12/2011;02:22:00;11;sem vítima;316;BR-101/RJ;Sul;Saida de Pista;1;;;;;;;;;;1;;;;
16/12/2011;08:42:00;60;sem vítima;316;BR-101/RJ;Sul;Colisão Lateral;1;;;1;;;;;;;4;;;;
16/12/2011;15:26:00;153;sem vítima;316;BR-101/RJ;Sul;Colisão Traseira;2;;;;;;;;;;4;;;;
25/12/2011;13:44:00;69;com vítima;316;BR-101/RJ;Norte;Choque - Objeto sobre a pista;;;;1;;;;;;;0;;1;;1
04/01/2012;17:44:00;168;sem vítima;316;BR-101/RJ;Norte;Colisão Traseira;2;;;;;;;;;;2;;;;
12/01/2012;15:35:00;143;sem vítima;316,9;BR-101/RJ;Sul;Colisão Lateral;1;;;1;;;;;;;2;;;;
02/02/2012;06:44:00;36;com vítima;316,497;BR-101/RJ;Sul;Colisão Traseira;1;;;2;;;;;;;2;2;;;
06/02/2012;05:17:00;25;sem vítima;316;BR-101/RJ;Sul;Saida de Pista;1;;;;;;;;;;4;;;;
10/02/2012;07:31:00;37;com vítima;316,6;BR-101/RJ;Sul;Queda de Moto;;;;1;;;;;;;0;1;;;
10/02/2012;07:54:00;45;com vítima;316,9;BR-101/RJ;Sul;Outros - Sequência;1;;;1;;1;;;;;3;1;;;
12/02/2012;22:44:00;192;sem vítima;316;BR-101/RJ;Sul;Colisão Traseira;1;;;;;1;;;;;3;;;;
13/02/2012;08:07:00;59;com vítima;316;BR-101/RJ;Sul;Colisão Lateral;2;;;1;;;;;;;6;1;;;
13/02/2012;08:23:00;63;sem vítima;316;BR-101/RJ;Sul;Queda de Moto;;;;1;;;;;;;1;;;;
18/02/2012;02:22:00;27;sem vítima;316;BR-101/RJ;Sul;Colisão Traseira;2;;;;;;;;;;7;;;;
18/02/2012;09:14:00;112;com vítima;316;BR-101/RJ;Norte;Queda de Moto;;;;1;;;;;;;0;;1;;
22/02/2012;19:22:00;205;com vítima;316;BR-101/RJ;Norte;Colisão Traseira;2;;;;;;;;;;0;1;2;;
26/02/2012;19:55:00;178;sem vítima;316;BR-101/RJ;Sul;Capotamento;1;;;;;;;;;;1;;;;
29/02/2012;06:43:00;26;com vítima;316;BR-101/RJ;Sul;Outros - Sequência;1;;1;1;;;;;;;5;;2;;
01/03/2012;07:37:00;37;sem vítima;316,5;BR-101/RJ;Norte;Colisão Traseira;1;;1;;;;;;;;4;;;;
05/03/2012;09:22:00;64;sem vítima;316,15;BR-101/RJ;Sul;Colisão Traseira;1;;;;1;;;;;;2;;;;
07/03/2012;07:41:00;43;sem vítima;316;BR-101/RJ;Norte;Outros;1;;;;;;;;;;1;;;;
10/03/2012;08:25:00;44;sem vítima;316,225;BR-101/RJ;Sul;Outros - Sequência;3;;;;;;;;;;6;;;;
17/03/2012;18:45:00;156;sem vítima;316;BR-101/RJ;Sul;Saida de Pista;1;;;;;;;;;;1;;;;
19/03/2012;07:37:00;32;com vítima;316;BR-101/RJ;Sul;Colisão Lateral;;;;1;;1;;;;;0;3;;;
24/03/2012;16:25:00;128;com vítima;316;BR-101/RJ;Norte;Colisão Lateral;1;;;1;;;;;;;2;1;;;
24/03/2012;17:30:00;138;sem vítima;316;BR-101/RJ;Norte;Colisão Traseira;2;;;;;;;;;;2;;;;
25/03/2012;21:03:00;154;sem vítima;316;BR-101/RJ;Norte;Saida de Pista;1;;;;;;;;;;1;;;;
31/03/2012;04:48:00;16;sem vítima;316;BR-101/RJ;Sul;Saida de Pista;1;;;;;;;;;;1;;;;
03/04/2012;08:11:00;41;com vítima;316;BR-101/RJ;Sul;Colisão Transversal;1;;;1;;;;;;;1;;1;;
03/04/2012;09:24:00;60;sem vítima;316;BR-101/RJ;Sul;Colisão Lateral;1;;1;;;;;;;;2;;;;
05/04/2012;07:36:00;49;com vítima;316;BR-101/RJ;Sul;Colisão Lateral;1;;;1;;;;;;;1;1;;;
08/04/2012;11:57:00;86;com vítima;316;BR-101/RJ;Norte;Capotamento;1;;;;;;;;;;0;1;;;
19/04/2012;17:19:00;130;com vítima;316;BR-101/RJ;Norte;Atropelamento - Ciclista;;1;;;;1;;;;;1;;1;;
24/04/2012;08:38:00;54;sem vítima;316;BR-101/RJ;Sul;Colisão Traseira;;;1;;1;;;;;;2;;;;
03/05/2012;07:57:00;39;sem vítima;316;BR-101/RJ;Sul;Colisão Traseira;1;;1;;;;;;;;2;;;;
03/05/2012;11:00:00;84;sem vítima;316;BR-101/RJ;Norte;Engavetamento;1;;3;;;;;;;;4;;;;
03/05/2012;13:02:00;107;sem vítima;316,8;BR-101/RJ;Norte;Colisão Traseira;2;;;;;;;;;;6;;;;
05/05/2012;19:14:00;143;sem vítima;316;BR-101/RJ;Norte;Colisão Traseira;2;;;;;;;;;;5;;;;
09/05/2012;08:13:00;43;com vítima;316;BR-101/RJ;Sul;Queda de Moto;;;;1;1;1;;;;;2;;1;;
11/05/2012;14:39:00;111;com vítima;316;BR-101/RJ;Sul;Colisão Lateral;1;;;1;;;;;;;2;;1;;
11/05/2012;18:23:00;153;com vítima;316;BR-101/RJ;Norte;Queda de Moto;;;;1;;;;;;;0;1;;;
14/05/2012;21:00:00;175;sem vítima;316;BR-101/RJ;Norte;Saida de Pista;1;;;;;;;;;;4;;;;
18/05/2012;07:06:00;32;com vítima;316;BR-101/RJ;Sul;Outros - Sequência;2;;;1;;;;;;;7;1;;;
18/05/2012;23:18:00;186;com vítima;316;BR-101/RJ;Sul;Objeto lançado contra veículo;1;;;;;;;;;;1;1;;;
24/05/2012;06:56:00;21;com vítima;316;BR-101/RJ;Sul;Colisão Lateral;1;;;2;;;;;;;2;2;;;
27/05/2012;10:29:00;70;sem vítima;316;BR-101/RJ;Sul;Colisão Traseira;2;;;;;;;;;;7;;;;
30/05/2012;16:06:00;127;com vítima;316;BR-101/RJ;Norte;Queda de Moto;;;;1;;;;;;;0;2;;;
05/06/2012;08:39:00;39;sem vítima;316;BR-101/RJ;Sul;Colisão Traseira;2;;;;;;;;;;2;;;;
06/06/2012;10:41:00;82;sem vítima;316;BR-101/RJ;Sul;Colisão Traseira;;;1;;1;;;;;;3;;;;
01/07/2012;10:27:00;58;sem vítima;316;BR-101/RJ;Sul;Saida de Pista;1;;;;;;;;;;2;;;;
05/07/2012;14:03:00;116;sem vítima;316;BR-101/RJ;Norte;Capotamento;1;;;;;;;;;;1;;;;
06/07/2012;16:52:00;155;sem vítima;316;BR-101/RJ;Sul;Colisão Traseira;2;;;;;1;;;;;3;;;;
11/07/2012;16:56:00;139;com vítima;316;BR-101/RJ;Sul;Queda de Moto;;;;1;;1;;;;;1;;1;;
14/07/2012;11:37:00;91;sem vítima;316;BR-101/RJ;Norte;Colisão Traseira;1;;;;;1;;;;;2;;;;
17/07/2012;22:50:00;192;com vítima;316;BR-101/RJ;Norte;Colisão Traseira;2;;;;;;;;;;1;;1;;
22/07/2012;05:29:00;21;sem vítima;316;BR-101/RJ;Sul;Saida de Pista;1;;;;;;;;;;4;;;;
25/07/2012;14:42:00;112;sem vítima;316;BR-101/RJ;Sul;Saida de Pista;1;;;;;;;;;;1;;;;
30/07/2012;06:04:00;26;com vítima;316;BR-101/RJ;Sul;Colisão Transversal;1;;;1;;;;;;;3;1;;;
03/08/2012;18:57:00;169;sem vítima;316;BR-101/RJ;Norte;Colisão Traseira;2;;;;;;;;;;2;;;;
04/08/2012;18:48:00;174;com vítima;316;BR-101/RJ;Sul;Saida de Pista;1;;;;;;;;;;1;2;;;
07/08/2012;14:33:00;118;com vítima;316,24;BR-101/RJ;Norte;Saida de Pista;1;;;;;;;;;;0;1;;;
09/08/2012;06:48:00;25;sem vítima;316;BR-101/RJ;Sul;Colisão Traseira;1;;;1;;;;;;;2;;;;
11/08/2012;06:46:00;37;com vítima;316;BR-101/RJ;Sul;Saida de Pista;1;;;;;;;;;;2;;1;;
22/08/2012;10:21:00;95;sem vítima;316;BR-101/RJ;Norte;Engavetamento;2;;1;;;;;;;1;8;;;;
24/08/2012;10:12:00;70;sem vítima;316,5;BR-101/RJ;Sul;Colisão Traseira;2;;;;;1;;;;;4;;;;
07/09/2012;06:48:00;54;sem vítima;316;BR-101/RJ;Norte;Saida de Pista;1;;;;;;;;;;4;;;;
10/09/2012;18:37:00;202;sem vítima;316;BR-101/RJ;Sul;Colisão Traseira;1;;;;1;;;;;;2;;;;
26/09/2012;06:58:00;35;sem vítima;316;BR-101/RJ;Sul;Colisão Lateral;1;;;;1;;;;;;2;;;;
30/09/2012;04:08:00;18;sem vítima;316,042;BR-101/RJ;Sul;Capotamento;1;;;;;;;;;;5;;;;
10/10/2012;10:26:00;105;sem vítima;316;BR-101/RJ;Sul;Engavetamento;1;;1;;1;;;;;;4;;;;
10/10/2012;10:26:00;108;com vítima;316;BR-101/RJ;Sul;Saida de Pista;1;;;;;1;;;;;2;1;;;
10/10/2012;13:47:00;157;sem vítima;316,3;BR-101/RJ;Sul;Colisão Traseira;1;;;;;2;;;;;3;;;;
12/10/2012;16:34:00;188;sem vítima;316,9;BR-101/RJ;Norte;Engavetamento;3;;;;;;;;;;7;;;;
22/10/2012;03:16:00;21;sem vítima;316;BR-101/RJ;Norte;Saida de Pista;1;;;;;;;;;;1;;;;
25/10/2012;11:03:00;98;com vítima;316;BR-101/RJ;Sul;Colisão Lateral;1;;;1;;;;;;;1;1;;;
27/10/2012;23:16:00;214;com vítima;316,928;BR-101/RJ;Norte;Queda de Moto;1;;;1;;;;;;;6;;1;;
28/10/2012;12:26:00;86;sem vítima;316;BR-101/RJ;Sul;Saida de Pista;1;;;;;;;;;;6;;;;
07/11/2012;22:01:00;176;sem vítima;316;BR-101/RJ;Sul;Saida de Pista;1;;;;;;;;;;3;;;;
14/11/2012;08:45:00;66;sem vítima;316;BR-101/RJ;Sul;Queda de Moto;1;;;1;;;;;;;2;;;;
14/11/2012;22:08:00;200;com vítima;316;BR-101/RJ;Norte;Colisão Traseira;1;;1;;;;;;;;3;;1;;
23/11/2012;14:23:00;136;sem vítima;316;BR-101/RJ;Norte;Saida de Pista;1;;;;;;;;;;1;;;;
29/11/2012;19:05:00;177;sem vítima;316,6;BR-101/RJ;Sul;Engavetamento;3;;;;;;;;;;3;;;;
30/11/2012;06:31:00;36;sem vítima;316;BR-101/RJ;Sul;Colisão Lateral;1;;;;1;;;;;;3;;;;
03/12/2012;06:44:00;29;com vítima;316;BR-101/RJ;Sul;Atropelamento - Andarilho;;;;;1;;;;;;1;1;;;
05/12/2012;09:03:00;59;sem vítima;316;BR-101/RJ;Sul;Colisão Traseira;2;;;;;;;;;;2;;;;
12/12/2012;09:56:00;77;sem vítima;316;BR-101/RJ;Norte;Colisão Traseira;1;;;;;;;;;1;3;;;;
14/12/2012;01:40:00;10;sem vítima;316;BR-101/RJ;Norte;Choque - Elemento de Drenagem;1;;;;;;;;;;1;;;;
14/12/2012;07:02:00;37;sem vítima;316;BR-101/RJ;Sul;Queda de Moto;;;;1;;;;;;;1;;;;
16/12/2012;05:33:00;31;sem vítima;316;BR-101/RJ;Sul;Saida de Pista;1;;;;;;;;;;1;;;;
16/12/2012;09:08:00;59;sem vítima;316;BR-101/RJ;Norte;Colisão Traseira;2;;;;;;;;;;11;;;;
20/12/2012;07:07:00;39;com vítima;316,4;BR-101/RJ;Sul;Colisão Lateral;2;;;1;;;;;;;3;1;;;
28/12/2012;19:56:00;214;sem vítima;316;BR-101/RJ;Norte;Colisão Traseira;2;;;;1;;;;;;5;;;;
03/01/2013;08:25:00;67;sem vítima;316;BR-101/RJ;Sul;Colisão Lateral;1;;;;1;;;;;;2;;;;
03/01/2013;11:26:00;93;sem vítima;316,297;BR-101/RJ;Norte;Colisão Traseira;1;;1;;;;;;;1;6;;;;
08/01/2013;07:36:00;44;sem vítima;316,711;BR-101/RJ;Norte;Colisão Lateral;;;;;2;;;;;;10;;;;
14/01/2013;08:30:00;56;com vítima;316;BR-101/RJ;Sul;Colisão Traseira;1;;;1;;;;;;;3;1;;;
25/01/2013;15:35:00;130;sem vítima;316;BR-101/RJ;Sul;Colisão Lateral;1;;;;1;;;;;;2;;;;
27/01/2013;21:01:00;166;sem vítima;316;BR-101/RJ;Norte;Saida de Pista;1;;;;;;;;;;2;;;;
09/02/2013;20:53:00;325;sem vítima;316;BR-101/RJ;Norte;Colisão Traseira;2;;;;;;;;;;6;;;;
24/02/2013;22:33:00;183;com vítima;316;BR-101/RJ;Sul;Colisão Transversal;1;;;1;;;;;;;4;1;1;;
25/02/2013;07:51:00;54;com vítima;316,065;BR-101/RJ;Sul;Colisão Lateral;;;;1;;1;;;;;2;1;;;
26/02/2013;06:29:00;23;com vítima;316,035;BR-101/RJ;Norte;Capotamento;2;;;;;;;;;;1;1;;;
05/03/2013;17:59:00;158;com vítima;316;BR-101/RJ;Norte;Colisão Traseira;;;;;2;;;;;;97;1;2;;
11/03/2013;10:11:00;94;com vítima;316,8;BR-101/RJ;Sul;Colisão Frontal;1;;;1;;;;;;;1;1;;;
12/03/2013;07:15:00;36;sem vítima;316;BR-101/RJ;Sul;Colisão Traseira;2;;;;;;;;;;5;;;;
13/03/2013;07:32:00;41;com vítima;316;BR-101/RJ;Sul;Colisão Lateral;1;;;1;;;;;;;1;;1;;
13/03/2013;17:46:00;186;sem vítima;316;BR-101/RJ;Norte;Colisão Traseira;2;;;;;;;;;;2;;;;
14/03/2013;07:04:00;42;com vítima;316,055;BR-101/RJ;Norte;Engavetamento;2;;;;1;;;;;;5;1;;;
20/03/2013;06:47:00;38;com vítima;316;BR-101/RJ;Sul;Colisão Traseira;1;;;1;;;;;;;1;1;;;
21/03/2013;07:55:00;43;sem vítima;316;BR-101/RJ;Sul;Colisão Traseira;2;;;;;;;;;;6;;;;
21/03/2013;18:11:00;189;sem vítima;316;BR-101/RJ;Norte;Colisão Traseira;1;;;;1;;;;;;4;;;;
25/03/2013;08:41:00;54;sem vítima;316;BR-101/RJ;Sul;Colisão Traseira;1;;;1;;;;;;;2;;;;