data;horario;n_da_ocorrencia;tipo_de_ocorrencia;km;trecho;sentido;tipo_de_acidente;automovel;bicicleta;caminhao;moto;onibus;outros;tracao_animal;transporte_de_cargas_especiais;trator_maquinas;utilitarios;ilesos;levemente_feridos;moderadamente_feridos;gravemente_feridos;mortos
29/03/2013;07:15:00;47;sem vítima;316;BR-101/RJ;Norte;Saida de Pista;1;;;;;;;;;;1;;;;
02/04/2013;20:22:00;161;sem vítima;316;BR-101/RJ;Norte;Saida de Pista;1;;;;;;;;;;1;;;;
04/04/2013;09:26:00;61;sem vítima;316,95;BR-101/RJ;Sul;Colisão Lateral;;;1;;2;;;;;;3;;;;
08/04/2013;20:58:00;202;sem vítima;316;BR-101/RJ;Norte;Saida de Pista;1;;;;;;;;;;4;;;;
09/04/2013;23:01:00;200;sem vítima;316;BR-101/RJ;Norte;Saida de Pista;1;;;;;;;;;;1;;;;
14/04/2013;20:01:00;155;com vítima;316,62;BR-101/RJ;Sul;Colisão Traseira;2;;;1;;;;;;;5;1;1;;
19/04/2013;09:25:00;74;sem vítima;316;BR-101/RJ;Sul;Choque - Defensa, barreira ou "submarino";1;;;;;;;;;;1;;;;
21/04/2013;11:41:00;57;sem vítima;316;BR-101/RJ;Norte;Saida de Pista;1;;;;;;;;;;1;;;;
24/04/2013;08:01:00;51;com vítima;316;BR-101/RJ;Sul;Colisão Transversal;1;;;1;;;;;;;1;1;;;
28/04/2013;06:12:00;22;sem vítima;316;BR-101/RJ;Norte;Choque - Defensa, barreira ou "submarino";1;;;;;;;;;;1;;;;
02/05/2013;09:47:00;61;sem vítima;316;BR-101/RJ;Norte;Colisão Lateral;1;;;1;;;;;;;3;;;;
03/05/2013;08:39:00;56;com vítima;316;BR-101/RJ;Sul;Queda de Moto;;;;1;;;;;;;0;1;;;
04/05/2013;00:21:00;3;sem vítima;316;BR-101/RJ;Norte;Saida de Pista;1;;;;;;;;;;1;;;;
09/05/2013;06:40:00;31;sem vítima;316;BR-101/RJ;Sul;Colisão Lateral;;;;1;;1;;;;;2;;;;
17/05/2013;15:56:00;128;sem vítima;316;BR-101/RJ;Sul;Colisão Traseira;1;;1;;;;;;;;5;;;;
17/05/2013;03:26:00;17;com vítima;316,95;BR-101/RJ;Norte;Capotamento;1;;;;;;;;;;0;1;;;
22/05/2013;06:46:00;27;com vítima;316,498;BR-101/RJ;Sul;Colisão Lateral;1;;;1;;;;;;;1;1;;;
23/05/2013;07:38:00;33;sem vítima;316;BR-101/RJ;Norte;Saida de Pista;1;;;;;;;;;;1;;;;
24/05/2013;07:32:00;32;com vítima;316;BR-101/RJ;Sul;Colisão Traseira;1;;;1;;;;;;;1;1;;;
02/06/2013;14:29:00;92;sem vítima;316;BR-101/RJ;Sul;Colisão Traseira;2;;;;;;;;;;6;;;;
03/06/2013;09:45:00;69;com vítima;316,4;BR-101/RJ;Sul;Colisão Traseira;1;;1;;1;;;;;;5;;1;;
03/06/2013;20:21:00;187;sem vítima;316,9;BR-101/RJ;Norte;Colisão Traseira;2;;;;;;;;;;2;;;;
06/06/2013;07:23:00;27;sem vítima;316;BR-101/RJ;Sul;Colisão Lateral;;;;;1;;;;;1;3;;;;
15/06/2013;00:27:00;5;sem vítima;316;BR-101/RJ;Sul;Saida de Pista;1;;;;;;;;;;1;;;;
15/06/2013;02:56:00;14;sem vítima;316,5;BR-101/RJ;Norte;Saida de Pista;1;;;;;;;;;;1;;;;
17/06/2013;16:03:00;107;sem vítima;316;BR-101/RJ;Sul;Colisão Lateral;2;;;;;;;;;;2;;;;
17/06/2013;07:59:00;38;com vítima;316,5;BR-101/RJ;Sul;Colisão Traseira;;;;1;;1;;;;;1;1;1;;
17/06/2013;18:17:00;126;com vítima;316,918;BR-101/RJ;Sul;Colisão Lateral;1;;;1;;;;;;;1;1;;;
21/06/2013;20:06:00;166;sem vítima;316,951;BR-101/RJ;Norte;Colisão Traseira;2;;;;;;;;;;5;;;;
08/07/2013;08:22:00;49;sem vítima;316;BR-101/RJ;Norte;Colisão Traseira;1;;;;1;;;;;;2;;;;
11/07/2013;06:31:00;26;com vítima;316;BR-101/RJ;Sul;Colisão Lateral;1;;;1;;;;;;;1;1;;;
18/07/2013;12:03:00;98;sem vítima;316,5;BR-101/RJ;Sul;Saida de Pista;1;;;;;;;;;;1;;;;
19/07/2013;06:36:00;37;sem vítima;316;BR-101/RJ;Sul;Engavetamento;3;;;;;1;;;;;5;;;;
22/07/2013;15:57:00;119;sem vítima;316;BR-101/RJ;Sul;Colisão Traseira;2;;;;;;;;;;2;;;;
23/07/2013;19:43:00;151;sem vítima;316;BR-101/RJ;Sul;Colisão Lateral;1;;1;;;;;;;;4;;;;
24/07/2013;20:08:00;148;sem vítima;316;BR-101/RJ;Sul;Saida de Pista;;;;;;;;;;1;1;;;;
26/07/2013;16:24:00;143;sem vítima;316;BR-101/RJ;Sul;Colisão Traseira;2;;;;;;;;;;4;;;;
29/07/2013;06:38:00;26;com vítima;316;BR-101/RJ;Sul;Outros - Sequência;1;;;1;1;;;;;;4;;1;;
30/07/2013;03:19:00;9;sem vítima;316;BR-101/RJ;Norte;Choque - Objeto sobre a pista;1;;;;;;;;;;1;;;;
31/07/2013;23:35:00;186;sem vítima;316,203;BR-101/RJ;Sul;Colisão Traseira;;;2;;;;;;;;6;;;;
05/08/2013;16:59:00;139;sem vítima;316;BR-101/RJ;Sul;Colisão Traseira;;;;;1;;;;;1;2;;;;
11/08/2013;04:46:00;16;sem vítima;316;BR-101/RJ;Norte;Saida de Pista;1;;;;;;;;;;1;;;;
12/08/2013;10:57:00;84;sem vítima;316;BR-101/RJ;Sul;Saida de Pista;1;;;;;;;;;;1;;;;
15/08/2013;07:49:00;35;sem vítima;316;BR-101/RJ;Sul;Colisão Traseira;2;;;;;;;;;;5;;;;
01/09/2013;04:43:00;19;com vítima;316,837;BR-101/RJ;Sul;Atropelamento - Andarilho;1;;;;;;;;;;1;;;;1
26/09/2013;06:26:00;25;com vítima;316,498;BR-101/RJ;Sul;Queda de Moto;;;;1;;;;;;;0;1;;;
28/09/2013;06:39:00;29;com vítima;316,052;BR-101/RJ;Norte;Choque - Defensa, barreira ou "submarino";1;;;;;;;;;;0;2;;;
03/10/2013;17:40:00;126;sem vítima;316;BR-101/RJ;Norte;Engavetamento;2;;;;;1;;;;;3;;;;
21/10/2013;08:47:00;51;sem vítima;316;BR-101/RJ;Sul;Colisão Traseira;1;;;;1;;;;;;2;;;;
23/10/2013;19:51:00;150;com vítima;316;BR-101/RJ;Norte;Colisão Lateral;1;;;1;;;;;;;1;;1;;
24/10/2013;15:27:00;114;sem vítima;316;BR-101/RJ;Norte;Colisão Traseira;1;;;;1;;;;;;3;;;;
25/10/2013;07:12:00;41;com vítima;316,241;BR-101/RJ;Sul;Colisão Traseira;1;;;1;;;;;;;1;;1;;
03/11/2013;00:09:00;2;com vítima;316,317;BR-101/RJ;Norte;Saida de Pista;1;;;;;;;;;;0;2;;;
06/11/2013;07:21:00;32;sem vítima;316;BR-101/RJ;Sul;Colisão Traseira;2;;;;;;;;;;2;;;;
13/11/2013;05:36:00;19;sem vítima;316;BR-101/RJ;Sul;Saida de Pista;1;;;;;;;;;;1;;;;
21/11/2013;08:04:00;50;com vítima;316;BR-101/RJ;Sul;Colisão Lateral;1;;;1;;;;;;;2;1;;;
27/11/2013;06:27:00;31;com vítima;316,912;BR-101/RJ;Sul;Colisão Lateral;1;;;1;;;;;;;2;1;;;
01/12/2013;11:52:00;79;sem vítima;316,576;BR-101/RJ;Sul;Colisão Traseira;2;;;1;;;;;;;3;;;;
02/12/2013;08:48:00;86;com vítima;316;BR-101/RJ;Sul;Colisão Lateral;1;;;1;;;;;;;3;1;;;
05/12/2013;06:30:00;37;sem vítima;316,4;BR-101/RJ;Sul;Engavetamento;2;;;;;1;;;;;5;;;;
16/12/2013;06:59:00;38;sem vítima;316;BR-101/RJ;Sul;Colisão Lateral;1;;;1;;;;;;;2;;;;
01/01/2014;09:27:00;60;com vítima;316,853;BR-101/RJ;Sul;Atropelamento - Andarilho;1;;;;;;;;;;3;;;1;
03/01/2014;16:09:00;163;com vítima;316,153;BR-101/RJ;Norte;Queda de Moto;;;;2;;;;;;;0;1;1;;
10/01/2014;09:02:00;61;sem vítima;316;BR-101/RJ;Sul;Colisão Traseira;1;;;;1;;;;;;2;;;;
11/01/2014;11:32:00;95;sem vítima;316,087;BR-101/RJ;Sul;Colisão Traseira;1;;;1;;;;;;;2;;;;
17/01/2014;17:18:00;133;sem vítima;316;BR-101/RJ;Sul;Colisão Traseira;2;;;;;;;;;;4;;;;
21/01/2014;09:16:00;84;sem vítima;316,03;BR-101/RJ;Sul;Engavetamento;2;;;;1;;;;;;4;;;;
02/02/2014;17:42:00;156;com vítima;316,69;BR-101/RJ;Norte;Colisão Lateral;2;;;;;;;;;;6;1;;;
09/02/2014;22:23:00;195;sem vítima;316,188;BR-101/RJ;Sul;Saida de Pista;1;;;;;;;;;;1;;;;
10/02/2014;07:51:00;56;com vítima;316,166;BR-101/RJ;Sul;Colisão Traseira;1;;;;1;;;;;;2;1;;;
10/02/2014;10:29:00;89;sem vítima;316,6;BR-101/RJ;Sul;Colisão Traseira;2;;;;;;;;;;2;;;;
12/02/2014;19:04:00;172;sem vítima;316,917;BR-101/RJ;Norte;Colisão Traseira;2;;;;;;;;;;4;;;;
19/02/2014;13:00:00;113;sem vítima;316;BR-101/RJ;Norte;Colisão Traseira;1;;;;;1;;;;;2;;;;
25/02/2014;07:30:00;53;sem vítima;316,7;BR-101/RJ;Sul;Colisão Traseira;1;;;;;;;;;1;3;;;;
06/03/2014;07:28:00;55;com vítima;316;BR-101/RJ;Sul;Colisão Traseira;2;;;;;;;;;;7;1;;;
13/03/2014;20:10:00;220;com vítima;316;BR-101/RJ;Sul;Choque - Outros;1;;;;;;;;;;0;;1;;
17/03/2014;07:55:00;51;sem vítima;316;BR-101/RJ;Sul;Colisão Traseira;1;;;;1;;;;;;3;;;;
18/03/2014;07:46:00;40;com vítima;316;BR-101/RJ;Sul;Colisão Lateral;1;;;1;;;;;;;2;1;;;
06/04/2014;06:25:00;24;sem vítima;316,054;BR-101/RJ;Norte;Outros - Sequência;1;;;;;;;;;;1;;;;
07/04/2014;01:45:00;10;sem vítima;316;BR-101/RJ;Norte;Saida de Pista;1;;;;;;;;;;1;;;;
07/04/2014;16:36:00;159;sem vítima;316;BR-101/RJ;Sul;Choque - Defensa, barreira ou "submarino";1;;;;;;;;;;1;;;;
10/04/2014;17:34:00;163;com vítima;316;BR-101/RJ;Norte;Colisão Lateral;1;;;1;;;;;;;1;1;;;
14/04/2014;18:28:00;153;sem vítima;316;BR-101/RJ;Sul;Colisão Traseira;2;;;;;;;;;;3;;;;
15/04/2014;09:22:00;65;sem vítima;316;BR-101/RJ;Sul;Colisão Traseira;2;;;;;;;;;;2;;;;
15/04/2014;18:45:00;164;sem vítima;316;BR-101/RJ;Norte;Colisão Traseira;2;;;;;;;;;;2;;;;
23/04/2014;06:06:00;32;sem vítima;316;BR-101/RJ;Norte;Saida de Pista;1;;;;;;;;;;1;;;;
06/05/2014;06:18:00;17;com vítima;316;BR-101/RJ;Sul;Colisão Traseira;;;;2;;;;;;;0;3;;;
15/05/2014;07:13:00;44;sem vítima;316;BR-101/RJ;Sul;Colisão Lateral;1;;;1;;;;;;;3;;;;
16/05/2014;06:13:00;31;sem vítima;316;BR-101/RJ;Sul;Colisão Traseira;1;;;;1;;;;;;2;;;;
16/05/2014;06:55:00;36;sem vítima;316;BR-101/RJ;Sul;Colisão Traseira;1;;;2;;;;;;;6;;;;
24/05/2014;23:59:00;170;sem vítima;316;BR-101/RJ;Norte;Saida de Pista;1;;;;;;;;;;1;;;;
28/05/2014;07:34:00;36;sem vítima;316;BR-101/RJ;Sul;Colisão Traseira;2;;;;;;;;;;2;;;;
29/05/2014;08:48:00;59;sem vítima;316;BR-101/RJ;Norte;Colisão Frontal;2;;;;;;;;;;2;;;;
06/06/2014;07:01:00;24;com vítima;316;BR-101/RJ;Sul;Colisão Lateral;1;;;1;;;;;;;1;1;;;
09/06/2014;09:11:00;54;com vítima;316;BR-101/RJ;Norte;Colisão Traseira;1;;;;1;;;;;;1;1;;;
09/06/2014;18:31:00;160;com vítima;316;BR-101/RJ;Sul;Colisão Lateral;1;;;1;;;;;;;1;1;;;
12/06/2014;03:58:00;19;sem vítima;316;BR-101/RJ;Norte;Colisão Traseira;;;1;;;1;;;;;2;;;;
14/06/2014;13:15:00;88;sem vítima;316,913;BR-101/RJ;Norte;Engavetamento;3;;;;;;;;;;4;;;;
14/06/2014;17:10:00;128;com vítima;316,947;BR-101/RJ;Norte;Colisão Lateral;1;;;1;;;;;;;1;2;;;
11/07/2014;06:39:00;22;com vítima;316;BR-101/RJ;Sul;Colisão Lateral;1;;;1;;;;;;;1;1;;;
11/07/2014;08:42:00;45;com vítima;316;BR-101/RJ;Sul;Colisão Lateral;1;;;1;;;;;;;1;1;;;
29/07/2014;06:28:00;21;com vítima;316;BR-101/RJ;Norte;Queda de Moto;;;;1;;;;;;;0;1;;;
31/07/2014;16:34:00;136;sem vítima;316,581;BR-101/RJ;Norte;Colisão Lateral;1;;;;1;;;;;;3;;;;
01/08/2014;08:46:00;47;com vítima;316;BR-101/RJ;Sul;Choque - Poste;;;;1;;;;;;;0;;1;;
04/08/2014;07:18:00;39;com vítima;316;BR-101/RJ;Sul;Colisão Lateral;;;;1;;1;;;;;1;1;;;
04/08/2014;08:51:00;60;com vítima;316;BR-101/RJ;Sul;Engavetamento;2;;;1;;;;;;;3;;1;1;
07/08/2014;07:44:00;37;sem vítima;316;BR-101/RJ;Sul;Colisão Traseira;2;;;;;;;;;;2;;;;
07/08/2014;11:46:00;93;sem vítima;316;BR-101/RJ;Norte;Colisão Lateral;2;;;;;;;;;;3;;;;
17/08/2014;10:45:00;48;sem vítima;316;BR-101/RJ;Norte;Colisão Lateral;2;;;;;;;;;;7;;;;
18/08/2014;08:53:00;62;sem vítima;316;BR-101/RJ;Sul;Engavetamento;2;;;;;;;;;1;3;;;;
20/08/2014;09:01:00;47;sem vítima;316;BR-101/RJ;Sul;Colisão Traseira;2;;;;;;;;;;2;;;;
23/08/2014;23:47:00;187;sem vítima;316;BR-101/RJ;Sul;Colisão Lateral;1;;;;;1;;;;;3;;;;
26/08/2014;09:45:00;58;com vítima;316;BR-101/RJ;Sul;Colisão Lateral;1;;;1;;;;;;;1;1;;;
29/08/2014;17:56:00;144;sem vítima;316,9;BR-101/RJ;Norte;Colisão Traseira;2;;;;;;;;;;2;;;;
02/09/2014;06:28:00;22;com vítima;316;BR-101/RJ;Sul;Colisão Lateral;1;;;1;;;;;;;1;1;;;
18/09/2014;07:38:00;37;com vítima;316,561;BR-101/RJ;Sul;Colisão Traseira;1;;;1;;;;;;;0;4;;;
02/10/2014;10:14:00;67;sem vítima;316;BR-101/RJ;Sul;Colisão Frontal;2;;;;;;;;;;2;;;;
14/10/2014;08:14:00;48;com vítima;316,365;BR-101/RJ;Sul;Queda de Moto;;;;1;;;;;;;1;1;;;
15/10/2014;18:41:00;141;sem vítima;316,788;BR-101/RJ;Norte;Colisão Lateral;1;;;;1;;;;;;2;;;;
21/10/2014;06:22:00;28;sem vítima;316;BR-101/RJ;Sul;Engavetamento;3;;;;;;;;;;4;;;;
21/10/2014;07:00:00;36;sem vítima;316,284;BR-101/RJ;Sul;Colisão Lateral;1;;;1;;;;;;;2;;;;
04/11/2014;08:38:00;49;com vítima;316;BR-101/RJ;Sul;Colisão Traseira;1;;;1;;;;;;;2;;1;;
10/11/2014;10:48:00;82;sem vítima;316,5;BR-101/RJ;Sul;Engavetamento;3;;;;;;;;;;4;;;;
12/11/2014;10:14:00;76;sem vítima;316;BR-101/RJ;Sul;Colisão Traseira;1;;1;;;;;;;;2;;;;
14/11/2014;09:45:00;77;com vítima;316;BR-101/RJ;Sul;Colisão Lateral;2;;;1;;;;;;;4;1;;;
17/11/2014;08:25:00;47;sem vítima;316;BR-101/RJ;Sul;Colisão Lateral;;;1;;;;;;;;1;;;;
17/11/2014;11:54:00;92;sem vítima;316;BR-101/RJ;Sul;Colisão Traseira;1;;;;1;;;;;;2;;;;
19/11/2014;18:23:00;138;sem vítima;316;BR-101/RJ;Norte;Colisão Traseira;2;;;;;;;;;;9;;;;
23/11/2014;17:13:00;122;sem vítima;316;BR-101/RJ;Sul;Colisão Lateral;1;;;1;;;;;;;3;;;;
27/11/2014;10:45:00;59;sem vítima;316;BR-101/RJ;Sul;Engavetamento;3;;;;;1;;;;;6;;;;
28/11/2014;08:13:00;42;sem vítima;316;BR-101/RJ;Sul;Outros - Sequência;2;;;1;;;;;;;4;;;;
02/12/2014;17:42:00;139;com vítima;316;BR-101/RJ;Norte;Colisão Traseira;1;;;;;1;;;;;1;1;1;;
05/12/2014;10:32:00;66;sem vítima;316;BR-101/RJ;Sul;Colisão Traseira;1;;;;1;;;;;;2;;;;
07/12/2014;22:34:00;153;sem vítima;316;BR-101/RJ;Norte;Capotamento;1;;;;;;;;;;2;;;;
08/12/2014;18:46:00;171;com vítima;316,487;BR-101/RJ;Sul;Colisão Traseira;1;;1;;;;;;;;1;1;1;;
08/12/2014;19:13:00;174;sem vítima;316,54;BR-101/RJ;Norte;Colisão Traseira;2;;;;;;;;;;2;;;;
12/12/2014;10:53:00;67;com vítima;316;BR-101/RJ;Norte;Choque - Defensa, barreira ou "submarino";1;;;;;;;;;;0;;1;;
18/12/2014;16:53:00;135;com vítima;316,85;BR-101/RJ;Sul;Colisão Traseira;1;;;1;;;;;;;2;1;;;
05/01/2015;06:33:00;24;sem vítima;316;BR-101/RJ;Sul;Colisão Traseira;2;;;;;;;;;;2;;;;
06/01/2015;06:40:00;16;sem vítima;316;BR-101/RJ;Sul;Outros - Sequência;1;;;;;1;;;;;3;;;;
20/01/2015;11:48:00;92;com vítima;316;BR-101/RJ;Sul;Outros - Sequência;2;;;1;;;;;;;9;;1;;
20/01/2015;13:43:00;110;com vítima;316;BR-101/RJ;Sul;Atropelamento - Ambulante;;;;1;;;;;;;1;2;;;
26/01/2015;08:17:00;47;com vítima;316;BR-101/RJ;Sul;Colisão Lateral;;;;;;3;;;;;2;1;;;
26/01/2015;06:22:00;25;com vítima;316,422;BR-101/RJ;Sul;Colisão Lateral;1;;;1;;;;;;;21;;2;;
03/02/2015;07:25:00;33;sem vítima;316;BR-101/RJ;Sul;Colisão Traseira;1;;;;1;;;;;;2;0;0;0;0
05/02/2015;09:40:00;41;com vítima;316;BR-101/RJ;Sul;Queda de Moto;;;;1;;;;;;;0;1;0;0;0
10/02/2015;07:24:00;39;com vítima;316;BR-101/RJ;Sul;Colisão Lateral;1;;;1;;;;;;;1;0;1;0;0
11/02/2015;17:26:00;163;sem vítima;316;BR-101/RJ;Norte;Engavetamento;1;;;;;3;;;;;4;0;0;0;0
21/02/2015;18:38:00;166;com vítima;316;BR-101/RJ;Sul;Engavetamento;3;;;;;;;;;;2;3;0;0;0
24/02/2015;07:49:00;79;sem vítima;316;BR-101/RJ;Sul;Colisão Traseira;1;;;;;1;;;;;2;;;;
04/03/2015;08:02:00;45;sem vítima;316;BR-101/RJ;Sul;Colisão Traseira;;;;;2;;;;;;3;0;0;0;0
10/03/2015;06:52:00;29;com vítima;316;BR-101/RJ;Sul;Engavetamento;2;;;1;;;;;;;7;1;0;0;0
11/03/2015;15:52:00;109;com vítima;316;BR-101/RJ;Sul;Colisão Traseira;2;;;;;;;;;;3;1;0;0;0
11/03/2015;06:47:00;19;com vítima;316,9;BR-101/RJ;Sul;Colisão Traseira;2;;;1;;;;;;;2;1;0;0;0
17/03/2015;18:22:00;152;com vítima;316,95;BR-101/RJ;Norte;Colisão Transversal;1;;;1;;;;;;;1;0;1;0;0
23/03/2015;06:35:00;29;sem vítima;316;BR-101/RJ;Sul;Colisão Traseira;2;;;;;;;;;;2;0;0;0;0
24/03/2015;06:53:00;23;sem vítima;316;BR-101/RJ;Sul;Engavetamento;3;;;;;;;;;;4;0;0;0;0
26/03/2015;22:29:00;191;com vítima;316;BR-101/RJ;Norte;Colisão Lateral;;;;1;;1;;;;;1;1;0;0;0
26/03/2015;22:53:00;193;sem vítima;316;BR-101/RJ;Norte;Colisão Traseira;2;;;;;;;;;;3;0;0;0;0
31/03/2015;08:32:00;64;com vítima;316;BR-101/RJ;Sul;Engavetamento;4;;;;;;;;;;6;0;1;0;0
06/04/2015;09:22:00;69;com vítima;316;BR-101/RJ;Sul;Colisão Traseira;2;;;1;;;;;;;5;1;;;
07/04/2015;08:16:00;55;com vítima;316;BR-101/RJ;Sul;Queda de Moto;;;;1;;;;;;;0;1;;;
05/05/2015;18:24:00;157;sem vítima;316;BR-101/RJ;Sul;Colisão Traseira;2;;;;;;;;;;4;;;;
07/05/2015;06:45:00;35;com vítima;316;BR-101/RJ;Sul;Colisão Lateral;1;;;1;;;;;;;2;;1;;
18/05/2015;16:50:00;164;com vítima;316;BR-101/RJ;Sul;Colisão Lateral;1;;;1;;;;;;;1;2;;;
20/05/2015;16:58:00;163;com vítima;316;BR-101/RJ;Norte;Outros - Sequência;;;;1;;;;;;1;1;1;;;
22/05/2015;06:09:00;37;sem vítima;316;BR-101/RJ;Sul;Colisão Traseira;1;;;;;1;;;;;5;;;;
29/05/2015;06:40:00;17;com vítima;316,512;BR-101/RJ;Sul;Colisão Lateral;1;;;1;;;;;;;1;2;;;
31/05/2015;23:17:00;183;com vítima;316;BR-101/RJ;Norte;Colisão Lateral;;;;2;;;;;;;0;3;;;
22/06/2015;08:41:00;65;sem vítima;316;BR-101/RJ;Norte;Colisão Frontal;1;;;;;1;;;;;2;;;;
29/06/2015;07:23:00;46;com vítima;316;BR-101/RJ;Sul;Outros - Sequência;2;;;;1;;;;;;3;2;;;
23/07/2015;09:55:00;90;sem vítima;316,7;BR-101/RJ;Norte;Colisão Traseira;2;;;;;;;;;;2;;;;
17/08/2015;01:12:00;7;sem vítima;316;BR-101/RJ;Sul;Saida de Pista;1;;;;;;;;;;3;;;;
17/08/2015;06:35:00;31;sem vítima;316;BR-101/RJ;Sul;Colisão Traseira;2;;;;;;;;;;3;;;;
25/08/2015;17:43:00;155;com vítima;316,901;BR-101/RJ;Norte;Queda de Moto;;;;1;;;;;;;0;1;;;
04/09/2015;21:12:00;209;com vítima;316;BR-101/RJ;Norte;Choque - Outros;;;;;;;;;;1;0;1;;;
08/09/2015;15:43:00;179;sem vítima;316;BR-101/RJ;Sul;Colisão Traseira;1;;;1;;;;;;;2;;;;
18/09/2015;23:15:00;301;sem vítima;316,14;BR-101/RJ;Norte;Saida de Pista;1;;;;;;;;;;2;;;;
21/09/2015;14:20:00;124;com vítima;316,667;BR-101/RJ;Norte;Colisão Traseira;;;1;;1;;;;;;19;1;;2;
02/10/2015;16:39:00;166;com vítima;316,32;BR-101/RJ;Norte;Colisão Lateral;;;;1;;1;;;;;1;;2;;
09/10/2015;06:36:00;26;com vítima;316,98;BR-101/RJ;Sul;Colisão Traseira;;;;1;;1;;;;;1;1;;;
04/11/2015;05:54:00;26;com vítima;316,96;BR-101/RJ;Sul;Colisão Lateral;1;;;1;;;;;;;1;1;;;
19/11/2015;11:45:00;103;com vítima;316,892;BR-101/RJ;Norte;Colisão Traseira;2;;;;;;;;;;1;1;;;
21/11/2015;14:16:00;105;com vítima;316;BR-101/RJ;Norte;Colisão Frontal;2;;;;;;;;;;1;1;;;
30/11/2015;20:49:00;239;sem vítima;316;BR-101/RJ;Norte;Engavetamento;3;;;;;;;;;;5;;;;
12/12/2015;09:40:00;83;sem vítima;316;BR-101/RJ;Sul;Colisão Lateral;1;;;1;;;;;;;2;;;;
19/12/2015;00:58:00;4;com vítima;316,9;BR-101/RJ;Norte;Colisão Lateral;2;;;;;;;;;;0;3;;;
23/12/2015;17:10:00;205;sem vítima;316;BR-101/RJ;Norte;Engavetamento;3;;;;;;;;;;10;;;;
23/12/2015;07:04:00;37;sem vítima;316,04;BR-101/RJ;Norte;Saida de Pista;1;;;;;;;;;;1;;;;
12/01/2010;11:50:00;91;sem vítima;317;BR-101/RJ;Norte;Colisão Traseira;2;;;;;;;;;;2;;;;
15/01/2010;21:56:00;209;sem vítima;317;BR-101/RJ;Norte;Saida de Pista;1;;;;;;;;;;1;;;;
15/01/2010;23:36:00;222;sem vítima;317;BR-101/RJ;Sul;Saida de Pista;1;;;;;;;;;;2;;;;
08/02/2010;08:16:00;62;sem vítima;317;BR-101/RJ;Sul;Colisão Lateral;1;;;1;;;;;;;2;;;;
10/02/2010;16:40:00;156;sem vítima;317;BR-101/RJ;Sul;Colisão Traseira;2;;;;;;;;;;5;;;;
18/02/2010;14:03:00;143;sem vítima;317;BR-101/RJ;Sul;Colisão Lateral;1;;;1;;;;;;;2;;;;
01/03/2010;07:58:00;54;sem vítima;317;BR-101/RJ;Sul;Colisão Traseira;1;;1;;;;;;;;2;;;;
03/03/2010;18:21:00;153;sem vítima;317;BR-101/RJ;Norte;Colisão Traseira;3;;;;;1;;;;;6;;;;
22/03/2010;19:02:00;178;sem vítima;317;BR-101/RJ;Norte;Colisão Traseira;2;;;;;;;;;;2;;;;
26/03/2010;06:29:00;37;sem vítima;317;BR-101/RJ;Sul;Colisão Traseira;2;;;;;;;;;;3;;;;
29/03/2010;14:16:00;112;sem vítima;317;BR-101/RJ;Sul;Saida de Pista;1;;;;;;;;;;2;;;;
30/03/2010;20:11:00;187;com vítima;317;BR-101/RJ;Sul;Colisão Traseira;1;;;1;;;;;;;2;;1;;
01/04/2010;07:08:00;46;sem vítima;317;BR-101/RJ;Sul;Colisão Traseira;1;;;;2;;;;;;4;;;;
10/04/2010;17:29:00;144;sem vítima;317;BR-101/RJ;Sul;Colisão Traseira;2;;;;;;;;;;6;;;;
19/04/2010;08:33:00;52;com vítima;317;BR-101/RJ;Sul;Colisão Traseira;1;;;1;;;;;;;3;1;;;
05/05/2010;10:04:00;68;sem vítima;317;BR-101/RJ;Sul;Saida de Pista;;;;;;;;;;1;2;;;;
28/05/2010;07:14:00;39;sem vítima;317;BR-101/RJ;Sul;Colisão Traseira;1;;;1;;;;;;;2;;;;
21/06/2010;06:07:00;17;sem vítima;317;BR-101/RJ;Norte;Saida de Pista;1;;;;;;;;;;1;;;;
22/06/2010;12:37:00;75;sem vítima;317;BR-101/RJ;Norte;Colisão Traseira;1;;;;1;;;;;;3;;;;
13/07/2010;07:21:00;37;sem vítima;317;BR-101/RJ;Sul;Queda de Moto;;;;1;;;;;;;1;;;;
18/07/2010;05:57:00;20;com vítima;317;BR-101/RJ;Sul;Saida de Pista;1;;;;;;;;;;2;1;;;
24/07/2010;06:52:00;38;sem vítima;317;BR-101/RJ;Norte;Saida de Pista;1;;;;;;;;;;2;;;;
26/07/2010;13:39:00;115;sem vítima;317;BR-101/RJ;Sul;Colisão Traseira;1;;;;;;;;;1;6;;;;
28/07/2010;17:11:00;159;sem vítima;317;BR-101/RJ;Norte;Colisão Traseira;2;;;;;;;;;;4;;;;
22/08/2010;05:25:00;20;sem vítima;317;BR-101/RJ;Sul;Saida de Pista;1;;;;;;;;;;1;;;;
24/08/2010;10:08:00;69;sem vítima;317;BR-101/RJ;Sul;Colisão Lateral;1;;1;;;;;;;;2;;;;
09/09/2010;09:40:00;63;sem vítima;317;BR-101/RJ;Sul;Colisão Traseira;2;;;1;;;;;;;3;;;;
16/09/2010;07:29:00;26;com vítima;317;BR-101/RJ;Sul;Colisão Traseira;1;;;1;;;;;;;1;;1;;
16/09/2010;18:24:00;142;sem vítima;317;BR-101/RJ;Sul;Engavetamento;3;;;;;;;;;;6;;;;
28/09/2010;08:15:00;37;sem vítima;317;BR-101/RJ;Sul;Colisão Traseira;;;;;2;;;;;;7;;;;
30/09/2010;19:39:00;156;com vítima;317;BR-101/RJ;Norte;Engavetamento;2;;;1;;;;;;;2;1;;;
05/10/2010;07:53:00;44;com vítima;317;BR-101/RJ;Sul;Colisão Lateral;1;;;1;;;;;;;1;1;1;;
02/11/2010;18:20:00;137;com vítima;317;BR-101/RJ;Norte;Colisão Traseira;2;;;;;;;;;;2;2;;;
12/11/2010;06:37:00;31;com vítima;317;BR-101/RJ;Norte;Atropelamento - Usuário;2;;;1;;;;;;;1;;2;;