data;horario;n_da_ocorrencia;tipo_de_ocorrencia;km;trecho;sentido;tipo_de_acidente;automovel;bicicleta;caminhao;moto;onibus;outros;tracao_animal;transporte_de_cargas_especiais;trator_maquinas;utilitarios;ilesos;levemente_feridos;moderadamente_feridos;gravemente_feridos;mortos
26/11/2010;00:54:00;8;sem vítima;317;BR-101/RJ;Norte;Saida de Pista;1;;;;;;;;;;1;;;;
01/12/2010;22:58:00;214;sem vítima;317;BR-101/RJ;Sul;Saida de Pista;1;;;;;;;;;;1;;;;
22/12/2010;07:25:00;41;sem vítima;317;BR-101/RJ;Sul;Colisão Traseira;2;;;;;;;;;;2;;;;
22/12/2010;07:32:00;44;com vítima;317;BR-101/RJ;Sul;Colisão Lateral;1;;;1;;;;;;;1;1;;;
11/01/2011;11:30:00;90;com vítima;317;BR-101/RJ;Norte;Saida de Pista;1;;;;;;;;;;0;2;;;
31/01/2011;07:56:00;45;sem vítima;317;BR-101/RJ;Sul;Colisão Traseira;2;;;;;;;;;;7;;;;
04/02/2011;11:55:00;96;sem vítima;317;BR-101/RJ;Norte;Colisão Traseira;2;;;;;;;;;;2;;;;
08/02/2011;09:21:00;52;sem vítima;317;BR-101/RJ;Sul;Colisão Traseira;2;;;;;;;;;;2;;;;
16/02/2011;06:28:00;31;sem vítima;317;BR-101/RJ;Sul;Colisão Traseira;2;;;;;;;;;;2;;;;
26/02/2011;22:33:00;162;sem vítima;317;BR-101/RJ;Sul;Outros - Sequência;2;;;;;;;;;;3;;;;
28/03/2011;10:18:00;57;sem vítima;299,5;BR-101/RJ;Sul;Queda de Moto;;;;1;;1;;;;;3;;;;
28/03/2011;12:08:00;72;sem vítima;189;BR-101/RJ;Sul;Objeto lançado contra veículo;1;;1;;;;;;;;2;;;;
28/03/2011;13:16:00;84;sem vítima;320;BR-101/RJ;Sul;Colisão Lateral;;;1;;1;;;;;;2;;;;
11/05/2011;19:05:00;152;sem vítima;317;BR-101/RJ;Norte;Saida de Pista;1;;;;;;;;;;1;;;;
22/05/2011;18:37:00;147;sem vítima;317;BR-101/RJ;Sul;Colisão Traseira;2;;;;;;;;;;3;;;;
31/05/2011;07:45:00;28;sem vítima;317;BR-101/RJ;Sul;Colisão Traseira;1;;;;;;;;;1;3;;;;
03/06/2011;16:54:00;150;com vítima;317;BR-101/RJ;Norte;Colisão Traseira;1;;;1;;;;;;;1;;1;;
07/06/2011;07:35:00;33;sem vítima;317;BR-101/RJ;Sul;Colisão Traseira;1;;;;;1;;;;;2;;;;
07/06/2011;07:49:00;37;sem vítima;317;BR-101/RJ;Sul;Colisão Traseira;2;;;;;;;;;;2;;;;
08/06/2011;07:39:00;40;com vítima;317;BR-101/RJ;Sul;Colisão Lateral;1;;;1;;;;;;;1;;2;;
14/06/2011;00:54:00;4;sem vítima;317;BR-101/RJ;Norte;Colisão Traseira;2;;;;;;;;;;4;;;;
14/06/2011;13:49:00;85;sem vítima;317;BR-101/RJ;Norte;Colisão Traseira;2;;;;;;;;;;3;;;;
14/06/2011;16:10:00;104;com vítima;317;BR-101/RJ;Norte;Colisão Lateral;1;;;1;;;;;;;1;;1;;
18/06/2011;06:39:00;25;sem vítima;317;BR-101/RJ;Norte;Colisão Traseira;2;;;;;;;;;;2;;;;
03/08/2011;06:44:00;16;com vítima;317,29998779296875;BR-101/RJ;Sul;Queda de Moto;1;;;1;;;;;;;4;2;;;
19/08/2011;16:59:00;150;com vítima;317,1090087890625;BR-101/RJ;Sul;Saida de Pista;1;;;;;;;;;;0;;1;;
21/08/2011;03:13:00;15;sem vítima;317;BR-101/RJ;Norte;Saida de Pista;1;;;;;;;;;;2;;;;
21/08/2011;19:08:00;136;sem vítima;317,12701416015625;BR-101/RJ;Sul;Colisão Traseira;1;;1;;;;;;;;3;;;;
21/08/2011;01:18:00;6;sem vítima;317,29998779296875;BR-101/RJ;Sul;Saida de Pista;1;;;;;;;;;;5;;;;
24/08/2011;06:40:00;24;com vítima;317,5;BR-101/RJ;Sul;Colisão Traseira;1;;;1;;;;;;;1;2;;;
24/08/2011;07:44:00;30;com vítima;317,6000061035156;BR-101/RJ;Sul;Colisão Traseira;1;;;1;;;;;;;1;2;;;
04/09/2011;02:14:00;7;com vítima;317,70001220703125;BR-101/RJ;Norte;Colisão Traseira;;;2;;;;;;;;1;1;2;;
09/09/2011;16:02:00;123;sem vítima;317;BR-101/RJ;Sul;Saida de Pista;1;;;;;;;;;;1;;;;
19/09/2011;18:57:00;179;sem vítima;317;BR-101/RJ;Norte;Colisão Traseira;2;;;;;;;;;;3;;;;
05/10/2011;07:45:00;40;sem vítima;317;BR-101/RJ;Sul;Queda de Moto;1;;;1;;;;;;;2;;;;
14/10/2011;07:56:00;44;sem vítima;317;BR-101/RJ;Sul;Colisão Traseira;1;;;;;1;;;;;2;;;;
18/10/2011;14:55:00;130;sem vítima;317;BR-101/RJ;Sul;Colisão Traseira;2;;;;;;;;;;2;;;;
24/10/2011;18:31:00;138;com vítima;317;BR-101/RJ;Norte;Atropelamento - Andarilho;2;;;;;;;;;;8;;1;;
02/11/2011;07:08:00;23;com vítima;317;BR-101/RJ;Sul;Colisão Lateral;1;;;1;1;;;;;;1;2;;;
11/11/2011;10:38:00;65;sem vítima;317;BR-101/RJ;Sul;Colisão Traseira;2;;;;;;;;;;4;;;;
17/11/2011;17:27:00;126;sem vítima;317;BR-101/RJ;Norte;Colisão Traseira;2;;;;;;;;;;2;;;;
24/11/2011;18:31:00;141;sem vítima;317,70001220703125;BR-101/RJ;Norte;Colisão Traseira;2;;;;;;;;;;7;;;;
02/12/2011;07:24:00;46;sem vítima;317;BR-101/RJ;Sul;Colisão Traseira;2;;;;;;;;;;3;;;;
03/12/2011;00:52:00;6;sem vítima;317;BR-101/RJ;Norte;Saida de Pista;1;;;;;;;;;;1;;;;
07/12/2011;21:52:00;196;sem vítima;317,5;BR-101/RJ;Norte;Saida de Pista;1;;;;;;;;;;2;;;;
13/12/2011;18:18:00;169;sem vítima;317,5;BR-101/RJ;Sul;Engavetamento;3;;;;;1;;;;;7;;;;
15/12/2011;01:23:00;7;sem vítima;317,70001220703125;BR-101/RJ;Norte;Choque - Defensa, barreira ou "submarino";1;;;;;;;;;;1;;;;
16/12/2011;15:59:00;158;com vítima;317;BR-101/RJ;Sul;Engavetamento;2;;;;;;;;;1;3;;1;;
17/12/2011;04:51:00;23;sem vítima;317;BR-101/RJ;Sul;Colisão Traseira;1;;;;;;;;;;5;;;;
19/12/2011;08:32:00;67;sem vítima;317;BR-101/RJ;Sul;Colisão Traseira;1;;;1;;;;;;;6;;;;
20/12/2011;10:31:00;82;sem vítima;317,29998779296875;BR-101/RJ;Sul;Colisão Traseira;3;;;;;;;;;;4;;;;
31/12/2011;23:06:00;163;sem vítima;317;BR-101/RJ;Norte;Saida de Pista;1;;;;;;;;;;1;;;;
02/01/2012;14:15:00;127;com vítima;317;BR-101/RJ;Sul;Colisão Lateral;;;1;1;;;;;;;2;;2;;
19/01/2012;14:08:00;118;sem vítima;317;BR-101/RJ;Sul;Colisão Traseira;1;;;;;2;;;;;3;;;;
30/01/2012;10:26:00;84;com vítima;317;BR-101/RJ;Sul;Queda de Moto;;;;1;;;;;;;0;1;;;
30/01/2012;06:30:00;34;sem vítima;317,5;BR-101/RJ;Sul;Engavetamento;3;;;;;;;;;;10;;;;
30/01/2012;07:29:00;45;sem vítima;317,5;BR-101/RJ;Sul;Colisão Traseira;2;;;;;;;;;;3;;;;
30/01/2012;06:36:00;35;com vítima;317,8;BR-101/RJ;Sul;Colisão Lateral;1;;;1;;;;;;;1;1;;;
31/01/2012;15:37:00;113;sem vítima;317,9;BR-101/RJ;Sul;Engavetamento;4;;;;;;;;;;9;;;;
02/02/2012;09:05:00;66;sem vítima;317;BR-101/RJ;Sul;Colisão Traseira;3;;;;;;;;;;5;;;;
02/02/2012;07:28:00;46;sem vítima;317,7;BR-101/RJ;Sul;Colisão Traseira;1;;;2;;;;;;;5;;;;
03/02/2012;10:41:00;78;sem vítima;317;BR-101/RJ;Sul;Colisão Traseira;2;1;;;;;;;;;3;;;;
12/02/2012;20:44:00;166;sem vítima;317,8;BR-101/RJ;Norte;Saida de Pista;1;;;;;;;;;;3;;;;
14/02/2012;07:40:00;35;sem vítima;317;BR-101/RJ;Sul;Colisão Traseira;2;;;;;;;;;;6;;;;
18/02/2012;07:59:00;92;sem vítima;317;BR-101/RJ;Norte;Colisão Traseira;2;;;;;;;;;;8;;;;
18/02/2012;09:08:00;110;sem vítima;317;BR-101/RJ;Norte;Colisão Traseira;2;;;;;;;;;;3;;;;
06/03/2012;19:23:00;176;sem vítima;317;BR-101/RJ;Norte;Saida de Pista;1;;;;;;;;;;2;;;;
09/03/2012;06:19:00;28;sem vítima;317,9;BR-101/RJ;Sul;Engavetamento;2;;;;;1;;;;;4;;;;
11/03/2012;04:23:00;13;com vítima;317,9;BR-101/RJ;Norte;Colisão Frontal;2;;;;;;;;;;0;;;8;1
12/03/2012;07:36:00;38;com vítima;317;BR-101/RJ;Sul;Queda de Moto;;;;1;;;;;;;1;1;;;
17/03/2012;16:56:00;128;sem vítima;317;BR-101/RJ;Sul;Colisão Lateral;2;;;;;;;;;;5;;;;
21/03/2012;08:07:00;32;com vítima;317;BR-101/RJ;Sul;Colisão Lateral;1;;;2;;;;;;;3;3;;;
28/03/2012;07:50:00;39;com vítima;317;BR-101/RJ;Sul;Colisão Lateral;1;;;1;;;;;;;2;1;;;
29/03/2012;16:10:00;121;sem vítima;317;BR-101/RJ;Norte;Colisão Traseira;2;;;;;;;;;;5;;;;
29/03/2012;16:54:00;130;sem vítima;317;BR-101/RJ;Norte;Engavetamento;4;;;;;1;;;;1;17;;;;
09/04/2012;00:31:00;2;com vítima;317;BR-101/RJ;Sul;Saida de Pista;1;;;;;;;;;;2;;2;;
24/04/2012;18:09:00;187;sem vítima;317;BR-101/RJ;Norte;Engavetamento;4;;1;;;;;;;;8;;;;
11/05/2012;21:26:00;191;sem vítima;317;BR-101/RJ;Norte;Saida de Pista;1;;;;;;;;;;1;;;;
12/05/2012;08:35:00;49;sem vítima;317;BR-101/RJ;Sul;Colisão Lateral;1;;;;;2;;;;;7;;;;
16/05/2012;18:08:00;157;sem vítima;317;BR-101/RJ;Norte;Colisão Traseira;2;;;;;;;;;;3;;;;
17/05/2012;17:59:00;139;com vítima;317;BR-101/RJ;Sul;Engavetamento;3;;;1;;;;;;;5;;2;;
18/05/2012;19:57:00;165;sem vítima;317;BR-101/RJ;Norte;Colisão Traseira;2;;;;;;;;;1;4;;;;
01/06/2012;20:00:00;188;sem vítima;317;BR-101/RJ;Norte;Colisão Lateral;1;;;1;;;;;;;3;;;;
02/06/2012;04:06:00;29;sem vítima;317;BR-101/RJ;Norte;Saida de Pista;1;;;;;;;;;;1;;;;
06/06/2012;22:37:00;206;sem vítima;317;BR-101/RJ;Sul;Colisão Traseira;1;;;;1;;;;;;2;;;;
11/06/2012;17:51:00;162;sem vítima;317;BR-101/RJ;Norte;Colisão Traseira;3;;;;;;;;;;3;;;;
19/06/2012;17:59:00;186;sem vítima;317,9;BR-101/RJ;Norte;Engavetamento;4;;;;;;;;;;9;;;;
22/06/2012;17:44:00;121;sem vítima;317;BR-101/RJ;Sul;Colisão Traseira;;;2;;;1;;;;;8;;;;
30/06/2012;10:06:00;68;com vítima;317;BR-101/RJ;Norte;Colisão Lateral;1;;;1;;;;;;;1;;1;;
07/08/2012;05:41:00;15;sem vítima;317;BR-101/RJ;Norte;Saida de Pista;1;;;;;;;;;;2;;;;
17/08/2012;03:02:00;7;sem vítima;317,581;BR-101/RJ;Norte;Colisão Traseira;1;;1;;;;;;;;4;;;;
17/08/2012;06:57:00;23;sem vítima;317,677;BR-101/RJ;Sul;Engavetamento;3;;;;;;;;;;9;;;;
24/08/2012;23:49:00;199;com vítima;317,5;BR-101/RJ;Sul;Atropelamento - Andarilho;1;;;;;;;;;;2;;;;1
27/08/2012;08:07:00;51;com vítima;317;BR-101/RJ;Sul;Engavetamento;2;;;;1;;;;;;51;1;;;
29/08/2012;06:34:00;18;sem vítima;317;BR-101/RJ;Sul;Colisão Lateral;1;;;;1;;;;;;2;;;;
30/08/2012;07:33:00;34;com vítima;317,3;BR-101/RJ;Sul;Colisão Lateral;2;;;1;;;;;;1;5;;1;;
05/09/2012;17:15:00;160;sem vítima;317,335;BR-101/RJ;Norte;Colisão Lateral;3;;;;;;;;;;6;;;;
07/09/2012;09:13:00;93;sem vítima;317;BR-101/RJ;Norte;Colisão Lateral;2;;;;;;;;;;4;;;;
07/09/2012;14:37:00;172;sem vítima;317;BR-101/RJ;Norte;Colisão Traseira;2;;;;;;;;;;5;;;;
17/09/2012;07:47:00;52;sem vítima;317;BR-101/RJ;Sul;Colisão Traseira;2;;;;;;;;;;2;;;;
19/09/2012;07:28:00;47;com vítima;317;BR-101/RJ;Sul;Colisão Lateral;1;;;1;;;;;;;1;1;;;
26/09/2012;08:13:00;43;sem vítima;317;BR-101/RJ;Sul;Colisão Traseira;2;;;;1;;;;;;4;;;;
01/10/2012;07:31:00;35;com vítima;317;BR-101/RJ;Sul;Engavetamento;1;;;;2;;;;;;4;1;;;
05/10/2012;16:46:00;171;sem vítima;317;BR-101/RJ;Norte;Engavetamento;3;;;;;;;;;;4;;;;
10/10/2012;06:36:00;37;sem vítima;317;BR-101/RJ;Sul;Engavetamento;2;;;;1;;;;;;3;;;;
16/10/2012;08:06:00;47;sem vítima;317;BR-101/RJ;Sul;Engavetamento;3;;;;1;;;;;1;12;;;;
30/10/2012;06:57:00;36;sem vítima;317;BR-101/RJ;Sul;Queda de Moto;;;;1;;;;;;;1;;;;
31/10/2012;10:52:00;94;sem vítima;317;BR-101/RJ;Sul;Colisão Traseira;2;;;;;;;;;;2;;;;
31/10/2012;07:18:00;42;com vítima;317,8;BR-101/RJ;Sul;Colisão Lateral;1;;;2;;;;;;;2;;1;;
27/11/2012;06:48:00;27;com vítima;317,6;BR-101/RJ;Sul;Colisão Lateral;1;;;1;;;;;;;1;;1;;
30/11/2012;17:05:00;171;sem vítima;317;BR-101/RJ;Sul;Colisão Traseira;;;;;;;;;;2;3;;;;
07/12/2012;09:07:00;81;sem vítima;317;BR-101/RJ;Sul;Engavetamento;3;;;;;;;;;;5;;;;
14/12/2012;23:23:00;235;com vítima;317;BR-101/RJ;Sul;Capotamento;1;;;;;;;;;;1;1;;;
17/12/2012;21:23:00;199;sem vítima;317;BR-101/RJ;Norte;Capotamento;1;;;;;;;;;;1;;;;
30/12/2012;23:19:00;235;sem vítima;317,344;BR-101/RJ;Norte;Saida de Pista;1;;;;;;;;;;5;;;;
30/12/2012;23:19:00;237;sem vítima;317,344;BR-101/RJ;Norte;Colisão Traseira;1;;;;;1;;;;;4;;;;
02/01/2013;06:50:00;50;sem vítima;317,56;BR-101/RJ;Sul;Colisão Traseira;3;;;;;;;;;;10;;;;
04/01/2013;12:01:00;101;sem vítima;317;BR-101/RJ;Sul;Colisão Traseira;2;;;;;;;;;;3;;;;
29/01/2013;21:00:00;161;com vítima;317;BR-101/RJ;Norte;Engavetamento;7;;;;;;;;;;12;;1;;
29/01/2013;21:45:00;169;sem vítima;317;BR-101/RJ;Norte;Colisão Traseira;2;;;;;;;;;;5;;;;
30/01/2013;07:34:00;39;sem vítima;317,4;BR-101/RJ;Sul;Colisão Lateral;2;;;;;;;;;;3;;;;
05/02/2013;07:24:00;32;sem vítima;317,85;BR-101/RJ;Sul;Colisão Traseira;1;;1;;;;;;;;2;;;;
01/03/2013;18:15:00;144;sem vítima;317;BR-101/RJ;Sul;Colisão Traseira;2;;;;;;;;;;2;;;;
04/03/2013;07:21:00;45;sem vítima;317;BR-101/RJ;Sul;Colisão Traseira;2;;;;;;;;;;2;;;;
12/03/2013;19:56:00;168;sem vítima;317;BR-101/RJ;Norte;Saida de Pista;1;;;;;;;;;;1;;;;
19/03/2013;06:15:00;20;sem vítima;317;BR-101/RJ;Sul;Colisão Traseira;2;;;;;;;;;;2;;;;
23/03/2013;23:33:00;218;sem vítima;317,65;BR-101/RJ;Norte;Saida de Pista;1;;;;;;;;;;1;;;;
04/04/2013;04:25:00;18;sem vítima;317,33;BR-101/RJ;Norte;Capotamento;1;;;;;;;;;;2;;;;
08/04/2013;05:44:00;31;com vítima;317,37;BR-101/RJ;Sul;Colisão Traseira;2;;;;;;;;;;2;;3;;
22/04/2013;07:44:00;34;com vítima;317;BR-101/RJ;Sul;Colisão Lateral;1;;;1;;;;;;;2;1;;;
24/04/2013;06:45:00;36;com vítima;317;BR-101/RJ;Sul;Colisão Lateral;;;;1;;1;;;;;1;2;;;
25/04/2013;07:06:00;29;sem vítima;317,9;BR-101/RJ;Sul;Colisão Traseira;1;;;;1;;;;;;2;;;;
30/04/2013;18:20:00;148;sem vítima;317;BR-101/RJ;Norte;Colisão Traseira;2;;;;;;;;;;2;;;;
01/05/2013;10:32:00;49;sem vítima;317,9;BR-101/RJ;Norte;Saida de Pista;1;;;;;;;;;;5;;;;
10/05/2013;19:57:00;161;sem vítima;317;BR-101/RJ;Sul;Colisão Traseira;2;;;;;;;;;;2;;;;
16/05/2013;18:10:00;129;sem vítima;317;BR-101/RJ;Norte;Saida de Pista;1;;;;;;;;;;1;;;;
17/05/2013;16:13:00;130;sem vítima;317;BR-101/RJ;Norte;Saida de Pista;1;;;;;;;;;;2;;;;
17/05/2013;20:48:00;185;sem vítima;317;BR-101/RJ;Sul;Saida de Pista;1;;;;;;;;;;3;;;;
20/05/2013;17:44:00;135;sem vítima;317;BR-101/RJ;Norte;Colisão Traseira;1;;;;;1;;;;;3;;;;
22/05/2013;18:11:00;141;com vítima;317,23;BR-101/RJ;Norte;Colisão Traseira;2;;;;;;;;;;1;1;3;;
22/05/2013;08:32:00;47;sem vítima;317,463;BR-101/RJ;Sul;Queda de Moto;1;;;1;;;;;;;3;;;;
09/06/2013;19:06:00;124;sem vítima;317,745;BR-101/RJ;Sul;Engavetamento;3;;;;;;;;;;8;;;;
11/06/2013;06:48:00;31;com vítima;317,8;BR-101/RJ;Sul;Colisão Traseira;1;;;1;;;;;;;5;;1;;
14/06/2013;06:44:00;20;com vítima;317,167;BR-101/RJ;Sul;Colisão Traseira;;;;2;1;;;;;;1;1;1;;
14/06/2013;14:38:00;102;com vítima;317,724;BR-101/RJ;Norte;Saida de Pista;1;;;;;;;;;;0;1;;;
22/06/2013;16:33:00;128;sem vítima;317;BR-101/RJ;Norte;Colisão Traseira;2;;;;;;;;;;5;;;;
22/06/2013;01:47:00;11;com vítima;317,429;BR-101/RJ;Norte;Capotamento;1;;;;;;;;;;0;;1;;
04/07/2013;17:48:00;133;sem vítima;317,192;BR-101/RJ;Norte;Engavetamento;3;;;;;;;;;;6;;;;
01/08/2013;18:21:00;141;sem vítima;317;BR-101/RJ;Norte;Engavetamento;3;;;;;;;;;;6;;;;
02/08/2013;19:26:00;175;com vítima;317,01;BR-101/RJ;Norte;Saida de Pista;;;;;;;;;;1;0;3;;;
05/08/2013;06:22:00;30;sem vítima;317;BR-101/RJ;Sul;Colisão Lateral;1;;;;1;;;;;;2;;;;
09/08/2013;08:19:00;34;com vítima;317;BR-101/RJ;Sul;Colisão Lateral;1;;;1;;;;;;;1;2;;;
21/08/2013;14:20:00;120;com vítima;317,533;BR-101/RJ;Sul;Queda de Moto;;;;1;;;;;;;1;1;;;
24/08/2013;15:01:00;137;com vítima;317;BR-101/RJ;Sul;Capotamento;1;;;;;;;;;;0;1;;;
29/08/2013;12:35:00;100;com vítima;317,6;BR-101/RJ;Norte;Saida de Pista;;;1;;;;;;;;0;;;;1
30/08/2013;07:50:00;29;sem vítima;317;BR-101/RJ;Sul;Colisão Traseira;1;;;;1;;;;;;2;;;;
12/09/2013;21:47:00;189;sem vítima;317,86;BR-101/RJ;Norte;Saida de Pista;1;;;;;1;;;;;2;;;;
13/09/2013;11:38:00;100;sem vítima;317,63;BR-101/RJ;Norte;Colisão Traseira;2;;;;;;;;;;4;;;;
14/09/2013;13:06:00;111;sem vítima;317,85;BR-101/RJ;Norte;Colisão Traseira;2;;;;;;;;;;5;;;;
28/09/2013;12:19:00;95;sem vítima;317,738;BR-101/RJ;Norte;Colisão Lateral;;;1;;1;;;;;;5;;;;
03/10/2013;08:29:00;36;com vítima;317,8;BR-101/RJ;Sul;Colisão Lateral;1;;;1;;;;;;;1;1;;;
07/10/2013;22:09:00;165;sem vítima;317;BR-101/RJ;Norte;Colisão Lateral;2;;;;;;;;;;3;;;;
10/10/2013;16:59:00;129;sem vítima;317;BR-101/RJ;Sul;Colisão Traseira;1;;;;;;;;;1;3;;;;
10/10/2013;17:22:00;136;sem vítima;317,585;BR-101/RJ;Sul;Colisão Lateral;1;;;;;;;;;1;2;;;;
18/10/2013;17:22:00;128;sem vítima;317,192;BR-101/RJ;Norte;Colisão Traseira;1;;;;;1;;;;;4;;;;
28/10/2013;18:40:00;142;sem vítima;317;BR-101/RJ;Norte;Engavetamento;3;;;;;;;;;;3;;;;
29/10/2013;16:05:00;123;sem vítima;317;BR-101/RJ;Sul;Colisão Traseira;2;;;;;;;;;;3;;;;
29/10/2013;20:09:00;148;sem vítima;317;BR-101/RJ;Norte;Colisão Traseira;2;;;;;;;;;;4;;;;
29/10/2013;20:18:00;149;sem vítima;317;BR-101/RJ;Norte;Queda de Moto;;;;1;;;;;;;1;;;;
04/11/2013;06:11:00;24;com vítima;317,354;BR-101/RJ;Sul;Colisão Traseira;;;;1;;;;;;1;1;1;1;;
07/11/2013;20:53:00;179;sem vítima;317;BR-101/RJ;Norte;Colisão Lateral;1;;1;;;;;;;;2;;;;
09/11/2013;08:56:00;54;sem vítima;317,968;BR-101/RJ;Sul;Engavetamento;3;;;;;;;;;;4;;;;
19/11/2013;06:07:00;29;sem vítima;317,22;BR-101/RJ;Sul;Engavetamento;3;;;;;;;;;;3;;;;
23/11/2013;10:27:00;66;sem vítima;317,222;BR-101/RJ;Sul;Choque - Defensa, barreira ou "submarino";1;;;;;;;;;;4;;;;
23/11/2013;10:47:00;73;sem vítima;317,222;BR-101/RJ;Sul;Colisão Lateral;2;;;;;;;;;;2;;;;
27/11/2013;06:37:00;40;sem vítima;317;BR-101/RJ;Sul;Colisão Lateral;1;;;;1;;;;;;2;;;;
27/11/2013;07:22:00;46;sem vítima;317;BR-101/RJ;Sul;Colisão Lateral;1;;;1;;;;;;;3;;;;
28/11/2013;18:28:00;176;com vítima;317,9;BR-101/RJ;Sul;Atropelamento - Andarilho;1;;;1;;;;;;;2;2;;;
06/12/2013;07:58:00;43;sem vítima;317;BR-101/RJ;Sul;Colisão Traseira;2;;;;;;;;;;5;;;;
06/12/2013;09:27:00;66;sem vítima;317;BR-101/RJ;Sul;Colisão Lateral;1;;;1;;;;;;;2;;;;
09/12/2013;07:20:00;35;com vítima;317;BR-101/RJ;Sul;Colisão Traseira;1;;;1;;;;;;;1;1;;;
19/12/2013;07:44:00;37;com vítima;317,027;BR-101/RJ;Sul;Atropelamento - Outros;;;;1;;;;;;;1;1;;;
20/12/2013;07:29:00;32;com vítima;317,714;BR-101/RJ;Sul;Colisão Traseira;1;;;1;;;;;;;2;2;;;
25/12/2013;06:45:00;25;sem vítima;317;BR-101/RJ;Norte;Choque - Suporte de Sinalização;1;;;;;;;;;;1;;;;
31/12/2013;15:54:00;120;com vítima;317;BR-101/RJ;Sul;Colisão Traseira;1;;;;;1;;;;;2;2;;;
06/01/2014;11:16:00;70;com vítima;317,91;BR-101/RJ;Sul;Colisão Traseira;;;;1;;1;;;;;1;1;;;
10/01/2014;14:10:00;131;sem vítima;317;BR-101/RJ;Sul;Engavetamento;3;;;;;;;;;;10;;;;
10/01/2014;11:03:00;93;com vítima;317,5;BR-101/RJ;Sul;Colisão Lateral;2;;;1;;;;;;;5;1;;;
20/01/2014;12:00:00;82;sem vítima;317;BR-101/RJ;Sul;Colisão Traseira;2;;;;;;;;;;2;;;;
20/01/2014;10:44:00;69;sem vítima;317,8;BR-101/RJ;Sul;Engavetamento;6;;;;;;;;;1;19;;;;
27/01/2014;16:37:00;156;sem vítima;317,72;BR-101/RJ;Sul;Colisão Traseira;3;;;;;;;;;;7;;;;
09/02/2014;01:48:00;6;com vítima;317,31;BR-101/RJ;Norte;Atropelamento - Sem Informação;;;;;;1;;;;;1;;;;1
20/02/2014;06:08:00;21;com vítima;317;BR-101/RJ;Sul;Colisão Lateral;1;;;1;;;;;;;2;1;;;
20/02/2014;19:41:00;173;sem vítima;317;BR-101/RJ;Norte;Colisão Traseira;1;;1;;;;;;;;3;;;;
27/02/2014;23:02:00;259;sem vítima;317;BR-101/RJ;Norte;Saida de Pista;1;;;;;;;;;;5;;;;
28/02/2014;14:56:00;156;sem vítima;317;BR-101/RJ;Norte;Engavetamento;3;;;;;;;;;;8;;;;
01/03/2014;16:55:00;284;com vítima;317;BR-101/RJ;Norte;Atropelamento - Ambulante;;;;1;;;;;;;0;1;2;;
12/03/2014;08:15:00;57;com vítima;317;BR-101/RJ;Sul;Colisão Traseira;1;;;1;;;;;;;1;1;;;
25/03/2014;20:00:00;170;com vítima;317;BR-101/RJ;Sul;Colisão Lateral;1;;;1;;;;;;;2;;1;;
05/04/2014;13:33:00;100;sem vítima;317;BR-101/RJ;Norte;Colisão Lateral;2;;;;;;;;;;2;;;;
16/04/2014;11:59:00;75;sem vítima;317;BR-101/RJ;Sul;Colisão Traseira;2;;;;;;;;;;2;;;;
10/05/2014;09:30:00;60;sem vítima;317,905;BR-101/RJ;Sul;Engavetamento;3;;;;;;;;;;5;;;;
23/05/2014;06:55:00;33;com vítima;317;BR-101/RJ;Sul;Colisão Lateral;1;;;1;;;;;;;3;1;;;
28/05/2014;17:58:00;137;sem vítima;317,145;BR-101/RJ;Norte;Engavetamento;3;;;;;;;;;;4;;;;
29/05/2014;17:15:00;155;sem vítima;317;BR-101/RJ;Norte;Colisão Lateral;1;;;2;;;;;;;4;;;;
18/06/2014;17:28:00;133;com vítima;317,188;BR-101/RJ;Norte;Colisão Traseira;2;;;;;;;;;;2;1;;;
27/06/2014;07:06:00;28;sem vítima;317;BR-101/RJ;Sul;Engavetamento;1;;;1;;1;;;;;3;;;;
30/06/2014;14:01:00;108;com vítima;317,205;BR-101/RJ;Norte;Queda de Moto;;;;1;;;;;;;0;1;1;;
01/07/2014;08:28:00;54;com vítima;317;BR-101/RJ;Sul;Colisão Lateral;1;;;1;;;;;;;1;1;1;;
05/07/2014;11:01:00;66;sem vítima;317;BR-101/RJ;Sul;Colisão Traseira;1;;;;;;;;;1;2;;;;
06/07/2014;23:10:00;163;com vítima;317;BR-101/RJ;Norte;Queda de Moto;;;;1;;;;;;;0;2;;;
14/07/2014;19:47:00;149;sem vítima;317,699;BR-101/RJ;Norte;Colisão Traseira;2;;;;;;;;;;3;;;;
21/07/2014;07:28:00;42;com vítima;317;BR-101/RJ;Sul;Colisão Lateral;1;;;1;;;;;;;1;1;;;
31/07/2014;07:42:00;34;com vítima;317;BR-101/RJ;Sul;Colisão Lateral;1;;;1;;;;;;;1;1;;;
31/07/2014;18:50:00;161;com vítima;317,755;BR-101/RJ;Norte;Engavetamento;3;;;;;;;;;;3;1;;;
05/08/2014;08:14:00;48;sem vítima;317;BR-101/RJ;Sul;Engavetamento;3;;;;;;;;;;7;;;;
07/08/2014;06:35:00;27;sem vítima;317;BR-101/RJ;Sul;Colisão Lateral;1;;;;;1;;;;;3;;;;
08/08/2014;07:12:00;36;sem vítima;317;BR-101/RJ;Norte;Colisão Lateral;1;;;1;;;;;;;4;;;;
12/08/2014;06:40:00;24;com vítima;317;BR-101/RJ;Sul;Colisão Traseira;1;;;1;;;;;;;1;1;1;;
14/08/2014;10:29:00;62;sem vítima;317;BR-101/RJ;Sul;Colisão Traseira;1;;2;;;;;;;;4;;;;
14/08/2014;18:32:00;122;com vítima;317;BR-101/RJ;Sul;Colisão Traseira;1;;;1;;;;;;;1;1;;;
15/08/2014;06:59:00;23;sem vítima;317;BR-101/RJ;Sul;Queda de Moto;;;;1;;;;;;;1;;;;
15/08/2014;17:22:00;129;sem vítima;317;BR-101/RJ;Sul;Colisão Traseira;2;;;;;;;;;;2;;;;