data;horario;n_da_ocorrencia;tipo_de_ocorrencia;km;trecho;sentido;tipo_de_acidente;automovel;bicicleta;caminhao;moto;onibus;outros;tracao_animal;transporte_de_cargas_especiais;trator_maquinas;utilitarios;ilesos;levemente_feridos;moderadamente_feridos;gravemente_feridos;mortos
29/05/2014;07:34:00;36;com vítima;318,757;BR-101/RJ;Sul;Colisão Lateral;1;;;1;;;;;;;3;2;;;
01/06/2014;17:46:00;117;com vítima;318;BR-101/RJ;Sul;Engavetamento;2;;;1;;;;;;;4;1;;;
02/06/2014;12:59:00;95;com vítima;318;BR-101/RJ;Norte;Colisão Lateral;;;;1;;1;;;;;1;1;;;
05/06/2014;14:24:00;119;com vítima;318;BR-101/RJ;Sul;Colisão Lateral;;;;1;;1;;;;;1;1;;;
05/06/2014;12:37:00;96;com vítima;318,05;BR-101/RJ;Norte;Colisão Lateral;;;;1;;1;;;;;1;1;;;
12/06/2014;08:51:00;64;com vítima;318;BR-101/RJ;Sul;Queda de Moto;;;;1;;;;;;;0;1;1;;
19/06/2014;20:09:00;104;com vítima;318;BR-101/RJ;Norte;Colisão Traseira;1;;;;1;;;;;;2;1;;;
20/07/2014;16:42:00;116;com vítima;318;BR-101/RJ;Sul;Engavetamento;3;;;;;;;;;;7;1;;;
22/07/2014;08:11:00;38;com vítima;318;BR-101/RJ;Sul;Colisão Lateral;1;;;1;;;;;;;2;1;;;
24/07/2014;19:00:00;162;sem vítima;318,32;BR-101/RJ;Sul;Colisão Traseira;1;;;;1;;;;;;2;;;;
25/07/2014;06:18:00;24;sem vítima;318,701;BR-101/RJ;Sul;Colisão Traseira;1;;;;;1;;;;;2;;;;
29/07/2014;07:28:00;28;sem vítima;318;BR-101/RJ;Sul;Colisão Traseira;2;;;;;;;;;;7;;;;
29/07/2014;07:41:00;36;sem vítima;318;BR-101/RJ;Sul;Colisão Traseira;1;;1;;;;;;;;2;;;;
07/08/2014;18:49:00;143;com vítima;318,9;BR-101/RJ;Norte;Colisão Lateral;1;;;1;;;;;;;2;2;;;
08/08/2014;07:08:00;35;sem vítima;318;BR-101/RJ;Norte;Colisão Traseira;1;;;;1;;;;;;2;;;;
12/08/2014;08:09:00;45;com vítima;318;BR-101/RJ;Sul;Colisão Lateral;1;;;1;;;;;;;5;1;;;
14/08/2014;06:03:00;14;com vítima;318;BR-101/RJ;Sul;Colisão Lateral;1;;;1;;;;;;;2;1;;;
14/08/2014;08:09:00;27;sem vítima;318;BR-101/RJ;Sul;Colisão Traseira;2;;;;;;;;;;3;;;;
21/08/2014;08:59:00;58;com vítima;318;BR-101/RJ;Norte;Colisão Frontal;;;;2;;;;;;;1;1;;;
21/08/2014;18:46:00;159;com vítima;318,98;BR-101/RJ;Norte;Colisão Lateral;1;;;1;;;;;;;1;1;1;;
22/08/2014;12:03:00;82;sem vítima;318;BR-101/RJ;Norte;Choque - Defensa, barreira ou "submarino";2;;;;;;;;;;2;;;;
24/08/2014;06:10:00;29;sem vítima;318,321;BR-101/RJ;Norte;Colisão Frontal;2;;;;;;;;;;2;;;;
25/08/2014;07:20:00;46;com vítima;318;BR-101/RJ;Sul;Colisão Lateral;1;;;1;;;;;;;3;1;;;
29/08/2014;23:28:00;194;sem vítima;318;BR-101/RJ;Sul;Choque - Defensa, barreira ou "submarino";1;;;;;;;;;;1;;;;
29/08/2014;20:44:00;175;sem vítima;318,45;BR-101/RJ;Norte;Colisão Traseira;2;;;;;;;;;;2;;;;
02/09/2014;09:45:00;66;sem vítima;318;BR-101/RJ;Sul;Engavetamento;2;;;;;1;;;;;3;;;;
06/09/2014;21:04:00;163;com vítima;318,651;BR-101/RJ;Norte;Atropelamento - Ciclista;;1;;;;1;;;;;1;;1;;
14/09/2014;21:44:00;185;sem vítima;318,3;BR-101/RJ;Sul;Colisão Traseira;1;;;;;;;;;;1;;;;
15/09/2014;08:14:00;48;sem vítima;318;BR-101/RJ;Sul;Colisão Traseira;2;;;;;;;;;;2;;;;
17/09/2014;06:57:00;21;sem vítima;318;BR-101/RJ;Sul;Engavetamento;2;;;;;1;;;;;3;;;;
22/09/2014;15:09:00;105;com vítima;318,1;BR-101/RJ;Sul;Tombamento;;;1;;;;;;;;0;1;;;
24/09/2014;06:17:00;14;sem vítima;318;BR-101/RJ;Norte;Colisão Traseira;1;;1;;;;;;;;2;;;;
03/10/2014;06:54:00;27;sem vítima;318;BR-101/RJ;Sul;Colisão Traseira;1;;;;;;;;;1;2;;;;
04/10/2014;01:28:00;8;sem vítima;318;BR-101/RJ;Norte;Colisão Lateral;1;;1;;;;;;;;3;;;;
06/10/2014;07:30:00;49;com vítima;318;BR-101/RJ;Sul;Colisão Traseira;;;;2;;1;;;;;1;2;;;
16/10/2014;06:49:00;36;com vítima;318;BR-101/RJ;Sul;Outros - Sequência;1;;;2;;;;;;;1;2;;;
17/10/2014;15:54:00;136;sem vítima;318;BR-101/RJ;Sul;Colisão Lateral;1;;;1;;;;;;;2;;;;
24/10/2014;15:03:00;102;com vítima;318;BR-101/RJ;Norte;Colisão Lateral;1;;;1;;;;;;;3;1;;;
25/10/2014;13:42:00;89;sem vítima;318;BR-101/RJ;Norte;Colisão Frontal;1;;1;;;;;;;;4;;;;
27/10/2014;06:12:00;27;sem vítima;318;BR-101/RJ;Sul;Colisão Traseira;1;;;;;1;;;;;2;;;;
28/10/2014;11:17:00;64;sem vítima;318;BR-101/RJ;Norte;Colisão Traseira;2;;;;;;;;;;5;;;;
19/11/2014;13:13:00;93;sem vítima;318;BR-101/RJ;Sul;Colisão Traseira;2;;;;;;;;;;3;;;;
24/11/2014;07:41:00;46;com vítima;318;BR-101/RJ;Norte;Capotamento;;;;;;;;;;1;0;;4;;
02/12/2014;09:02:00;65;com vítima;318;BR-101/RJ;Sul;Colisão Lateral;1;;;1;;;;;;;1;1;1;;
04/12/2014;12:38:00;98;com vítima;318;BR-101/RJ;Norte;Colisão Lateral;1;;;1;;;;;;;3;;1;;
13/12/2014;19:43:00;186;sem vítima;318;BR-101/RJ;Sul;Colisão Traseira;2;;;;;;;;;;2;;;;
06/01/2015;08:11:00;24;sem vítima;318;BR-101/RJ;Sul;Engavetamento;4;;;;;;;;;;6;;;;
07/01/2015;18:03:00;136;com vítima;318,8;BR-101/RJ;Sul;Colisão Traseira;1;;;;;;;;;1;1;1;;;
13/01/2015;23:03:00;179;com vítima;318;BR-101/RJ;Norte;Colisão Frontal;1;;;1;;;;;;;3;1;;;
14/01/2015;19:07:00;135;com vítima;318,647;BR-101/RJ;Norte;Colisão Lateral;1;;;1;;;;;;;4;;2;;
21/01/2015;05:54:00;14;com vítima;318;BR-101/RJ;Sul;Colisão Lateral;1;;;1;;;;;;;1;1;;;
21/01/2015;18:22:00;177;sem vítima;318;BR-101/RJ;Sul;Engavetamento;3;;;;;;;;;;10;;;;
24/01/2015;14:50:00;91;sem vítima;318;BR-101/RJ;Norte;Colisão Traseira;2;;;;;;;;;;2;;;;
02/02/2015;15:55:00;126;sem vítima;318;BR-101/RJ;Sul;Engavetamento;4;;;;;;;;;;4;0;0;0;0
09/02/2015;08:20:00;50;sem vítima;318;BR-101/RJ;Sul;Colisão Traseira;2;;;;;;;;;;2;0;0;0;0
11/02/2015;08:16:00;44;com vítima;318;BR-101/RJ;Norte;Colisão Traseira;;;;;2;;;;;;3;1;0;0;0
11/02/2015;17:58:00;169;sem vítima;318;BR-101/RJ;Norte;Engavetamento;3;;;;;;;;;;5;0;0;0;0
12/02/2015;15:37:00;146;sem vítima;318;BR-101/RJ;Sul;Choque - Defensa, barreira ou "submarino";1;;;;;;;;;;1;0;0;0;0
26/02/2015;07:42:00;39;sem vítima;318;BR-101/RJ;Sul;Colisão Traseira;1;;;;1;;;;;;2;;;;
10/03/2015;07:55:00;39;com vítima;318;BR-101/RJ;Sul;Colisão Lateral;1;;;1;;;;;;;6;1;0;0;0
24/03/2015;06:42:00;21;com vítima;318;BR-101/RJ;Sul;Colisão Lateral;1;;;1;;;;;;;1;1;0;0;0
25/03/2015;12:48:00;93;com vítima;318;BR-101/RJ;Sul;Choque - Suporte de Sinalização;;;;1;;;;;;;0;1;0;0;0
01/04/2015;21:55:00;196;sem vítima;318;BR-101/RJ;Norte;Colisão Traseira;2;;;;;;;;;;4;;;;
08/04/2015;01:40:00;10;sem vítima;318;BR-101/RJ;Norte;Atropelamento de Animal;1;;;;;;;;;;4;;;;
12/04/2015;05:03:00;26;com vítima;318,613;BR-101/RJ;Sul;Queda de Moto;;;;1;;;;;;;0;1;1;;
15/04/2015;18:35:00;168;com vítima;318;BR-101/RJ;Norte;Colisão Lateral;1;;;1;;;;;;;1;;2;;
16/04/2015;19:10:00;186;com vítima;318;BR-101/RJ;Norte;Engavetamento;3;;;;;;;;;;5;1;;;
17/04/2015;10:28:00;68;sem vítima;318;BR-101/RJ;Sul;Colisão Traseira;2;;;;;;;;;;2;;;;
18/04/2015;07:09:00;25;sem vítima;318;BR-101/RJ;Sul;Choque - Defensa, barreira ou "submarino";1;;;;;;;;;;2;;;;
26/04/2015;11:22:00;55;com vítima;318;BR-101/RJ;Norte;Colisão Frontal;2;;;;;;;;;;3;1;;;
30/04/2015;16:16:00;152;com vítima;318;BR-101/RJ;Norte;Queda de Moto;;;;1;;;;;;;0;2;;;
30/04/2015;19:01:00;190;sem vítima;318;BR-101/RJ;Sul;Engavetamento;3;;;;;;;;;;8;;;;
02/05/2015;10:22:00;52;sem vítima;318,927;BR-101/RJ;Norte;Colisão Traseira;2;;;;;;;;;;2;;;;
07/05/2015;15:18:00;141;com vítima;318,7;BR-101/RJ;Sul;Colisão Lateral;1;;;1;;;;;;;1;1;;;
16/05/2015;12:33:00;106;sem vítima;318;BR-101/RJ;Sul;Colisão Traseira;1;;;;;1;;;;;5;;;;
18/05/2015;20:46:00;205;sem vítima;318;BR-101/RJ;Sul;Colisão Traseira;2;;;;;;;;;;4;;;;
21/05/2015;06:52:00;35;sem vítima;318,255;BR-101/RJ;Sul;Colisão Lateral;;;;;1;;;;;1;2;;;;
26/05/2015;08:03:00;55;com vítima;318,255;BR-101/RJ;Sul;Colisão Traseira;1;;;2;;;;;;;2;;1;;
31/05/2015;07:53:00;35;com vítima;318,214;BR-101/RJ;Sul;Queda de Moto;;;;1;;;;;;;0;2;;;
02/06/2015;13:57:00;120;com vítima;318;BR-101/RJ;Sul;Queda de Moto;;;;1;;;;;;;0;1;;;
03/06/2015;08:00:00;49;sem vítima;318,174;BR-101/RJ;Norte;Engavetamento;4;;;;;;;;;;8;;;;
10/06/2015;06:43:00;29;sem vítima;318,319;BR-101/RJ;Sul;Engavetamento;1;;;;1;;;;;1;3;;;;
10/06/2015;07:55:00;51;com vítima;318,372;BR-101/RJ;Sul;Colisão Lateral;1;;;1;;;;;;;1;1;1;;
11/06/2015;12:40:00;105;sem vítima;318;BR-101/RJ;Sul;Colisão Traseira;2;;;;;;;;;;3;;;;
13/06/2015;09:28:00;82;sem vítima;318;BR-101/RJ;Sul;Colisão Lateral;2;;;;;;;;;;3;;;;
20/06/2015;18:08:00;143;sem vítima;318;BR-101/RJ;Sul;Choque - Defensa, barreira ou "submarino";1;;;;;;;;;;1;;;;
22/06/2015;09:48:00;82;sem vítima;318;BR-101/RJ;Sul;Engavetamento;2;;;;;3;;;;;5;;;;
22/06/2015;18:14:00;172;com vítima;318;BR-101/RJ;Sul;Atropelamento - Andarilho;1;;;;;;;;;;1;;;1;
26/06/2015;20:46:00;202;sem vítima;318;BR-101/RJ;Norte;Choque - Defensa, barreira ou "submarino";;;1;;;;;;;;1;;;;
27/06/2015;15:06:00;122;com vítima;318;BR-101/RJ;Sul;Colisão Transversal;2;;;;;;;;;;4;1;;;
06/07/2015;13:34:00;123;sem vítima;318;BR-101/RJ;Sul;Colisão Traseira;;;1;;1;;;;;;3;;;;
07/07/2015;17:00:00;177;com vítima;318;BR-101/RJ;Sul;Colisão Traseira;2;;;;;;;;;;2;2;;;
10/07/2015;20:48:00;214;sem vítima;318;BR-101/RJ;Norte;Colisão Traseira;2;;;;;;;;;;4;;;;
11/07/2015;14:50:00;127;com vítima;318,398;BR-101/RJ;Norte;Capotamento;1;;;;;;;;;;0;1;1;;
14/07/2015;20:23:00;200;com vítima;318;BR-101/RJ;Norte;Engavetamento;3;;;;;;;;;;3;1;;;
22/07/2015;06:45:00;23;com vítima;318;BR-101/RJ;Sul;Colisão Lateral;1;;;1;;;;;;;1;1;;;
24/07/2015;14:48:00;129;com vítima;318,52;BR-101/RJ;Norte;Engavetamento;6;;;;;;;;;;14;;1;;
19/08/2015;07:28:00;48;sem vítima;318,084;BR-101/RJ;Sul;Engavetamento;4;;;;;;;;;;8;;;;
22/08/2015;17:25:00;141;sem vítima;318;BR-101/RJ;Norte;Queda de Moto;;;;1;;;;;;;1;;;;
01/09/2015;07:57:00;56;sem vítima;318,603;BR-101/RJ;Sul;Colisão Traseira;1;;;1;;;;;;;2;;;;
14/09/2015;08:49:00;73;sem vítima;318;BR-101/RJ;Norte;Engavetamento;3;;;;;;;;;;3;;;;
14/09/2015;17:03:00;192;sem vítima;318;BR-101/RJ;Norte;Colisão Lateral;1;;;;1;;;;;;2;;;;
17/09/2015;19:01:00;219;com vítima;318,587;BR-101/RJ;Norte;Colisão Traseira;1;;;2;;;;;;;1;3;;;
19/09/2015;13:45:00;122;sem vítima;318,35;BR-101/RJ;Sul;Choque - Defensa, barreira ou "submarino";1;;;;;;;;;;1;;;;
27/09/2015;01:27:00;9;sem vítima;318;BR-101/RJ;Sul;Choque - Defensa, barreira ou "submarino";1;;;;;;;;;;1;;;;
03/10/2015;18:31:00;166;sem vítima;318;BR-101/RJ;Norte;Colisão Frontal;2;;;;;;;;;;2;;;;
13/10/2015;17:00:00;182;sem vítima;318;BR-101/RJ;Sul;Colisão Traseira;2;;;;;;;;;;2;;;;
23/10/2015;15:49:00;127;sem vítima;318;BR-101/RJ;Norte;Colisão Lateral;1;;;;1;;;;;;3;;;;
23/10/2015;20:53:00;183;com vítima;318,023;BR-101/RJ;Norte;Choque - Defensa, barreira ou "submarino";2;;;;;;;;;;2;2;;;
28/10/2015;10:25:00;83;sem vítima;318,298;BR-101/RJ;Sul;Choque - Suporte de Sinalização;1;;;;;;;;;;3;;;;
29/10/2015;07:00:00;37;sem vítima;318,051;BR-101/RJ;Sul;Colisão Traseira;1;;;;1;;;;;;22;;;;
10/11/2015;06:46:00;30;com vítima;318,333;BR-101/RJ;Sul;Colisão Lateral;;;;1;;;;;;;0;1;;;
12/11/2015;06:15:00;23;sem vítima;318;BR-101/RJ;Norte;Colisão Lateral;2;;;;;;;;;;2;;;;
13/11/2015;06:59:00;34;com vítima;318,21;BR-101/RJ;Sul;Colisão Traseira;1;;;1;;;;;;;2;1;;;
16/11/2015;07:26:00;48;com vítima;318;BR-101/RJ;Sul;Colisão Lateral;2;;;1;;;;;;;4;1;;;
01/12/2015;17:13:00;181;sem vítima;318;BR-101/RJ;Norte;Colisão Traseira;2;;;;;;;;;;2;;;;
02/12/2015;17:48:00;176;sem vítima;318;BR-101/RJ;Sul;Colisão Lateral;2;;;;;;;;;;2;;;;
15/12/2015;23:04:00;283;com vítima;318;BR-101/RJ;Norte;Queda de Moto;;;;1;;;;;;;0;1;;;
23/12/2015;12:49:00;135;com vítima;318,11;BR-101/RJ;Norte;Colisão Frontal;2;;;;;;;;;;4;1;;;
09/01/2010;14:04:00;124;sem vítima;319;BR-101/RJ;Norte;Colisão Lateral;1;;;;1;;;;;;2;;;;
11/01/2010;07:40:00;31;sem vítima;319;BR-101/RJ;Sul;Colisão Traseira;2;;;;;;;;;;3;;;;
15/01/2010;07:45:00;39;sem vítima;319;BR-101/RJ;Sul;Colisão Traseira;1;;;;;1;;;;;2;;;;
24/01/2010;05:23:00;23;sem vítima;319;BR-101/RJ;Norte;Capotamento;1;;;;;;;;;;3;;;;
25/01/2010;06:56:00;38;sem vítima;319;BR-101/RJ;Sul;Colisão Traseira;;;;;1;;;;;1;2;;;;
04/02/2010;06:58:00;28;sem vítima;319;BR-101/RJ;Sul;Colisão Traseira;1;;;1;;;;;;;2;;;;
09/02/2010;07:43:00;43;sem vítima;319;BR-101/RJ;Sul;Colisão Lateral;;;;;1;1;;;;;2;;;;
14/02/2010;14:37:00;161;sem vítima;319;BR-101/RJ;Norte;Colisão Lateral;1;;1;;;;;;;;2;;;;
24/02/2010;13:06:00;104;sem vítima;319;BR-101/RJ;Sul;Colisão Lateral;1;;1;;;;;;;;2;;;;
25/02/2010;11:15:00;69;sem vítima;319;BR-101/RJ;Sul;Colisão Traseira;1;;;;1;;;;;1;3;;;;
05/03/2010;16:21:00;136;sem vítima;319;BR-101/RJ;Norte;Colisão Traseira;4;;;;;;;;;;8;;;;
11/03/2010;06:34:00;34;sem vítima;319;BR-101/RJ;Sul;Colisão Traseira;1;;;;;1;;;;;2;;;;
15/03/2010;07:43:00;45;com vítima;319;BR-101/RJ;Sul;Colisão Lateral;1;;;1;;;;;;;1;;1;;
17/03/2010;20:29:00;168;sem vítima;319;BR-101/RJ;Sul;Colisão Traseira;1;;;;1;;;;;;5;;;;
20/03/2010;12:02:00;95;sem vítima;319;BR-101/RJ;Norte;Saida de Pista;1;;;;;;;;;;1;;;;
21/03/2010;19:40:00;129;sem vítima;319;BR-101/RJ;Sul;Engavetamento;3;;;;;;;;;;9;;;;
29/03/2010;16:34:00;131;sem vítima;319;BR-101/RJ;Norte;Colisão Traseira;2;;;;;;;;;;2;;;;
30/03/2010;06:42:00;52;com vítima;319;BR-101/RJ;Sul;Atropelamento - Usuário;;;;1;;;;;;;2;;1;;
01/04/2010;07:22:00;50;com vítima;319;BR-101/RJ;Sul;Colisão Lateral;1;;;1;;;;;;;1;1;;;
04/04/2010;10:16:00;45;sem vítima;319;BR-101/RJ;Sul;Colisão Lateral;2;;;;;;;;;;12;;;;
08/04/2010;11:03:00;79;sem vítima;319;BR-101/RJ;Norte;Colisão Traseira;3;;;;;;;;;;6;;;;
12/04/2010;06:58:00;30;com vítima;319;BR-101/RJ;Norte;Atropelamento - Usuário;;;;;;1;;;;;1;;1;;
16/04/2010;09:20:00;51;sem vítima;319;BR-101/RJ;Sul;Colisão Traseira;2;;;;;;;;;;4;;;;
16/04/2010;18:05:00;140;com vítima;319;BR-101/RJ;Norte;Queda de Moto;;;;1;;;;;;;0;2;;;
17/04/2010;18:20:00;153;sem vítima;319;BR-101/RJ;Norte;Colisão Traseira;2;;;;;;;;;;3;;;;
27/04/2010;07:54:00;35;sem vítima;319;BR-101/RJ;Sul;Colisão Traseira;;;;1;;;;;;;1;;;;
28/04/2010;08:48:00;63;com vítima;319;BR-101/RJ;Sul;Atropelamento - Usuário;;;;1;;;;;;;0;1;1;;
29/04/2010;17:40:00;145;sem vítima;319;BR-101/RJ;Sul;Engavetamento;3;;;;;;;;;;4;;;;
29/04/2010;18:39:00;155;sem vítima;319;BR-101/RJ;Sul;Colisão Traseira;2;;;;;;;;;;2;;;;
03/05/2010;11:03:00;75;com vítima;319;BR-101/RJ;Sul;Saida de Pista;1;;;;;;;;;;0;1;;;
05/05/2010;19:42:00;156;com vítima;319;BR-101/RJ;Norte;Atropelamento - Andarilho;1;;;;;;;;;;2;;;;1
06/05/2010;17:55:00;122;sem vítima;319;BR-101/RJ;Sul;Engavetamento;4;;;;;1;;;;;5;;;;
07/05/2010;13:41:00;141;sem vítima;319;BR-101/RJ;Sul;Colisão Traseira;4;;;;;;;;;;5;;;;
08/05/2010;17:49:00;155;sem vítima;319;BR-101/RJ;Norte;Colisão Traseira;2;;;;;;;;;;6;;;;
10/05/2010;18:46:00;172;sem vítima;319;BR-101/RJ;Sul;Saida de Pista;1;;;;;;;;;;4;;;;
13/05/2010;11:45:00;70;com vítima;319;BR-101/RJ;Sul;Saida de Pista;1;;;;;;;;;;0;;;;1
13/05/2010;18:34:00;126;sem vítima;319;BR-101/RJ;Sul;Colisão Lateral;1;;;;1;;;;;;2;;;;
17/05/2010;08:10:00;46;com vítima;319;BR-101/RJ;Sul;Colisão Lateral;1;;;1;;;;;;;1;;1;;
17/05/2010;18:13:00;127;sem vítima;319;BR-101/RJ;Norte;Colisão Traseira;2;;;;;;;;;;3;;;;
21/05/2010;18:47:00;134;sem vítima;319;BR-101/RJ;Norte;Colisão Traseira;2;;;;;;;;;;3;;;;
27/05/2010;07:46:00;33;sem vítima;319;BR-101/RJ;Sul;Colisão Traseira;1;;;1;;;;;;;2;;;;
09/06/2010;11:52:00;90;sem vítima;319;BR-101/RJ;Norte;Colisão Traseira;;;;;2;;;;;;2;;;;
10/06/2010;10:37:00;81;com vítima;319;BR-101/RJ;Norte;Atropelamento - Ciclista;;1;;;;1;;;;;1;;2;;
11/06/2010;20:37:00;159;sem vítima;319;BR-101/RJ;Norte;Colisão Traseira;2;;;;;;;;;;3;;;;
15/06/2010;06:59:00;25;sem vítima;319;BR-101/RJ;Norte;Colisão Lateral;2;;;;;;;;;;2;;;;
17/06/2010;16:01:00;123;sem vítima;319;BR-101/RJ;Norte;Colisão Lateral;1;;;1;;;;;;;2;;;;
01/07/2010;07:48:00;35;com vítima;319;BR-101/RJ;Sul;Atropelamento - Andarilho;1;;;1;;;;;;;2;;1;;
01/07/2010;20:02:00;138;sem vítima;319;BR-101/RJ;Sul;Colisão Traseira;;;;;1;;;;;1;10;;;;
04/07/2010;18:15:00;130;com vítima;319;BR-101/RJ;Sul;Colisão Lateral;1;;;1;;;;;;;3;;2;;
05/07/2010;18:45:00;159;sem vítima;319;BR-101/RJ;Sul;Colisão Traseira;1;;;;;;;;;1;3;;;;
05/07/2010;23:11:00;184;sem vítima;319;BR-101/RJ;Norte;Colisão Lateral;2;;;;;;;;;;2;;;;
09/07/2010;07:09:00;31;com vítima;319;BR-101/RJ;Sul;Atropelamento - Andarilho;;;;1;;;;;;;2;1;;;
10/07/2010;03:23:00;17;com vítima;319;BR-101/RJ;Sul;Capotamento;1;;;;;;;;;;0;2;;;
12/07/2010;09:07:00;64;sem vítima;319;BR-101/RJ;Sul;Engavetamento;3;;;;;;;;;1;6;;;;
14/07/2010;12:17:00;72;sem vítima;319;BR-101/RJ;Norte;Colisão Lateral;1;;1;;;;;;;;3;;;;
15/07/2010;09:23:00;53;com vítima;319;BR-101/RJ;Sul;Colisão Traseira;4;;;;;;;;;;4;;3;;
19/07/2010;13:31:00;104;sem vítima;319;BR-101/RJ;Norte;Queda de Moto;;;;1;;1;;;;;2;;;;
23/07/2010;18:49:00;164;sem vítima;319;BR-101/RJ;Norte;Colisão Traseira;1;;;;;;;;;1;4;;;;
23/07/2010;19:27:00;178;sem vítima;319;BR-101/RJ;Norte;Colisão Traseira;2;;;;;1;;;;;3;;;;
23/07/2010;23:33:00;219;sem vítima;319;BR-101/RJ;Norte;Colisão Lateral;1;;1;;;;;;;;6;;;;
26/07/2010;08:06:00;48;sem vítima;319;BR-101/RJ;Sul;Colisão Traseira;2;;;;;;;;;;5;;;;
26/07/2010;18:56:00;189;sem vítima;319;BR-101/RJ;Norte;Colisão Traseira;3;;;;;;;;;;7;;;;
27/07/2010;04:36:00;23;com vítima;319;BR-101/RJ;Sul;Choque - Poste;1;;;;;;;;;;0;;;1;1
29/07/2010;07:03:00;37;com vítima;319;BR-101/RJ;Sul;Atropelamento - Usuário;;;;1;;;;;;;0;3;1;;
30/07/2010;08:05:00;42;com vítima;319;BR-101/RJ;Sul;Engavetamento;3;;;;;;;;;;11;1;;;
30/07/2010;22:30:00;224;sem vítima;319;BR-101/RJ;Norte;Colisão Traseira;1;;;;;1;;;;;4;;;;
03/08/2010;08:08:00;46;sem vítima;319;BR-101/RJ;Sul;Colisão Lateral;2;;;;1;;;;;;4;;;;
05/08/2010;04:48:00;19;sem vítima;319;BR-101/RJ;Sul;Atropelamento de Animal;1;;;;;;;;;;1;;;;
05/08/2010;18:45:00;175;sem vítima;319;BR-101/RJ;Norte;Engavetamento;2;;1;;;;;;;;5;;;;
06/08/2010;23:09:00;194;sem vítima;319;BR-101/RJ;Norte;Colisão Traseira;2;;;;;;;;;;5;;;;
06/08/2010;23:15:00;200;sem vítima;319;BR-101/RJ;Norte;Colisão Traseira;2;;;;;;;;;;5;;;;
18/08/2010;08:55:00;43;sem vítima;319;BR-101/RJ;Sul;Colisão Traseira;2;;;;;;;;;;2;;;;
20/08/2010;21:23:00;186;sem vítima;319;BR-101/RJ;Norte;Saida de Pista;1;;;;;;;;;;1;;;;
24/08/2010;07:19:00;35;com vítima;319,5;BR-101/RJ;Sul;Atropelamento - Morador;;;;;;1;;;;;1;;2;;
02/09/2010;18:39:00;147;com vítima;319;BR-101/RJ;Norte;Queda de Moto;1;;;1;;;;;;;4;;1;;
06/09/2010;18:36:00;130;sem vítima;319;BR-101/RJ;Sul;Colisão Traseira;2;;;;;;;;;;5;;;;
06/09/2010;19:18:00;138;sem vítima;319;BR-101/RJ;Norte;Engavetamento;3;;;;;;;;;;4;;;;
09/09/2010;18:44:00;149;sem vítima;319;BR-101/RJ;Norte;Colisão Traseira;2;;;;;;;;;;2;;;;
11/09/2010;23:35:00;189;sem vítima;319;BR-101/RJ;Norte;Queda de Moto;;;;1;;;;;;;2;;;;
18/09/2010;02:03:00;19;com vítima;319;BR-101/RJ;Sul;Capotamento;1;;;;;;;;;;0;;2;1;
19/09/2010;23:05:00;165;com vítima;319;BR-101/RJ;Norte;Colisão Traseira;1;;1;;;;;;;;1;;;1;
19/09/2010;19:43:00;142;sem vítima;319,5;BR-101/RJ;Norte;Saida de Pista;1;;;;;;;;;;1;;;;
29/09/2010;18:08:00;172;sem vítima;319;BR-101/RJ;Sul;Engavetamento;4;;;;;;;;;;7;;;;
29/09/2010;20:49:00;204;sem vítima;319;BR-101/RJ;Norte;Colisão Traseira;2;;;;;;;;;;2;;;;
01/10/2010;16:08:00;157;sem vítima;319;BR-101/RJ;Norte;Engavetamento;3;;;;;;;;;1;8;;;;
06/10/2010;07:38:00;39;sem vítima;319;BR-101/RJ;Sul;Colisão Lateral;1;;;1;;;;;;;4;;;;
11/10/2010;17:16:00;110;com vítima;319;BR-101/RJ;Sul;Atropelamento - Sem Informação;1;;;1;1;;;;;;4;;1;;
17/10/2010;10:39:00;55;com vítima;319;BR-101/RJ;Norte;Capotamento;1;;;;;;;;;;0;1;;;
19/10/2010;06:26:00;27;sem vítima;319;BR-101/RJ;Sul;Engavetamento;4;;;;;;;;;;5;;;;
20/10/2010;22:35:00;173;sem vítima;319;BR-101/RJ;Norte;Saida de Pista;1;;;;;;;;;;1;;;;
20/10/2010;22:36:00;179;com vítima;319;BR-101/RJ;Norte;Colisão Traseira;2;;;;;;;;;;2;;1;;
25/10/2010;11:55:00;113;sem vítima;319;BR-101/RJ;Norte;Objeto lançado contra veículo;1;;;;;;;;;1;4;;;;
29/10/2010;09:08:00;56;com vítima;319;BR-101/RJ;Sul;Colisão Traseira;1;;;1;;1;;;;;2;1;;;
29/10/2010;09:08:00;60;sem vítima;319;BR-101/RJ;Sul;Colisão Traseira;2;;;;;;;;;;2;;;;
15/11/2010;15:08:00;109;sem vítima;319;BR-101/RJ;Norte;Colisão Transversal;1;;;;;;;;;1;2;;;;
21/11/2010;10:33:00;53;sem vítima;319;BR-101/RJ;Sul;Saida de Pista;1;;;;;1;;;;;5;;;;
24/11/2010;19:32:00;159;sem vítima;319;BR-101/RJ;Norte;Saida de Pista;1;;;;;;;;;;1;;;;
03/12/2010;10:39:00;68;com vítima;319;BR-101/RJ;Sul;Colisão Traseira;1;;;1;;;;;;;1;1;;;
03/12/2010;21:24:00;191;sem vítima;319;BR-101/RJ;Norte;Engavetamento;1;;;;;1;;;;;2;;;;
03/12/2010;21:40:00;196;sem vítima;319;BR-101/RJ;Norte;Colisão Lateral;1;;;1;;;;;;;3;;;;
03/12/2010;21:24:00;197;sem vítima;319;BR-101/RJ;Norte;Engavetamento;3;;;;;;;;;;4;;;;
06/12/2010;10:05:00;98;sem vítima;319;BR-101/RJ;Sul;Colisão Lateral;1;;;;1;;;;;;2;;;;