data;horario;n_da_ocorrencia;tipo_de_ocorrencia;km;trecho;sentido;tipo_de_acidente;automovel;bicicleta;caminhao;moto;onibus;outros;tracao_animal;transporte_de_cargas_especiais;trator_maquinas;utilitarios;ilesos;levemente_feridos;moderadamente_feridos;gravemente_feridos;mortos
08/12/2010;08:25:00;47;com vítima;319;BR-101/RJ;Sul;Atropelamento - Andarilho;;;;1;;;;;;;0;1;2;;
20/12/2010;19:55:00;203;sem vítima;319;BR-101/RJ;Norte;Saida de Pista;1;;;;;;;;;;1;;;;
21/12/2010;06:28:00;44;sem vítima;319;BR-101/RJ;Sul;Engavetamento;3;;;;;;;;;;5;;;;
21/12/2010;10:20:00;91;sem vítima;319;BR-101/RJ;Sul;Colisão Traseira;3;;;;;;;;;;8;;;;
21/12/2010;14:15:00;128;sem vítima;319;BR-101/RJ;Sul;Engavetamento;1;;2;;;;;;;1;4;;;;
03/01/2011;21:23:00;290;com vítima;319;BR-101/RJ;Norte;Colisão Lateral;1;;;;;;;;;1;3;1;;;
04/01/2011;06:24:00;34;sem vítima;319;BR-101/RJ;Sul;Colisão Traseira;3;;;;;;;;;;4;;;;
05/01/2011;14:56:00;132;sem vítima;319;BR-101/RJ;Norte;Colisão Traseira;1;;;;;1;;;;;2;;;;
06/01/2011;17:29:00;145;sem vítima;319;BR-101/RJ;Norte;Engavetamento;3;;;;;;;;;;4;;;;
06/01/2011;17:32:00;147;sem vítima;319;BR-101/RJ;Norte;Engavetamento;3;;;;;;;;;;4;;;;
09/01/2011;09:55:00;47;sem vítima;319;BR-101/RJ;Norte;Colisão Traseira;2;;;;;;;;;;4;;;;
10/01/2011;02:39:00;15;com vítima;319;BR-101/RJ;Norte;Capotamento;1;;;;;;;;;;0;2;;;
17/01/2011;12:43:00;121;com vítima;319;BR-101/RJ;Norte;Colisão Traseira;;;;1;;1;;;;;1;;2;;
18/01/2011;04:08:00;12;sem vítima;319;BR-101/RJ;Sul;Saida de Pista;1;;;;;;;;;;3;;;;
22/01/2011;00:15:00;1;com vítima;319;BR-101/RJ;Norte;Queda de Moto;;;;1;;;;;;;0;2;;;
24/01/2011;15:55:00;171;sem vítima;319;BR-101/RJ;Sul;Objeto lançado contra veículo;1;;;;1;;;;;;2;;;;
25/01/2011;19:31:00;181;sem vítima;319;BR-101/RJ;Sul;Colisão Traseira;;;;;1;;;;;1;2;;;;
30/01/2011;02:58:00;20;sem vítima;319;BR-101/RJ;Norte;Saida de Pista;1;;;;;;;;;;1;;;;
02/02/2011;06:15:00;25;com vítima;319;BR-101/RJ;Sul;Engavetamento;4;;;;;;;;;;0;7;;;
09/02/2011;20:56:00;172;sem vítima;319;BR-101/RJ;Norte;Colisão Traseira;2;;;;;;;;;;3;;;;
10/02/2011;19:03:00;176;sem vítima;319;BR-101/RJ;Norte;Saida de Pista;1;;;;;;;;;;4;;;;
10/02/2011;20:44:00;192;sem vítima;319;BR-101/RJ;Sul;Capotamento;1;;;;;;;;;;1;;;;
11/02/2011;18:24:00;173;sem vítima;319;BR-101/RJ;Norte;Engavetamento;3;;;;;;;;;;8;;;;
11/02/2011;19:07:00;184;sem vítima;319;BR-101/RJ;Norte;Engavetamento;2;;;;;1;;;;;6;;;;
11/02/2011;23:08:00;216;sem vítima;319;BR-101/RJ;Norte;Colisão Traseira;2;;;;;;;;;;2;;;;
15/02/2011;12:13:00;84;sem vítima;319;BR-101/RJ;Norte;Colisão Traseira;2;;;;;;;;;;2;;;;
18/02/2011;20:48:00;194;sem vítima;319;BR-101/RJ;Norte;Colisão Traseira;3;;;;;;;;;;11;;;;
23/02/2011;07:58:00;39;sem vítima;319;BR-101/RJ;Sul;Colisão Traseira;3;;;;;;;;;;4;;;;
25/02/2011;18:58:00;172;com vítima;319;BR-101/RJ;Norte;Colisão Lateral;1;;;1;;;;;;;1;1;;;
28/03/2011;20:28:00;148;sem vítima;14;BR-101/RJ;Sul;Colisão Lateral;;;2;;;;;;;;2;;;;
29/03/2011;01:45:00;7;sem vítima;163;BR-101/RJ;Norte;Colisão Lateral;;;1;;;1;;;;;2;;;;
29/03/2011;05:50:00;22;com vítima;242;BR-101/RJ;Sul;Colisão Lateral;1;;1;;;;;;;;0;2;;;1
29/03/2011;08:15:00;42;sem vítima;314;BR-101/RJ;Sul;Colisão Traseira;1;;;;;;;;;1;3;;;;
29/03/2011;10:19:00;61;sem vítima;309;BR-101/RJ;Sul;Queda de Moto;;;;1;;;;;;;2;;;;
29/03/2011;11:14:00;67;com vítima;242;BR-101/RJ;Sul;Tombamento;;;1;;;;;;;;0;1;;;
29/03/2011;12:27:00;78;sem vítima;5;BR-101/RJ;Sul;Colisão Lateral;1;;2;;;;;;;;5;;;;
02/05/2011;00:45:00;7;sem vítima;319;BR-101/RJ;Norte;Choque - Defensa, barreira ou "submarino";1;;;;;;;;;;1;;;;
03/05/2011;20:15:00;152;sem vítima;319,5;BR-101/RJ;Norte;Colisão Traseira;2;;;;;;;;;;4;;;;
05/05/2011;07:02:00;35;com vítima;319;BR-101/RJ;Sul;Colisão Lateral;;;;1;;;;;;;0;;1;;
06/05/2011;13:08:00;101;sem vítima;319;BR-101/RJ;Sul;Colisão Traseira;3;;;;;;;;;;6;;;;
08/05/2011;18:08:00;130;com vítima;319;BR-101/RJ;Norte;Colisão Lateral;1;;;1;;;;;;;2;2;;;
13/05/2011;06:08:00;18;sem vítima;319;BR-101/RJ;Sul;Colisão Lateral;1;;;1;;;;;;;2;;;;
13/05/2011;14:47:00;111;sem vítima;319;BR-101/RJ;Sul;Engavetamento;3;;;;;;;;;;5;;;;
15/05/2011;12:03:00;89;sem vítima;319;BR-101/RJ;Norte;Colisão Traseira;2;;;;;;;;;;3;;;;
15/05/2011;19:13:00;176;sem vítima;319;BR-101/RJ;Sul;Colisão Traseira;2;;;;;;;;;;4;;;;
20/05/2011;19:18:00;165;com vítima;319;BR-101/RJ;Norte;Atropelamento - Morador;;;;1;;;;;;;0;1;1;;
25/05/2011;19:26:00;162;sem vítima;319;BR-101/RJ;Norte;Colisão Traseira;2;;;;;;;;;;4;;;;
25/05/2011;22:03:00;175;com vítima;319;BR-101/RJ;Sul;Queda de Moto;;;;1;;;;;;;0;;1;;
26/05/2011;07:38:00;36;com vítima;319;BR-101/RJ;Sul;Colisão Traseira;2;;;;;;;;;;4;1;1;;
27/05/2011;08:16:00;44;com vítima;319;BR-101/RJ;Sul;Queda de Moto;1;;;;1;;;;;;1;;2;;
27/05/2011;19:48:00;171;sem vítima;319;BR-101/RJ;Norte;Colisão Traseira;2;;;;;;;;;;3;;;;
27/05/2011;20:34:00;178;sem vítima;319;BR-101/RJ;Norte;Colisão Traseira;2;;;;;;;;;;4;;;;
27/05/2011;20:41:00;180;com vítima;319,5;BR-101/RJ;Norte;Queda de Moto;;;;1;;1;;;;;1;;1;;
01/06/2011;16:25:00;115;sem vítima;319;BR-101/RJ;Norte;Colisão Frontal;1;;;;;1;;;;;3;;;;
01/06/2011;18:58:00;134;com vítima;319;BR-101/RJ;Norte;Queda de Moto;;;;1;;;;;;;0;1;;;
02/06/2011;17:42:00;125;sem vítima;319;BR-101/RJ;Sul;Colisão Traseira;2;;;;;;;;;;2;;;;
02/06/2011;18:16:00;129;sem vítima;319;BR-101/RJ;Sul;Colisão Lateral;1;;;1;;;;;;;2;;;;
04/06/2011;08:50:00;53;sem vítima;319,5;BR-101/RJ;Sul;Colisão Traseira;1;;;;;;;;;1;3;;;;
05/06/2011;19:57:00;131;sem vítima;319;BR-101/RJ;Sul;Colisão Traseira;2;;;;;;;;;;3;;;;
07/06/2011;07:03:00;27;sem vítima;319,5;BR-101/RJ;Sul;Engavetamento;3;;;;;1;;;;;4;;;;
08/06/2011;07:36:00;37;sem vítima;319;BR-101/RJ;Sul;Colisão Traseira;2;;;;;;;;;;2;;;;
10/06/2011;18:16:00;168;sem vítima;319;BR-101/RJ;Norte;Colisão Traseira;;;;1;;1;;;;;3;;;;
13/06/2011;18:59:00;160;sem vítima;319;BR-101/RJ;Norte;Colisão Traseira;2;;;;;;;;;;5;;;;
14/06/2011;16:40:00;109;sem vítima;319;BR-101/RJ;Norte;Colisão Traseira;1;;;;;;;;;1;4;;;;
14/06/2011;12:06:00;68;sem vítima;319,5;BR-101/RJ;Sul;Saida de Pista;1;;;;;1;;;;;2;;;;
14/06/2011;08:12:00;42;sem vítima;319,5159912109375;BR-101/RJ;Sul;Colisão Traseira;2;;;;;;;;;;3;;;;
17/06/2011;08:42:00;64;sem vítima;319;BR-101/RJ;Sul;Colisão Traseira;3;;;;;;;;;;4;;;;
17/06/2011;12:54:00;104;sem vítima;319;BR-101/RJ;Norte;Colisão Traseira;2;;;;;;;;;;2;;;;
18/06/2011;01:42:00;9;com vítima;319;BR-101/RJ;Norte;Choque - Poste;1;;;;;;;;;;0;;;;1
23/06/2011;02:37:00;14;com vítima;319;BR-101/RJ;Norte;Colisão Frontal;2;;;;;;;;;;1;;;;1
28/06/2011;06:07:00;18;sem vítima;319;BR-101/RJ;Sul;Colisão Traseira;4;;;;;;;;;;9;;;;
29/06/2011;21:52:00;172;com vítima;319,20001220703125;BR-101/RJ;Norte;Atropelamento - Morador;1;;;;;;;;;;3;;1;;
01/08/2011;17:50:00;173;sem vítima;319;BR-101/RJ;Norte;Queda de Moto;;;;;1;2;;;;;3;;;;
04/08/2011;14:34:00;104;sem vítima;319;BR-101/RJ;Sul;Colisão Traseira;1;;1;;;;;;;;4;;;;
07/08/2011;15:51:00;120;sem vítima;319,2720031738281;BR-101/RJ;Sul;Capotamento;1;;;;;;;;;;2;;;;
11/08/2011;11:18:00;83;sem vítima;319;BR-101/RJ;Sul;Colisão Traseira;3;;;;;;;;;;10;;;;
12/08/2011;07:26:00;30;sem vítima;319;BR-101/RJ;Sul;Colisão Traseira;3;;;;;;;;;;3;;;;
12/08/2011;21:14:00;185;sem vítima;319;BR-101/RJ;Norte;Colisão Traseira;2;;;;;;;;;;9;;;;
14/08/2011;16:53:00;115;sem vítima;319;BR-101/RJ;Norte;Colisão Transversal;1;;;1;;;;;;;2;;;;
16/08/2011;14:23:00;120;sem vítima;319,5;BR-101/RJ;Sul;Engavetamento;2;;;;;;;;;1;7;;;;
17/08/2011;07:24:00;35;com vítima;319,20001220703125;BR-101/RJ;Sul;Atropelamento - Ciclista;;1;;1;;;;;;;0;2;;;
19/08/2011;10:54:00;88;sem vítima;319;BR-101/RJ;Sul;Colisão Traseira;2;;;;;;;;;;3;;;;
19/08/2011;22:20:00;206;sem vítima;319;BR-101/RJ;Sul;Colisão Traseira;2;;;;;;;;;;2;;;;
20/08/2011;07:43:00;40;com vítima;319;BR-101/RJ;Norte;Queda de Moto;;;;1;;;;;;;0;1;;;
22/08/2011;18:34:00;139;com vítima;319;BR-101/RJ;Norte;Atropelamento - Sem Informação;1;;;;;;;;;;1;;1;;
23/08/2011;08:34:00;48;com vítima;319;BR-101/RJ;Sul;Colisão Lateral;1;;;1;;;;;;;1;;1;;
28/08/2011;16:07:00;107;com vítima;319,7860107421875;BR-101/RJ;Norte;Saida de Pista;1;;;;;;;;;;1;;1;;
29/08/2011;06:38:00;33;sem vítima;319;BR-101/RJ;Sul;Colisão Lateral;2;;;;;;;;;;2;;;;
29/08/2011;07:34:00;41;sem vítima;319;BR-101/RJ;Sul;Engavetamento;4;;;;;;;;;;5;;;;
30/08/2011;18:52:00;159;sem vítima;319,5;BR-101/RJ;Norte;Saida de Pista;1;;;;;;;;;;1;;;;
31/08/2011;18:37:00;139;sem vítima;319;BR-101/RJ;Sul;Colisão Traseira;2;;;;;;;;;;2;;;;
02/09/2011;07:53:00;37;com vítima;319;BR-101/RJ;Sul;Colisão Traseira;1;;;1;;;;;;;1;1;;;
02/09/2011;18:27:00;141;sem vítima;319;BR-101/RJ;Sul;Colisão Traseira;1;;;;;1;;;;;2;;;;
03/09/2011;22:38:00;173;com vítima;319,1499938964844;BR-101/RJ;Sul;Colisão Traseira;2;;;;1;;;;;;7;;;;4
06/09/2011;18:26:00;137;com vítima;319;BR-101/RJ;Norte;Colisão Traseira;1;;;1;;;;;;;2;;1;;
06/09/2011;21:32:00;162;sem vítima;319;BR-101/RJ;Norte;Engavetamento;3;;;;;;;;;;7;;;;
08/09/2011;18:11:00;121;sem vítima;319;BR-101/RJ;Sul;Colisão Traseira;1;;;;;1;;;;;4;;;;
11/09/2011;01:22:00;14;sem vítima;319;BR-101/RJ;Norte;Choque - Defensa, barreira ou "submarino";1;;;;;;;;;;1;;;;
14/09/2011;17:38:00;117;sem vítima;319;BR-101/RJ;Sul;Colisão Traseira;1;;1;;;;;;;;3;;;;
14/09/2011;19:43:00;141;sem vítima;319;BR-101/RJ;Norte;Colisão Traseira;1;;;;1;;;;;;2;;;;
19/09/2011;10:13:00;87;sem vítima;319,8999938964844;BR-101/RJ;Sul;Colisão Traseira;2;;;;;;;;;;3;;;;
21/09/2011;18:25:00;133;sem vítima;319;BR-101/RJ;Norte;Colisão Traseira;2;;;;;;;;;;2;;;;
22/09/2011;08:38:00;45;com vítima;319;BR-101/RJ;Sul;Atropelamento - Usuário;;;;1;;;;;;;1;;1;;
23/09/2011;06:12:00;13;com vítima;319,5;BR-101/RJ;Sul;Colisão Traseira;;;1;1;;1;;;;;3;;1;;
27/09/2011;22:12:00;180;sem vítima;319;BR-101/RJ;Norte;Colisão Lateral;1;;1;;;;;;;;2;;;;
28/09/2011;20:38:00;146;com vítima;319;BR-101/RJ;Sul;Atropelamento - Andarilho;;;;;;1;;;;;1;;1;;
06/10/2011;20:48:00;190;com vítima;319,79998779296875;BR-101/RJ;Norte;Colisão Traseira;;;;1;;;;;;1;3;;1;;
07/10/2011;11:44:00;98;sem vítima;319;BR-101/RJ;Norte;Colisão Lateral;1;;1;;;;;;;;2;;;;
11/10/2011;19:47:00;168;sem vítima;319;BR-101/RJ;Norte;Queda de Moto;1;;;1;;;;;;;3;;;;
11/10/2011;21:46:00;179;sem vítima;319;BR-101/RJ;Norte;Engavetamento;3;;;;;;;;;;7;;;;
16/10/2011;18:47:00;126;sem vítima;319;BR-101/RJ;Sul;Colisão Lateral;1;;;1;;;;;;;3;;;;
17/10/2011;20:15:00;154;sem vítima;319,5;BR-101/RJ;Norte;Colisão Traseira;2;;;;;;;;;;2;;;;
20/10/2011;20:17:00;170;sem vítima;319;BR-101/RJ;Sul;Colisão Lateral;1;;;;;1;;;;;2;;;;
22/10/2011;15:14:00;91;sem vítima;319;BR-101/RJ;Norte;Colisão Traseira;2;;;;;;;;;;2;;;;
24/10/2011;19:38:00;152;com vítima;319;BR-101/RJ;Norte;Colisão Lateral;1;;;1;;;;;;;2;1;;;
25/10/2011;08:31:00;58;com vítima;319,5;BR-101/RJ;Sul;Atropelamento - Usuário;1;;;;;1;;;;;2;;1;;
31/10/2011;17:29:00;124;sem vítima;319;BR-101/RJ;Sul;Colisão Traseira;2;;;;;;;;;;2;;;;
31/10/2011;20:18:00;157;sem vítima;319;BR-101/RJ;Sul;Colisão Traseira;1;;;;;1;;;;;2;;;;
31/10/2011;23:27:00;183;sem vítima;319;BR-101/RJ;Norte;Capotamento;1;;;;;;;;;;4;;;;
01/11/2011;10:44:00;61;com vítima;319;BR-101/RJ;Sul;Saida de Pista;1;;;;;;;;;;0;2;;;
01/11/2011;15:02:00;95;sem vítima;319;BR-101/RJ;Sul;Engavetamento;3;;;;;1;;;;;8;;;;
07/11/2011;00:30:00;4;sem vítima;319;BR-101/RJ;Sul;Choque - Outros;1;;1;;;;;;;;2;;;;
09/11/2011;08:58:00;49;sem vítima;319;BR-101/RJ;Sul;Colisão Lateral;1;;;1;;;;;;;2;;;;
11/11/2011;14:48:00;112;sem vítima;319;BR-101/RJ;Sul;Colisão Lateral;2;;;1;;;;;;;5;;;;
11/11/2011;09:28:00;50;com vítima;319,6000061035156;BR-101/RJ;Sul;Colisão Lateral;1;;;1;;;;;;;1;1;1;;
12/11/2011;14:04:00;133;sem vítima;319;BR-101/RJ;Norte;Colisão Lateral;2;;;;;;;;;;2;;;;
14/11/2011;19:50:00;128;sem vítima;319;BR-101/RJ;Sul;Colisão Traseira;1;;;;;1;;;;;5;;;;
26/11/2011;05:22:00;25;sem vítima;319;BR-101/RJ;Norte;Saida de Pista;;;;1;;;;;;;2;;;;
29/11/2011;06:55:00;32;sem vítima;319,79998779296875;BR-101/RJ;Sul;Colisão Traseira;1;;;1;;;;;;;3;;;;
01/12/2011;18:24:00;141;sem vítima;319;BR-101/RJ;Sul;Engavetamento;3;;;;;;;;;;3;;;;
02/12/2011;09:20:00;72;sem vítima;319;BR-101/RJ;Sul;Colisão Lateral;1;;;1;;;;;;;3;;;;
04/12/2011;21:19:00;160;sem vítima;319,8999938964844;BR-101/RJ;Norte;Saida de Pista;1;;;;;;;;;;1;;;;
08/12/2011;19:15:00;185;sem vítima;319,95001220703125;BR-101/RJ;Sul;Saida de Pista;1;;;;;;;;;;4;;;;
11/12/2011;19:11:00;142;com vítima;319;BR-101/RJ;Norte;Queda de Moto;;;;1;;;;;;;1;1;;;
13/12/2011;19:26:00;186;sem vítima;319;BR-101/RJ;Norte;Colisão Lateral;1;;;;1;;;;;;31;;;;
16/12/2011;17:23:00;182;sem vítima;319;BR-101/RJ;Norte;Colisão Traseira;2;;;;;;;;;;4;;;;
16/12/2011;19:41:00;207;com vítima;319;BR-101/RJ;Norte;Colisão Lateral;1;;;1;;;;;;;1;1;;;
16/12/2011;21:29:00;224;sem vítima;319;BR-101/RJ;Norte;Colisão Traseira;2;;;;;;;;;;3;;;;
22/12/2011;22:56:00;233;sem vítima;319;BR-101/RJ;Sul;Saida de Pista;1;;;;;;;;;;1;;;;
23/12/2011;14:50:00;144;com vítima;319;BR-101/RJ;Norte;Queda de Moto;1;;;1;;;;;;;4;;1;;
27/12/2011;14:13:00;121;sem vítima;319;BR-101/RJ;Norte;Colisão Traseira;2;;;;;;;;;;4;;;;
27/12/2011;18:13:00;177;sem vítima;319;BR-101/RJ;Sul;Colisão Traseira;2;;;;;;;;;;3;;;;
29/12/2011;12:43:00;98;sem vítima;319,8999938964844;BR-101/RJ;Norte;Colisão Traseira;2;;;;;;;;;;8;;;;
30/12/2011;16:31:00;145;sem vítima;319;BR-101/RJ;Norte;Colisão Traseira;2;;;;;;;;;;3;;;;
02/01/2012;10:16:00;74;sem vítima;319;BR-101/RJ;Sul;Colisão Traseira;2;;;;;;;;;;2;;;;
03/01/2012;18:16:00;210;sem vítima;319;BR-101/RJ;Norte;Engavetamento;3;;;;;;;;;;5;;;;
03/01/2012;20:01:00;229;sem vítima;319;BR-101/RJ;Norte;Colisão Lateral;1;;;1;;;;;;;2;;;;
05/01/2012;08:04:00;37;sem vítima;319;BR-101/RJ;Sul;Colisão Traseira;3;;;;;;;;;;8;;;;
06/01/2012;08:34:00;42;sem vítima;319;BR-101/RJ;Sul;Colisão Traseira;3;;;;;;;;;;10;;;;
09/01/2012;20:38:00;194;sem vítima;319;BR-101/RJ;Norte;Saida de Pista;1;;;;;;;;;;2;;;;
10/01/2012;14:27:00;144;sem vítima;319;BR-101/RJ;Sul;Colisão Traseira;2;;;;;;;;;;10;;;;
10/01/2012;16:04:00;162;sem vítima;319;BR-101/RJ;Norte;Engavetamento;3;;;;;;;;;;5;;;;
11/01/2012;20:03:00;194;sem vítima;319;BR-101/RJ;Norte;Queda de Moto;;;;1;;;;;;;1;;;;
11/01/2012;21:03:00;205;sem vítima;319;BR-101/RJ;Norte;Colisão Lateral;2;;;;;;;;;;3;;;;
14/01/2012;11:52:00;75;sem vítima;319;BR-101/RJ;Sul;Colisão Traseira;3;;;;;;;;;;4;;;;
16/01/2012;15:48:00;142;sem vítima;319;BR-101/RJ;Sul;Colisão Traseira;3;;;;;;;;;;6;;;;
23/01/2012;11:12:00;85;com vítima;319;BR-101/RJ;Norte;Saida de Pista;1;;1;;;;;;;;1;;1;;
25/01/2012;22:44:00;202;sem vítima;319;BR-101/RJ;Norte;Queda de Moto;;;;1;;;;;;;2;;;;
25/01/2012;06:51:00;28;com vítima;319,849;BR-101/RJ;Sul;Queda de Moto;;;;1;;1;;;;;1;;2;;
26/01/2012;10:07:00;55;sem vítima;319;BR-101/RJ;Sul;Colisão Traseira;1;;;;1;;;;;;2;;;;
31/01/2012;18:59:00;145;sem vítima;319;BR-101/RJ;Norte;Colisão Lateral;2;;;;;;;;;;2;;;;
01/02/2012;18:26:00;141;sem vítima;319;BR-101/RJ;Sul;Colisão Lateral;2;;;;;;;;;;6;;;;
02/02/2012;18:38:00;167;com vítima;319;BR-101/RJ;Norte;Colisão Traseira;;;;1;;1;;;;;1;1;1;;
03/02/2012;18:21:00;166;sem vítima;319;BR-101/RJ;Norte;Engavetamento;3;;;;;;;;;;7;;;;
03/02/2012;14:02:00;117;sem vítima;319,7;BR-101/RJ;Sul;Colisão Traseira;1;;1;;;;;;;;2;;;;
06/02/2012;13:07:00;107;sem vítima;319;BR-101/RJ;Norte;Colisão Traseira;2;;;;;;;;;;2;;;;
06/02/2012;07:22:00;47;com vítima;319,2;BR-101/RJ;Sul;Colisão Lateral;1;;;1;;;;;;;1;;1;;
07/02/2012;12:29:00;88;sem vítima;319;BR-101/RJ;Sul;Outros - Sequência;1;;2;;;;;;;;3;;;;
13/02/2012;09:37:00;76;sem vítima;319;BR-101/RJ;Sul;Colisão Traseira;2;;;;;1;;;;;3;;;;
14/02/2012;07:54:00;37;com vítima;319;BR-101/RJ;Sul;Colisão Traseira;1;;;1;;;;;;;1;1;;;
15/02/2012;14:32:00;114;sem vítima;319;BR-101/RJ;Sul;Colisão Lateral;1;;;;1;;;;;;3;;;;
15/02/2012;23:23:00;222;sem vítima;319;BR-101/RJ;Norte;Choque - Defensa, barreira ou "submarino";1;;;;;;;;;;1;;;;
18/02/2012;14:54:00;222;sem vítima;319;BR-101/RJ;Norte;Colisão Traseira;2;;;;;;;;;;5;;;;
26/02/2012;07:09:00;36;com vítima;319;BR-101/RJ;Sul;Queda de Moto;;;;1;;;;;;;0;2;;;
27/02/2012;17:27:00;127;sem vítima;319;BR-101/RJ;Norte;Saida de Pista;;;;;;;;;;1;1;;;;
03/03/2012;02:30:00;14;sem vítima;319;BR-101/RJ;Norte;Saida de Pista;1;;;;;1;;;;;2;;;;
10/03/2012;07:10:00;33;com vítima;319,7;BR-101/RJ;Sul;Saida de Pista;1;;;;;;;;;;1;1;;;
13/03/2012;18:31:00;169;sem vítima;319;BR-101/RJ;Sul;Engavetamento;2;;1;;;;;;;;5;;;;
16/03/2012;16:56:00;145;sem vítima;319;BR-101/RJ;Norte;Colisão Traseira;1;;;;;1;;;;;2;;;;
16/03/2012;22:15:00;192;com vítima;319;BR-101/RJ;Norte;Saida de Pista;1;;;;;;;;;;0;;1;;
20/03/2012;14:45:00;89;com vítima;319;BR-101/RJ;Norte;Queda de Moto;;;;1;;;;;;;0;;1;;
20/03/2012;20:14:00;146;sem vítima;319;BR-101/RJ;Norte;Engavetamento;3;;;;;;;;;;7;;;;
24/03/2012;07:28:00;44;sem vítima;319;BR-101/RJ;Norte;Colisão Traseira;2;;;;;;;;;;2;;;;
28/03/2012;19:00:00;149;sem vítima;319;BR-101/RJ;Norte;Engavetamento;4;;;;;;;;;;11;;;;
28/03/2012;20:30:00;162;sem vítima;319;BR-101/RJ;Norte;Colisão Traseira;1;;;;;1;;;;;2;;;;
02/04/2012;08:52:00;65;com vítima;319;BR-101/RJ;Norte;Outros - Sequência;2;;;;;;;;;;2;;1;;
03/04/2012;10:53:00;75;sem vítima;319,5;BR-101/RJ;Sul;Colisão Traseira;2;;;;;;;;;1;7;;;;
07/04/2012;19:17:00;127;sem vítima;319;BR-101/RJ;Sul;Engavetamento;4;;;;;;;;;;13;;;;
08/04/2012;14:27:00;114;sem vítima;319;BR-101/RJ;Sul;Saida de Pista;1;;;;;;;;;;1;;;;
10/04/2012;00:23:00;1;com vítima;319;BR-101/RJ;Sul;Capotamento;1;;;;;;;;;;1;;2;;
10/04/2012;19:16:00;147;sem vítima;319;BR-101/RJ;Norte;Saida de Pista;1;;;;;;;;;;1;;;;
12/04/2012;18:04:00;161;sem vítima;319;BR-101/RJ;Sul;Colisão Traseira;2;;;;;;;;;;4;;;;
17/04/2012;09:02:00;55;sem vítima;319;BR-101/RJ;Sul;Colisão Traseira;1;;;;1;;;;;;3;;;;
17/04/2012;10:27:00;72;sem vítima;319;BR-101/RJ;Sul;Colisão Traseira;3;;;;;;;;;;6;;;;
24/04/2012;21:08:00;219;sem vítima;319;BR-101/RJ;Norte;Colisão Lateral;1;;;;1;;;;;;3;;;;
02/05/2012;18:41:00;183;sem vítima;319;BR-101/RJ;Norte;Colisão Traseira;2;;;;;;;;;;2;;;;
02/05/2012;19:02:00;188;sem vítima;319;BR-101/RJ;Norte;Engavetamento;2;;;;;1;;;;;9;;;;
07/05/2012;10:54:00;78;sem vítima;319,373;BR-101/RJ;Sul;Colisão Traseira;2;;;;;;;;;;3;;;;
08/05/2012;10:38:00;54;sem vítima;319;BR-101/RJ;Sul;Colisão Traseira;2;;;;;;;;;;2;;;;
13/05/2012;01:01:00;6;sem vítima;319;BR-101/RJ;Sul;Saida de Pista;1;;;;;;;;;;5;;;;
13/05/2012;01:28:00;8;sem vítima;319;BR-101/RJ;Norte;Queda de Moto;;;;1;;;;;;;2;;;;
17/05/2012;18:59:00;151;com vítima;319;BR-101/RJ;Norte;Colisão Lateral;1;;;1;;;;;;;1;1;1;;
27/05/2012;12:20:00;87;sem vítima;319;BR-101/RJ;Sul;Saida de Pista;1;;;;;;;;;;4;;;;
28/05/2012;20:01:00;180;com vítima;319;BR-101/RJ;Norte;Engavetamento;4;;;;;;;;;;12;2;;;
01/06/2012;17:35:00;152;com vítima;319;BR-101/RJ;Norte;Colisão Lateral;2;;;1;;;;;;;3;1;;;
01/06/2012;18:17:00;161;sem vítima;319;BR-101/RJ;Norte;Colisão Traseira;2;;;;;;;;;;3;;;;
04/06/2012;19:38:00;154;sem vítima;319;BR-101/RJ;Norte;Atropelamento de Animal;1;;;;;;;;;;2;;;;
04/06/2012;11:11:00;80;sem vítima;319,5;BR-101/RJ;Sul;Colisão Traseira;2;;;;;;;;;;3;;;;
05/06/2012;09:47:00;57;sem vítima;319,5;BR-101/RJ;Sul;Colisão Traseira;1;;;;1;;;;;;2;;;;
10/06/2012;21:44:00;211;com vítima;319;BR-101/RJ;Norte;Saida de Pista;2;;;;;;;;;1;1;;3;2;3
11/06/2012;18:01:00;163;sem vítima;319;BR-101/RJ;Norte;Colisão Traseira;1;;;;;1;;;;;2;;;;
15/06/2012;22:02:00;218;sem vítima;319,3;BR-101/RJ;Norte;Colisão Traseira;3;;;;;;;;;;5;;;;
18/06/2012;06:46:00;37;sem vítima;319;BR-101/RJ;Sul;Saida de Pista;1;;;;;;;;;;1;;;;
23/06/2012;11:14:00;62;sem vítima;319;BR-101/RJ;Sul;Colisão Traseira;2;;;;;;;;;;3;;;;
24/06/2012;11:15:00;70;sem vítima;319;BR-101/RJ;Sul;Colisão Traseira;2;;;;;;;;;;7;;;;
27/06/2012;06:03:00;18;sem vítima;319;BR-101/RJ;Sul;Engavetamento;3;;;;1;;;;;1;17;;;;
01/07/2012;21:30:00;163;sem vítima;319;BR-101/RJ;Sul;Colisão Traseira;2;;;;;1;;;;;5;;;;
02/07/2012;20:50:00;173;sem vítima;319,2;BR-101/RJ;Norte;Colisão Traseira;2;;;;;;;;;;4;;;;
06/07/2012;07:16:00;51;sem vítima;319;BR-101/RJ;Sul;Colisão Traseira;1;;;;;;;;;1;5;;;;
07/07/2012;09:59:00;62;sem vítima;319;BR-101/RJ;Norte;Colisão Traseira;1;;1;;;;;;;;2;;;;
07/07/2012;18:11:00;161;sem vítima;319;BR-101/RJ;Norte;Colisão Traseira;2;;;;;;;;;;3;;;;
07/07/2012;18:25:00;172;sem vítima;319;BR-101/RJ;Norte;Engavetamento;3;;;;;;;;;;4;;;;