data;horario;n_da_ocorrencia;tipo_de_ocorrencia;km;trecho;sentido;tipo_de_acidente;automovel;bicicleta;caminhao;moto;onibus;outros;tracao_animal;transporte_de_cargas_especiais;trator_maquinas;utilitarios;ilesos;levemente_feridos;moderadamente_feridos;gravemente_feridos;mortos
07/07/2012;22:58:00;195;sem vítima;319;BR-101/RJ;Norte;Saida de Pista;1;;;;;;;;;;1;;;;
13/07/2012;08:02:00;44;sem vítima;319,8;BR-101/RJ;Sul;Colisão Lateral;1;;;1;;;;;;;3;;;;
16/07/2012;19:22:00;168;sem vítima;319;BR-101/RJ;Norte;Colisão Traseira;2;;;;;;;;;;4;;;;
24/07/2012;23:46:00;215;sem vítima;319;BR-101/RJ;Sul;Saida de Pista;;;1;;;;;;;;2;;;;
24/07/2012;16:28:00;136;com vítima;319,1;BR-101/RJ;Sul;Tombamento;;;1;;;;;;;;1;1;;;
25/07/2012;15:05:00;115;sem vítima;319;BR-101/RJ;Norte;Choque - Poste;;;1;;;;;;;;1;;;;
25/07/2012;20:26:00;174;sem vítima;319;BR-101/RJ;Norte;Engavetamento;2;;;;;;;;;;6;;;;
26/07/2012;07:33:00;31;sem vítima;319;BR-101/RJ;Sul;Choque - Outros;1;;;;;;;;;;1;;;;
27/07/2012;12:03:00;88;sem vítima;319;BR-101/RJ;Norte;Colisão Traseira;1;;;;;1;;;;;2;;;;
31/07/2012;19:56:00;153;sem vítima;319;BR-101/RJ;Norte;Engavetamento;3;;;;;;;;;;4;;;;
01/08/2012;06:45:00;35;com vítima;319;BR-101/RJ;Norte;Saida de Pista;;;;;;;;;;1;0;1;;;
04/08/2012;04:45:00;22;com vítima;319,3;BR-101/RJ;Sul;Colisão Traseira;1;;1;;;;;;;;0;2;;;1
04/08/2012;02:38:00;11;com vítima;319,93;BR-101/RJ;Sul;Saida de Pista;1;;;;;;;;;;0;1;;;
09/08/2012;20:22:00;147;sem vítima;319;BR-101/RJ;Norte;Colisão Lateral;1;;;1;;;;;;;2;;;;
11/08/2012;09:24:00;66;sem vítima;319;BR-101/RJ;Sul;Colisão Traseira;2;;;;;;;;;;5;;;;
18/08/2012;14:32:00;101;sem vítima;319;BR-101/RJ;Norte;Colisão Traseira;2;;;;;;;;;;3;;;;
22/08/2012;07:05:00;45;sem vítima;319;BR-101/RJ;Sul;Colisão Lateral;1;;;1;;;;;;;2;;;;
22/08/2012;07:30:00;52;sem vítima;319;BR-101/RJ;Sul;Engavetamento;2;;;;;;;;;;3;;;;
22/08/2012;12:29:00;117;sem vítima;319;BR-101/RJ;Sul;Engavetamento;3;;;;1;;;;;;5;;;;
22/08/2012;14:28:00;133;sem vítima;319;BR-101/RJ;Sul;Colisão Traseira;1;;;;;2;;;;;3;;;;
24/08/2012;07:22:00;33;com vítima;319;BR-101/RJ;Sul;Colisão Traseira;1;;;;;1;;;;1;9;4;1;;
28/08/2012;06:32:00;29;sem vítima;319;BR-101/RJ;Sul;Colisão Traseira;1;;;;;1;;;;1;3;;;;
28/08/2012;19:24:00;170;sem vítima;319,168;BR-101/RJ;Norte;Colisão Traseira;2;;;;;;;;;;2;;;;
28/08/2012;18:14:00;155;sem vítima;319,25;BR-101/RJ;Norte;Colisão Traseira;2;;;;;;;;;;5;;;;
31/08/2012;18:43:00;182;sem vítima;319;BR-101/RJ;Norte;Colisão Lateral;2;;;;;;;;;;3;;;;
31/08/2012;22:05:00;210;sem vítima;319,79;BR-101/RJ;Sul;Colisão Traseira;2;;;;;;;;;;2;;;;
31/08/2012;20:38:00;204;com vítima;319,906;BR-101/RJ;Sul;Capotamento;1;;1;;;;;;;;2;1;1;;
04/09/2012;18:38:00;155;sem vítima;319;BR-101/RJ;Norte;Queda de Moto;;;;1;;;;;;;1;;;;
09/09/2012;11:56:00;84;sem vítima;319;BR-101/RJ;Sul;Colisão Traseira;1;;;;;;;;;1;4;;;;
13/09/2012;20:13:00;183;sem vítima;319;BR-101/RJ;Norte;Colisão Traseira;4;;;;;;;;;;7;;;;
17/09/2012;13:42:00;128;sem vítima;319;BR-101/RJ;Sul;Colisão Traseira;4;;;;;;;;;;10;;;;
22/09/2012;20:25:00;165;sem vítima;319;BR-101/RJ;Sul;Colisão Traseira;2;;;;;;;;;;2;;;;
23/09/2012;16:57:00;108;sem vítima;319;BR-101/RJ;Sul;Engavetamento;3;;;;;;;;;;5;;;;
28/09/2012;17:26:00;157;sem vítima;319;BR-101/RJ;Sul;Colisão Traseira;2;;;;;1;;;;;5;;;;
30/09/2012;22:22:00;179;sem vítima;319;BR-101/RJ;Norte;Colisão Traseira;1;;;;;;;;;;1;;;;
04/10/2012;06:34:00;34;sem vítima;319;BR-101/RJ;Sul;Colisão Lateral;1;;;1;;;;;;;2;;;;
07/10/2012;17:30:00;150;com vítima;319;BR-101/RJ;Sul;Queda de Moto;;;;1;;;;;;;0;2;;;
14/10/2012;03:15:00;15;sem vítima;319,914;BR-101/RJ;Sul;Saida de Pista;;;;;;;;;;1;2;;;;
24/10/2012;06:56:00;27;com vítima;319;BR-101/RJ;Sul;Colisão Lateral;1;;;1;;;;;;;1;1;1;;
07/11/2012;10:50:00;68;sem vítima;319,3;BR-101/RJ;Sul;Colisão Traseira;2;;;;;;;;;;2;;;;
08/11/2012;07:03:00;26;com vítima;319;BR-101/RJ;Sul;Queda de Moto;;;;1;;;;;;;0;1;;;
13/11/2012;21:08:00;191;sem vítima;319;BR-101/RJ;Norte;Colisão Traseira;1;;;;;;;;;;1;;;;
13/11/2012;19:54:00;170;sem vítima;319,5;BR-101/RJ;Sul;Saida de Pista;1;;;;;;;;;;2;;;;
14/11/2012;17:43:00;170;com vítima;319;BR-101/RJ;Norte;Colisão Lateral;1;;;1;;;;;;;3;1;;;
18/11/2012;05:08:00;19;com vítima;319;BR-101/RJ;Sul;Atropelamento - Andarilho;1;;;;;;;;;;1;;1;;
19/11/2012;14:11:00;113;sem vítima;319;BR-101/RJ;Sul;Colisão Traseira;2;;;;;;;;;;5;;;;
21/11/2012;09:13:00;49;sem vítima;319;BR-101/RJ;Sul;Colisão Traseira;2;;;;;;;;;;10;;;;
22/11/2012;15:09:00;127;sem vítima;319;BR-101/RJ;Norte;Colisão Traseira;3;;;;;;;;;;6;;;;
22/11/2012;16:10:00;137;sem vítima;319;BR-101/RJ;Norte;Colisão Lateral;;;;1;;1;;;;;2;;;;
23/11/2012;11:43:00;103;sem vítima;319;BR-101/RJ;Sul;Engavetamento;3;;;;;;;;;;7;;;;
26/11/2012;15:44:00;133;sem vítima;319;BR-101/RJ;Sul;Colisão Traseira;1;;;;1;;;;;;3;;;;
26/11/2012;18:03:00;158;sem vítima;319,233;BR-101/RJ;Sul;Colisão Traseira;2;;;;;;;;;;5;;;;
27/11/2012;14:30:00;90;sem vítima;319;BR-101/RJ;Sul;Colisão Traseira;2;;;;;;;;;;2;;;;
05/12/2012;15:35:00;131;com vítima;319;BR-101/RJ;Sul;Capotamento;1;;;;;;;;;;0;;;;1
05/12/2012;17:50:00;159;sem vítima;319;BR-101/RJ;Sul;Colisão Traseira;2;;;;;;;;;;2;;;;
09/12/2012;05:48:00;25;sem vítima;319;BR-101/RJ;Sul;Colisão Lateral;2;;;;;;;;;;3;;;;
09/12/2012;20:57:00;195;com vítima;319;BR-101/RJ;Sul;Colisão Lateral;1;;;1;;;;;;;3;1;;;
11/12/2012;11:07:00;105;com vítima;319;BR-101/RJ;Sul;Queda de Moto;;;;1;;;;;;;0;1;;;
13/12/2012;10:45:00;76;sem vítima;319;BR-101/RJ;Sul;Colisão Traseira;1;;;;;1;;;;;2;;;;
13/12/2012;12:27:00;99;sem vítima;319;BR-101/RJ;Norte;Saida de Pista;1;;;;;;;;;;2;;;;
15/12/2012;10:51:00;82;sem vítima;319;BR-101/RJ;Sul;Colisão Traseira;3;;;;;;;;;;7;;;;
17/12/2012;10:56:00;79;sem vítima;319;BR-101/RJ;Sul;Colisão Traseira;2;;;;;;;;;;3;;;;
18/12/2012;13:48:00;125;com vítima;319;BR-101/RJ;Norte;Colisão Traseira;1;;;1;;;;;;;2;2;;;
01/01/2013;04:02:00;28;sem vítima;319;BR-101/RJ;Sul;Colisão Traseira;1;;;;;1;;;;;4;;;;
02/01/2013;16:42:00;158;sem vítima;319;BR-101/RJ;Sul;Saida de Pista;1;;;;;;;;;;3;;;;
04/01/2013;10:39:00;83;com vítima;319,394;BR-101/RJ;Norte;Saida de Pista;1;;;;;;;;;;0;2;1;;
08/01/2013;19:39:00;203;sem vítima;319;BR-101/RJ;Norte;Engavetamento;3;;;;;;;;;;4;;;;
10/01/2013;13:00:00;114;sem vítima;319;BR-101/RJ;Sul;Colisão Traseira;2;;;;;;;;;;4;;;;
10/01/2013;16:44:00;155;sem vítima;319;BR-101/RJ;Norte;Engavetamento;4;;;;;;;;;;5;;;;
14/01/2013;13:54:00;108;sem vítima;319;BR-101/RJ;Sul;Engavetamento;3;;;;;;;;;;8;;;;
14/01/2013;17:01:00;136;com vítima;319;BR-101/RJ;Sul;Queda de Moto;;;;1;;;;;;;0;1;;;
15/01/2013;20:13:00;162;sem vítima;319;BR-101/RJ;Norte;Colisão Traseira;3;;;;;;;;;;5;;;;
17/01/2013;22:54:00;206;com vítima;319;BR-101/RJ;Norte;Queda de Moto;;;;1;;;;;;;0;1;;;
24/01/2013;18:58:00;150;sem vítima;319;BR-101/RJ;Norte;Colisão Traseira;;;;2;;;;;;;2;;;;
29/01/2013;22:21:00;175;sem vítima;319;BR-101/RJ;Norte;Saida de Pista;1;;;;;;;;;;1;;;;
04/02/2013;17:36:00;152;sem vítima;319;BR-101/RJ;Norte;Colisão Traseira;2;;;;;;;;;;3;;;;
05/02/2013;07:55:00;38;sem vítima;319;BR-101/RJ;Sul;Colisão Lateral;1;;;1;;;;;;;2;;;;
05/02/2013;07:42:00;35;com vítima;319,9;BR-101/RJ;Sul;Capotamento;1;;;;;;;;;;0;;1;;
06/02/2013;10:25:00;93;sem vítima;319;BR-101/RJ;Sul;Colisão Traseira;2;;;;;;;;;;2;;;;
06/02/2013;10:36:00;96;sem vítima;319;BR-101/RJ;Sul;Colisão Traseira;2;;;;;;;;;;2;;;;
13/02/2013;11:04:00;106;sem vítima;319;BR-101/RJ;Norte;Engavetamento;2;;;;;;;;;1;4;;;;
19/02/2013;19:46:00;189;sem vítima;319;BR-101/RJ;Norte;Colisão Lateral;1;;;;;1;;;;;2;;;;
22/02/2013;09:34:00;69;sem vítima;319;BR-101/RJ;Sul;Colisão Traseira;1;;;;;1;;;;;3;;;;
24/02/2013;00:03:00;1;sem vítima;319;BR-101/RJ;Norte;Queda de Moto;;;;1;;;;;;;1;;;;
27/02/2013;11:25:00;91;com vítima;319;BR-101/RJ;Norte;Colisão Traseira;1;;;1;;;;;;;1;1;;;
08/03/2013;08:39:00;58;com vítima;319,64;BR-101/RJ;Sul;Colisão Lateral;1;;;1;;;;;;1;6;1;;;
13/03/2013;13:12:00;130;sem vítima;319;BR-101/RJ;Sul;Engavetamento;3;;;;;;;;;;6;;;;
18/03/2013;20:42:00;167;sem vítima;319;BR-101/RJ;Norte;Colisão Traseira;2;;;;;;;;;;3;;;;
22/03/2013;18:13:00;181;sem vítima;319;BR-101/RJ;Sul;Colisão Traseira;1;;;;;1;;;;;2;;;;
23/03/2013;18:52:00;176;sem vítima;319;BR-101/RJ;Norte;Colisão Traseira;2;;;;;;;;;;4;;;;
30/03/2013;19:11:00;132;sem vítima;319;BR-101/RJ;Norte;Colisão Traseira;1;;;;;2;;;;;3;;;;
03/04/2013;23:28:00;168;sem vítima;319;BR-101/RJ;Norte;Choque - Defensa, barreira ou "submarino";1;;;;;;;;;;1;;;;
05/04/2013;06:30:00;18;sem vítima;319;BR-101/RJ;Sul;Colisão Traseira;1;;;;;1;;;;;2;;;;
05/04/2013;10:35:00;65;sem vítima;319;BR-101/RJ;Sul;Engavetamento;3;;;;;;;;;;10;;;;
12/04/2013;20:02:00;201;com vítima;319;BR-101/RJ;Norte;Colisão Lateral;1;;;1;;;;;;;2;1;1;;
16/04/2013;06:35:00;25;com vítima;319;BR-101/RJ;Sul;Colisão Lateral;1;;;1;;;;;;;2;1;1;;
16/04/2013;13:47:00;107;sem vítima;319,2;BR-101/RJ;Sul;Colisão Traseira;2;;;;;;;;;;3;;;;
17/04/2013;19:06:00;147;sem vítima;319;BR-101/RJ;Norte;Saida de Pista;1;;;;;;;;;;1;;;;
30/04/2013;19:25:00;158;sem vítima;319;BR-101/RJ;Norte;Colisão Lateral;1;;;1;;;;;;;2;;;;
02/05/2013;17:56:00;122;sem vítima;319,554;BR-101/RJ;Sul;Engavetamento;5;;;;;;;;;;5;;;;
03/05/2013;07:58:00;48;com vítima;319;BR-101/RJ;Sul;Colisão Lateral;;;;1;;1;;;;;1;1;1;;
05/05/2013;18:48:00;120;sem vítima;319,629;BR-101/RJ;Sul;Engavetamento;3;;;;;;;;;;3;;;;
05/05/2013;20:19:00;133;sem vítima;319,888;BR-101/RJ;Sul;Colisão Traseira;1;;;;1;;;;;;52;;;;
07/05/2013;09:00:00;54;sem vítima;319,419;BR-101/RJ;Sul;Engavetamento;3;;;;;;;;;;7;;;;
07/05/2013;11:22:00;70;sem vítima;319,666;BR-101/RJ;Norte;Colisão Traseira;1;;;;;;;;;1;4;;;;
08/05/2013;18:21:00;133;com vítima;319,51;BR-101/RJ;Sul;Engavetamento;6;;;;;;;;;1;12;1;;;
13/05/2013;05:46:00;24;sem vítima;319;BR-101/RJ;Sul;Colisão Traseira;1;;1;;;;;;;;2;;;;
13/05/2013;11:41:00;78;sem vítima;319;BR-101/RJ;Norte;Colisão Traseira;1;;1;;;;;;;;5;;;;
14/05/2013;09:49:00;53;sem vítima;319;BR-101/RJ;Sul;Engavetamento;4;;;;;;;;;;11;;;;
17/05/2013;22:38:00;195;sem vítima;319,61;BR-101/RJ;Norte;Colisão Traseira;1;;2;;;;;;;;4;;;;
17/05/2013;19:59:00;177;sem vítima;319,825;BR-101/RJ;Norte;Engavetamento;4;;;;;;;;;;5;;;;
21/05/2013;18:46:00;147;sem vítima;319,159;BR-101/RJ;Norte;Colisão Traseira;2;;;;;;;;;;3;;;;
21/05/2013;17:56:00;134;sem vítima;319,187;BR-101/RJ;Sul;Colisão Traseira;1;;1;;;;;;;;5;;;;
24/05/2013;06:48:00;27;sem vítima;319;BR-101/RJ;Sul;Colisão Traseira;1;;;;;1;;;;;2;;;;
25/05/2013;17:58:00;134;sem vítima;319,12;BR-101/RJ;Sul;Engavetamento;2;;;;;1;;;;;4;;;;
28/05/2013;12:00:00;83;sem vítima;319;BR-101/RJ;Sul;Colisão Traseira;2;;;;;;;;;;4;;;;
29/05/2013;08:33:00;51;com vítima;319,432;BR-101/RJ;Sul;Colisão Lateral;1;;;1;;;;;;;1;1;;;
01/06/2013;05:09:00;25;sem vítima;319;BR-101/RJ;Norte;Saida de Pista;1;;;;;;;;;;1;;;;
03/06/2013;17:28:00;153;sem vítima;319;BR-101/RJ;Sul;Colisão Traseira;2;;;;;;;;;;2;;;;
05/06/2013;10:45:00;71;sem vítima;319,2;BR-101/RJ;Sul;Capotamento;1;;;;;;;;;;1;;;;
07/06/2013;10:35:00;68;sem vítima;319,888;BR-101/RJ;Sul;Colisão Traseira;2;;;;;;;;;;2;;;;
11/06/2013;07:22:00;36;com vítima;319;BR-101/RJ;Sul;Colisão Lateral;1;;;1;;;;;;;1;1;;;
12/06/2013;07:20:00;30;sem vítima;319;BR-101/RJ;Sul;Colisão Traseira;1;;;;1;;;;;;2;;;;
17/06/2013;07:44:00;32;sem vítima;319;BR-101/RJ;Sul;Colisão Traseira;2;;;;;;;;;;3;;;;
27/06/2013;08:38:00;45;sem vítima;319;BR-101/RJ;Sul;Colisão Lateral;2;;;;;;;;;;2;;;;
27/06/2013;19:47:00;149;sem vítima;319;BR-101/RJ;Norte;Colisão Lateral;1;;;1;;;;;;;4;;;;
01/07/2013;05:42:00;18;com vítima;319,85;BR-101/RJ;Sul;Colisão Lateral;1;;;1;;;;;;;2;1;;;
02/07/2013;10:40:00;51;sem vítima;319;BR-101/RJ;Sul;Colisão Traseira;2;;;;;;;;;;2;;;;
05/07/2013;06:52:00;29;com vítima;319;BR-101/RJ;Sul;Engavetamento;;;;2;2;;;;;;4;1;;;
05/07/2013;19:36:00;177;sem vítima;319;BR-101/RJ;Norte;Colisão Traseira;1;;;;;2;;;;;3;;;;
05/07/2013;23:43:00;215;sem vítima;319;BR-101/RJ;Sul;Colisão Traseira;2;;;;;;;;;;3;;;;
06/07/2013;10:59:00;75;sem vítima;319;BR-101/RJ;Sul;Engavetamento;4;;;;;;;;;;6;;;;
07/07/2013;18:21:00;139;sem vítima;319;BR-101/RJ;Sul;Colisão Traseira;1;;;;;1;;;;;5;;;;
07/07/2013;18:31:00;141;sem vítima;319;BR-101/RJ;Sul;Colisão Traseira;2;;;;;;;;;;5;;;;
07/07/2013;18:52:00;144;sem vítima;319,3;BR-101/RJ;Sul;Colisão Traseira;2;;;;;;;;;;3;;;;
11/07/2013;05:58:00;20;sem vítima;319;BR-101/RJ;Sul;Colisão Traseira;2;;;;;;;;;;5;;;;
12/07/2013;18:28:00;151;sem vítima;319,555;BR-101/RJ;Sul;Colisão Traseira;1;;;;;;;;;1;5;;;;
14/07/2013;16:52:00;135;com vítima;319;BR-101/RJ;Sul;Engavetamento;3;;;;;;;;;;10;1;;;
16/07/2013;15:21:00;124;sem vítima;319;BR-101/RJ;Norte;Colisão Lateral;2;;;;;;;;;;2;;;;
17/07/2013;10:44:00;77;sem vítima;319,24;BR-101/RJ;Sul;Colisão Traseira;2;;;;;;;;;;5;;;;
18/07/2013;18:44:00;168;sem vítima;319;BR-101/RJ;Norte;Colisão Transversal;1;;;;;1;;;;;3;;;;
22/07/2013;10:34:00;66;com vítima;319,266;BR-101/RJ;Sul;Engavetamento;1;;;;2;;;;;;3;;2;;
24/07/2013;17:26:00;126;sem vítima;319;BR-101/RJ;Sul;Colisão Traseira;2;;;;;;;;;;2;;;;
25/07/2013;15:00:00;103;com vítima;319;BR-101/RJ;Sul;Colisão Traseira;2;;;;;;;;;;2;;2;;
25/07/2013;19:06:00;143;com vítima;319,954;BR-101/RJ;Norte;Colisão Lateral;;;;1;1;;;;;;2;;1;;
26/07/2013;18:51:00;175;com vítima;319,3;BR-101/RJ;Sul;Engavetamento;3;;;;;;;;;;1;1;2;;
26/07/2013;06:39:00;30;sem vítima;319,376;BR-101/RJ;Sul;Colisão Traseira;;;;2;1;;;;;;3;;;;
30/07/2013;20:05:00;142;sem vítima;319;BR-101/RJ;Sul;Colisão Lateral;1;;;;1;;;;;;2;;;;
02/08/2013;14:55:00;114;sem vítima;319;BR-101/RJ;Sul;Colisão Traseira;2;;;;;;;;;;3;;;;
06/08/2013;10:14:00;60;com vítima;319;BR-101/RJ;Sul;Engavetamento;1;;;;;2;;;;;5;;1;;
06/08/2013;17:57:00;125;sem vítima;319;BR-101/RJ;Norte;Colisão Lateral;1;;;;1;;;;;;2;;;;
08/08/2013;13:35:00;104;sem vítima;319;BR-101/RJ;Sul;Engavetamento;4;;;;;;;;;;4;;;;
10/08/2013;12:09:00;86;sem vítima;319;BR-101/RJ;Sul;Colisão Traseira;2;;;;;;;;;;4;;;;
12/08/2013;06:16:00;29;sem vítima;319,792;BR-101/RJ;Sul;Colisão Traseira;2;;;;;;;;;;3;;;;
13/08/2013;14:25:00;98;sem vítima;319;BR-101/RJ;Sul;Colisão Traseira;1;;;;;1;;;;;3;;;;
14/08/2013;08:18:00;50;sem vítima;319,26;BR-101/RJ;Sul;Colisão Traseira;1;;1;;;;;;;;3;;;;
14/08/2013;08:20:00;51;sem vítima;319,425;BR-101/RJ;Sul;Engavetamento;3;;;;;;;;;;7;;;;
15/08/2013;18:15:00;136;sem vítima;319;BR-101/RJ;Norte;Colisão Traseira;2;;;;;;;;;;2;;;;
15/08/2013;19:05:00;144;sem vítima;319;BR-101/RJ;Norte;Colisão Traseira;2;;;;;;;;;;2;;;;
15/08/2013;19:15:00;145;sem vítima;319;BR-101/RJ;Norte;Colisão Traseira;2;;;;;;;;;;2;;;;
17/08/2013;11:50:00;90;sem vítima;319;BR-101/RJ;Sul;Saida de Pista;1;;;;;;;;;;2;;;;
21/08/2013;10:08:00;92;sem vítima;319;BR-101/RJ;Sul;Colisão Traseira;2;;;;;;;;;;2;;;;
25/08/2013;01:15:00;5;sem vítima;319,767;BR-101/RJ;Sul;Saida de Pista;1;;;;;;;;;;1;;;;
26/08/2013;18:37:00;144;sem vítima;319,787;BR-101/RJ;Norte;Colisão Traseira;1;;;1;;;;;;;3;;;;
28/08/2013;18:31:00;151;sem vítima;319;BR-101/RJ;Norte;Engavetamento;2;;;;;1;;;;;5;;;;
29/08/2013;15:17:00;128;com vítima;319;BR-101/RJ;Norte;Colisão Traseira;1;;;1;;;;;;;2;1;;;
04/09/2013;12:24:00;79;sem vítima;319;BR-101/RJ;Sul;Colisão Traseira;2;;;;;;;;;;5;;;;
05/09/2013;18:08:00;147;com vítima;319;BR-101/RJ;Sul;Colisão Traseira;1;;;1;;;;;;;1;;1;;
05/09/2013;05:36:00;27;com vítima;319,062;BR-101/RJ;Sul;Colisão Traseira;;;;1;1;;;;;1;2;;1;;
13/09/2013;08:35:00;58;sem vítima;319,8;BR-101/RJ;Sul;Colisão Traseira;2;;;;;;;;;;2;;;;
15/09/2013;23:57:00;220;sem vítima;319;BR-101/RJ;Norte;Queda de Moto;;;;1;;;;;;;1;;;;
18/09/2013;17:49:00;156;sem vítima;319;BR-101/RJ;Norte;Colisão Traseira;1;;;;;;;;;1;3;;;;
19/09/2013;06:14:00;19;sem vítima;319;BR-101/RJ;Sul;Colisão Traseira;2;;;;;;;;;;2;;;;
23/09/2013;18:21:00;156;sem vítima;319;BR-101/RJ;Norte;Colisão Traseira;1;;;;1;;;;;;3;;;;
28/09/2013;11:37:00;88;sem vítima;319,426;BR-101/RJ;Sul;Colisão Traseira;2;;;;;;;;;;6;;;;
30/09/2013;17:47:00;117;com vítima;319;BR-101/RJ;Norte;Colisão Lateral;1;;;1;;;;;;;2;1;;;
01/10/2013;18:10:00;132;sem vítima;319;BR-101/RJ;Norte;Colisão Traseira;1;;1;;;;;;;;2;;;;
06/10/2013;17:46:00;103;sem vítima;319;BR-101/RJ;Norte;Colisão Traseira;2;;;;;;;;;;5;;;;
06/10/2013;17:46:00;104;sem vítima;319;BR-101/RJ;Sul;Engavetamento;3;;;;;;;;;;3;;;;
07/10/2013;19:29:00;142;sem vítima;319;BR-101/RJ;Norte;Colisão Traseira;2;;;;;;;;;;2;;;;
08/10/2013;18:11:00;144;sem vítima;319,8;BR-101/RJ;Sul;Colisão Traseira;1;;;;;1;;;;;2;;;;
09/10/2013;17:37:00;142;sem vítima;319;BR-101/RJ;Sul;Colisão Traseira;2;;;;;;;;;;2;;;;
09/10/2013;18:59:00;157;sem vítima;319;BR-101/RJ;Norte;Colisão Traseira;1;;;;;;;;;1;4;;;;
10/10/2013;12:32:00;88;sem vítima;319,616;BR-101/RJ;Sul;Colisão Traseira;2;;;;;;;;;;4;;;;
14/10/2013;13:39:00;118;sem vítima;319;BR-101/RJ;Norte;Colisão Lateral;1;;1;;;;;;;;3;;;;
14/10/2013;15:59:00;155;sem vítima;319;BR-101/RJ;Norte;Colisão Traseira;2;;;;;;;;;;4;;;;
17/10/2013;14:24:00;104;com vítima;319,144;BR-101/RJ;Norte;Colisão Traseira;2;;;;;;;;;;3;1;;;
19/10/2013;10:41:00;84;sem vítima;319;BR-101/RJ;Sul;Colisão Traseira;2;;;;;;;;;;3;;;;
19/10/2013;09:17:00;69;sem vítima;319,533;BR-101/RJ;Sul;Engavetamento;3;;;;;;;;;;7;;;;
28/10/2013;18:17:00;136;sem vítima;319,598;BR-101/RJ;Sul;Engavetamento;3;;;;;;;;;;4;;;;
29/10/2013;15:03:00;115;sem vítima;319,9;BR-101/RJ;Sul;Colisão Traseira;1;;1;;;;;;;;4;;;;
30/10/2013;14:20:00;118;sem vítima;319;BR-101/RJ;Sul;Colisão Traseira;;;;;2;;;;;;2;;;;
31/10/2013;13:42:00;79;com vítima;319,133;BR-101/RJ;Sul;Colisão Traseira;1;;;1;;;;;;;2;1;;;
31/10/2013;06:23:00;15;sem vítima;319,465;BR-101/RJ;Sul;Engavetamento;5;;;;;;;;;;13;;;;
01/11/2013;06:45:00;31;com vítima;319,729;BR-101/RJ;Sul;Colisão Lateral;1;;;1;;;;;;;2;2;;;
04/11/2013;09:14:00;70;sem vítima;319,538;BR-101/RJ;Sul;Colisão Traseira;2;;;;;;;;;;3;;;;
05/11/2013;08:09:00;43;sem vítima;319;BR-101/RJ;Sul;Colisão Lateral;;;;1;1;;;;;;3;;;;
06/11/2013;10:32:00;68;sem vítima;319,497;BR-101/RJ;Sul;Colisão Lateral;1;;1;;;;;;;;4;;;;
07/11/2013;16:14:00;121;sem vítima;319,938;BR-101/RJ;Sul;Engavetamento;3;;;;;;;;;;5;;;;
09/11/2013;18:57:00;156;com vítima;319;BR-101/RJ;Norte;Colisão Traseira;;;1;1;;;;;;;2;1;;;
09/11/2013;12:06:00;87;sem vítima;319,951;BR-101/RJ;Sul;Colisão Traseira;2;;;;;;;;;;2;;;;
15/11/2013;15:52:00;151;com vítima;319;BR-101/RJ;Norte;Colisão Traseira;2;;;;;;;;;;4;1;;;
17/11/2013;12:05:00;92;sem vítima;319,633;BR-101/RJ;Sul;Engavetamento;2;;;;;1;;;;;8;;;;
27/11/2013;11:18:00;90;sem vítima;319,238;BR-101/RJ;Norte;Colisão Traseira;2;;;;;;;;;;2;;;;
29/11/2013;19:03:00;225;sem vítima;319;BR-101/RJ;Norte;Colisão Traseira;1;;;1;;;;;;;4;;;;
30/11/2013;11:57:00;99;sem vítima;319;BR-101/RJ;Sul;Colisão Traseira;1;;1;;;;;;;;3;;;;
01/12/2013;16:38:00;125;sem vítima;319,311;BR-101/RJ;Norte;Colisão Frontal;2;;;;;1;;;;;8;;;;
06/12/2013;20:42:00;187;sem vítima;319;BR-101/RJ;Norte;Colisão Lateral;;;;;1;1;;;;;2;;;;
09/12/2013;08:14:00;45;sem vítima;319;BR-101/RJ;Sul;Colisão Traseira;1;;;1;;;;;;;2;;;;
10/12/2013;18:43:00;200;sem vítima;319;BR-101/RJ;Norte;Engavetamento;3;;;;;;;;;;6;;;;
14/12/2013;04:23:00;25;sem vítima;319;BR-101/RJ;Norte;Queda de Moto;;;;1;;;;;;;1;;;;
14/12/2013;07:43:00;48;com vítima;319,143;BR-101/RJ;Sul;Colisão Lateral;2;;;;2;;;;;;4;1;;;
15/12/2013;15:26:00;100;com vítima;319,817;BR-101/RJ;Norte;Queda de Moto;;;;1;;;;;;;0;;1;;
15/12/2013;12:35:00;73;sem vítima;319,856;BR-101/RJ;Sul;Saida de Pista;1;;;;;1;;;;;2;;;;
16/12/2013;10:34:00;99;sem vítima;319,823;BR-101/RJ;Sul;Colisão Lateral;1;;;1;;;;;;;2;;;;
20/12/2013;06:31:00;28;com vítima;319;BR-101/RJ;Sul;Colisão Lateral;1;;;1;;;;;;;1;1;;;
29/12/2013;02:13:00;12;sem vítima;319,9;BR-101/RJ;Norte;Choque - Defensa, barreira ou "submarino";1;;;;;;;;;;1;;;;
31/12/2013;20:42:00;199;com vítima;319;BR-101/RJ;Norte;Colisão Traseira;1;;;;1;;;;;;44;;2;;
31/12/2013;07:37:00;30;sem vítima;319,938;BR-101/RJ;Norte;Colisão Traseira;2;;;;;;;;;;3;;;;
03/01/2014;18:04:00;197;sem vítima;319,8;BR-101/RJ;Norte;Engavetamento;3;;;;;;;;;;3;;;;
04/01/2014;18:48:00;187;com vítima;319,19;BR-101/RJ;Norte;Colisão Traseira;2;;;;;;;;;;7;1;;;
04/01/2014;20:23:00;206;sem vítima;319,197;BR-101/RJ;Norte;Colisão Traseira;1;;;;;1;;;;;5;;;;
07/01/2014;14:53:00;119;sem vítima;319;BR-101/RJ;Sul;Engavetamento;3;;;;;;;;;;5;;;;
07/01/2014;15:39:00;129;com vítima;319;BR-101/RJ;Norte;Atropelamento - Morador;1;;;;;;;;;;1;;1;;