data;horario;n_da_ocorrencia;tipo_de_ocorrencia;km;trecho;sentido;tipo_de_acidente;automovel;bicicleta;caminhao;moto;onibus;outros;tracao_animal;transporte_de_cargas_especiais;trator_maquinas;utilitarios;ilesos;levemente_feridos;moderadamente_feridos;gravemente_feridos;mortos
12/01/2014;13:31:00;120;sem vítima;319;BR-101/RJ;Sul;Engavetamento;3;;;;;;;;;;9;;;;
16/01/2014;12:27:00;96;sem vítima;319;BR-101/RJ;Sul;Engavetamento;1;;;;;1;;;;1;8;;;;
16/01/2014;06:33:00;20;com vítima;319,77;BR-101/RJ;Sul;Colisão Lateral;2;;;2;;;;;;;3;3;;;
26/01/2014;16:57:00;124;sem vítima;319,385;BR-101/RJ;Norte;Colisão Lateral;2;;;;;;;;;;4;;;;
31/01/2014;17:48:00;182;sem vítima;319;BR-101/RJ;Sul;Colisão Traseira;2;;;;;;;;;;3;;;;
01/02/2014;14:12:00;123;com vítima;319,258;BR-101/RJ;Sul;Outros - Sequência;2;;;1;;;;;;;4;;1;;
01/02/2014;14:43:00;127;sem vítima;319,457;BR-101/RJ;Sul;Engavetamento;3;;;;;;;;;;3;;;;
03/02/2014;09:52:00;89;sem vítima;319;BR-101/RJ;Sul;Colisão Traseira;2;;;;;;;;;;2;;;;
05/02/2014;08:20:00;51;com vítima;319;BR-101/RJ;Sul;Queda de Moto;;;;1;;;;;;;0;1;;;
05/02/2014;10:40:00;91;sem vítima;319;BR-101/RJ;Norte;Colisão Lateral;1;;;;;;;;;1;2;;;;
11/02/2014;06:22:00;29;sem vítima;319;BR-101/RJ;Sul;Engavetamento;3;;;;;;;;;;4;;;;
12/02/2014;07:17:00;40;sem vítima;319;BR-101/RJ;Sul;Colisão Traseira;2;;;;;;;;;;2;;;;
12/02/2014;18:13:00;160;sem vítima;319,15;BR-101/RJ;Norte;Colisão Lateral;1;;;;1;;;;;;2;;;;
12/02/2014;01:04:00;7;com vítima;319,171;BR-101/RJ;Sul;Atropelamento - Outros;1;;;;;;;;;;1;;;;1
13/02/2014;06:43:00;29;com vítima;319;BR-101/RJ;Sul;Colisão Lateral;1;;;1;;;;;;;1;2;;;
21/02/2014;09:20:00;75;sem vítima;319;BR-101/RJ;Sul;Colisão Traseira;1;;;;;1;;;;;2;;;;
25/02/2014;08:07:00;62;sem vítima;319;BR-101/RJ;Sul;Colisão Lateral;1;;;;1;;;;;;3;;;;
25/02/2014;19:46:00;188;com vítima;319;BR-101/RJ;Sul;Colisão Lateral;1;;;1;1;;;;;;4;;1;;
06/03/2014;06:04:00;41;com vítima;319;BR-101/RJ;Sul;Queda de Moto;;;;1;;;;;;;0;;1;;
06/03/2014;10:10:00;84;sem vítima;319;BR-101/RJ;Sul;Colisão Traseira;2;;;;;;;;;;5;;;;
12/03/2014;11:46:00;109;sem vítima;319;BR-101/RJ;Sul;Colisão Lateral;;;;1;;1;;;;;2;;;;
12/03/2014;18:56:00;195;com vítima;319;BR-101/RJ;Norte;Engavetamento;3;;;;;;;;;;4;1;;;
19/03/2014;19:30:00;185;com vítima;319;BR-101/RJ;Norte;Queda de Moto;;;;1;;1;;;;;2;;1;;
19/03/2014;20:17:00;191;sem vítima;319;BR-101/RJ;Norte;Colisão Traseira;2;;;;;;;;;;4;;;;
22/03/2014;07:53:00;34;sem vítima;319;BR-101/RJ;Norte;Colisão Traseira;2;;;;;;;;;;2;;;;
23/03/2014;07:00:00;21;sem vítima;319;BR-101/RJ;Sul;Colisão Traseira;2;;;;;;;;;;2;;;;
28/03/2014;17:06:00;150;sem vítima;319;BR-101/RJ;Sul;Engavetamento;2;;;;;1;;;;;6;;;;
28/03/2014;18:31:00;165;sem vítima;319;BR-101/RJ;Sul;Engavetamento;1;;;;;;;;;1;2;;;;
29/03/2014;07:52:00;56;com vítima;319;BR-101/RJ;Norte;Queda de Moto;;;;1;;;;;;;1;;1;;
29/03/2014;12:21:00;112;sem vítima;319;BR-101/RJ;Norte;Colisão Lateral;2;;;;;;;;;;2;;;;
31/03/2014;08:43:00;60;sem vítima;319;BR-101/RJ;Sul;Engavetamento;2;;;;;1;;;;;3;;;;
01/04/2014;07:24:00;29;sem vítima;319;BR-101/RJ;Sul;Engavetamento;3;;;;;;;;;;7;;;;
02/04/2014;19:56:00;185;sem vítima;319;BR-101/RJ;Norte;Colisão Traseira;1;;;;;1;;;;;2;;;;
03/04/2014;05:53:00;22;sem vítima;319;BR-101/RJ;Sul;Colisão Traseira;2;;;;;;;;;;2;;;;
04/04/2014;08:11:00;35;com vítima;319,35;BR-101/RJ;Sul;Queda de Moto;;;;1;;;;;;;0;2;;;
07/04/2014;08:16:00;57;sem vítima;319;BR-101/RJ;Sul;Colisão Traseira;2;;;;;;;;;;3;;;;
08/04/2014;14:56:00;113;sem vítima;319,825;BR-101/RJ;Norte;Saida de Pista;1;;;;;;;;;;1;;;;
13/04/2014;19:58:00;160;com vítima;319,5;BR-101/RJ;Sul;Colisão Traseira;2;;;;;;;;;;3;1;;;
14/04/2014;19:26:00;165;com vítima;319;BR-101/RJ;Norte;Colisão Lateral;;;;1;;;;;;1;1;2;;;
17/04/2014;07:04:00;25;com vítima;319;BR-101/RJ;Sul;Colisão Traseira;;;;2;;;;;;;0;;2;;
21/04/2014;19:40:00;160;sem vítima;319;BR-101/RJ;Sul;Colisão Traseira;1;;;;;1;;;;;6;;;;
28/04/2014;12:42:00;74;sem vítima;319;BR-101/RJ;Norte;Colisão Lateral;1;;;;1;;;;;;2;;;;
04/05/2014;13:48:00;77;sem vítima;319;BR-101/RJ;Sul;Colisão Traseira;2;;;;;;;;;;6;;;;
13/05/2014;17:57:00;157;sem vítima;319,445;BR-101/RJ;Sul;Engavetamento;7;;;;;;;;;;19;;;;
17/05/2014;09:42:00;53;com vítima;319;BR-101/RJ;Sul;Colisão Traseira;1;;;1;;;;;;;1;1;1;;
17/05/2014;09:11:00;49;sem vítima;319,342;BR-101/RJ;Sul;Engavetamento;3;;;;;;;;;;6;;;;
18/05/2014;14:32:00;99;sem vítima;319,529;BR-101/RJ;Sul;Engavetamento;4;;;;;;;;;;10;;;;
22/05/2014;17:56:00;145;sem vítima;319;BR-101/RJ;Norte;Colisão Lateral;1;;;;;1;;;;;2;;;;
23/05/2014;18:15:00;159;sem vítima;319;BR-101/RJ;Norte;Colisão Lateral;;;;;1;1;;;;;2;;;;
25/05/2014;13:13:00;93;sem vítima;319;BR-101/RJ;Sul;Engavetamento;1;;;;;2;;;;;3;;;;
26/05/2014;11:26:00;89;sem vítima;319,833;BR-101/RJ;Norte;Engavetamento;2;;1;;;;;;;;5;;;;
28/05/2014;20:13:00;156;com vítima;319,1;BR-101/RJ;Sul;Engavetamento;1;;2;;;1;;;;;8;1;;;
28/05/2014;17:41:00;136;sem vítima;319,178;BR-101/RJ;Norte;Colisão Traseira;2;;;;;;;;;;4;;;;
29/05/2014;06:55:00;29;sem vítima;319;BR-101/RJ;Sul;Saida de Pista;;;;;1;;;;;;1;;;;
30/05/2014;06:15:00;23;com vítima;319;BR-101/RJ;Sul;Engavetamento;2;;;1;;;;;;;2;1;;;
30/05/2014;09:34:00;61;sem vítima;319,165;BR-101/RJ;Sul;Colisão Traseira;2;;;;;;;;;;3;;;;
31/05/2014;08:08:00;43;com vítima;319,33;BR-101/RJ;Sul;Engavetamento;3;;;;;;;;;;8;;1;;
03/06/2014;18:32:00;135;sem vítima;319;BR-101/RJ;Norte;Colisão Traseira;2;;;;;;;;;;2;;;;
04/06/2014;01:16:00;7;com vítima;319,301;BR-101/RJ;Sul;Objeto lançado contra veículo;;;2;;;;;;;;1;1;1;;
06/06/2014;10:00:00;62;sem vítima;319;BR-101/RJ;Sul;Colisão Traseira;2;;;;;;;;;;3;;;;
11/06/2014;06:45:00;39;com vítima;319;BR-101/RJ;Sul;Colisão Lateral;2;;;1;;;;;;;2;1;;;
13/06/2014;07:25:00;34;sem vítima;319;BR-101/RJ;Sul;Colisão Traseira;1;;;;1;;;;;;2;;;;
13/06/2014;17:25:00;155;sem vítima;319,45;BR-101/RJ;Sul;Engavetamento;3;;;;;;;;;;3;;;;
16/06/2014;18:25:00;170;sem vítima;319,7;BR-101/RJ;Norte;Colisão Traseira;2;;;;;;;;;;7;;;;
18/06/2014;08:18:00;38;com vítima;319;BR-101/RJ;Sul;Colisão Lateral;1;;;1;;;;;;;1;2;;;
18/06/2014;08:27:00;40;sem vítima;319;BR-101/RJ;Sul;Engavetamento;3;;;;;;;;;;5;;;;
21/06/2014;16:30:00;92;com vítima;319,766;BR-101/RJ;Norte;Saida de Pista;1;;;;;;;;;;0;;1;;
29/06/2014;02:44:00;17;com vítima;319;BR-101/RJ;Sul;Saida de Pista;1;;;;;;;;;;0;;1;;
01/07/2014;18:03:00;144;com vítima;319,305;BR-101/RJ;Norte;Colisão Lateral;;;1;1;;;;;;;1;1;;;
01/07/2014;18:53:00;152;sem vítima;319,365;BR-101/RJ;Sul;Colisão Traseira;2;;;;;;;;;;3;;;;
02/07/2014;06:38:00;23;com vítima;319;BR-101/RJ;Sul;Colisão Lateral;;;;1;;1;;;;;1;1;;;
09/07/2014;08:34:00;56;sem vítima;319;BR-101/RJ;Sul;Colisão Traseira;2;;;;;;;;;;4;;;;
09/07/2014;18:20:00;149;com vítima;319,4;BR-101/RJ;Norte;Colisão Lateral;1;;;1;;;;;;;2;;1;;
10/07/2014;09:47:00;53;sem vítima;319;BR-101/RJ;Sul;Colisão Traseira;2;;;;;1;;;;;4;;;;
10/07/2014;11:33:00;72;sem vítima;319;BR-101/RJ;Norte;Colisão Traseira;1;;;1;;;;;;;3;;;;
11/07/2014;11:56:00;89;sem vítima;319;BR-101/RJ;Sul;Colisão Traseira;2;;;;;;;;;;3;;;;
16/07/2014;09:13:00;59;sem vítima;319;BR-101/RJ;Sul;Colisão Traseira;2;;;;;;;;;;2;;;;
16/07/2014;16:13:00;122;sem vítima;319,83;BR-101/RJ;Norte;Engavetamento;3;;;;;;;;;;5;;;;
18/07/2014;18:16:00;165;sem vítima;319;BR-101/RJ;Norte;Colisão Traseira;1;;;;;1;;;;;2;;;;
24/07/2014;14:06:00;103;sem vítima;319,8;BR-101/RJ;Sul;Colisão Traseira;2;;1;;;1;;;;;7;;;;
30/07/2014;19:12:00;156;sem vítima;319;BR-101/RJ;Norte;Engavetamento;2;;;;;;;;;;6;;;;
30/07/2014;18:27:00;164;sem vítima;319;BR-101/RJ;Norte;Engavetamento;3;;;;;;;;;;4;;;;
07/08/2014;10:24:00;70;sem vítima;319;BR-101/RJ;Sul;Colisão Traseira;2;;;;;;;;;;2;;;;
08/08/2014;06:11:00;23;sem vítima;319;BR-101/RJ;Sul;Colisão Lateral;1;;;1;;;;;;;2;;;;
12/08/2014;06:53:00;26;com vítima;319;BR-101/RJ;Sul;Colisão Lateral;1;;;1;;;;;;;1;1;;;
12/08/2014;08:58:00;61;com vítima;319;BR-101/RJ;Sul;Colisão Lateral;1;;;1;;;;;;;1;1;;;
04/09/2014;20:15:00;129;sem vítima;319,8;BR-101/RJ;Sul;Colisão Traseira;2;;;;;;;;;;8;;;;
07/09/2014;16:08:00;99;com vítima;319;BR-101/RJ;Sul;Colisão Traseira;2;;;;;;;;;;3;;4;;
07/09/2014;20:24:00;144;sem vítima;319;BR-101/RJ;Sul;Colisão Lateral;2;;;;;;;;;;5;;;;
07/09/2014;21:12:00;155;sem vítima;319;BR-101/RJ;Sul;Colisão Lateral;2;;;;;;;;;;3;;;;
10/09/2014;08:29:00;48;sem vítima;319;BR-101/RJ;Norte;Colisão Lateral;1;;;;1;;;;;;2;;;;
12/09/2014;18:11:00;139;com vítima;319;BR-101/RJ;Norte;Colisão Lateral;1;;;1;;;;;;;1;1;;;
12/09/2014;20:43:00;164;sem vítima;319;BR-101/RJ;Norte;Colisão Traseira;2;;;;;;;;;;2;;;;
13/09/2014;07:00:00;26;sem vítima;319,914;BR-101/RJ;Sul;Colisão Lateral;1;;;;1;;;;;;2;;;;
17/09/2014;18:48:00;115;sem vítima;319;BR-101/RJ;Norte;Colisão Traseira;2;;;;;;;;;;3;;;;
18/09/2014;18:47:00;147;sem vítima;319;BR-101/RJ;Sul;Colisão Traseira;1;;;;1;;;;;;3;;;;
22/09/2014;17:06:00;119;sem vítima;319,409;BR-101/RJ;Sul;Engavetamento;3;;;;;;;;;;5;;;;
23/09/2014;06:54:00;22;com vítima;319,638;BR-101/RJ;Sul;Colisão Lateral;1;;;1;;;;;;;2;2;;;
25/09/2014;12:48:00;94;com vítima;319,748;BR-101/RJ;Sul;Colisão Lateral;;;;1;;1;;;;;1;2;;;
29/09/2014;22:22:00;197;com vítima;319;BR-101/RJ;Norte;Colisão Lateral;;;1;1;;;;;;;2;1;1;;
30/09/2014;09:33:00;55;com vítima;319;BR-101/RJ;Sul;Colisão Traseira;1;;;1;;;;;;;1;1;1;;
03/10/2014;20:18:00;165;sem vítima;319,8;BR-101/RJ;Norte;Colisão Traseira;2;;;;;;;;;;4;;;;
06/10/2014;18:43:00;162;com vítima;319;BR-101/RJ;Norte;Engavetamento;3;;;;;;;;;;3;;2;;
08/10/2014;09:54:00;64;sem vítima;319;BR-101/RJ;Sul;Colisão Traseira;2;;;;;;;;;;2;;;;
13/10/2014;14:29:00;125;sem vítima;319;BR-101/RJ;Sul;Colisão Traseira;2;;;;;;;;;;2;;;;
17/10/2014;06:32:00;24;com vítima;319;BR-101/RJ;Sul;Colisão Lateral;1;;;1;;;;;;;1;1;;;
23/10/2014;10:07:00;67;sem vítima;319;BR-101/RJ;Sul;Engavetamento;4;;;;;;;;;;8;;;;
29/10/2014;10:54:00;71;sem vítima;319;BR-101/RJ;Sul;Engavetamento;3;;;;;;;;;;4;;;;
31/10/2014;04:26:00;16;sem vítima;319,175;BR-101/RJ;Norte;Saida de Pista;1;;;;;;;;;;1;;;;
06/11/2014;23:32:00;181;com vítima;319;BR-101/RJ;Sul;Colisão Lateral;1;;;;;1;;;;;1;1;;;
12/11/2014;06:49:00;23;com vítima;319;BR-101/RJ;Sul;Colisão Lateral;;;;1;;1;;;;;1;1;;;
12/11/2014;13:04:00;97;sem vítima;319;BR-101/RJ;Sul;Saida de Pista;1;;;;;;;;;;1;;;;
14/11/2014;07:20:00;34;com vítima;319,93;BR-101/RJ;Sul;Colisão Traseira;;;;1;1;;;;;;1;1;;;
19/11/2014;18:36:00;140;sem vítima;319;BR-101/RJ;Norte;Engavetamento;3;;;;;1;;;;;7;;;;
24/11/2014;15:07:00;115;sem vítima;319,334;BR-101/RJ;Sul;Colisão Traseira;;;;;1;;;;;1;2;;;;
04/12/2014;08:39:00;45;com vítima;319;BR-101/RJ;Sul;Colisão Lateral;1;;;1;;;;;;;1;1;;;
04/12/2014;12:17:00;95;sem vítima;319;BR-101/RJ;Sul;Colisão Traseira;1;;;;;;;;;1;2;;;;
06/12/2014;13:08:00;92;sem vítima;319;BR-101/RJ;Norte;Engavetamento;3;;;;;;;;;;6;;;;
06/12/2014;17:32:00;140;sem vítima;319;BR-101/RJ;Sul;Colisão Traseira;2;;;;;;;;;;2;;;;
10/12/2014;18:39:00;147;sem vítima;319;BR-101/RJ;Norte;Colisão Lateral;1;;1;;;;;;;;3;;;;
14/12/2014;14:21:00;92;sem vítima;319;BR-101/RJ;Sul;Engavetamento;4;;;;;;;;;;10;;;;
20/12/2014;18:05:00;154;com vítima;319;BR-101/RJ;Norte;Atropelamento - Andarilho;;;;;;1;;;;;1;1;;;
22/12/2014;18:29:00;164;sem vítima;319;BR-101/RJ;Sul;Colisão Traseira;1;;1;;;;;;;;4;;;;
23/12/2014;11:09:00;79;sem vítima;319;BR-101/RJ;Sul;Colisão Traseira;1;;;1;;;;;;;2;;;;
26/12/2014;18:06:00;134;sem vítima;319;BR-101/RJ;Norte;Colisão Lateral;;;;1;;;;;;1;4;;;;
27/12/2014;14:19:00;94;com vítima;319;BR-101/RJ;Norte;Queda de Moto;;;;1;;;;;;;0;1;;;
06/01/2015;01:11:00;4;com vítima;319;BR-101/RJ;Sul;Engavetamento;1;;2;;;;;;;;3;1;;;
08/01/2015;11:17:00;72;sem vítima;319;BR-101/RJ;Sul;Engavetamento;2;;1;;;;;;;;7;;;;
09/01/2015;18:32:00;154;com vítima;319;BR-101/RJ;Norte;Colisão Lateral;2;;;1;;;;;;;2;2;;;
16/01/2015;07:16:00;30;sem vítima;319,8;BR-101/RJ;Norte;Engavetamento;3;;;;1;;;;;;43;;;;
18/01/2015;15:49:00;129;sem vítima;319;BR-101/RJ;Norte;Capotamento;1;;;;;;;;;;2;;;;
26/01/2015;12:26:00;101;sem vítima;319;BR-101/RJ;Sul;Engavetamento;4;;;;;;;;;;6;;;;
26/01/2015;15:06:00;133;sem vítima;319;BR-101/RJ;Sul;Engavetamento;3;;;;;;;;;;4;;;;
29/01/2015;18:30:00;141;sem vítima;319;BR-101/RJ;Sul;Colisão Traseira;1;;;;1;;;;;;2;;;;
02/02/2015;17:48:00;148;sem vítima;319;BR-101/RJ;Norte;Engavetamento;2;;;;;;;;;1;3;0;0;0;0
06/02/2015;07:25:00;28;com vítima;319;BR-101/RJ;Sul;Colisão Lateral;;;1;1;;;;;;;1;1;0;0;0
07/02/2015;16:50:00;106;sem vítima;319;BR-101/RJ;Sul;Engavetamento;3;;;;;;;;;;5;0;0;0;0
19/02/2015;11:57:00;98;com vítima;319;BR-101/RJ;Sul;Colisão Traseira;2;;;;;1;;;;;8;1;0;0;0
23/02/2015;12:09:00;84;sem vítima;319;BR-101/RJ;Sul;Engavetamento;3;;;;;;;;;;10;;;;
23/02/2015;16:07:00;113;sem vítima;319;BR-101/RJ;Sul;Colisão Traseira;1;;;;1;;;;;;3;;;;
01/03/2015;20:13:00;143;com vítima;319;BR-101/RJ;Norte;Colisão Lateral;2;;;;;;;;;;2;2;0;0;0
05/03/2015;09:59:00;71;sem vítima;319;BR-101/RJ;Sul;Colisão Lateral;;;;1;;;;;;1;2;0;0;0;
06/03/2015;10:29:00;72;com vítima;319;BR-101/RJ;Sul;Engavetamento;5;;;;;;;;;1;8;0;2;0;0
10/03/2015;17:56:00;123;sem vítima;319;BR-101/RJ;Sul;Colisão Lateral;1;;;1;;;;;;;2;0;0;0;0
10/03/2015;19:56:00;146;com vítima;319;BR-101/RJ;Sul;Colisão Lateral;1;;;1;;;;;;;1;1;0;0;0
10/03/2015;15:39:00;105;sem vítima;319;BR-101/RJ;Sul;Colisão Traseira;2;;;;;;;;;;2;0;0;0;0
12/03/2015;16:11:00;125;com vítima;319;BR-101/RJ;Sul;Capotamento;1;;;;;;;;;;0;0;1;0;0
16/03/2015;10:09:00;84;sem vítima;319;BR-101/RJ;Sul;Colisão Traseira;2;;;;;;;;;;2;0;0;0;0
17/03/2015;07:52:00;48;com vítima;319,95;BR-101/RJ;Sul;Queda de Moto;;;;1;;;;;;;0;1;0;0;0
19/03/2015;07:59:00;50;com vítima;319,6;BR-101/RJ;Sul;Colisão Traseira;;;;1;;;;;;1;2;0;2;0;0
21/03/2015;21:48:00;160;sem vítima;319;BR-101/RJ;Norte;Saida de Pista;1;;;;;;;;;;1;0;0;0;0
23/03/2015;18:28:00;196;sem vítima;319;BR-101/RJ;Norte;Colisão Traseira;2;;;;;;;;;;4;0;0;0;0
29/03/2015;14:20:00;72;com vítima;319;BR-101/RJ;Sul;Choque - Defensa, barreira ou "submarino";1;;;;;;;;;;0;1;1;0;0
29/03/2015;17:22:00;103;sem vítima;319;BR-101/RJ;Sul;Engavetamento;3;;;;;;;;;;9;0;0;0;0
31/03/2015;11:16:00;114;sem vítima;319;BR-101/RJ;Norte;Colisão Traseira;1;;1;;;;;;;;2;0;0;0;0
31/03/2015;03:42:00;19;sem vítima;319,92;BR-101/RJ;Sul;Colisão Lateral;;;2;;;;;;;;3;0;0;0;0
23/04/2015;17:57:00;142;sem vítima;319;BR-101/RJ;Sul;Colisão Traseira;2;;;;;;;;;;3;;;;
27/04/2015;04:37:00;12;sem vítima;319;BR-101/RJ;Sul;Saida de Pista;1;;;;;;;;;;4;;;;
03/05/2015;23:25:00;183;sem vítima;319;BR-101/RJ;Sul;Colisão Traseira;2;;;;;;;;;;4;;;;
04/05/2015;08:28:00;54;com vítima;319,56;BR-101/RJ;Sul;Colisão Lateral;1;;;1;;;;;;;2;1;;;
06/05/2015;13:34:00;129;sem vítima;319;BR-101/RJ;Sul;Colisão Traseira;1;;;;;1;;;;;2;;;;
08/05/2015;18:03:00;187;sem vítima;319;BR-101/RJ;Norte;Colisão Traseira;2;;;;;;;;;;3;;;;
11/05/2015;17:52:00;172;sem vítima;319;BR-101/RJ;Sul;Colisão Traseira;1;;;;;1;;;;;2;;;;
12/05/2015;18:15:00;155;sem vítima;319;BR-101/RJ;Norte;Colisão Traseira;1;;;;;;;;;1;5;;;;
12/05/2015;18:30:00;157;com vítima;319;BR-101/RJ;Norte;Queda de Moto;;;;1;;;;;;;0;1;;;
13/05/2015;08:25:00;48;sem vítima;319,35;BR-101/RJ;Norte;Colisão Traseira;1;;;;;1;;;;;2;;;;
15/05/2015;06:34:00;29;sem vítima;319;BR-101/RJ;Sul;Colisão Traseira;2;;;;;;;;;;6;;;;
19/05/2015;06:16:00;24;com vítima;319;BR-101/RJ;Sul;Colisão Lateral;1;;;1;;;;;;;1;1;;;
19/05/2015;13:44:00;107;sem vítima;319;BR-101/RJ;Sul;Engavetamento;3;;;;;;;;;;4;;;;
23/05/2015;20:50:00;168;sem vítima;319;BR-101/RJ;Sul;Colisão Traseira;2;;;;;;;;;;3;;;;
24/05/2015;07:07:00;31;com vítima;319,874;BR-101/RJ;Norte;Choque - Defensa, barreira ou "submarino";1;;;;;;;;;;0;2;;;
29/05/2015;18:28:00;143;sem vítima;319;BR-101/RJ;Norte;Engavetamento;2;;;1;;;;;;;3;;;;
03/06/2015;14:03:00;120;sem vítima;319;BR-101/RJ;Sul;Colisão Lateral;1;;;1;;;;;;;3;;;;
03/06/2015;17:34:00;168;com vítima;319;BR-101/RJ;Sul;Colisão Lateral;1;;;1;;;;;;;1;1;;;
05/06/2015;11:05:00;68;sem vítima;319;BR-101/RJ;Norte;Colisão Traseira;1;;1;;;;;;;;3;;;;
11/06/2015;17:46:00;173;sem vítima;319;BR-101/RJ;Norte;Colisão Traseira;2;;;;;;;;;;3;;;;
15/06/2015;18:48:00;173;com vítima;319,143;BR-101/RJ;Norte;Colisão Lateral;1;;;1;;;;;;;1;2;;;
19/06/2015;22:24:00;217;com vítima;319;BR-101/RJ;Norte;Colisão Lateral;1;;;;;1;;;;;1;1;;;
26/06/2015;06:57:00;31;com vítima;319,241;BR-101/RJ;Sul;Colisão Lateral;1;;;1;;;;;;;1;2;;;
30/06/2015;17:58:00;193;sem vítima;319;BR-101/RJ;Norte;Colisão Traseira;2;;;;;;;;;;2;;;;
03/07/2015;17:36:00;177;sem vítima;319;BR-101/RJ;Norte;Colisão Traseira;2;;;;;1;;;;;7;;;;
03/07/2015;18:03:00;186;com vítima;319;BR-101/RJ;Norte;Colisão Lateral;1;;;1;;;;;;;1;1;;;
03/07/2015;07:12:00;36;com vítima;319,275;BR-101/RJ;Sul;Colisão Lateral;;;;1;;;;;;1;2;2;;;
04/07/2015;16:09:00;139;com vítima;319,942;BR-101/RJ;Norte;Atropelamento - Outros;;;;;;1;;;;;1;;;;1
10/07/2015;23:40:00;242;com vítima;319;BR-101/RJ;Norte;Queda de Moto;;;;1;;;;;;;0;1;;;
10/07/2015;02:48:00;11;com vítima;319,565;BR-101/RJ;Sul;Tombamento;;;1;;;;;;;;0;3;;;
11/07/2015;21:53:00;200;sem vítima;319;BR-101/RJ;Sul;Colisão Traseira;2;;;;;;;;;;2;;;;
16/07/2015;19:31:00;199;sem vítima;319;BR-101/RJ;Norte;Colisão Lateral;1;;;;;2;;;;;4;;;;
16/07/2015;19:40:00;200;com vítima;319,214;BR-101/RJ;Norte;Queda de Moto;;;;1;;;;;;;0;2;;;
26/07/2015;15:34:00;98;sem vítima;319;BR-101/RJ;Norte;Objeto lançado contra veículo;2;;;;;;;;;;3;;;;
02/08/2015;13:15:00;81;sem vítima;319;BR-101/RJ;Sul;Engavetamento;3;;;;;;;;;;10;;;;
04/08/2015;18:20:00;159;sem vítima;319;BR-101/RJ;Norte;Colisão Traseira;2;;;;;;;;;;4;;;;
05/08/2015;13:57:00;122;sem vítima;319,8;BR-101/RJ;Sul;Colisão Traseira;1;;;;;1;;;;;3;;;;
20/08/2015;16:07:00;138;sem vítima;319;BR-101/RJ;Norte;Colisão Traseira;2;;;;;;;;;;2;;;;
27/08/2015;08:12:00;58;sem vítima;319;BR-101/RJ;Sul;Engavetamento;3;;;;;;;;;;6;;;;
27/08/2015;18:33:00;157;com vítima;319,883;BR-101/RJ;Norte;Colisão Traseira;2;;;;;;;;;;1;1;;;
11/09/2015;21:44:00;228;sem vítima;319;BR-101/RJ;Norte;Saida de Pista;1;;;;;;;;;;1;;;;
25/09/2015;23:00:00;256;com vítima;319,898;BR-101/RJ;Norte;Engavetamento;3;;;;;;;;;;3;1;;;
30/09/2015;20:32:00;185;sem vítima;319;BR-101/RJ;Norte;Colisão Lateral;1;;;;1;;;;;;2;;;;
15/10/2015;07:05:00;38;sem vítima;319,535;BR-101/RJ;Sul;Engavetamento;2;;;;;;;;;1;3;;;;
29/10/2015;20:04:00;197;sem vítima;319;BR-101/RJ;Norte;Colisão Traseira;2;;;;;;;;;;2;;;;
29/10/2015;07:37:00;45;com vítima;319,588;BR-101/RJ;Sul;Colisão Traseira;;;;2;;;;;;;0;2;;;
04/11/2015;16:07:00;156;com vítima;319;BR-101/RJ;Norte;Colisão Lateral;1;;;1;;;;;;;2;1;;;
09/11/2015;10:39:00;102;com vítima;319;BR-101/RJ;Sul;Choque - Defensa, barreira ou "submarino";1;;;;;;;;;;0;3;;;
16/11/2015;08:04:00;55;sem vítima;319;BR-101/RJ;Sul;Colisão Traseira;1;;;;;1;;;;;2;;;;
19/11/2015;16:16:00;166;com vítima;319,223;BR-101/RJ;Sul;Saida de Pista;;;;1;;;;;;;0;;1;;
19/11/2015;05:48:00;23;com vítima;319,7;BR-101/RJ;Sul;Queda de Moto;;;;1;;;;;;;0;;1;;
18/12/2015;16:31:00;210;sem vítima;319;BR-101/RJ;Norte;Colisão Traseira;1;;;;;;;;;1;2;;;;
21/12/2015;02:37:00;13;com vítima;319,81;BR-101/RJ;Sul;Choque - Defensa, barreira ou "submarino";1;;;;;;;;;;0;;1;;2
24/12/2015;18:56:00;213;com vítima;319;BR-101/RJ;Norte;Queda de Moto;;;;1;;;;;;;0;1;;;
28/12/2015;15:52:00;158;sem vítima;319;BR-101/RJ;Norte;Colisão Traseira;2;;;;;;;;;;2;;;;
31/12/2015;21:24:00;265;com vítima;319;BR-101/RJ;Sul;Engavetamento;3;;;;;1;;;;;8;2;;;
05/01/2010;19:28:00;164;sem vítima;320;BR-101/RJ;Norte;Colisão Lateral;1;;;;1;;;;;;2;;;;
06/01/2010;20:25:00;164;sem vítima;320;BR-101/RJ;Norte;Colisão Traseira;2;;;;;;;;;;6;;;;
07/01/2010;19:19:00;192;sem vítima;320;BR-101/RJ;Norte;Colisão Traseira;1;;;;1;;;;;;2;;;;
09/01/2010;11:45:00;98;sem vítima;320;BR-101/RJ;Norte;Colisão Lateral;1;;;;1;;;;;;26;;;;
09/01/2010;15:15:00;141;com vítima;320;BR-101/RJ;Sul;Capotamento;1;;;;;;;;;;0;;1;;
10/01/2010;05:11:00;21;sem vítima;320;BR-101/RJ;Norte;Saida de Pista;1;;;;;;;;;;5;;;;
12/01/2010;18:59:00;179;com vítima;320;BR-101/RJ;Sul;Queda de Moto;;;;1;;;;;;;0;;1;;
13/01/2010;05:50:00;24;com vítima;320;BR-101/RJ;Norte;Atropelamento - Andarilho;;;;;;1;;;;;1;;1;;
14/01/2010;18:40:00;159;com vítima;320;BR-101/RJ;Norte;Engavetamento;1;;;1;1;;;;;;3;;1;;
15/01/2010;17:09:00;150;sem vítima;320;BR-101/RJ;Norte;Colisão Traseira;2;;;;;;;;;;2;;;;
15/01/2010;17:14:00;151;sem vítima;320;BR-101/RJ;Norte;Colisão Traseira;2;;;;;;;;;;3;;;;