data;horario;n_da_ocorrencia;tipo_de_ocorrencia;km;trecho;sentido;tipo_de_acidente;automovel;bicicleta;caminhao;moto;onibus;outros;tracao_animal;transporte_de_cargas_especiais;trator_maquinas;utilitarios;ilesos;levemente_feridos;moderadamente_feridos;gravemente_feridos;mortos
16/01/2010;16:50:00;141;com vítima;320;BR-101/RJ;Norte;Colisão Traseira;4;;;;;2;;;;;7;3;;;
20/01/2010;00:26:00;8;com vítima;320;BR-101/RJ;Sul;Colisão Lateral;1;;1;;;;;;;;1;1;;;
20/01/2010;08:07:00;37;sem vítima;320;BR-101/RJ;Norte;Colisão Lateral;1;;;1;;;;;;;3;;;;
20/01/2010;17:39:00;164;sem vítima;320;BR-101/RJ;Norte;Colisão Traseira;;;;;1;;;;;1;5;;;;
22/01/2010;01:23:00;12;sem vítima;320;BR-101/RJ;Norte;Choque - Defensa, barreira ou "submarino";1;;;;;;;;;;2;;;;
22/01/2010;18:24:00;164;com vítima;320;BR-101/RJ;Norte;Queda de Moto;;;;1;;1;;;;;1;1;;;
24/01/2010;10:42:00;68;sem vítima;320;BR-101/RJ;Norte;Colisão Lateral;;;;1;1;1;;;;;4;;;;
27/01/2010;16:56:00;131;sem vítima;320;BR-101/RJ;Norte;Engavetamento;3;;;;;;;;;;4;;;;
28/01/2010;06:49:00;39;com vítima;320;BR-101/RJ;Sul;Colisão Lateral;1;;;1;;;;;;;2;;1;;
29/01/2010;20:47:00;196;sem vítima;320;BR-101/RJ;Norte;Colisão Traseira;1;;;;1;;;;;;2;;;;
31/01/2010;07:19:00;42;sem vítima;320;BR-101/RJ;Sul;Colisão Traseira;1;;;;1;;;;;;2;;;;
02/02/2010;16:35:00;132;sem vítima;320;BR-101/RJ;Norte;Engavetamento;4;;1;;1;;;;;;9;;;;
03/02/2010;11:46:00;90;sem vítima;320;BR-101/RJ;Norte;Colisão Traseira;1;;1;;;;;;;;2;;;;
04/02/2010;08:30:00;48;sem vítima;320;BR-101/RJ;Sul;Colisão Lateral;1;;;;1;;;;;;2;;;;
04/02/2010;17:50:00;174;sem vítima;320;BR-101/RJ;Norte;Colisão Traseira;2;;;;;;;;;;2;;;;
05/02/2010;07:29:00;46;sem vítima;320;BR-101/RJ;Sul;Colisão Traseira;2;;;;;;;;;;3;;;;
05/02/2010;08:07:00;53;sem vítima;320;BR-101/RJ;Sul;Colisão Traseira;2;;;;;;;;;;3;;;;
05/02/2010;15:28:00;135;sem vítima;320;BR-101/RJ;Sul;Colisão Traseira;1;;;;1;;;;;;2;;;;
05/02/2010;22:39:00;219;sem vítima;320;BR-101/RJ;Norte;Colisão Traseira;1;;1;;;;;;;;5;;;;
06/02/2010;03:28:00;25;sem vítima;320;BR-101/RJ;Norte;Colisão Traseira;1;;1;;;;;;;;2;;;;
10/02/2010;07:46:00;66;sem vítima;320;BR-101/RJ;Norte;Colisão Traseira;2;;;;;;;;;;3;;;;
11/02/2010;04:23:00;17;sem vítima;320;BR-101/RJ;Norte;Colisão Traseira;2;;;;;;;;;;5;;;;
11/02/2010;08:20:00;46;sem vítima;320;BR-101/RJ;Sul;Colisão Lateral;1;;;;1;;;;;;3;;;;
11/02/2010;12:09:00;97;sem vítima;320;BR-101/RJ;Norte;Colisão Lateral;1;;1;;;;;;;;3;;;;
12/02/2010;22:40:00;314;sem vítima;320;BR-101/RJ;Norte;Colisão Lateral;;;;;1;;;;;1;2;;;;
13/02/2010;11:16:00;211;sem vítima;320;BR-101/RJ;Norte;Colisão Lateral;1;;1;;;;;;;;2;;;;
14/02/2010;06:52:00;57;sem vítima;320;BR-101/RJ;Sul;Saida de Pista;1;;;;;;;;;;1;;;;
15/02/2010;14:22:00;93;sem vítima;320;BR-101/RJ;Sul;Queda de Moto;;;;1;;;;;;;1;;;;
15/02/2010;16:04:00;110;com vítima;320;BR-101/RJ;Norte;Queda de Moto;;;;1;;;;;;;0;1;;;
19/02/2010;16:16:00;111;sem vítima;320;BR-101/RJ;Norte;Colisão Traseira;1;;;;;2;;;;;5;;;;
19/02/2010;17:19:00;127;sem vítima;320;BR-101/RJ;Norte;Engavetamento;3;;;;;;;;;;4;;;;
20/02/2010;07:53:00;35;com vítima;320;BR-101/RJ;Norte;Choque - Defensa, barreira ou "submarino";2;;;;1;;;;;;2;1;;;
20/02/2010;11:11:00;72;sem vítima;320;BR-101/RJ;Sul;Colisão Traseira;1;;;;;1;;;;;5;;;;
22/02/2010;09:16:00;72;sem vítima;320;BR-101/RJ;Sul;Colisão Traseira;1;;;;;;;;;;1;;;;
23/02/2010;14:38:00;119;sem vítima;320;BR-101/RJ;Sul;Colisão Traseira;2;;;;;;;;;;3;;;;
24/02/2010;12:53:00;100;sem vítima;320;BR-101/RJ;Norte;Colisão Traseira;2;;;;;;;;;;2;;;;
26/02/2010;19:27:00;168;sem vítima;320;BR-101/RJ;Norte;Colisão Lateral;1;;1;;;;;;;;2;;;;
27/02/2010;11:02:00;67;sem vítima;320;BR-101/RJ;Sul;Colisão Traseira;1;;;;1;;;;;;2;;;;
27/02/2010;18:39:00;149;sem vítima;320;BR-101/RJ;Norte;Colisão Lateral;2;;;;;;;;;;6;;;;
27/02/2010;23:06:00;182;com vítima;320;BR-101/RJ;Sul;Queda de Moto;;;;1;1;;;;;;1;;2;;
02/03/2010;16:27:00;120;com vítima;320;BR-101/RJ;Sul;Colisão Lateral;2;;;;;;;;;;1;;1;;
03/03/2010;12:06:00;90;com vítima;320;BR-101/RJ;Sul;Queda de Moto;;;;1;;;;;;;0;1;;;
04/03/2010;12:22:00;99;sem vítima;320;BR-101/RJ;Norte;Capotamento;;;;;;;;;;1;1;;;;
05/03/2010;08:59:00;52;sem vítima;320;BR-101/RJ;Sul;Colisão Traseira;1;;;;;1;;;;;2;;;;
05/03/2010;13:50:00;119;com vítima;320;BR-101/RJ;Norte;Atropelamento - Andarilho;;;;;1;1;;;;;2;;;;1
05/03/2010;15:47:00;130;sem vítima;320;BR-101/RJ;Norte;Colisão Lateral;1;;1;;;;;;;;3;;;;
05/03/2010;22:42:00;194;sem vítima;320;BR-101/RJ;Norte;Colisão Traseira;1;;1;;;;;;;;2;;;;
06/03/2010;06:05:00;36;com vítima;320;BR-101/RJ;Norte;Outros - Sequência;2;;1;;;;;;;;7;1;1;;
09/03/2010;11:19:00;92;sem vítima;320;BR-101/RJ;Sul;Colisão Traseira;2;;;;;;;;;;2;;;;
09/03/2010;13:43:00;115;sem vítima;320;BR-101/RJ;Sul;Colisão Traseira;1;;;;;1;;;;;2;;;;
10/03/2010;02:38:00;22;sem vítima;320;BR-101/RJ;Norte;Colisão Lateral;1;;1;;;;;;;;2;;;;
10/03/2010;19:04:00;187;sem vítima;320;BR-101/RJ;Sul;Colisão Lateral;2;;;;;;;;;;2;;;;
12/03/2010;21:11:00;202;sem vítima;320;BR-101/RJ;Norte;Colisão Lateral;1;;1;;;;;;;;2;;;;
13/03/2010;09:30:00;63;sem vítima;320;BR-101/RJ;Norte;Colisão Lateral;1;;;;1;;;;;;4;;;;
13/03/2010;12:02:00;77;sem vítima;320;BR-101/RJ;Sul;Colisão Lateral;;;1;;1;;;;;;2;;;;
14/03/2010;08:25:00;48;sem vítima;320;BR-101/RJ;Norte;Colisão Lateral;2;;;;;1;;;;;4;;;;
14/03/2010;17:24:00;148;sem vítima;320;BR-101/RJ;Sul;Saida de Pista;1;;;;;;;;;;1;;;;
15/03/2010;16:24:00;142;com vítima;320;BR-101/RJ;Norte;Colisão Traseira;1;;;1;;;;;;;1;;1;;
15/03/2010;18:52:00;176;sem vítima;320;BR-101/RJ;Norte;Queda de Moto;;;;1;;;;;;;2;;;;
16/03/2010;09:15:00;59;sem vítima;320;BR-101/RJ;Norte;Colisão Lateral;1;;;;1;;;;;;2;;;;
17/03/2010;19:06:00;148;sem vítima;320;BR-101/RJ;Norte;Colisão Lateral;1;;;;;1;;;;;2;;;;
17/03/2010;19:32:00;155;sem vítima;320;BR-101/RJ;Norte;Colisão Traseira;2;;;;;;;;;;4;;;;
19/03/2010;08:06:00;67;sem vítima;320;BR-101/RJ;Sul;Queda de Moto;;;;2;;;;;;;3;;;;
19/03/2010;19:07:00;207;sem vítima;320;BR-101/RJ;Norte;Colisão Traseira;2;;;;;;;;;;5;;;;
20/03/2010;07:04:00;39;com vítima;320;BR-101/RJ;Norte;Colisão Traseira;1;;;1;1;;;;;;3;;1;;
21/03/2010;20:46:00;143;com vítima;320;BR-101/RJ;Norte;Atropelamento - Ciclista;;1;;;;1;;;;;1;1;;;
23/03/2010;10:08:00;59;sem vítima;320;BR-101/RJ;Sul;Colisão Lateral;1;;1;;;;;;;;2;;;;
23/03/2010;20:43:00;198;sem vítima;320;BR-101/RJ;Norte;Colisão Lateral;1;;1;;;;;;;;2;;;;
26/03/2010;22:54:00;211;sem vítima;320;BR-101/RJ;Norte;Colisão Lateral;1;;1;;;;;;;;3;;;;
26/03/2010;23:14:00;221;sem vítima;320;BR-101/RJ;Norte;Colisão Lateral;1;;1;;;;;;;;2;;;;
29/03/2010;17:23:00;140;sem vítima;320;BR-101/RJ;Norte;Colisão Lateral;1;;;;1;;;;;;2;;;;
29/03/2010;23:12:00;187;sem vítima;320;BR-101/RJ;Sul;Colisão Traseira;;;;;1;;;;;1;2;;;;
30/03/2010;04:34:00;25;sem vítima;320;BR-101/RJ;Sul;Colisão Traseira;2;;;;;;;;;;2;;;;
30/03/2010;17:27:00;161;sem vítima;320;BR-101/RJ;Norte;Engavetamento;3;;;;;;;;;;5;;;;
30/03/2010;18:18:00;170;sem vítima;320;BR-101/RJ;Sul;Colisão Traseira;;;;;2;;;;;;2;;;;
31/03/2010;01:59:00;9;sem vítima;320;BR-101/RJ;Norte;Choque - Defensa, barreira ou "submarino";1;;;;;;;;;;1;;;;
31/03/2010;02:05:00;10;sem vítima;320;BR-101/RJ;Sul;Tombamento;1;;;;;;;;;;2;;;;
31/03/2010;02:53:00;14;sem vítima;320;BR-101/RJ;Norte;Colisão Lateral;1;;;;;;;;;;1;;;;
31/03/2010;14:34:00;114;sem vítima;320;BR-101/RJ;Norte;Colisão Traseira;2;;;;;;;;;;3;;;;
31/03/2010;16:21:00;131;sem vítima;320;BR-101/RJ;Norte;Colisão Traseira;1;;1;;;;;;;;4;;;;
31/03/2010;19:00:00;169;sem vítima;320;BR-101/RJ;Norte;Engavetamento;1;;;;1;;;;;1;8;;;;
01/04/2010;08:58:00;64;sem vítima;320;BR-101/RJ;Norte;Colisão Traseira;2;;;;;;;;;;3;;;;
03/04/2010;04:46:00;17;sem vítima;320;BR-101/RJ;Sul;Saida de Pista;1;;;;;;;;;;1;;;;
04/04/2010;18:13:00;180;sem vítima;320;BR-101/RJ;Norte;Colisão Traseira;2;;;;;;;;;;3;;;;
05/04/2010;19:10:00;159;sem vítima;320;BR-101/RJ;Norte;Colisão Traseira;2;;;;;;;;;1;4;;;;
07/04/2010;19:11:00;145;sem vítima;320;BR-101/RJ;Norte;Colisão Traseira;2;;;;;;;;;;4;;;;
08/04/2010;13:27:00;102;sem vítima;320;BR-101/RJ;Sul;Colisão Traseira;1;;1;;;;;;;;2;;;;
09/04/2010;18:50:00;174;sem vítima;320;BR-101/RJ;Norte;Colisão Lateral;1;;;;;1;;;;;2;;;;
09/04/2010;20:58:00;204;sem vítima;320;BR-101/RJ;Norte;Colisão Lateral;1;;1;;;;;;;;2;;;;
13/04/2010;12:22:00;103;sem vítima;320;BR-101/RJ;Norte;Colisão Traseira;3;;1;;;;;;;;7;;;;
16/04/2010;20:26:00;171;sem vítima;320;BR-101/RJ;Norte;Colisão Traseira;1;;;;;1;;;;;4;;;;
16/04/2010;23:29:00;199;sem vítima;320;BR-101/RJ;Norte;Colisão Lateral;1;;1;;;;;;;;4;;;;
17/04/2010;15:42:00;107;sem vítima;320;BR-101/RJ;Norte;Colisão Traseira;3;;;;;;;;;;6;;;;
20/04/2010;13:50:00;101;com vítima;320;BR-101/RJ;Sul;Queda de Moto;;;;1;;;;;;;0;;2;;
20/04/2010;23:32:00;193;sem vítima;320;BR-101/RJ;Norte;Queda de Moto;;;;1;;1;;;;;2;;;;
22/04/2010;22:38:00;210;sem vítima;320;BR-101/RJ;Norte;Colisão Lateral;1;;1;;;;;;;;2;;;;
24/04/2010;12:17:00;79;sem vítima;320;BR-101/RJ;Sul;Colisão Traseira;;;1;;1;;;;;;2;;;;
26/04/2010;18:43:00;156;sem vítima;320;BR-101/RJ;Norte;Engavetamento;4;;;;;;;;;;8;;;;
28/04/2010;12:24:00;103;sem vítima;320;BR-101/RJ;Norte;Colisão Traseira;1;;;;1;;;;;;2;;;;
01/05/2010;21:11:00;156;sem vítima;320;BR-101/RJ;Norte;Choque - Defensa, barreira ou "submarino";1;;;;;;;;;;1;;;;
04/05/2010;16:40:00;139;sem vítima;320;BR-101/RJ;Norte;Engavetamento;2;;;;;;;;;1;4;;;;
05/05/2010;18:09:00;140;sem vítima;320;BR-101/RJ;Norte;Colisão Lateral;2;;;;;;;;;;2;;;;
10/05/2010;02:26:00;12;sem vítima;320;BR-101/RJ;Sul;Choque - Defensa, barreira ou "submarino";1;;;;;;;;;;1;;;;
13/05/2010;12:58:00;78;sem vítima;320;BR-101/RJ;Sul;Colisão Traseira;2;;;;;;;;;;4;;;;
14/05/2010;06:11:00;26;com vítima;320;BR-101/RJ;Norte;Queda de Moto;;;;1;;;;;;;0;;2;;
14/05/2010;06:44:00;29;com vítima;320;BR-101/RJ;Norte;Engavetamento;4;;;;;;;;;;7;1;;;
14/05/2010;07:17:00;36;sem vítima;320;BR-101/RJ;Sul;Colisão Traseira;2;;;;;;;;;;2;;;;
17/05/2010;18:37:00;130;sem vítima;320;BR-101/RJ;Norte;Engavetamento;5;;;;;;;;;;5;;;;
18/05/2010;18:44:00;147;com vítima;320;BR-101/RJ;Sul;Colisão Traseira;1;;;;1;;;;;;1;1;;;
19/05/2010;14:40:00;87;sem vítima;320;BR-101/RJ;Norte;Colisão Lateral;1;;;;1;;;;;;3;;;;
19/05/2010;19:42:00;132;sem vítima;320;BR-101/RJ;Norte;Engavetamento;3;;;1;;;;;;;10;;;;
19/05/2010;22:47:00;150;sem vítima;320;BR-101/RJ;Sul;Colisão Transversal;1;;;;1;;;;;;3;;;;
20/05/2010;22:15:00;182;sem vítima;320;BR-101/RJ;Norte;Colisão Traseira;2;;;;;;;;;;4;;;;
21/05/2010;22:37:00;171;sem vítima;320;BR-101/RJ;Norte;Colisão Lateral;1;;1;;;;;;;;3;;;;
22/05/2010;15:54:00;104;sem vítima;320;BR-101/RJ;Norte;Colisão Lateral;1;;;;1;;;;;;3;;;;
24/05/2010;19:48:00;192;sem vítima;320;BR-101/RJ;Norte;Colisão Traseira;2;;;;;;;;;;2;;;;
24/05/2010;23:01:00;213;sem vítima;320;BR-101/RJ;Sul;Colisão Traseira;2;;1;;;;;;;;4;;;;
25/05/2010;10:05:00;53;com vítima;320;BR-101/RJ;Sul;Queda de Moto;;;;1;;;;;;;0;1;;;
26/05/2010;15:12:00;105;sem vítima;320;BR-101/RJ;Sul;Colisão Traseira;1;;;;1;;;;;;2;;;;
28/05/2010;07:29:00;43;sem vítima;320;BR-101/RJ;Sul;Colisão Transversal;1;;1;;;;;;;;2;;;;
28/05/2010;11:33:00;96;sem vítima;320;BR-101/RJ;Sul;Colisão Traseira;2;;;;;;;;;;8;;;;
02/06/2010;08:24:00;49;sem vítima;320;BR-101/RJ;Sul;Colisão Transversal;1;;;1;;;;;;;2;;;;
02/06/2010;19:11:00;171;sem vítima;320;BR-101/RJ;Norte;Engavetamento;3;;;;;1;;;;;11;;;;
08/06/2010;15:25:00;112;sem vítima;320;BR-101/RJ;Norte;Choque - Defensa, barreira ou "submarino";1;;;;;;;;;;1;;;;
08/06/2010;22:29:00;179;sem vítima;320;BR-101/RJ;Norte;Colisão Lateral;1;;1;;;;;;;;3;;;;
09/06/2010;17:13:00;143;sem vítima;320;BR-101/RJ;Norte;Colisão Traseira;2;;;;;;;;;;7;;;;
09/06/2010;18:16:00;154;sem vítima;320;BR-101/RJ;Norte;Colisão Lateral;2;;;;;;;;;;2;;;;
10/06/2010;22:27:00;174;sem vítima;320;BR-101/RJ;Norte;Colisão Lateral;2;;;;;;;;;;2;;;;
10/06/2010;22:27:00;175;sem vítima;320;BR-101/RJ;Norte;Colisão Lateral;2;;;;;;;;;;2;;;;
11/06/2010;16:10:00;114;sem vítima;320;BR-101/RJ;Norte;Colisão Traseira;3;;;;;;;;;;3;;;;
12/06/2010;14:16:00;110;sem vítima;320;BR-101/RJ;Norte;Colisão Lateral;1;;1;;;;;;;;5;;;;
14/06/2010;23:13:00;186;sem vítima;320;BR-101/RJ;Sul;Choque - Poste;1;;;;;;;;;;1;;;;
16/06/2010;17:39:00;138;sem vítima;320;BR-101/RJ;Norte;Colisão Traseira;2;;;;;;;;;;7;;;;
16/06/2010;18:47:00;154;sem vítima;320;BR-101/RJ;Norte;Colisão Transversal;1;;;;1;;;;;;2;;;;
17/06/2010;08:39:00;47;sem vítima;320;BR-101/RJ;Sul;Colisão Traseira;2;;;;;;;;;;2;;;;
17/06/2010;09:17:00;52;sem vítima;320;BR-101/RJ;Sul;Colisão Traseira;2;;;;;;;;;;3;;;;
17/06/2010;16:50:00;136;sem vítima;320;BR-101/RJ;Norte;Colisão Traseira;2;;;;;;;;;;2;;;;
17/06/2010;18:33:00;150;sem vítima;320;BR-101/RJ;Norte;Colisão Traseira;2;;;;;;;;;;2;;;;
18/06/2010;08:17:00;50;sem vítima;320;BR-101/RJ;Norte;Colisão Traseira;1;;;;1;;;;;;2;;;;
18/06/2010;18:16:00;187;sem vítima;320;BR-101/RJ;Norte;Colisão Lateral;1;;1;;;;;;;;2;;;;
19/06/2010;15:56:00;130;sem vítima;320;BR-101/RJ;Sul;Colisão Lateral;1;;;;1;;;;;;6;;;;
23/06/2010;18:35:00;100;sem vítima;320;BR-101/RJ;Norte;Colisão Lateral;1;;1;;;;;;;;2;;;;
23/06/2010;18:53:00;103;sem vítima;320;BR-101/RJ;Norte;Colisão Traseira;2;;;;;;;;;;9;;;;
23/06/2010;19:39:00;108;sem vítima;320;BR-101/RJ;Norte;Colisão Lateral;1;;1;;;;;;;;2;;;;
23/06/2010;19:35:00;111;sem vítima;320;BR-101/RJ;Norte;Colisão Lateral;2;;;;;;;;;;4;;;;
24/06/2010;15:42:00;129;sem vítima;320;BR-101/RJ;Norte;Colisão Lateral;1;;;;1;;;;;;5;;;;
28/06/2010;15:27:00;108;sem vítima;320;BR-101/RJ;Norte;Engavetamento;3;;;;;1;;;;;10;;;;
01/07/2010;20:39:00;144;sem vítima;320;BR-101/RJ;Norte;Colisão Traseira;1;;;;;1;;;;;2;;;;
01/07/2010;23:26:00;166;sem vítima;320;BR-101/RJ;Norte;Colisão Lateral;1;;1;;;;;;;;2;;;;
05/07/2010;16:10:00;132;sem vítima;320;BR-101/RJ;Norte;Colisão Traseira;2;;;;;;;;;;2;;;;
07/07/2010;06:23:00;24;com vítima;320;BR-101/RJ;Sul;Colisão Traseira;1;;;1;;;;;;;1;2;;;
07/07/2010;06:48:00;28;sem vítima;320;BR-101/RJ;Sul;Colisão Traseira;2;;;;;;;;;;3;;;;
07/07/2010;18:56:00;137;sem vítima;320;BR-101/RJ;Norte;Colisão Traseira;2;;;;;;;;;;4;;;;
07/07/2010;19:15:00;139;sem vítima;320;BR-101/RJ;Norte;Colisão Traseira;1;;;1;;;;;;;4;;;;
10/07/2010;16:55:00;135;sem vítima;320;BR-101/RJ;Norte;Engavetamento;4;;;;;1;;;;;7;;;;
10/07/2010;17:53:00;143;sem vítima;320;BR-101/RJ;Norte;Colisão Traseira;2;;;;;;;;;;5;;;;
14/07/2010;18:25:00;114;sem vítima;320;BR-101/RJ;Norte;Colisão Traseira;2;;;;;;;;;;2;;;;
14/07/2010;23:01:00;149;sem vítima;320;BR-101/RJ;Norte;Colisão Traseira;1;;1;;;;;;;;3;;;;
15/07/2010;16:02:00;124;sem vítima;320;BR-101/RJ;Norte;Colisão Traseira;1;;;;1;;;;;;3;;;;
15/07/2010;16:53:00;136;sem vítima;320;BR-101/RJ;Norte;Colisão Traseira;4;;;;;;;;;;11;;;;
16/07/2010;18:06:00;187;com vítima;320;BR-101/RJ;Norte;Atropelamento - Ciclista;;1;;;;1;;;;;1;;1;;
17/07/2010;15:48:00;158;sem vítima;320;BR-101/RJ;Norte;Colisão Lateral;1;;1;;;;;;;;2;;;;
19/07/2010;08:12:00;49;sem vítima;320;BR-101/RJ;Norte;Outros - Sequência;1;;1;;1;;;;;;3;;;;
19/07/2010;18:35:00;163;sem vítima;320;BR-101/RJ;Norte;Engavetamento;2;;;;;1;;;;;4;;;;
19/07/2010;19:01:00;167;sem vítima;320;BR-101/RJ;Sul;Engavetamento;3;;;;;;;;;;3;;;;
21/07/2010;18:49:00;196;sem vítima;320;BR-101/RJ;Norte;Colisão Traseira;3;;;;;;;;;;6;;;;
22/07/2010;08:35:00;53;com vítima;320;BR-101/RJ;Sul;Colisão Traseira;1;;;1;;;;;;;1;1;;;
23/07/2010;19:28:00;179;com vítima;320;BR-101/RJ;Norte;Colisão Lateral;1;;;1;;;;;;;1;1;;;
23/07/2010;20:03:00;187;sem vítima;320;BR-101/RJ;Norte;Colisão Traseira;3;;;;;;;;;;3;;;;
24/07/2010;16:43:00;158;sem vítima;320;BR-101/RJ;Norte;Engavetamento;3;;;;;;;;;;8;;;;
24/07/2010;17:36:00;171;sem vítima;320;BR-101/RJ;Norte;Engavetamento;3;;;;;;;;;;9;;;;
26/07/2010;15:49:00;152;sem vítima;320;BR-101/RJ;Norte;Colisão Lateral;2;;;;;;;;;;2;;;;
27/07/2010;07:22:00;34;sem vítima;320;BR-101/RJ;Norte;Colisão Lateral;1;;;;1;;;;;;2;;;;
27/07/2010;23:35:00;177;sem vítima;320;BR-101/RJ;Norte;Colisão Traseira;2;;;;;;;;;;2;;;;
28/07/2010;07:17:00;36;sem vítima;320;BR-101/RJ;Sul;Colisão Transversal;1;;1;;;;;;;;3;;;;
28/07/2010;21:00:00;187;sem vítima;320;BR-101/RJ;Norte;Engavetamento;5;;;;;;;;;;7;;;;
29/07/2010;10:53:00;84;sem vítima;320;BR-101/RJ;Sul;Colisão Traseira;2;;;;;;;;;;2;;;;
29/07/2010;12:02:00;101;com vítima;320;BR-101/RJ;Sul;Colisão Traseira;1;;;1;;;;;;;2;1;;;
29/07/2010;13:40:00;120;sem vítima;320;BR-101/RJ;Norte;Choque - Defensa, barreira ou "submarino";;;;;;1;;;;;1;;;;
29/07/2010;17:40:00;159;sem vítima;320;BR-101/RJ;Norte;Colisão Traseira;2;;;;;;;;;;5;;;;
30/07/2010;00:11:00;1;sem vítima;320;BR-101/RJ;Norte;Colisão Traseira;1;;;1;;;;;;;3;;;;
30/07/2010;13:47:00;115;sem vítima;320;BR-101/RJ;Sul;Colisão Traseira;3;;;;;;;;;;5;;;;
31/07/2010;10:13:00;84;sem vítima;320;BR-101/RJ;Sul;Colisão Traseira;2;;;;;;;;;;3;;;;
01/08/2010;22:42:00;222;sem vítima;320;BR-101/RJ;Norte;Colisão Lateral;1;;1;;;;;;;;4;;;;
02/08/2010;08:37:00;62;sem vítima;320;BR-101/RJ;Sul;Colisão Lateral;;;1;;1;;;;;;2;;;;
02/08/2010;15:32:00;153;sem vítima;320;BR-101/RJ;Sul;Colisão Lateral;1;;1;;;;;;;;4;;;;
04/08/2010;19:39:00;142;sem vítima;320;BR-101/RJ;Norte;Colisão Traseira;3;;;;;;;;;;3;;;;
06/08/2010;07:35:00;36;com vítima;320;BR-101/RJ;Sul;Colisão Traseira;2;;;1;;;;;;;4;;1;;
06/08/2010;20:52:00;176;sem vítima;320;BR-101/RJ;Norte;Colisão Lateral;1;;;1;;;;;;;2;;;;
11/08/2010;09:05:00;50;sem vítima;320;BR-101/RJ;Sul;Colisão Traseira;2;;;;;;;;;;4;;;;
13/08/2010;16:10:00;133;sem vítima;320;BR-101/RJ;Norte;Colisão Traseira;3;;;;;;;;;;3;;;;
13/08/2010;21:20:00;194;sem vítima;320;BR-101/RJ;Norte;Colisão Lateral;1;;1;;;;;;;;2;;;;
14/08/2010;12:48:00;120;sem vítima;320;BR-101/RJ;Sul;Engavetamento;4;;;;;;;;;;7;;;;
16/08/2010;01:09:00;4;sem vítima;320;BR-101/RJ;Sul;Saida de Pista;1;;;;;;;;;;1;;;;
16/08/2010;08:55:00;43;com vítima;320;BR-101/RJ;Sul;Outros - Sequência;1;;;1;1;;;;;;2;;1;;
17/08/2010;07:30:00;37;com vítima;320;BR-101/RJ;Sul;Colisão Lateral;;;1;1;1;;;;;;3;;;;1
17/08/2010;17:31:00;137;sem vítima;320;BR-101/RJ;Norte;Colisão Traseira;1;;;;1;;;;;;3;;;;
17/08/2010;19:25:00;163;sem vítima;320;BR-101/RJ;Sul;Colisão Lateral;1;;1;;;;;;;;2;;;;
17/08/2010;19:47:00;167;sem vítima;320;BR-101/RJ;Norte;Engavetamento;3;;;;;;;;;;5;;;;
18/08/2010;09:15:00;48;sem vítima;320;BR-101/RJ;Sul;Colisão Traseira;;;;1;1;;;;;;2;;;;
18/08/2010;21:47:00;165;sem vítima;320;BR-101/RJ;Sul;Choque - Defensa, barreira ou "submarino";1;;1;;;;;;;;2;;;;
19/08/2010;14:56:00;113;sem vítima;320;BR-101/RJ;Norte;Colisão Traseira;;;1;;;;;;;1;3;;;;
20/08/2010;23:23:00;199;sem vítima;320;BR-101/RJ;Norte;Colisão Traseira;1;;1;;;;;;;;2;;;;
23/08/2010;07:50:00;37;sem vítima;320;BR-101/RJ;Sul;Colisão Lateral;1;;;1;;;;;;;2;;;;
23/08/2010;18:24:00;162;sem vítima;320;BR-101/RJ;Norte;Colisão Lateral;;;1;;1;;;;;;2;;;;
25/08/2010;08:34:00;39;sem vítima;320;BR-101/RJ;Sul;Colisão Traseira;1;;;;1;;;;;;2;;;;
25/08/2010;21:15:00;163;sem vítima;320;BR-101/RJ;Norte;Saida de Pista;1;;;;;;;;;;2;;;;
26/08/2010;12:54:00;104;sem vítima;320;BR-101/RJ;Norte;Colisão Traseira;1;;1;;;;;;;;2;;;;
26/08/2010;18:05:00;160;sem vítima;320;BR-101/RJ;Sul;Colisão Traseira;1;;1;;;;;;;;2;;;;
27/08/2010;16:17:00;146;sem vítima;320;BR-101/RJ;Norte;Colisão Traseira;3;;;;;;;;;;6;;;;
29/08/2010;00:58:00;5;com vítima;320;BR-101/RJ;Norte;Colisão Traseira;2;;;;;;;;;;6;1;;;
30/08/2010;20:16:00;185;sem vítima;320;BR-101/RJ;Norte;Engavetamento;4;;;;;;;;;;6;;;;
31/08/2010;06:07:00;30;sem vítima;320;BR-101/RJ;Sul;Colisão Traseira;2;;;;;;;;;;5;;;;
01/09/2010;19:48:00;146;sem vítima;320;BR-101/RJ;Norte;Colisão Lateral;1;;;;1;;;;;;2;;;;
03/09/2010;05:52:00;27;sem vítima;320;BR-101/RJ;Norte;Colisão Traseira;2;;;;;;;;;;2;;;;
03/09/2010;18:25:00;175;sem vítima;320;BR-101/RJ;Norte;Colisão Lateral;;;;1;1;;;;;;2;;;;
03/09/2010;18:29:00;176;sem vítima;320;BR-101/RJ;Norte;Colisão Traseira;2;;;;;;;;;;3;;;;
04/09/2010;03:25:00;20;com vítima;320;BR-101/RJ;Norte;Capotamento;1;;;;;;;;;;0;1;;;
04/09/2010;14:34:00;171;sem vítima;320;BR-101/RJ;Norte;Colisão Traseira;3;;;;;;;;;;3;;;;
07/09/2010;11:30:00;68;sem vítima;320;BR-101/RJ;Norte;Colisão Lateral;1;;;;;;;;;1;3;;;;
07/09/2010;21:01:00;191;sem vítima;320;BR-101/RJ;Norte;Colisão Lateral;1;;1;;;;;;;;3;;;;
08/09/2010;08:33:00;65;sem vítima;320;BR-101/RJ;Sul;Colisão Traseira;;;;;2;;;;;;2;;;;
08/09/2010;12:28:00;119;sem vítima;320;BR-101/RJ;Norte;Colisão Traseira;3;;;;;;;;;;4;;;;