data;horario;n_da_ocorrencia;tipo_de_ocorrencia;km;trecho;sentido;tipo_de_acidente;automovel;bicicleta;caminhao;moto;onibus;outros;tracao_animal;transporte_de_cargas_especiais;trator_maquinas;utilitarios;ilesos;levemente_feridos;moderadamente_feridos;gravemente_feridos;mortos
08/09/2010;22:23:00;226;sem vítima;320;BR-101/RJ;Norte;Colisão Traseira;1;;1;;;;;;;;2;;;;
09/09/2010;16:22:00;131;sem vítima;320;BR-101/RJ;Norte;Colisão Traseira;2;;;;;;;;;;2;;;;
10/09/2010;15:15:00;124;sem vítima;320;BR-101/RJ;Norte;Colisão Lateral;1;;1;;;;;;;;2;;;;
13/09/2010;22:06:00;200;sem vítima;320;BR-101/RJ;Sul;Colisão Traseira;;;1;;2;;;;;;5;;;;
13/09/2010;23:30:00;206;sem vítima;320;BR-101/RJ;Norte;Colisão Lateral;1;;1;;;;;;;;3;;;;
14/09/2010;19:41:00;150;sem vítima;320;BR-101/RJ;Norte;Colisão Traseira;2;;;;;;;;;;2;;;;
16/09/2010;20:46:00;167;sem vítima;320;BR-101/RJ;Norte;Colisão Lateral;1;;1;;;;;;;;2;;;;
17/09/2010;19:08:00;165;sem vítima;320;BR-101/RJ;Norte;Colisão Lateral;1;;1;;;;;;;;4;;;;
18/09/2010;21:19:00;176;sem vítima;320;BR-101/RJ;Norte;Colisão Lateral;1;;;;1;;;;;;5;;;;
20/09/2010;07:53:00;58;sem vítima;320;BR-101/RJ;Norte;Colisão Traseira;2;;;;;;;;;;2;;;;
22/09/2010;12:16:00;98;sem vítima;320;BR-101/RJ;Sul;Colisão Traseira;2;;;;;;;;;;2;;;;
22/09/2010;17:24:00;149;sem vítima;320;BR-101/RJ;Norte;Colisão Lateral;1;;1;;;;;;;;3;;;;
25/09/2010;07:04:00;33;sem vítima;320;BR-101/RJ;Norte;Choque - Defensa, barreira ou "submarino";1;;;;;1;;;;;2;;;;
26/09/2010;14:19:00;94;com vítima;320;BR-101/RJ;Norte;Queda de Moto;;;;1;;;;;;;0;;1;;
26/09/2010;18:34:00;127;sem vítima;320;BR-101/RJ;Norte;Engavetamento;4;;;;;1;;;;;9;;;;
27/09/2010;19:31:00;160;com vítima;320;BR-101/RJ;Norte;Colisão Traseira;;;;;2;;;;;;82;8;12;;
28/09/2010;16:11:00;126;sem vítima;320;BR-101/RJ;Norte;Colisão Lateral;1;;1;;;;;;;;2;;;;
29/09/2010;17:13:00;158;sem vítima;320;BR-101/RJ;Norte;Colisão Traseira;2;;;;;;;;;;3;;;;
29/09/2010;18:19:00;174;sem vítima;320;BR-101/RJ;Sul;Colisão Traseira;2;;;;;;;;;;2;;;;
29/09/2010;18:42:00;179;sem vítima;320;BR-101/RJ;Norte;Colisão Traseira;2;;;;;1;;;;;3;;;;
01/10/2010;18:45:00;188;sem vítima;320;BR-101/RJ;Norte;Colisão Lateral;1;;;1;;;;;;;2;;;;
01/10/2010;19:09:00;190;sem vítima;320;BR-101/RJ;Norte;Colisão Traseira;1;;1;;;;;;;;2;;;;
01/10/2010;20:21:00;203;sem vítima;320;BR-101/RJ;Norte;Engavetamento;4;;;;;;;;;;7;;;;
01/10/2010;22:32:00;235;sem vítima;320;BR-101/RJ;Norte;Colisão Lateral;1;;1;;;;;;;;3;;;;
02/10/2010;10:05:00;64;sem vítima;320;BR-101/RJ;Norte;Colisão Lateral;1;;;;1;;;;;;2;;;;
03/10/2010;05:11:00;16;com vítima;320;BR-101/RJ;Norte;Colisão Traseira;2;;;;2;;;;;;52;1;3;;
04/10/2010;19:57:00;154;sem vítima;320;BR-101/RJ;Norte;Colisão Lateral;1;;1;;;;;;;;3;;;;
05/10/2010;16:02:00;129;com vítima;320;BR-101/RJ;Norte;Queda de Moto;;;;1;;;;;;;0;;1;;
06/10/2010;13:53:00;94;sem vítima;320;BR-101/RJ;Norte;Saida de Pista;1;;;;;;;;;;1;;;;
07/10/2010;21:53:00;198;sem vítima;320;BR-101/RJ;Sul;Colisão Lateral;1;;1;;;;;;;;2;;;;
08/10/2010;18:25:00;143;sem vítima;320;BR-101/RJ;Norte;Colisão Lateral;1;;;;1;;;;;;3;;;;
10/10/2010;04:34:00;42;sem vítima;320;BR-101/RJ;Sul;Colisão Traseira;2;;;;;;;;;;6;;;;
10/10/2010;22:02:00;181;sem vítima;320;BR-101/RJ;Sul;Colisão Traseira;3;;;;;;;;;;13;;;;
11/10/2010;03:43:00;10;sem vítima;320;BR-101/RJ;Norte;Colisão Traseira;1;;;;;;;;;;4;;;;
11/10/2010;17:09:00;109;sem vítima;320;BR-101/RJ;Norte;Engavetamento;4;;;;;;;;;;5;;;;
11/10/2010;18:44:00;122;sem vítima;320;BR-101/RJ;Norte;Colisão Traseira;2;;;;;;;;;;6;;;;
12/10/2010;00:03:00;1;sem vítima;320;BR-101/RJ;Norte;Colisão Lateral;1;;;;1;;;;;;6;;;;
13/10/2010;07:24:00;30;sem vítima;320;BR-101/RJ;Sul;Colisão Traseira;;;;2;;;;;;;2;;;;
13/10/2010;16:54:00;149;com vítima;320;BR-101/RJ;Norte;Atropelamento - Ambulante;;;;1;;;;;;;1;1;;;
14/10/2010;09:14:00;36;sem vítima;320;BR-101/RJ;Norte;Choque - Outros;1;;;;;1;;;;;2;;;;
15/10/2010;21:58:00;211;com vítima;320;BR-101/RJ;Norte;Atropelamento - Andarilho;;;;;;1;;;;;1;1;;;
16/10/2010;13:01:00;71;com vítima;320;BR-101/RJ;Sul;Colisão Traseira;1;;;;1;;;;;;2;2;;;
16/10/2010;15:54:00;98;com vítima;320;BR-101/RJ;Sul;Queda de Moto;;;;1;;;;;;;0;;;1;
16/10/2010;16:23:00;103;sem vítima;320;BR-101/RJ;Sul;Colisão Traseira;1;;;;1;;;;;;4;;;;
16/10/2010;15:54:00;105;sem vítima;320;BR-101/RJ;Sul;Colisão Traseira;1;;;;1;;;;;;2;;;;
16/10/2010;17:44:00;123;sem vítima;320;BR-101/RJ;Norte;Colisão Lateral;1;;1;;;;;;;;2;;;;
16/10/2010;18:39:00;128;sem vítima;320;BR-101/RJ;Norte;Engavetamento;5;;;;;;;;;;7;;;;
18/10/2010;13:33:00;76;sem vítima;320;BR-101/RJ;Norte;Colisão Traseira;2;;;;;;;;;;3;;;;
18/10/2010;15:09:00;91;sem vítima;320;BR-101/RJ;Sul;Saida de Pista;1;;;;;;;;;;1;;;;
18/10/2010;15:42:00;98;sem vítima;320;BR-101/RJ;Norte;Colisão Lateral;1;;1;;;;;;;;2;;;;
20/10/2010;17:16:00;128;sem vítima;320;BR-101/RJ;Sul;Colisão Lateral;2;;;;;;;;;;2;;;;
22/10/2010;17:27:00;133;sem vítima;320;BR-101/RJ;Norte;Colisão Lateral;2;;;;;;;;;;2;;;;
22/10/2010;23:08:00;198;sem vítima;320;BR-101/RJ;Norte;Colisão Lateral;1;;1;;;;;;;;5;;;;
23/10/2010;06:23:00;37;sem vítima;320;BR-101/RJ;Norte;Colisão Lateral;2;;;;;;;;;;2;;;;
24/10/2010;00:12:00;7;sem vítima;320;BR-101/RJ;Norte;Colisão Lateral;1;;1;;;;;;;;4;;;;
24/10/2010;04:30:00;29;sem vítima;320;BR-101/RJ;Norte;Choque - Outros;1;;;;;;;;;;1;;;;
26/10/2010;20:33:00;172;sem vítima;320;BR-101/RJ;Sul;Colisão Traseira;2;;;;;2;;;;;5;;;;
26/10/2010;22:24:00;185;com vítima;320;BR-101/RJ;Norte;Colisão Traseira;3;;;;1;;;;;;1;5;;;
27/10/2010;13:45:00;98;sem vítima;320;BR-101/RJ;Sul;Colisão Traseira;1;;;;1;;;;;;5;;;;
28/10/2010;11:54:00;92;sem vítima;320;BR-101/RJ;Sul;Colisão Lateral;1;;1;;;;;;;;3;;;;
28/10/2010;16:32:00;128;sem vítima;320;BR-101/RJ;Norte;Colisão Traseira;2;;;;;;;;;;5;;;;
29/10/2010;07:22:00;40;sem vítima;320;BR-101/RJ;Sul;Colisão Lateral;1;;;;1;;;;;;2;;;;
30/10/2010;13:15:00;132;com vítima;320;BR-101/RJ;Sul;Engavetamento;4;;;;1;;;;;;4;2;2;;
30/10/2010;16:54:00;174;com vítima;320;BR-101/RJ;Norte;Engavetamento;1;;;;;;;;;2;5;1;;;
31/10/2010;12:15:00;81;sem vítima;320;BR-101/RJ;Norte;Colisão Traseira;2;;;;;;;;;;2;;;;
01/11/2010;17:17:00;125;sem vítima;320;BR-101/RJ;Norte;Engavetamento;6;;;;;;;;;;10;;;;
02/11/2010;16:28:00;108;sem vítima;320;BR-101/RJ;Sul;Colisão Traseira;2;;;;;;;;;;4;;;;
03/11/2010;17:19:00;146;sem vítima;320;BR-101/RJ;Norte;Colisão Traseira;2;;;;;;;;;;3;;;;
03/11/2010;17:22:00;155;sem vítima;320;BR-101/RJ;Norte;Engavetamento;4;;;;;;;;;;6;;;;
04/11/2010;10:22:00;65;sem vítima;320;BR-101/RJ;Norte;Colisão Traseira;2;;;;;;;;;;2;;;;
04/11/2010;18:41:00;153;sem vítima;320;BR-101/RJ;Norte;Colisão Traseira;2;;;;;;;;;;3;;;;
05/11/2010;20:19:00;180;sem vítima;320;BR-101/RJ;Sul;Saida de Pista;1;;;;;;;;;;1;;;;
08/11/2010;11:19:00;77;sem vítima;320;BR-101/RJ;Norte;Colisão Traseira;2;;;;;;;;;;4;;;;
11/11/2010;05:43:00;28;sem vítima;320;BR-101/RJ;Norte;Colisão Traseira;2;;;;;;;;;;3;;;;
12/11/2010;08:42:00;51;com vítima;320;BR-101/RJ;Sul;Colisão Traseira;1;;;1;;;;;;;1;;1;;
12/11/2010;13:50:00;101;sem vítima;320;BR-101/RJ;Norte;Colisão Traseira;1;;;;;1;;;;;2;;;;
13/11/2010;04:41:00;23;sem vítima;320;BR-101/RJ;Sul;Colisão Lateral;1;;;;1;;;;;;2;;;;
13/11/2010;08:50:00;71;com vítima;320;BR-101/RJ;Norte;Colisão Traseira;2;;;;;;;;;;2;2;;;
16/11/2010;09:31:00;70;sem vítima;320;BR-101/RJ;Sul;Colisão Lateral;3;;;;;;;;;;6;;;;
17/11/2010;08:58:00;61;com vítima;320;BR-101/RJ;Sul;Colisão Lateral;1;;;1;;;;;;;1;1;;;
18/11/2010;16:02:00;148;sem vítima;320;BR-101/RJ;Sul;Colisão Traseira;2;;;;;;;;;;2;;;;
19/11/2010;12:09:00;93;sem vítima;320;BR-101/RJ;Norte;Colisão Traseira;2;;;;;;;;;;2;;;;
19/11/2010;21:37:00;211;sem vítima;320;BR-101/RJ;Sul;Engavetamento;3;;;;;;;;;;6;;;;
21/11/2010;05:28:00;20;sem vítima;320;BR-101/RJ;Norte;Colisão Lateral;1;;;;;;;;;;1;;;;
22/11/2010;23:49:00;217;sem vítima;320;BR-101/RJ;Sul;Colisão Traseira;1;;1;;;;;;;;3;;;;
24/11/2010;07:56:00;38;sem vítima;320;BR-101/RJ;Norte;Colisão Lateral;1;;;;1;;;;;;2;;;;
24/11/2010;17:41:00;142;sem vítima;320;BR-101/RJ;Norte;Colisão Traseira;2;;;;;;;;;;2;;;;
24/11/2010;18:35:00;148;sem vítima;320;BR-101/RJ;Norte;Colisão Traseira;2;;;;;;;;;;3;;;;
24/11/2010;19:02:00;155;sem vítima;320;BR-101/RJ;Norte;Colisão Traseira;2;;;;;;;;;;2;;;;
24/11/2010;19:03:00;156;sem vítima;320;BR-101/RJ;Norte;Colisão Lateral;2;;;1;;;;;;;3;;;;
25/11/2010;06:36:00;34;sem vítima;320;BR-101/RJ;Sul;Colisão Traseira;2;;;;;;;;;;3;;;;
26/11/2010;13:48:00;91;sem vítima;320;BR-101/RJ;Norte;Colisão Traseira;1;;1;;;;;;;;4;;;;
27/11/2010;15:25:00;111;sem vítima;320;BR-101/RJ;Norte;Outros;1;;;;;;;;;;1;;;;
01/12/2010;04:40:00;20;sem vítima;320;BR-101/RJ;Norte;Capotamento;1;;;;;;;;;;1;;;;
01/12/2010;17:12:00;155;sem vítima;320;BR-101/RJ;Norte;Engavetamento;5;;;;;;;;;;10;;;;
01/12/2010;17:48:00;160;sem vítima;320;BR-101/RJ;Sul;Colisão Lateral;1;;;;1;;;;;;2;;;;
05/12/2010;23:45:00;212;sem vítima;320;BR-101/RJ;Sul;Colisão Traseira;2;;;;;;;;;;6;;;;
10/12/2010;10:45:00;82;sem vítima;320;BR-101/RJ;Norte;Colisão Lateral;;;;;;;;;;1;3;;;;
10/12/2010;12:35:00;106;sem vítima;320;BR-101/RJ;Norte;Colisão Traseira;2;;;;;;;;;;5;;;;
10/12/2010;23:00:00;210;sem vítima;320;BR-101/RJ;Norte;Colisão Lateral;1;;1;;;;;;;;2;;;;
11/12/2010;06:40:00;36;sem vítima;320;BR-101/RJ;Norte;Colisão Traseira;1;;;;;;;;;1;7;;;;
11/12/2010;16:35:00;149;sem vítima;320;BR-101/RJ;Norte;Engavetamento;5;;;;;;;;;;6;;;;
13/12/2010;17:43:00;170;sem vítima;320;BR-101/RJ;Norte;Colisão Traseira;2;;;;;;;;;;2;;;;
13/12/2010;18:05:00;175;sem vítima;320;BR-101/RJ;Norte;Colisão Traseira;2;;;;;;;;;;3;;;;
13/12/2010;20:36:00;208;sem vítima;320;BR-101/RJ;Norte;Colisão Traseira;2;;;;;;;;;;2;;;;
13/12/2010;23:08:00;240;sem vítima;320;BR-101/RJ;Norte;Colisão Lateral;1;;1;;;;;;;;2;;;;
13/12/2010;22:54:00;241;sem vítima;320;BR-101/RJ;Norte;Colisão Lateral;1;;1;;;;;;;;2;;;;
13/12/2010;23:00:00;242;sem vítima;320;BR-101/RJ;Sul;Colisão Traseira;;;2;;;;;;;;2;;;;
14/12/2010;18:12:00;161;sem vítima;320;BR-101/RJ;Norte;Colisão Traseira;3;;;;;;;;;;3;;;;
14/12/2010;20:31:00;183;sem vítima;320;BR-101/RJ;Norte;Colisão Lateral;1;;1;;;;;;;;4;;;;
15/12/2010;10:15:00;79;com vítima;320;BR-101/RJ;Norte;Queda de Moto;;;;1;;1;;;;;1;1;;;
15/12/2010;11:06:00;91;sem vítima;320;BR-101/RJ;Sul;Colisão Traseira;1;;;;;1;;;;;2;;;;
15/12/2010;13:29:00;117;sem vítima;320;BR-101/RJ;Sul;Queda de Moto;;;;1;;1;;;;;2;;;;
15/12/2010;18:29:00;173;sem vítima;320;BR-101/RJ;Norte;Engavetamento;3;;;;;;;;;;6;;;;
15/12/2010;22:33:00;216;sem vítima;320;BR-101/RJ;Norte;Colisão Lateral;1;;1;;;;;;;;2;;;;
15/12/2010;22:59:00;220;sem vítima;320;BR-101/RJ;Norte;Colisão Traseira;1;;1;;;;;;;;2;;;;
15/12/2010;23:18:00;222;sem vítima;320;BR-101/RJ;Norte;Colisão Lateral;1;;1;;;;;;;;2;;;;
16/12/2010;16:12:00;170;sem vítima;320;BR-101/RJ;Norte;Colisão Traseira;2;;;;;;;;;;2;;;;
16/12/2010;17:36:00;187;sem vítima;320;BR-101/RJ;Norte;Colisão Lateral;1;;;;;;;;;1;5;;;;
17/12/2010;18:19:00;182;sem vítima;320;BR-101/RJ;Norte;Colisão Lateral;1;;;;1;;;;;;2;;;;
17/12/2010;19:45:00;203;sem vítima;320;BR-101/RJ;Norte;Colisão Lateral;1;;1;;;;;;;;2;;;;
19/12/2010;13:05:00;110;com vítima;320;BR-101/RJ;Sul;Colisão Lateral;;;;1;;1;;;;;1;1;;;
20/12/2010;17:00:00;154;sem vítima;320;BR-101/RJ;Sul;Colisão Traseira;1;;;;1;;;;;;5;;;;
22/12/2010;19:08:00;174;sem vítima;320;BR-101/RJ;Norte;Colisão Traseira;1;;1;;;;;;;;3;;;;
22/12/2010;23:49:00;244;sem vítima;320;BR-101/RJ;Norte;Colisão Transversal;;;1;;;1;;;;;2;;;;
23/12/2010;10:51:00;99;sem vítima;320;BR-101/RJ;Sul;Colisão Traseira;;;1;;;1;;;;;3;;;;
23/12/2010;18:20:00;206;sem vítima;320;BR-101/RJ;Norte;Colisão Traseira;2;;;;;;;;;;2;;;;
25/12/2010;05:39:00;24;com vítima;320;BR-101/RJ;Sul;Queda de Moto;;;;1;;;;;;;0;;1;;
26/12/2010;19:36:00;174;sem vítima;320;BR-101/RJ;Norte;Saida de Pista;1;;;;;;;;;;3;;;;
27/12/2010;16:30:00;139;sem vítima;320;BR-101/RJ;Norte;Colisão Traseira;2;;;;;;;;;;2;;;;
27/12/2010;17:53:00;160;sem vítima;320;BR-101/RJ;Norte;Colisão Lateral;1;;1;;;;;;;;2;;;;
28/12/2010;18:05:00;155;sem vítima;320;BR-101/RJ;Norte;Saida de Pista;1;;;;;;;;;;1;;;;
28/12/2010;22:33:00;203;sem vítima;320;BR-101/RJ;Norte;Colisão Traseira;2;;;;;;;;;;6;;;;
31/12/2010;21:50:00;238;sem vítima;320;BR-101/RJ;Norte;Colisão Lateral;1;;;;1;;;;;;3;;;;
03/01/2011;11:33:00;135;sem vítima;320;BR-101/RJ;Norte;Colisão Traseira;2;;;;;;;;;;7;;;;
03/01/2011;11:59:00;145;sem vítima;320;BR-101/RJ;Norte;Colisão Traseira;;;;;2;;;;;;2;;;;
03/01/2011;12:07:00;149;sem vítima;320;BR-101/RJ;Norte;Colisão Traseira;2;;;;;;;;;;8;;;;
03/01/2011;12:44:00;155;sem vítima;320;BR-101/RJ;Norte;Colisão Traseira;1;;1;;;;;;;;7;;;;
03/01/2011;12:12:00;169;sem vítima;320;BR-101/RJ;Sul;Colisão Traseira;1;;;;;;;;;1;3;;;;
04/01/2011;04:49:00;20;sem vítima;320;BR-101/RJ;Sul;Saida de Pista;1;;;;;;;;;;2;;;;
04/01/2011;08:53:00;62;sem vítima;320;BR-101/RJ;Norte;Colisão Lateral;1;;;;1;;;;;;6;;;;
04/01/2011;11:57:00;110;sem vítima;320;BR-101/RJ;Norte;Colisão Traseira;;;1;;;;;;;1;2;;;;
04/01/2011;17:33:00;180;sem vítima;320;BR-101/RJ;Norte;Colisão Traseira;2;;;;;;;;;;3;;;;
06/01/2011;18:44:00;166;com vítima;320;BR-101/RJ;Sul;Capotamento;1;;;;;;;;;;1;1;;;
08/01/2011;15:48:00;192;sem vítima;320;BR-101/RJ;Norte;Objeto lançado contra veículo;1;;1;;;;;;;;2;;;;
09/01/2011;18:34:00;155;sem vítima;320;BR-101/RJ;Norte;Colisão Lateral;2;;;;;;;;;;7;;;;
10/01/2011;07:18:00;37;com vítima;320;BR-101/RJ;Sul;Colisão Traseira;;;;2;;;;;;;1;;1;;
10/01/2011;14:37:00;137;sem vítima;320;BR-101/RJ;Sul;Colisão Traseira;2;;1;;;;;;;;4;;;;
11/01/2011;00:49:00;7;sem vítima;320;BR-101/RJ;Norte;Colisão Lateral;1;;1;;;;;;;;2;;;;
11/01/2011;12:57:00;100;sem vítima;320;BR-101/RJ;Sul;Colisão Lateral;2;;;;;;;;;;2;;;;
12/01/2011;00:38:00;2;sem vítima;320;BR-101/RJ;Sul;Saida de Pista;1;;;;;;;;;;1;;;;
12/01/2011;07:44:00;27;sem vítima;320;BR-101/RJ;Sul;Queda de Moto;;;;1;;;;;;;1;;;;
14/01/2011;21:19:00;188;sem vítima;320;BR-101/RJ;Norte;Colisão Traseira;1;;;;;;;;;1;5;;;;
15/01/2011;15:02:00;110;sem vítima;320;BR-101/RJ;Norte;Colisão Traseira;4;;;;;;;;;;6;;;;
17/01/2011;01:33:00;6;sem vítima;320;BR-101/RJ;Sul;Colisão Lateral;1;;1;;;;;;;;2;;;;
18/01/2011;18:40:00;159;sem vítima;320;BR-101/RJ;Norte;Colisão Traseira;2;;;;;1;;;;;3;;;;
18/01/2011;19:57:00;170;sem vítima;320;BR-101/RJ;Norte;Colisão Lateral;1;;;1;;;;;;;4;;;;
18/01/2011;20:59:00;182;sem vítima;320;BR-101/RJ;Sul;Colisão Frontal;1;;;;;;;;;;1;;;;
19/01/2011;19:22:00;199;sem vítima;320;BR-101/RJ;Norte;Colisão Lateral;1;;;1;;;;;;;2;;;;
20/01/2011;14:26:00;111;sem vítima;320;BR-101/RJ;Sul;Colisão Lateral;1;;1;;;;;;;;3;;;;
25/01/2011;10:26:00;83;sem vítima;320;BR-101/RJ;Sul;Engavetamento;3;;;;;;;;;;5;;;;
28/01/2011;12:10:00;127;sem vítima;320;BR-101/RJ;Norte;Colisão Lateral;1;;1;;;;;;;;2;;;;
28/01/2011;15:24:00;172;sem vítima;320;BR-101/RJ;Norte;Colisão Traseira;1;;1;;;;;;;;2;;;;
28/01/2011;18:54:00;238;sem vítima;320;BR-101/RJ;Norte;Colisão Lateral;1;;;;1;;;;;;2;;;;
29/01/2011;01:43:00;12;sem vítima;320;BR-101/RJ;Norte;Colisão Lateral;1;;;;;;;;;;1;;;;
29/01/2011;15:06:00;134;sem vítima;320;BR-101/RJ;Norte;Colisão Traseira;2;;;;;;;;;;4;;;;
29/01/2011;18:35:00;182;sem vítima;320;BR-101/RJ;Norte;Engavetamento;2;;;;;1;;;;;4;;;;
31/01/2011;12:54:00;112;sem vítima;320;BR-101/RJ;Sul;Colisão Lateral;;;;;1;1;;;;;3;;;;
31/01/2011;15:45:00;136;sem vítima;320;BR-101/RJ;Norte;Engavetamento;3;;;;;;;;;;7;;;;
01/02/2011;05:12:00;16;com vítima;320;BR-101/RJ;Norte;Outros - Sequência;1;;;;;;;;;;0;1;;;
01/02/2011;15:25:00;130;sem vítima;320;BR-101/RJ;Norte;Colisão Lateral;1;;1;;;;;;;;2;;;;
01/02/2011;19:51:00;201;sem vítima;320;BR-101/RJ;Norte;Colisão Lateral;1;;;;1;;;;;;2;;;;
03/02/2011;08:54:00;56;com vítima;320;BR-101/RJ;Norte;Queda de Moto;;;;1;;1;;;;;1;;1;;
04/02/2011;23:15:00;222;sem vítima;320;BR-101/RJ;Norte;Colisão Lateral;1;;1;;;;;;;;2;;;;
07/02/2011;00:15:00;1;sem vítima;320;BR-101/RJ;Sul;Colisão Traseira;2;;;;;;;;;;5;;;;
08/02/2011;13:12:00;87;sem vítima;320;BR-101/RJ;Sul;Colisão Traseira;3;;;;;1;;;;;4;;;;
09/02/2011;18:13:00;138;com vítima;320;BR-101/RJ;Norte;Queda de Moto;;;;1;;;;;;;0;;1;;
12/02/2011;05:31:00;25;com vítima;320;BR-101/RJ;Norte;Queda de Moto;;;;1;;;;;;;1;;1;;
12/02/2011;06:29:00;32;sem vítima;320;BR-101/RJ;Sul;Saida de Pista;1;;;;;;;;;;1;;;;
12/02/2011;10:45:00;82;sem vítima;320;BR-101/RJ;Norte;Colisão Traseira;;;;1;;1;;;;;3;;;;
12/02/2011;10:54:00;86;sem vítima;320;BR-101/RJ;Norte;Colisão Traseira;1;;1;;;;;;;;8;;;;
12/02/2011;12:23:00;100;sem vítima;320;BR-101/RJ;Sul;Colisão Traseira;2;;;;;;;;;;3;;;;
12/02/2011;18:15:00;159;com vítima;320;BR-101/RJ;Sul;Colisão Traseira;1;;;;;;;;;;0;;1;;
14/02/2011;08:07:00;59;sem vítima;320;BR-101/RJ;Norte;Colisão Traseira;;;;1;1;;;;;;2;;;;
14/02/2011;16:41:00;165;sem vítima;320;BR-101/RJ;Norte;Colisão Traseira;3;;;;;;;;;;3;;;;
20/02/2011;17:02:00;145;com vítima;320;BR-101/RJ;Norte;Choque - Defensa, barreira ou "submarino";1;;;;;;;;;;0;1;;;
20/02/2011;22:12:00;199;sem vítima;320;BR-101/RJ;Norte;Outros - Sequência;1;;;;;1;;;;;2;;;;
28/02/2011;12:36:00;122;sem vítima;320;BR-101/RJ;Norte;Colisão Lateral;1;;1;;;;;;;;3;;;;
28/02/2011;16:55:00;167;sem vítima;320;BR-101/RJ;Sul;Colisão Traseira;1;;;;;;;;;1;2;;;;
28/02/2011;19:02:00;196;sem vítima;320;BR-101/RJ;Norte;Engavetamento;2;;;;;;;;;;3;;;;
28/02/2011;19:18:00;199;sem vítima;320;BR-101/RJ;Norte;Engavetamento;3;;;;;;;;;1;5;;;;
28/02/2011;23:11:00;234;sem vítima;320;BR-101/RJ;Sul;Saida de Pista;1;;;;;;;;;;3;;;;
29/03/2011;13:00:00;84;sem vítima;76;BR-101/RJ;Sul;Colisão Transversal;;;2;;;;;;;;3;;;;
29/03/2011;16:59:00;117;sem vítima;271;BR-101/RJ;Sul;Saida de Pista;1;;;;;;;;;;1;;;;
29/03/2011;17:19:00;121;sem vítima;276;BR-101/RJ;Norte;Saida de Pista;1;;;;;;;;;;1;;;;
29/03/2011;17:10:00;124;com vítima;271;BR-101/RJ;Norte;Colisão Traseira;;;;1;;1;;;;;1;;2;;
29/03/2011;18:11:00;129;sem vítima;71;BR-101/RJ;Sul;Atropelamento - Ciclista;;1;1;;;;;;;;3;;;;
29/03/2011;19:17:00;143;com vítima;274;BR-101/RJ;Norte;Atropelamento - Ciclista;;1;;;;1;;;;;1;;1;1;
29/03/2011;20:56:00;155;sem vítima;148;BR-101/RJ;Sul;Colisão Traseira;1;;1;;;;;;;;2;;;;
29/03/2011;22:19:00;164;sem vítima;169;BR-101/RJ;Norte;Saida de Pista;;;1;;;;;;;;1;;;;
30/03/2011;03:32:00;18;com vítima;316;BR-101/RJ;Sul;Colisão Traseira;;;3;;;;;;;;2;;1;;
30/03/2011;09:22:00;52;com vítima;196;BR-101/RJ;Sul;Capotamento;1;;;;;;;;;;0;1;;;
30/03/2011;10:17:00;59;sem vítima;92;BR-101/RJ;Norte;Colisão Traseira;1;;1;;;;;;;;2;;;;
30/03/2011;13:55:00;88;sem vítima;200;BR-101/RJ;Sul;Saida de Pista;;;;;;;;;;1;1;;;;
30/03/2011;16:26:00;114;sem vítima;98;BR-101/RJ;Norte;Colisão Lateral;;;2;;;;;;;;3;;;;
30/03/2011;17:49:00;123;sem vítima;207;BR-101/RJ;Norte;Colisão Traseira;1;;;;;;;;;;1;;;;
30/03/2011;20:18:00;150;sem vítima;297;BR-101/RJ;Norte;Colisão Traseira;1;;;;1;;;;;;2;;;;
30/03/2011;21:20:00;160;sem vítima;142;BR-101/RJ;Norte;Saida de Pista;1;;;;;;;;;;2;;;;
31/03/2011;05:12:00;18;com vítima;320,007;BR-101/RJ;Norte;Colisão Lateral;1;;1;;;;;;;;1;;1;;
31/03/2011;07:34:00;40;com vítima;5;BR-101/RJ;Sul;Choque - Outros;;;2;;;;;;;;1;1;;;
31/03/2011;08:36:00;55;com vítima;195;BR-101/RJ;Sul;Colisão Frontal;3;;;;;;;;;;2;3;;;
31/03/2011;10:16:00;70;com vítima;182;BR-101/RJ;Sul;Colisão Frontal;2;;;;;;;;;;1;1;1;;
31/03/2011;11:15:00;79;sem vítima;163;BR-101/RJ;Norte;Choque - Outros;;;2;;;;;;;;2;;;;
31/03/2011;13:00:00;97;sem vítima;299,5;BR-101/RJ;Sul;Colisão Lateral;2;;;;;;;;;;3;;;;
31/03/2011;17:39:00;126;sem vítima;320;BR-101/RJ;Norte;Colisão Lateral;;;;;1;1;;;;;2;;;;
31/03/2011;17:52:00;133;com vítima;82;BR-101/RJ;Norte;Colisão Traseira;;;1;;1;;;;;;5;;1;;
31/03/2011;18:11:00;136;sem vítima;320;BR-101/RJ;Norte;Colisão Lateral;;;;;1;1;;;;;2;;;;
31/03/2011;19:06:00;150;com vítima;318;BR-101/RJ;Sul;Colisão Traseira;2;;;;;;;;;;8;1;;;
31/03/2011;20:01:00;167;sem vítima;66;BR-101/RJ;Norte;Colisão Traseira;1;;;;1;;;;;;2;;;;
31/03/2011;22:06:00;186;sem vítima;313;BR-101/RJ;Sul;Saida de Pista;1;;;;;;;;;;1;;;;
31/03/2011;22:19:00;187;sem vítima;265;BR-101/RJ;Sul;Choque - Objeto sobre a pista;1;;1;;;;;;;;5;;;;
02/05/2011;06:45:00;24;com vítima;320;BR-101/RJ;Norte;Engavetamento;;;;;3;;;;;;5;1;;;
03/05/2011;09:29:00;54;com vítima;320;BR-101/RJ;Sul;Queda de Moto;1;;;1;;;;;;;1;;1;;
03/05/2011;14:29:00;93;sem vítima;320;BR-101/RJ;Norte;Colisão Traseira;1;;1;;;;;;;;2;;;;