data;horario;n_da_ocorrencia;tipo_de_ocorrencia;km;trecho;sentido;tipo_de_acidente;automovel;bicicleta;caminhao;moto;onibus;outros;tracao_animal;transporte_de_cargas_especiais;trator_maquinas;utilitarios;ilesos;levemente_feridos;moderadamente_feridos;gravemente_feridos;mortos
05/05/2011;15:07:00;106;sem vítima;320;BR-101/RJ;Norte;Colisão Traseira;1;;1;;;;;;;;2;;;;
06/05/2011;19:35:00;190;sem vítima;320;BR-101/RJ;Norte;Engavetamento;2;;1;;;;;;;;6;;;;
07/05/2011;01:34:00;6;sem vítima;320;BR-101/RJ;Norte;Saida de Pista;1;;;;;;;;;;3;;;;
08/05/2011;00:01:00;1;sem vítima;320;BR-101/RJ;Norte;Colisão Lateral;1;;;;1;;;;;;2;;;;
08/05/2011;05:25:00;29;sem vítima;320;BR-101/RJ;Sul;Capotamento;1;;;;;;;;;;1;;;;
09/05/2011;04:33:00;5;com vítima;320;BR-101/RJ;Sul;Choque - Poste;1;;;;;;;;;;0;;2;;
09/05/2011;07:42:00;30;sem vítima;320;BR-101/RJ;Sul;Colisão Traseira;1;;;;1;;;;;;2;;;;
10/05/2011;18:05:00;157;sem vítima;320;BR-101/RJ;Norte;Engavetamento;3;;;;;;;;;;5;;;;
11/05/2011;19:34:00;157;sem vítima;320;BR-101/RJ;Norte;Colisão Traseira;1;;;;1;;;;;;27;;;;
13/05/2011;19:12:00;155;sem vítima;320;BR-101/RJ;Norte;Engavetamento;2;;;;;1;;;;;3;;;;
15/05/2011;01:00:00;8;sem vítima;320;BR-101/RJ;Norte;Capotamento;1;;;;;;;;;;1;;;;
16/05/2011;14:59:00;104;sem vítima;320;BR-101/RJ;Sul;Colisão Lateral;2;;;;;;;;;;2;;;;
17/05/2011;20:37:00;162;sem vítima;320;BR-101/RJ;Norte;Colisão Lateral;1;;;;1;;;;;;2;;;;
18/05/2011;12:14:00;106;sem vítima;320;BR-101/RJ;Norte;Engavetamento;3;;;;;;;;;;6;;;;
19/05/2011;18:57:00;182;sem vítima;320;BR-101/RJ;Sul;Colisão Traseira;;;;;2;;;;;;2;;;;
20/05/2011;04:41:00;7;sem vítima;320;BR-101/RJ;Sul;Choque - Defensa, barreira ou "submarino";1;;;;;;;;;;2;;;;
20/05/2011;19:13:00;162;sem vítima;320;BR-101/RJ;Norte;Engavetamento;3;;;;;;;;;;3;;;;
21/05/2011;21:43:00;182;sem vítima;320;BR-101/RJ;Norte;Choque - Defensa, barreira ou "submarino";1;;;;;;;;;;1;;;;
21/05/2011;21:57:00;183;sem vítima;320;BR-101/RJ;Sul;Colisão Traseira;2;;;;;1;;;;;7;;;;
22/05/2011;16:36:00;120;sem vítima;320;BR-101/RJ;Sul;Colisão Traseira;2;;;;;;;;;;6;;;;
23/05/2011;08:13:00;48;com vítima;320;BR-101/RJ;Sul;Colisão Traseira;;;;1;;1;;;;;1;1;;;
23/05/2011;11:45:00;98;com vítima;320;BR-101/RJ;Sul;Colisão Traseira;1;;;1;;;;;;;2;1;;;
23/05/2011;17:40:00;165;sem vítima;320;BR-101/RJ;Norte;Colisão Lateral;2;;;;;;;;;;2;;;;
23/05/2011;22:46:00;209;sem vítima;320;BR-101/RJ;Sul;Tombamento;;;1;;;;;;;;2;;;;
24/05/2011;09:41:00;66;com vítima;320;BR-101/RJ;Sul;Colisão Traseira;2;;;1;;;;;;;2;;1;;
25/05/2011;23:41:00;186;com vítima;320;BR-101/RJ;Norte;Queda de Moto;;;;1;;;;;;;0;;1;;
26/05/2011;16:44:00;129;sem vítima;320;BR-101/RJ;Norte;Colisão Lateral;1;;;;1;;;;;;5;;;;
27/05/2011;11:46:00;89;com vítima;320;BR-101/RJ;Norte;Atropelamento - Usuário;;;;;1;;;;;;1;;;1;
28/05/2011;04:39:00;18;sem vítima;320;BR-101/RJ;Sul;Colisão Traseira;1;;;;;;;;;;7;;;;
29/05/2011;07:58:00;35;sem vítima;320;BR-101/RJ;Norte;Atropelamento de Animal;1;;;;;;;;;;2;;;;
30/05/2011;16:24:00;118;sem vítima;320;BR-101/RJ;Norte;Colisão Lateral;1;;;;1;;;;;;2;;;;
31/05/2011;11:51:00;69;sem vítima;320;BR-101/RJ;Sul;Colisão Traseira;1;;;;1;;;;;;3;;;;
31/05/2011;19:18:00;147;com vítima;320;BR-101/RJ;Sul;Colisão Traseira;1;;;;1;;;;;;4;;2;;
01/06/2011;08:05:00;40;sem vítima;320;BR-101/RJ;Sul;Colisão Traseira;2;;;;;;;;;;4;;;;
01/06/2011;11:27:00;72;sem vítima;320;BR-101/RJ;Norte;Engavetamento;4;;;;;;;;;;4;;;;
01/06/2011;19:54:00;145;sem vítima;320;BR-101/RJ;Norte;Engavetamento;4;;;;;;;;;1;5;;;;
02/06/2011;18:06:00;128;sem vítima;320;BR-101/RJ;Norte;Colisão Traseira;1;;2;;;;;;;;5;;;;
03/06/2011;18:20:00;166;sem vítima;320;BR-101/RJ;Norte;Colisão Lateral;1;;;;1;;;;;;2;;;;
04/06/2011;07:41:00;39;sem vítima;320;BR-101/RJ;Sul;Colisão Traseira;2;;;;;;;;;;2;;;;
05/06/2011;06:16:00;18;com vítima;320;BR-101/RJ;Norte;Capotamento;2;;;;;;;;;;1;;1;;
05/06/2011;06:47:00;21;sem vítima;320;BR-101/RJ;Norte;Choque - Defensa, barreira ou "submarino";1;;;;;;;;;;3;;;;
05/06/2011;17:14:00;106;sem vítima;320;BR-101/RJ;Norte;Colisão Traseira;2;;;;;;;;;;10;;;;
07/06/2011;10:08:00;72;sem vítima;320;BR-101/RJ;Norte;Colisão Traseira;1;;;;1;;;;;;2;;;;
08/06/2011;09:52:00;61;sem vítima;320;BR-101/RJ;Sul;Engavetamento;3;;;;;1;;;;;7;;;;
08/06/2011;10:02:00;67;sem vítima;320;BR-101/RJ;Norte;Colisão Traseira;1;;;;;;;;;1;3;;;;
08/06/2011;12:04:00;85;sem vítima;320;BR-101/RJ;Norte;Engavetamento;3;;;;;;;;;;4;;;;
08/06/2011;12:21:00;89;com vítima;320;BR-101/RJ;Norte;Colisão Lateral;1;;;1;;;;;;;1;1;;;
08/06/2011;13:13:00;95;sem vítima;320;BR-101/RJ;Norte;Engavetamento;2;;;;;3;;;;;5;;;;
08/06/2011;20:14:00;167;sem vítima;320;BR-101/RJ;Norte;Engavetamento;2;;;;;1;;;;;8;;;;
09/06/2011;19:16:00;159;sem vítima;320;BR-101/RJ;Norte;Engavetamento;3;;;;;;;;;;3;;;;
09/06/2011;22:30:00;191;sem vítima;320;BR-101/RJ;Norte;Colisão Lateral;1;;1;;;;;;;;2;;;;
10/06/2011;17:33:00;157;sem vítima;320;BR-101/RJ;Norte;Engavetamento;3;;;;;;;;;;3;;;;
11/06/2011;06:59:00;45;sem vítima;320;BR-101/RJ;Norte;Engavetamento;2;;;;1;;;;;;8;;;;
12/06/2011;21:58:00;158;com vítima;320;BR-101/RJ;Norte;Colisão Lateral;;;1;1;;;;;;;1;1;;1;
13/06/2011;20:09:00;172;sem vítima;320;BR-101/RJ;Norte;Colisão Lateral;1;;;1;;;;;;;2;;;;
14/06/2011;17:41:00;115;sem vítima;320;BR-101/RJ;Norte;Engavetamento;3;;;;;1;;;;;4;;;;
14/06/2011;19:10:00;126;sem vítima;320;BR-101/RJ;Sul;Engavetamento;3;;;;;;;;;;4;;;;
15/06/2011;12:06:00;110;sem vítima;320;BR-101/RJ;Norte;Colisão Lateral;;;;;1;1;;;;;3;;;;
17/06/2011;15:16:00;124;sem vítima;320;BR-101/RJ;Norte;Colisão Traseira;2;;;;;;;;;;2;;;;
20/06/2011;09:20:00;62;sem vítima;320;BR-101/RJ;Norte;Engavetamento;3;;;;;;;;;;3;;;;
21/06/2011;17:27:00;141;sem vítima;320;BR-101/RJ;Norte;Colisão Lateral;1;;1;;1;;;;;;3;;;;
21/06/2011;20:16:00;156;sem vítima;320;BR-101/RJ;Norte;Colisão Lateral;1;;;;1;;;;;;2;;;;
22/06/2011;20:32:00;187;sem vítima;320;BR-101/RJ;Norte;Colisão Lateral;1;;1;;;;;;;;2;;;;
24/06/2011;12:43:00;71;sem vítima;320;BR-101/RJ;Norte;Colisão Traseira;1;;;;;;;;;1;8;;;;
27/06/2011;04:27:00;9;sem vítima;320;BR-101/RJ;Norte;Colisão Lateral;1;;;;;;;;;;1;;;;
27/06/2011;07:32:00;24;sem vítima;320;BR-101/RJ;Sul;Colisão Lateral;1;;;;1;;;;;;2;;;;
29/06/2011;19:22:00;153;sem vítima;320;BR-101/RJ;Norte;Engavetamento;3;;;;;1;;;;;5;;;;
30/06/2011;20:42:00;125;sem vítima;320;BR-101/RJ;Norte;Colisão Lateral;1;;1;;;;;;;;2;;;;
04/08/2011;17:51:00;132;com vítima;320;BR-101/RJ;Norte;Colisão Lateral;1;;;1;;;;;;;1;1;;;
05/08/2011;22:06:00;191;sem vítima;320;BR-101/RJ;Norte;Colisão Lateral;1;;;;1;;;;;;2;;;;
05/08/2011;22:11:00;192;sem vítima;320;BR-101/RJ;Norte;Queda de Moto;;;;1;;1;;;;;2;;;;
09/08/2011;22:25:00;164;sem vítima;320,01;BR-101/RJ;Norte;Colisão Traseira;1;;1;;;;;;;;2;;;;
09/08/2011;22:37:00;166;sem vítima;320,05;BR-101/RJ;Norte;Colisão Lateral;1;;1;;;;;;;;2;;;;
10/08/2011;00:35:00;5;sem vítima;320;BR-101/RJ;Norte;Choque - Defensa, barreira ou "submarino";1;;;;;;;;;;1;;;;
11/08/2011;16:58:00;133;sem vítima;320;BR-101/RJ;Norte;Colisão Traseira;2;;;;;;;;;;2;;;;
11/08/2011;17:50:00;139;sem vítima;320;BR-101/RJ;Norte;Colisão Lateral;1;;;;1;;;;;;4;;;;
12/08/2011;06:42:00;21;sem vítima;320;BR-101/RJ;Sul;Colisão Lateral;1;;;1;;;;;;;4;;;;
12/08/2011;07:37:00;33;sem vítima;320;BR-101/RJ;Norte;Choque - Outros;1;;;;;;;;;;4;;;;
12/08/2011;09:51:00;69;sem vítima;320;BR-101/RJ;Sul;Colisão Traseira;3;;;;;;;;;;9;;;;
13/08/2011;00:10:00;2;sem vítima;320;BR-101/RJ;Norte;Choque - Defensa, barreira ou "submarino";1;;;;;;;;;;1;;;;
13/08/2011;07:51:00;61;sem vítima;320;BR-101/RJ;Sul;Colisão Traseira;2;;;;;;;;;;3;;;;
15/08/2011;14:37:00;132;com vítima;320;BR-101/RJ;Norte;Capotamento;1;;;;;;;;;;0;1;;;
18/08/2011;22:32:00;181;sem vítima;320;BR-101/RJ;Norte;Colisão Traseira;1;;1;;;;;;;;2;;;;
19/08/2011;11:36:00;96;sem vítima;320;BR-101/RJ;Sul;Colisão Traseira;;;1;;1;;;;;;2;;;;
19/08/2011;18:36:00;166;sem vítima;320;BR-101/RJ;Sul;Colisão Lateral;1;;;;1;;;;;;2;;;;
19/08/2011;22:42:00;211;sem vítima;320;BR-101/RJ;Norte;Colisão Lateral;1;;1;;;;;;;;2;;;;
20/08/2011;10:46:00;68;sem vítima;320;BR-101/RJ;Norte;Colisão Lateral;1;;1;;;;;;;;3;;;;
22/08/2011;07:29:00;35;sem vítima;320;BR-101/RJ;Norte;Colisão Traseira;1;;;;;1;;;;;2;;;;
24/08/2011;08:58:00;44;com vítima;320;BR-101/RJ;Sul;Queda de Moto;;;;1;;;;;;;0;1;;;
25/08/2011;18:16:00;151;sem vítima;320;BR-101/RJ;Norte;Colisão Lateral;;;;;1;;;;;1;2;;;;
27/08/2011;06:47:00;27;sem vítima;320;BR-101/RJ;Norte;Colisão Lateral;1;;;;1;;;;;;3;;;;
27/08/2011;14:29:00;91;com vítima;320;BR-101/RJ;Sul;Colisão Lateral;1;;;;2;;;;;;5;6;5;;
27/08/2011;15:42:00;105;sem vítima;320;BR-101/RJ;Norte;Colisão Lateral;1;;;;;;;;;;1;;;;
31/08/2011;09:18:00;45;com vítima;320;BR-101/RJ;Sul;Colisão Lateral;1;;;1;;;;;;;2;2;;;
31/08/2011;13:08:00;86;com vítima;320;BR-101/RJ;Norte;Choque - Objeto sobre a pista;;;;1;;;;;;;0;;1;;
31/08/2011;22:00:00;169;sem vítima;320;BR-101/RJ;Norte;Engavetamento;4;;;;;;;;;;4;;;;
03/09/2011;16:13:00;104;com vítima;320;BR-101/RJ;Norte;Queda de Moto;;;;1;;;;;;;0;1;;;
03/09/2011;16:23:00;105;sem vítima;320;BR-101/RJ;Norte;Colisão Traseira;1;;;;;1;;;;;2;;;;
06/09/2011;12:36:00;73;com vítima;320;BR-101/RJ;Norte;Queda de Moto;;;;1;;1;;;;;1;1;1;;
08/09/2011;08:46:00;40;sem vítima;320;BR-101/RJ;Sul;Colisão Lateral;1;;1;;;;;;;;3;;;;
08/09/2011;22:29:00;150;sem vítima;320;BR-101/RJ;Norte;Colisão Lateral;1;;;;1;;;;;;2;;;;
10/09/2011;16:19:00;118;sem vítima;320;BR-101/RJ;Norte;Colisão Traseira;2;;;;;;;;;;2;;;;
10/09/2011;16:34:00;121;com vítima;320;BR-101/RJ;Norte;Atropelamento - Ciclista;;1;;;1;;;;;;1;1;;;
11/09/2011;19:55:00;169;sem vítima;320;BR-101/RJ;Norte;Colisão Traseira;2;;;;;;;;;;7;;;;
14/09/2011;19:55:00;143;sem vítima;320;BR-101/RJ;Norte;Colisão Lateral;1;;1;;;;;;;;5;;;;
15/09/2011;14:14:00;101;sem vítima;320;BR-101/RJ;Sul;Engavetamento;4;;;;;;;;;;5;;;;
15/09/2011;19:17:00;145;sem vítima;320;BR-101/RJ;Norte;Colisão Traseira;2;;;;;;;;;;2;;;;
15/09/2011;19:43:00;149;sem vítima;320;BR-101/RJ;Norte;Engavetamento;2;;;;;1;;;;;3;;;;
16/09/2011;23:51:00;190;sem vítima;320;BR-101/RJ;Norte;Colisão Traseira;1;;;;1;;;;;;3;;;;
18/09/2011;08:19:00;35;sem vítima;320;BR-101/RJ;Sul;Colisão Traseira;2;;;;;;;;;;5;;;;
18/09/2011;15:37:00;98;sem vítima;320;BR-101/RJ;Norte;Colisão Lateral;1;;;;1;;;;;;2;;;;
19/09/2011;05:14:00;18;sem vítima;320;BR-101/RJ;Sul;Choque - Defensa, barreira ou "submarino";1;;;;;;;;;;1;;;;
21/09/2011;23:40:00;175;sem vítima;320;BR-101/RJ;Norte;Colisão Lateral;1;;1;;;;;;;;3;;;;
23/09/2011;08:15:00;30;sem vítima;320;BR-101/RJ;Norte;Colisão Lateral;1;;;;1;;;;;;5;;;;
28/09/2011;08:08:00;37;sem vítima;320;BR-101/RJ;Sul;Colisão Lateral;2;;;;;;;;;;2;;;;
29/09/2011;19:53:00;136;sem vítima;320;BR-101/RJ;Norte;Colisão Traseira;1;;1;;;;;;;;4;;;;
30/09/2011;16:34:00;158;sem vítima;320;BR-101/RJ;Norte;Colisão Traseira;2;;;;;;;;;;3;;;;
30/09/2011;22:11:00;209;sem vítima;320;BR-101/RJ;Norte;Colisão Lateral;1;;;;1;;;;;;3;;;;
05/10/2011;16:45:00;121;sem vítima;320;BR-101/RJ;Norte;Colisão Traseira;2;;;;;;;;;;2;;;;
05/10/2011;22:27:00;174;sem vítima;320;BR-101/RJ;Norte;Colisão Lateral;1;;;;1;;;;;;2;;;;
05/10/2011;23:08:00;179;sem vítima;320;BR-101/RJ;Norte;Colisão Lateral;1;;1;;1;;;;;;3;;;;
07/10/2011;12:05:00;102;sem vítima;320;BR-101/RJ;Norte;Colisão Traseira;2;;;;;;;;;;3;;;;
09/10/2011;09:59:00;50;com vítima;320;BR-101/RJ;Sul;Queda de Moto;;;;1;;;;;;;0;1;;;
10/10/2011;14:34:00;115;sem vítima;320;BR-101/RJ;Norte;Colisão Traseira;2;;;;;;;;;;2;;;;
11/10/2011;00:44:00;4;com vítima;320;BR-101/RJ;Sul;Colisão Traseira;2;;;;;;;;;;1;1;;;
11/10/2011;00:55:00;6;sem vítima;320;BR-101/RJ;Sul;Queda de Moto;;;;1;;;;;;;2;;;;
12/10/2011;14:25:00;89;com vítima;320;BR-101/RJ;Norte;Choque - Defensa, barreira ou "submarino";1;;;;;;;;;;0;3;;;
12/10/2011;14:59:00;100;sem vítima;320;BR-101/RJ;Norte;Engavetamento;3;;;;;;;;;;4;;;;
12/10/2011;20:27:00;157;sem vítima;320;BR-101/RJ;Norte;Colisão Traseira;3;;;;;;;;;;7;;;;
14/10/2011;16:51:00;150;sem vítima;320;BR-101/RJ;Norte;Colisão Traseira;2;;;;;;;;;;3;;;;
15/10/2011;15:57:00;133;sem vítima;320;BR-101/RJ;Sul;Colisão Traseira;2;;;;;;;;;;2;;;;
17/10/2011;17:54:00;133;sem vítima;320;BR-101/RJ;Norte;Colisão Traseira;2;;;;;;;;;;4;;;;
18/10/2011;10:37:00;85;sem vítima;320;BR-101/RJ;Sul;Colisão Traseira;2;;;;;;;;;;2;;;;
18/10/2011;11:05:00;87;sem vítima;320;BR-101/RJ;Sul;Colisão Lateral;1;;;;;;;;;1;2;;;;
20/10/2011;12:25:00;93;com vítima;320;BR-101/RJ;Sul;Engavetamento;1;;;2;;;;;;;2;;1;;
20/10/2011;14:09:00;112;sem vítima;320;BR-101/RJ;Sul;Colisão Traseira;1;;;;1;;;;;;2;;;;
24/10/2011;05:54:00;19;sem vítima;320;BR-101/RJ;Sul;Colisão Traseira;2;;;;;;;;;;3;;;;
24/10/2011;14:04:00;92;sem vítima;320;BR-101/RJ;Sul;Colisão Traseira;2;;;;;;;;;;2;;;;
24/10/2011;19:29:00;149;sem vítima;320;BR-101/RJ;Norte;Choque - Defensa, barreira ou "submarino";1;;;;;;;;;;1;;;;
26/10/2011;18:04:00;125;sem vítima;320;BR-101/RJ;Sul;Colisão Lateral;1;;1;;;;;;;;4;;;;
27/10/2011;06:38:00;26;sem vítima;320;BR-101/RJ;Sul;Colisão Traseira;1;;;;1;;;;;;2;;;;
27/10/2011;17:54:00;147;sem vítima;320;BR-101/RJ;Norte;Colisão Lateral;1;;1;;;;;;;;3;;;;
27/10/2011;22:55:00;196;sem vítima;320;BR-101/RJ;Norte;Colisão Lateral;1;;1;;;;;;;;2;;;;
28/10/2011;23:05:00;188;sem vítima;320;BR-101/RJ;Norte;Colisão Traseira;2;;;;;;;;;;4;;;;
30/10/2011;17:04:00;96;sem vítima;320;BR-101/RJ;Sul;Choque - Defensa, barreira ou "submarino";1;;;;;;;;;;3;;;;
31/10/2011;01:23:00;10;sem vítima;320;BR-101/RJ;Norte;Saida de Pista;1;;;;;;;;;;1;;;;
31/10/2011;17:17:00;123;sem vítima;320;BR-101/RJ;Norte;Engavetamento;2;;;;;1;;;;;4;;;;
03/11/2011;09:35:00;80;sem vítima;320;BR-101/RJ;Sul;Engavetamento;2;;;;1;;;;;;5;;;;
05/11/2011;06:24:00;24;com vítima;320;BR-101/RJ;Sul;Colisão Lateral;1;;;1;;;;;;;1;1;;;
09/11/2011;13:38:00;95;sem vítima;320;BR-101/RJ;Sul;Colisão Traseira;;;;1;;;;;;1;3;;;;
11/11/2011;16:24:00;132;com vítima;320;BR-101/RJ;Norte;Queda de Moto;;;;1;;;;;;;0;1;;;
12/11/2011;04:02:00;18;sem vítima;320;BR-101/RJ;Norte;Colisão Traseira;2;;;;;;;;;;10;;;;
14/11/2011;09:16:00;42;sem vítima;320;BR-101/RJ;Sul;Colisão Traseira;;;1;;1;;;;;;3;;;;
14/11/2011;14:58:00;84;sem vítima;320;BR-101/RJ;Sul;Colisão Lateral;1;;1;;;;;;;;3;;;;
16/11/2011;00:56:00;6;com vítima;320;BR-101/RJ;Sul;Capotamento;1;;;;;;;;;;0;;1;;
16/11/2011;06:30:00;24;sem vítima;320;BR-101/RJ;Norte;Choque - Defensa, barreira ou "submarino";;;1;;;;;;;;2;;;;
16/11/2011;13:10:00;90;sem vítima;320;BR-101/RJ;Sul;Colisão Traseira;;;;;1;;;;;1;3;;;;
17/11/2011;23:04:00;164;sem vítima;320;BR-101/RJ;Norte;Colisão Lateral;1;;1;;;;;;;;2;;;;
17/11/2011;23:59:00;172;sem vítima;320;BR-101/RJ;Sul;Colisão Lateral;1;;;;1;;;;;;2;;;;
18/11/2011;22:35:00;151;sem vítima;320;BR-101/RJ;Norte;Colisão Lateral;1;;1;;;;;;;;3;;;;
23/11/2011;14:41:00;103;sem vítima;320;BR-101/RJ;Norte;Colisão Lateral;2;;;;;;;;;;2;;;;
24/11/2011;18:58:00;144;sem vítima;320;BR-101/RJ;Norte;Engavetamento;3;;;;;;;;;;4;;;;
25/11/2011;16:18:00;122;sem vítima;320;BR-101/RJ;Norte;Colisão Lateral;1;;1;;;;;;;;4;;;;
27/11/2011;18:00:00;134;sem vítima;320;BR-101/RJ;Sul;Colisão Traseira;1;;;;;1;;;;;5;;;;
28/11/2011;10:05:00;68;com vítima;320;BR-101/RJ;Norte;Colisão Traseira;;;;;2;;;;;;2;1;;;
28/11/2011;11:43:00;84;sem vítima;320;BR-101/RJ;Sul;Colisão Traseira;2;;;;;;;;;;2;;;;
28/11/2011;14:13:00;108;sem vítima;320;BR-101/RJ;Norte;Outros - Sequência;1;;1;;1;;;;;;3;;;;
01/12/2011;13:56:00;91;com vítima;320;BR-101/RJ;Norte;Colisão Traseira;1;;;1;;;;;;;1;;1;;
01/12/2011;17:07:00;124;sem vítima;320;BR-101/RJ;Sul;Colisão Lateral;;;;1;1;;;;;;2;;;;
02/12/2011;00:03:00;1;sem vítima;320;BR-101/RJ;Norte;Choque - Defensa, barreira ou "submarino";1;;;;;;;;;;1;;;;
03/12/2011;10:55:00;69;sem vítima;320;BR-101/RJ;Norte;Colisão Traseira;4;;;;;;;;;;4;;;;
03/12/2011;20:02:00;155;sem vítima;320;BR-101/RJ;Norte;Colisão Traseira;1;;;;;2;;;;;4;;;;
04/12/2011;21:03:00;157;sem vítima;320;BR-101/RJ;Norte;Saida de Pista;1;;;;;;;;;;4;;;;
05/12/2011;15:08:00;131;com vítima;320;BR-101/RJ;Norte;Colisão Traseira;;;;1;1;;;;;;1;1;;;
06/12/2011;13:23:00;125;sem vítima;320;BR-101/RJ;Norte;Colisão Traseira;1;;1;;;;;;;;2;;;;
09/12/2011;09:12:00;53;sem vítima;320;BR-101/RJ;Sul;Colisão Lateral;;;;;2;;;;;;2;;;;
10/12/2011;17:59:00;188;sem vítima;320;BR-101/RJ;Norte;Saida de Pista;1;;;;;;;;;;2;;;;
10/12/2011;22:03:00;226;com vítima;320;BR-101/RJ;Norte;Colisão Traseira;3;;;;;;;;;;9;;1;;
10/12/2011;23:13:00;233;sem vítima;320;BR-101/RJ;Norte;Colisão Lateral;1;;1;;;;;;;;2;;;;
11/12/2011;13:16:00;82;sem vítima;320;BR-101/RJ;Norte;Engavetamento;3;;;;;;;;;;4;;;;
11/12/2011;16:09:00;115;sem vítima;320;BR-101/RJ;Norte;Colisão Lateral;1;;;;;;;;;1;2;;;;
11/12/2011;16:55:00;123;sem vítima;320;BR-101/RJ;Norte;Colisão Traseira;1;;;;;1;;;;;5;;;;
12/12/2011;17:00:00;152;sem vítima;320;BR-101/RJ;Norte;Colisão Traseira;2;;;;;;;;;;4;;;;
14/12/2011;21:37:00;195;sem vítima;320;BR-101/RJ;Norte;Colisão Traseira;1;;1;;;;;;;;4;;;;
15/12/2011;15:07:00;100;sem vítima;320;BR-101/RJ;Norte;Colisão Traseira;2;;;;;;;;;;4;;;;
15/12/2011;21:31:00;164;sem vítima;320;BR-101/RJ;Norte;Colisão Lateral;1;;1;;;;;;;;2;;;;
16/12/2011;16:43:00;170;sem vítima;320;BR-101/RJ;Norte;Colisão Traseira;1;;;1;;;;;;;2;;;;
17/12/2011;14:16:00;108;com vítima;320;BR-101/RJ;Sul;Colisão Traseira;1;;;1;;;;;;;2;1;1;;
19/12/2011;13:19:00;124;sem vítima;320;BR-101/RJ;Sul;Engavetamento;4;;;;;1;;;;;7;;;;
19/12/2011;17:16:00;176;sem vítima;320;BR-101/RJ;Norte;Engavetamento;3;;;;;;;;;;5;;;;
20/12/2011;21:36:00;224;sem vítima;320;BR-101/RJ;Norte;Colisão Traseira;1;;;;1;;;;;;2;;;;
21/12/2011;05:59:00;25;sem vítima;320;BR-101/RJ;Sul;Choque - Defensa, barreira ou "submarino";1;;;;;;;;;;1;;;;
21/12/2011;20:34:00;227;sem vítima;320;BR-101/RJ;Norte;Colisão Lateral;1;;;1;;;;;;;3;;;;
24/12/2011;00:21:00;2;sem vítima;320;BR-101/RJ;Norte;Colisão Lateral;1;;1;;;;;;;;2;;;;
24/12/2011;06:31:00;37;com vítima;320;BR-101/RJ;Sul;Queda de Moto;;;;1;;;;;;;0;;2;;
27/12/2011;07:45:00;36;sem vítima;320;BR-101/RJ;Norte;Colisão Traseira;1;;;;1;;;;;;3;;;;
27/12/2011;17:31:00;168;sem vítima;320;BR-101/RJ;Norte;Colisão Lateral;1;;;;1;;;;;;2;;;;
28/12/2011;22:30:00;223;sem vítima;320;BR-101/RJ;Norte;Colisão Lateral;1;;1;;;;;;;;2;;;;
30/12/2011;16:02:00;138;sem vítima;320;BR-101/RJ;Norte;Colisão Lateral;;;1;;1;;;;;;2;;;;
31/12/2011;17:48:00;123;com vítima;320;BR-101/RJ;Norte;Queda de Moto;;;;1;;;;;;;0;2;;;
31/12/2011;21:43:00;158;sem vítima;320;BR-101/RJ;Norte;Colisão Traseira;1;;;;;1;;;;;3;;;;
02/01/2012;07:14:00;28;sem vítima;320;BR-101/RJ;Sul;Colisão Traseira;1;;;;1;;;;;;2;;;;
03/01/2012;06:26:00;38;com vítima;320;BR-101/RJ;Sul;Colisão Traseira;;;;1;;;;;;;0;2;;;
04/01/2012;18:03:00;177;sem vítima;320;BR-101/RJ;Norte;Engavetamento;4;;;;;;;;;;10;;;;
04/01/2012;21:39:00;216;sem vítima;320;BR-101/RJ;Norte;Engavetamento;4;;;;;1;;;;;5;;;;
05/01/2012;15:39:00;148;sem vítima;320;BR-101/RJ;Sul;Colisão Traseira;1;;;;;;;;;1;4;;;;
05/01/2012;17:55:00;171;sem vítima;320;BR-101/RJ;Norte;Engavetamento;2;;;;;2;;;;;7;;;;
06/01/2012;11:02:00;66;sem vítima;320;BR-101/RJ;Norte;Colisão Traseira;2;;;;;;;;;;2;;;;
06/01/2012;12:32:00;85;sem vítima;320;BR-101/RJ;Norte;Colisão Traseira;1;;;;;;;;;;4;;;;
06/01/2012;17:43:00;148;sem vítima;320;BR-101/RJ;Norte;Colisão Lateral;1;;;;1;;;;;;2;;;;
07/01/2012;14:19:00;99;sem vítima;320;BR-101/RJ;Norte;Colisão Lateral;1;;;;1;;;;;;2;;;;
08/01/2012;09:48:00;50;com vítima;320;BR-101/RJ;Norte;Queda de Moto;;;;1;;;;;;;0;1;;;
10/01/2012;18:00:00;190;sem vítima;320;BR-101/RJ;Norte;Colisão Lateral;1;;;;1;;;;;;2;;;;
11/01/2012;06:52:00;36;sem vítima;320;BR-101/RJ;Sul;Colisão Traseira;2;;;;;;;;;;2;;;;
11/01/2012;13:53:00;119;sem vítima;320;BR-101/RJ;Norte;Engavetamento;2;;1;;;;;;;;7;;;;
13/01/2012;00:16:00;1;sem vítima;320;BR-101/RJ;Norte;Choque - Defensa, barreira ou "submarino";1;;;;1;;;;;;2;;;;
14/01/2012;14:40:00;116;sem vítima;320;BR-101/RJ;Norte;Colisão Lateral;1;;1;;;;;;;;2;;;;
14/01/2012;21:44:00;200;sem vítima;320;BR-101/RJ;Norte;Colisão Lateral;2;;;;1;;;;;;3;;;;
14/01/2012;23:27:00;225;sem vítima;320;BR-101/RJ;Sul;Colisão Traseira;1;;1;;;;;;;;4;;;;
15/01/2012;13:14:00;88;sem vítima;320;BR-101/RJ;Sul;Choque - Defensa, barreira ou "submarino";1;;;;;;;;;;1;;;;
15/01/2012;17:46:00;134;sem vítima;320;BR-101/RJ;Norte;Colisão Traseira;2;;;;;;;;;;7;;;;
16/01/2012;11:03:00;85;sem vítima;320;BR-101/RJ;Norte;Colisão Lateral;;;1;;1;;;;;;4;;;;