data;horario;n_da_ocorrencia;tipo_de_ocorrencia;km;trecho;sentido;tipo_de_acidente;automovel;bicicleta;caminhao;moto;onibus;outros;tracao_animal;transporte_de_cargas_especiais;trator_maquinas;utilitarios;ilesos;levemente_feridos;moderadamente_feridos;gravemente_feridos;mortos
16/01/2012;13:43:00;116;sem vítima;320;BR-101/RJ;Sul;Colisão Traseira;1;;1;;;;;;;;2;;;;
18/01/2012;17:39:00;158;sem vítima;320;BR-101/RJ;Norte;Colisão Traseira;2;;;;;;;;;;2;;;;
19/01/2012;22:05:00;202;sem vítima;320;BR-101/RJ;Sul;Colisão Lateral;1;;1;;;;;;;;2;;;;
19/01/2012;22:31:00;209;sem vítima;320;BR-101/RJ;Norte;Colisão Traseira;2;;;;;;;;;;5;;;;
27/01/2012;22:12:00;180;sem vítima;320;BR-101/RJ;Norte;Colisão Traseira;2;;;;;;;;;;2;;;;
31/01/2012;21:56:00;173;sem vítima;320;BR-101/RJ;Sul;Engavetamento;2;;;;;1;;;;;6;;;;
02/02/2012;18:53:00;172;sem vítima;320;BR-101/RJ;Norte;Colisão Lateral;1;;1;;;;;;;;2;;;;
06/02/2012;22:00:00;197;sem vítima;320;BR-101/RJ;Sul;Colisão Traseira;;;2;;;;;;;;3;;;;
07/02/2012;09:42:00;62;sem vítima;320;BR-101/RJ;Sul;Colisão Traseira;1;;;1;;;;;;;3;;;;
09/02/2012;09:56:00;48;sem vítima;320;BR-101/RJ;Sul;Colisão Traseira;;;;;2;;;;;;3;;;;
11/02/2012;04:34:00;22;sem vítima;320;BR-101/RJ;Norte;Choque - Defensa, barreira ou "submarino";1;;;;;;;;;;1;;;;
13/02/2012;18:37:00;163;sem vítima;320;BR-101/RJ;Norte;Colisão Traseira;2;;;;;;;;;;3;;;;
13/02/2012;21:38:00;196;sem vítima;320;BR-101/RJ;Norte;Colisão Lateral;1;;;;;1;;;;;2;;;;
14/02/2012;10:20:00;60;sem vítima;320;BR-101/RJ;Sul;Colisão Lateral;1;;1;;;;;;;;2;;;;
18/02/2012;15:58:00;234;com vítima;320;BR-101/RJ;Norte;Capotamento;1;;;;;;;;;;4;;2;;
18/02/2012;16:46:00;253;sem vítima;320;BR-101/RJ;Norte;Engavetamento;2;;;;;1;;;;;5;;;;
21/02/2012;04:30:00;14;com vítima;320;BR-101/RJ;Norte;Atropelamento - Andarilho;;;;;1;;;;;;1;;;;1
21/02/2012;17:38:00;125;sem vítima;320;BR-101/RJ;Norte;Colisão Traseira;2;;;;;;;;;;7;;;;
24/02/2012;20:28:00;175;sem vítima;320;BR-101/RJ;Norte;Choque - Outros;1;;;;;;;;;;1;;;;
26/02/2012;17:56:00;150;sem vítima;320;BR-101/RJ;Sul;Colisão Lateral;2;;;;;;;;;;5;;;;
27/02/2012;17:58:00;132;com vítima;320;BR-101/RJ;Norte;Choque - Defensa, barreira ou "submarino";;;;1;;;;;;;0;1;1;;
29/02/2012;22:31:00;161;sem vítima;320;BR-101/RJ;Norte;Colisão Traseira;;;2;;;;;;;;2;;;;
29/02/2012;22:54:00;168;sem vítima;320;BR-101/RJ;Norte;Colisão Lateral;1;;1;;;;;;;;2;;;;
02/03/2012;23:58:00;227;sem vítima;320;BR-101/RJ;Norte;Colisão Traseira;1;;1;;;;;;;;2;;;;
04/03/2012;00:23:00;4;com vítima;320;BR-101/RJ;Norte;Queda de Moto;;;;1;;;;;;;0;1;;;
06/03/2012;04:44:00;19;com vítima;320;BR-101/RJ;Sul;Saida de Pista;1;;;;;;;;;;0;2;1;;
07/03/2012;20:50:00;164;com vítima;320;BR-101/RJ;Sul;Colisão Traseira;;;;1;;1;;;;;1;;1;;
07/03/2012;22:28:00;175;sem vítima;320;BR-101/RJ;Norte;Colisão Lateral;1;;1;;;;;;;;3;;;;
08/03/2012;23:15:00;171;sem vítima;320;BR-101/RJ;Norte;Colisão Lateral;1;;1;;;;;;;;4;;;;
11/03/2012;20:10:00;167;sem vítima;320;BR-101/RJ;Sul;Colisão Lateral;2;;;;;;;;;;3;;;;
14/03/2012;06:03:00;28;sem vítima;320;BR-101/RJ;Sul;Saida de Pista;1;;;;;;;;;;1;;;;
17/03/2012;09:30:00;60;sem vítima;320;BR-101/RJ;Norte;Colisão Lateral;1;;1;;;;;;;;2;;;;
17/03/2012;11:10:00;77;sem vítima;320;BR-101/RJ;Norte;Colisão Traseira;1;;;;;1;;;;;4;;;;
17/03/2012;14:23:00;102;sem vítima;320;BR-101/RJ;Norte;Engavetamento;2;;;;;3;;;;;6;;;;
18/03/2012;21:30:00;153;com vítima;320;BR-101/RJ;Norte;Queda de Moto;;;;1;;;;;;;0;1;;;
20/03/2012;18:42:00;120;sem vítima;320;BR-101/RJ;Norte;Colisão Traseira;1;;;;1;;;;;;2;;;;
22/03/2012;19:53:00;167;sem vítima;320;BR-101/RJ;Norte;Engavetamento;4;;;;;;;;;;4;;;;
23/03/2012;10:08:00;53;com vítima;320;BR-101/RJ;Norte;Colisão Traseira;1;;;1;;;;;;;2;;1;;
23/03/2012;20:28:00;164;sem vítima;320;BR-101/RJ;Norte;Colisão Traseira;1;;;;;1;;;;;2;;;;
23/03/2012;23:50:00;189;sem vítima;320;BR-101/RJ;Norte;Colisão Traseira;2;;;;;;;;;;2;;;;
24/03/2012;02:44:00;25;sem vítima;320;BR-101/RJ;Sul;Saida de Pista;1;;;;;;;;;;1;;;;
24/03/2012;13:06:00;95;sem vítima;320;BR-101/RJ;Norte;Engavetamento;4;;;;;;;;;;5;;;;
28/03/2012;22:43:00;176;sem vítima;320;BR-101/RJ;Norte;Colisão Lateral;1;;;;1;;;;;;2;;;;
28/03/2012;22:47:00;177;sem vítima;320;BR-101/RJ;Norte;Colisão Lateral;1;;1;;;;;;;;3;;;;
29/03/2012;18:20:00;135;sem vítima;320;BR-101/RJ;Norte;Colisão Lateral;2;;;;;;;;;;4;;;;
31/03/2012;07:21:00;29;sem vítima;320;BR-101/RJ;Norte;Colisão Traseira;1;;;;;1;;;;;3;;;;
02/04/2012;23:42:00;213;com vítima;320;BR-101/RJ;Norte;Queda de Moto;;;;1;;;;;;;0;1;1;;
03/04/2012;23:05:00;182;sem vítima;320;BR-101/RJ;Norte;Colisão Lateral;1;;1;;;;;;;;3;;;;
09/04/2012;18:13:00;161;sem vítima;320;BR-101/RJ;Norte;Engavetamento;4;;;;;;;;;;5;;;;
12/04/2012;23:21:00;204;sem vítima;320;BR-101/RJ;Norte;Colisão Traseira;2;;;;;;;;;;2;;;;
14/04/2012;16:38:00;120;sem vítima;320;BR-101/RJ;Norte;Engavetamento;5;;;;;1;;;;;15;;;;
15/04/2012;17:12:00;118;sem vítima;320;BR-101/RJ;Norte;Colisão Traseira;2;;;;;;;;;;4;;;;
18/04/2012;17:15:00;104;sem vítima;320;BR-101/RJ;Norte;Colisão Traseira;1;;1;;;;;;;;2;;;;
18/04/2012;19:25:00;133;sem vítima;320;BR-101/RJ;Norte;Colisão Lateral;1;;1;;;;;;;;3;;;;
24/04/2012;16:17:00;166;sem vítima;320;BR-101/RJ;Norte;Colisão Traseira;1;;1;;;;;;;;4;;;;
26/04/2012;01:31:00;5;com vítima;320;BR-101/RJ;Norte;Queda de Moto;;;;1;;;;;;;0;1;;;
26/04/2012;22:12:00;188;sem vítima;320;BR-101/RJ;Sul;Colisão Lateral;1;;;;;1;;;;;2;;;;
28/04/2012;11:00:00;66;sem vítima;320;BR-101/RJ;Norte;Tombamento;1;;;;;;;;;;1;;;;
29/04/2012;07:49:00;27;com vítima;320;BR-101/RJ;Sul;Choque - Defensa, barreira ou "submarino";1;;;;;;;;;;0;;1;;
01/05/2012;04:39:00;13;sem vítima;320;BR-101/RJ;Sul;Choque - Defensa, barreira ou "submarino";1;;;;;;;;;;2;;;;
01/05/2012;06:23:00;22;sem vítima;320;BR-101/RJ;Sul;Choque - Defensa, barreira ou "submarino";1;;;;;;;;;;3;;;;
02/05/2012;09:34:00;74;com vítima;320;BR-101/RJ;Sul;Colisão Traseira;;;;;4;;;;;;3;;1;;
02/05/2012;10:51:00;86;sem vítima;320;BR-101/RJ;Sul;Colisão Lateral;1;;;1;;;;;;;2;;;;
04/05/2012;05:41:00;19;sem vítima;320;BR-101/RJ;Sul;Colisão Traseira;1;;;;1;1;;;;;3;;;;
04/05/2012;17:37:00;154;sem vítima;320;BR-101/RJ;Norte;Colisão Traseira;2;;;;;;;;;;4;;;;
08/05/2012;05:52:00;16;com vítima;320;BR-101/RJ;Sul;Colisão Lateral;1;;;1;;;;;;;1;1;1;;
08/05/2012;19:05:00;120;sem vítima;320;BR-101/RJ;Norte;Engavetamento;3;;;;;;;;;;3;;;;
08/05/2012;20:06:00;129;sem vítima;320;BR-101/RJ;Norte;Colisão Lateral;1;;1;;;;;;;;2;;;;
11/05/2012;19:55:00;172;sem vítima;320;BR-101/RJ;Norte;Engavetamento;3;;;;;1;;;;;6;;;;
11/05/2012;23:23:00;203;sem vítima;320;BR-101/RJ;Norte;Engavetamento;4;;;;;;;;;;8;;;;
13/05/2012;18:19:00;137;com vítima;320;BR-101/RJ;Norte;Colisão Lateral;1;;;1;;;;;;;1;;1;;
13/05/2012;18:39:00;142;sem vítima;320;BR-101/RJ;Norte;Colisão Traseira;2;;;;;;;;;;2;;;;
13/05/2012;18:40:00;143;sem vítima;320;BR-101/RJ;Norte;Engavetamento;3;;;;;;;;;;4;;;;
14/05/2012;00:36:00;2;sem vítima;320;BR-101/RJ;Norte;Outros;1;;;;;;;;;;3;;;;
14/05/2012;00:37:00;7;sem vítima;320;BR-101/RJ;Norte;Colisão Traseira;2;;;;;;;;;;3;;;;
15/05/2012;06:30:00;16;sem vítima;320;BR-101/RJ;Sul;Colisão Lateral;1;;1;;1;;;;;;64;;;;
19/05/2012;09:26:00;58;sem vítima;320;BR-101/RJ;Norte;Colisão Traseira;2;;;;;;;;;;2;;;;
19/05/2012;13:53:00;95;sem vítima;320;BR-101/RJ;Norte;Colisão Traseira;2;;;;;;;;;;3;;;;
21/05/2012;09:36:00;61;sem vítima;320;BR-101/RJ;Sul;Engavetamento;3;;;;;;;;;;5;;;;
21/05/2012;22:13:00;200;com vítima;320;BR-101/RJ;Norte;Colisão Lateral;;;;1;;1;;;;;1;2;;;
22/05/2012;06:44:00;28;com vítima;320;BR-101/RJ;Norte;Queda de Moto;;;;1;;1;;;;;1;;1;;
22/05/2012;20:51:00;181;sem vítima;320;BR-101/RJ;Norte;Colisão Lateral;1;;1;;;;;;;;4;;;;
25/05/2012;16:59:00;122;sem vítima;320;BR-101/RJ;Norte;Colisão Lateral;1;;1;;;;;;;;2;;;;
27/05/2012;03:12:00;18;sem vítima;320;BR-101/RJ;Sul;Saida de Pista;1;;;;;;;;;;1;;;;
28/05/2012;06:08:00;24;sem vítima;320;BR-101/RJ;Sul;Engavetamento;3;;;;;;;;;;3;;;;
01/06/2012;00:04:00;2;sem vítima;320;BR-101/RJ;Sul;Colisão Lateral;1;;1;;;;;;;;3;;;;
01/06/2012;20:36:00;197;sem vítima;320;BR-101/RJ;Norte;Colisão Traseira;2;;;;;;;;;;2;;;;
02/06/2012;03:38:00;28;sem vítima;320;BR-101/RJ;Norte;Choque - Defensa, barreira ou "submarino";1;;;;;;;;;;2;;;;
02/06/2012;04:15:00;31;sem vítima;320;BR-101/RJ;Norte;Colisão Traseira;2;;;;;;;;;;2;;;;
02/06/2012;04:42:00;33;sem vítima;320;BR-101/RJ;Norte;Colisão Traseira;1;;;;;1;;;;;3;;;;
05/06/2012;10:17:00;59;sem vítima;320;BR-101/RJ;Norte;Colisão Traseira;2;;;;;;;;;;2;;;;
05/06/2012;19:00:00;150;com vítima;320;BR-101/RJ;Sul;Colisão Traseira;1;;;;;1;;;;;2;1;1;;
07/06/2012;07:05:00;31;sem vítima;320;BR-101/RJ;Sul;Colisão Lateral;1;;;;1;;;;;;2;;;;
07/06/2012;23:13:00;188;sem vítima;320;BR-101/RJ;Norte;Engavetamento;3;;;;;;;;;;6;;;;
08/06/2012;04:46:00;20;com vítima;320;BR-101/RJ;Sul;Atropelamento - Sem Informação;;;;;;1;;;;;1;;;;1
09/06/2012;00:48:00;2;sem vítima;320;BR-101/RJ;Sul;Outros - Sequência;2;;;;;;;;;;5;;;;
11/06/2012;05:26:00;23;com vítima;320;BR-101/RJ;Sul;Capotamento;1;;;;;;;;;;0;;1;;
14/06/2012;12:34:00;108;com vítima;320;BR-101/RJ;Norte;Colisão Lateral;1;;;;1;;;;;;1;1;;;
14/06/2012;15:19:00;142;com vítima;320;BR-101/RJ;Norte;Colisão Lateral;1;;1;;1;;;;;;3;2;;;
14/06/2012;19:04:00;179;com vítima;320;BR-101/RJ;Norte;Colisão Lateral;1;;;1;;;;;;;3;2;;;
14/06/2012;21:37:00;201;sem vítima;320;BR-101/RJ;Norte;Colisão Traseira;3;;;;;;;;;;4;;;;
16/06/2012;10:06:00;64;com vítima;320;BR-101/RJ;Sul;Colisão Traseira;1;;;;1;;;;;;2;1;;;
19/06/2012;08:05:00;55;sem vítima;320;BR-101/RJ;Sul;Colisão Lateral;2;;;;;;;;;;2;;;;
21/06/2012;14:03:00;111;com vítima;320;BR-101/RJ;Sul;Colisão Lateral;1;;;1;;;;;;;1;;1;;
21/06/2012;20:50:00;175;sem vítima;320;BR-101/RJ;Norte;Engavetamento;8;;;;;;;;;;11;;;;
22/06/2012;01:19:00;8;sem vítima;320;BR-101/RJ;Sul;Saida de Pista;1;;;;;;;;;;1;;;;
23/06/2012;05:43:00;26;sem vítima;320;BR-101/RJ;Sul;Engavetamento;2;;1;;1;;;;;;6;;;;
24/06/2012;01:38:00;18;sem vítima;320;BR-101/RJ;Sul;Choque - Defensa, barreira ou "submarino";1;;;;;;;;;;2;;;;
24/06/2012;19:15:00;147;sem vítima;320;BR-101/RJ;Norte;Engavetamento;3;;;;;;;;;;10;;;;
25/06/2012;04:05:00;12;sem vítima;320;BR-101/RJ;Norte;Choque - Defensa, barreira ou "submarino";1;;;;;;;;;;1;;;;
26/06/2012;18:23:00;142;sem vítima;320;BR-101/RJ;Sul;Colisão Traseira;2;;;;;;;;;;3;;;;
27/06/2012;08:11:00;53;sem vítima;320;BR-101/RJ;Norte;Colisão Lateral;1;;;;1;;;;;;2;;;;
29/06/2012;08:39:00;45;sem vítima;320;BR-101/RJ;Sul;Colisão Traseira;2;;;;;;;;;;4;;;;
29/06/2012;14:19:00;120;sem vítima;320;BR-101/RJ;Sul;Colisão Traseira;3;;;;;;;;;;8;;;;
30/06/2012;14:21:00;118;sem vítima;320;BR-101/RJ;Norte;Colisão Traseira;1;;1;;;;;;;;2;;;;
30/06/2012;14:46:00;124;sem vítima;320;BR-101/RJ;Norte;Colisão Traseira;2;;;;;;;;;;4;;;;
02/07/2012;22:40:00;187;sem vítima;320;BR-101/RJ;Norte;Colisão Traseira;1;;1;;;;;;;;4;;;;
02/07/2012;23:14:00;192;sem vítima;320;BR-101/RJ;Norte;Colisão Traseira;1;;1;;;;;;;;3;;;;
03/07/2012;07:12:00;38;sem vítima;320;BR-101/RJ;Sul;Colisão Traseira;2;;;;;;;;;;4;;;;
05/07/2012;08:10:00;47;sem vítima;320;BR-101/RJ;Norte;Engavetamento;3;;;;;;;;;;4;;;;
05/07/2012;12:56:00;106;com vítima;320;BR-101/RJ;Norte;Engavetamento;3;;;1;;;;;;;6;;1;;
06/07/2012;05:59:00;35;sem vítima;320;BR-101/RJ;Sul;Colisão Traseira;2;;;;;;;;;;2;;;;
06/07/2012;19:02:00;187;sem vítima;320;BR-101/RJ;Norte;Engavetamento;2;;;;;;;;;1;7;;;;
06/07/2012;23:12:00;251;sem vítima;320;BR-101/RJ;Norte;Colisão Lateral;2;;;;;;;;;;2;;;;
07/07/2012;03:18:00;17;sem vítima;320;BR-101/RJ;Norte;Choque - Defensa, barreira ou "submarino";1;;;;;;;;;;1;;;;
07/07/2012;19:42:00;178;sem vítima;320;BR-101/RJ;Norte;Colisão Traseira;1;;;;;1;;;;;2;;;;
09/07/2012;19:32:00;171;sem vítima;320;BR-101/RJ;Norte;Colisão Lateral;1;;;;1;;;;;;47;;;;
11/07/2012;07:15:00;34;com vítima;320;BR-101/RJ;Sul;Colisão Lateral;1;;;1;;;;;;;2;2;;;
11/07/2012;17:22:00;143;sem vítima;320;BR-101/RJ;Norte;Engavetamento;3;;;;;;;;;;3;;;;
11/07/2012;18:04:00;147;com vítima;320;BR-101/RJ;Norte;Queda de Moto;;;;1;;;;;;;1;1;;;
12/07/2012;07:12:00;32;sem vítima;320;BR-101/RJ;Sul;Colisão Traseira;1;;;;1;;;;;;3;;;;
12/07/2012;17:28:00;150;sem vítima;320;BR-101/RJ;Norte;Colisão Traseira;2;;;;;;;;;;2;;;;
14/07/2012;19:09:00;157;sem vítima;320;BR-101/RJ;Norte;Colisão Traseira;2;;;;;;;;;;10;;;;
14/07/2012;23:50:00;186;com vítima;320;BR-101/RJ;Norte;Choque - Defensa, barreira ou "submarino";1;;;;;;;;;;0;2;;;
20/07/2012;15:41:00;125;sem vítima;320;BR-101/RJ;Norte;Colisão Lateral;1;;1;;;;;;;;3;;;;
23/07/2012;11:14:00;85;sem vítima;320;BR-101/RJ;Sul;Colisão Traseira;3;;;;;;;;;;3;;;;
23/07/2012;17:23:00;153;sem vítima;320;BR-101/RJ;Sul;Colisão Traseira;2;;;;;;;;;;6;;;;
24/07/2012;22:37:00;207;sem vítima;320;BR-101/RJ;Norte;Engavetamento;;;2;;1;;;;;;4;;;;
25/07/2012;20:20:00;173;sem vítima;320;BR-101/RJ;Norte;Engavetamento;3;;;;;;;;;;7;;;;
29/07/2012;16:12:00;130;sem vítima;320;BR-101/RJ;Norte;Colisão Traseira;2;;;;;;;;;;3;;;;
03/08/2012;09:44:00;65;com vítima;320;BR-101/RJ;Sul;Colisão Traseira;2;;;;;1;;;;;4;1;;;
06/08/2012;14:20:00;100;sem vítima;320;BR-101/RJ;Sul;Colisão Lateral;1;;;1;;;;;;;2;;;;
06/08/2012;18:18:00;147;sem vítima;320;BR-101/RJ;Sul;Colisão Lateral;1;;;;1;;;;;;2;;;;
07/08/2012;19:20:00;166;sem vítima;320;BR-101/RJ;Sul;Colisão Lateral;1;;;;1;;;;;;4;;;;
11/08/2012;05:05:00;27;com vítima;320;BR-101/RJ;Sul;Colisão Traseira;2;;;;;;;;;;3;1;;;
11/08/2012;13:26:00;112;com vítima;320;BR-101/RJ;Sul;Choque - Defensa, barreira ou "submarino";1;;;;;;;;;;0;1;;;
13/08/2012;15:59:00;143;sem vítima;320;BR-101/RJ;Norte;Colisão Lateral;1;;;;1;;;;;;3;;;;
13/08/2012;19:31:00;184;sem vítima;320;BR-101/RJ;Norte;Colisão Traseira;1;;;;;;;;;;1;;;;
14/08/2012;02:08:00;11;sem vítima;320;BR-101/RJ;Sul;Capotamento;1;;;;;;;;;;1;;;;
16/08/2012;07:00:00;29;sem vítima;320;BR-101/RJ;Sul;Colisão Lateral;;;;1;1;;;;;;2;;;;
16/08/2012;15:03:00;107;sem vítima;320;BR-101/RJ;Norte;Choque - Defensa, barreira ou "submarino";1;;;;;;;;;;5;;;;
16/08/2012;15:33:00;112;sem vítima;320;BR-101/RJ;Norte;Colisão Frontal;1;;1;;;;;;;;2;;;;
19/08/2012;07:13:00;36;com vítima;320;BR-101/RJ;Norte;Capotamento;1;;;;;;;;;;0;1;;;
20/08/2012;16:04:00;131;sem vítima;320;BR-101/RJ;Norte;Colisão Traseira;2;;;;;;;;;;5;;;;
22/08/2012;17:43:00;175;sem vítima;320;BR-101/RJ;Norte;Colisão Lateral;1;;;;1;;;;;;2;;;;
23/08/2012;14:30:00;123;sem vítima;320;BR-101/RJ;Norte;Colisão Traseira;1;;1;;;;;;;;3;;;;
03/09/2012;15:13:00;114;sem vítima;320;BR-101/RJ;Norte;Colisão Traseira;2;;;;;;;;;;2;;;;
04/09/2012;19:41:00;163;sem vítima;320;BR-101/RJ;Norte;Colisão Traseira;1;;;;1;;;;;;2;;;;
11/09/2012;13:42:00;87;sem vítima;320;BR-101/RJ;Norte;Colisão Traseira;1;;;;;;;;;;1;;;;
13/09/2012;20:48:00;185;sem vítima;320;BR-101/RJ;Norte;Colisão Traseira;2;;;;;;;;;;2;;;;
14/09/2012;17:15:00;124;sem vítima;320;BR-101/RJ;Norte;Colisão Traseira;1;;;1;;;;;;;2;;;;
14/09/2012;23:45:00;188;sem vítima;320;BR-101/RJ;Norte;Colisão Traseira;2;;;;;;;;;;2;;;;
15/09/2012;05:37:00;35;sem vítima;320;BR-101/RJ;Norte;Colisão Traseira;2;;;;;;;;;;5;;;;
15/09/2012;08:04:00;59;sem vítima;320;BR-101/RJ;Sul;Colisão Traseira;1;;;;;1;;;;;2;;;;
17/09/2012;06:20:00;31;sem vítima;320;BR-101/RJ;Sul;Colisão Lateral;1;;;;1;;;;;;2;;;;
18/09/2012;20:04:00;182;sem vítima;320;BR-101/RJ;Norte;Colisão Traseira;2;;;;1;;;;;;5;;;;
20/09/2012;12:36:00;89;com vítima;320;BR-101/RJ;Norte;Choque - Defensa, barreira ou "submarino";1;;;;;;;;;;1;;1;;
21/09/2012;15:38:00;126;sem vítima;320;BR-101/RJ;Norte;Colisão Lateral;;;;;1;1;;;;;2;;;;
22/09/2012;03:00:00;25;sem vítima;320;BR-101/RJ;Norte;Colisão Lateral;;;2;;;;;;;;4;;;;
22/09/2012;04:33:00;34;sem vítima;320;BR-101/RJ;Sul;Saida de Pista;1;;;;;;;;;;1;;;;
22/09/2012;05:58:00;45;sem vítima;320;BR-101/RJ;Sul;Choque - Defensa, barreira ou "submarino";1;;;;;;;;;;3;;;;
22/09/2012;11:24:00;97;sem vítima;320;BR-101/RJ;Norte;Colisão Traseira;2;;;;;;;;;;7;;;;
22/09/2012;19:38:00;155;sem vítima;320;BR-101/RJ;Norte;Colisão Lateral;1;;;;1;;;;;;2;;;;
23/09/2012;20:24:00;142;sem vítima;320;BR-101/RJ;Norte;Colisão Traseira;2;;;;;;;;;;2;;;;
24/09/2012;11:29:00;101;com vítima;320;BR-101/RJ;Sul;Colisão Traseira;;;2;;;;;;;;4;;1;;
24/09/2012;13:40:00;130;sem vítima;320;BR-101/RJ;Norte;Colisão Traseira;3;;;;;;;;;;4;;;;
25/09/2012;22:34:00;191;sem vítima;320;BR-101/RJ;Norte;Colisão Lateral;1;;1;;;;;;;;3;;;;
26/09/2012;04:38:00;25;sem vítima;320;BR-101/RJ;Sul;Colisão Traseira;1;;;;1;;;;;;3;;;;
26/09/2012;05:05:00;26;sem vítima;320;BR-101/RJ;Sul;Colisão Traseira;2;;;;;;;;;;3;;;;
28/09/2012;23:27:00;216;sem vítima;320;BR-101/RJ;Sul;Colisão Traseira;1;;;;;1;;;;;2;;;;
30/09/2012;13:13:00;88;com vítima;320;BR-101/RJ;Sul;Queda de Moto;;;;1;;;;;;;0;;1;;
04/10/2012;15:00:00;127;sem vítima;320;BR-101/RJ;Norte;Colisão Traseira;2;;;;;;;;;;3;;;;
05/10/2012;17:01:00;173;sem vítima;320;BR-101/RJ;Sul;Colisão Lateral;;;;;1;;;;;1;2;;;;
06/10/2012;12:29:00;107;sem vítima;320;BR-101/RJ;Sul;Colisão Traseira;1;;;;1;;;;;;2;;;;
06/10/2012;15:56:00;140;com vítima;320;BR-101/RJ;Norte;Colisão Traseira;3;;;;;;;;;;4;1;;;
08/10/2012;17:18:00;153;sem vítima;320;BR-101/RJ;Norte;Colisão Traseira;1;;;1;;;;;;;4;;;;
08/10/2012;17:33:00;155;sem vítima;320;BR-101/RJ;Norte;Colisão Traseira;2;;;;;;;;;;2;;;;
11/10/2012;17:03:00;180;sem vítima;320;BR-101/RJ;Norte;Colisão Lateral;;;;1;;;;;;1;3;;;;
11/10/2012;22:52:00;236;sem vítima;320;BR-101/RJ;Norte;Colisão Traseira;1;;;;;1;;;;;3;;;;
12/10/2012;02:15:00;18;sem vítima;320;BR-101/RJ;Norte;Colisão Traseira;1;;1;;;;;;;;3;;;;
12/10/2012;22:20:00;227;sem vítima;320;BR-101/RJ;Sul;Colisão Frontal;1;;;;;;;;;;4;;;;
13/10/2012;04:17:00;10;sem vítima;320;BR-101/RJ;Norte;Capotamento;1;;;;;;;;;;2;;;;
15/10/2012;18:08:00;151;sem vítima;320;BR-101/RJ;Norte;Colisão Traseira;3;;;;;;;;;;3;;;;
16/10/2012;09:29:00;80;sem vítima;320;BR-101/RJ;Sul;Engavetamento;3;;;;;;;;;;3;;;;
19/10/2012;16:30:00;134;sem vítima;320;BR-101/RJ;Norte;Colisão Traseira;2;;;;;;;;;;3;;;;
24/10/2012;15:28:00;144;sem vítima;320;BR-101/RJ;Norte;Colisão Traseira;1;;;;1;;;;;;5;;;;
24/10/2012;16:01:00;152;sem vítima;320;BR-101/RJ;Norte;Engavetamento;4;;;;;;;;;;4;;;;
25/10/2012;19:34:00;185;sem vítima;320;BR-101/RJ;Norte;Colisão Lateral;1;;;;1;;;;;;2;;;;
27/10/2012;11:14:00;97;sem vítima;320;BR-101/RJ;Sul;Saida de Pista;1;;;;;;;;;;2;;;;
30/10/2012;18:07:00;178;sem vítima;320;BR-101/RJ;Norte;Colisão Lateral;1;;1;;;;;;;;2;;;;
30/10/2012;22:21:00;213;sem vítima;320;BR-101/RJ;Norte;Colisão Lateral;1;;1;;;;;;;;2;;;;
03/11/2012;11:56:00;65;sem vítima;320;BR-101/RJ;Sul;Colisão Traseira;2;;;;;;;;;;7;;;;
03/11/2012;20:28:00;139;sem vítima;320;BR-101/RJ;Norte;Colisão Lateral;1;;;;1;;;;;;2;;;;
05/11/2012;07:55:00;34;sem vítima;320;BR-101/RJ;Norte;Colisão Traseira;1;;;;1;;;;;;3;;;;
05/11/2012;22:07:00;173;sem vítima;320;BR-101/RJ;Norte;Colisão Traseira;1;;;;1;;;;;;2;;;;
06/11/2012;08:35:00;56;sem vítima;320;BR-101/RJ;Norte;Queda de Moto;;;;1;;;;;;;1;;;;
08/11/2012;21:11:00;157;sem vítima;320;BR-101/RJ;Norte;Colisão Lateral;1;;1;;;;;;;;2;;;;
09/11/2012;17:28:00;152;sem vítima;320;BR-101/RJ;Norte;Colisão Traseira;3;;;;;;;;;;5;;;;
09/11/2012;19:39:00;181;sem vítima;320;BR-101/RJ;Norte;Colisão Lateral;1;;;1;;;;;;;4;;;;
11/11/2012;23:17:00;193;com vítima;320;BR-101/RJ;Norte;Colisão Traseira;;;;1;;1;;;;;1;1;;;
14/11/2012;15:21:00;139;sem vítima;320;BR-101/RJ;Norte;Colisão Lateral;1;;1;;;;;;;;6;;;;
14/11/2012;21:16:00;196;sem vítima;320;BR-101/RJ;Norte;Engavetamento;3;;;;;;;;;;6;;;;
15/11/2012;16:57:00;127;com vítima;320;BR-101/RJ;Sul;Queda de Moto;;;;1;;;;;;;0;1;;;
17/11/2012;00:46:00;6;sem vítima;320;BR-101/RJ;Norte;Saida de Pista;1;;;;;;;;;;1;;;;
17/11/2012;08:25:00;27;sem vítima;320;BR-101/RJ;Norte;Colisão Lateral;1;;;;1;;;;;;2;;;;
19/11/2012;12:03:00;90;com vítima;320;BR-101/RJ;Norte;Colisão Traseira;;;;;2;;;;;;2;1;;;
21/11/2012;10:20:00;67;com vítima;320;BR-101/RJ;Norte;Colisão Traseira;1;;;1;;;;;;;2;;1;;
21/11/2012;21:15:00;193;com vítima;320;BR-101/RJ;Norte;Colisão Traseira;2;;;1;;;;;;;3;;1;;
24/11/2012;14:18:00;100;com vítima;320;BR-101/RJ;Norte;Colisão Traseira;5;;;;;;;;;;6;3;;;
27/11/2012;17:22:00;117;sem vítima;320;BR-101/RJ;Norte;Outros;;;1;;;1;;;;;3;;;;
30/11/2012;12:56:00;119;sem vítima;320;BR-101/RJ;Sul;Colisão Traseira;2;;;;;;;;;;2;;;;
30/11/2012;20:13:00;201;com vítima;320;BR-101/RJ;Norte;Colisão Lateral;;;;1;1;1;;;;;2;;1;;