data;horario;n_da_ocorrencia;tipo_de_ocorrencia;km;trecho;sentido;tipo_de_acidente;automovel;bicicleta;caminhao;moto;onibus;outros;tracao_animal;transporte_de_cargas_especiais;trator_maquinas;utilitarios;ilesos;levemente_feridos;moderadamente_feridos;gravemente_feridos;mortos
01/12/2012;05:37:00;26;com vítima;320;BR-101/RJ;Norte;Colisão Traseira;2;;;;;;;;;;2;;1;;
02/12/2012;18:00:00;147;sem vítima;320;BR-101/RJ;Norte;Colisão Lateral;2;;;;;;;;;;6;;;;
02/12/2012;20:22:00;171;com vítima;320;BR-101/RJ;Sul;Queda de Moto;;;;1;;;;;;;0;;1;;
03/12/2012;10:18:00;92;sem vítima;320;BR-101/RJ;Norte;Colisão Lateral;1;;;;1;;;;;;2;;;;
04/12/2012;13:23:00;115;com vítima;320;BR-101/RJ;Norte;Queda de Moto;;;;1;;;;;;;0;;1;;
04/12/2012;17:20:00;154;sem vítima;320;BR-101/RJ;Norte;Engavetamento;6;;;;;;;;;;10;;;;
04/12/2012;21:17:00;200;sem vítima;320;BR-101/RJ;Norte;Queda de Moto;;;;1;;;;;;;1;;;;
06/12/2012;21:22:00;221;com vítima;320;BR-101/RJ;Norte;Queda de Moto;;;;1;;;;;;;0;2;1;;
06/12/2012;22:48:00;232;sem vítima;320;BR-101/RJ;Norte;Colisão Lateral;1;;1;;;;;;;;5;;;;
06/12/2012;23:31:00;236;sem vítima;320;BR-101/RJ;Norte;Colisão Lateral;1;;1;;;;;;;;2;;;;
07/12/2012;22:24:00;272;sem vítima;320;BR-101/RJ;Norte;Colisão Lateral;1;;;;1;;;;;;2;;;;
08/12/2012;18:26:00;212;sem vítima;320;BR-101/RJ;Norte;Colisão Traseira;2;;;;;;;;;;2;;;;
09/12/2012;04:08:00;21;com vítima;320;BR-101/RJ;Sul;Queda de Moto;;;;1;;;;;;;0;;1;;
11/12/2012;20:20:00;204;sem vítima;320;BR-101/RJ;Norte;Colisão Traseira;2;;;;;;;;;;4;;;;
15/12/2012;15:17:00;124;com vítima;320;BR-101/RJ;Sul;Colisão Traseira;1;;;1;;;;;;;1;;1;;1
19/12/2012;07:30:00;32;sem vítima;320;BR-101/RJ;Norte;Choque - Defensa, barreira ou "submarino";1;;;;;;;;;;1;;;;
19/12/2012;18:15:00;150;sem vítima;320;BR-101/RJ;Norte;Engavetamento;2;;;;;;;;;;5;;;;
20/12/2012;12:03:00;91;sem vítima;320;BR-101/RJ;Sul;Engavetamento;2;;;;;2;;;;;6;;;;
26/12/2012;13:41:00;130;sem vítima;320;BR-101/RJ;Norte;Colisão Lateral;1;;1;;;;;;;;2;;;;
26/12/2012;13:57:00;134;sem vítima;320;BR-101/RJ;Sul;Colisão Traseira;2;;;;;;;;;;3;;;;
28/12/2012;10:04:00;95;com vítima;320;BR-101/RJ;Sul;Colisão Traseira;1;;1;;1;;;;;;5;1;;;
31/12/2012;11:10:00;78;sem vítima;320;BR-101/RJ;Norte;Colisão Traseira;2;;;1;;;;;;;3;;;;
05/01/2013;16:50:00;118;sem vítima;320;BR-101/RJ;Norte;Engavetamento;5;;;;;;;;;;5;;;;
05/01/2013;17:00:00;120;sem vítima;320;BR-101/RJ;Norte;Engavetamento;3;;;;;1;;;;;10;;;;
09/01/2013;13:38:00;130;sem vítima;320;BR-101/RJ;Norte;Colisão Traseira;2;;;;;;;;;;6;;;;
11/01/2013;03:28:00;24;com vítima;320,904;BR-101/RJ;Norte;Saida de Pista;;;1;;;;;;;;0;1;;;
13/01/2013;10:21:00;74;sem vítima;320,59;BR-101/RJ;Norte;Saida de Pista;1;;;;;;;;;;2;;;;
15/01/2013;06:20:00;20;com vítima;320;BR-101/RJ;Sul;Colisão Lateral;1;;;1;;;;;;;1;;1;;
21/01/2013;11:38:00;102;sem vítima;320;BR-101/RJ;Norte;Colisão Traseira;2;;;;;1;;;;;6;;;;
23/01/2013;10:09:00;70;sem vítima;320;BR-101/RJ;Sul;Colisão Traseira;1;;1;;;;;;;;2;;;;
23/01/2013;10:57:00;86;sem vítima;320;BR-101/RJ;Norte;Colisão Traseira;1;;1;;;;;;;;5;;;;
26/01/2013;04:09:00;22;sem vítima;320;BR-101/RJ;Sul;Choque - Defensa, barreira ou "submarino";;;;;;;;;;1;1;;;;
27/01/2013;00:55:00;8;sem vítima;320;BR-101/RJ;Sul;Saida de Pista;1;;;;;;;;;;1;;;;
30/01/2013;08:18:00;46;sem vítima;320;BR-101/RJ;Sul;Colisão Traseira;1;;;;1;;;;;;2;;;;
30/01/2013;08:22:00;48;sem vítima;320;BR-101/RJ;Norte;Colisão Traseira;2;;;;;;;;;;2;;;;
31/01/2013;12:27:00;89;sem vítima;320;BR-101/RJ;Norte;Colisão Traseira;2;;;;;;;;;;5;;;;
01/02/2013;18:22:00;182;sem vítima;320;BR-101/RJ;Norte;Colisão Traseira;2;;;;;;;;;;4;;;;
01/02/2013;20:30:00;202;sem vítima;320;BR-101/RJ;Norte;Colisão Traseira;2;;;;;;;;;;4;;;;
03/02/2013;12:40:00;84;com vítima;320;BR-101/RJ;Norte;Capotamento;1;;;;1;;;;;;1;1;;;
03/02/2013;20:53:00;179;sem vítima;320;BR-101/RJ;Sul;Colisão Traseira;1;;;1;;;;;;;3;;;;
07/02/2013;07:38:00;64;sem vítima;320;BR-101/RJ;Sul;Choque - Poste;;;;;1;;;;;;1;;;;
08/02/2013;22:12:00;276;sem vítima;320;BR-101/RJ;Sul;Colisão Traseira;1;;;;1;;;;;;2;;;;
16/02/2013;14:27:00;144;sem vítima;320;BR-101/RJ;Sul;Colisão Lateral;1;;;1;;;;;;;2;;;;
18/02/2013;08:23:00;65;sem vítima;320;BR-101/RJ;Norte;Colisão Lateral;1;;;;1;;;;;;2;;;;
22/02/2013;16:08:00;130;sem vítima;320;BR-101/RJ;Norte;Colisão Lateral;1;;1;;;;;;;;2;;;;
24/02/2013;23:39:00;195;com vítima;320;BR-101/RJ;Norte;Atropelamento - Andarilho;1;;;;;;;;;;1;;1;;
25/02/2013;00:03:00;1;com vítima;320;BR-101/RJ;Sul;Saida de Pista;1;;;;;1;;;;;3;1;1;;
02/03/2013;07:27:00;48;sem vítima;320;BR-101/RJ;Sul;Colisão Traseira;1;;;;2;;;;;;4;;;;
05/03/2013;14:08:00;111;sem vítima;320;BR-101/RJ;Norte;Engavetamento;3;;;;;1;;;;;6;;;;
05/03/2013;18:19:00;163;sem vítima;320;BR-101/RJ;Norte;Engavetamento;3;;;;;;;;;1;5;;;;
07/03/2013;14:10:00;136;sem vítima;320;BR-101/RJ;Sul;Colisão Traseira;1;;;;1;;;;;;2;;;;
11/03/2013;23:10:00;221;sem vítima;320;BR-101/RJ;Sul;Queda de Moto;;;;1;;;;;;;1;;;;
13/03/2013;09:21:00;79;sem vítima;320;BR-101/RJ;Norte;Colisão Lateral;1;;;;1;;;;;;2;;;;
15/03/2013;13:09:00;107;sem vítima;320;BR-101/RJ;Norte;Colisão Lateral;1;;;;1;;;;;;24;;;;
20/03/2013;18:19:00;166;sem vítima;320;BR-101/RJ;Norte;Colisão Traseira;1;;;;;1;;;;;3;;;;
27/03/2013;18:07:00;148;sem vítima;320;BR-101/RJ;Norte;Colisão Traseira;2;;;;;;;;;;3;;;;
27/03/2013;18:07:00;169;sem vítima;320;BR-101/RJ;Norte;Colisão Traseira;2;;;;;;;;;;6;;;;
29/03/2013;01:46:00;23;sem vítima;320;BR-101/RJ;Norte;Colisão Traseira;1;;1;;;;;;;;2;;;;
02/04/2013;21:04:00;168;com vítima;320;BR-101/RJ;Sul;Saida de Pista;1;;;;;;;;;;0;;1;;
03/04/2013;14:56:00;111;sem vítima;320;BR-101/RJ;Norte;Engavetamento;1;;;;;;;;;2;5;;;;
04/04/2013;16:59:00;131;sem vítima;320;BR-101/RJ;Norte;Colisão Traseira;;;1;;1;;;;;;37;;;;
05/04/2013;17:59:00;142;sem vítima;320,15;BR-101/RJ;Norte;Colisão Traseira;1;;;;1;;;;;;4;;;;
08/04/2013;17:51:00;175;sem vítima;320;BR-101/RJ;Norte;Colisão Traseira;2;;;;;;;;;;4;;;;
09/04/2013;08:45:00;67;com vítima;320;BR-101/RJ;Sul;Colisão Lateral;1;;;1;;;;;;;1;1;;;
12/04/2013;22:01:00;223;sem vítima;320;BR-101/RJ;Norte;Colisão Lateral;1;;;;1;;;;;;2;;;;
13/04/2013;22:48:00;230;sem vítima;320;BR-101/RJ;Norte;Colisão Traseira;2;;;;;;;;;;2;;;;
20/04/2013;15:27:00;119;sem vítima;320;BR-101/RJ;Norte;Colisão Lateral;1;;1;;;;;;;;4;;;;
26/04/2013;18:33:00;195;sem vítima;320;BR-101/RJ;Norte;Engavetamento;3;;;;;;;;;;3;;;;
26/04/2013;20:52:00;216;sem vítima;320;BR-101/RJ;Norte;Colisão Traseira;2;;;;;;;;;;3;;;;
27/04/2013;03:37:00;23;sem vítima;320;BR-101/RJ;Sul;Choque - Defensa, barreira ou "submarino";1;;;;;;;;;;2;;;;
28/04/2013;12:55:00;68;sem vítima;320;BR-101/RJ;Norte;Colisão Traseira;2;;;;;;;;;;5;;;;
02/05/2013;19:35:00;133;sem vítima;320;BR-101/RJ;Norte;Engavetamento;2;;;;1;;;;;;5;;;;
02/05/2013;11:09:00;74;sem vítima;320,7;BR-101/RJ;Norte;Colisão Traseira;1;;;;;1;;;;;1;;;;
10/05/2013;22:35:00;193;sem vítima;320;BR-101/RJ;Norte;Colisão Lateral;1;;1;;;;;;;;2;;;;
11/05/2013;11:43:00;86;sem vítima;320;BR-101/RJ;Sul;Engavetamento;3;;;;;;;;;;9;;;;
15/05/2013;11:25:00;69;sem vítima;320;BR-101/RJ;Sul;Engavetamento;3;;;;;;;;;;3;;;;
16/05/2013;09:51:00;49;sem vítima;320;BR-101/RJ;Sul;Queda de Moto;;;;1;;;;;;;1;;;;
17/05/2013;12:16:00;90;com vítima;320;BR-101/RJ;Sul;Colisão Traseira;2;;;;;;;;;1;1;4;;;
17/05/2013;17:07:00;137;sem vítima;320;BR-101/RJ;Norte;Colisão Lateral;1;;1;;;;;;;;2;;;;
28/05/2013;07:32:00;29;sem vítima;320;BR-101/RJ;Sul;Colisão Traseira;1;;;;1;;;;;;2;;;;
30/05/2013;07:16:00;32;sem vítima;320,41;BR-101/RJ;Norte;Colisão Lateral;2;;;;;;;;;;2;;;;
31/05/2013;02:27:00;13;com vítima;320;BR-101/RJ;Sul;Tombamento;1;;;;;;;;;;0;1;;;
04/06/2013;12:44:00;93;sem vítima;320;BR-101/RJ;Sul;Colisão Traseira;2;;;;;;;;;;2;;;;
05/06/2013;18:28:00;147;sem vítima;320;BR-101/RJ;Norte;Colisão Traseira;2;;;;;;;;;;2;;;;
05/06/2013;20:06:00;164;sem vítima;320;BR-101/RJ;Norte;Colisão Lateral;1;;;;;;;;;1;17;;;;
07/06/2013;10:39:00;71;sem vítima;320,144;BR-101/RJ;Sul;Colisão Traseira;2;;;;;;;;;;3;;;;
10/06/2013;13:28:00;104;sem vítima;320;BR-101/RJ;Sul;Colisão Traseira;2;;;;;;;;;;4;;;;
12/06/2013;20:14:00;157;com vítima;320;BR-101/RJ;Sul;Queda de Moto;;;;1;;;;;;;0;1;;;
14/06/2013;05:30:00;15;com vítima;320;BR-101/RJ;Sul;Queda de Moto;1;;;;;;;;;;0;1;;;
15/06/2013;03:00:00;15;sem vítima;320;BR-101/RJ;Sul;Saida de Pista;1;;;;;;;;;;2;;;;
17/06/2013;01:54:00;9;sem vítima;320;BR-101/RJ;Sul;Capotamento;1;;;;;;;;;;1;;;;
18/06/2013;19:45:00;173;sem vítima;320;BR-101/RJ;Norte;Colisão Lateral;;;;;2;;;;;;2;;;;
22/06/2013;18:05:00;144;com vítima;320;BR-101/RJ;Norte;Queda de Moto;;;;1;;;;;;;0;1;;;
09/07/2013;14:59:00;112;sem vítima;320;BR-101/RJ;Norte;Colisão Lateral;1;;;;1;;;;;;2;;;;
10/07/2013;19:55:00;160;sem vítima;320;BR-101/RJ;Norte;Engavetamento;2;;;;;1;;;;;4;;;;
13/07/2013;17:14:00;157;sem vítima;320;BR-101/RJ;Sul;Engavetamento;3;;;;;;;;;;8;;;;
14/07/2013;02:41:00;19;sem vítima;320,3;BR-101/RJ;Sul;Colisão Traseira;2;;;;;;;;;;2;;;;
17/07/2013;13:34:00;94;sem vítima;320;BR-101/RJ;Sul;Colisão Lateral;1;;1;;;;;;;;2;;;;
21/07/2013;12:03:00;89;sem vítima;320;BR-101/RJ;Sul;Colisão Traseira;2;;;;;;;;;;8;;;;
24/07/2013;19:35:00;143;sem vítima;320,888;BR-101/RJ;Norte;Engavetamento;3;;;;;;;;;;3;;;;
26/07/2013;18:54:00;177;sem vítima;320,1;BR-101/RJ;Sul;Colisão Traseira;1;;;;;1;;;;;2;;;;
31/07/2013;10:58:00;80;com vítima;320,9;BR-101/RJ;Sul;Colisão Lateral;1;;;1;;;;;;;2;1;;;
05/08/2013;10:29:00;84;sem vítima;320;BR-101/RJ;Sul;Colisão Traseira;2;;;;;;;;;;6;;;;
07/08/2013;09:21:00;53;com vítima;320,5;BR-101/RJ;Norte;Colisão Traseira;;;;;2;;;;;;2;2;;;
16/08/2013;06:09:00;24;sem vítima;320;BR-101/RJ;Sul;Colisão Traseira;2;;;;;;;;;;2;;;;
19/08/2013;13:20:00;115;sem vítima;320;BR-101/RJ;Sul;Engavetamento;3;;;;;;;;;;4;;;;
19/08/2013;19:18:00;164;sem vítima;320;BR-101/RJ;Norte;Colisão Lateral;;;;;1;;;;;1;2;;;;
20/08/2013;00:40:00;8;sem vítima;320;BR-101/RJ;Norte;Colisão Lateral;2;;;;;;;;;;2;;;;
20/08/2013;11:12:00;74;sem vítima;320;BR-101/RJ;Sul;Colisão Lateral;;;1;;1;;;;;;2;;;;
29/08/2013;08:01:00;47;sem vítima;320;BR-101/RJ;Sul;Colisão Lateral;1;;;;;1;;;;;2;;;;
29/08/2013;17:20:00;145;sem vítima;320;BR-101/RJ;Norte;Colisão Traseira;2;;;;;;;;;;2;;;;
03/09/2013;05:15:00;27;com vítima;320,933;BR-101/RJ;Norte;Saida de Pista;;;;;;;;;;1;2;;1;;
06/09/2013;15:12:00;117;sem vítima;320,8;BR-101/RJ;Sul;Colisão Traseira;2;;;;;1;;;;;3;;;;
06/09/2013;07:52:00;35;com vítima;320,985;BR-101/RJ;Sul;Queda de Moto;;;;1;;1;;;;;1;1;1;;
11/09/2013;10:12:00;57;com vítima;320;BR-101/RJ;Sul;Colisão Traseira;1;;;1;;;;;;;2;1;;;
11/09/2013;12:43:00;70;com vítima;320;BR-101/RJ;Norte;Queda de Moto;;;;1;;;;;;;1;1;;;
11/09/2013;14:42:00;85;sem vítima;320;BR-101/RJ;Sul;Queda de Moto;;;;1;;;;;;;1;;;;
16/09/2013;19:46:00;194;sem vítima;320;BR-101/RJ;Norte;Colisão Lateral;1;;;1;;;;;;;2;;;;
17/09/2013;07:23:00;37;sem vítima;320;BR-101/RJ;Sul;Colisão Lateral;;;;1;1;;;;;;2;;;;
19/09/2013;09:20:00;62;sem vítima;320;BR-101/RJ;Sul;Engavetamento;4;;;;;;;;;;5;;;;
20/09/2013;19:03:00;162;sem vítima;320;BR-101/RJ;Norte;Colisão Lateral;1;;;1;;;;;;;2;;;;
21/09/2013;09:17:00;52;sem vítima;320,341;BR-101/RJ;Sul;Colisão Lateral;;;;1;;;;;;1;16;;;;
22/09/2013;14:09:00;80;sem vítima;320,621;BR-101/RJ;Sul;Colisão Traseira;1;;;;;1;;;;;5;;;;
29/09/2013;10:31:00;47;sem vítima;320,891;BR-101/RJ;Sul;Colisão Lateral;1;;;;;1;;;;;3;;;;
02/10/2013;10:53:00;73;sem vítima;320,729;BR-101/RJ;Norte;Engavetamento;3;;;;;;;;;;6;;;;
09/10/2013;07:53:00;46;sem vítima;320,389;BR-101/RJ;Sul;Colisão Lateral;1;;;;1;;;;;;3;;;;
09/10/2013;09:36:00;82;sem vítima;320,611;BR-101/RJ;Norte;Colisão Lateral;1;;;;1;;;;;;3;;;;
11/10/2013;17:19:00;166;sem vítima;320;BR-101/RJ;Norte;Engavetamento;3;;;;1;;;;;;4;;;;
11/10/2013;16:08:00;148;com vítima;320,537;BR-101/RJ;Sul;Queda de Moto;;;;1;;;;;;;0;;1;;
27/10/2013;12:20:00;78;com vítima;320,203;BR-101/RJ;Sul;Engavetamento;2;;;;1;;;;;;3;;1;;
29/10/2013;07:54:00;38;sem vítima;320;BR-101/RJ;Sul;Colisão Traseira;1;;;1;;;;;;;3;;;;
29/10/2013;17:15:00;132;com vítima;320;BR-101/RJ;Sul;Colisão Lateral;1;;;1;;;;;;;2;1;;;
31/10/2013;09:04:00;39;sem vítima;320,476;BR-101/RJ;Sul;Colisão Lateral;1;;1;;;;;;;;2;;;;
04/11/2013;14:46:00;125;sem vítima;320;BR-101/RJ;Norte;Engavetamento;2;;;;;;;;;;2;;;;
04/11/2013;15:53:00;133;com vítima;320;BR-101/RJ;Norte;Engavetamento;1;;2;;;;;;;;3;2;;;
05/11/2013;14:19:00;108;com vítima;320;BR-101/RJ;Sul;Colisão Lateral;1;;;1;;;;;;;1;1;;;
09/11/2013;22:33:00;186;sem vítima;320;BR-101/RJ;Norte;Colisão Lateral;1;;1;;;;;;;;4;;;;
09/11/2013;22:30:00;187;sem vítima;320,2;BR-101/RJ;Sul;Colisão Lateral;;;1;;1;;;;;;2;;;;
13/11/2013;21:47:00;173;sem vítima;320;BR-101/RJ;Norte;Saida de Pista;1;;;;;;;;;;1;;;;
15/11/2013;08:20:00;61;sem vítima;320,45;BR-101/RJ;Norte;Queda de Moto;;;;1;;;;;;;1;;;;
22/11/2013;15:37:00;132;sem vítima;320;BR-101/RJ;Norte;Colisão Lateral;1;;1;;;;;;;;2;;;;
27/11/2013;12:31:00;108;sem vítima;320,017;BR-101/RJ;Norte;Atropelamento de Animal;1;;;;;;;;;;1;;;;
04/12/2013;09:04:00;67;sem vítima;320;BR-101/RJ;Sul;Colisão Traseira;2;;;;;;;;;;2;;;;
05/12/2013;15:51:00;143;sem vítima;320;BR-101/RJ;Norte;Engavetamento;5;;;;;;;;;;5;;;;
07/12/2013;01:34:00;13;com vítima;320,955;BR-101/RJ;Norte;Capotamento;1;;;;;;;;;;0;1;;;
09/12/2013;18:20:00;162;com vítima;320,4;BR-101/RJ;Norte;Colisão Lateral;1;;;1;;;;;;;1;;1;;
10/12/2013;10:20:00;96;sem vítima;320,5;BR-101/RJ;Sul;Colisão Traseira;2;;;;;;;;;;4;;;;
15/12/2013;22:06:00;167;sem vítima;320,4;BR-101/RJ;Sul;Colisão Traseira;1;;1;;;;;;;;3;;;;
15/12/2013;22:03:00;166;sem vítima;320,5;BR-101/RJ;Norte;Colisão Traseira;1;;1;;;;;;;;2;;;;
05/01/2014;05:47:00;25;com vítima;320,987;BR-101/RJ;Sul;Queda de Moto;;;;1;;;;;;;0;;;;1
11/01/2014;10:23:00;82;com vítima;320,035;BR-101/RJ;Sul;Colisão Lateral;2;;;;;;;;;;2;2;;;
11/01/2014;18:58:00;205;com vítima;320,979;BR-101/RJ;Sul;Queda de Moto;;;;1;;;;;;;0;1;;;
16/01/2014;09:22:00;62;sem vítima;320;BR-101/RJ;Sul;Colisão Traseira;2;;;;;;;;;;5;;;;
18/01/2014;23:24:00;219;com vítima;320;BR-101/RJ;Sul;Saida de Pista;;;;1;;;;;;;0;1;;;
23/01/2014;13:58:00;111;com vítima;320;BR-101/RJ;Sul;Colisão Transversal;1;;1;;;;;;;;1;1;;;
31/01/2014;20:14:00;229;sem vítima;320;BR-101/RJ;Sul;Colisão Lateral;1;;;;;1;;;;;2;;;;
04/02/2014;22:54:00;205;sem vítima;320,995;BR-101/RJ;Norte;Choque - Defensa, barreira ou "submarino";1;;;;;;;;;;1;;;;
06/02/2014;19:35:00;195;com vítima;320;BR-101/RJ;Norte;Colisão Lateral;1;;;1;;;;;;;8;2;;;
07/02/2014;22:36:00;227;sem vítima;320;BR-101/RJ;Norte;Colisão Lateral;1;;1;;;;;;;;2;;;;
20/02/2014;12:14:00;96;sem vítima;320,79;BR-101/RJ;Sul;Colisão Traseira;2;;;;;;;;;;3;;;;
22/02/2014;09:41:00;61;sem vítima;320;BR-101/RJ;Sul;Colisão Traseira;2;;;;;;;;;;5;;;;
24/02/2014;08:18:00;47;sem vítima;320;BR-101/RJ;Sul;Colisão Lateral;1;;1;;;;;;;;2;;;;
25/02/2014;22:31:00;210;sem vítima;320,2;BR-101/RJ;Sul;Colisão Lateral;1;;1;;;;;;;;5;;;;
25/02/2014;19:31:00;185;sem vítima;320,25;BR-101/RJ;Sul;Colisão Traseira;3;;;;;;;;;;9;;;;
12/03/2014;16:12:00;157;sem vítima;320;BR-101/RJ;Norte;Colisão Lateral;1;;;;1;;;;;;2;;;;
12/03/2014;16:26:00;161;sem vítima;320;BR-101/RJ;Norte;Colisão Lateral;1;;;;1;;;;;;2;;;;
13/03/2014;08:15:00;63;com vítima;320;BR-101/RJ;Sul;Colisão Traseira;;;;1;;;;;;1;1;1;;;
14/03/2014;22:45:00;211;sem vítima;320;BR-101/RJ;Norte;Colisão Traseira;1;;1;;;;;;;;3;;;;
14/03/2014;19:31:00;179;sem vítima;320,356;BR-101/RJ;Norte;Engavetamento;3;;;;;;;;;;6;;;;
17/03/2014;08:47:00;71;sem vítima;320;BR-101/RJ;Sul;Colisão Lateral;1;;1;;;;;;;;3;;;;
17/03/2014;12:04:00;114;sem vítima;320;BR-101/RJ;Sul;Colisão Traseira;2;;;;;;;;;;2;;;;
23/03/2014;05:16:00;15;com vítima;320,526;BR-101/RJ;Sul;Colisão Traseira;2;;;;;;;;;;0;;;2;1
25/03/2014;19:51:00;167;sem vítima;320;BR-101/RJ;Sul;Colisão Lateral;1;;1;;;;;;;;2;;;;
27/03/2014;15:11:00;131;com vítima;320;BR-101/RJ;Norte;Colisão Lateral;1;;;1;;;;;;;1;1;;;
27/03/2014;16:01:00;135;sem vítima;320;BR-101/RJ;Sul;Engavetamento;1;;;;1;;;;;1;3;;;;
31/03/2014;00:45:00;7;sem vítima;320;BR-101/RJ;Norte;Choque - Defensa, barreira ou "submarino";1;;;;;;;;;;1;;;;
31/03/2014;00:45:00;13;sem vítima;320;BR-101/RJ;Norte;Colisão Traseira;1;;;;;1;;;;;2;;;;
31/03/2014;15:56:00;147;com vítima;320,8;BR-101/RJ;Norte;Colisão Traseira;;;;;2;;;;;;2;3;;;
02/04/2014;14:23:00;127;sem vítima;320;BR-101/RJ;Sul;Colisão Traseira;1;;;;1;;;;;;2;;;;
05/04/2014;09:13:00;44;com vítima;320;BR-101/RJ;Norte;Choque - Defensa, barreira ou "submarino";1;;;;;;;;;;0;1;;;
05/04/2014;11:41:00;75;sem vítima;320;BR-101/RJ;Sul;Colisão Traseira;1;;;;;1;;;;;2;;;;
05/04/2014;03:36:00;10;sem vítima;320,985;BR-101/RJ;Norte;Choque - Defensa, barreira ou "submarino";1;;;;;;;;;;2;;;;
17/04/2014;09:33:00;54;sem vítima;320;BR-101/RJ;Sul;Colisão Lateral;1;;;1;;;;;;;2;;;;
18/04/2014;23:04:00;237;sem vítima;320;BR-101/RJ;Norte;Choque - Defensa, barreira ou "submarino";1;;;;;;;;;;1;;;;
23/04/2014;13:55:00;99;sem vítima;320;BR-101/RJ;Norte;Choque - Defensa, barreira ou "submarino";1;;;;;;;;;;5;;;;
13/05/2014;09:39:00;65;sem vítima;320;BR-101/RJ;Sul;Colisão Lateral;1;;1;;;;;;;;2;;;;
23/05/2014;12:00:00;100;com vítima;320;BR-101/RJ;Norte;Engavetamento;3;;;;;1;;;;;4;1;;;
23/05/2014;21:35:00;196;com vítima;320,98;BR-101/RJ;Sul;Outros - Sequência;;;1;1;;;;;;;1;;;;1
24/05/2014;05:11:00;27;sem vítima;320,417;BR-101/RJ;Norte;Colisão Traseira;;;1;;1;;;;;;2;;;;
27/05/2014;16:14:00;129;sem vítima;320;BR-101/RJ;Norte;Colisão Lateral;1;;;1;;;;;;;2;;;;
02/06/2014;16:45:00;128;sem vítima;320;BR-101/RJ;Norte;Colisão Traseira;2;;;;;;;;;;2;;;;
09/06/2014;15:34:00;123;sem vítima;320,343;BR-101/RJ;Sul;Engavetamento;3;;;;;;;;;;3;;;;
09/06/2014;15:46:00;128;com vítima;320,6;BR-101/RJ;Norte;Capotamento;1;;;;;;;;;;0;;1;;
12/06/2014;10:49:00;83;sem vítima;320;BR-101/RJ;Norte;Colisão Traseira;;;;;2;;;;;;2;;;;
16/06/2014;13:27:00;118;sem vítima;320;BR-101/RJ;Norte;Colisão Traseira;2;;;;;;;;;;2;;;;
21/06/2014;12:41:00;59;sem vítima;320;BR-101/RJ;Sul;Engavetamento;3;;;;;;;;;;4;;;;
27/06/2014;09:24:00;62;sem vítima;320;BR-101/RJ;Sul;Colisão Lateral;1;;1;;;;;;;;3;;;;
30/06/2014;06:27:00;26;com vítima;320;BR-101/RJ;Sul;Colisão Lateral;1;;;1;1;;;;;;3;1;;;
01/07/2014;19:04:00;155;sem vítima;320,45;BR-101/RJ;Sul;Colisão Traseira;1;;;;;;;;;1;3;;;;
07/07/2014;08:58:00;68;sem vítima;320;BR-101/RJ;Sul;Colisão Traseira;;;;1;;;;;;;1;;;;
08/07/2014;14:06:00;78;sem vítima;320;BR-101/RJ;Sul;Colisão Lateral;;;;;1;1;;;;;2;;;;
09/07/2014;11:14:00;83;sem vítima;320;BR-101/RJ;Norte;Colisão Lateral;1;;1;;;;;;;;6;;;;
11/07/2014;07:20:00;32;com vítima;320,144;BR-101/RJ;Sul;Queda de Moto;;;;1;;1;;;;;1;;1;;
16/07/2014;14:34:00;106;sem vítima;320,5;BR-101/RJ;Norte;Engavetamento;3;;;;;;;;;;5;;;;
25/07/2014;13:33:00;107;com vítima;320;BR-101/RJ;Sul;Colisão Traseira;2;;;;;1;;;;;1;5;;;
25/07/2014;19:39:00;171;sem vítima;320;BR-101/RJ;Sul;Colisão Traseira;1;;;;;1;;;;;2;;;;
02/08/2014;19:39:00;141;sem vítima;320;BR-101/RJ;Sul;Colisão Traseira;2;;;;;;;;;;5;;;;
03/08/2014;04:48:00;17;sem vítima;320;BR-101/RJ;Sul;Colisão Traseira;1;;;;;;;;;1;2;;;;
04/08/2014;08:59:00;63;com vítima;320,373;BR-101/RJ;Sul;Colisão Lateral;;;;1;;1;;;;;1;1;1;;
05/08/2014;13:15:00;103;com vítima;320,032;BR-101/RJ;Sul;Colisão Lateral;;;1;1;;1;;;;;2;1;;;
12/08/2014;07:03:00;29;com vítima;320;BR-101/RJ;Norte;Colisão Traseira;1;;;;1;;;;;;2;2;;;
18/08/2014;12:47:00;94;sem vítima;320;BR-101/RJ;Norte;Colisão Lateral;1;;;;;;;;;1;2;;;;
20/08/2014;14:21:00;103;sem vítima;320,791;BR-101/RJ;Norte;Colisão Traseira;2;;;;;;;;;;5;;;;
21/08/2014;07:10:00;38;com vítima;320,228;BR-101/RJ;Sul;Atropelamento - Ambulante;;;;1;;;;;;;2;1;;;
26/08/2014;07:43:00;36;com vítima;320;BR-101/RJ;Sul;Colisão Traseira;1;;;1;;;;;;;2;1;1;;
11/09/2014;07:48:00;37;sem vítima;320;BR-101/RJ;Sul;Colisão Traseira;2;;;;;;;;;;5;;;;
12/09/2014;23:10:00;179;sem vítima;320;BR-101/RJ;Sul;Choque - Defensa, barreira ou "submarino";1;;;;;;;;;;3;;;;
18/09/2014;19:32:00;158;com vítima;320;BR-101/RJ;Norte;Colisão Lateral;;;;1;;1;;;;;1;1;;;
26/09/2014;15:23:00;122;sem vítima;320;BR-101/RJ;Norte;Colisão Traseira;2;;;;;;;;;;2;;;;
28/09/2014;13:09:00;61;sem vítima;320,924;BR-101/RJ;Norte;Choque - Defensa, barreira ou "submarino";1;;;;;;;;;;2;;;;
05/10/2014;06:59:00;23;com vítima;320,947;BR-101/RJ;Norte;Colisão Lateral;;;;1;;1;;;;;1;2;;;