data;horario;n_da_ocorrencia;tipo_de_ocorrencia;km;trecho;sentido;tipo_de_acidente;automovel;bicicleta;caminhao;moto;onibus;outros;tracao_animal;transporte_de_cargas_especiais;trator_maquinas;utilitarios;ilesos;levemente_feridos;moderadamente_feridos;gravemente_feridos;mortos
08/11/2013;22:48:00;214;sem vítima;321,888;BR-101/RJ;Norte;Colisão Traseira;1;;1;;;;;;;;2;;;;
09/11/2013;23:13:00;189;sem vítima;321,5;BR-101/RJ;Norte;Colisão Traseira;1;;1;;;;;;;;3;;;;
09/11/2013;05:52:00;28;com vítima;321,802;BR-101/RJ;Sul;Queda de Moto;;;;1;;;;;;;0;;1;;
11/11/2013;03:51:00;19;com vítima;321,735;BR-101/RJ;Sul;Saida de Pista;1;;;;;;;;;;0;1;1;;
21/11/2013;22:47:00;213;sem vítima;321,9;BR-101/RJ;Norte;Colisão Lateral;1;;1;;;;;;;;3;;;;
24/11/2013;23:32:00;178;com vítima;321;BR-101/RJ;Norte;Choque - Defensa, barreira ou "submarino";1;;;;;;;;;;0;1;;;
25/11/2013;18:35:00;141;com vítima;321;BR-101/RJ;Norte;Colisão Traseira;;;;1;;;;;;;1;1;;;
27/11/2013;17:28:00;177;com vítima;321,8;BR-101/RJ;Norte;Colisão Lateral;1;;;1;;;;;;;1;1;;;
27/11/2013;12:41:00;109;sem vítima;321,876;BR-101/RJ;Norte;Colisão Traseira;2;;;;;;;;;;2;;;;
30/11/2013;03:02:00;18;sem vítima;321,02;BR-101/RJ;Sul;Saida de Pista;1;;;;;;;;;;1;;;;
09/12/2013;21:26:00;196;com vítima;321,1;BR-101/RJ;Sul;Queda de Moto;;;;1;;;;;;;0;1;;;
09/12/2013;18:42:00;168;sem vítima;321,83;BR-101/RJ;Norte;Colisão Lateral;1;;;1;;;;;;;2;;;;
11/12/2013;19:15:00;170;sem vítima;321,788;BR-101/RJ;Norte;Colisão Lateral;1;;;;1;;;;;;2;;;;
13/12/2013;21:53:00;193;sem vítima;321;BR-101/RJ;Norte;Colisão Lateral;1;;1;;;;;;;;4;;;;
13/12/2013;22:19:00;197;sem vítima;321;BR-101/RJ;Norte;Colisão Lateral;1;;1;;;;;;;;4;;;;
14/12/2013;01:08:00;12;sem vítima;321;BR-101/RJ;Norte;Colisão Traseira;1;;;1;;;;;;;3;;;;
16/12/2013;20:57:00;215;sem vítima;321;BR-101/RJ;Norte;Engavetamento;1;;;;;3;;;;;5;;;;
17/12/2013;13:48:00;113;sem vítima;321;BR-101/RJ;Sul;Colisão Lateral;1;;1;;;;;;;;2;;;;
23/12/2013;15:38:00;164;sem vítima;321;BR-101/RJ;Norte;Colisão Lateral;1;;1;;;;;;;;2;;;;
28/12/2013;07:26:00;51;sem vítima;321;BR-101/RJ;Norte;Choque - Outros;1;;;;;;;;;;2;;;;
29/12/2013;14:24:00;121;sem vítima;321;BR-101/RJ;Sul;Saida de Pista;1;;;;;;;;;;5;;;;
03/01/2014;18:48:00;209;sem vítima;321;BR-101/RJ;Norte;Engavetamento;4;;;;;;;;;;8;;;;
10/01/2014;20:02:00;214;sem vítima;321;BR-101/RJ;Norte;Colisão Traseira;1;;;;1;;;;;;41;;;;
16/01/2014;22:00:00;189;sem vítima;321;BR-101/RJ;Sul;Colisão Traseira;1;;;;;1;;;;;2;;;;
17/01/2014;16:45:00;127;sem vítima;321,888;BR-101/RJ;Norte;Colisão Lateral;1;;1;;;;;;;;2;;;;
18/01/2014;00:50:00;12;sem vítima;321,1;BR-101/RJ;Sul;Colisão Traseira;;;;;;1;;;;1;3;;;;
20/01/2014;03:31:00;18;com vítima;321,025;BR-101/RJ;Sul;Capotamento;1;;;;;;;;;;0;;1;;2
22/01/2014;23:14:00;196;com vítima;321;BR-101/RJ;Norte;Choque - Outros;1;;;;;;;;;;0;;1;;
24/01/2014;18:23:00;138;com vítima;321,5;BR-101/RJ;Sul;Capotamento;1;;;;;;;;;;0;1;;;
26/01/2014;10:09:00;57;sem vítima;321;BR-101/RJ;Norte;Choque - Defensa, barreira ou "submarino";1;;;;;;;;;;1;;;;
27/01/2014;20:26:00;195;sem vítima;321,85;BR-101/RJ;Norte;Colisão Lateral;1;;1;;;;;;;;2;;;;
02/02/2014;06:00:00;27;sem vítima;321,14;BR-101/RJ;Sul;Choque - Defensa, barreira ou "submarino";1;;;;;;;;;;3;;;;
07/02/2014;23:40:00;238;sem vítima;321;BR-101/RJ;Norte;Colisão Traseira;1;;1;;;;;;;;2;;;;
16/02/2014;21:34:00;174;com vítima;321,834;BR-101/RJ;Norte;Choque - Defensa, barreira ou "submarino";1;;;;;;;;;;1;;1;;
21/02/2014;22:48:00;239;sem vítima;321,85;BR-101/RJ;Norte;Colisão Lateral;1;;1;;;;;;;;2;;;;
04/03/2014;07:02:00;29;sem vítima;321;BR-101/RJ;Norte;Colisão Lateral;;;;;1;1;;;;;2;;;;
13/03/2014;00:37:00;6;com vítima;321;BR-101/RJ;Sul;Queda de Moto;;;;1;;;;;;;0;1;;;
22/03/2014;23:56:00;198;sem vítima;321;BR-101/RJ;Norte;Saida de Pista;1;;;;;;;;;;1;;;;
30/03/2014;20:00:00;177;sem vítima;321,89;BR-101/RJ;Norte;Colisão Traseira;1;;1;;;;;;;;3;;;;
04/04/2014;23:12:00;193;sem vítima;321,88;BR-101/RJ;Norte;Colisão Lateral;1;;1;;;;;;;;2;;;;
07/04/2014;15:56:00;152;sem vítima;321;BR-101/RJ;Sul;Colisão Traseira;;;;1;1;;;;;;2;;;;
07/04/2014;12:03:00;113;sem vítima;321,1;BR-101/RJ;Norte;Colisão Traseira;;;;;;1;;;;1;2;;;;
13/04/2014;02:08:00;7;sem vítima;321,133;BR-101/RJ;Sul;Choque - Defensa, barreira ou "submarino";1;;;;;;;;;;2;;;;
16/04/2014;18:55:00;155;sem vítima;321,9;BR-101/RJ;Sul;Colisão Traseira;2;;;;;;;;;;2;;;;
18/04/2014;12:24:00;135;sem vítima;321,83;BR-101/RJ;Sul;Engavetamento;1;;;;1;1;;;;;6;;;;
20/04/2014;07:29:00;27;sem vítima;321;BR-101/RJ;Sul;Colisão Traseira;2;;;;;;;;;;2;;;;
26/04/2014;05:44:00;30;sem vítima;321;BR-101/RJ;Norte;Colisão Traseira;1;;;;;1;;;;;2;;;;
30/04/2014;09:33:00;63;com vítima;321;BR-101/RJ;Norte;Queda de Moto;;;;1;;;;;;;0;1;;;
30/04/2014;21:12:00;182;sem vítima;321;BR-101/RJ;Norte;Colisão Traseira;1;;;;1;;;;;;2;;;;
03/05/2014;12:20:00;63;sem vítima;321,83;BR-101/RJ;Norte;Colisão Lateral;2;;;;;;;;;;3;;;;
04/05/2014;21:01:00;150;sem vítima;321;BR-101/RJ;Sul;Colisão Traseira;1;;;;1;;;;;;2;;;;
08/05/2014;08:01:00;59;sem vítima;321,222;BR-101/RJ;Sul;Colisão Traseira;1;;;1;;;;;;;2;;;;
09/05/2014;23:31:00;196;com vítima;321,187;BR-101/RJ;Norte;Engavetamento;3;;;;;1;;;;;3;1;6;;
10/05/2014;19:19:00;159;sem vítima;321,792;BR-101/RJ;Norte;Engavetamento;2;;;;1;;;;;1;4;;;;
17/05/2014;15:36:00;106;sem vítima;321;BR-101/RJ;Sul;Engavetamento;3;;;;;;;;;;3;;;;
23/05/2014;22:23:00;199;sem vítima;321,87;BR-101/RJ;Norte;Colisão Lateral;1;;1;;;;;;;;3;;;;
24/05/2014;04:10:00;23;com vítima;321;BR-101/RJ;Sul;Queda de Moto;;;;1;;;;;;;0;1;;;
28/05/2014;19:49:00;151;sem vítima;321,85;BR-101/RJ;Norte;Engavetamento;3;;;;;;;;;;3;;;;
29/05/2014;15:03:00;122;sem vítima;321;BR-101/RJ;Norte;Colisão Lateral;1;;;1;;;;;;;2;;;;
29/05/2014;18:27:00;174;sem vítima;321,9;BR-101/RJ;Norte;Colisão Traseira;2;;;;;;;;;;2;;;;
31/05/2014;15:39:00;102;sem vítima;321;BR-101/RJ;Sul;Engavetamento;6;;;;;1;;;;;15;;;;
02/06/2014;15:18:00;118;com vítima;321;BR-101/RJ;Norte;Colisão Lateral;;;;1;;1;;;;;1;;1;;
08/06/2014;11:16:00;75;com vítima;321,5;BR-101/RJ;Sul;Colisão Lateral;;;;1;;1;;;;;1;2;;;
08/06/2014;12:12:00;80;sem vítima;321,9;BR-101/RJ;Sul;Colisão Traseira;2;;;;;;;;;;2;;;;
12/06/2014;23:37:00;188;sem vítima;321;BR-101/RJ;Sul;Colisão Traseira;1;;;;;;;;;;1;;;;
13/06/2014;17:34:00;159;sem vítima;321;BR-101/RJ;Norte;Engavetamento;2;;;;;1;;;;;3;;;;
17/06/2014;19:28:00;160;com vítima;321,85;BR-101/RJ;Norte;Colisão Traseira;2;;;;;;;;;;1;2;;;
30/06/2014;18:00:00;144;sem vítima;321,85;BR-101/RJ;Norte;Colisão Lateral;1;;1;;;;;;;;2;;;;
04/07/2014;12:54:00;82;sem vítima;321;BR-101/RJ;Norte;Colisão Traseira;2;;;;;;;;;;2;;;;
05/07/2014;18:44:00;117;com vítima;321;BR-101/RJ;Norte;Queda de Moto;;;;1;;;;;;;0;;2;;
07/07/2014;18:35:00;150;sem vítima;321;BR-101/RJ;Sul;Colisão Traseira;2;;;;;;;;;;2;;;;
09/07/2014;01:39:00;7;sem vítima;321,1;BR-101/RJ;Sul;Saida de Pista;1;;;;;;;;;;1;;;;
10/07/2014;18:13:00;130;sem vítima;321;BR-101/RJ;Norte;Engavetamento;3;;;;;;;;;;3;;;;
11/07/2014;20:17:00;174;sem vítima;321;BR-101/RJ;Sul;Colisão Traseira;2;;;;;;;;;;5;;;;
12/07/2014;06:32:00;39;com vítima;321;BR-101/RJ;Norte;Choque - Defensa, barreira ou "submarino";1;;;;;;;;;;0;1;;;
12/07/2014;09:07:00;60;sem vítima;321,337;BR-101/RJ;Sul;Engavetamento;2;;;;;1;;;;;5;;;;
16/07/2014;12:32:00;93;sem vítima;321;BR-101/RJ;Norte;Colisão Lateral;1;;1;;;;;;;;2;;;;
18/07/2014;18:10:00;163;com vítima;321,8;BR-101/RJ;Sul;Colisão Traseira;1;;;1;;;;;;;1;1;;;
20/07/2014;04:54:00;28;com vítima;321,02;BR-101/RJ;Sul;Colisão Traseira;1;;;1;;;;;;;2;;;1;
20/07/2014;03:21:00;23;com vítima;321,05;BR-101/RJ;Sul;Capotamento;1;;;;;;;;;;2;2;;;
20/07/2014;19:53:00;161;sem vítima;321,111;BR-101/RJ;Norte;Engavetamento;4;;;;;;;;;;10;;;;
20/07/2014;18:55:00;147;sem vítima;321,8;BR-101/RJ;Norte;Engavetamento;2;;1;;;;;;;;10;;;;
31/07/2014;19:15:00;166;sem vítima;321,9;BR-101/RJ;Sul;Colisão Traseira;2;;;;;;;;;;4;;;;
02/08/2014;15:06:00;91;sem vítima;321,9;BR-101/RJ;Norte;Colisão Lateral;1;;1;;;;;;;;2;;;;
08/08/2014;14:33:00;115;sem vítima;321;BR-101/RJ;Norte;Colisão Lateral;1;;;;1;;;;;;2;;;;
13/08/2014;01:47:00;7;sem vítima;321,965;BR-101/RJ;Norte;Colisão Lateral;1;;2;;;;;;;;7;;;;
14/08/2014;16:39:00;113;sem vítima;321;BR-101/RJ;Norte;Engavetamento;5;;;;;;;;;;8;;;;
16/08/2014;08:01:00;32;com vítima;321;BR-101/RJ;Norte;Queda de Moto;;;;1;;1;;;;;1;;1;;
17/08/2014;15:10:00;94;sem vítima;321,7;BR-101/RJ;Norte;Colisão Lateral;1;;;;1;;;;;;5;;;;
18/08/2014;13:04:00;99;com vítima;321,294;BR-101/RJ;Norte;Engavetamento;7;;;;;;;;;1;0;9;;;
18/08/2014;19:29:00;164;sem vítima;321,7;BR-101/RJ;Norte;Colisão Traseira;1;;1;;;;;;;;2;;;;
20/08/2014;17:37:00;137;sem vítima;321,084;BR-101/RJ;Norte;Engavetamento;4;;;;;1;;;;;7;;;;
23/08/2014;07:56:00;55;sem vítima;321;BR-101/RJ;Norte;Colisão Traseira;2;;;;;;;;;;2;;;;
29/08/2014;11:57:00;76;sem vítima;321;BR-101/RJ;Norte;Colisão Lateral;1;;1;;;;;;;;2;;;;
04/09/2014;19:53:00;122;sem vítima;321,1;BR-101/RJ;Norte;Colisão Traseira;1;;;;;1;;;;;2;;;;
05/09/2014;19:44:00;175;sem vítima;321,9;BR-101/RJ;Norte;Colisão Lateral;1;;1;;;;;;;;3;;;;
09/09/2014;17:00:00;125;sem vítima;321,9;BR-101/RJ;Norte;Colisão Lateral;;;2;;;;;;;;2;;;;
10/09/2014;12:02:00;79;sem vítima;321,9;BR-101/RJ;Norte;Colisão Traseira;1;;1;;;;;;;;6;;;;
13/09/2014;12:15:00;90;sem vítima;321,85;BR-101/RJ;Sul;Colisão Lateral;1;;;1;;;;;;;3;;;;
16/09/2014;19:06:00;165;sem vítima;321;BR-101/RJ;Norte;Colisão Traseira;2;;;;;;;;;;2;;;;
16/09/2014;19:40:00;174;sem vítima;321,81;BR-101/RJ;Sul;Colisão Traseira;1;;;1;;;;;;;3;;;;
18/09/2014;22:34:00;171;sem vítima;321,9;BR-101/RJ;Norte;Colisão Lateral;1;;1;;;;;;;;3;;;;
21/09/2014;01:06:00;4;sem vítima;321;BR-101/RJ;Sul;Engavetamento;2;;;;1;;;;;;8;;;;
22/09/2014;15:44:00;110;sem vítima;321,26;BR-101/RJ;Norte;Engavetamento;4;;;;;;;;;;7;;;;
22/09/2014;22:17:00;149;sem vítima;321,9;BR-101/RJ;Norte;Colisão Traseira;1;;1;;;;;;;;3;;;;
23/09/2014;17:58:00;140;com vítima;321;BR-101/RJ;Norte;Colisão Lateral;1;;;1;;;;;;;1;2;;;
23/09/2014;19:59:00;157;sem vítima;321;BR-101/RJ;Norte;Colisão Traseira;2;;;;;;;;;;2;;;;
25/09/2014;15:48:00;121;sem vítima;321;BR-101/RJ;Norte;Colisão Lateral;1;;1;;;;;;;;2;;;;
25/09/2014;22:10:00;172;com vítima;321,9;BR-101/RJ;Norte;Colisão Lateral;1;;1;;;;;;;;2;;1;;
27/09/2014;05:37:00;23;sem vítima;321;BR-101/RJ;Norte;Choque - Defensa, barreira ou "submarino";1;;;;;;;;;;3;;;;
27/09/2014;17:05:00;128;sem vítima;321,945;BR-101/RJ;Norte;Colisão Traseira;1;;;;1;;;;;;3;;;;
28/09/2014;13:57:00;68;sem vítima;321,391;BR-101/RJ;Norte;Engavetamento;2;;;;;;;;;2;11;;;;
29/09/2014;18:16:00;158;sem vítima;321,13;BR-101/RJ;Norte;Colisão Traseira;2;;;;;;;;;;2;;;;
01/10/2014;14:37:00;98;sem vítima;321;BR-101/RJ;Norte;Engavetamento;2;;1;;;;;;;1;8;;;;
01/10/2014;16:40:00;121;com vítima;321;BR-101/RJ;Norte;Capotamento;1;;;;;;;;;;0;1;1;;
02/10/2014;16:16:00;106;sem vítima;321;BR-101/RJ;Norte;Colisão Lateral;1;;1;;;;;;;;3;;;;
09/10/2014;08:10:00;62;com vítima;321,901;BR-101/RJ;Sul;Queda de Moto;;;;1;;;;;;;0;;1;;
10/10/2014;23:32:00;225;sem vítima;321;BR-101/RJ;Sul;Engavetamento;3;;;;;2;;;;;7;;;;
11/10/2014;19:35:00;186;sem vítima;321;BR-101/RJ;Norte;Colisão Traseira;2;;;;;;;;;;5;;;;
12/10/2014;15:54:00;108;sem vítima;321;BR-101/RJ;Norte;Colisão Lateral;1;;;;1;;;;;;5;;;;
13/10/2014;18:31:00;195;com vítima;321,38;BR-101/RJ;Norte;Colisão Traseira;1;;;1;;;;;;;2;1;;;
14/10/2014;15:31:00;114;sem vítima;321,143;BR-101/RJ;Norte;Engavetamento;4;;;;;;;;;;4;;;;
15/10/2014;16:10:00;112;sem vítima;321;BR-101/RJ;Norte;Colisão Lateral;1;;;;1;;;;;;2;;;;
15/10/2014;19:22:00;146;com vítima;321,973;BR-101/RJ;Norte;Colisão Traseira;;;;1;;1;;;;;1;;1;;
16/10/2014;14:39:00;124;sem vítima;321;BR-101/RJ;Norte;Engavetamento;3;;;;;;;;;;3;;;;
18/10/2014;14:07:00;114;com vítima;321;BR-101/RJ;Norte;Engavetamento;2;;;;;1;;;;;3;;1;;
21/10/2014;11:38:00;79;sem vítima;321,903;BR-101/RJ;Norte;Colisão Traseira;1;;1;;;;;;;;2;;;;
23/10/2014;14:06:00;103;sem vítima;321;BR-101/RJ;Sul;Colisão Traseira;2;;;;;;;;;;2;;;;
23/10/2014;17:29:00;133;com vítima;321,88;BR-101/RJ;Norte;Colisão Traseira;1;;;1;;;;;;;1;1;;;
25/10/2014;09:06:00;52;sem vítima;321;BR-101/RJ;Sul;Colisão Lateral;1;;;1;;;;;;;2;;;;
28/10/2014;17:03:00;108;com vítima;321,691;BR-101/RJ;Norte;Engavetamento;7;;;;;;;;;;5;4;;;
29/10/2014;11:37:00;77;sem vítima;321;BR-101/RJ;Norte;Colisão Traseira;1;;;;;;;;;1;4;;;;
29/10/2014;17:19:00;124;sem vítima;321,537;BR-101/RJ;Norte;Colisão Traseira;1;;;;;1;;;;;2;;;;
30/10/2014;15:45:00;122;sem vítima;321;BR-101/RJ;Norte;Colisão Lateral;1;;1;;;;;;;;2;;;;
07/11/2014;21:16:00;177;com vítima;321,831;BR-101/RJ;Norte;Queda de Moto;;;;1;;;;;;;0;1;;;
10/11/2014;15:45:00;120;sem vítima;321;BR-101/RJ;Norte;Engavetamento;6;;;;;;;;;;6;;;;
10/11/2014;16:16:00;135;sem vítima;321;BR-101/RJ;Norte;Engavetamento;1;;;1;;;;;;1;3;;;;
13/11/2014;08:52:00;52;sem vítima;321;BR-101/RJ;Norte;Colisão Lateral;1;;1;;1;;;;;;4;;;;
13/11/2014;15:46:00;136;sem vítima;321;BR-101/RJ;Norte;Engavetamento;3;;;;;;;;;;3;;;;
15/11/2014;20:01:00;156;com vítima;321;BR-101/RJ;Norte;Colisão Traseira;1;;;;;1;;;;;2;1;;;
16/11/2014;06:18:00;29;sem vítima;321;BR-101/RJ;Sul;Saida de Pista;1;;;;;;;;;;1;;;;
22/11/2014;18:16:00;124;sem vítima;321;BR-101/RJ;Norte;Colisão Lateral;1;;;;1;;;;;;3;;;;
24/11/2014;17:41:00;150;sem vítima;321,2;BR-101/RJ;Norte;Engavetamento;2;;;;;1;;;;;3;;;;
25/11/2014;02:10:00;12;sem vítima;321,128;BR-101/RJ;Sul;Engavetamento;1;;1;;;1;;;;;4;;;;
27/11/2014;03:21:00;10;sem vítima;321;BR-101/RJ;Norte;Colisão Lateral;;;1;;;1;;;;;2;;;;
27/11/2014;10:18:00;60;sem vítima;321;BR-101/RJ;Sul;Colisão Traseira;2;;;;;;;;;;2;;;;
29/11/2014;14:11:00;98;sem vítima;321;BR-101/RJ;Sul;Objeto lançado contra veículo;2;;;;;1;;;;;3;;;;
30/11/2014;21:39:00;164;sem vítima;321;BR-101/RJ;Norte;Engavetamento;3;;;;;;;;;;5;;;;
04/12/2014;15:37:00;129;sem vítima;321;BR-101/RJ;Norte;Colisão Traseira;1;;;1;;;;;;;2;;;;
04/12/2014;19:51:00;170;sem vítima;321;BR-101/RJ;Norte;Engavetamento;3;;;;;;;;;;4;;;;
10/12/2014;06:27:00;27;com vítima;321;BR-101/RJ;Norte;Choque - Suporte de Sinalização;1;;;;;;;;;;0;1;;;
10/12/2014;07:56:00;47;sem vítima;321;BR-101/RJ;Norte;Colisão Lateral;1;;;;;1;;;;;2;;;;
14/12/2014;01:17:00;13;sem vítima;321;BR-101/RJ;Sul;Saida de Pista;1;;;;;;;;;;1;;;;
18/12/2014;21:28:00;190;sem vítima;321;BR-101/RJ;Norte;Choque - Defensa, barreira ou "submarino";1;;;;;;;;;;1;;;;
19/12/2014;19:15:00;166;sem vítima;321;BR-101/RJ;Norte;Colisão Traseira;2;;;;;;;;;;2;;;;
22/12/2014;16:52:00;149;sem vítima;321,06;BR-101/RJ;Norte;Colisão Traseira;2;;;;;;;;;;3;;;;
29/12/2014;17:05:00;145;com vítima;321;BR-101/RJ;Norte;Colisão Traseira;1;;;1;;;;;;;1;;1;;
14/01/2015;18:41:00;129;com vítima;321,533;BR-101/RJ;Norte;Colisão Traseira;;;;1;;1;;;;;1;1;;;
22/01/2015;12:22:00;71;sem vítima;321;BR-101/RJ;Norte;Choque - Defensa, barreira ou "submarino";1;;;;;;;;;;2;;;;
27/01/2015;07:55:00;37;com vítima;321;BR-101/RJ;Sul;Colisão Lateral;1;;;;1;;;;;;3;1;;;
31/01/2015;06:29:00;26;sem vítima;321;BR-101/RJ;Sul;Choque - Defensa, barreira ou "submarino";1;;;;;;;;;;1;;;;
10/02/2015;19:11:00;190;sem vítima;321,5;BR-101/RJ;Sul;Engavetamento;1;;1;;;;;;;1;3;0;0;0;0
11/02/2015;18:20:00;174;sem vítima;321;BR-101/RJ;Norte;Colisão Traseira;1;;;;1;;;;;;2;0;0;0;0
12/02/2015;17:20:00;180;sem vítima;321;BR-101/RJ;Sul;Colisão Lateral;2;;;;;;;;;;3;0;0;0;0
12/02/2015;20:37:00;215;com vítima;321;BR-101/RJ;Norte;Capotamento;2;;;;;;;;;;3;3;0;0;0
14/02/2015;18:00:00;241;com vítima;321;BR-101/RJ;Norte;Queda de Moto;;;;1;;;;;;;0;0;1;0;0
28/02/2015;06:14:00;30;com vítima;321;BR-101/RJ;Sul;Queda de Moto;;;;1;;;;;;;0;1;;;
04/03/2015;07:05:00;32;com vítima;321;BR-101/RJ;Sul;Queda de Moto;;;;1;;1;;;;;1;1;0;0;0
06/03/2015;22:37:00;205;sem vítima;321;BR-101/RJ;Norte;Colisão Lateral;1;;1;;;;;;;;3;0;0;0;0
06/03/2015;10:32:00;73;sem vítima;321;BR-101/RJ;Norte;Colisão Traseira;1;;;;;;;;;1;2;0;0;0;0
22/03/2015;16:20:00;93;com vítima;321,16;BR-101/RJ;Norte;Colisão Frontal;2;;;;;;;;;;0;3;2;0;0
23/03/2015;23:14:00;234;sem vítima;321;BR-101/RJ;Norte;Colisão Lateral;1;;1;;;;;;;;3;0;0;0;0
25/03/2015;16:15:00;124;sem vítima;321;BR-101/RJ;Norte;Colisão Lateral;1;;;;1;;;;;;2;0;0;0;0
26/03/2015;07:18:00;46;com vítima;321,433;BR-101/RJ;Norte;Choque - Defensa, barreira ou "submarino";1;;;;;;;;;;0;1;0;0;0
28/03/2015;03:32:00;22;sem vítima;321;BR-101/RJ;Sul;Saida de Pista;1;;;;;;;;;;1;0;0;0;0
03/04/2015;14:45:00;106;sem vítima;321;BR-101/RJ;Norte;Colisão Traseira;2;;;;;;;;;;5;;;;
06/04/2015;22:43:00;197;sem vítima;321,8;BR-101/RJ;Norte;Colisão Traseira;1;;1;;;;;;;;2;;;;
07/04/2015;07:19:00;28;sem vítima;321,562;BR-101/RJ;Sul;Colisão Lateral;1;;1;;;;;;;;3;;;;
11/04/2015;14:19:00;115;sem vítima;321;BR-101/RJ;Sul;Colisão Traseira;2;;;;;;;;;;4;;;;
11/04/2015;06:24:00;32;com vítima;321,407;BR-101/RJ;Sul;Outros - Sequência;2;;;;;;;;;;0;2;1;;
18/04/2015;06:16:00;17;sem vítima;321;BR-101/RJ;Sul;Saida de Pista;1;;;;;;;;;;2;;;;
25/04/2015;14:25:00;91;com vítima;321;BR-101/RJ;Norte;Capotamento;1;;;;;;;;;;0;1;;;
19/05/2015;13:55:00;118;com vítima;321;BR-101/RJ;Norte;Colisão Traseira;1;;;1;;;;;;;1;1;;1;
20/05/2015;21:51:00;204;sem vítima;321;BR-101/RJ;Norte;Colisão Lateral;2;;;;;;;;;;5;;;;
24/05/2015;07:18:00;33;sem vítima;321,224;BR-101/RJ;Norte;Choque - Defensa, barreira ou "submarino";1;;;;;;;;;;1;;;;
25/05/2015;18:37:00;193;sem vítima;321;BR-101/RJ;Norte;Colisão Traseira;2;;;;;;;;;;2;;;;
25/05/2015;16:10:00;161;sem vítima;321,6;BR-101/RJ;Norte;Colisão Traseira;1;;1;;;;;;;;5;;;;
29/05/2015;06:29:00;14;com vítima;321;BR-101/RJ;Sul;Colisão Traseira;;;;1;;1;;;;;1;;1;;
31/05/2015;14:48:00;106;sem vítima;321;BR-101/RJ;Norte;Colisão Traseira;2;;;;;;;;;;4;;;;
02/06/2015;13:52:00;119;sem vítima;321;BR-101/RJ;Norte;Colisão Traseira;2;;;;;;;;;;3;;;;
02/06/2015;17:46:00;166;com vítima;321;BR-101/RJ;Sul;Queda de Moto;;;;1;;;;;;;0;1;;;
02/06/2015;18:46:00;174;sem vítima;321;BR-101/RJ;Norte;Colisão Lateral;1;;;;1;;;;;;4;;;;
06/06/2015;11:27:00;68;com vítima;321,916;BR-101/RJ;Norte;Atropelamento - Sem Informação;1;;;;;;;;;;1;;;;1
07/06/2015;17:00:00;137;sem vítima;321;BR-101/RJ;Sul;Colisão Lateral;1;;;;1;;;;;;31;;;;
09/06/2015;22:51:00;180;com vítima;321;BR-101/RJ;Norte;Queda de Moto;;;;1;;;;;;;0;2;;;
15/06/2015;21:20:00;191;sem vítima;321,8;BR-101/RJ;Norte;Choque - Defensa, barreira ou "submarino";1;;;;;;;;;;3;;;;
21/06/2015;16:46:00;121;sem vítima;321;BR-101/RJ;Norte;Choque - Defensa, barreira ou "submarino";1;;;;;;;;;;1;;;;
28/06/2015;20:10:00;136;com vítima;321,97;BR-101/RJ;Sul;Objeto lançado contra veículo;1;;;;;;;;;;1;1;;;
17/07/2015;17:06:00;178;sem vítima;321;BR-101/RJ;Norte;Colisão Traseira;2;;;;;;;;;;2;;;;
17/07/2015;18:13:00;196;com vítima;321;BR-101/RJ;Norte;Atropelamento - Andarilho;;;;;;1;;;;;1;;;1;
30/07/2015;06:39:00;21;sem vítima;321;BR-101/RJ;Sul;Colisão Lateral;;;;1;2;;;;;;3;;;;
12/08/2015;07:03:00;35;sem vítima;321,733;BR-101/RJ;Sul;Colisão Traseira;1;;;;1;;;;;;2;;;;
12/08/2015;07:09:00;36;com vítima;321,864;BR-101/RJ;Norte;Colisão Transversal;2;;;;;;;;;;1;1;;;
13/08/2015;07:17:00;31;sem vítima;321,358;BR-101/RJ;Norte;Engavetamento;2;;;;;1;;;;;3;;;;
22/08/2015;15:10:00;124;com vítima;321;BR-101/RJ;Norte;Queda de Moto;;;;1;;;;;;;0;;1;;
29/08/2015;07:34:00;40;sem vítima;321,673;BR-101/RJ;Sul;Choque - Defensa, barreira ou "submarino";1;;;;;;;;;;1;;;;
31/08/2015;06:44:00;29;com vítima;321;BR-101/RJ;Sul;Colisão Lateral;;;;1;1;;;;;;1;1;;;
01/09/2015;16:49:00;189;com vítima;321;BR-101/RJ;Norte;Queda de Moto;;;;1;;;;;;;0;;1;;
05/09/2015;08:45:00;61;sem vítima;321;BR-101/RJ;Sul;Colisão Lateral;2;;;;;1;;;;;4;;;;
05/09/2015;03:38:00;24;sem vítima;321,978;BR-101/RJ;Sul;Choque - Suporte de Sinalização;1;;;;;;;;;;2;;;;
14/09/2015;16:07:00;178;com vítima;321;BR-101/RJ;Norte;Colisão Traseira;1;;;1;;;;;;;1;;1;;
16/09/2015;07:53:00;50;sem vítima;321;BR-101/RJ;Sul;Colisão Lateral;1;;;1;;;;;;;2;;;;
25/09/2015;17:11:00;194;sem vítima;321;BR-101/RJ;Norte;Engavetamento;2;;;;;1;;;;;3;;;;
02/10/2015;21:09:00;228;com vítima;321;BR-101/RJ;Norte;Queda de Moto;;;;1;;;;;;;0;1;;;
25/10/2015;12:38:00;62;sem vítima;321;BR-101/RJ;Norte;Choque - Defensa, barreira ou "submarino";1;;;;;;;;;;1;;;;
02/11/2015;23:51:00;203;com vítima;321;BR-101/RJ;Sul;Capotamento;1;;;;;;;;;;0;3;;;