data;horario;n_da_ocorrencia;tipo_de_ocorrencia;km;trecho;sentido;tipo_de_acidente;automovel;bicicleta;caminhao;moto;onibus;outros;tracao_animal;transporte_de_cargas_especiais;trator_maquinas;utilitarios;ilesos;levemente_feridos;moderadamente_feridos;gravemente_feridos;mortos
03/07/2011;06:50:00;17;sem vítima;123;BR-101/RJ;Norte;Colisão Traseira;;;1;;1;;;;;;25;;;;
03/07/2011;07:06:00;19;sem vítima;283;BR-101/RJ;Norte;Saida de Pista;1;;;;;;;;;;2;;;;
03/07/2011;11:41:00;55;sem vítima;320;BR-101/RJ;Norte;Colisão Lateral;1;;;;1;;;;;;2;;;;
03/07/2011;11:59:00;58;sem vítima;262,8999938964844;BR-101/RJ;Norte;Colisão Traseira;1;;1;;;;;;;;7;;;;
03/07/2011;12:12:00;61;sem vítima;270,8999938964844;BR-101/RJ;Norte;Saida de Pista;1;;;;;;;;;;2;;;;
03/07/2011;17:16:00;103;com vítima;282,32000732421875;BR-101/RJ;Sul;Atropelamento - Ciclista;;1;;1;;;;;;;0;;2;1;
03/07/2011;19:19:00;118;sem vítima;280;BR-101/RJ;Sul;Engavetamento;3;;;;;;;;;;10;;;;
04/07/2011;01:40:00;4;com vítima;53,150001525878906;BR-101/RJ;Norte;Colisão Frontal;2;;;;;;;;;;0;;2;1;
04/07/2011;02:34:00;8;com vítima;63;BR-101/RJ;Norte;Queda de Moto;;;;1;;;;;;;0;;1;;
04/07/2011;06:55:00;18;sem vítima;180,1999969482422;BR-101/RJ;Sul;Saida de Pista;;;1;;;;;;;;1;;;;
04/07/2011;07:17:00;23;sem vítima;136,1300048828125;BR-101/RJ;Sul;Colisão Frontal;2;;;;;;;;;;3;;;;
04/07/2011;07:29:00;26;com vítima;66,6500015258789;BR-101/RJ;Sul;Colisão Lateral;;;;1;;1;;;;;1;1;;;
04/07/2011;09:21:00;48;com vítima;225,2100067138672;BR-101/RJ;Sul;Colisão Frontal;1;;2;;;;;;;;2;2;;;
04/07/2011;11:23:00;71;sem vítima;180;BR-101/RJ;Sul;Colisão Traseira;1;;1;;;;;;;;5;;;;
04/07/2011;14:29:00;94;sem vítima;289;BR-101/RJ;Sul;Colisão Lateral;1;;1;;;;;;;;3;;;;
04/07/2011;14:35:00;95;com vítima;298;BR-101/RJ;Sul;Atropelamento - Ciclista;1;1;;;;;;;;;1;1;;;
04/07/2011;16:34:00;112;com vítima;315,79998779296875;BR-101/RJ;Norte;Saida de Pista;1;;;;;;;;;;1;;1;;
04/07/2011;17:23:00;120;sem vítima;316;BR-101/RJ;Norte;Colisão Traseira;2;;;;;;;;;;3;;;;
04/07/2011;17:28:00;121;sem vítima;320;BR-101/RJ;Norte;Colisão Traseira;1;;1;;;;;;;;3;;;;
04/07/2011;17:31:00;122;sem vítima;316,0899963378906;BR-101/RJ;Norte;Colisão Traseira;2;;;;;;;;;;3;;;;
04/07/2011;21:14:00;152;sem vítima;319,17999267578125;BR-101/RJ;Sul;Colisão Traseira;3;;;;;;;;;;4;;;;
05/07/2011;05:23:00;12;sem vítima;313;BR-101/RJ;Norte;Saida de Pista;1;;;;;;;;;;5;;;;
05/07/2011;06:22:00;17;com vítima;319;BR-101/RJ;Sul;Colisão Traseira;2;;;;;1;;;;;2;;1;;
05/07/2011;06:32:00;18;sem vítima;318;BR-101/RJ;Sul;Colisão Lateral;;;;1;;1;;;;;2;;;;
05/07/2011;07:21:00;24;sem vítima;313;BR-101/RJ;Sul;Colisão Traseira;1;;1;;;;;;;;2;;;;
05/07/2011;07:45:00;26;sem vítima;296;BR-101/RJ;Norte;Saida de Pista;1;;;;;;;;;;1;;;;
05/07/2011;08:56:00;41;com vítima;82,69999694824219;BR-101/RJ;Sul;Saida de Pista;;;1;;;;;;;;0;2;2;;
05/07/2011;10:43:00;59;com vítima;71;BR-101/RJ;Sul;Queda de Moto;;;;1;;;;;;;0;1;;;
05/07/2011;14:20:00;81;sem vítima;123;BR-101/RJ;Norte;Colisão Traseira;1;;1;;;;;;;;3;;;;
05/07/2011;16:31:00;104;com vítima;296;BR-101/RJ;Norte;Colisão Lateral;1;;;1;;;;;;;4;1;;;
05/07/2011;18:07:00;119;sem vítima;297;BR-101/RJ;Sul;Colisão Traseira;1;;1;;;;;;;;2;;;;
05/07/2011;18:30:00;122;sem vítima;297;BR-101/RJ;Norte;Colisão Lateral;1;;1;;;;;;;;3;;;;
05/07/2011;18:42:00;124;sem vítima;318,3800048828125;BR-101/RJ;Norte;Colisão Lateral;1;;;;;;;;;1;3;;;;
05/07/2011;18:53:00;126;sem vítima;297;BR-101/RJ;Sul;Colisão Traseira;2;;;;;;;;;;6;;;;
05/07/2011;19:47:00;131;sem vítima;320;BR-101/RJ;Norte;Engavetamento;4;;;;;;;;;;5;;;;
05/07/2011;19:59:00;134;sem vítima;59;BR-101/RJ;Sul;Colisão Traseira;1;;1;;;;;;;;2;;;;
05/07/2011;20:07:00;135;sem vítima;311;BR-101/RJ;Sul;Colisão Lateral;1;;;;;;;;;1;2;;;;
05/07/2011;21:19:00;141;sem vítima;319,29998779296875;BR-101/RJ;Norte;Colisão Lateral;2;;;;;;;;;;3;;;;
05/07/2011;21:19:00;142;sem vítima;63,02899932861328;BR-101/RJ;Norte;Tombamento;;;1;;;;;;;;2;;;;
06/07/2011;10:32:00;72;sem vítima;287;BR-101/RJ;Norte;Colisão Traseira;1;;1;;;;;;;;3;;;;
06/07/2011;10:49:00;73;sem vítima;39,5;BR-101/RJ;Sul;Colisão Traseira;2;;;;;;;;;;4;;;;
06/07/2011;12:23:00;88;com vítima;51;BR-101/RJ;Sul;Capotamento;1;;;;;;;;;;0;3;;;
06/07/2011;15:00:00;118;sem vítima;320;BR-101/RJ;Norte;Colisão Lateral;2;;;;;;;;;;6;;;;
06/07/2011;16:36:00;142;com vítima;58,5;BR-101/RJ;Sul;Queda de Moto;;;;1;;;;;;;0;;1;;
06/07/2011;17:17:00;152;com vítima;46;BR-101/RJ;Sul;Colisão Transversal;1;;;1;;;;;;;1;;1;;
06/07/2011;17:28:00;155;sem vítima;299;BR-101/RJ;Norte;Choque - Outros;1;;;;;;;;;;1;;;;
06/07/2011;18:21:00;166;sem vítima;310;BR-101/RJ;Norte;Colisão Traseira;1;;1;;;;;;;;3;;;;
06/07/2011;18:32:00;168;com vítima;313;BR-101/RJ;Norte;Colisão Traseira;1;;;1;;;;;;;4;;;1;
06/07/2011;18:59:00;172;com vítima;297;BR-101/RJ;Norte;Atropelamento - Morador;;;;;1;;;;;;2;;1;;
06/07/2011;22:49:00;203;sem vítima;297;BR-101/RJ;Norte;Colisão Lateral;1;;1;;;;;;;;2;;;;
07/07/2011;01:17:00;2;sem vítima;229,89999389648438;BR-101/RJ;Sul;Saida de Pista;;;1;;;;;;;;1;;;;
07/07/2011;01:46:00;3;sem vítima;301;BR-101/RJ;Sul;Colisão Traseira;1;;1;;;;;;;;2;;;;
07/07/2011;06:25:00;12;sem vítima;300;BR-101/RJ;Sul;Colisão Traseira;1;;1;;;1;;;;;4;;;;
07/07/2011;12:50:00;67;sem vítima;227,80999755859375;BR-101/RJ;Sul;Colisão Traseira;2;;;;;;;;;;3;;;;
07/07/2011;13:47:00;72;sem vítima;311;BR-101/RJ;Sul;Atropelamento de Animal;1;;;;;;;;;;1;;;;
07/07/2011;14:18:00;74;sem vítima;63;BR-101/RJ;Norte;Colisão Lateral;;;1;;1;;;;;;3;;;;
07/07/2011;15:07:00;81;sem vítima;197;BR-101/RJ;Norte;Saida de Pista;1;;;;;;;;;;3;;;;
07/07/2011;17:16:00;96;com vítima;97,45999908447266;BR-101/RJ;Sul;Colisão Frontal;1;;1;;;;;;;;1;;1;;1
07/07/2011;20:00:00;107;sem vítima;68;BR-101/RJ;Sul;Tombamento;;;;;;;;;;2;2;;;;
07/07/2011;21:19:00;116;com vítima;124,33499908447266;BR-101/RJ;Sul;Colisão Traseira;1;;1;;;;;;;;2;3;;;
07/07/2011;21:46:00;118;com vítima;150;BR-101/RJ;Sul;Colisão Lateral;1;;1;;;;;;;;1;3;;;
08/07/2011;00:11:00;3;sem vítima;67;BR-101/RJ;Norte;Colisão Traseira;1;;;;1;;;;;;2;;;;
08/07/2011;01:00:00;8;sem vítima;252;BR-101/RJ;Sul;Colisão Traseira;;;2;;;;;;;;2;;;;
08/07/2011;02:32:00;15;sem vítima;48;BR-101/RJ;Sul;Saida de Pista;1;;;;;;;;;;1;;;;
08/07/2011;07:48:00;47;com vítima;319;BR-101/RJ;Sul;Queda de Moto;1;;;1;;;;;;;1;;1;;
08/07/2011;10:23:00;75;sem vítima;319;BR-101/RJ;Sul;Engavetamento;3;;;;;;;;;;5;;;;
08/07/2011;12:40:00;93;sem vítima;123;BR-101/RJ;Sul;Objeto lançado contra veículo;;;;;;;;;;2;2;;;;
08/07/2011;17:23:00;137;sem vítima;280;BR-101/RJ;Sul;Saida de Pista;1;;;;;;;;;;2;;;;
08/07/2011;17:53:00;140;sem vítima;312;BR-101/RJ;Norte;Colisão Traseira;1;;;;;1;;;;;2;;;;
08/07/2011;17:54:00;142;com vítima;298,21600341796875;BR-101/RJ;Norte;Colisão Lateral;1;;;1;;;;;;;3;1;;;
08/07/2011;18:04:00;144;sem vítima;297;BR-101/RJ;Norte;Colisão Lateral;1;;1;;;;;;;;6;;;;
08/07/2011;18:11:00;146;sem vítima;297,5;BR-101/RJ;Sul;Engavetamento;4;;;;;;;;;;12;;;;
08/07/2011;18:41:00;156;sem vítima;315;BR-101/RJ;Norte;Colisão Traseira;1;;;;;1;;;;;2;;;;
08/07/2011;19:06:00;164;sem vítima;297,5;BR-101/RJ;Norte;Colisão Lateral;1;;1;;;;;;;;4;;;;
08/07/2011;20:08:00;175;sem vítima;295,5;BR-101/RJ;Sul;Colisão Lateral;1;;;1;;;;;;;2;;;;
08/07/2011;21:20:00;192;sem vítima;298;BR-101/RJ;Norte;Engavetamento;2;;;;;2;;;;;4;;;;
09/07/2011;03:28:00;21;com vítima;297;BR-101/RJ;Sul;Choque - Arvore;;;;1;;;;;;;0;1;1;;
09/07/2011;04:51:00;25;sem vítima;275,1889953613281;BR-101/RJ;Sul;Saida de Pista;1;;;;;;;;;;3;;;;
09/07/2011;05:47:00;27;com vítima;294,79998779296875;BR-101/RJ;Sul;Colisão Frontal;4;;1;;;;;;;;6;;1;1;1
09/07/2011;06:10:00;31;com vítima;123;BR-101/RJ;Sul;Queda de Moto;;;;1;;;;;;;0;1;;;
09/07/2011;08:43:00;43;com vítima;297;BR-101/RJ;Norte;Colisão Lateral;1;;;1;;;;;;;2;1;;;
09/07/2011;08:53:00;47;sem vítima;292;BR-101/RJ;Sul;Engavetamento;3;;;;;;;;;;5;;;;
09/07/2011;09:14:00;52;com vítima;292;BR-101/RJ;Sul;Colisão Traseira;2;;;;;;;;;;1;2;;;
09/07/2011;09:22:00;53;sem vítima;67;BR-101/RJ;Norte;Engavetamento;3;;;;;;;;;;6;;;;
09/07/2011;09:48:00;55;com vítima;64,4000015258789;BR-101/RJ;Sul;Colisão Transversal;2;;;;;;;;;;2;1;;;
09/07/2011;11:13:00;71;com vítima;228,16299438476562;BR-101/RJ;Norte;Colisão Transversal;1;;;1;;;;;;;1;;;1;
09/07/2011;11:43:00;73;sem vítima;76;BR-101/RJ;Norte;Colisão Traseira;2;;;;;;;;;;2;;;;
09/07/2011;11:52:00;77;sem vítima;96,5;BR-101/RJ;Norte;Colisão Traseira;1;;;;;1;;;;;2;;;;
09/07/2011;15:02:00;104;sem vítima;61;BR-101/RJ;Sul;Colisão Transversal;1;;;;1;;;;;;2;;;;
09/07/2011;16:34:00;120;com vítima;268;BR-101/RJ;Sul;Capotamento;1;;;;;;;;;;0;;1;;
09/07/2011;18:07:00;134;com vítima;56,849998474121094;BR-101/RJ;Norte;Colisão Lateral;;;;1;;1;;;;;1;;2;;
09/07/2011;18:08:00;135;com vítima;294,29998779296875;BR-101/RJ;Sul;Atropelamento - Morador;1;;;;;;;;;;4;;1;;
09/07/2011;23:13:00;168;com vítima;61;BR-101/RJ;Sul;Queda de Moto;;;;1;;;;;;;0;1;1;;
09/07/2011;23:22:00;169;com vítima;92;BR-101/RJ;Sul;Colisão Traseira;;;1;1;;;;;;;1;;2;;
10/07/2011;00:32:00;5;sem vítima;273,3999938964844;BR-101/RJ;Norte;Saida de Pista;1;;;;;;;;;;1;;;;
10/07/2011;03:12:00;15;com vítima;53,5;BR-101/RJ;Sul;Queda de Moto;;;;1;;;;;;;0;;2;;
10/07/2011;10:14:00;37;com vítima;272,70001220703125;BR-101/RJ;Sul;Saida de Pista;1;;1;;;;;;;;1;;1;;
10/07/2011;13:01:00;67;sem vítima;170;BR-101/RJ;Norte;Colisão Traseira;2;;;;;;;;;;5;;;;
10/07/2011;16:02:00;86;sem vítima;248,10000610351562;BR-101/RJ;Norte;Colisão Lateral;1;;;;;1;;;;;3;;;;
10/07/2011;17:57:00;106;com vítima;72;BR-101/RJ;Sul;Queda de Moto;;;;1;;;;;;;0;1;;;
10/07/2011;18:03:00;107;com vítima;224,89999389648438;BR-101/RJ;Norte;Choque - Defensa, barreira ou "submarino";1;;;;;;;;;;0;1;1;;
10/07/2011;18:28:00;111;sem vítima;66;BR-101/RJ;Norte;Choque - Defensa, barreira ou "submarino";1;;;;;;;;;;1;;;;
10/07/2011;18:54:00;115;sem vítima;207;BR-101/RJ;Norte;Colisão Traseira;2;;;;;;;;;;3;;;;
10/07/2011;18:59:00;120;sem vítima;64,69999694824219;BR-101/RJ;Sul;Colisão Traseira;2;;;;;;;;;;4;;;;
10/07/2011;19:10:00;123;com vítima;297,45001220703125;BR-101/RJ;Sul;Queda de Moto;;;;1;;;;;;;0;;;2;
10/07/2011;19:44:00;129;sem vítima;65,69999694824219;BR-101/RJ;Norte;Colisão Traseira;2;;;;;;;;;;3;;;;
10/07/2011;20:25:00;139;sem vítima;320;BR-101/RJ;Norte;Colisão Traseira;2;;;;;;;;;;8;;;;
10/07/2011;22:36:00;151;com vítima;54;BR-101/RJ;Norte;Atropelamento - Ciclista;;1;;;;1;;;;;1;;1;;
11/07/2011;06:34:00;24;sem vítima;243,1300048828125;BR-101/RJ;Norte;Saida de Pista;1;;;;;;;;;;2;;;;
11/07/2011;11:27:00;103;sem vítima;303;BR-101/RJ;Sul;Colisão Frontal;1;;;;;;;;;1;5;;;;
11/07/2011;12:02:00;116;com vítima;62;BR-101/RJ;Norte;Atropelamento - Outros;1;;;;;;;;;;1;;;;1
11/07/2011;16:01:00;151;sem vítima;262,29998779296875;BR-101/RJ;Norte;Outros - Sequência;1;;;;;1;;;;;2;;;;
11/07/2011;16:08:00;153;sem vítima;306,1000061035156;BR-101/RJ;Sul;Outros - Sequência;2;;;;;;;;;;2;;;;
11/07/2011;17:42:00;160;com vítima;314,5;BR-101/RJ;Norte;Choque - Outros;;;;1;;;;;;;0;;1;;
12/07/2011;06:37:00;23;sem vítima;318;BR-101/RJ;Sul;Colisão Lateral;1;;;1;;;;;;;2;;;;
12/07/2011;06:57:00;28;com vítima;65,61199951171875;BR-101/RJ;Sul;Colisão Lateral;1;;;1;;;;;;;1;;1;;
12/07/2011;08:07:00;45;sem vítima;181,1999969482422;BR-101/RJ;Norte;Colisão Lateral;2;;;;;;;;;;5;;;;
12/07/2011;08:59:00;58;sem vítima;210;BR-101/RJ;Sul;Colisão Lateral;;;1;;;;;;;1;2;;;;
12/07/2011;10:24:00;86;sem vítima;84,9000015258789;BR-101/RJ;Norte;Tombamento;;;1;;;;;;;;2;;;;
12/07/2011;11:18:00;100;com vítima;302,364013671875;BR-101/RJ;Norte;Capotamento;1;;;;;;;;;;0;1;;;
12/07/2011;15:18:00;152;sem vítima;214;BR-101/RJ;Sul;Colisão Lateral;;;1;;;;;;;1;2;;;;
12/07/2011;16:19:00;159;sem vítima;174,5;BR-101/RJ;Norte;Colisão Traseira;;;2;;;;;;;;4;;;;
12/07/2011;17:20:00;166;sem vítima;206;BR-101/RJ;Sul;Colisão Traseira;2;;;;;;;;;;5;;;;
12/07/2011;18:30:00;180;sem vítima;316;BR-101/RJ;Norte;Colisão Traseira;1;;;;;1;;;;;3;;;;
12/07/2011;20:08:00;201;com vítima;276,6000061035156;BR-101/RJ;Sul;Colisão Traseira;2;;;;;;;;;;1;;1;;
12/07/2011;20:54:00;205;com vítima;312,04998779296875;BR-101/RJ;Norte;Atropelamento - Morador;1;;;;;;;;;;2;;;1;
12/07/2011;22:09:00;210;sem vítima;63;BR-101/RJ;Norte;Colisão Traseira;1;;;;;;;;;1;3;;;;
12/07/2011;23:55:00;226;sem vítima;292;BR-101/RJ;Sul;Capotamento;1;;;;;;;;;;1;;;;
13/07/2011;00:04:00;2;sem vítima;75;BR-101/RJ;Sul;Colisão Traseira;1;;1;;;;;;;;2;;;;
13/07/2011;01:08:00;5;sem vítima;320;BR-101/RJ;Norte;Capotamento;1;;;;;;;;;;1;;;;
13/07/2011;07:29:00;28;com vítima;105,69999694824219;BR-101/RJ;Sul;Colisão Lateral;1;;;;;;;;;1;1;1;;;
13/07/2011;07:50:00;30;sem vítima;318;BR-101/RJ;Sul;Colisão Lateral;1;;;1;;;;;;;4;;;;
13/07/2011;08:03:00;31;sem vítima;316;BR-101/RJ;Norte;Capotamento;1;;;;;;;;;;1;;;;
13/07/2011;09:32:00;49;sem vítima;320;BR-101/RJ;Sul;Colisão Lateral;1;;1;;;;;;;;5;;;;
13/07/2011;11:22:00;71;sem vítima;320;BR-101/RJ;Sul;Colisão Lateral;2;;;;;;;;;;4;;;;
13/07/2011;11:35:00;78;sem vítima;314;BR-101/RJ;Sul;Colisão Traseira;2;;;;;;;;;;3;;;;
13/07/2011;12:33:00;95;sem vítima;313;BR-101/RJ;Sul;Colisão Traseira;2;;;;;;;;;;2;;;;
13/07/2011;11:50:00;112;sem vítima;319;BR-101/RJ;Sul;Colisão Lateral;;;1;;;1;;;;;2;;;;
13/07/2011;15:52:00;130;sem vítima;320;BR-101/RJ;Norte;Colisão Lateral;1;;;;;;;;;;1;;;;
13/07/2011;16:57:00;146;sem vítima;195,5;BR-101/RJ;Sul;Colisão Transversal;1;;;;;;;;;1;4;;;;
13/07/2011;18:28:00;161;sem vítima;318;BR-101/RJ;Norte;Colisão Traseira;1;;;1;;;;;;;3;;;;
13/07/2011;23:33:00;194;sem vítima;40;BR-101/RJ;Sul;Colisão Traseira;;;2;;;;;;;;2;;;;
14/07/2011;04:27:00;12;sem vítima;293;BR-101/RJ;Norte;Tombamento;;;1;;;;;;;;1;;;;
14/07/2011;05:20:00;15;sem vítima;90,94999694824219;BR-101/RJ;Sul;Capotamento;1;;;;;;;;;;1;;;;
14/07/2011;07:33:00;30;sem vítima;126;BR-101/RJ;Sul;Saida de Pista;1;;;;;;;;;;1;;;;
14/07/2011;09:20:00;49;com vítima;188;BR-101/RJ;Sul;Colisão Traseira;;;2;;;;;;;;6;1;;;
14/07/2011;13:11:00;92;sem vítima;173;BR-101/RJ;Norte;Colisão Lateral;2;;;;;;;;;;4;;;;
14/07/2011;13:24:00;94;com vítima;311;BR-101/RJ;Sul;Capotamento;1;;;;;;;;;;0;;;1;
14/07/2011;13:35:00;96;sem vítima;256,1910095214844;BR-101/RJ;Sul;Saida de Pista;1;;;;;;;;;;1;;;;
14/07/2011;14:47:00;107;sem vítima;195;BR-101/RJ;Norte;Colisão Traseira;2;;;;;1;;;;;5;;;;
14/07/2011;14:48:00;108;com vítima;311,552001953125;BR-101/RJ;Norte;Queda de Moto;;;;1;;;;;;;1;;1;;
14/07/2011;14:58:00;113;com vítima;274,64300537109375;BR-101/RJ;Sul;Atropelamento - Ciclista;;1;;;;1;;;;;1;;;1;
14/07/2011;15:31:00;118;com vítima;284,5;BR-101/RJ;Norte;Capotamento;2;;;;;;;;;;1;1;;;
14/07/2011;16:02:00;124;sem vítima;291;BR-101/RJ;Sul;Saida de Pista;1;;;;;;;;;;2;;;;
14/07/2011;16:36:00;132;com vítima;133,8000030517578;BR-101/RJ;Norte;Queda de Moto;;;;1;;;;;;;0;;1;;
14/07/2011;17:54:00;144;sem vítima;319;BR-101/RJ;Sul;Colisão Traseira;2;;;;;1;;;;;4;;;;
14/07/2011;19:14:00;158;com vítima;99,9000015258789;BR-101/RJ;Norte;Colisão Frontal;1;;;;1;;;;;;2;;;1;2
14/07/2011;19:46:00;162;sem vítima;277;BR-101/RJ;Sul;Saida de Pista;1;;;;;;;;;;1;;;;
14/07/2011;23:28:00;187;com vítima;173,6999969482422;BR-101/RJ;Sul;Colisão Traseira;;;2;;;;;;;;1;1;;;
15/07/2011;02:28:00;6;sem vítima;305;BR-101/RJ;Sul;Outros;;;1;;;;;;;;1;;;;
15/07/2011;09:10:00;54;sem vítima;201;BR-101/RJ;Norte;Engavetamento;3;;;;;;;;;;7;;;;
15/07/2011;09:19:00;56;com vítima;320;BR-101/RJ;Norte;Queda de Moto;;;;1;;;;;;;0;1;;;
15/07/2011;13:02:00;99;sem vítima;265,8500061035156;BR-101/RJ;Sul;Choque - Outros;1;;;;;;;;;;2;;;;
15/07/2011;15:26:00;124;sem vítima;296;BR-101/RJ;Norte;Engavetamento;2;;;;;1;;;;;15;;;;
15/07/2011;15:58:00;131;sem vítima;296,20001220703125;BR-101/RJ;Sul;Colisão Traseira;2;;;;;;;;;;5;;;;
15/07/2011;18:02:00;164;sem vítima;297;BR-101/RJ;Norte;Colisão Traseira;1;;1;;;;;;;;6;;;;
15/07/2011;18:06:00;165;sem vítima;193;BR-101/RJ;Sul;Colisão Lateral;1;;1;;;;;;;;2;;;;
15/07/2011;19:13:00;178;sem vítima;60;BR-101/RJ;Norte;Colisão Transversal;2;;;;;;;;;;6;;;;
15/07/2011;20:35:00;197;sem vítima;201;BR-101/RJ;Sul;Colisão Traseira;;;2;;;;;;;;2;;;;
15/07/2011;23:09:00;220;com vítima;272,5;BR-101/RJ;Norte;Atropelamento - Usuário;1;;;;;;;;;;7;;;;1
15/07/2011;23:33:00;221;sem vítima;269,5;BR-101/RJ;Norte;Saida de Pista;1;;;;;1;;;;;3;;;;
16/07/2011;00:32:00;3;sem vítima;299;BR-101/RJ;Sul;Colisão Traseira;2;;;;;;;;;;5;;;;
16/07/2011;06:22:00;26;sem vítima;59;BR-101/RJ;Norte;Engavetamento;1;;;;;;;;;2;8;;;;
16/07/2011;09:42:00;64;sem vítima;125;BR-101/RJ;Norte;Colisão Lateral;1;;1;;;;;;;;2;;;;
16/07/2011;11:23:00;82;com vítima;295;BR-101/RJ;Norte;Queda de Moto;;;;1;;;;;;;1;1;;;
16/07/2011;11:45:00;84;sem vítima;184;BR-101/RJ;Sul;Engavetamento;3;;;;;;;;;;8;;;;
16/07/2011;12:39:00;94;sem vítima;185;BR-101/RJ;Norte;Colisão Traseira;1;;;;;2;;;;;5;;;;
16/07/2011;12:44:00;96;com vítima;243;BR-101/RJ;Sul;Colisão Traseira;2;;1;;;;;;;;5;2;1;;
16/07/2011;13:04:00;101;sem vítima;275;BR-101/RJ;Sul;Colisão Lateral;;;1;;1;;;;;;2;;;;
16/07/2011;13:41:00;107;com vítima;55;BR-101/RJ;Sul;Queda de Moto;;;;1;;;;;;;0;;1;;
16/07/2011;16:10:00;142;sem vítima;307,4599914550781;BR-101/RJ;Norte;Queda de Moto;;;;1;;;;;;;1;;;;
16/07/2011;16:35:00;147;com vítima;320;BR-101/RJ;Norte;Outros - Sequência;2;;;;;;;;;;5;;;1;
16/07/2011;19:30:00;177;sem vítima;318;BR-101/RJ;Norte;Colisão Traseira;1;;;;;1;;;;;2;;;;
16/07/2011;19:54:00;180;com vítima;117,05000305175781;BR-101/RJ;Norte;Saida de Pista;1;;;;;;;;;;0;2;;;
16/07/2011;20:24:00;181;com vítima;277,1000061035156;BR-101/RJ;Norte;Saida de Pista;;;;;;;;;;1;4;1;;;
16/07/2011;20:24:00;188;com vítima;277,1000061035156;BR-101/RJ;Norte;Saida de Pista;1;;;;;;;;;;2;1;;;
16/07/2011;22:16:00;194;sem vítima;277;BR-101/RJ;Sul;Choque - Objeto sobre a pista;2;;;;;;;;;;7;;;;
17/07/2011;00:35:00;3;com vítima;13;BR-101/RJ;Sul;Queda de Moto;;;;1;;;;;;;0;;;;1
17/07/2011;02:43:00;20;sem vítima;58,5;BR-101/RJ;Sul;Colisão Lateral;1;;;;;1;;;;;4;;;;
17/07/2011;06:49:00;39;sem vítima;297,625;BR-101/RJ;Sul;Capotamento;1;;;;;;;;;;1;;;;
17/07/2011;09:08:00;57;com vítima;299;BR-101/RJ;Norte;Queda de Moto;;;;1;;;;;;;0;;1;;
17/07/2011;12:28:00;87;sem vítima;120;BR-101/RJ;Norte;Colisão Transversal;2;;;;;;;;;;7;;;;
17/07/2011;13:48:00;98;com vítima;257;BR-101/RJ;Sul;Saida de Pista;1;;;;;;;;;;0;1;1;;
17/07/2011;18:06:00;150;sem vítima;193;BR-101/RJ;Norte;Colisão Lateral;1;;;;;1;;;;;2;;;;
17/07/2011;18:58:00;161;com vítima;280,8900146484375;BR-101/RJ;Norte;Atropelamento - Morador;1;;;;;;;;;;1;1;;;
17/07/2011;20:09:00;172;com vítima;277;BR-101/RJ;Sul;Saida de Pista;1;;;;;;;;;;0;6;;;
18/07/2011;02:09:00;7;com vítima;300,6000061035156;BR-101/RJ;Norte;Atropelamento - Morador;1;;;;;;;;;;1;;1;;
18/07/2011;06:22:00;16;com vítima;49,400001525878906;BR-101/RJ;Norte;Tombamento;;;1;;;;;;;;0;;;1;
18/07/2011;07:40:00;36;sem vítima;318;BR-101/RJ;Sul;Queda de Moto;;;;1;;;;;;;2;;;;
18/07/2011;10:42:00;76;sem vítima;123;BR-101/RJ;Sul;Colisão Traseira;1;;1;;;;;;;;2;;;;
18/07/2011;12:10:00;89;com vítima;152;BR-101/RJ;Norte;Saida de Pista;1;;;;;;;;;;1;1;;;
18/07/2011;13:46:00;107;com vítima;260;BR-101/RJ;Sul;Colisão Transversal;1;;;;;1;;;;;1;;2;;
18/07/2011;19:11:00;173;com vítima;232,39999389648438;BR-101/RJ;Sul;Queda de Moto;;;1;1;;;;;;;1;2;;;
19/07/2011;09:43:00;51;sem vítima;194;BR-101/RJ;Norte;Colisão Traseira;;;1;;;;;;;1;4;;;;
19/07/2011;10:40:00;60;com vítima;308,9519958496094;BR-101/RJ;Sul;Atropelamento de Animal;;;;1;;;;;;;0;1;;;
19/07/2011;10:42:00;62;sem vítima;297;BR-101/RJ;Norte;Colisão Lateral;1;;1;;;;;;;;3;;;;
19/07/2011;11:16:00;72;com vítima;220;BR-101/RJ;Sul;Colisão Traseira;2;;;;;;;;;;2;1;;;
19/07/2011;15:32:00;107;sem vítima;312,79998779296875;BR-101/RJ;Norte;Colisão Lateral;2;;;;;;;;;;3;;;;
19/07/2011;18:26:00;131;com vítima;139;BR-101/RJ;Sul;Queda de Moto;;;;1;;;;;;;0;;1;;
19/07/2011;20:38:00;147;com vítima;285;BR-101/RJ;Norte;Capotamento;;;;;;;;;;1;0;6;;;
19/07/2011;23:08:00;167;com vítima;53,20000076293945;BR-101/RJ;Norte;Queda de Moto;;;;1;;;;;;;0;;1;;
19/07/2011;23:28:00;169;com vítima;64,19999694824219;BR-101/RJ;Sul;Colisão Lateral;1;;;1;;;;;;;2;1;1;;
19/07/2011;23:47:00;171;sem vítima;261;BR-101/RJ;Sul;Tombamento;;;1;;;;;;;;1;;;;
20/07/2011;01:03:00;6;sem vítima;177;BR-101/RJ;Sul;Colisão Lateral;;;4;;;;;;;;4;;;;
20/07/2011;04:49:00;18;com vítima;105;BR-101/RJ;Norte;Objeto lançado contra veículo;1;;1;;;;;;;;1;4;;;