data;horario;n_da_ocorrencia;tipo_de_ocorrencia;km;trecho;sentido;tipo_de_acidente;automovel;bicicleta;caminhao;moto;onibus;outros;tracao_animal;transporte_de_cargas_especiais;trator_maquinas;utilitarios;ilesos;levemente_feridos;moderadamente_feridos;gravemente_feridos;mortos
21/08/2016;19:50:00;161;com vítima;67,15;BR-101/RJ;Sul;Colisão Transversal;2;;;;;;;;;;3;1;;;
30/04/2016;21:45:00;192;sem vítima;67,5;BR-101/RJ;Norte;Choque - Elemento de Drenagem;1;;;;;;;;;;1;;;;
17/06/2016;17:21:00;178;com vítima;67,511;BR-101/RJ;Norte;Colisão Traseira;2;;;;;;;;;;0;4;;;
10/08/2016;14:13:00;118;sem vítima;67,833;BR-101/RJ;Norte;Colisão Lateral;1;;;;1;;;;;;29;;;;
21/01/2016;15:45:00;175;sem vítima;67,9;BR-101/RJ;Norte;Engavetamento;3;;;;;;;;;;4;;;;
28/03/2016;16:48:00;171;com vítima;68;BR-101/RJ;Norte;Queda de Moto;;;;1;;;;;;;0;2;;;
10/04/2016;04:57:00;21;sem vítima;68;BR-101/RJ;Norte;Colisão Traseira;2;;;;;;;;;;5;;;;
13/04/2016;08:05:00;59;com vítima;68;BR-101/RJ;Norte;Colisão Frontal;2;;1;;;;;;;;2;1;;;1
25/05/2016;18:23:00;190;sem vítima;68;BR-101/RJ;Norte;Engavetamento;2;;;;;1;;;;;3;;;;
06/02/2016;03:02:00;38;sem vítima;69;BR-101/RJ;Sul;Colisão Lateral;1;;;;;1;;;;;2;;;;
21/07/2016;14:03:00;116;sem vítima;69;BR-101/RJ;Sul;Colisão Traseira;1;;;;;;;;;1;5;;;;
12/08/2016;17:55:00;203;sem vítima;69,222;BR-101/RJ;Norte;Engavetamento;3;;;;;;;;;;6;;;;
03/07/2016;06:42:00;27;sem vítima;69,5;BR-101/RJ;Norte;Choque - Suporte de Sinalização;1;;;;;;;;;;1;;;;
02/02/2016;05:16:00;26;com vítima;69,747;BR-101/RJ;Sul;Queda de Moto;;;;1;;;;;;;1;1;;;
13/05/2016;12:39:00;154;sem vítima;70,6;BR-101/RJ;Sul;Colisão Lateral;1;;;;;1;;;;;3;;;;
26/01/2016;01:58:00;17;sem vítima;71;BR-101/RJ;Sul;Atropelamento - Animal;1;;;;;;;;;;1;;;;
05/02/2016;18:11:00;241;sem vítima;71;BR-101/RJ;Sul;Colisão Transversal;;;;;;1;;;;1;4;;;;
11/03/2016;19:10:00;211;com vítima;71;BR-101/RJ;Sul;Colisão Transversal;1;;;1;;;;;;;1;;1;;
06/07/2016;16:24:00;159;com vítima;71;BR-101/RJ;Norte;Colisão Traseira;1;;;;;;;;;1;1;;1;;
17/07/2016;20:31:00;164;com vítima;71;BR-101/RJ;Norte;Colisão Traseira;;;;2;;;;;;;1;2;;;
13/08/2016;18:49:00;159;com vítima;71;BR-101/RJ;Norte;Colisão Transversal;1;;;1;;;;;;;1;1;1;;
20/08/2016;22:07:00;163;com vítima;71;BR-101/RJ;Sul;Colisão Transversal;2;;;1;;;;;;;2;1;1;;
03/08/2016;14:30:00;147;com vítima;71,026;BR-101/RJ;Sul;Colisão Transversal;1;;;1;;;;;;;2;;1;;
18/04/2016;07:14:00;37;sem vítima;71,1;BR-101/RJ;Sul;Engavetamento;2;;;;;1;;;;;6;;;;
21/02/2016;20:05:00;160;com vítima;72;BR-101/RJ;Sul;Colisão Transversal;2;;;;;;;;;;2;1;2;;
25/02/2016;16:58:00;156;com vítima;72;BR-101/RJ;Norte;Colisão Transversal;;1;;1;;;;;;;0;2;;;
05/04/2016;09:07:00;69;sem vítima;72;BR-101/RJ;Sul;Colisão Transversal;1;;;;;;;;;1;5;;;;
05/05/2016;22:17:00;228;sem vítima;72;BR-101/RJ;Norte;Colisão Traseira;;1;;1;;;;;;;1;;;;
09/08/2016;16:55:00;185;com vítima;72,076;BR-101/RJ;Norte;Colisão Traseira;;;1;1;;;;;;;1;1;;;
31/05/2016;03:27:00;10;com vítima;72,143;BR-101/RJ;Sul;Choque - Defensa, barreira ou "submarino";;;1;;;;;;;;1;1;;;
18/03/2016;20:35:00;212;com vítima;72,8;BR-101/RJ;Sul;Queda de Moto;;;;1;;;;;;;0;1;;;
05/08/2016;17:52:00;201;com vítima;72,832;BR-101/RJ;Norte;Colisão Frontal;1;1;;;;;;;;;1;1;;;
11/04/2016;11:55:00;118;sem vítima;73;BR-101/RJ;Sul;Choque - Defensa, barreira ou "submarino";1;;;;;;;;;;1;;;;
03/02/2016;07:22:00;41;sem vítima;74;BR-101/RJ;Norte;Colisão Transversal;1;;;;;1;;;;;2;;;;
10/03/2016;00:53:00;5;sem vítima;74;BR-101/RJ;Norte;Colisão Traseira;;;1;;1;;;;;;2;;;;
01/04/2016;07:58:00;69;com vítima;74;BR-101/RJ;Norte;Colisão Lateral;2;;;;;;;;;;1;1;;;
24/04/2016;21:53:00;223;sem vítima;74;BR-101/RJ;Norte;Colisão Traseira;2;;;;;;;;;;7;;;;
08/05/2016;15:37:00;115;sem vítima;74;BR-101/RJ;Sul;Colisão Lateral;2;;;;;;;;;;5;;;;
31/05/2016;14:26:00;137;sem vítima;74;BR-101/RJ;Sul;Colisão Traseira;2;;;;;;;;;;4;;;;
22/08/2016;08:40:00;66;com vítima;74;BR-101/RJ;Norte;Colisão Traseira;2;;;;;;;;;;2;3;1;;
10/07/2016;23:34:00;185;com vítima;74,085;BR-101/RJ;Sul;Atropelamento - Morador;1;;;;;;;;;;2;;1;;
31/07/2016;10:41:00;63;sem vítima;74,097;BR-101/RJ;Norte;Engavetamento;3;;;;;;;;;;7;;;;
11/08/2016;02:21:00;11;sem vítima;74,1;BR-101/RJ;Sul;Colisão Traseira;2;;;;;;;;;;8;;;;
28/06/2016;21:44:00;225;sem vítima;74,104;BR-101/RJ;Sul;Engavetamento;2;;1;;;;;;;;3;;;;
14/05/2016;23:05:00;179;com vítima;74,404;BR-101/RJ;Sul;Colisão Traseira;2;;;;;;;;;1;5;1;;;
12/01/2016;17:05:00;145;sem vítima;75;BR-101/RJ;Norte;Choque - Outros;1;;;;;;;;;;2;;;;
12/02/2016;05:04:00;11;sem vítima;75;BR-101/RJ;Norte;Choque - Poste;1;;;;;;;;;;1;;;;
29/02/2016;22:25:00;263;sem vítima;75;BR-101/RJ;Norte;Choque - Poste;1;;;;;;;;;;1;;;;
13/03/2016;03:57:00;13;sem vítima;75;BR-101/RJ;Norte;Choque - Outros;1;;;;;;;;;;1;;;;
01/04/2016;07:44:00;62;com vítima;75;BR-101/RJ;Norte;Choque - Elemento de Drenagem;1;;;;;;;;;;0;1;;;
22/04/2016;16:32:00;123;sem vítima;75;BR-101/RJ;Norte;Choque - Elemento de Drenagem;1;;;;;;;;;;2;;;;
26/04/2016;15:13:00;135;com vítima;75;BR-101/RJ;Norte;Choque - Outros;;;;1;;;;;;;0;1;;;
07/06/2016;11:59:00;106;sem vítima;75;BR-101/RJ;Norte;Choque - Elemento de Drenagem;1;;;;;;;;;;1;;;;
07/08/2016;14:58:00;121;com vítima;75;BR-101/RJ;Norte;Choque - Elemento de Drenagem;1;;;;;;;;;;2;;1;;
13/05/2016;21:40:00;252;sem vítima;75,1;BR-101/RJ;Norte;Choque - Elemento de Drenagem;1;;;;;;;;;;1;;;;
31/07/2016;06:51:00;28;com vítima;75,301;BR-101/RJ;Norte;Colisão Lateral;1;;;;1;;;;;;1;1;;;
12/07/2016;21:46:00;232;sem vítima;75,42;BR-101/RJ;Norte;Tombamento;;;1;;;;;;;;3;;;;
30/05/2016;23:12:00;212;sem vítima;75,433;BR-101/RJ;Norte;Choque - Elemento de Drenagem;1;;;;;;;;;;0;;;;
03/01/2016;09:31:00;63;sem vítima;76;BR-101/RJ;Sul;Engavetamento;2;;;;;1;;;;;5;;;;
17/06/2016;18:06:00;188;com vítima;76,195;BR-101/RJ;Sul;Colisão Traseira;;;1;;;;;;;1;0;3;;;
27/08/2016;15:05:00;130;sem vítima;76,198;BR-101/RJ;Sul;Colisão Lateral;1;;1;;;;;;;;2;;;;
11/07/2016;18:47:00;232;com vítima;76,877;BR-101/RJ;Norte;Queda de Moto;;;;1;;;;;;;0;1;;;
13/02/2016;14:29:00;114;sem vítima;77;BR-101/RJ;Norte;Colisão Traseira;2;;;;;;;;;;4;;;;
27/03/2016;16:38:00;136;sem vítima;77;BR-101/RJ;Sul;Engavetamento;3;;;;;;;;;;12;;;;
15/08/2016;15:15:00;174;sem vítima;77;BR-101/RJ;Norte;Colisão Traseira;3;;;;;;;;;;6;;;;
18/01/2016;12:27:00;121;com vítima;78;BR-101/RJ;Norte;Queda de Moto;;;;1;;;;;;;1;1;;;
21/01/2016;10:45:00;86;sem vítima;78;BR-101/RJ;Sul;Colisão Traseira;1;;;;;;;;;1;4;;;;
30/07/2016;15:07:00;90;sem vítima;78;BR-101/RJ;Norte;Colisão Transversal;2;;;;;;;;;;6;;;;
20/02/2016;01:10:00;10;sem vítima;78,5;BR-101/RJ;Norte;Colisão Frontal;;;2;;;;;;;;3;;;;
22/07/2016;17:22:00;161;com vítima;79;BR-101/RJ;Norte;Colisão Transversal;1;;;;;;;;;1;2;1;;;
27/08/2016;21:40:00;197;com vítima;79;BR-101/RJ;Norte;Colisão Transversal;1;;1;;;;;;;;1;1;1;;
31/08/2016;19:05:00;190;com vítima;79,044;BR-101/RJ;Norte;Colisão Transversal;1;;;1;;;;;;;1;2;1;;
11/01/2016;15:56:00;149;com vítima;79,862;BR-101/RJ;Norte;Colisão Frontal;2;;;;;;;;;;0;;2;;1
06/02/2016;22:29:00;328;com vítima;80;BR-101/RJ;Norte;Queda de Moto;;;;1;;;;;;;0;;1;;
17/04/2016;17:27:00;139;sem vítima;80;BR-101/RJ;Norte;Colisão Traseira;1;;;;;1;;;;;2;;;;
24/06/2016;09:32:00;79;sem vítima;80;BR-101/RJ;Norte;Choque - Elemento de Drenagem;1;;;;;;;;;;1;;;;
05/08/2016;23:11:00;245;sem vítima;80;BR-101/RJ;Norte;Atropelamento de Animal;1;;;;;;;;;;1;;;;
19/08/2016;04:43:00;24;sem vítima;80,861;BR-101/RJ;Norte;Colisão Lateral;1;;1;;;;;;;;5;;;;
27/03/2016;23:09:00;233;sem vítima;81;BR-101/RJ;Norte;Choque - Defensa, barreira ou "submarino";1;;;;;;;;;;1;;;;
30/07/2016;18:01:00;127;sem vítima;81;BR-101/RJ;Norte;Capotamento;1;;;;;;;;;;1;;;;
09/05/2016;01:49:00;8;com vítima;81,5;BR-101/RJ;Norte;Choque - Defensa, barreira ou "submarino";1;;;;;;;;;;1;;;;1
12/01/2016;17:16:00;150;sem vítima;82;BR-101/RJ;Norte;Colisão Traseira;2;;1;;;;;;;;7;;;;
22/01/2016;22:35:00;270;com vítima;82;BR-101/RJ;Sul;Colisão Frontal;2;;1;;;;;;;;1;;3;;
24/06/2016;13:47:00;126;sem vítima;82,385;BR-101/RJ;Norte;Colisão Lateral;2;;1;;;;;;;;6;;;;
08/06/2016;07:34:00;52;sem vítima;82,45;BR-101/RJ;Sul;Colisão Traseira;2;;;;;;;;;;2;;;;
08/06/2016;07:34:00;21;com vítima;82,452;BR-101/RJ;Norte;Choque - Defensa, barreira ou "submarino";;;1;;;;;;;;0;1;;;
26/06/2016;13:22:00;100;sem vítima;82,57;BR-101/RJ;Norte;Choque - Outros;1;;;;;;;;;;4;;;;
14/08/2016;04:34:00;19;sem vítima;82,653;BR-101/RJ;Norte;Choque - Outros;1;;;;;;;;;;2;;;;
21/07/2016;07:11:00;30;sem vítima;82,68;BR-101/RJ;Norte;Colisão Lateral;1;;;;;;;;;1;2;;;;
14/07/2016;06:32:00;31;sem vítima;82,83;BR-101/RJ;Norte;Choque - Suporte de Sinalização;1;;;;;;;;;;1;;;;
12/03/2016;11:59:00;118;sem vítima;83;BR-101/RJ;Norte;Capotamento;1;;;;;;;;;;4;;;;
10/07/2016;20:54:00;164;sem vítima;83;BR-101/RJ;Norte;Atropelamento - Animal;1;;;;;;;;;;1;;;;
30/07/2016;21:20:00;145;sem vítima;83,5;BR-101/RJ;Sul;Choque - Outros;1;;;;;;;;;;1;;;;
31/08/2016;19:01:00;188;sem vítima;83,522;BR-101/RJ;Sul;Tombamento;1;;;;;;;;;;1;;;;
01/01/2016;09:34:00;66;sem vítima;84;BR-101/RJ;Sul;Saida de Pista;1;;;;;;;;;;1;;;;
21/03/2016;18:13:00;168;com vítima;84;BR-101/RJ;Sul;Atropelamento - Morador;;;1;;;;;;;;1;;1;;
09/06/2016;11:22:00;141;com vítima;84;BR-101/RJ;Norte;Queda de Moto;;;;1;;;;;;;0;1;;;
08/07/2016;18:13:00;196;sem vítima;84;BR-101/RJ;Sul;Colisão Traseira;1;;;;;;;;;1;7;;;;
09/08/2016;21:00:00;221;com vítima;84;BR-101/RJ;Norte;Queda de Moto;;;;1;;;;;;;0;1;;;
16/04/2016;09:27:00;65;sem vítima;85,5;BR-101/RJ;Sul;Engavetamento;2;;;;;1;;;;;4;;;;
18/04/2016;06:48:00;39;com vítima;86,059;BR-101/RJ;Norte;Colisão Frontal;2;;1;;1;;;;;;5;1;;;2
02/07/2016;09:35:00;55;sem vítima;86,9;BR-101/RJ;Norte;Choque - Talude;1;;;;;;;;;;1;;;;
22/04/2016;06:51:00;40;sem vítima;87;BR-101/RJ;Sul;Colisão Lateral;;;2;;;;;;;;4;;;;
25/06/2016;16:54:00;148;com vítima;87,311;BR-101/RJ;Norte;Colisão Frontal;2;;1;;;;;;;;4;;1;;
29/02/2016;18:43:00;197;sem vítima;87,4;BR-101/RJ;Norte;Colisão Lateral;;;;;1;1;;;;;2;;;;
22/05/2016;19:48:00;146;com vítima;87,5;BR-101/RJ;Sul;Choque - Talude;1;;;;;;;;;;0;;1;;
30/08/2016;04:54:00;16;com vítima;87,642;BR-101/RJ;Sul;Colisão Frontal;1;;1;;;;;;;;1;;1;;1
07/08/2016;20:31:00;192;com vítima;87,689;BR-101/RJ;Norte;Choque - Talude;1;;;;;;;;;;0;2;1;;
06/08/2016;20:00:00;146;com vítima;87,9;BR-101/RJ;Sul;Queda de Moto;;;;1;;;;;;;0;2;;;
06/08/2016;18:58:00;139;com vítima;87,911;BR-101/RJ;Sul;Queda de Moto;;;;1;;;;;;;0;;2;;
23/02/2016;18:24:00;191;sem vítima;88;BR-101/RJ;Sul;Colisão Lateral;1;;1;;;;;;;;2;;;;
20/04/2016;15:55:00;174;sem vítima;88;BR-101/RJ;Sul;Colisão Transversal;1;;1;;;;;;;;5;;;;
09/08/2016;19:45:00;213;sem vítima;88;BR-101/RJ;Sul;Choque - Elemento de Drenagem;1;;;;;;;;;;4;;;;
31/08/2016;09:51:00;93;sem vítima;88;BR-101/RJ;Norte;Colisão Lateral;;;2;;;;;;;;2;;;;
12/03/2016;19:34:00;210;sem vítima;89;BR-101/RJ;Sul;Tombamento;;;1;;;;;;;;1;;;;
17/04/2016;05:50:00;24;sem vítima;89;BR-101/RJ;Norte;Choque - Suporte de Sinalização;1;;;;;;;;;;1;;;;
10/05/2016;21:02:00;227;sem vítima;89;BR-101/RJ;Norte;Queda de Moto;;;;1;;;;;;;1;;;;
19/07/2016;00:44:00;3;sem vítima;89;BR-101/RJ;Sul;Choque - Outros;1;;;;;;;;;;2;;;;
08/03/2016;15:16:00;162;sem vítima;89,1;BR-101/RJ;Norte;Colisão Traseira;;;2;;;;;;;;4;;;;
10/06/2016;04:45:00;20;com vítima;89,355;BR-101/RJ;Norte;Tombamento;;;1;;;;;;;;0;1;;;
18/04/2016;05:47:00;30;sem vítima;89,402;BR-101/RJ;Norte;Colisão Traseira;;;1;;;;;;;1;5;;;;
19/03/2016;15:32:00;132;com vítima;90;BR-101/RJ;Sul;Queda de Moto;;;;1;;;;;;;0;1;;;
18/07/2016;18:50:00;198;com vítima;90;BR-101/RJ;Norte;Colisão Traseira;2;;1;;;;;;;1;4;3;2;;
28/06/2016;18:49:00;202;com vítima;90,77;BR-101/RJ;Sul;Colisão Frontal;1;;2;;;;;;;;2;4;1;;
04/07/2016;10:04:00;94;com vítima;91,5;BR-101/RJ;Sul;Queda de Moto;;;;1;;;;;;;0;1;;;
18/06/2016;11:59:00;92;com vítima;91,7;BR-101/RJ;Norte;Queda de Moto;;;;1;;;;;;;0;2;;;
18/05/2016;16:41:00;167;sem vítima;91,8;BR-101/RJ;Sul;Choque - Poste;1;;;;;;;;;;1;;;;
30/07/2016;07:18:00;35;sem vítima;91,8;BR-101/RJ;Norte;Choque - Outros;1;;;;;;;;;;1;;;;
12/06/2016;02:51:00;11;com vítima;91,93;BR-101/RJ;Sul;Tombamento;;;1;;1;;;;;;22;3;;;
05/04/2016;21:28:00;209;sem vítima;92;BR-101/RJ;Norte;Colisão Lateral;1;;1;;;;;;;;2;;;;
26/04/2016;07:19:00;37;sem vítima;92;BR-101/RJ;Sul;Capotamento;1;;;;;;;;;;1;;;;
13/05/2016;14:07:00;167;com vítima;92;BR-101/RJ;Norte;Colisão Traseira;1;;1;;;;;;;;5;4;;;
03/07/2016;18:11:00;134;com vítima;92;BR-101/RJ;Sul;Tombamento;;;1;;;;;;;;0;1;;;
12/06/2016;09:43:00;48;com vítima;92,2;BR-101/RJ;Norte;Colisão Traseira;2;;;;;;;;;;4;1;;;
27/03/2016;09:17:00;43;sem vítima;93;BR-101/RJ;Sul;Colisão Traseira;1;;;;;1;;;;;6;;;;
21/02/2016;10:45:00;52;com vítima;93,16;BR-101/RJ;Norte;Queda de Moto;;;;1;;;;;;;0;1;;;
03/08/2016;16:40:00;169;sem vítima;93,45;BR-101/RJ;Sul;Colisão Traseira;2;;;;;;;;;;4;;;;
22/03/2016;17:07:00;163;com vítima;94;BR-101/RJ;Norte;Queda de Moto;;;;1;;;;;;;0;1;;;
21/04/2016;09:34:00;82;sem vítima;94;BR-101/RJ;Norte;Engavetamento;3;;;;;;;;;;9;;;;
20/01/2016;12:05:00;87;com vítima;95;BR-101/RJ;Norte;Choque - Defensa, barreira ou "submarino";;;;;;;;;;1;0;1;2;;
10/04/2016;04:34:00;19;sem vítima;95,9;BR-101/RJ;Sul;Choque - Outros;;;1;;;;;;;;2;;;;
01/04/2016;10:47:00;120;com vítima;96;BR-101/RJ;Sul;Queda de Moto;;;;1;;;;;;;0;2;;;
29/06/2016;10:06:00;105;sem vítima;96;BR-101/RJ;Sul;Engavetamento;1;;2;;;;;;;1;6;;;;
12/06/2016;23:38:00;160;com vítima;96,21;BR-101/RJ;Norte;Choque - Defensa, barreira ou "submarino";1;;;;;;;;;;0;1;;;
25/06/2016;15:14:00;128;com vítima;96,256;BR-101/RJ;Norte;Capotamento;1;;;;;;;;;;1;1;;;
20/06/2016;05:34:00;13;sem vítima;96,267;BR-101/RJ;Norte;Choque - Talude;1;;;;;;;;;;2;;;;
30/07/2016;15:26:00;104;com vítima;96,317;BR-101/RJ;Sul;Colisão Frontal;2;;;;;;;;;;1;3;3;;
20/07/2016;02:03:00;12;sem vítima;96,6;BR-101/RJ;Norte;Choque - Outros;1;;;;;;;;;;1;;;;
24/02/2016;17:45:00;180;sem vítima;96,8;BR-101/RJ;Norte;Colisão Traseira;1;;;;;1;;;;;2;;;;
05/08/2016;18:42:00;210;sem vítima;96,9;BR-101/RJ;Norte;Choque - Talude;1;;;;;;;;;;1;;;;
06/03/2016;11:33:00;76;com vítima;97;BR-101/RJ;Norte;Capotamento;1;;;;;;;;;;0;;2;;
16/01/2016;07:12:00;48;sem vítima;98;BR-101/RJ;Sul;Saida de Pista;1;;;;;;;;;;2;;;;
08/02/2016;11:57:00;75;com vítima;98;BR-101/RJ;Norte;Colisão Transversal;2;;;;;;;;;;4;2;;;
07/04/2016;22:06:00;228;sem vítima;98;BR-101/RJ;Norte;Colisão Transversal;;;2;;;;;;;;2;;;;
04/01/2016;15:49:00;188;sem vítima;98,5;BR-101/RJ;Norte;Saida de Pista;1;;;;;;;;;;5;;;;
02/04/2016;16:30:00;133;com vítima;99,24;BR-101/RJ;Sul;Queda de Moto;;;;1;;;;;;;0;2;;;
13/06/2016;08:45:00;80;sem vítima;99,5;BR-101/RJ;Sul;Colisão Lateral;1;;1;;;;;;;;2;;;;
01/07/2016;06:21:00;24;sem vítima;100,958;BR-101/RJ;Sul;Colisão Traseira;2;;;;;;;;;;4;;;;
11/02/2016;06:00:00;37;sem vítima;101;BR-101/RJ;Sul;Colisão Traseira;1;;;;;2;;;;;3;;;;
20/02/2016;15:41:00;143;sem vítima;101;BR-101/RJ;Norte;Colisão Traseira;2;;;;;;;;;;3;;;;
21/02/2016;00:12:00;3;sem vítima;101;BR-101/RJ;Norte;Choque - Outros;;;;;;;;;;1;2;;;;
05/03/2016;02:16:00;21;com vítima;101;BR-101/RJ;Norte;Colisão Traseira;;;2;;;;;;;;1;;;1;
11/03/2016;14:04:00;147;sem vítima;101;BR-101/RJ;Norte;Colisão Traseira;1;;;;;;;;;1;2;;;;
12/03/2016;18:32:00;195;sem vítima;101;BR-101/RJ;Norte;Colisão Traseira;;;2;;;;;;;;2;;;;
29/04/2016;11:34:00;91;sem vítima;101;BR-101/RJ;Norte;Colisão Traseira;2;;;;;;;;;;6;;;;
09/05/2016;15:30:00;169;sem vítima;101;BR-101/RJ;Norte;Colisão Traseira;1;;;;;1;;;;;5;;;;
13/04/2016;11:57:00;100;com vítima;101,302;BR-101/RJ;Sul;Colisão Traseira;;;2;;;;;;;;2;1;;;
07/07/2016;18:12:00;180;sem vítima;101,399;BR-101/RJ;Norte;Colisão Traseira;;;2;;;;;;;;2;;;;
21/01/2016;21:06:00;237;com vítima;101,853;BR-101/RJ;Sul;Choque - Defensa, barreira ou "submarino";;;1;;;;;;;;0;;;;1
01/07/2016;04:44:00;19;sem vítima;101,968;BR-101/RJ;Norte;Colisão Traseira;2;;;;;;;;;;8;;;;
15/01/2016;17:04:00;195;sem vítima;102;BR-101/RJ;Norte;Colisão Lateral;1;;1;;;;;;;;4;;;;
02/02/2016;19:20:00;204;sem vítima;102;BR-101/RJ;Norte;Colisão Traseira;2;;;;;;;;;;2;;;;
19/03/2016;08:08:00;47;com vítima;102;BR-101/RJ;Norte;Queda de Moto;;;;1;;;;;;;0;;1;;
28/04/2016;17:20:00;157;sem vítima;102;BR-101/RJ;Norte;Colisão Traseira;2;;;;;;;;;;3;;;;
01/05/2016;07:37:00;43;sem vítima;102;BR-101/RJ;Norte;Colisão Traseira;2;;;;;;;;;;7;;;;
12/08/2016;12:32:00;134;com vítima;102,052;BR-101/RJ;Norte;Choque - Elemento de Drenagem;1;;;;;;;;;;1;1;;;
29/02/2016;06:46:00;25;sem vítima;104;BR-101/RJ;Norte;Colisão Lateral;;;1;;1;;;;;;3;;;;
31/07/2016;23:57:00;196;sem vítima;105,95;BR-101/RJ;Norte;Choque - Elemento de Drenagem;1;;;;;;;;;;1;;;;
20/01/2016;20:25:00;177;com vítima;107;BR-101/RJ;Norte;Choque - Defensa, barreira ou "submarino";1;;;;;;;;;;0;1;;;
22/04/2016;14:21:00;95;com vítima;107;BR-101/RJ;Norte;Choque - Defensa, barreira ou "submarino";1;;;;;;;;;;1;2;;;
18/01/2016;09:46:00;88;sem vítima;107,954;BR-101/RJ;Sul;Colisão Traseira;1;;1;;;;;;;;2;;;;
03/01/2016;14:26:00;124;sem vítima;108;BR-101/RJ;Sul;Saida de Pista;1;;;;;;;;;;4;;;;
12/03/2016;13:08:00;127;sem vítima;109;BR-101/RJ;Sul;Colisão Lateral;1;;;;;;;;;1;4;;;;
17/07/2016;16:34:00;123;com vítima;109;BR-101/RJ;Sul;Choque - Defensa, barreira ou "submarino";;;;1;;;;;;;0;2;;;
18/07/2016;11:31:00;120;sem vítima;109;BR-101/RJ;Sul;Atropelamento - Animal;1;;;;;;;;;;4;;;;
29/07/2016;16:38:00;169;com vítima;109;BR-101/RJ;Sul;Tombamento;;;1;;;;;;;;0;1;;;
16/01/2016;15:50:00;142;sem vítima;110;BR-101/RJ;Norte;Saida de Pista;1;;;;;;;;;;2;;;;
17/01/2016;21:23:00;157;com vítima;110;BR-101/RJ;Sul;Engavetamento;2;;1;;;;;;;;4;;1;;
20/01/2016;07:32:00;26;com vítima;110;BR-101/RJ;Norte;Colisão Traseira;1;;1;;;;;;;;1;1;;;
05/02/2016;07:30:00;53;com vítima;110;BR-101/RJ;Norte;Engavetamento;2;;;;;1;;;;;8;1;;;
04/03/2016;08:28:00;63;sem vítima;110;BR-101/RJ;Norte;Choque - Defensa, barreira ou "submarino";1;;;;;;;;;;4;;;;
07/03/2016;09:49:00;102;com vítima;110;BR-101/RJ;Norte;Colisão Traseira;1;;1;;;;;;;;6;1;;;
11/03/2016;00:44:00;4;com vítima;110;BR-101/RJ;Sul;Colisão Traseira;1;;1;;;;;;;;1;1;;;
27/05/2016;05:51:00;21;com vítima;110,9;BR-101/RJ;Norte;Choque - Defensa, barreira ou "submarino";1;;;;;;;;;;0;4;;1;1
08/05/2016;04:00:00;20;sem vítima;111;BR-101/RJ;Norte;Capotamento;1;;;;;;;;;;1;;;;
25/03/2016;21:34:00;177;com vítima;111,6;BR-101/RJ;Norte;Colisão Transversal;1;;;1;;;;;;;3;;;1;
23/04/2016;22:46:00;175;com vítima;112,4;BR-101/RJ;Norte;Queda de Moto;;;;1;;;;;;;0;;1;1;
12/01/2016;09:20:00;53;sem vítima;113;BR-101/RJ;Norte;Colisão Traseira;2;;;;;;;;;;7;;;;
31/01/2016;18:54:00;197;sem vítima;113;BR-101/RJ;Norte;Colisão Traseira;1;;1;;;;;;;;5;;;;
15/06/2016;07:05:00;27;sem vítima;114;BR-101/RJ;Norte;Atropelamento - Animal;1;;;;;;;;;;1;;;;
24/08/2016;16:56:00;180;sem vítima;115;BR-101/RJ;Sul;Choque - Elemento de Drenagem;1;;;;;;;;;;1;;;;
11/03/2016;17:17:00;183;com vítima;116;BR-101/RJ;Norte;Choque - Arvore;;;1;;;;;;;;0;;;;1
19/08/2016;02:27:00;14;sem vítima;116,299;BR-101/RJ;Sul;Atropelamento de Animal;;;;;1;;;;;;26;;;;
16/05/2016;08:29:00;58;sem vítima;117;BR-101/RJ;Sul;Choque - Defensa, barreira ou "submarino";1;;;;;;;;;;0;;;;
29/04/2016;16:35:00;143;sem vítima;117,047;BR-101/RJ;Norte;Colisão Traseira;2;;;;;;;;;;6;;;;
16/06/2016;09:19:00;90;sem vítima;117,756;BR-101/RJ;Norte;Colisão Lateral;2;;;;;;;;;;5;;;;
17/04/2016;11:32:00;73;sem vítima;118;BR-101/RJ;Sul;Saida de Pista;;;1;;;;;;;;1;;;;
24/04/2016;17:51:00;176;com vítima;119;BR-101/RJ;Norte;Queda de Moto;;;;1;;;;;;;0;;1;;
05/06/2016;16:50:00;114;com vítima;119;BR-101/RJ;Sul;Queda de Moto;;;;1;;;;;;;0;;1;;
24/08/2016;11:02:00;100;sem vítima;119;BR-101/RJ;Sul;Colisão Transversal;;;1;;;;;;;1;5;;;;
13/02/2016;07:29:00;33;sem vítima;120;BR-101/RJ;Norte;Colisão Lateral;;;1;;1;;;;;;3;;;;
07/03/2016;16:09:00;183;com vítima;120;BR-101/RJ;Sul;Colisão Traseira;1;;;1;;;;;;;2;1;;;
19/05/2016;06:34:00;27;sem vítima;120;BR-101/RJ;Norte;Colisão Transversal;2;;1;;;;;;;;5;;;;
22/07/2016;11:31:00;102;com vítima;120;BR-101/RJ;Sul;Colisão Transversal;2;;1;;;;;;;;3;3;;;
13/03/2016;23:20:00;171;com vítima;120,75;BR-101/RJ;Norte;Colisão Traseira;2;;;;;;;;;;1;;1;;
22/01/2016;17:32:00;203;sem vítima;121;BR-101/RJ;Sul;Colisão Transversal;2;;;;;;;;;;5;;;;
02/08/2016;05:57:00;51;com vítima;121;BR-101/RJ;Norte;Atropelamento - Usuário;1;;;;;1;;;;;1;;1;;