data;horario;n_da_ocorrencia;tipo_de_ocorrencia;km;trecho;sentido;tipo_de_acidente;automovel;bicicleta;caminhao;moto;onibus;outros;tracao_animal;transporte_de_cargas_especiais;trator_maquinas;utilitarios;ilesos;levemente_feridos;moderadamente_feridos;gravemente_feridos;mortos
23/06/2016;20:33:00;212;sem vítima;121,425;BR-101/RJ;Sul;Colisão Frontal;1;;;;;1;;;;;2;;;;
28/01/2016;20:22:00;266;com vítima;122;BR-101/RJ;Norte;Colisão Lateral;1;1;;;;;;;;;2;1;;;
15/04/2016;23:25:00;234;sem vítima;122;BR-101/RJ;Norte;Choque - Defensa, barreira ou "submarino";1;;;;;;;;;;1;;;;
18/07/2016;08:20:00;62;sem vítima;122;BR-101/RJ;Norte;Choque - Outros;;;;;;;;;;1;1;;;;
25/08/2016;09:57:00;111;sem vítima;122,458;BR-101/RJ;Sul;Choque - Defensa, barreira ou "submarino";;;1;;;;;;;;1;;;;
23/06/2016;06:54:00;35;com vítima;122,884;BR-101/RJ;Norte;Colisão Traseira;1;;1;;;;;;;;2;1;;;
15/01/2016;06:39:00;24;sem vítima;123;BR-101/RJ;Sul;Tombamento;2;;;;;;;;;;6;;;;
17/01/2016;16:53:00;106;com vítima;123;BR-101/RJ;Sul;Colisão Traseira;1;;1;;;;;;;;2;1;;;
27/01/2016;00:00:00;1;sem vítima;123;BR-101/RJ;Sul;Colisão Traseira;1;;1;;;;;;;;5;;;;
01/02/2016;17:35:00;213;sem vítima;123;BR-101/RJ;Norte;Choque - Defensa, barreira ou "submarino";;;1;;;;;;;;1;;;;
12/02/2016;10:38:00;84;sem vítima;123;BR-101/RJ;Sul;Colisão Lateral;1;;;;1;;;;;;13;;;;
09/04/2016;12:05:00;98;sem vítima;123;BR-101/RJ;Norte;Colisão Traseira;1;;1;;;;;;;;6;;;;
27/04/2016;11:04:00;110;sem vítima;123;BR-101/RJ;Sul;Colisão Traseira;;;2;;;;;;;;2;;;;
28/04/2016;07:34:00;37;sem vítima;123;BR-101/RJ;Norte;Colisão Traseira;1;;1;;;;;;;;2;;;;
18/05/2016;08:07:00;58;com vítima;123;BR-101/RJ;Sul;Colisão Transversal;1;;1;;;;;;;;2;2;;;
23/06/2016;09:33:00;90;sem vítima;123;BR-101/RJ;Norte;Colisão Traseira;;;2;;;;;;;;2;;;;
25/06/2016;20:37:00;184;sem vítima;123;BR-101/RJ;Norte;Atropelamento - Animal;1;;;;;;;;;;1;;;;
23/07/2016;15:08:00;135;sem vítima;123;BR-101/RJ;Sul;Choque - Defensa, barreira ou "submarino";;;1;;;;;;;;1;;;;
15/05/2016;22:29:00;167;sem vítima;123,13;BR-101/RJ;Sul;Colisão Traseira;;;2;;;;;;;;2;;;;
25/04/2016;14:38:00;144;com vítima;125;BR-101/RJ;Sul;Tombamento;;;1;;;;;;;;0;2;;;
09/05/2016;16:57:00;190;com vítima;125;BR-101/RJ;Norte;Atropelamento - Animal;1;;;;;;;;;;1;1;;;
27/07/2016;04:39:00;23;sem vítima;125,5;BR-101/RJ;Norte;Choque - Defensa, barreira ou "submarino";;;1;;;;;;;;2;;;;
13/07/2016;20:31:00;205;com vítima;127,329;BR-101/RJ;Sul;Atropelamento - Sem Informação;;;;;;;;;;;0;;;;1
06/02/2016;09:01:00;123;com vítima;128;BR-101/RJ;Norte;Capotamento;1;;;;;;;;;;0;;1;;
19/03/2016;08:19:00;49;sem vítima;128;BR-101/RJ;Norte;Colisão Traseira;1;;;;;;;;;1;2;;;;
19/05/2016;15:43:00;154;sem vítima;128,85;BR-101/RJ;Sul;Colisão Traseira;1;;1;;;;;;;;2;;;;
16/04/2016;05:43:00;20;com vítima;129,469;BR-101/RJ;Sul;Capotamento;1;;;;;;;;;;0;1;;;
01/05/2016;01:09:00;9;com vítima;129,733;BR-101/RJ;Norte;Choque - Elemento de Drenagem;1;;;;;;;;;;0;3;1;;
28/03/2016;09:54:00;85;sem vítima;130;BR-101/RJ;Norte;Choque - Talude;;;1;;;;;;;;1;;;;
16/04/2016;18:36:00;168;com vítima;130;BR-101/RJ;Norte;Queda de Moto;;;;1;;;;;;;0;1;;;
10/07/2016;21:26:00;173;sem vítima;130,897;BR-101/RJ;Sul;Colisão Lateral;1;;1;;;;;;;;2;;;;
09/08/2016;01:23:00;10;sem vítima;131;BR-101/RJ;Sul;Colisão Lateral;1;;1;;;;;;;;2;;;;
19/08/2016;13:01:00;145;sem vítima;131,175;BR-101/RJ;Norte;Choque - Talude;1;;;;;;;;;;1;;;;
20/05/2016;07:16:00;25;com vítima;133;BR-101/RJ;Norte;Choque - Arvore;1;;;;;;;;;;0;1;;;
06/03/2016;12:55:00;87;sem vítima;134;BR-101/RJ;Sul;Choque - Defensa, barreira ou "submarino";1;;;;;;;;;;3;;;;
21/07/2016;15:17:00;121;sem vítima;134,383;BR-101/RJ;Sul;Choque - Defensa, barreira ou "submarino";1;;;;;;;;;;4;;;;
17/03/2016;12:31:00;125;sem vítima;135;BR-101/RJ;Sul;Choque - Defensa, barreira ou "submarino";1;;;;;;;;;;1;;;;
23/04/2016;08:14:00;37;sem vítima;135;BR-101/RJ;Sul;Choque - Outros;1;;;;;;;;;;5;;;;
01/07/2016;20:20:00;229;com vítima;135;BR-101/RJ;Norte;Atropelamento - Animal;1;;;;;;;;;;0;1;;;
05/07/2016;01:42:00;8;sem vítima;135;BR-101/RJ;Sul;Choque - Suporte de Sinalização;1;;;;;;;;;;1;;;;
14/07/2016;05:23:00;23;sem vítima;135;BR-101/RJ;Sul;Colisão Traseira;1;;1;;;;;;;;2;;;;
30/03/2016;18:28:00;166;com vítima;135,5;BR-101/RJ;Sul;Queda de Moto;;;;1;;;;;;;0;;;1;
09/02/2016;01:58:00;5;com vítima;135,713;BR-101/RJ;Norte;Queda de Moto;;;;1;;;;;;;0;2;;;
16/05/2016;07:50:00;46;com vítima;136;BR-101/RJ;Norte;Choque - Elemento de Drenagem;1;;;;;;;;;;1;2;;;
11/08/2016;18:55:00;214;com vítima;137,971;BR-101/RJ;Sul;Choque - Defensa, barreira ou "submarino";1;;;;;;;;;;3;1;;;
25/03/2016;07:32:00;50;com vítima;138;BR-101/RJ;Norte;Queda de Moto;;;;1;;;;;;;0;1;1;;
25/08/2016;18:27:00;213;sem vítima;138;BR-101/RJ;Norte;Atropelamento de Animal;1;;;;;;;;;;1;;;;
26/02/2016;16:23:00;172;com vítima;139;BR-101/RJ;Sul;Choque - Defensa, barreira ou "submarino";1;;;;;;;;;;0;1;;;
14/05/2016;19:40:00;166;com vítima;139;BR-101/RJ;Norte;Atropelamento - Animal;1;;;;;;;;;;1;1;;;
21/03/2016;01:27:00;9;sem vítima;140;BR-101/RJ;Norte;Atropelamento - Animal;;;;;1;;;;;;21;;;;
02/06/2016;22:24:00;206;sem vítima;140;BR-101/RJ;Sul;Atropelamento - Animal;;;;;;1;;;;;1;;;;
14/04/2016;15:34:00;172;sem vítima;140,22;BR-101/RJ;Sul;Saida de Pista;1;;;;;;;;;;1;;;;
18/01/2016;13:26:00;137;sem vítima;141;BR-101/RJ;Sul;Choque - Defensa, barreira ou "submarino";1;;;;;;;;;;2;;;;
15/01/2016;16:56:00;191;sem vítima;142;BR-101/RJ;Sul;Choque - Defensa, barreira ou "submarino";1;;;;;;;;;;1;;;;
10/08/2016;04:05:00;15;com vítima;142,5;BR-101/RJ;Norte;Choque - Defensa, barreira ou "submarino";1;;;;;;;;;;0;2;;;
10/01/2016;21:05:00;167;com vítima;142,9;BR-101/RJ;Norte;Colisão Traseira;;1;;;;1;;;;;1;;;1;
18/04/2016;14:50:00;149;sem vítima;143;BR-101/RJ;Sul;Choque - Elemento de Drenagem;1;;;;;;;;;;2;;;;
18/04/2016;14:57:00;151;com vítima;143,1;BR-101/RJ;Sul;Queda de Moto;;;;1;;;;;;;0;2;;;
04/01/2016;15:57:00;190;sem vítima;144;BR-101/RJ;Sul;Choque - Defensa, barreira ou "submarino";1;;;;;;;;;;3;;;;
18/01/2016;08:25:00;59;sem vítima;144;BR-101/RJ;Sul;Saida de Pista;1;;;;;;;;;;1;;;;
06/02/2016;10:34:00;150;sem vítima;144;BR-101/RJ;Norte;Choque - Defensa, barreira ou "submarino";1;;;;;;;;;;4;;;;
29/02/2016;18:55:00;205;sem vítima;144;BR-101/RJ;Norte;Choque - Objeto sobre a pista;;;1;;;;;;;1;4;;;;
07/04/2016;12:08:00;110;com vítima;144;BR-101/RJ;Sul;Tombamento;;;1;;;;;;;;0;1;2;;
31/05/2016;17:03:00;169;sem vítima;144;BR-101/RJ;Sul;Choque - Talude;1;;;;;;;;;;2;;;;
01/07/2016;21:13:00;238;com vítima;144;BR-101/RJ;Norte;Saida de Pista;;;;;;;;;;1;0;1;;;
30/07/2016;20:25:00;146;com vítima;144;BR-101/RJ;Norte;Choque - Elemento de Drenagem;1;;;;;;;;;;0;;2;3;
07/08/2016;05:18:00;21;sem vítima;144;BR-101/RJ;Norte;Objeto lançado contra veículo;1;;1;;;;;;;;2;;;;
13/08/2016;10:06:00;68;com vítima;144;BR-101/RJ;Norte;Colisão Lateral;1;;;1;;;;;;;2;2;;;
03/08/2016;13:32:00;137;com vítima;144,21;BR-101/RJ;Sul;Choque - Defensa, barreira ou "submarino";1;;;;;;;;;;0;3;;;
09/07/2016;16:01:00;135;com vítima;144,225;BR-101/RJ;Sul;Choque - Defensa, barreira ou "submarino";1;;;;;;;;;;2;1;1;;
28/06/2016;08:21:00;68;sem vítima;144,3;BR-101/RJ;Sul;Choque - Talude;1;;;;;;;;;;5;;;;
09/07/2016;09:11:00;65;com vítima;144,45;BR-101/RJ;Norte;Choque - Defensa, barreira ou "submarino";;;;1;;;;;;;0;;1;;
30/05/2016;06:27:00;27;com vítima;144,456;BR-101/RJ;Sul;Queda de Moto;;;;1;;;;;;;0;1;;;
14/08/2016;20:33:00;170;com vítima;144,5;BR-101/RJ;Sul;Choque - Defensa, barreira ou "submarino";;;;;1;;;;;;26;2;;;
24/03/2016;00:50:00;7;sem vítima;144,8;BR-101/RJ;Norte;Tombamento;;;1;;;;;;;;2;;;;
01/06/2016;01:08:00;3;com vítima;144,814;BR-101/RJ;Norte;Tombamento;;;1;;;;;;;;0;;1;;
28/04/2016;09:53:00;76;sem vítima;145;BR-101/RJ;Norte;Choque - Talude;1;;;;;;;;;;2;;;;
04/06/2016;22:21:00;174;com vítima;145,4;BR-101/RJ;Norte;Choque - Suporte de Sinalização;1;;;;;;;;;;0;1;;;
29/04/2016;07:16:00;35;sem vítima;146;BR-101/RJ;Norte;Choque - Talude;1;;;;;;;;;;1;;;;
18/04/2016;01:41:00;9;sem vítima;146,102;BR-101/RJ;Norte;Choque - Defensa, barreira ou "submarino";;;1;;;;;;;;1;;;;
14/04/2016;19:59:00;235;com vítima;147;BR-101/RJ;Norte;Saida de Pista;1;;;;;;;;;;0;1;;;
06/01/2016;23:38:00;240;sem vítima;148;BR-101/RJ;Sul;Saida de Pista;1;;;;;;;;;;1;;;;
12/03/2016;21:19:00;225;com vítima;149;BR-101/RJ;Norte;Capotamento;1;;;;;;;;;;1;1;;;
06/02/2016;07:38:00;98;sem vítima;150;BR-101/RJ;Sul;Capotamento;1;;;;;;;;;;2;;;;
06/02/2016;11:10:00;160;sem vítima;150;BR-101/RJ;Sul;Colisão Traseira;1;;;;;;;;;;1;;;;
02/01/2016;12:04:00;97;com vítima;150,98;BR-101/RJ;Sul;Saida de Pista;1;;;;;;;;;;1;1;3;;
20/02/2016;20:31:00;192;com vítima;152;BR-101/RJ;Norte;Choque - Talude;;;;1;;;;;;;0;;2;;
16/07/2016;16:07:00;169;com vítima;153,226;BR-101/RJ;Sul;Choque - Elemento de Drenagem;;;;1;;;;;;;0;1;;;
08/02/2016;20:40:00;174;com vítima;154,229;BR-101/RJ;Norte;Queda de Moto;;;;1;;;;;;;0;2;;;
13/02/2016;11:02:00;80;sem vítima;155;BR-101/RJ;Sul;Colisão Lateral;1;;2;;;;;;;;6;;;;
02/01/2016;22:14:00;214;com vítima;157;BR-101/RJ;Norte;Choque - Defensa, barreira ou "submarino";1;;;;;;;;;;0;1;2;;
29/04/2016;01:27:00;8;com vítima;157,048;BR-101/RJ;Norte;Colisão Frontal;;;1;;;;;;;1;1;;1;;
06/07/2016;06:48:00;26;com vítima;157,71;BR-101/RJ;Norte;Colisão Traseira;;;;1;;;;;;1;1;1;1;;
11/05/2016;22:24:00;183;sem vítima;158;BR-101/RJ;Sul;Capotamento;1;;;;;;;;;;0;;;;
19/03/2016;16:10:00;144;sem vítima;159;BR-101/RJ;Norte;Colisão Lateral;1;;1;;;;;;;;5;;;;
06/07/2016;13:34:00;120;com vítima;159,9;BR-101/RJ;Sul;Engavetamento;3;;1;;;;;;;1;2;5;2;;
27/05/2016;21:17:00;158;sem vítima;160;BR-101/RJ;Norte;Atropelamento - Animal;1;;;;;;;;;;1;;;;
12/04/2016;11:55:00;112;com vítima;160,285;BR-101/RJ;Norte;Engavetamento;;;3;;;;;;;;2;;;1;
25/04/2016;12:31:00;121;com vítima;160,7;BR-101/RJ;Norte;Choque - Defensa, barreira ou "submarino";;;1;;;;;;;;0;;1;;
28/08/2016;12:26:00;64;sem vítima;160,92;BR-101/RJ;Norte;Choque - Defensa, barreira ou "submarino";1;;;;;;;;;;6;;;;
20/05/2016;03:59:00;8;com vítima;162;BR-101/RJ;Sul;Saida de Pista;1;;;;;1;;;;;2;4;;;
12/07/2016;05:51:00;20;sem vítima;162;BR-101/RJ;Norte;Colisão Transversal;2;;;;;;;;;;4;;;;
07/08/2016;08:24:00;46;sem vítima;163,669;BR-101/RJ;Norte;Engavetamento;2;;1;;;;;;;;11;;;;
15/01/2016;18:25:00;211;com vítima;164;BR-101/RJ;Norte;Colisão Frontal;1;;1;;;;;;;;0;3;;;1
20/07/2016;19:34:00;174;com vítima;164,518;BR-101/RJ;Sul;Colisão Frontal;2;;2;;;;;;;1;4;;1;1;
13/06/2016;18:10:00;190;com vítima;166,97;BR-101/RJ;Norte;Colisão Traseira;;;;1;;1;;;;;1;1;;;
06/04/2016;03:59:00;13;com vítima;167,833;BR-101/RJ;Norte;Colisão Frontal;;;2;;;;;;;;0;1;;;1
18/06/2016;21:00:00;176;sem vítima;168;BR-101/RJ;Norte;Choque - Objeto sobre a pista;;;;;;;;;;1;1;;;;
12/01/2016;08:09:00;45;sem vítima;169;BR-101/RJ;Norte;Choque - Outros;1;;;;;;;;;;2;;;;
18/01/2016;06:34:00;31;com vítima;169;BR-101/RJ;Norte;Colisão Frontal;1;;1;;;;;;;;1;1;;;
21/03/2016;01:07:00;6;sem vítima;169;BR-101/RJ;Norte;Colisão Frontal;1;;;;;;;;;1;2;;;;
21/06/2016;19:59:00;209;com vítima;169,105;BR-101/RJ;Sul;Capotamento;1;;;;;;;;;;0;1;;;
20/05/2016;14:13:00;150;sem vítima;169,53;BR-101/RJ;Sul;Choque - Defensa, barreira ou "submarino";;;1;;;;;;;;1;;;;
19/08/2016;00:05:00;2;sem vítima;169,749;BR-101/RJ;Sul;Colisão Traseira;1;;;;;1;;;;;2;;;;
14/01/2016;15:52:00;176;sem vítima;170;BR-101/RJ;Norte;Choque - Defensa, barreira ou "submarino";1;;;;;;;;;;1;;;;
03/05/2016;10:27:00;101;sem vítima;170;BR-101/RJ;Sul;Colisão Frontal;1;;1;;;;;;;;1;;;;
18/08/2016;08:29:00;87;sem vítima;170,221;BR-101/RJ;Norte;Colisão Traseira;2;;;;;;;;;;4;;;;
23/02/2016;19:22:00;211;sem vítima;172;BR-101/RJ;Norte;Saida de Pista;;;1;;;;;;;;1;;;;
05/06/2016;12:34:00;72;sem vítima;172,15;BR-101/RJ;Sul;Colisão Lateral;2;;;;;;;;;;8;;;;
23/07/2016;05:54:00;37;sem vítima;172,235;BR-101/RJ;Sul;Choque - Elemento de Drenagem;;;1;;;;;;;;1;;;;
09/02/2016;04:23:00;15;com vítima;172,45;BR-101/RJ;Sul;Atropelamento - Animal;1;;;;;;;;;;0;1;;;
30/06/2016;00:22:00;4;sem vítima;172,938;BR-101/RJ;Sul;Saida de Pista;1;;;;;;;;;;2;;;;
13/01/2016;00:49:00;4;sem vítima;173;BR-101/RJ;Norte;Colisão Frontal;;;2;;;;;;;;2;;;;
03/07/2016;05:52:00;24;sem vítima;173;BR-101/RJ;Norte;Colisão Lateral;1;;1;;;;;;;;2;;;;
12/02/2016;07:03:00;21;com vítima;174;BR-101/RJ;Norte;Colisão Traseira;1;;1;;;;;;;;2;1;;;
30/07/2016;04:46:00;16;sem vítima;174,617;BR-101/RJ;Sul;Tombamento;;;1;;;;;;;;1;;;;
05/02/2016;08:34:00;83;sem vítima;175;BR-101/RJ;Norte;Colisão Traseira;2;;;;;;;;;;11;;;;
03/05/2016;06:37:00;31;com vítima;175;BR-101/RJ;Norte;Colisão Transversal;2;;;;;;;;;;0;2;1;;
21/06/2016;13:36:00;151;sem vítima;175;BR-101/RJ;Sul;Colisão Traseira;;;2;;;;;;;;2;;;;
28/08/2016;23:51:00;187;com vítima;175,5;BR-101/RJ;Norte;Colisão Lateral;;;1;;1;;;;;;2;2;;;
16/04/2016;16:50:00;140;com vítima;175,88;BR-101/RJ;Sul;Colisão Frontal;1;1;;;;;;;;;3;;;;1
03/01/2016;06:53:00;35;sem vítima;176;BR-101/RJ;Sul;Capotamento;1;;;;;;;;;;1;;;;
03/01/2016;14:49:00;131;sem vítima;176;BR-101/RJ;Sul;Saida de Pista;1;;;;;;;;;;5;;;;
05/02/2016;02:34:00;25;com vítima;176;BR-101/RJ;Norte;Colisão Frontal;1;;1;;;;;;;;0;3;;;1
19/04/2016;11:53:00;138;com vítima;176,152;BR-101/RJ;Sul;Saida de Pista;;;;1;;;;;;;0;2;;;
01/08/2016;11:23:00;123;com vítima;176,5;BR-101/RJ;Norte;Choque - Defensa, barreira ou "submarino";;;1;;;;;;;;0;1;;;
10/04/2016;20:47:00;171;sem vítima;176,53;BR-101/RJ;Sul;Saida de Pista;1;;;;;;;;;;1;;;;
07/01/2016;14:12:00;123;sem vítima;177;BR-101/RJ;Norte;Tombamento;1;;;;;;;;;;1;;;;
06/02/2016;09:00:00;121;com vítima;177;BR-101/RJ;Norte;Queda de Moto;1;;;1;;;;;;;1;;;;1
12/02/2016;10:23:00;81;sem vítima;178;BR-101/RJ;Norte;Saida de Pista;1;;;;;;;;;;1;;;;
30/07/2016;07:42:00;39;sem vítima;178;BR-101/RJ;Norte;Engavetamento;2;;1;;;;;;;;5;;;;
06/08/2016;15:12:00;99;sem vítima;178,342;BR-101/RJ;Sul;Choque - Defensa, barreira ou "submarino";1;;;;;;;;;;1;;;;
21/06/2016;16:58:00;183;sem vítima;178,895;BR-101/RJ;Norte;Colisão Traseira;;;1;;;1;;;;;2;;;;
08/04/2016;21:18:00;258;sem vítima;180;BR-101/RJ;Sul;Tombamento;;;1;;;;;;;;2;;;;
09/05/2016;07:25:00;45;com vítima;180;BR-101/RJ;Norte;Capotamento;1;;;;;;;;;;2;2;;;
18/03/2016;05:02:00;26;com vítima;181,3;BR-101/RJ;Sul;Colisão Frontal;1;;1;;;;;;;;1;3;2;;
29/02/2016;18:31:00;199;com vítima;182;BR-101/RJ;Sul;Choque - Talude;1;;;;;;;;;;0;2;;;
27/05/2016;23:23:00;173;com vítima;182;BR-101/RJ;Sul;Choque - Outros;1;;;;;;;;;;5;2;;;
14/08/2016;18:13:00;129;com vítima;182;BR-101/RJ;Sul;Capotamento;1;;;;;;;;;;1;2;;;
16/08/2016;09:44:00;121;com vítima;182;BR-101/RJ;Sul;Choque - Defensa, barreira ou "submarino";1;;;;;;;;;;0;;1;1;
02/05/2016;17:50:00;161;com vítima;182,335;BR-101/RJ;Norte;Colisão Frontal;1;;1;;;;;;;;1;1;2;;1
09/03/2016;06:35:00;21;sem vítima;182,9;BR-101/RJ;Norte;Saida de Pista;1;;;;;;;;;;1;;;;
04/01/2016;20:05:00;239;sem vítima;184;BR-101/RJ;Norte;Colisão Transversal;1;;1;;1;;;;;;3;;;;
29/01/2016;22:35:00;244;com vítima;184;BR-101/RJ;Sul;Choque - Defensa, barreira ou "submarino";;;1;;;;;;;;0;1;;;
04/06/2016;05:25:00;14;sem vítima;184;BR-101/RJ;Sul;Choque - Arvore;1;;;;;;;;;;1;;;;
23/06/2016;20:16:00;211;com vítima;184,03;BR-101/RJ;Norte;Capotamento;1;;;;;;;;;;0;2;;;
01/04/2016;13:00:00;141;sem vítima;184,5;BR-101/RJ;Norte;Tombamento;;;2;;;;;;;;2;;;;
16/07/2016;08:14:00;59;sem vítima;184,7;BR-101/RJ;Norte;Colisão Lateral;1;;;;;1;;;;;2;;;;
20/05/2016;00:08:00;1;sem vítima;184,72;BR-101/RJ;Norte;Capotamento;1;;;;;;;;;;1;;;;
21/04/2016;06:09:00;38;sem vítima;185;BR-101/RJ;Norte;Colisão Frontal;2;;;;;;;;;;11;;;;
02/02/2016;17:06:00;185;sem vítima;185,5;BR-101/RJ;Norte;Colisão Lateral;;;2;;;;;;;;2;;;;
13/08/2016;16:48:00;141;com vítima;185,9;BR-101/RJ;Norte;Choque - Outros;1;;;;;;;;;;4;1;;;
29/02/2016;09:48:00;91;com vítima;187;BR-101/RJ;Norte;Colisão Lateral;1;;1;;;;;;;;2;1;;;
18/08/2016;11:34:00;152;com vítima;187,489;BR-101/RJ;Sul;Colisão Lateral;1;;;1;;;;;;;3;1;;;
29/07/2016;04:57:00;26;sem vítima;188;BR-101/RJ;Sul;Choque - Objeto sobre a pista;1;;;;;;;;;;1;;;;
22/08/2016;21:34:00;252;sem vítima;188;BR-101/RJ;Norte;Choque - Defensa, barreira ou "submarino";1;;;;;1;;;;;4;;;;
10/07/2016;14:19:00;93;com vítima;188,876;BR-101/RJ;Norte;Choque - Suporte de Sinalização;1;;;;;;;;;;0;1;;;
03/01/2016;13:53:00;115;sem vítima;189;BR-101/RJ;Norte;Saida de Pista;;;1;;;;;;;;1;;;;
12/01/2016;10:33:00;69;sem vítima;189;BR-101/RJ;Sul;Colisão Traseira;2;;;;;;;;;;4;;;;
15/01/2016;07:52:00;50;sem vítima;189;BR-101/RJ;Norte;Saida de Pista;;;;;;;;;;1;2;;;;
16/01/2016;08:09:00;57;sem vítima;189;BR-101/RJ;Sul;Colisão Traseira;1;;;;;1;;;;;3;;;;
15/01/2016;07:47:00;48;sem vítima;189,096;BR-101/RJ;Sul;Colisão Traseira;2;;;;;;;;;;6;;;;
24/06/2016;20:13:00;194;com vítima;189,65;BR-101/RJ;Sul;Colisão Transversal;1;;;1;;;;;;;0;3;;;
09/07/2016;07:21:00;30;com vítima;189,8;BR-101/RJ;Norte;Colisão Lateral;1;;1;;;;;;;;1;1;;;
23/01/2016;05:24:00;39;com vítima;189,9;BR-101/RJ;Sul;Saida de Pista;;;1;;;;;;;;2;1;;;
03/08/2016;17:17:00;174;com vítima;189,96;BR-101/RJ;Norte;Colisão Frontal;;;1;;;;;;;1;0;6;3;8;1
29/01/2016;12:27:00;118;com vítima;189,975;BR-101/RJ;Norte;Colisão Traseira;;;2;;;;;;;;1;;1;;
02/01/2016;15:24:00;129;sem vítima;189,99;BR-101/RJ;Norte;Colisão Traseira;1;;;;;1;;;;;2;;;;
01/08/2016;07:28:00;42;sem vítima;189,99;BR-101/RJ;Sul;Colisão Frontal;1;;1;;;;;;;;2;;;;
16/01/2016;08:49:00;66;sem vítima;190;BR-101/RJ;Norte;Saida de Pista;1;;;;;;;;;;4;;;;
16/01/2016;17:16:00;159;sem vítima;190;BR-101/RJ;Norte;Colisão Traseira;2;;;;;;;;;;9;;;;
10/02/2016;05:51:00;36;sem vítima;190;BR-101/RJ;Sul;Saida de Pista;1;;;;;;;;;;4;;;;
13/02/2016;05:54:00;23;sem vítima;190;BR-101/RJ;Norte;Choque - Outros;1;;;;;;;;;;1;;;;
13/03/2016;16:57:00;108;sem vítima;190;BR-101/RJ;Sul;Choque - Suporte de Sinalização;1;;;;;;;;;;1;;;;
18/04/2016;08:17:00;72;com vítima;190;BR-101/RJ;Norte;Choque - Defensa, barreira ou "submarino";1;;;;;;;;;;0;1;;;
17/05/2016;15:10:00;134;sem vítima;190;BR-101/RJ;Sul;Choque - Defensa, barreira ou "submarino";1;;;;;;;;;;2;;;;
31/07/2016;07:11:00;30;com vítima;190;BR-101/RJ;Sul;Choque - Elemento de Drenagem;1;;;;;;;;;;1;2;;;
06/08/2016;06:16:00;29;sem vítima;190;BR-101/RJ;Norte;Saida de Pista;1;;;;;;;;;;1;;;;
25/05/2016;11:10:00;122;com vítima;190,2;BR-101/RJ;Norte;Choque - Outros;;;;;;;;;;1;1;2;;;
21/07/2016;13:50:00;114;sem vítima;190,4;BR-101/RJ;Sul;Choque - Defensa, barreira ou "submarino";1;;;;;;;;;;2;;;;
30/05/2016;22:57:00;210;com vítima;190,482;BR-101/RJ;Sul;Choque - Elemento de Drenagem;;;1;;;;;;;;1;1;;;
01/06/2016;08:59:00;81;com vítima;192;BR-101/RJ;Norte;Colisão Lateral;1;;;1;;;;;;;2;1;;;
11/08/2016;11:26:00;124;sem vítima;192;BR-101/RJ;Sul;Colisão Transversal;2;;;;;;;;;;2;;;;
08/03/2016;13:28:00;147;com vítima;192,3;BR-101/RJ;Sul;Colisão Transversal;2;;;;;;;;;;1;2;;;
17/08/2016;08:15:00;89;sem vítima;192,443;BR-101/RJ;Norte;Colisão Transversal;2;;;;;;;;;;2;;;;
28/06/2016;23:27:00;236;sem vítima;192,582;BR-101/RJ;Sul;Choque - Objeto sobre a pista;1;;;;;;;;;;1;;;;
25/08/2016;16:07:00;194;sem vítima;192,87;BR-101/RJ;Sul;Colisão Lateral;2;;;;;;;;;;6;;;;
06/01/2016;22:08:00;231;com vítima;192,94;BR-101/RJ;Sul;Atropelamento - Usuário;1;;1;;;;;;;;3;1;;;
11/01/2016;07:02:00;35;com vítima;193;BR-101/RJ;Sul;Colisão Traseira;;;1;;;;;;;1;4;1;;;
14/01/2016;09:49:00;96;sem vítima;193;BR-101/RJ;Sul;Colisão Traseira;2;;;;;;;;;;2;;;;
10/03/2016;00:09:00;1;sem vítima;193;BR-101/RJ;Sul;Choque - Defensa, barreira ou "submarino";;;1;;;;;;;;1;;;;
18/03/2016;10:45:00;111;sem vítima;193;BR-101/RJ;Sul;Engavetamento;2;;1;;;;;;;;4;;;;
27/05/2016;12:30:00;87;com vítima;193;BR-101/RJ;Sul;Colisão Traseira;2;;;;;;;;;;2;2;;;
17/06/2016;09:01:00;80;sem vítima;193;BR-101/RJ;Sul;Colisão Traseira;;;;;;1;;;;1;2;;;;
12/03/2016;14:31:00;140;com vítima;194;BR-101/RJ;Sul;Capotamento;1;;;;;;;;;;0;1;;;
09/08/2016;21:33:00;229;sem vítima;194;BR-101/RJ;Norte;Choque - Talude;1;;;;;;;;;;4;;;;
06/01/2016;18:57:00;202;sem vítima;195;BR-101/RJ;Norte;Choque - Outros;1;;;;;;;;;;1;;;;
16/01/2016;12:48:00;110;com vítima;195;BR-101/RJ;Sul;Choque - Defensa, barreira ou "submarino";1;;;;;;;;;;0;1;;;
24/01/2016;22:18:00;186;com vítima;195;BR-101/RJ;Norte;Choque - Outros;1;;;;;;;;;;1;1;;;
24/03/2016;03:33:00;17;com vítima;195;BR-101/RJ;Sul;Capotamento;1;;;;;;;;;;0;3;1;1;