data;horario;n_da_ocorrencia;tipo_de_ocorrencia;km;trecho;sentido;tipo_de_acidente;automovel;bicicleta;caminhao;moto;onibus;outros;tracao_animal;transporte_de_cargas_especiais;trator_maquinas;utilitarios;ilesos;levemente_feridos;moderadamente_feridos;gravemente_feridos;mortos
06/01/2016;16:40:00;181;sem vítima;195,05;BR-101/RJ;Sul;Choque - Defensa, barreira ou "submarino";1;;;;;;;;;;1;;;;
03/06/2016;08:02:00;42;com vítima;195,345;BR-101/RJ;Sul;Choque - Defensa, barreira ou "submarino";1;;;;;;;;;;0;1;;;
18/03/2016;13:58:00;136;sem vítima;196;BR-101/RJ;Sul;Colisão Lateral;1;;1;;;;;;;;2;;;;
18/03/2016;14:11:00;144;com vítima;196;BR-101/RJ;Sul;Colisão Traseira;1;;;;1;;;;;;2;1;;;
25/04/2016;09:51:00;92;sem vítima;196;BR-101/RJ;Norte;Choque - Defensa, barreira ou "submarino";1;;;;;;;;;;1;;;;
19/08/2016;14:12:00;162;com vítima;196;BR-101/RJ;Sul;Queda de Moto;;;;1;;;;;;;0;;1;;
04/07/2016;16:02:00;172;sem vítima;196,885;BR-101/RJ;Norte;Colisão Traseira;1;;1;;;1;;;;;3;;;;
08/05/2016;12:10:00;77;com vítima;197;BR-101/RJ;Sul;Colisão Traseira;2;;;;;;;;;;7;1;;;
14/05/2016;19:28:00;162;sem vítima;197;BR-101/RJ;Norte;Choque - Outros;1;;;;;;;;;;0;;;;
23/05/2016;13:15:00;113;sem vítima;197;BR-101/RJ;Norte;Choque - Defensa, barreira ou "submarino";;;;;;;;;;;1;;;;
23/07/2016;17:10:00;157;sem vítima;197;BR-101/RJ;Norte;Colisão Traseira;1;;1;;;;;;;;5;;;;
21/07/2016;08:00:00;46;sem vítima;197,445;BR-101/RJ;Norte;Colisão Traseira;2;;;;;;;;;;2;;;;
19/02/2016;08:58:00;66;com vítima;198;BR-101/RJ;Norte;Colisão Traseira;1;;1;;;;;;;;1;2;;;
24/04/2016;10:45:00;72;sem vítima;198;BR-101/RJ;Norte;Colisão Lateral;1;;1;;;;;;;;3;;;;
27/05/2016;07:54:00;41;sem vítima;198;BR-101/RJ;Sul;Colisão Traseira;2;;;;;;;;;;2;;;;
01/06/2016;05:56:00;14;sem vítima;198;BR-101/RJ;Norte;Colisão Lateral;1;;1;;;1;;;;;2;;;;
16/05/2016;08:32:00;61;sem vítima;198,3;BR-101/RJ;Sul;Queda de Moto;;;;1;;1;;;;;2;;;;
01/05/2016;22:02:00;191;sem vítima;198,755;BR-101/RJ;Sul;Colisão Transversal;1;1;;;;;;;;;5;;;;
03/06/2016;08:02:00;43;sem vítima;199,987;BR-101/RJ;Sul;Choque - Suporte de Sinalização;;;1;;;;;;;;1;;;;
13/02/2016;05:45:00;21;sem vítima;200;BR-101/RJ;Norte;Choque - Outros;1;;;;;;;;;;1;;;;
14/05/2016;08:54:00;69;sem vítima;200;BR-101/RJ;Norte;Colisão Traseira;1;;1;;;;;;;;2;;;;
28/05/2016;18:13:00;144;sem vítima;200;BR-101/RJ;Norte;Saida de Pista;1;;;;;;;;;;1;;;;
26/06/2016;08:55:00;63;com vítima;200;BR-101/RJ;Sul;Queda de Moto;;;;1;;;;;;;0;1;;;
08/08/2016;07:22:00;50;sem vítima;200;BR-101/RJ;Norte;Colisão Traseira;2;;;;;;;;;;5;;;;
26/08/2016;23:21:00;249;com vítima;200,1;BR-101/RJ;Norte;Choque - Defensa, barreira ou "submarino";;;;;1;;;;;;5;7;;;
15/08/2016;07:29:00;38;sem vítima;200,95;BR-101/RJ;Norte;Colisão Traseira;1;;1;;;;;;;;4;;;;
16/01/2016;10:03:00;81;com vítima;201;BR-101/RJ;Norte;Choque - Defensa, barreira ou "submarino";1;;;;;;;;;;1;1;;;
01/04/2016;18:18:00;199;sem vítima;201;BR-101/RJ;Sul;Atropelamento - Animal;;;;;;2;;;;;2;;;;
30/05/2016;21:14:00;201;com vítima;201;BR-101/RJ;Norte;Colisão Traseira;1;;;;;1;;;;;1;2;;;
24/07/2016;11:58:00;85;com vítima;201,018;BR-101/RJ;Norte;Colisão Transversal;1;1;;;;;;;;;1;;1;;
01/01/2016;07:59:00;47;sem vítima;201,6;BR-101/RJ;Norte;Choque - Defensa, barreira ou "submarino";1;;;;;;;;;;5;;;;
05/08/2016;18:36:00;208;sem vítima;201,686;BR-101/RJ;Sul;Choque - Defensa, barreira ou "submarino";1;;;;;;;;;;2;;;;
03/01/2016;19:12:00;201;sem vítima;202;BR-101/RJ;Norte;Engavetamento;1;;;;;2;;;;;4;;;;
15/06/2016;22:42:00;225;sem vítima;202,8;BR-101/RJ;Norte;Choque - Objeto sobre a pista;1;;;;;;;;;;1;;;;
28/07/2016;18:26:00;182;com vítima;202,8;BR-101/RJ;Sul;Queda de Moto;;;;1;;;;;;;0;1;;;
22/05/2016;22:50:00;165;sem vítima;202,93;BR-101/RJ;Norte;Choque - Defensa, barreira ou "submarino";1;;;;;;;;;;1;;;;
04/03/2016;18:15:00;211;sem vítima;203;BR-101/RJ;Sul;Saida de Pista;;;1;;;;;;;;2;;;;
05/03/2016;02:50:00;24;sem vítima;203;BR-101/RJ;Sul;Saida de Pista;;;1;;;;;;;;1;;;;
24/04/2016;14:59:00;114;sem vítima;203;BR-101/RJ;Sul;Engavetamento;2;;;;;1;;;;;3;;;;
02/01/2016;18:20:00;165;sem vítima;204;BR-101/RJ;Sul;Colisão Traseira;2;;;;;;;;;;7;;;;
19/08/2016;19:22:00;220;sem vítima;204,968;BR-101/RJ;Sul;Choque - Objeto sobre a pista;1;;;;;;;;;;5;;;;
19/01/2016;13:11:00;82;com vítima;205;BR-101/RJ;Sul;Colisão Lateral;;1;1;;;;;;;;1;1;;;
29/01/2016;10:46:00;99;sem vítima;205;BR-101/RJ;Sul;Colisão Traseira;1;;1;;;;;;;;2;;;;
05/04/2016;00:20:00;1;sem vítima;205;BR-101/RJ;Sul;Atropelamento - Animal;;;1;;;;;;;;1;;;;
17/07/2016;15:56:00;114;sem vítima;205;BR-101/RJ;Sul;Engavetamento;2;;;;1;;;;;;3;;;;
03/02/2016;07:28:00;43;com vítima;205,119;BR-101/RJ;Norte;Colisão Traseira;;;;1;;1;;;;;1;;1;;
29/05/2016;10:45:00;53;com vítima;205,65;BR-101/RJ;Norte;Colisão Transversal;;1;;;;1;;;;;1;;;1;
01/01/2016;17:36:00;157;com vítima;206;BR-101/RJ;Norte;Colisão Transversal;1;;;;;1;;;;;2;3;;;
19/01/2016;08:56:00;39;com vítima;206;BR-101/RJ;Norte;Engavetamento;1;;2;;;;;;;;5;4;;;
29/01/2016;15:47:00;158;sem vítima;206;BR-101/RJ;Norte;Colisão Lateral;1;;1;;;;;;;;2;;;;
01/02/2016;10:48:00;106;sem vítima;206;BR-101/RJ;Sul;Colisão Traseira;1;;;;;1;;;;;2;;;;
12/02/2016;13:30:00;125;sem vítima;206;BR-101/RJ;Norte;Colisão Transversal;1;;1;;;;;;;;3;;;;
05/03/2016;11:00:00;101;sem vítima;206;BR-101/RJ;Sul;Colisão Traseira;2;;;;;;;;;;3;;;;
23/03/2016;17:25:00;164;com vítima;206;BR-101/RJ;Sul;Colisão Transversal;1;;;1;;;;;;;2;1;;;
15/07/2016;17:17:00;183;sem vítima;206;BR-101/RJ;Sul;Engavetamento;2;;1;;;;;;;;8;;;;
31/07/2016;13:27:00;93;com vítima;206;BR-101/RJ;Norte;Colisão Lateral;;1;;1;;;;;;;0;2;;;
10/08/2016;19:27:00;175;com vítima;206;BR-101/RJ;Sul;Colisão Transversal;2;;;;;;;;;;1;1;;;
28/08/2016;23:25:00;184;com vítima;206;BR-101/RJ;Norte;Colisão Traseira;2;;;;;;;;;;2;1;;;
05/08/2016;14:03:00;145;sem vítima;206,042;BR-101/RJ;Sul;Colisão Lateral;1;;1;;;;;;;;3;;;;
19/08/2016;19:09:00;217;sem vítima;206,073;BR-101/RJ;Sul;Choque - Objeto sobre a pista;1;;;;;;;;;;4;;;;
27/07/2016;09:46:00;85;sem vítima;206,466;BR-101/RJ;Norte;Colisão Lateral;1;;;;1;;;;;;2;;;;
17/06/2016;07:48:00;65;sem vítima;206,594;BR-101/RJ;Norte;Colisão Traseira;;;2;;;;;;;;2;;;;
29/01/2016;16:45:00;161;com vítima;207;BR-101/RJ;Norte;Colisão Traseira;2;;;;;;;;;;5;2;;;
29/02/2016;11:49:00;119;sem vítima;207;BR-101/RJ;Norte;Colisão Traseira;2;;;;;;;;;;3;;;;
19/03/2016;08:50:00;56;sem vítima;207;BR-101/RJ;Norte;Colisão Traseira;2;;;;;;;;;;4;;;;
20/04/2016;09:23:00;93;com vítima;207;BR-101/RJ;Norte;Atropelamento - Morador;1;;;;;;;;;;1;;1;;
26/05/2016;11:05:00;76;com vítima;207;BR-101/RJ;Norte;Engavetamento;3;;;;;;;;;;13;2;;;
12/07/2016;11:05:00;113;sem vítima;207;BR-101/RJ;Norte;Engavetamento;2;;;;;;;;;1;4;;;;
12/08/2016;13:59:00;151;sem vítima;207,69;BR-101/RJ;Sul;Colisão Transversal;2;;;;;;;;;;2;;;;
15/02/2016;00:06:00;1;com vítima;208;BR-101/RJ;Norte;Saida de Pista;;;1;;;;;;;;0;1;;;
27/03/2016;18:09:00;168;sem vítima;208;BR-101/RJ;Sul;Engavetamento;3;;;;;;;;;;9;;;;
07/04/2016;19:34:00;203;com vítima;208,15;BR-101/RJ;Norte;Atropelamento - Morador;;;;;1;;;;;;1;;;;1
22/05/2016;03:12:00;10;sem vítima;208,168;BR-101/RJ;Sul;Atropelamento - Animal;1;;;;;;;;;;0;;;;
30/05/2016;21:29:00;203;sem vítima;209;BR-101/RJ;Sul;Choque - Talude;1;;;;;;;;;;3;;;;
15/02/2016;18:29:00;224;com vítima;209,6;BR-101/RJ;Sul;Colisão Frontal;2;;;;;;;;;;0;;;1;2
31/07/2016;18:03:00;148;com vítima;209,6;BR-101/RJ;Norte;Colisão Frontal;1;;1;;;;;;;;1;1;2;1;1
09/06/2016;01:28:00;9;sem vítima;209,75;BR-101/RJ;Norte;Choque - Defensa, barreira ou "submarino";1;;;;;;;;;;2;;;;
15/01/2016;18:08:00;207;com vítima;210;BR-101/RJ;Norte;Engavetamento;1;;3;;;;;;;;5;;;1;
18/01/2016;08:14:00;55;sem vítima;210;BR-101/RJ;Norte;Choque - Defensa, barreira ou "submarino";1;;;;;;;;;;1;;;;
31/08/2016;20:12:00;200;com vítima;210,117;BR-101/RJ;Sul;Tombamento;;;1;;;;;;;;3;1;;;
18/06/2016;22:19:00;189;sem vítima;211;BR-101/RJ;Norte;Choque - Defensa, barreira ou "submarino";1;;;;;;;;;;4;;;;
01/04/2016;12:24:00;140;sem vítima;211,3;BR-101/RJ;Norte;Colisão Traseira;1;;1;;;;;;;;2;;;;
26/02/2016;11:24:00;106;sem vítima;212,8;BR-101/RJ;Norte;Tombamento;;;;;;;;;;1;2;;;;
14/01/2016;18:20:00;217;sem vítima;213;BR-101/RJ;Norte;Tombamento;1;;;;;;;;;;4;;;;
19/07/2016;04:56:00;23;sem vítima;213;BR-101/RJ;Norte;Tombamento;1;;;;;;;;;;2;;;;
16/01/2016;13:49:00;119;sem vítima;214;BR-101/RJ;Sul;Capotamento;1;;;;;;;;;;5;;;;
21/02/2016;14:12:00;83;sem vítima;214;BR-101/RJ;Sul;Queda de Moto;;;;1;;;;;;;1;;;;
12/03/2016;16:30:00;169;sem vítima;214;BR-101/RJ;Sul;Choque - Talude;1;;;;;;;;;;2;;;;
10/04/2016;19:17:00;159;sem vítima;214;BR-101/RJ;Sul;Engavetamento;3;;;;;;;;;;10;;;;
13/05/2016;09:58:00;111;sem vítima;214;BR-101/RJ;Sul;Colisão Traseira;2;;;;;;;;;;2;;;;
14/08/2016;10:19:00;55;sem vítima;214;BR-101/RJ;Norte;Colisão Transversal;1;;;1;;;;;;;2;;;;
13/05/2016;17:04:00;198;sem vítima;214,5;BR-101/RJ;Norte;Colisão Transversal;3;;;;;;;;;;6;;;;
07/02/2016;16:54:00;147;com vítima;215;BR-101/RJ;Sul;Colisão Traseira;1;;1;;;;;;;;1;1;;;
18/02/2016;00:32:00;2;sem vítima;215;BR-101/RJ;Sul;Saida de Pista;1;;;;;;;;;;2;;;;
29/02/2016;13:24:00;130;sem vítima;215;BR-101/RJ;Norte;Saida de Pista;1;;;;;;;;;;1;;;;
05/06/2016;07:42:00;31;com vítima;215;BR-101/RJ;Sul;Choque - Talude;1;;;;;;;;;;0;1;;;
11/07/2016;17:18:00;215;sem vítima;215;BR-101/RJ;Norte;Colisão Traseira;2;;;;;;;;;;2;;;;
27/06/2016;11:30:00;105;sem vítima;215,633;BR-101/RJ;Sul;Colisão Traseira;1;;;;;;;;;1;5;;;;
07/02/2016;17:05:00;149;com vítima;215,8;BR-101/RJ;Sul;Saida de Pista;1;;;;;;;;;;3;1;;;
12/07/2016;18:21:00;203;sem vítima;215,8;BR-101/RJ;Norte;Colisão Traseira;1;;;;;1;;;;;3;;;;
05/01/2016;11:50:00;102;sem vítima;216;BR-101/RJ;Norte;Engavetamento;3;;;;;;;;;;11;;;;
05/01/2016;12:26:00;114;sem vítima;216;BR-101/RJ;Norte;Colisão Traseira;1;;;;;1;;;;;3;;;;
09/03/2016;14:33:00;148;com vítima;216;BR-101/RJ;Sul;Engavetamento;3;;;;;;;;;;3;2;;;
24/03/2016;01:55:00;15;sem vítima;216;BR-101/RJ;Sul;Tombamento;;;1;;;;;;;;1;;;;
20/05/2016;14:27:00;153;com vítima;216;BR-101/RJ;Norte;Colisão Traseira;;;1;;;1;;;;;2;1;;;
30/05/2016;11:59:00;108;com vítima;217;BR-101/RJ;Sul;Colisão Lateral;2;;;;;;;;;;2;1;;;
23/07/2016;18:27:00;170;sem vítima;217,519;BR-101/RJ;Norte;Choque - Defensa, barreira ou "submarino";1;;;;;;;;;;1;;;;
22/08/2016;12:52:00;135;com vítima;217,542;BR-101/RJ;Norte;Colisão Frontal;3;;;;;;;;;;0;10;;;
09/03/2016;14:12:00;143;sem vítima;218;BR-101/RJ;Sul;Choque - Outros;1;;;;;;;;;;2;;;;
28/04/2016;12:18:00;117;sem vítima;218;BR-101/RJ;Sul;Objeto lançado contra veículo;1;;1;;;;;;;;3;;;;
04/07/2016;03:17:00;17;sem vítima;218;BR-101/RJ;Sul;Atropelamento - Animal;1;;;;;;;;;;1;;;;
04/07/2016;03:17:00;16;sem vítima;218,156;BR-101/RJ;Norte;Atropelamento - Animal;;;1;;;;;;;;1;;;;
19/08/2016;00:22:00;3;com vítima;218,3;BR-101/RJ;Sul;Colisão Frontal;2;;1;;;;;;;;1;4;;;
06/02/2016;04:17:00;52;com vítima;219;BR-101/RJ;Norte;Atropelamento - Usuário;;;;;1;;;;;;1;;1;;
30/07/2016;15:06:00;95;sem vítima;219;BR-101/RJ;Norte;Choque - Outros;1;;;;;;;;;;3;;;;
08/02/2016;05:22:00;24;com vítima;220;BR-101/RJ;Sul;Colisão Lateral;;;;1;;;;;;;0;1;1;;
19/04/2016;20:34:00;237;com vítima;220;BR-101/RJ;Norte;Choque - Outros;1;;;;;;;;;;0;3;;;
07/08/2016;21:56:00;206;com vítima;220;BR-101/RJ;Norte;Colisão Frontal;;;;1;;1;;;;;1;;;1;
20/04/2016;00:42:00;5;sem vítima;220,604;BR-101/RJ;Norte;Colisão Frontal;;;1;;1;;;;;;2;;;;
07/06/2016;01:03:00;2;sem vítima;221;BR-101/RJ;Sul;Tombamento;;;1;;;;;;;;1;;;;
19/06/2016;16:24:00;131;sem vítima;221;BR-101/RJ;Sul;Colisão Lateral;1;;;;;;;;;1;3;;;;
09/01/2016;11:50:00;114;com vítima;221,703;BR-101/RJ;Sul;Colisão Frontal;2;;1;;;;;;;;3;2;;;
18/03/2016;00:05:00;1;sem vítima;221,9;BR-101/RJ;Sul;Saida de Pista;;;1;;;;;;;;2;;;;
25/07/2016;05:51:00;34;com vítima;222,17;BR-101/RJ;Norte;Atropelamento - Animal;;;;1;;;;;;;0;2;;;
25/07/2016;06:07:00;36;sem vítima;222,17;BR-101/RJ;Norte;Atropelamento - Animal;;;1;;;;;;;;1;;;;
27/03/2016;01:37:00;12;sem vítima;222,8;BR-101/RJ;Sul;Saida de Pista;1;;;;;;;;;;4;;;;
08/04/2016;14:35:00;166;sem vítima;222,8;BR-101/RJ;Sul;Colisão Lateral;1;;1;;;;;;;;2;;;;
01/01/2016;17:11:00;152;sem vítima;223;BR-101/RJ;Norte;Saida de Pista;1;;;;;;;;;;2;;;;
21/06/2016;03:28:00;17;sem vítima;223,257;BR-101/RJ;Sul;Choque - Elemento de Drenagem;1;;;;;;;;;;3;;;;
08/04/2016;13:25:00;150;com vítima;223,522;BR-101/RJ;Norte;Colisão Transversal;2;;;;;;;;;;2;1;1;;
15/01/2016;16:14:00;178;sem vítima;224;BR-101/RJ;Sul;Saida de Pista;1;;;;;;;;;;1;;;;
16/01/2016;08:28:00;60;sem vítima;224,2;BR-101/RJ;Sul;Saida de Pista;1;;;;;;;;;;1;;;;
12/05/2016;07:29:00;44;com vítima;225;BR-101/RJ;Norte;Choque - Outros;1;;;;;;;;;;2;2;;;
26/08/2016;08:46:00;80;sem vítima;225,207;BR-101/RJ;Sul;Colisão Traseira;2;;;;;;;;;;6;;;;
22/01/2016;16:09:00;182;sem vítima;225,436;BR-101/RJ;Norte;Tombamento;1;;;;;;;;;;1;;;;
02/02/2016;18:22:00;196;com vítima;225,606;BR-101/RJ;Norte;Capotamento;1;;;;;;;;;;1;1;;;
07/06/2016;15:40:00;136;sem vítima;226;BR-101/RJ;Sul;Choque - Outros;1;;;;;;;;;;1;;;;
16/08/2016;12:49:00;169;sem vítima;226,512;BR-101/RJ;Norte;Colisão Traseira;;;2;;;;;;;;2;;;;
19/01/2016;10:39:00;55;com vítima;227;BR-101/RJ;Sul;Saida de Pista;;;1;;;;;;;;2;1;;;
08/06/2016;00:22:00;1;sem vítima;227,188;BR-101/RJ;Norte;Colisão Transversal;1;;1;;;;;;;;4;;;;
21/03/2016;02:03:00;11;com vítima;227,85;BR-101/RJ;Norte;Choque - Outros;;;1;;;;;;;;0;;1;;
20/06/2016;13:24:00;132;sem vítima;227,95;BR-101/RJ;Sul;Choque - Elemento de Drenagem;1;;;;;;;;;;1;;;;
02/06/2016;10:16:00;82;sem vítima;228;BR-101/RJ;Sul;Colisão Traseira;2;;;;;;;;;;2;;;;
03/07/2016;05:00:00;18;sem vítima;228;BR-101/RJ;Norte;Choque - Talude;1;;;;;;;;;;1;;;;
04/05/2016;16:55:00;157;com vítima;228,165;BR-101/RJ;Sul;Colisão Transversal;;;1;1;;;;;;;1;;;;1
06/01/2016;10:27:00;100;sem vítima;229;BR-101/RJ;Sul;Atropelamento - Animal;1;;;;;;;;;;5;;;;
02/02/2016;07:51:00;58;sem vítima;229;BR-101/RJ;Sul;Choque - Suporte de Sinalização;1;;;;;;;;;;1;;;;
05/03/2016;02:50:00;23;com vítima;229;BR-101/RJ;Sul;Queda de Moto;;;;1;;;;;;;0;2;;;
24/03/2016;21:37:00;248;sem vítima;229;BR-101/RJ;Sul;Saida de Pista;1;;;;;;;;;;1;;;;
01/04/2016;17:53:00;195;sem vítima;229;BR-101/RJ;Sul;Capotamento;1;;;;;;;;;;1;;;;
03/04/2016;04:47:00;21;sem vítima;229;BR-101/RJ;Sul;Saida de Pista;1;;;;;;;;;;1;;;;
03/04/2016;22:38:00;199;sem vítima;229;BR-101/RJ;Sul;Saida de Pista;1;;;;;;;;;;2;;;;
15/04/2016;20:13:00;192;sem vítima;229;BR-101/RJ;Norte;Colisão Traseira;1;;;;;1;;;;;4;;;;
25/04/2016;22:57:00;226;sem vítima;229;BR-101/RJ;Norte;Choque - Outros;1;;;;;;;;;;1;;;;
13/05/2016;05:32:00;21;sem vítima;229;BR-101/RJ;Sul;Capotamento;1;;;;;;;;;;2;;;;
13/05/2016;17:47:00;207;sem vítima;229;BR-101/RJ;Sul;Saida de Pista;1;;;;;;;;;;1;;;;
13/05/2016;18:00:00;213;sem vítima;229;BR-101/RJ;Sul;Saida de Pista;1;;;;;;;;;;1;;;;
24/03/2016;00:47:00;4;sem vítima;229,5;BR-101/RJ;Sul;Saida de Pista;;;1;;;;;;;;1;;;;
28/04/2016;23:14:00;203;com vítima;229,6;BR-101/RJ;Sul;Tombamento;;;1;;;;;;;;0;1;;;
23/02/2016;21:13:00;227;sem vítima;230;BR-101/RJ;Norte;Saida de Pista;1;;;;;;;;;;2;;;;
29/02/2016;20:45:00;236;sem vítima;230;BR-101/RJ;Norte;Colisão Lateral;1;;1;;;;;;;;2;;;;
01/03/2016;01:14:00;10;sem vítima;230;BR-101/RJ;Norte;Saida de Pista;;;;;;;;;;1;1;;;;
01/03/2016;03:18:00;21;sem vítima;230;BR-101/RJ;Norte;Saida de Pista;1;;;;;;;;;;3;;;;
24/03/2016;18:24:00;210;sem vítima;230;BR-101/RJ;Sul;Saida de Pista;1;;;;;;;;;;3;;;;
19/04/2016;15:01:00;176;sem vítima;230;BR-101/RJ;Sul;Colisão Traseira;1;;;;;;;;;1;6;;;;
27/04/2016;09:12:00;86;sem vítima;230;BR-101/RJ;Norte;Colisão Traseira;2;;;;;;;;;;2;;;;
02/01/2016;11:50:00;95;com vítima;230,3;BR-101/RJ;Norte;Colisão Frontal;1;;1;;;;;;;;2;;1;1;1
01/04/2016;14:02:00;150;com vítima;230,5;BR-101/RJ;Norte;Capotamento;1;;;;;;;;;;2;;;1;
12/01/2016;18:19:00;169;sem vítima;231;BR-101/RJ;Norte;Saida de Pista;1;;;;;;;;;;1;;;;
28/02/2016;19:02:00;154;com vítima;231;BR-101/RJ;Sul;Choque - Defensa, barreira ou "submarino";1;;;;;;;;;;3;1;;;
15/03/2016;16:26:00;164;sem vítima;231;BR-101/RJ;Sul;Capotamento;;;;;;;;;;1;1;;;;
27/03/2016;15:06:00;108;sem vítima;231;BR-101/RJ;Norte;Saida de Pista;1;;;;;;;;;;1;;;;
06/04/2016;10:43:00;95;sem vítima;231;BR-101/RJ;Sul;Colisão Traseira;1;;;;;1;;;;;2;;;;
15/04/2016;09:08:00;71;com vítima;231;BR-101/RJ;Sul;Colisão Traseira;2;;;;;1;;;;;7;;1;;
25/04/2016;07:26:00;51;sem vítima;231;BR-101/RJ;Sul;Colisão Traseira;1;;;;;1;;;;;2;;;;
16/03/2016;03:19:00;14;com vítima;231,8;BR-101/RJ;Norte;Tombamento;;;1;;;;;;;;0;1;;;
04/03/2016;09:41:00;86;sem vítima;232;BR-101/RJ;Sul;Colisão Traseira;2;;;;;;;;;;5;;;;
29/03/2016;01:39:00;9;sem vítima;232;BR-101/RJ;Sul;Tombamento;;;1;;;;;;;;1;;;;
06/05/2016;19:15:00;201;sem vítima;233,775;BR-101/RJ;Sul;Colisão Traseira;1;;;;;1;;;;;1;;;;
24/05/2016;14:10:00;142;sem vítima;233,8;BR-101/RJ;Norte;Saida de Pista;;;;;;;;;;1;2;;;;
15/01/2016;19:02:00;222;sem vítima;234;BR-101/RJ;Norte;Choque - Talude;1;;;;;;;;;;2;;;;
06/05/2016;20:46:00;214;sem vítima;234;BR-101/RJ;Sul;Colisão Traseira;2;;;;;;;;;;7;;;;
30/07/2016;16:30:00;117;com vítima;234,8;BR-101/RJ;Sul;Colisão Traseira;2;;1;;;;;;;1;2;1;;;4
14/08/2016;10:15:00;53;com vítima;235;BR-101/RJ;Norte;Queda de Moto;;;;1;;;;;;;0;2;;;
21/05/2016;10:02:00;59;com vítima;235,842;BR-101/RJ;Sul;Engavetamento;4;;;;;;;;;;8;2;;;
21/05/2016;10:02:00;56;sem vítima;235,943;BR-101/RJ;Sul;Colisão Traseira;2;;;;;;;;;;4;;;;
05/01/2016;10:12:00;77;sem vítima;236;BR-101/RJ;Sul;Colisão Transversal;2;;;;;;;;;;6;;;;
29/01/2016;20:05:00;215;com vítima;236;BR-101/RJ;Sul;Colisão Transversal;2;;;;;;;;;;6;1;;;
02/02/2016;10:14:00;108;com vítima;236;BR-101/RJ;Norte;Choque - Suporte de Sinalização;1;;;;;;;;;;1;1;;;
03/02/2016;08:49:00;71;com vítima;236;BR-101/RJ;Norte;Colisão Frontal;2;;;;;;;;;;2;2;;;
09/03/2016;14:37:00;149;com vítima;236;BR-101/RJ;Norte;Colisão Traseira;;;1;1;;;;;;;1;;1;;
29/03/2016;18:20:00;200;com vítima;236;BR-101/RJ;Norte;Colisão Transversal;1;;;;;;;;;1;4;3;1;;
21/04/2016;08:07:00;62;sem vítima;236;BR-101/RJ;Norte;Colisão Transversal;2;;;;;;;;;;7;;;;
13/05/2016;14:25:00;169;sem vítima;236;BR-101/RJ;Sul;Colisão Lateral;2;;;;;;;;;;2;;;;
18/06/2016;21:24:00;180;sem vítima;236;BR-101/RJ;Sul;Colisão Lateral;;;;;;;;;;2;7;;;;
17/07/2016;20:12:00;163;com vítima;236;BR-101/RJ;Norte;Queda de Moto;;;;1;;;;;;;0;1;;;
08/02/2016;20:54:00;176;com vítima;236,396;BR-101/RJ;Sul;Colisão Traseira;1;;;;;1;;;;;1;1;;;
14/05/2016;07:17:00;50;com vítima;236,678;BR-101/RJ;Sul;Colisão Transversal;2;;;;;;;;;;0;;1;1;
30/07/2016;06:49:00;26;com vítima;236,731;BR-101/RJ;Norte;Colisão Transversal;2;;;;;;;;;;1;4;;;
16/01/2016;06:56:00;44;sem vítima;237;BR-101/RJ;Sul;Choque - Defensa, barreira ou "submarino";1;;;;;;;;;;1;;;;
19/01/2016;18:51:00;154;sem vítima;237;BR-101/RJ;Sul;Choque - Defensa, barreira ou "submarino";1;;;;;;;;;;1;;;;
03/02/2016;10:59:00;101;sem vítima;237;BR-101/RJ;Norte;Engavetamento;5;;1;;;;;;;;9;;;;
16/02/2016;17:36:00;176;com vítima;237;BR-101/RJ;Norte;Colisão Traseira;;1;;;;1;;;;;1;1;;;
28/06/2016;10:03:00;106;sem vítima;237;BR-101/RJ;Sul;Colisão Traseira;2;;;;;;;;;;6;;;;
12/07/2016;20:50:00;225;com vítima;237;BR-101/RJ;Norte;Choque - Defensa, barreira ou "submarino";;;;1;;;;;;;0;2;;;
24/07/2016;19:10:00;187;com vítima;237;BR-101/RJ;Norte;Queda de Moto;;;;1;;;;;;;0;2;;;
12/08/2016;07:03:00;43;sem vítima;237;BR-101/RJ;Norte;Atropelamento de Animal;;;;;;;;;;1;1;;;;
03/04/2016;22:27:00;197;com vítima;237,1;BR-101/RJ;Sul;Colisão Frontal;2;;;;;;;;;;1;1;;;
12/08/2016;16:01:00;174;sem vítima;237,635;BR-101/RJ;Sul;Engavetamento;2;;2;;;;;;;;6;;;;
05/05/2016;02:04:00;14;sem vítima;237,892;BR-101/RJ;Norte;Choque - Defensa, barreira ou "submarino";1;;;;;;;;;;2;;;;
02/02/2016;09:01:00;86;sem vítima;238;BR-101/RJ;Sul;Colisão Transversal;1;;1;;;;;;;;3;;;;
08/02/2016;00:50:00;5;com vítima;238;BR-101/RJ;Sul;Choque - Defensa, barreira ou "submarino";1;;;;;;;;;;1;1;;;
12/03/2016;13:16:00;129;sem vítima;238;BR-101/RJ;Norte;Choque - Defensa, barreira ou "submarino";1;;;;;;;;;;2;;;;
12/03/2016;14:56:00;146;com vítima;238;BR-101/RJ;Norte;Colisão Lateral;;;1;;1;;;;;1;23;1;;;
12/03/2016;15:48:00;154;sem vítima;238;BR-101/RJ;Norte;Colisão Traseira;2;;;;;;;;;;6;;;;
18/03/2016;16:10:00;170;sem vítima;238;BR-101/RJ;Sul;Choque - Defensa, barreira ou "submarino";1;;;;;;;;;;3;;;;