data;horario;n_da_ocorrencia;tipo_de_ocorrencia;km;trecho;sentido;tipo_de_acidente;automovel;bicicleta;caminhao;moto;onibus;outros;tracao_animal;transporte_de_cargas_especiais;trator_maquinas;utilitarios;ilesos;levemente_feridos;moderadamente_feridos;gravemente_feridos;mortos
24/04/2016;21:58:00;224;sem vítima;238;BR-101/RJ;Norte;Choque - Defensa, barreira ou "submarino";1;;;;;;;;;;1;;;;
17/07/2016;18:28:00;141;sem vítima;238;BR-101/RJ;Norte;Engavetamento;3;;;;;;;;;;15;;;;
13/04/2016;18:18:00;179;com vítima;238,402;BR-101/RJ;Norte;Colisão Traseira;;1;;;;;;;;1;2;;;;1
11/07/2016;20:10:00;240;com vítima;238,7;BR-101/RJ;Norte;Colisão Frontal;;;1;1;;;;;;;2;;;1;
24/07/2016;17:33:00;163;sem vítima;238,944;BR-101/RJ;Norte;Colisão Traseira;2;;;;;;;;;;2;;;;
18/02/2016;14:46:00;154;sem vítima;239;BR-101/RJ;Norte;Choque - Defensa, barreira ou "submarino";1;;;;;;;;;;1;;;;
27/06/2016;07:42:00;48;sem vítima;239;BR-101/RJ;Sul;Colisão Lateral;;;2;;;;;;;;2;;;;
06/07/2016;19:05:00;179;com vítima;239;BR-101/RJ;Sul;Choque - Outros;;1;;;;;;;;;0;1;;;
11/07/2016;06:15:00;34;sem vítima;239;BR-101/RJ;Sul;Colisão Lateral;1;;;;;1;;;;;3;;;;
24/07/2016;18:46:00;181;sem vítima;239;BR-101/RJ;Sul;Choque - Defensa, barreira ou "submarino";1;;;;;;;;;;1;;;;
14/08/2016;18:36:00;137;sem vítima;239;BR-101/RJ;Norte;Choque - Defensa, barreira ou "submarino";1;;;;;;;;;;1;;;;
15/08/2016;19:09:00;222;com vítima;239;BR-101/RJ;Norte;Choque - Suporte de Sinalização;;;;1;;;;;;;0;;;1;
26/08/2016;13:39:00;153;sem vítima;239,4;BR-101/RJ;Sul;Choque - Defensa, barreira ou "submarino";1;;;;;;;;;;1;;;;
02/01/2016;09:52:00;68;sem vítima;239,5;BR-101/RJ;Sul;Colisão Traseira;2;;;;;;;;;;3;;;;
18/08/2016;23:41:00;252;sem vítima;239,5;BR-101/RJ;Sul;Tombamento;1;;;;;1;;;;;3;;;;
16/01/2016;21:09:00;200;sem vítima;240;BR-101/RJ;Norte;Saida de Pista;;;1;;;;;;;;1;;;;
30/01/2016;11:53:00;132;sem vítima;240;BR-101/RJ;Sul;Colisão Traseira;1;;1;;;;;;;;4;;;;
04/03/2016;19:09:00;223;sem vítima;240;BR-101/RJ;Norte;Colisão Transversal;2;;;;;;;;;;4;;;;
28/06/2016;12:23:00;136;sem vítima;240;BR-101/RJ;Norte;Colisão Lateral;1;;1;;;;;;;;2;;;;
11/08/2016;11:12:00;121;sem vítima;240;BR-101/RJ;Norte;Colisão Traseira;2;;;;;;;;;;6;;;;
30/08/2016;10:37:00;125;sem vítima;241;BR-101/RJ;Norte;Colisão Traseira;1;;1;;;;;;;;6;;;;
08/06/2016;23:06:00;179;sem vítima;241,715;BR-101/RJ;Norte;Choque - Defensa, barreira ou "submarino";1;;;;;;;;;;1;;;;
25/04/2016;03:50:00;23;sem vítima;241,723;BR-101/RJ;Sul;Tombamento;;;1;;;;;;;;1;;;;
03/04/2016;12:54:00;98;com vítima;241,9;BR-101/RJ;Sul;Colisão Traseira;;;;1;;;;;;1;1;1;;;
10/04/2016;21:58:00;181;sem vítima;242;BR-101/RJ;Sul;Choque - Defensa, barreira ou "submarino";1;;;;;;;;;;3;;;;
28/06/2016;17:50:00;195;sem vítima;242;BR-101/RJ;Norte;Colisão Traseira;1;;1;;;;;;;;2;;;;
02/08/2016;17:22:00;193;com vítima;242;BR-101/RJ;Norte;Colisão Traseira;;;;2;;;;;;;0;3;;;
15/08/2016;08:43:00;71;sem vítima;242;BR-101/RJ;Sul;Saida de Pista;;;;;1;;;;;;2;;;;
16/04/2016;18:40:00;169;com vítima;242,5;BR-101/RJ;Sul;Choque - Defensa, barreira ou "submarino";1;;;;;;;;;;3;1;;;
04/01/2016;11:46:00;134;sem vítima;243;BR-101/RJ;Sul;Colisão Traseira;2;;;;;;;;;;6;;;;
20/01/2016;11:07:00;76;com vítima;243;BR-101/RJ;Norte;Colisão Transversal;2;;;;;;;;;;1;1;;;
22/01/2016;19:04:00;225;sem vítima;243;BR-101/RJ;Sul;Colisão Traseira;2;;;;;;;;;;2;;;;
04/02/2016;21:24:00;276;sem vítima;243;BR-101/RJ;Sul;Choque - Defensa, barreira ou "submarino";;;1;;;;;;;;1;;;;
07/02/2016;09:15:00;51;sem vítima;243;BR-101/RJ;Norte;Colisão Transversal;2;;;;;;;;;;6;;;;
11/03/2016;06:01:00;20;sem vítima;243;BR-101/RJ;Norte;Colisão Lateral;;;2;;;;;;;;4;;;;
21/04/2016;12:30:00;125;com vítima;243;BR-101/RJ;Norte;Capotamento;1;;;;;;;;;;0;1;;;
12/06/2016;02:55:00;12;sem vítima;243;BR-101/RJ;Norte;Capotamento;1;;;;;;;;;;2;;;;
28/06/2016;21:32:00;224;sem vítima;243;BR-101/RJ;Norte;Saida de Pista;1;;;;;;;;;;2;;;;
16/07/2016;22:14:00;217;com vítima;243;BR-101/RJ;Sul;Queda de Moto;;;;1;;;;;;;0;;1;;
15/08/2016;14:16:00;153;com vítima;243;BR-101/RJ;Norte;Queda de Moto;;;;1;;;;;;;0;2;;;
15/08/2016;16:06:00;181;com vítima;243;BR-101/RJ;Norte;Tombamento;1;;;;;;;;;;1;1;;;
28/08/2016;07:31:00;34;sem vítima;243;BR-101/RJ;Norte;Saida de Pista;1;;;;;;;;;;1;;;;
04/08/2016;01:48:00;10;com vítima;243,153;BR-101/RJ;Norte;Colisão Frontal;;;1;1;;;;;;;1;;1;;
15/05/2016;00:25:00;6;sem vítima;243,343;BR-101/RJ;Norte;Colisão Transversal;2;;;;;;;;;;3;;;;
02/05/2016;00:15:00;206;com vítima;243,6;BR-101/RJ;Sul;Atropelamento - Animal;1;;1;;;;;;;;3;2;;;
05/02/2016;16:59:00;221;com vítima;244;BR-101/RJ;Norte;Colisão Frontal;;;2;;;;;;;;0;1;;;2
18/06/2016;22:08:00;185;sem vítima;244;BR-101/RJ;Sul;Colisão Transversal;2;;;;;;;;;;3;;;;
29/02/2016;07:02:00;31;sem vítima;244,9;BR-101/RJ;Sul;Colisão Lateral;2;;;;;;;;;;2;;;;
05/02/2016;01:12:00;12;com vítima;245;BR-101/RJ;Norte;Engavetamento;2;;1;;;;;;;;5;3;;;
28/04/2016;21:33:00;194;sem vítima;245;BR-101/RJ;Norte;Colisão Traseira;1;;;;;1;;;;;3;;;;
16/06/2016;06:21:00;23;com vítima;245;BR-101/RJ;Sul;Atropelamento - Andarilho;;;;;;1;;;;;1;;1;;
10/01/2016;09:07:00;57;com vítima;245,338;BR-101/RJ;Norte;Saida de Pista;1;;;;;;;;;;1;1;2;;
10/07/2016;23:21:00;182;sem vítima;245,503;BR-101/RJ;Norte;Saida de Pista;1;;;;;;;;;;4;;;;
21/06/2016;11:25:00;125;com vítima;245,6;BR-101/RJ;Sul;Colisão Transversal;;;;1;;;;;;1;1;;;;1
16/08/2016;07:08:00;46;sem vítima;245,83;BR-101/RJ;Norte;Capotamento;;;;;;;;;;1;1;;;;
22/04/2016;07:12:00;44;com vítima;246;BR-101/RJ;Norte;Colisão Traseira;2;;;;;;;;;;1;1;1;;
28/05/2016;12:19:00;78;sem vítima;247;BR-101/RJ;Norte;Colisão Lateral;1;;;;;1;;;;;3;;;;
28/06/2016;18:12:00;198;sem vítima;247,14;BR-101/RJ;Norte;Engavetamento;1;;3;;;;;;;;7;;;;
20/04/2016;03:02:00;22;sem vítima;247,353;BR-101/RJ;Norte;Choque - Defensa, barreira ou "submarino";1;;;;;;;;;;2;;;;
15/02/2016;00:30:00;6;sem vítima;247,5;BR-101/RJ;Sul;Atropelamento - Animal;;;1;;;;;;;;1;;;;
23/05/2016;17:20:00;160;sem vítima;248,024;BR-101/RJ;Sul;Colisão Lateral;;;1;;;;;;;1;4;;;;
11/05/2016;09:57:00;85;com vítima;248,3;BR-101/RJ;Sul;Colisão Transversal;2;;;;;;;;;;2;1;;;1
19/08/2016;08:13:00;82;sem vítima;248,5;BR-101/RJ;Sul;Colisão Frontal;;;1;;;1;;;;;2;;;;
29/07/2016;16:41:00;171;com vítima;249;BR-101/RJ;Norte;Colisão Transversal;1;;;;;1;;;;;2;1;;;
19/06/2016;22:54:00;176;com vítima;249,171;BR-101/RJ;Sul;Tombamento;;;1;;;;;;;;0;1;;;
10/04/2016;00:29:00;2;com vítima;249,354;BR-101/RJ;Norte;Queda de Moto;;;;1;;;;;;;0;1;;;
26/01/2016;23:40:00;266;sem vítima;249,581;BR-101/RJ;Sul;Saida de Pista;;;1;;;;;;;;4;;;;
04/01/2016;10:08:00;111;sem vítima;250;BR-101/RJ;Norte;Choque - Suporte de Sinalização;1;;;;;;;;;;2;;;;
03/02/2016;09:40:00;87;sem vítima;252;BR-101/RJ;Norte;Choque - Suporte de Sinalização;;;1;;;;;;;;1;;;;
05/02/2016;19:42:00;254;sem vítima;252;BR-101/RJ;Norte;Colisão Lateral;1;;1;;;;;;;;2;;;;
18/02/2016;13:26:00;137;sem vítima;252;BR-101/RJ;Norte;Colisão Traseira;;;2;;;;;;;;2;;;;
01/03/2016;01:45:00;14;sem vítima;252;BR-101/RJ;Norte;Saida de Pista;1;;;;;1;;;;;3;;;;
01/03/2016;09:42:00;111;com vítima;252;BR-101/RJ;Sul;Capotamento;;;1;;;;;;;;1;2;;;
01/03/2016;13:00:00;165;sem vítima;252;BR-101/RJ;Sul;Colisão Traseira;;;1;;;1;;;;;2;;;;
04/03/2016;11:44:00;115;com vítima;252;BR-101/RJ;Norte;Engavetamento;2;;1;;;;;;;;3;3;;;
25/03/2016;23:17:00;186;sem vítima;252;BR-101/RJ;Sul;Colisão Traseira;1;;;;;1;;;;;4;;;;
30/03/2016;23:37:00;206;sem vítima;252;BR-101/RJ;Sul;Choque - Defensa, barreira ou "submarino";1;;;;;;;;;;1;;;;
01/04/2016;15:34:00;158;sem vítima;252;BR-101/RJ;Norte;Colisão Traseira;1;;1;;;;;;;;5;;;;
09/04/2016;13:55:00;116;sem vítima;252;BR-101/RJ;Norte;Colisão Traseira;1;;1;;;;;;;;2;;;;
29/04/2016;11:32:00;90;sem vítima;252;BR-101/RJ;Sul;Colisão Traseira;;;2;;;;;;;;3;;;;
10/05/2016;18:42:00;207;com vítima;252;BR-101/RJ;Sul;Colisão Traseira;2;;;;;;;;;;3;1;;;
01/08/2016;12:45:00;138;sem vítima;252;BR-101/RJ;Sul;Colisão Traseira;1;;;;;;;;;1;4;;;;
21/08/2016;16:45:00;129;sem vítima;252;BR-101/RJ;Sul;Choque - Defensa, barreira ou "submarino";1;;;;;;;;;;4;;;;
15/07/2016;11:01:00;105;sem vítima;252,262;BR-101/RJ;Sul;Choque - Outros;;;1;;;;;;;;1;;;;
10/02/2016;01:06:00;9;sem vítima;252,3;BR-101/RJ;Sul;Choque - Cancela de Pedagio;1;;;;;;;;;;1;;;;
10/04/2016;22:20:00;185;sem vítima;252,3;BR-101/RJ;Norte;Colisão Traseira;1;;;;;1;;;;;5;;;;
04/06/2016;21:53:00;172;com vítima;253;BR-101/RJ;Sul;Choque - Suporte de Sinalização;1;;;;;;;;;;1;2;;;
22/08/2016;19:16:00;226;com vítima;253;BR-101/RJ;Sul;Atropelamento de Animal;1;;;;;;;;;;0;1;;;
07/07/2016;01:17:00;7;com vítima;253,298;BR-101/RJ;Norte;Colisão Transversal;1;;1;;;;;;;;4;4;;;
08/07/2016;08:34:00;72;sem vítima;253,793;BR-101/RJ;Norte;Colisão Traseira;1;;1;;;;;;;;4;;;;
02/05/2016;09:41:00;76;com vítima;254;BR-101/RJ;Norte;Colisão Traseira;1;;;;;1;;;;;2;1;;;
07/07/2016;15:05:00;143;com vítima;254;BR-101/RJ;Norte;Colisão Traseira;1;;;;1;;;;;;3;3;;;
16/06/2016;17:33:00;188;com vítima;254,45;BR-101/RJ;Norte;Queda de Moto;;;;1;;;;;;;0;2;;;
29/03/2016;04:45:00;22;sem vítima;254,5;BR-101/RJ;Sul;Choque - Defensa, barreira ou "submarino";1;;;;;;;;;;2;;;;
12/05/2016;11:36:00;119;sem vítima;254,5;BR-101/RJ;Norte;Colisão Frontal;2;;;;;;;;;;7;;;;
24/02/2016;16:51:00;165;com vítima;255;BR-101/RJ;Norte;Colisão Lateral;;;1;1;;;;;;;1;1;1;;
11/07/2016;00:27:00;5;sem vítima;255,683;BR-101/RJ;Norte;Capotamento;1;;;;;;;;;;1;;;;
21/06/2016;00:26:00;4;sem vítima;255,897;BR-101/RJ;Sul;Atropelamento - Animal;;;1;;;;;;;;1;;;;
26/01/2016;14:39:00;184;sem vítima;256;BR-101/RJ;Norte;Choque - Defensa, barreira ou "submarino";1;;;;;;;;;;2;;;;
10/02/2016;14:16:00;170;com vítima;256;BR-101/RJ;Norte;Queda de Moto;;;;1;;;;;;;0;1;;;
06/07/2016;06:08:00;21;sem vítima;256;BR-101/RJ;Sul;Choque - Suporte de Sinalização;;;1;;;;;;;;1;;;;
14/07/2016;06:23:00;29;com vítima;256;BR-101/RJ;Norte;Colisão Traseira;;;;;;1;;;;1;3;1;;;
07/08/2016;18:04:00;162;sem vítima;256;BR-101/RJ;Sul;Engavetamento;2;;;;;;;;;1;17;;;;
07/08/2016;18:04:00;167;sem vítima;256;BR-101/RJ;Norte;Colisão Traseira;2;;;;;;;;;;4;;;;
09/08/2016;18:47:00;202;sem vítima;256;BR-101/RJ;Sul;Atropelamento de Animal;1;;;;;;;;;;1;;;;
06/03/2016;20:21:00;174;com vítima;256,4;BR-101/RJ;Sul;Colisão Traseira;;;;2;;;;;;;0;1;1;;1
13/07/2016;18:38:00;187;com vítima;256,564;BR-101/RJ;Sul;Colisão Traseira;2;;;;;;;;;;2;3;;;
23/06/2016;17:40:00;187;com vítima;256,75;BR-101/RJ;Sul;Colisão Frontal;1;;1;;;;;;;;1;2;;;
19/03/2016;23:02:00;210;sem vítima;257;BR-101/RJ;Norte;Atropelamento - Ciclista;;1;;;;1;;;;;2;;;;
29/04/2016;22:15:00;188;sem vítima;257;BR-101/RJ;Norte;Tombamento;1;;;;;;;;;;1;;;;
06/05/2016;20:24:00;209;sem vítima;257;BR-101/RJ;Sul;Colisão Traseira;2;;;;;;;;;;3;;;;
06/01/2016;07:56:00;61;sem vítima;258;BR-101/RJ;Sul;Colisão Lateral;1;;;;1;;;;;;2;;;;
10/02/2016;09:59:00;104;com vítima;258;BR-101/RJ;Norte;Capotamento;1;;;;;;;;;;1;4;;;
19/03/2016;05:52:00;30;sem vítima;258;BR-101/RJ;Norte;Choque - Defensa, barreira ou "submarino";1;;;;;;;;;;1;;;;
19/03/2016;21:48:00;204;com vítima;258;BR-101/RJ;Sul;Queda de Moto;;;;1;;;;;;;0;2;;;
29/04/2016;21:36:00;184;sem vítima;258;BR-101/RJ;Norte;Tombamento;1;;;;;;;;;;2;;;;
28/08/2016;15:46:00;90;sem vítima;258,43;BR-101/RJ;Norte;Colisão Transversal;1;;;;;1;;;;;2;;;;
08/08/2016;01:57:00;16;sem vítima;258,5;BR-101/RJ;Norte;Choque - Talude;1;;;;;;;;;;1;;;;
07/05/2016;14:46:00;116;com vítima;258,522;BR-101/RJ;Norte;Colisão Traseira;3;;1;;;;;;;;9;1;2;2;2
15/06/2016;20:36:00;215;sem vítima;258,7;BR-101/RJ;Sul;Saida de Pista;1;;;;;;;;;;3;;;;
23/02/2016;12:26:00;134;sem vítima;259;BR-101/RJ;Norte;Colisão Traseira;2;;;;;;;;;;5;;;;
07/05/2016;04:56:00;17;com vítima;259;BR-101/RJ;Sul;Saida de Pista;1;;;;;;;;;;2;1;;;
21/08/2016;23:40:00;196;sem vítima;259,113;BR-101/RJ;Norte;Capotamento;1;;;;;;;;;;3;;;;
06/01/2016;09:16:00;82;com vítima;259,268;BR-101/RJ;Norte;Colisão Traseira;2;;;;;;;;;;3;1;;;
15/01/2016;10:45:00;116;com vítima;260;BR-101/RJ;Sul;Colisão Traseira;1;;;1;;;;;;;0;2;;;
25/01/2016;10:01:00;97;sem vítima;260;BR-101/RJ;Norte;Engavetamento;3;;;;;;;;;;3;;;;
04/02/2016;15:15:00;181;sem vítima;260;BR-101/RJ;Sul;Colisão Traseira;;;2;;;;;;;;2;;;;
08/04/2016;21:48:00;264;sem vítima;260;BR-101/RJ;Norte;Choque - Outros;1;;;;;;;;;;1;;;;
31/08/2016;18:29:00;182;sem vítima;260;BR-101/RJ;Sul;Colisão Traseira;2;;;;;;;;;;2;;;;
12/05/2016;03:48:00;16;sem vítima;260,011;BR-101/RJ;Sul;Choque - Objeto sobre a pista;1;;;;;;;;;;3;;;;
22/07/2016;16:41:00;154;com vítima;260,358;BR-101/RJ;Sul;Engavetamento;2;;;1;;;;;;;2;;1;;
31/08/2016;09:46:00;91;com vítima;260,438;BR-101/RJ;Sul;Colisão Traseira;2;;;;;;;;;;3;1;;;
20/05/2016;11:16:00;109;com vítima;260,5;BR-101/RJ;Norte;Colisão Frontal;1;;2;;;;;;;;3;;1;;
18/01/2016;19:00:00;187;sem vítima;261;BR-101/RJ;Sul;Choque - Defensa, barreira ou "submarino";;;;;;;;;;1;3;;;;
15/04/2016;15:12:00;143;sem vítima;261;BR-101/RJ;Norte;Colisão Lateral;1;;1;;;;;;;;3;;;;
24/04/2016;08:23:00;45;com vítima;261;BR-101/RJ;Sul;Queda de Moto;;;;1;;;;;;;1;1;;;
25/06/2016;18:56:00;167;sem vítima;261;BR-101/RJ;Sul;Choque - Elemento de Drenagem;1;;;;;;;;;;4;;;;
10/08/2016;18:18:00;164;com vítima;261;BR-101/RJ;Norte;Choque - Talude;1;;;;;;;;;;0;1;;;
12/04/2016;16:39:00;155;sem vítima;261,75;BR-101/RJ;Sul;Choque - Outros;1;;;;;;;;;;1;;;;
07/02/2016;06:16:00;28;sem vítima;261,8;BR-101/RJ;Sul;Choque - Outros;1;;;;;;;;;;1;;;;
18/02/2016;07:10:00;32;sem vítima;261,8;BR-101/RJ;Norte;Colisão Lateral;;;1;;1;;;;;;25;;;;
23/07/2016;08:44:00;67;com vítima;261,8;BR-101/RJ;Sul;Colisão Lateral;1;1;;;;1;;;;;6;1;;;
09/04/2016;06:49:00;32;sem vítima;261,89;BR-101/RJ;Norte;Colisão Traseira;1;;1;;;;;;;;3;;;;
27/03/2016;15:14:00;114;sem vítima;261,9;BR-101/RJ;Sul;Colisão Traseira;1;;;;;1;;;;;2;;;;
10/04/2016;16:42:00;115;com vítima;261,91;BR-101/RJ;Sul;Choque - Suporte de Sinalização;;;;1;;;;;;;0;1;;;
14/01/2016;17:04:00;195;sem vítima;262;BR-101/RJ;Norte;Colisão Traseira;2;;;;;;;;;;2;;;;
22/01/2016;10:00:00;85;sem vítima;262;BR-101/RJ;Norte;Colisão Transversal;1;;;;;1;;;;;2;;;;
23/01/2016;04:38:00;35;sem vítima;262;BR-101/RJ;Norte;Choque - Defensa, barreira ou "submarino";1;;;;;;;;;;1;;;;
05/02/2016;16:43:00;214;com vítima;262;BR-101/RJ;Norte;Queda de Moto;;;;1;;1;;;;;1;1;;;
26/02/2016;17:08:00;184;sem vítima;262;BR-101/RJ;Sul;Choque - Defensa, barreira ou "submarino";1;;;;;;;;;;2;;;;
17/03/2016;17:09:00;188;sem vítima;262;BR-101/RJ;Sul;Choque - Defensa, barreira ou "submarino";1;;;;;;;;;;1;;;;
08/04/2016;04:10:00;22;sem vítima;262;BR-101/RJ;Norte;Choque - Poste;1;;;;;;;;;;1;;;;
21/04/2016;12:43:00;126;sem vítima;262;BR-101/RJ;Norte;Colisão Traseira;2;;;;;;;;;;4;;;;
29/04/2016;19:29:00;172;sem vítima;262;BR-101/RJ;Norte;Choque - Defensa, barreira ou "submarino";1;;;;;;;;;;1;;;;
01/05/2016;06:10:00;27;sem vítima;262;BR-101/RJ;Norte;Choque - Elemento de Drenagem;1;;;;;;;;;;1;;;;
13/05/2016;16:12:00;189;com vítima;262;BR-101/RJ;Norte;Choque - Elemento de Drenagem;1;;;;;;;;;;3;1;;;
04/06/2016;22:55:00;178;com vítima;262;BR-101/RJ;Norte;Choque - Elemento de Drenagem;1;;;;;;;;;;4;1;;;
23/06/2016;19:23:00;203;com vítima;262;BR-101/RJ;Norte;Choque - Defensa, barreira ou "submarino";1;;;;;;;;;;0;2;;;
25/06/2016;14:54:00;126;sem vítima;262;BR-101/RJ;Sul;Choque - Elemento de Drenagem;1;;;;;;;;;;1;;;;
21/07/2016;19:05:00;171;sem vítima;262;BR-101/RJ;Norte;Choque - Defensa, barreira ou "submarino";1;;;;;;;;;;1;;;;
21/07/2016;21:17:00;193;sem vítima;262;BR-101/RJ;Norte;Choque - Defensa, barreira ou "submarino";1;;;;;;;;;;2;;;;
08/08/2016;21:19:00;217;sem vítima;262;BR-101/RJ;Norte;Choque - Defensa, barreira ou "submarino";1;;;;;;;;;;1;;;;
13/08/2016;16:13:00;131;com vítima;262;BR-101/RJ;Norte;Queda de Moto;;;;1;;;;;;;0;1;;;
23/08/2016;18:39:00;175;com vítima;262,093;BR-101/RJ;Norte;Queda de Moto;;;;1;;;;;;;0;;;;1
21/05/2016;15:06:00;93;sem vítima;262,1;BR-101/RJ;Norte;Choque - Defensa, barreira ou "submarino";;;;1;;;;;;;0;;;;
16/01/2016;16:41:00;151;com vítima;262,12;BR-101/RJ;Norte;Choque - Defensa, barreira ou "submarino";1;;;;;;;;;;0;1;;;
23/06/2016;13:37:00;138;com vítima;262,144;BR-101/RJ;Norte;Colisão Traseira;;;;1;;1;;;;;1;1;;;
21/05/2016;03:03:00;8;com vítima;262,233;BR-101/RJ;Norte;Choque - Defensa, barreira ou "submarino";;;;1;;;;;;;0;1;1;;
23/04/2016;12:41:00;90;sem vítima;262,27;BR-101/RJ;Norte;Colisão Traseira;1;;1;;;;;;;;6;;;;
14/01/2016;16:49:00;192;sem vítima;262,3;BR-101/RJ;Norte;Choque - Defensa, barreira ou "submarino";1;;;;;;;;;;3;;;;
30/06/2016;09:57:00;101;sem vítima;262,499;BR-101/RJ;Norte;Colisão Traseira;1;;1;;;;;;;;2;;;;
23/04/2016;15:28:00;111;com vítima;262,5;BR-101/RJ;Norte;Choque - Defensa, barreira ou "submarino";;;;;;;;;;1;0;4;;;
21/08/2016;10:28:00;74;sem vítima;262,5;BR-101/RJ;Sul;Choque - Defensa, barreira ou "submarino";2;;;;;;;;;1;5;;;;
19/05/2016;22:59:00;201;com vítima;262,52;BR-101/RJ;Norte;Choque - Defensa, barreira ou "submarino";1;;;;;;;;;;0;;1;;
18/05/2016;12:40:00;132;com vítima;262,58;BR-101/RJ;Norte;Choque - Defensa, barreira ou "submarino";2;;;;;;;;;;2;1;;;
13/05/2016;13:35:00;163;sem vítima;262,59;BR-101/RJ;Norte;Choque - Poste;;;1;;;;;;;;1;;;;
25/06/2016;21:16:00;188;sem vítima;262,8;BR-101/RJ;Sul;Colisão Lateral;1;;1;;;;;;;;4;;;;
30/07/2016;07:42:00;38;sem vítima;262,939;BR-101/RJ;Norte;Objeto lançado contra veículo;;;1;;1;;;;;;16;;;;
03/01/2016;05:47:00;26;sem vítima;263;BR-101/RJ;Sul;Colisão Lateral;1;;1;;;;;;;;2;;;;
16/01/2016;14:45:00;144;sem vítima;263;BR-101/RJ;Norte;Colisão Lateral;2;;;;;;;;;;6;;;;
19/02/2016;06:03:00;17;sem vítima;263;BR-101/RJ;Norte;Colisão Lateral;;;2;;;;;;;;3;;;;
24/02/2016;21:50:00;219;com vítima;263;BR-101/RJ;Sul;Capotamento;1;;;;;;;;;;0;2;;;
22/03/2016;14:43:00;130;com vítima;263;BR-101/RJ;Sul;Colisão Transversal;1;;;1;;;;;;;2;1;;;
15/04/2016;12:33:00;108;sem vítima;263;BR-101/RJ;Norte;Colisão Traseira;;;2;;;;;;;;2;;;;
15/04/2016;13:09:00;116;sem vítima;263;BR-101/RJ;Norte;Colisão Traseira;1;;;;;1;;;;;4;;;;
15/04/2016;14:10:00;131;com vítima;263;BR-101/RJ;Norte;Engavetamento;5;;;;;;;;;;9;1;;;
29/06/2016;16:52:00;180;sem vítima;263;BR-101/RJ;Sul;Colisão Traseira;;;;1;;;;;;1;2;;;;
30/06/2016;09:43:00;96;sem vítima;263;BR-101/RJ;Norte;Engavetamento;2;;1;;;1;;;;;6;;;;
07/05/2016;09:39:00;63;sem vítima;263,568;BR-101/RJ;Sul;Choque - Defensa, barreira ou "submarino";1;;;;;;;;;;5;;;;
03/01/2016;11:06:00;81;sem vítima;264;BR-101/RJ;Norte;Saida de Pista;1;;;;;;;;;;1;;;;
13/01/2016;01:30:00;5;com vítima;264;BR-101/RJ;Sul;Atropelamento - Morador;;;1;;;;;;;;1;;;;1
05/02/2016;06:31:00;39;sem vítima;264;BR-101/RJ;Norte;Colisão Traseira;1;;;;;1;;;;;2;;;;
10/02/2016;11:05:00;119;sem vítima;264;BR-101/RJ;Sul;Colisão Traseira;2;;;;;;;;;;4;;;;
13/03/2016;04:25:00;14;com vítima;264;BR-101/RJ;Sul;Queda de Moto;;;;1;;;;;;;0;2;;;
18/05/2016;07:57:00;49;sem vítima;264;BR-101/RJ;Norte;Engavetamento;3;;;;;;;;;;4;;;;
06/06/2016;20:00:00;217;sem vítima;264;BR-101/RJ;Sul;Colisão Traseira;1;;1;;;;;;;;2;;;;
20/08/2016;12:38:00;81;com vítima;264,657;BR-101/RJ;Sul;Colisão Traseira;1;;;1;;;;;;;3;1;;;
08/05/2016;19:36:00;169;sem vítima;264,907;BR-101/RJ;Sul;Queda de Moto;;;;1;;;;;;;1;;;;
04/01/2016;01:06:00;11;com vítima;265;BR-101/RJ;Sul;Colisão Traseira;2;;;;;;;;;;4;2;;;
20/03/2016;06:43:00;29;sem vítima;265;BR-101/RJ;Sul;Saida de Pista;1;;;;;;;;;;5;;;;
13/04/2016;20:08:00;190;com vítima;265;BR-101/RJ;Norte;Queda de Moto;;;;1;;;;;;;0;1;;;
22/06/2016;16:56:00;169;sem vítima;265;BR-101/RJ;Norte;Atropelamento - Animal;1;;;;;;;;;;1;;;;
26/06/2016;19:28:00;163;sem vítima;265;BR-101/RJ;Sul;Atropelamento - Animal;1;;;;;;;;;;1;;;;
28/05/2016;22:13:00;180;sem vítima;265,17;BR-101/RJ;Sul;Choque - Elemento de Drenagem;1;;;;;;;;;;1;;;;
18/05/2016;16:03:00;160;com vítima;265,275;BR-101/RJ;Norte;Colisão Traseira;;;;;1;;;;;1;0;;;;1
19/06/2016;23:43:00;181;com vítima;265,327;BR-101/RJ;Norte;Capotamento;1;;;;;;;;;;0;2;;;
11/07/2016;14:45:00;169;sem vítima;265,383;BR-101/RJ;Sul;Colisão Frontal;2;;;;;;;;;;2;;;;
02/07/2016;23:42:00;179;com vítima;265,471;BR-101/RJ;Norte;Queda de Moto;;;;1;;;;;;;0;;1;;
26/08/2016;14:37:00;164;com vítima;265,62;BR-101/RJ;Sul;Colisão Frontal;1;;;1;;;;;;;1;1;1;;
27/07/2016;20:35:00;217;com vítima;265,87;BR-101/RJ;Sul;Choque - Defensa, barreira ou "submarino";1;;;;;;;;;;0;;1;;