data;horario;n_da_ocorrencia;tipo_de_ocorrencia;km;trecho;sentido;tipo_de_acidente;automovel;bicicleta;caminhao;moto;onibus;outros;tracao_animal;transporte_de_cargas_especiais;trator_maquinas;utilitarios;ilesos;levemente_feridos;moderadamente_feridos;gravemente_feridos;mortos
26/05/2016;02:32:00;12;sem vítima;265,887;BR-101/RJ;Sul;Choque - Suporte de Sinalização;1;;;;;;;;;;2;;;;
01/03/2016;04:41:00;26;sem vítima;266;BR-101/RJ;Norte;Choque - Poste;;;1;;;;;;;;1;;;;
03/04/2016;10:28:00;72;com vítima;266;BR-101/RJ;Sul;Colisão Traseira;;;;2;;;;;;;0;2;;;
15/04/2016;15:34:00;148;com vítima;266;BR-101/RJ;Sul;Queda de Moto;;;;1;;;;;;;0;2;;;
29/04/2016;04:47:00;13;sem vítima;266;BR-101/RJ;Norte;Capotamento;1;;;;;;;;;;1;;;;
30/04/2016;09:31:00;55;com vítima;266;BR-101/RJ;Sul;Queda de Moto;;;;1;;;;;;;0;2;;;
02/07/2016;06:53:00;30;sem vítima;266;BR-101/RJ;Norte;Choque - Elemento de Drenagem;1;;;;;;;;;;1;;;;
31/08/2016;06:38:00;22;sem vítima;266;BR-101/RJ;Sul;Colisão Lateral;2;;;;;;;;;;2;;;;
01/02/2016;17:03:00;208;com vítima;266,331;BR-101/RJ;Sul;Queda de Moto;;;;1;;1;;;;;1;1;;;
09/06/2016;12:30:00;159;sem vítima;266,347;BR-101/RJ;Sul;Choque - Defensa, barreira ou "submarino";1;;;;;;;;;;2;;;;
30/07/2016;06:34:00;25;sem vítima;266,549;BR-101/RJ;Norte;Choque - Defensa, barreira ou "submarino";1;;;;;;;;;;1;;;;
24/01/2016;05:34:00;28;com vítima;267;BR-101/RJ;Sul;Colisão Traseira;1;1;;;;;;;;;1;1;;;
14/02/2016;11:58:00;72;com vítima;267;BR-101/RJ;Sul;Engavetamento;5;;;;;;;;;;5;4;;;
17/02/2016;17:20:00;147;com vítima;267;BR-101/RJ;Norte;Capotamento;1;;;;;;;;;;0;2;;;
29/02/2016;08:00:00;50;sem vítima;267;BR-101/RJ;Norte;Saida de Pista;1;;;;;;;;;;2;;;;
01/03/2016;14:29:00;183;com vítima;267;BR-101/RJ;Sul;Colisão Traseira;;;;1;;1;;;;;1;2;;;
21/03/2016;06:19:00;30;sem vítima;267;BR-101/RJ;Sul;Colisão Traseira;1;;;;;1;;;;;2;;;;
27/03/2016;15:42:00;123;sem vítima;267;BR-101/RJ;Sul;Colisão Traseira;2;;;;;;;;;;4;;;;
13/02/2016;16:50:00;136;sem vítima;267,05;BR-101/RJ;Norte;Tombamento;;;1;;;;;;;;2;;;;
12/04/2016;04:33:00;15;com vítima;267,913;BR-101/RJ;Sul;Atropelamento - Animal;;;1;;;;;;;;0;1;;;
14/02/2016;11:50:00;67;sem vítima;268;BR-101/RJ;Sul;Colisão Traseira;2;;;;;;;;;;5;;;;
01/04/2016;15:46:00;165;sem vítima;268;BR-101/RJ;Norte;Capotamento;1;;;;;;;;;;2;;;;
15/04/2016;00:48:00;5;sem vítima;268;BR-101/RJ;Sul;Atropelamento - Animal;1;;;;;;;;;;1;;;;
10/05/2016;13:20:00;133;com vítima;268;BR-101/RJ;Norte;Capotamento;1;;;;;;;;;;0;1;;;
23/07/2016;17:50:00;166;sem vítima;268;BR-101/RJ;Norte;Choque - Objeto sobre a pista;1;;;;;;;;;;1;;;;
22/08/2016;17:10:00;186;sem vítima;268;BR-101/RJ;Sul;Engavetamento;1;;;;;3;;;;;4;;;;
18/03/2016;03:27:00;17;sem vítima;268,5;BR-101/RJ;Sul;Atropelamento - Animal;;;;;;1;;;;;1;;;;
03/07/2016;18:36:00;137;sem vítima;268,579;BR-101/RJ;Sul;Colisão Traseira;2;;;;;;;;;;3;;;;
04/08/2016;11:30:00;109;com vítima;268,698;BR-101/RJ;Sul;Colisão Traseira;1;;1;;;;;;;1;4;;;;1
07/01/2016;08:53:00;67;com vítima;269;BR-101/RJ;Sul;Colisão Traseira;1;;;1;;;;;;;2;1;;;
24/03/2016;11:19:00;106;com vítima;269;BR-101/RJ;Norte;Colisão Traseira;1;;;;;;;;;;0;1;;;
08/04/2016;13:01:00;145;sem vítima;269;BR-101/RJ;Sul;Engavetamento;1;;1;;;;;;;1;3;;;;
27/04/2016;14:40:00;152;sem vítima;269;BR-101/RJ;Norte;Colisão Lateral;1;;;;;1;;;;;6;;;;
21/08/2016;11:29:00;81;sem vítima;269;BR-101/RJ;Norte;Choque - Outros;1;;;;;;;;;;2;;;;
21/08/2016;11:40:00;82;sem vítima;269;BR-101/RJ;Norte;Choque - Outros;1;;;;;;;;;;4;;;;
21/08/2016;11:40:00;83;sem vítima;269;BR-101/RJ;Norte;Choque - Outros;1;;;;;;;;;;2;;;;
21/08/2016;11:40:00;84;sem vítima;269;BR-101/RJ;Norte;Choque - Outros;1;;;;;;;;;;3;;;;
30/08/2016;07:04:00;32;com vítima;269;BR-101/RJ;Norte;Colisão Traseira;1;;;1;;;;;;;2;1;;;
09/08/2016;10:15:00;114;sem vítima;269,049;BR-101/RJ;Sul;Colisão Lateral;1;;1;;;;;;;;5;;;;
06/08/2016;22:30:00;159;com vítima;269,098;BR-101/RJ;Norte;Atropelamento - Morador;1;;;;;;;;;;2;;;1;
19/06/2016;11:27:00;78;com vítima;269,395;BR-101/RJ;Norte;Capotamento;1;;;;;;;;;;0;1;;;
19/06/2016;15:17:00;113;sem vítima;269,425;BR-101/RJ;Sul;Choque - Defensa, barreira ou "submarino";1;;;;;;;;;;1;;;;
17/07/2016;23:15:00;180;sem vítima;269,541;BR-101/RJ;Norte;Choque - Suporte de Sinalização;1;;;;;;;;;;1;;;;
03/05/2016;11:31:00;110;com vítima;269,556;BR-101/RJ;Sul;Colisão Traseira;1;;1;;;;;;;;4;1;;;
25/05/2016;16:28:00;173;sem vítima;269,6;BR-101/RJ;Norte;Colisão Transversal;1;;;1;;;;;;;0;;;;
08/01/2016;12:43:00;127;sem vítima;269,697;BR-101/RJ;Sul;Colisão Traseira;2;;;;;;;;;;4;;;;
30/05/2016;04:56:00;20;com vítima;269,885;BR-101/RJ;Sul;Atropelamento - Animal;;;;;;1;;;;;1;1;;;
05/07/2016;13:09:00;120;com vítima;269,939;BR-101/RJ;Norte;Colisão Lateral;1;;;1;;;;;;;1;1;;;
08/02/2016;04:42:00;22;sem vítima;270;BR-101/RJ;Norte;Colisão Lateral;1;;;;1;;;;;;2;;;;
29/06/2016;21:05:00;216;sem vítima;270;BR-101/RJ;Norte;Choque - Talude;1;;;;;;;;;;1;;;;
08/07/2016;14:42:00;148;com vítima;270;BR-101/RJ;Norte;Queda de Moto;;;;1;;;;;;;0;1;;;
22/01/2016;16:41:00;188;com vítima;270,75;BR-101/RJ;Norte;Choque - Outros;1;;;;;;;;;;0;1;;;
28/05/2016;18:20:00;146;com vítima;270,85;BR-101/RJ;Norte;Atropelamento - Morador;;;;;;1;;;;;1;1;;;1
08/01/2016;15:12:00;152;sem vítima;271;BR-101/RJ;Sul;Saida de Pista;1;;;;;;;;;;1;;;;
08/02/2016;12:55:00;86;sem vítima;271;BR-101/RJ;Norte;Choque - Defensa, barreira ou "submarino";1;;;;;;;;;;2;;;;
17/05/2016;08:48:00;57;sem vítima;271;BR-101/RJ;Norte;Colisão Traseira;2;;;;;;;;;;2;;;;
18/05/2016;14:36:00;145;com vítima;271;BR-101/RJ;Norte;Choque - Outros;;;;;;;;;;1;0;3;;;
04/06/2016;02:57:00;10;sem vítima;271;BR-101/RJ;Norte;Choque - Outros;1;;;;;;;;;;1;;;;
17/07/2016;19:58:00;158;sem vítima;271;BR-101/RJ;Sul;Colisão Lateral;1;;;;1;;;;;;3;;;;
19/07/2016;17:28:00;173;sem vítima;271;BR-101/RJ;Norte;Choque - Outros;1;;;;;;;;;;1;;;;
21/07/2016;18:57:00;168;sem vítima;271;BR-101/RJ;Sul;Choque - Outros;1;;;;;;;;;;1;;;;
26/07/2016;05:35:00;25;com vítima;271,01;BR-101/RJ;Sul;Colisão Traseira;1;1;;;;;;;;;1;;;;1
10/08/2016;08:01:00;49;sem vítima;271,243;BR-101/RJ;Norte;Choque - Outros;1;;;;;;;;;;1;;;;
12/08/2016;10:04:00;111;com vítima;271,47;BR-101/RJ;Sul;Capotamento;1;;;;;;;;;;0;1;;;
19/07/2016;13:24:00;136;sem vítima;271,74;BR-101/RJ;Norte;Choque - Defensa, barreira ou "submarino";;;1;;;;;;;;1;;;;
01/05/2016;18:44:00;158;com vítima;271,875;BR-101/RJ;Norte;Choque - Poste;1;;;;;;;;;;0;1;1;;
26/08/2016;08:43:00;79;sem vítima;271,878;BR-101/RJ;Norte;Colisão Traseira;2;;;;;;;;;;4;;;;
15/07/2016;10:11:00;92;com vítima;271,9;BR-101/RJ;Norte;Colisão Traseira;;;;2;;;;;;;1;1;;;
10/07/2016;18:04:00;136;com vítima;271,957;BR-101/RJ;Sul;Queda de Moto;;;;1;;;;;;;0;2;;;
02/02/2016;14:42:00;147;com vítima;271,972;BR-101/RJ;Sul;Queda de Moto;;;;1;;;;;;;0;1;;;
03/03/2016;13:00:00;124;com vítima;272;BR-101/RJ;Norte;Queda de Moto;;;;1;;;;;;;0;1;;;
12/03/2016;15:10:00;150;sem vítima;272;BR-101/RJ;Norte;Choque - Defensa, barreira ou "submarino";1;;;;;;;;;;2;;;;
23/03/2016;22:18:00;213;sem vítima;272;BR-101/RJ;Norte;Outros;1;;;;;;;;;;1;;;;
27/03/2016;14:16:00;93;sem vítima;272;BR-101/RJ;Sul;Colisão Traseira;2;;;;;;;;;;6;;;;
08/04/2016;23:32:00;276;com vítima;272;BR-101/RJ;Norte;Queda de Moto;;;1;1;;;;;;;1;2;;;
23/07/2016;12:17:00;99;com vítima;272;BR-101/RJ;Norte;Choque - Outros;1;;;;;;;;;;1;1;;;
21/08/2016;06:21:00;40;sem vítima;272;BR-101/RJ;Norte;Capotamento;1;;;;;;;;;;1;;;;
22/05/2016;18:14:00;126;sem vítima;272,76;BR-101/RJ;Sul;Choque - Outros;1;;;;;;;;;;4;;;;
11/07/2016;06:12:00;33;sem vítima;272,889;BR-101/RJ;Sul;Colisão Lateral;2;;;;;;;;;;2;;;;
13/01/2016;15:09:00;137;sem vítima;273;BR-101/RJ;Norte;Colisão Lateral;2;;;;;;;;;;2;;;;
10/02/2016;07:53:00;64;sem vítima;273;BR-101/RJ;Sul;Colisão Traseira;2;;;;;;;;;;3;;;;
10/02/2016;08:15:00;74;sem vítima;273;BR-101/RJ;Sul;Engavetamento;4;;;;;;;;;;4;;;;
17/03/2016;13:01:00;134;sem vítima;273;BR-101/RJ;Norte;Colisão Lateral;1;;1;;;;;;;;5;;;;
21/04/2016;01:48:00;18;sem vítima;273;BR-101/RJ;Norte;Engavetamento;2;;1;;;;;;;;7;;;;
18/05/2016;19:46:00;201;sem vítima;273;BR-101/RJ;Norte;Choque - Outros;1;;;;;1;;;;;2;;;;
04/06/2016;22:01:00;173;sem vítima;273;BR-101/RJ;Norte;Choque - Suporte de Sinalização;1;;;;;;;;;;1;;;;
30/07/2016;18:59:00;134;com vítima;273;BR-101/RJ;Sul;Atropelamento - Morador;1;;;;;;;;;;2;;1;;
31/07/2016;15:43:00;115;sem vítima;273;BR-101/RJ;Norte;Engavetamento;3;;;;;;;;;;7;;;;
25/05/2016;17:39:00;185;sem vítima;273,3;BR-101/RJ;Sul;Atropelamento - Animal;;;1;;;;;;;;2;;;;
10/07/2016;03:46:00;15;sem vítima;273,55;BR-101/RJ;Sul;Tombamento;1;;;;;;;;;;2;;;;
21/07/2016;00:35:00;2;sem vítima;273,9;BR-101/RJ;Norte;Choque - Objeto sobre a pista;1;;;;;1;;;;;2;;;;
02/01/2016;20:24:00;185;com vítima;274;BR-101/RJ;Sul;Colisão Transversal;1;;;1;;;;;;;5;1;;;
08/01/2016;15:50:00;185;sem vítima;274;BR-101/RJ;Sul;Colisão Traseira;1;;;1;;;;;;;4;;;;
15/01/2016;14:06:00;155;com vítima;274;BR-101/RJ;Sul;Choque - Outros;1;;;;;;;;;;0;1;;;
16/01/2016;08:32:00;62;sem vítima;274;BR-101/RJ;Norte;Colisão Lateral;1;;1;;;;;;;;2;;;;
01/02/2016;10:01:00;93;com vítima;274;BR-101/RJ;Sul;Capotamento;2;;;;;;;;;;2;3;;;
09/02/2016;19:22:00;194;sem vítima;274;BR-101/RJ;Sul;Colisão Traseira;2;;;;;;;;;;2;;;;
06/03/2016;15:15:00;108;sem vítima;274;BR-101/RJ;Sul;Colisão Transversal;;;1;;1;;;;;;2;;;;
27/03/2016;14:33:00;102;sem vítima;274;BR-101/RJ;Sul;Colisão Traseira;2;;;;;;;;;;4;;;;
21/04/2016;13:24:00;135;sem vítima;274;BR-101/RJ;Norte;Choque - Defensa, barreira ou "submarino";1;;;;;;;;;;5;;;;
04/05/2016;12:15:00;106;sem vítima;274;BR-101/RJ;Sul;Colisão Lateral;1;;;1;1;;;;;;2;;;;
18/06/2016;23:03:00;194;sem vítima;274;BR-101/RJ;Norte;Colisão Traseira;3;;;;;;;;;;5;;;;
15/08/2016;21:37:00;240;com vítima;274;BR-101/RJ;Sul;Queda de Moto;;;;1;;;;;;;0;;;1;
03/04/2016;15:00:00;123;com vítima;274,57;BR-101/RJ;Sul;Queda de Moto;;;;1;;;;;;;0;;2;;
08/05/2016;15:08:00;108;com vítima;274,767;BR-101/RJ;Sul;Outros;;1;;;;;;;;;0;1;;;
10/02/2016;08:51:00;79;com vítima;275;BR-101/RJ;Sul;Engavetamento;4;;;;;;;;;;5;1;;;
10/02/2016;18:32:00;242;com vítima;275;BR-101/RJ;Sul;Colisão Lateral;1;;;1;;;;;;;1;1;;;
07/03/2016;01:50:00;15;com vítima;275;BR-101/RJ;Sul;Queda de Moto;;;;1;;;;;;;0;2;;;
19/03/2016;20:24:00;194;sem vítima;275;BR-101/RJ;Norte;Choque - Outros;1;;;;;;;;;;5;;;;
17/04/2016;00:08:00;3;sem vítima;275;BR-101/RJ;Norte;Choque - Arvore;1;;;;;;;;;;1;;;;
10/05/2016;23:47:00;242;com vítima;275;BR-101/RJ;Norte;Choque - Poste;1;;;;;;;;;;1;;1;;
17/06/2016;21:01:00;225;sem vítima;275;BR-101/RJ;Norte;Colisão Traseira;2;;;;;;;;;;3;;;;
16/01/2016;00:19:00;6;sem vítima;275,5;BR-101/RJ;Norte;Choque - Outros;1;;;;;;;;;;1;;;;
27/04/2016;22:46:00;229;sem vítima;276;BR-101/RJ;Sul;Colisão Lateral;1;;;;;1;;;;;5;;;;
15/07/2016;20:13:00;216;com vítima;276;BR-101/RJ;Sul;Colisão Lateral;1;;;1;;;;;;;2;1;;;
19/07/2016;12:34:00;128;sem vítima;276;BR-101/RJ;Norte;Choque - Defensa, barreira ou "submarino";2;;;;;;;;;;4;;;;
21/07/2016;16:56:00;135;com vítima;276;BR-101/RJ;Sul;Capotamento;1;;1;;;;;;;;1;1;;;
30/08/2016;11:47:00;135;com vítima;276;BR-101/RJ;Sul;Engavetamento;2;;1;;;1;;;;;7;2;;;
19/08/2016;14:20:00;163;sem vítima;276,223;BR-101/RJ;Sul;Saida de Pista;1;;;;;;;;;;2;;;;
05/07/2016;18:41:00;201;sem vítima;276,32;BR-101/RJ;Norte;Colisão Traseira;;;1;;1;;;;;;2;;;;
30/04/2016;19:43:00;177;com vítima;276,413;BR-101/RJ;Norte;Choque - Outros;1;;;;;;;;;;0;2;;;
01/05/2016;19:08:00;167;sem vítima;276,9;BR-101/RJ;Norte;Colisão Frontal;2;;;;;;;;;;3;;;;
10/02/2016;07:34:00;59;sem vítima;277;BR-101/RJ;Sul;Colisão Traseira;2;;;;;;;;;;2;;;;
24/02/2016;16:47:00;164;sem vítima;277;BR-101/RJ;Norte;Choque - Suporte de Sinalização;;;;;;;;;;1;1;;;;
27/03/2016;11:55:00;63;sem vítima;277;BR-101/RJ;Sul;Choque - Outros;1;;;;;;;;;;3;;;;
21/04/2016;07:45:00;54;sem vítima;277;BR-101/RJ;Sul;Colisão Traseira;2;;;;;;;;;;2;;;;
15/05/2016;06:58:00;27;sem vítima;277;BR-101/RJ;Sul;Choque - Defensa, barreira ou "submarino";1;;;;;;;;;;1;;;;
16/06/2016;08:16:00;61;com vítima;277;BR-101/RJ;Norte;Colisão Lateral;;;;1;;1;;;;;1;1;;;
12/07/2016;01:10:00;4;sem vítima;277;BR-101/RJ;Norte;Choque - Talude;;;1;;;;;;;;2;;;;
28/05/2016;18:45:00;152;sem vítima;277,44;BR-101/RJ;Norte;Choque - Elemento de Drenagem;1;;;;;;;;;;0;;;;
14/05/2016;14:44:00;117;sem vítima;277,9;BR-101/RJ;Norte;Colisão Lateral;1;;;;;;;;;1;3;;;;
02/01/2016;21:12:00;198;sem vítima;278;BR-101/RJ;Sul;Colisão Traseira;2;;;;;;;;;;5;;;;
23/01/2016;23:32:00;235;sem vítima;278;BR-101/RJ;Norte;Choque - Outros;2;;;;;;;;;;5;;;;
30/01/2016;05:08:00;32;sem vítima;278;BR-101/RJ;Norte;Choque - Elemento de Drenagem;1;;;;;;;;;;3;;;;
02/02/2016;07:57:00;64;com vítima;278;BR-101/RJ;Sul;Colisão Traseira;;;;1;;1;;;;;1;1;;;
10/02/2016;07:26:00;56;sem vítima;278;BR-101/RJ;Sul;Engavetamento;6;;;;;;;;;;22;;;;
12/03/2016;19:32:00;209;sem vítima;278;BR-101/RJ;Norte;Saida de Pista;1;;;;;;;;;;1;;;;
11/04/2016;14:35:00;154;sem vítima;278;BR-101/RJ;Norte;Colisão Traseira;1;;;;;1;;;;;3;;;;
17/04/2016;18:43:00;154;com vítima;278;BR-101/RJ;Sul;Colisão Traseira;2;;;;;;;;;;3;4;;;
22/05/2016;20:22:00;149;sem vítima;278;BR-101/RJ;Norte;Saida de Pista;1;;;;;;;;;;2;;;;
31/08/2016;21:40:00;206;com vítima;278;BR-101/RJ;Norte;Colisão Traseira;1;;;;1;;;;;;1;1;;;
11/07/2016;06:54:00;41;sem vítima;278,096;BR-101/RJ;Norte;Choque - Outros;;;1;;;;;;;;1;;;;
17/06/2016;13:49:00;135;com vítima;278,165;BR-101/RJ;Norte;Capotamento;1;;;;;;;;;;0;1;;;
09/07/2016;07:42:00;34;sem vítima;278,795;BR-101/RJ;Norte;Choque - Elemento de Drenagem;1;;;;;;;;;;2;;;;
22/05/2016;18:36:00;129;sem vítima;278,864;BR-101/RJ;Sul;Choque - Outros;1;;;;;;;;;;2;;;;
29/03/2016;09:50:00;97;com vítima;279;BR-101/RJ;Sul;Colisão Traseira;1;;;;;;;;;1;15;1;;;
04/04/2016;14:09:00;163;sem vítima;279;BR-101/RJ;Sul;Choque - Defensa, barreira ou "submarino";1;;;;;;;;;;2;;;;
24/04/2016;10:50:00;75;sem vítima;279;BR-101/RJ;Sul;Saida de Pista;1;;;;;;;;;;1;;;;
23/07/2016;12:31:00;100;com vítima;279;BR-101/RJ;Sul;Choque - Outros;1;;;;;;;;;;0;1;;;
26/02/2016;10:57:00;96;sem vítima;279,9;BR-101/RJ;Sul;Colisão Lateral;2;;;;;;;;;;2;;;;
19/03/2016;03:09:00;20;com vítima;280;BR-101/RJ;Sul;Colisão Lateral;1;;1;;;;;;;;1;1;;;
29/03/2016;09:36:00;94;sem vítima;280;BR-101/RJ;Sul;Colisão Traseira;1;;;;;;;;;1;2;;;;
07/04/2016;14:23:00;138;sem vítima;280;BR-101/RJ;Norte;Colisão Traseira;2;;;;;;;;;;2;;;;
20/06/2016;18:25:00;190;com vítima;280,645;BR-101/RJ;Norte;Colisão Traseira;;;;1;;1;;;;;1;2;;;
26/02/2016;11:36:00;107;sem vítima;281;BR-101/RJ;Sul;Colisão Lateral;1;;1;;;;;;;;4;;;;
11/04/2016;15:34:00;167;sem vítima;281;BR-101/RJ;Sul;Choque - Defensa, barreira ou "submarino";1;;;;;1;;;;;2;;;;
23/07/2016;22:18:00;195;com vítima;281,6;BR-101/RJ;Norte;Colisão Lateral;1;;;;;1;;;;;1;1;;;
26/03/2016;06:45:00;18;sem vítima;282;BR-101/RJ;Norte;Engavetamento;2;;;;;1;;;;;8;;;;
07/04/2016;17:57:00;186;com vítima;282;BR-101/RJ;Norte;Colisão Traseira;1;;1;;;;;;;;1;1;;;
14/08/2016;18:54:00;143;com vítima;282;BR-101/RJ;Sul;Queda de Moto;;;;1;;;;;;;0;1;;;
24/01/2016;16:19:00;135;sem vítima;282,382;BR-101/RJ;Sul;Colisão Traseira;2;;;;;;;;;;6;;;;
12/08/2016;10:26:00;115;sem vítima;282,74;BR-101/RJ;Norte;Choque - Defensa, barreira ou "submarino";;;;;;;;;;1;2;;;;
09/04/2016;16:46:00;157;com vítima;282,765;BR-101/RJ;Norte;Queda de Moto;;;;1;;;;;;;0;;1;;
01/07/2016;11:38:00;115;com vítima;282,81;BR-101/RJ;Norte;Queda de Moto;;;;1;;;;;;;0;;1;;
12/08/2016;10:30:00;120;sem vítima;282,874;BR-101/RJ;Sul;Engavetamento;3;;;;;;;;;;5;;;;
02/02/2016;18:23:00;197;com vítima;282,894;BR-101/RJ;Sul;Saida de Pista;1;;;;;;;;;;3;1;;;
25/04/2016;18:34:00;199;com vítima;282,9;BR-101/RJ;Sul;Choque - Defensa, barreira ou "submarino";;;;1;;;;;;;0;2;;;
01/01/2016;09:46:00;68;sem vítima;283;BR-101/RJ;Norte;Colisão Traseira;2;;;;;;;;;;7;;;;
05/01/2016;12:17:00;111;sem vítima;283;BR-101/RJ;Sul;Colisão Traseira;2;;;;;;;;;;5;;;;
05/02/2016;06:39:00;40;sem vítima;283;BR-101/RJ;Sul;Colisão Lateral;1;;;1;;;;;;;4;;;;
06/02/2016;08:23:00;111;sem vítima;283;BR-101/RJ;Norte;Colisão Traseira;2;;;;;;;;;;8;;;;
18/02/2016;18:19:00;205;com vítima;283;BR-101/RJ;Sul;Choque - Defensa, barreira ou "submarino";1;;;;;;;;;;0;1;;;
20/02/2016;22:11:00;205;sem vítima;283;BR-101/RJ;Sul;Tombamento;1;;;;;;;;;;1;;;;
30/03/2016;01:15:00;7;sem vítima;283;BR-101/RJ;Norte;Colisão Traseira;2;;;;;;;;;;3;;;;
02/04/2016;09:53:00;55;com vítima;283;BR-101/RJ;Norte;Queda de Moto;;;;1;;;;;;;0;1;;;
02/04/2016;16:10:00;125;com vítima;283;BR-101/RJ;Norte;Choque - Outros;;;;1;;;;;;;0;;1;;
13/04/2016;21:30:00;207;sem vítima;283;BR-101/RJ;Sul;Choque - Defensa, barreira ou "submarino";1;;;;;;;;;;1;;;;
21/04/2016;11:49:00;110;com vítima;283;BR-101/RJ;Norte;Queda de Moto;;;;1;;;;;;;0;1;;;
23/04/2016;05:32:00;23;sem vítima;283;BR-101/RJ;Sul;Choque - Defensa, barreira ou "submarino";1;;;;;;;;;;2;;;;
15/05/2016;08:24:00;43;sem vítima;283;BR-101/RJ;Sul;Choque - Defensa, barreira ou "submarino";1;;;;;;;;;;1;;;;
25/05/2016;06:59:00;28;com vítima;283;BR-101/RJ;Sul;Choque - Defensa, barreira ou "submarino";1;;;;;;;;;;4;1;;;
27/05/2016;21:14:00;157;com vítima;283;BR-101/RJ;Norte;Colisão Frontal;;;;1;;;;;;1;1;;;1;1
12/08/2016;12:29:00;133;sem vítima;283;BR-101/RJ;Sul;Choque - Defensa, barreira ou "submarino";1;;;;;;;;;;2;;;;
02/06/2016;14:17:00;124;com vítima;283,04;BR-101/RJ;Sul;Capotamento;1;;;;;;;;;;0;2;;;
28/07/2016;02:33:00;13;com vítima;283,133;BR-101/RJ;Sul;Colisão Traseira;1;;1;;;;;;;;3;;;;1
18/01/2016;06:19:00;28;sem vítima;284;BR-101/RJ;Norte;Choque - Defensa, barreira ou "submarino";1;;;;;;;;;;1;;;;
21/02/2016;18:53:00;145;sem vítima;284;BR-101/RJ;Sul;Engavetamento;2;;;;;;;;;1;7;;;;
05/03/2016;13:07:00;120;com vítima;284;BR-101/RJ;Sul;Queda de Moto;;;;1;;;;;;;0;1;;;
11/03/2016;00:10:00;1;com vítima;284;BR-101/RJ;Norte;Colisão Traseira;;;2;;;;;;;;1;1;;;
22/03/2016;04:44:00;21;com vítima;284;BR-101/RJ;Norte;Colisão Traseira;1;;1;;;;;;;;1;1;;1;
22/03/2016;12:09:00;103;sem vítima;284;BR-101/RJ;Norte;Choque - Defensa, barreira ou "submarino";1;;;;;;;;;;1;;;;
02/07/2016;03:15:00;13;com vítima;284,867;BR-101/RJ;Sul;Colisão Traseira;1;;;;;1;;;;;1;4;1;;
22/04/2016;19:06:00;150;sem vítima;284,987;BR-101/RJ;Sul;Tombamento;1;;;;;;;;;;6;;;;
18/01/2016;12:52:00;125;sem vítima;285;BR-101/RJ;Norte;Choque - Suporte de Sinalização;;;1;;;;;;;;2;;;;
02/04/2016;20:06:00;165;com vítima;285;BR-101/RJ;Sul;Capotamento;1;;;;;;;;;;0;2;2;;
16/06/2016;16:42:00;182;sem vítima;285;BR-101/RJ;Norte;Colisão Traseira;1;;1;;;;;;;;2;;;;
31/07/2016;20:30:00;174;sem vítima;285;BR-101/RJ;Norte;Choque - Objeto sobre a pista;1;;;;;;;;;;1;;;;
19/07/2016;18:51:00;188;com vítima;285,41;BR-101/RJ;Sul;Queda de Moto;;;;1;;;;;;;0;1;;;
14/01/2016;11:20:00;119;com vítima;285,668;BR-101/RJ;Norte;Colisão Traseira;1;;1;;;;;;;;1;1;;;
03/01/2016;17:35:00;177;com vítima;286;BR-101/RJ;Norte;Capotamento;1;;;;;;;;;;0;1;;;
08/01/2016;12:25:00;121;com vítima;286;BR-101/RJ;Sul;Engavetamento;2;;1;;;;;;;;2;1;;;
26/01/2016;12:50:00;157;sem vítima;286;BR-101/RJ;Sul;Engavetamento;2;;;;;1;;;;;4;;;;
01/02/2016;14:26:00;159;sem vítima;286;BR-101/RJ;Norte;Colisão Traseira;2;;;;;;;;;;4;;;;
05/02/2016;20:35:00;264;com vítima;286;BR-101/RJ;Norte;Queda de Moto;;;;1;;;;;;;0;2;;;
21/02/2016;21:45:00;172;sem vítima;286;BR-101/RJ;Sul;Choque - Elemento de Drenagem;1;;;;;;;;;;3;;;;
24/02/2016;14:25:00;132;com vítima;286;BR-101/RJ;Norte;Colisão Traseira;2;;;;;;;;;;1;1;;;
24/02/2016;17:41:00;179;com vítima;286;BR-101/RJ;Norte;Atropelamento - Ambulante;1;;;;;;;;;;2;1;;;
02/04/2016;16:16:00;129;com vítima;286;BR-101/RJ;Norte;Choque - Outros;1;;;;;;;;;;1;1;;;
17/04/2016;01:25:00;12;sem vítima;286;BR-101/RJ;Sul;Capotamento;1;;;;;;;;;;3;;;;
21/04/2016;06:56:00;47;sem vítima;286;BR-101/RJ;Norte;Colisão Traseira;2;;;;;;;;;;3;;;;
22/04/2016;15:08:00;97;sem vítima;286;BR-101/RJ;Sul;Colisão Traseira;2;;;;;;;;;;6;;;;
22/06/2016;12:19:00;125;sem vítima;286;BR-101/RJ;Sul;Choque - Elemento de Drenagem;1;;;;;;;;;;1;;;;
06/07/2016;07:16:00;31;sem vítima;286;BR-101/RJ;Sul;Capotamento;1;;;;;;;;;;1;;;;
21/08/2016;06:01:00;38;sem vítima;286;BR-101/RJ;Norte;Colisão Traseira;2;;;;;;;;;;4;;;;
19/02/2016;14:36:00;132;sem vítima;287;BR-101/RJ;Norte;Colisão Traseira;2;;;;;;;;;;2;;;;
03/03/2016;23:17:00;215;com vítima;287;BR-101/RJ;Norte;Colisão Traseira;1;;1;;;;;;;;1;;1;;