data;horario;n_da_ocorrencia;tipo_de_ocorrencia;km;trecho;sentido;tipo_de_acidente;automovel;bicicleta;caminhao;moto;onibus;outros;tracao_animal;transporte_de_cargas_especiais;trator_maquinas;utilitarios;ilesos;levemente_feridos;moderadamente_feridos;gravemente_feridos;mortos
17/03/2016;12:47:00;131;com vítima;297;BR-101/RJ;Norte;Atropelamento - Morador;;;;;1;;;;;;1;1;;;
17/03/2016;18:48:00;201;com vítima;297;BR-101/RJ;Norte;Queda de Moto;;;;1;;;;;;;0;1;;;
19/03/2016;08:42:00;55;com vítima;297;BR-101/RJ;Norte;Atropelamento - Usuário;;;1;1;;;;;;;1;;1;;
19/03/2016;09:10:00;59;com vítima;297;BR-101/RJ;Sul;Colisão Traseira;1;;;1;;;;;;;1;1;;;
21/03/2016;05:45:00;26;sem vítima;297;BR-101/RJ;Sul;Choque - Defensa, barreira ou "submarino";1;;;;;;;;;;1;;;;
21/03/2016;19:15:00;174;sem vítima;297;BR-101/RJ;Norte;Colisão Lateral;1;;1;;;;;;;;2;;;;
24/03/2016;17:46:00;201;com vítima;297;BR-101/RJ;Norte;Colisão Lateral;1;;;1;;1;;;;;2;1;;;
27/03/2016;06:31:00;32;sem vítima;297;BR-101/RJ;Norte;Colisão Traseira;2;;;;;;;;;;2;;;;
29/03/2016;19:27:00;211;sem vítima;297;BR-101/RJ;Sul;Colisão Traseira;1;;;;1;;;;;;2;;;;
30/03/2016;05:56:00;20;com vítima;297;BR-101/RJ;Sul;Colisão Traseira;2;;;;;;;;;;6;2;;;
31/03/2016;08:34:00;66;sem vítima;297;BR-101/RJ;Sul;Colisão Lateral;1;;1;;;;;;;;2;;;;
03/04/2016;10:36:00;74;sem vítima;297;BR-101/RJ;Sul;Choque - Elemento de Drenagem;1;;;;;;;;;;2;;;;
04/04/2016;17:45:00;201;com vítima;297;BR-101/RJ;Sul;Colisão Lateral;1;;;1;;;;;;;2;1;;;
05/04/2016;17:09:00;164;com vítima;297;BR-101/RJ;Norte;Queda de Moto;;;;1;;;;;;;0;1;;;
09/04/2016;18:02:00;179;com vítima;297;BR-101/RJ;Norte;Objeto lançado contra veículo;1;;1;;;;;;;;4;2;;;
20/04/2016;16:59:00;188;sem vítima;297;BR-101/RJ;Norte;Colisão Lateral;1;;1;;;;;;;;2;;;;
20/04/2016;17:05:00;194;sem vítima;297;BR-101/RJ;Norte;Colisão Lateral;;;2;;;;;;;;2;;;;
21/04/2016;12:00:00;142;sem vítima;297;BR-101/RJ;Norte;Colisão Lateral;1;;;1;;;;;;;2;;;;
23/04/2016;06:58:00;29;com vítima;297;BR-101/RJ;Norte;Queda de Moto;;;;1;;;;;;;0;1;;;
05/05/2016;12:45:00;134;com vítima;297;BR-101/RJ;Norte;Colisão Lateral;1;;1;;;;;;;;2;1;;;
06/05/2016;18:31:00;193;com vítima;297;BR-101/RJ;Sul;Colisão Lateral;1;;;1;;;;;;;2;1;;;
11/05/2016;17:54:00;158;sem vítima;297;BR-101/RJ;Sul;Atropelamento - Morador;1;;;;;;;;;;2;;;;
29/05/2016;16:31:00;119;sem vítima;297;BR-101/RJ;Sul;Colisão Lateral;;;;1;;1;;;;;1;;;;
29/05/2016;17:33:00;140;sem vítima;297;BR-101/RJ;Sul;Colisão Lateral;2;;;;;;;;;;2;;;;
12/06/2016;10:07:00;51;sem vítima;297;BR-101/RJ;Sul;Choque - Outros;1;;;;;;;;;;1;;;;
15/06/2016;09:06:00;83;sem vítima;297;BR-101/RJ;Sul;Colisão Lateral;2;;;;;;;;;;2;;;;
18/06/2016;08:01:00;45;sem vítima;297;BR-101/RJ;Norte;Colisão Traseira;1;;;;1;;;;;;2;;;;
19/06/2016;10:24:00;74;sem vítima;297;BR-101/RJ;Norte;Choque - Elemento de Drenagem;1;;;;;;;;;;1;;;;
21/06/2016;07:36:00;53;sem vítima;297;BR-101/RJ;Norte;Colisão Lateral;1;;1;;;;;;;;2;;;;
04/07/2016;07:18:00;46;com vítima;297;BR-101/RJ;Norte;Colisão Traseira;;;1;1;;;;;;;1;;1;;
05/07/2016;14:04:00;133;sem vítima;297;BR-101/RJ;Sul;Colisão Traseira;1;;1;;;;;;;;3;;;;
15/07/2016;18:15:00;191;com vítima;297;BR-101/RJ;Norte;Atropelamento - Usuário;;;;;;1;;;;;1;;1;;
17/07/2016;13:44:00;87;sem vítima;297;BR-101/RJ;Norte;Colisão Traseira;2;;;;;;;;;;2;;;;
21/07/2016;18:04:00;153;sem vítima;297;BR-101/RJ;Sul;Colisão Traseira;2;;;;;;;;;;4;;;;
01/08/2016;17:26:00;202;sem vítima;297;BR-101/RJ;Norte;Colisão Lateral;1;;;;1;;;;;;2;;;;
02/08/2016;04:50:00;21;sem vítima;297;BR-101/RJ;Sul;Choque - Defensa, barreira ou "submarino";1;;;;;;;;;;1;;;;
04/08/2016;17:25:00;185;sem vítima;297;BR-101/RJ;Norte;Engavetamento;3;;;;;;;;;;3;;;;
04/08/2016;18:07:00;194;sem vítima;297;BR-101/RJ;Norte;Colisão Traseira;2;;;;;;;;;;7;;;;
05/08/2016;07:43:00;43;sem vítima;297;BR-101/RJ;Norte;Colisão Traseira;2;;;;;;;;;;5;;;;
05/08/2016;15:26:00;168;sem vítima;297;BR-101/RJ;Norte;Colisão Lateral;1;;1;;;;;;;;2;;;;
08/08/2016;20:17:00;212;com vítima;297;BR-101/RJ;Norte;Colisão Traseira;1;;1;;;;;;;;4;1;;;
14/08/2016;17:52:00;126;com vítima;297;BR-101/RJ;Norte;Colisão Lateral;1;;;1;;;;;;;1;1;;;
22/08/2016;18:57:00;221;sem vítima;297;BR-101/RJ;Norte;Colisão Lateral;1;;;;1;;;;;;3;;;;
22/08/2016;21:35:00;253;sem vítima;297;BR-101/RJ;Norte;Colisão Lateral;;;1;;1;;;;;;2;;;;
30/08/2016;10:11:00;112;com vítima;297;BR-101/RJ;Sul;Queda de Moto;;;;1;;;;;;;0;1;;;
16/06/2016;19:47:00;214;sem vítima;297,297;BR-101/RJ;Sul;Colisão Traseira;1;;1;;;;;;;;3;;;;
29/05/2016;07:39:00;27;com vítima;297,298;BR-101/RJ;Sul;Choque - Defensa, barreira ou "submarino";1;;;;;;;;;;2;;1;;
28/04/2016;04:55:00;18;sem vítima;297,357;BR-101/RJ;Sul;Colisão Lateral;2;;;;;;;;;;4;;;;
21/04/2016;02:03:00;21;sem vítima;297,445;BR-101/RJ;Sul;Colisão Lateral;2;;;;;;;;;;7;;;;
15/07/2016;05:54:00;19;com vítima;297,482;BR-101/RJ;Norte;Queda de Moto;;;;1;;;;;;;0;1;;;
03/07/2016;02:31:00;13;com vítima;297,494;BR-101/RJ;Norte;Choque - Defensa, barreira ou "submarino";1;;;;;;;;;;0;2;;;
22/01/2016;22:07:00;264;com vítima;297,5;BR-101/RJ;Sul;Queda de Moto;;;;1;;;;;;;0;1;;;
28/05/2016;12:14:00;77;sem vítima;297,5;BR-101/RJ;Norte;Queda de Moto;;;;1;;;;;;;0;;;;
25/07/2016;10:18:00;120;sem vítima;297,5;BR-101/RJ;Sul;Colisão Traseira;1;;;;;;;;;1;2;;;;
17/08/2016;16:40:00;215;sem vítima;297,5;BR-101/RJ;Norte;Colisão Traseira;;;1;;;;;;;1;2;;;;
19/02/2016;00:29:00;5;com vítima;297,6;BR-101/RJ;Norte;Choque - Poste;1;;;;;;;;;;0;;1;;
05/07/2016;14:33:00;137;sem vítima;297,6;BR-101/RJ;Norte;Colisão Traseira;1;;1;;;;;;;;3;;;;
16/07/2016;15:26:00;158;com vítima;297,689;BR-101/RJ;Norte;Atropelamento - Animal;;;;1;;;;;;;0;1;;;
21/05/2016;06:38:00;18;com vítima;297,7;BR-101/RJ;Sul;Choque - Defensa, barreira ou "submarino";1;;;;;;;;;;0;;1;;
25/08/2016;07:00:00;32;sem vítima;297,721;BR-101/RJ;Sul;Colisão Traseira;2;;;;;;;;;;2;;;;
18/02/2016;15:21:00;163;sem vítima;297,8;BR-101/RJ;Norte;Colisão Lateral;;;1;;;;;;;1;4;;;;
02/03/2016;09:32:00;84;sem vítima;297,8;BR-101/RJ;Sul;Colisão Lateral;1;;1;;;;;;;;2;;;;
22/04/2016;21:07:00;169;com vítima;297,8;BR-101/RJ;Norte;Atropelamento - Morador;;;;1;;;;;;;0;;1;1;
04/08/2016;15:36:00;165;sem vítima;297,8;BR-101/RJ;Sul;Colisão Traseira;1;;;;1;;;;;;2;;;;
10/08/2016;12:21:00;106;com vítima;297,836;BR-101/RJ;Sul;Colisão Lateral;;;;1;1;;;;;;1;1;;;
16/08/2016;06:04:00;37;com vítima;297,889;BR-101/RJ;Sul;Queda de Moto;;;;1;;;;;;;0;1;;;
13/07/2016;21:24:00;211;sem vítima;297,89;BR-101/RJ;Sul;Choque - Suporte de Sinalização;1;;;;;;;;;;1;;;;
23/08/2016;01:57:00;9;sem vítima;297,891;BR-101/RJ;Sul;Choque - Defensa, barreira ou "submarino";1;;;;;;;;;;1;;;;
04/08/2016;06:31:00;32;sem vítima;297,93;BR-101/RJ;Sul;Choque - Elemento de Drenagem;1;;;;;;;;;;2;;;;
11/08/2016;00:11:00;4;sem vítima;297,93;BR-101/RJ;Sul;Choque - Defensa, barreira ou "submarino";1;;;;;;;;;;1;;;;
07/08/2016;06:22:00;28;com vítima;297,934;BR-101/RJ;Sul;Colisão Traseira;1;;;;;1;;;;;1;1;;;
03/01/2016;00:18:00;3;sem vítima;298;BR-101/RJ;Sul;Colisão Lateral;1;;;;;1;;;;;5;;;;
17/04/2016;16:01:00;110;sem vítima;298;BR-101/RJ;Sul;Colisão Traseira;2;;;;;;;;;;7;;;;
21/04/2016;07:47:00;55;sem vítima;298;BR-101/RJ;Norte;Colisão Traseira;2;;;;;;;;;;10;;;;
26/04/2016;05:45:00;22;com vítima;298;BR-101/RJ;Sul;Colisão Traseira;1;;;;1;;;;;;1;1;;;
23/05/2016;16:36:00;152;sem vítima;298;BR-101/RJ;Sul;Engavetamento;2;;1;;;;;;;;3;;;;
29/07/2016;18:36:00;197;sem vítima;298;BR-101/RJ;Norte;Choque - Veiculo parado no acostamento;1;;;;1;;;;;;2;;;;
05/08/2016;11:26:00;117;sem vítima;298;BR-101/RJ;Norte;Colisão Traseira;2;;;;;;;;;;3;;;;
14/08/2016;15:37:00;96;sem vítima;298;BR-101/RJ;Sul;Choque - Defensa, barreira ou "submarino";1;;;;;;;;;;2;;;;
06/08/2016;07:18:00;37;sem vítima;298,072;BR-101/RJ;Sul;Choque - Elemento de Drenagem;1;;;;;;;;;;1;;;;
04/07/2016;16:22:00;176;com vítima;298,338;BR-101/RJ;Sul;Choque - Defensa, barreira ou "submarino";1;;;;;;;;;;0;1;;;
26/08/2016;15:12:00;168;sem vítima;298,4;BR-101/RJ;Sul;Colisão Lateral;;;1;;1;;;;;;2;;;;
09/01/2016;11:58:00;115;sem vítima;299;BR-101/RJ;Norte;Engavetamento;3;;;;;;;;;;6;;;;
04/02/2016;14:42:00;172;sem vítima;299;BR-101/RJ;Norte;Colisão Traseira;1;;;;1;;;;;;2;;;;
26/03/2016;08:56:00;32;sem vítima;299;BR-101/RJ;Sul;Colisão Traseira;2;;;;;;;;;;5;;;;
28/04/2016;14:25:00;135;sem vítima;299;BR-101/RJ;Sul;Colisão Traseira;2;;;;;;;;;;4;;;;
04/06/2016;08:30:00;40;sem vítima;299;BR-101/RJ;Sul;Colisão Traseira;2;;;;;;;;;;2;;;;
22/08/2016;19:53:00;235;sem vítima;299;BR-101/RJ;Sul;Colisão Lateral;1;;1;;;;;;;;2;;;;
16/08/2016;14:53:00;193;sem vítima;299,08;BR-101/RJ;Sul;Colisão Traseira;1;;;;;1;;;;;4;;;;
02/05/2016;00:46:00;1;com vítima;299,302;BR-101/RJ;Sul;Choque - Defensa, barreira ou "submarino";;;1;;;;;;;;2;1;;;
27/07/2016;14:36:00;145;sem vítima;299,405;BR-101/RJ;Norte;Choque - Elemento de Drenagem;;;1;;;;;;;;1;;;;
20/05/2016;12:24:00;125;com vítima;299,5;BR-101/RJ;Sul;Colisão Traseira;1;;;1;;;;;;;2;;1;;
12/01/2016;11:22:00;77;sem vítima;299,6;BR-101/RJ;Sul;Colisão Traseira;2;;;;;;;;;;11;;;;
18/08/2016;09:02:00;109;com vítima;299,625;BR-101/RJ;Norte;Queda de Moto;;;;1;;;;;;;0;;1;;
10/07/2016;21:35:00;174;sem vítima;299,73;BR-101/RJ;Sul;Colisão Traseira;2;;;;;;;;;;2;;;;
29/07/2016;07:00:00;36;com vítima;299,779;BR-101/RJ;Norte;Choque - Talude;1;;;;;;;;;;0;1;;;
07/05/2016;09:43:00;64;sem vítima;299,8;BR-101/RJ;Sul;Choque - Outros;;;1;;;;;;;;1;;;;
12/01/2016;12:03:00;86;sem vítima;300;BR-101/RJ;Norte;Engavetamento;3;;;;;;;;;;5;;;;
12/01/2016;12:05:00;87;sem vítima;300;BR-101/RJ;Norte;Colisão Traseira;1;;1;;;;;;;;5;;;;
04/02/2016;17:49:00;230;com vítima;300;BR-101/RJ;Norte;Engavetamento;4;;;;;;;;;;7;2;;;
05/02/2016;19:25:00;253;com vítima;300;BR-101/RJ;Norte;Atropelamento - Ambulante;;;;1;;;;;;;0;2;;1;
17/03/2016;20:35:00;213;com vítima;300;BR-101/RJ;Norte;Queda de Moto;;;;1;;;;;;;0;1;;;
21/04/2016;14:35:00;150;sem vítima;300;BR-101/RJ;Norte;Colisão Traseira;2;;;;;;;;;;2;;;;
27/05/2016;16:14:00;117;sem vítima;300;BR-101/RJ;Norte;Engavetamento;3;;;;;;;;;;6;;;;
17/06/2016;18:25:00;193;sem vítima;300;BR-101/RJ;Norte;Engavetamento;2;;1;;;;;;;;9;;;;
22/07/2016;18:41:00;173;sem vítima;300;BR-101/RJ;Norte;Colisão Traseira;1;;;;;;;;;1;2;;;;
14/08/2016;20:15:00;165;com vítima;300;BR-101/RJ;Sul;Colisão Lateral;1;;;1;;;;;;;3;1;;;
17/08/2016;16:28:00;208;sem vítima;300;BR-101/RJ;Norte;Engavetamento;3;;;;;;;;;;3;;;;
11/04/2016;16:56:00;181;com vítima;300,265;BR-101/RJ;Norte;Colisão Lateral;1;;;1;;;;;;;1;;2;;
16/07/2016;09:55:00;74;sem vítima;300,335;BR-101/RJ;Norte;Engavetamento;2;;;;;;;;;1;9;;;;
06/02/2016;07:41:00;99;com vítima;300,5;BR-101/RJ;Norte;Colisão Traseira;2;;;;;;;;;;6;1;;;
09/08/2016;11:08:00;131;sem vítima;300,555;BR-101/RJ;Norte;Choque - Defensa, barreira ou "submarino";1;;;;;;;;;;2;;;;
09/06/2016;12:29:00;158;com vítima;300,818;BR-101/RJ;Sul;Queda de Moto;;;;1;;;;;;;0;2;;;
12/01/2016;12:23:00;91;com vítima;301;BR-101/RJ;Norte;Colisão Traseira;1;;;1;;;;;;;1;1;;;
07/02/2016;12:51:00;106;com vítima;301;BR-101/RJ;Norte;Colisão Lateral;1;;;1;;;;;;;7;2;;;
20/02/2016;22:11:00;206;sem vítima;301;BR-101/RJ;Sul;Colisão Lateral;2;;;;;;;;;;3;;;;
17/04/2016;08:11:00;47;sem vítima;301;BR-101/RJ;Norte;Atropelamento - Animal;1;;;;;;;;;;2;;;;
24/07/2016;18:08:00;173;sem vítima;301;BR-101/RJ;Sul;Colisão Traseira;2;;;;;;;;;;2;;;;
15/04/2016;19:00:00;186;com vítima;301,2;BR-101/RJ;Norte;Engavetamento;3;;;;;;;;;;3;1;;;
05/08/2016;14:03:00;146;com vítima;301,31;BR-101/RJ;Norte;Queda de Moto;;;1;1;;;;;;;1;;1;;
29/03/2016;23:24:00;235;com vítima;301,8;BR-101/RJ;Norte;Colisão Transversal;;;;1;;1;;;;;1;;;1;1
19/08/2016;12:41:00;140;sem vítima;301,837;BR-101/RJ;Sul;Choque - Talude;1;;;;;;;;;;3;;;;
04/01/2016;06:41:00;41;sem vítima;302;BR-101/RJ;Norte;Colisão Traseira;1;;1;;;;;;;;2;;;;
14/01/2016;10:32:00;110;sem vítima;302;BR-101/RJ;Sul;Colisão Transversal;2;;;;;;;;;;4;;;;
02/08/2016;07:06:00;38;com vítima;302;BR-101/RJ;Sul;Colisão Traseira;1;;;1;;;;;;;2;2;;;
10/08/2016;17:16:00;153;sem vítima;302;BR-101/RJ;Norte;Choque - Defensa, barreira ou "submarino";1;;;;;;;;;;1;;;;
14/08/2016;20:30:00;168;sem vítima;302;BR-101/RJ;Sul;Engavetamento;3;;;;;;;;;;6;;;;
16/05/2016;18:29:00;180;sem vítima;302,671;BR-101/RJ;Sul;Choque - Defensa, barreira ou "submarino";1;;;;;;;;;;0;;;;
12/06/2016;20:11:00;132;sem vítima;302,7;BR-101/RJ;Sul;Atropelamento - Animal;1;;;;;;;;;;1;;;;
29/05/2016;17:51:00;143;com vítima;302,835;BR-101/RJ;Norte;Capotamento;;;;;;;;;;1;4;5;;;
29/05/2016;17:51:00;147;com vítima;302,835;BR-101/RJ;Norte;Engavetamento;2;;;;;1;;;;;4;1;;;
19/04/2016;05:44:00;28;sem vítima;302,842;BR-101/RJ;Norte;Colisão Frontal;1;;1;;;;;;;;5;;;;
22/06/2016;09:48:00;85;sem vítima;302,849;BR-101/RJ;Sul;Colisão Lateral;1;;1;;;;;;;;3;;;;
28/08/2016;18:52:00;134;sem vítima;302,913;BR-101/RJ;Sul;Colisão Traseira;1;;;;;1;;;;;3;;;;
10/04/2016;21:24:00;177;sem vítima;302,93;BR-101/RJ;Norte;Choque - Defensa, barreira ou "submarino";1;;;;;;;;;;1;;;;
02/07/2016;23:09:00;173;sem vítima;302,988;BR-101/RJ;Norte;Choque - Defensa, barreira ou "submarino";1;;;;;;;;;;1;;;;
04/01/2016;15:12:00;177;sem vítima;303;BR-101/RJ;Sul;Engavetamento;1;;;;1;;;;;1;15;;;;
30/01/2016;01:58:00;19;sem vítima;303;BR-101/RJ;Norte;Colisão Frontal;1;;;;;1;;;;;2;;;;
28/02/2016;14:51:00;94;com vítima;303;BR-101/RJ;Sul;Atropelamento - Morador;;;;;;1;;;;;1;;1;;
07/03/2016;17:34:00;197;com vítima;303;BR-101/RJ;Norte;Colisão Traseira;1;;;1;;;;;;;1;1;;;
15/04/2016;19:39:00;191;com vítima;303;BR-101/RJ;Norte;Atropelamento - Animal;;;;1;;;;;;;0;1;;;
05/06/2016;23:37:00;173;sem vítima;303;BR-101/RJ;Sul;Choque - Elemento de Drenagem;1;;;;;;;;;;1;;;;
19/06/2016;18:21:00;153;sem vítima;303;BR-101/RJ;Sul;Colisão Traseira;2;;;;;1;;;;;4;;;;
19/06/2016;18:41:00;158;com vítima;303;BR-101/RJ;Sul;Colisão Traseira;1;;;1;;;;;;;1;1;;;
24/07/2016;15:51:00;135;sem vítima;303;BR-101/RJ;Sul;Colisão Traseira;3;;;;;;;;;;3;;;;
24/07/2016;17:54:00;169;com vítima;303;BR-101/RJ;Norte;Tombamento;1;;;;;;;;;;1;2;;;
28/08/2016;06:08:00;22;sem vítima;303;BR-101/RJ;Norte;Colisão Lateral;2;;;;;;;;;;2;;;;
06/05/2016;22:39:00;232;com vítima;303,033;BR-101/RJ;Norte;Atropelamento - Morador;;;;;;1;;;;;1;;;;1
09/04/2016;06:58:00;37;sem vítima;303,19;BR-101/RJ;Sul;Colisão Traseira;1;;;;;1;;;;;3;;;;
07/05/2016;07:07:00;32;com vítima;303,44;BR-101/RJ;Sul;Choque - Defensa, barreira ou "submarino";1;;;;;;;;;;1;2;;;
07/02/2016;08:35:00;47;com vítima;303,5;BR-101/RJ;Norte;Colisão Traseira;1;;;1;;;;;;;4;2;;;
24/07/2016;15:11:00;128;com vítima;303,5;BR-101/RJ;Sul;Atropelamento - Outros;;;;1;;;;;;;0;1;;1;
25/07/2016;20:15:00;229;sem vítima;303,5;BR-101/RJ;Norte;Queda de Moto;;;;1;;;;;;;2;;;;
14/08/2016;19:38:00;153;sem vítima;303,5;BR-101/RJ;Sul;Engavetamento;4;;;;;;;;;;10;;;;
27/08/2016;18:47:00;177;com vítima;303,605;BR-101/RJ;Sul;Queda de Moto;;;;1;;;;;;;0;1;;;
15/05/2016;19:55:00;146;com vítima;303,652;BR-101/RJ;Sul;Colisão Lateral;1;;;1;;;;;;;4;1;;;
02/01/2016;14:25:00;121;sem vítima;303,7;BR-101/RJ;Sul;Colisão Traseira;2;;;;;;;;;;2;;;;
28/08/2016;23:25:00;185;sem vítima;303,858;BR-101/RJ;Sul;Choque - Defensa, barreira ou "submarino";1;;;;;;;;;;2;;;;
05/02/2016;08:04:00;63;sem vítima;304;BR-101/RJ;Norte;Colisão Traseira;2;;;;;;;;;;2;;;;
28/04/2016;05:16:00;19;com vítima;304;BR-101/RJ;Sul;Saida de Pista;1;;;;;;;;;;0;1;;;
07/05/2016;12:03:00;88;com vítima;304;BR-101/RJ;Sul;Atropelamento - Animal;1;;;;;;;;;;1;1;;;
12/06/2016;18:55:00;117;sem vítima;304;BR-101/RJ;Norte;Colisão Traseira;1;;;;;1;;;;;3;;;;
25/07/2016;14:13:00;166;com vítima;304;BR-101/RJ;Sul;Colisão Lateral;1;;;1;;;;;;;1;1;;;
18/06/2016;05:24:00;31;com vítima;304,043;BR-101/RJ;Sul;Colisão Lateral;2;;;;1;;;;;;39;2;;;
22/04/2016;18:23:00;149;com vítima;304,187;BR-101/RJ;Sul;Atropelamento - Morador;;;;;;1;;;;;1;;;;1
16/05/2016;07:09:00;31;com vítima;304,474;BR-101/RJ;Norte;Atropelamento - Animal;1;;;;;;;;;;1;1;;;
20/08/2016;06:04:00;29;sem vítima;304,518;BR-101/RJ;Norte;Saida de Pista;1;;;;;;;;;;1;;;;
23/05/2016;22:26:00;188;com vítima;304,7;BR-101/RJ;Norte;Colisão Transversal;;;;2;;;;;;;0;;1;;
22/06/2016;23:45:00;229;sem vítima;304,74;BR-101/RJ;Norte;Atropelamento - Animal;1;;;;;;;;;;3;;;;
06/08/2016;17:41:00;125;com vítima;304,75;BR-101/RJ;Norte;Atropelamento - Morador;;;;;;;;;;1;1;;;;1
08/04/2016;05:16:00;25;com vítima;304,96;BR-101/RJ;Sul;Atropelamento - Morador;1;;;;;;;;;;1;;;;1
06/02/2016;08:01:00;102;com vítima;305;BR-101/RJ;Norte;Colisão Traseira;2;;;;;;;;;;9;1;;;
17/02/2016;09:49:00;78;com vítima;305;BR-101/RJ;Norte;Queda de Moto;;;;1;;;;;;;0;2;;;
11/03/2016;19:53:00;225;com vítima;305;BR-101/RJ;Norte;Colisão Traseira;;;;1;;1;;;;;1;1;;;
24/03/2016;16:30:00;183;sem vítima;305;BR-101/RJ;Norte;Colisão Lateral;1;;;1;;;;;;;2;;;;
24/03/2016;21:05:00;244;com vítima;305;BR-101/RJ;Norte;Colisão Lateral;1;;;1;;;;;;;1;;1;;
16/04/2016;21:22:00;201;com vítima;305;BR-101/RJ;Sul;Choque - Outros;1;;;;;;;;;;0;;2;;
11/05/2016;08:05:00;49;sem vítima;305;BR-101/RJ;Sul;Choque - Defensa, barreira ou "submarino";1;;;;;;;;;;1;;;;
04/06/2016;19:15:00;156;sem vítima;305;BR-101/RJ;Sul;Engavetamento;4;;;;;;;;;1;7;;;;
19/07/2016;20:02:00;199;sem vítima;305;BR-101/RJ;Sul;Colisão Lateral;;;;1;;1;;;;;2;;;;
27/06/2016;08:48:00;74;com vítima;305,21;BR-101/RJ;Sul;Atropelamento - Morador;;;;1;;;;;;;0;2;;;
12/04/2016;02:43:00;8;sem vítima;305,478;BR-101/RJ;Sul;Atropelamento - Animal;1;;;;;;;;;;1;;;;
19/05/2016;22:41:00;200;sem vítima;305,5;BR-101/RJ;Norte;Choque - Defensa, barreira ou "submarino";1;;;;;;;;;;1;;;;
23/01/2016;17:54:00;200;com vítima;305,7;BR-101/RJ;Norte;Colisão Traseira;1;;;1;;;;;;;1;1;;;
16/08/2016;07:56:00;72;com vítima;305,905;BR-101/RJ;Sul;Colisão Traseira;1;;;1;;;;;;;4;;1;;
01/05/2016;12:09:00;80;sem vítima;305,977;BR-101/RJ;Sul;Colisão Traseira;2;;;;;;;;;;2;;;;
04/02/2016;15:56:00;190;sem vítima;306;BR-101/RJ;Norte;Colisão Traseira;2;;;;;;;;;;2;;;;
05/02/2016;20:01:00;258;com vítima;306;BR-101/RJ;Norte;Atropelamento - Ambulante;;;;1;;;;;;;1;1;;;
28/02/2016;19:02:00;152;sem vítima;306;BR-101/RJ;Sul;Engavetamento;3;;;;;;;;;;3;;;;
29/02/2016;10:20:00;96;com vítima;306;BR-101/RJ;Norte;Choque - Defensa, barreira ou "submarino";;;;;;;;;;1;1;1;;;
29/02/2016;10:39:00;101;com vítima;306;BR-101/RJ;Norte;Colisão Traseira;;;1;1;;;;;;;1;2;;;
29/02/2016;11:05:00;112;sem vítima;306;BR-101/RJ;Norte;Colisão Traseira;2;;;;;;;;;;5;;;;
14/03/2016;06:48:00;37;com vítima;306;BR-101/RJ;Norte;Colisão Traseira;2;;;;;;;;;;1;1;;;
22/06/2016;14:35:00;143;sem vítima;306;BR-101/RJ;Sul;Engavetamento;3;;;;;;;;;;4;;;;
08/07/2016;18:03:00;194;com vítima;306;BR-101/RJ;Norte;Colisão Lateral;;;;1;;;;;;1;1;;1;;
23/07/2016;17:41:00;164;sem vítima;306;BR-101/RJ;Sul;Engavetamento;3;;;;;;;;;;9;;;;
10/08/2016;08:35:00;61;com vítima;306;BR-101/RJ;Sul;Colisão Traseira;1;;;1;;;;;;;2;1;;;
13/08/2016;03:40:00;17;sem vítima;306;BR-101/RJ;Sul;Atropelamento de Animal;1;;;;;;;;;;1;;;;
14/08/2016;08:50:00;35;sem vítima;306;BR-101/RJ;Norte;Atropelamento de Animal;1;;;;;;;;;;1;;;;
17/06/2016;21:56:00;236;sem vítima;306,2;BR-101/RJ;Sul;Engavetamento;3;;;;;;;;;;8;;;;
27/08/2016;13:42:00;114;sem vítima;306,291;BR-101/RJ;Sul;Choque - Defensa, barreira ou "submarino";1;;;;;;;;;;2;;;;
21/06/2016;03:37:00;20;sem vítima;306,331;BR-101/RJ;Sul;Colisão Traseira;;;2;;;;;;;;2;;;;
25/08/2016;09:19:00;102;sem vítima;306,36;BR-101/RJ;Norte;Colisão Lateral;;;;;1;1;;;;;2;;;;
15/05/2016;10:06:00;61;sem vítima;306,378;BR-101/RJ;Norte;Choque - Defensa, barreira ou "submarino";1;;;;;;;;;;1;;;;
04/01/2016;18:33:00;226;com vítima;306,5;BR-101/RJ;Sul;Colisão Lateral;2;;;1;;;;;;;5;1;;;
03/07/2016;17:43:00;132;sem vítima;306,646;BR-101/RJ;Sul;Colisão Traseira;2;;;;;;;;;;7;;;;
10/08/2016;15:24:00;132;com vítima;306,69;BR-101/RJ;Norte;Colisão Traseira;;;1;;1;;;;;;10;1;;;
22/07/2016;23:24:00;212;sem vítima;306,7;BR-101/RJ;Norte;Colisão Transversal;2;;;;;;;;;;4;;;;
01/04/2016;21:32:00;230;com vítima;306,75;BR-101/RJ;Norte;Colisão Frontal;;;;2;;;;;;;0;3;;;
29/01/2016;07:52:00;45;com vítima;306,759;BR-101/RJ;Sul;Colisão Traseira;;;;1;;;;;;1;3;;1;;
09/08/2016;19:01:00;205;sem vítima;306,864;BR-101/RJ;Sul;Queda de Moto;;;;1;;;;;;;2;;;;
04/02/2016;16:32:00;203;sem vítima;307;BR-101/RJ;Norte;Engavetamento;3;;;;;;;;;;4;;;;
06/02/2016;05:25:00;64;sem vítima;307;BR-101/RJ;Sul;Colisão Traseira;2;;;;;;;;;;2;;;;