data;horario;n_da_ocorrencia;tipo_de_ocorrencia;km;trecho;sentido;tipo_de_acidente;automovel;bicicleta;caminhao;moto;onibus;outros;tracao_animal;transporte_de_cargas_especiais;trator_maquinas;utilitarios;ilesos;levemente_feridos;moderadamente_feridos;gravemente_feridos;mortos
16/04/2016;23:44:00;218;sem vítima;321;BR-101/RJ;Norte;Tombamento;1;;;;;;;;;;2;;;;
17/04/2016;14:52:00;95;sem vítima;321;BR-101/RJ;Norte;Choque - Defensa, barreira ou "submarino";1;;;;;;;;;;2;;;;
29/04/2016;19:37:00;174;com vítima;321;BR-101/RJ;Norte;Colisão Traseira;2;;;;;;;;;;4;1;;;
29/04/2016;20:18:00;179;sem vítima;321;BR-101/RJ;Norte;Colisão Lateral;1;;1;;;;;;;;2;;;;
02/06/2016;16:16:00;144;sem vítima;321;BR-101/RJ;Sul;Colisão Traseira;;;;;;1;;;;1;2;;;;
20/06/2016;10:05:00;93;sem vítima;321;BR-101/RJ;Norte;Choque - Defensa, barreira ou "submarino";2;;;;;;;;;;2;;;;
09/07/2016;15:28:00;128;sem vítima;321;BR-101/RJ;Norte;Colisão Lateral;2;;;;;;;;;;2;;;;
29/07/2016;20:38:00;211;com vítima;321;BR-101/RJ;Norte;Colisão Lateral;1;;;1;;;;;;;1;1;;;
23/08/2016;18:37:00;174;com vítima;321;BR-101/RJ;Sul;Colisão Lateral;1;;;1;;;;;;;2;1;;;
21/05/2016;22:39:00;157;com vítima;321,059;BR-101/RJ;Norte;Choque - Defensa, barreira ou "submarino";1;;;;;;;;;;1;2;;;
22/08/2016;04:51:00;15;sem vítima;321,141;BR-101/RJ;Sul;Choque - Defensa, barreira ou "submarino";2;;;;;;;;;1;5;;;;
12/08/2016;18:29:00;212;sem vítima;321,186;BR-101/RJ;Norte;Colisão Traseira;2;;;;;;;;;;2;;;;
03/08/2016;18:34:00;177;sem vítima;321,306;BR-101/RJ;Norte;Engavetamento;2;;;;;2;;;;;6;;;;
13/08/2016;08:49:00;44;sem vítima;321,569;BR-101/RJ;Norte;Colisão Traseira;1;;;;;;;;;1;2;;;;
08/06/2016;15:58:00;126;com vítima;321,6;BR-101/RJ;Norte;Atropelamento - Outros;1;;;;;;;;;;1;;1;;
11/05/2016;18:10:00;162;com vítima;321,855;BR-101/RJ;Sul;Colisão Traseira;2;;;1;;;;;;;2;1;1;;
21/03/2016;06:28:00;33;sem vítima;321,9;BR-101/RJ;Norte;Choque - Defensa, barreira ou "submarino";1;;;;;;;;;;3;;;;
06/01/2016;10:50:00;109;sem vítima;322;BR-101/RJ;Norte;Colisão Traseira;;;;;;1;;;;1;5;;;;
06/01/2016;12:44:00;134;sem vítima;322;BR-101/RJ;Sul;Saida de Pista;1;;;;;;;;;;2;;;;
24/01/2016;13:18:00;99;sem vítima;322;BR-101/RJ;Norte;Colisão Traseira;1;;;;;1;;;;;2;;;;
24/02/2016;09:33:00;91;sem vítima;322;BR-101/RJ;Sul;Colisão Lateral;1;;1;;;;;;;;2;;;;
18/05/2016;11:37:00;123;sem vítima;322;BR-101/RJ;Sul;Engavetamento;2;;;;;1;;;;1;4;;;;
21/06/2016;07:34:00;51;com vítima;322;BR-101/RJ;Sul;Queda de Moto;;;;1;;;;;;;0;1;;;
22/06/2016;17:24:00;174;com vítima;322;BR-101/RJ;Norte;Colisão Traseira;1;;;1;;;;;;;3;1;;;
07/07/2016;18:50:00;184;sem vítima;322;BR-101/RJ;Sul;Engavetamento;2;;;;;1;;;;;6;;;;
22/07/2016;15:20:00;135;sem vítima;322;BR-101/RJ;Norte;Colisão Lateral;1;;1;;;;;;;;6;;;;
01/09/2016;00:43:00;6;sem vítima;225,395;BR-101/RJ;Sul;Colisão Traseira;;;2;;;;;;;;2;;;;
01/09/2016;05:16:00;23;sem vítima;243;BR-101/RJ;Norte;Choque - Talude;1;;;;;;;;;;2;;;;
01/09/2016;07:57:00;41;com vítima;224,21;BR-101/RJ;Norte;Choque - Arvore;;;;;;;;;;1;0;1;1;;
01/09/2016;08:55:00;63;com vítima;134,505;BR-101/RJ;Sul;Choque - Defensa, barreira ou "submarino";1;;;;;;;;;;0;;1;;
01/09/2016;09:29:00;72;sem vítima;210;BR-101/RJ;Norte;Colisão Transversal;2;;;;;;;;;;3;;;;
01/09/2016;10:01:00;76;sem vítima;297;BR-101/RJ;Norte;Colisão Lateral;1;;;;;1;;;;;2;;;;
01/09/2016;11:49:00;100;com vítima;87,483;BR-101/RJ;Norte;Capotamento;1;;;;;;;;;;0;;1;;
01/09/2016;12:17:00;105;com vítima;292;BR-101/RJ;Norte;Colisão Lateral;1;;;;;1;;;;;1;;1;;
01/09/2016;18:06:00;169;com vítima;319;BR-101/RJ;Norte;Colisão Lateral;1;;;1;;;;;;;1;3;;;
01/09/2016;19:17:00;185;sem vítima;320;BR-101/RJ;Norte;Colisão Traseira;2;;;;;;;;;;2;;;;
01/09/2016;23:59:00;204;sem vítima;316,282;BR-101/RJ;Sul;Colisão Lateral;2;;;;;;;;;;3;;;;
02/09/2016;12:33:00;144;com vítima;292,588;BR-101/RJ;Sul;Colisão Traseira;;;;1;1;;;;;;1;1;1;;
02/09/2016;13:22:00;155;sem vítima;225,474;BR-101/RJ;Norte;Choque - Talude;2;;;;;;;;;;6;;;;
02/09/2016;14:29:00;168;sem vítima;305;BR-101/RJ;Norte;Choque - Suporte de Sinalização;1;;;;;;;;;;2;;;;
02/09/2016;15:34:00;184;sem vítima;311;BR-101/RJ;Norte;Colisão Traseira;2;;;;;;;;;;2;;;;
02/09/2016;15:35:00;185;com vítima;181,75;BR-101/RJ;Sul;Colisão Traseira;1;;1;;;;;;;;4;1;;;
02/09/2016;15:45:00;187;sem vítima;184,68;BR-101/RJ;Norte;Colisão Traseira;2;;;;;;;;;;2;;;;
02/09/2016;18:28:00;225;com vítima;296;BR-101/RJ;Sul;Queda de Moto;;;;1;;;;;;;0;1;;;
02/09/2016;19:07:00;234;com vítima;68;BR-101/RJ;Norte;Engavetamento;4;;;;;;;;;;7;;1;;
02/09/2016;19:15:00;235;sem vítima;104;BR-101/RJ;Norte;Choque - Defensa, barreira ou "submarino";1;;;;;;;;;;1;;;;
02/09/2016;23:07:00;259;sem vítima;151,85;BR-101/RJ;Sul;Tombamento;;;1;;;;;;;;1;;;;
03/09/2016;00:24:00;3;sem vítima;318;BR-101/RJ;Norte;Colisão Traseira;1;;;;;1;;;;;2;;;;
03/09/2016;02:57:00;15;com vítima;304,295;BR-101/RJ;Norte;Choque - Suporte de Sinalização;1;;;;;;;;;;0;1;;;
03/09/2016;04:03:00;22;com vítima;284,709;BR-101/RJ;Sul;Choque - Defensa, barreira ou "submarino";1;;;;;;;;;;0;1;;;
03/09/2016;04:38:00;25;com vítima;319,95;BR-101/RJ;Sul;Colisão Traseira;1;;;;;;;;;1;1;1;;;
03/09/2016;06:00:00;35;sem vítima;59,537;BR-101/RJ;Norte;Engavetamento;2;;;;1;;;;;1;44;;;;
03/09/2016;12:56:00;105;sem vítima;300,231;BR-101/RJ;Norte;Atropelamento de Animal;1;;;;;;;;;;3;;;;
03/09/2016;14:14:00;120;sem vítima;303,038;BR-101/RJ;Sul;Choque - Elemento de Drenagem;1;;;;;;;;;;1;;;;
03/09/2016;16:06:00;140;com vítima;305,415;BR-101/RJ;Norte;Choque - Defensa, barreira ou "submarino";1;;;;;;;;;;1;;1;;
03/09/2016;16:53:00;147;sem vítima;306,23;BR-101/RJ;Norte;Engavetamento;4;;;;;;;;;;5;;;;
03/09/2016;17:42:00;156;sem vítima;90,449;BR-101/RJ;Sul;Tombamento;;;1;;;;;;;;1;;;;
03/09/2016;19:23:00;166;com vítima;28,7;BR-101/RJ;Sul;Colisão Frontal;1;;;1;;;;;;;1;;;1;
03/09/2016;22:18:00;189;com vítima;267,1;BR-101/RJ;Sul;Colisão Lateral;2;;;;;;;;;;2;4;;;
04/09/2016;00:05:00;1;com vítima;321;BR-101/RJ;Norte;Queda de Moto;;;;1;;;;;;;0;;1;;
04/09/2016;00:23:00;3;sem vítima;273;BR-101/RJ;Sul;Choque - Elemento de Drenagem;1;;;;;;;;;;2;;;;
04/09/2016;12:24:00;69;sem vítima;310,488;BR-101/RJ;Norte;Colisão Traseira;1;;;;;;;;;1;3;;;;
04/09/2016;16:31:00;112;sem vítima;295,3;BR-101/RJ;Sul;Colisão Traseira;2;;;;;;;;;;2;;;;
04/09/2016;17:14:00;124;com vítima;69,807;BR-101/RJ;Norte;Choque - Outros;1;;;;;;;;;;0;1;;;
04/09/2016;17:50:00;129;sem vítima;291;BR-101/RJ;Sul;Engavetamento;3;;;;;;;;;;3;;;;
04/09/2016;20:50:00;161;com vítima;47,7;BR-101/RJ;Norte;Colisão Traseira;;1;;;;1;;;;;1;1;;;
05/09/2016;00:12:00;4;sem vítima;46;BR-101/RJ;Sul;Choque - Talude;1;;;;;;;;;;1;;;;
05/09/2016;05:38:00;32;sem vítima;287;BR-101/RJ;Norte;Choque - Defensa, barreira ou "submarino";1;;;;;;;;;;1;;;;
05/09/2016;07:28:00;58;sem vítima;313;BR-101/RJ;Sul;Engavetamento;4;;;;;;;;;;5;;;;
05/09/2016;08:14:00;88;com vítima;266;BR-101/RJ;Norte;Choque - Defensa, barreira ou "submarino";1;;;;;;;;;;0;2;;;
05/09/2016;09:08:00;113;sem vítima;306;BR-101/RJ;Sul;Engavetamento;4;;;;;;;;;;4;;;;
05/09/2016;09:24:00;119;sem vítima;57,59;BR-101/RJ;Sul;Colisão Transversal;1;;;;;1;;;;;4;;;;
05/09/2016;09:25:00;120;sem vítima;66,456;BR-101/RJ;Norte;Colisão Traseira;2;;;;;;;;;;3;;;;
05/09/2016;09:29:00;121;sem vítima;103,9;BR-101/RJ;Sul;Choque - Elemento de Drenagem;1;;;;;;;;;;2;;;;
05/09/2016;14:54:00;217;sem vítima;311,388;BR-101/RJ;Sul;Colisão Traseira;1;;;;;1;;;;;2;;;;
05/09/2016;17:04:00;242;sem vítima;317,6;BR-101/RJ;Norte;Colisão Traseira;2;;;;;;;;;;2;;;;
05/09/2016;18:56:00;262;sem vítima;314,83;BR-101/RJ;Norte;Colisão Traseira;2;;;;;;;;;;2;;;;
06/09/2016;01:44:00;9;sem vítima;27,73;BR-101/RJ;Sul;Engavetamento;1;;1;;;1;;;;;3;;;;
06/09/2016;08:02:00;67;sem vítima;306,597;BR-101/RJ;Sul;Engavetamento;1;;;;;2;;;;;3;;;;
06/09/2016;09:00:00;90;sem vítima;209,134;BR-101/RJ;Norte;Engavetamento;3;;;;;;;;;;4;;;;
06/09/2016;10:18:00;115;sem vítima;297;BR-101/RJ;Norte;Colisão Lateral;1;;1;;;;;;;;2;;;;
06/09/2016;11:09:00;128;sem vítima;232,772;BR-101/RJ;Sul;Colisão Lateral;;;1;;;;;;;1;2;;;;
06/09/2016;15:30:00;174;com vítima;319;BR-101/RJ;Norte;Colisão Traseira;1;;1;;1;;;;;;3;1;;;
06/09/2016;15:35:00;190;sem vítima;266;BR-101/RJ;Norte;Objeto lançado contra veículo;;;1;;;1;;;;;2;;;;
06/09/2016;19:16:00;226;com vítima;297;BR-101/RJ;Norte;Colisão Traseira;2;;;;;;;;;;4;1;;;
06/09/2016;19:21:00;227;sem vítima;319;BR-101/RJ;Sul;Colisão Lateral;1;;;1;;;;;;;2;;;;
06/09/2016;20:22:00;237;sem vítima;261;BR-101/RJ;Sul;Choque - Arvore;1;;;;;;;;;;1;;;;
07/09/2016;04:06:00;17;com vítima;254,66;BR-101/RJ;Sul;Colisão Frontal;1;;1;;;;;;;;1;2;;;
07/09/2016;05:20:00;19;com vítima;312,359;BR-101/RJ;Sul;Queda de Moto;;;;1;;;;;;;0;1;;;
07/09/2016;05:30:00;20;com vítima;305,968;BR-101/RJ;Sul;Tombamento;;;;;;;;;;1;0;2;;;
07/09/2016;07:36:00;36;sem vítima;59,689;BR-101/RJ;Norte;Colisão Traseira;1;;;;1;;;;;;2;;;;
07/09/2016;08:51:00;53;sem vítima;64,04;BR-101/RJ;Norte;Colisão Transversal;1;;;;;;;;;1;2;;;;
07/09/2016;09:55:00;62;sem vítima;95;BR-101/RJ;Norte;Colisão Traseira;2;;;;;;;;;;2;;;;
07/09/2016;09:59:00;64;sem vítima;293;BR-101/RJ;Norte;Colisão Traseira;2;;;;;;;;;;2;;;;
07/09/2016;10:29:00;69;com vítima;206;BR-101/RJ;Sul;Colisão Transversal;1;;;1;;;;;;;1;1;;;
07/09/2016;11:08:00;75;com vítima;306;BR-101/RJ;Norte;Choque - Talude;1;;;;;;;;;;1;1;3;;
07/09/2016;17:25:00;131;com vítima;239;BR-101/RJ;Sul;Choque - Defensa, barreira ou "submarino";1;;;;;1;;;;;1;2;;;
07/09/2016;18:46:00;149;com vítima;23,567;BR-101/RJ;Sul;Colisão Traseira;1;;;1;;;;;;;1;2;;;
07/09/2016;19:51:00;155;com vítima;57,54;BR-101/RJ;Sul;Colisão Transversal;;;;1;;1;;;;;1;1;;;
07/09/2016;20:00:00;157;com vítima;243;BR-101/RJ;Norte;Queda de Moto;;;;1;;1;;;;;1;1;;;
07/09/2016;20:56:00;162;com vítima;304;BR-101/RJ;Norte;Queda de Moto;;;;1;;;;;;;0;1;;;
08/09/2016;08:29:00;53;sem vítima;301,352;BR-101/RJ;Norte;Atropelamento de Animal;1;;;;;;;;;;1;;;;
08/09/2016;10:14:00;79;sem vítima;316;BR-101/RJ;Sul;Colisão Traseira;2;;;;;;;;;;2;;;;
08/09/2016;10:16:00;81;sem vítima;67;BR-101/RJ;Norte;Colisão Traseira;2;;;;;;;;;;2;;;;
08/09/2016;12:27:00;109;sem vítima;279,79;BR-101/RJ;Sul;Choque - Outros;1;;;;;;;;;;2;;;;
08/09/2016;16:55:00;161;com vítima;71;BR-101/RJ;Sul;Queda de Moto;;;;1;;;;;;;0;1;;;
08/09/2016;19:34:00;188;sem vítima;176;BR-101/RJ;Sul;Colisão Lateral;1;;;;;1;;;;;2;;;;
08/09/2016;22:02:00;215;sem vítima;314;BR-101/RJ;Norte;Colisão Traseira;2;;;;;;;;;;3;;;;
09/09/2016;05:03:00;30;com vítima;236;BR-101/RJ;Norte;Colisão Lateral;;;3;;;;;;;;1;2;;;
09/09/2016;10:27:00;115;com vítima;236,7;BR-101/RJ;Sul;Colisão Transversal;1;;1;;;;;;;;0;3;;;
09/09/2016;10:41:00;120;sem vítima;292;BR-101/RJ;Sul;Colisão Lateral;1;;;;;1;;;;;2;;;;
09/09/2016;14:39:00;157;com vítima;286,295;BR-101/RJ;Norte;Queda de Moto;;;;1;;;;;;;0;2;;;
09/09/2016;16:48:00;184;sem vítima;195;BR-101/RJ;Sul;Choque - Talude;1;;;;;;;;;;1;;;;
09/09/2016;16:59:00;185;com vítima;318;BR-101/RJ;Norte;Colisão Lateral;1;;;1;;;;;;;3;;1;;
09/09/2016;17:00:00;186;sem vítima;311;BR-101/RJ;Norte;Colisão Traseira;1;;;;;1;;;;;7;;;;
09/09/2016;18:37:00;206;com vítima;193;BR-101/RJ;Sul;Choque - Elemento de Drenagem;1;;;;;;;;;;0;3;1;;
09/09/2016;19:12:00;213;sem vítima;296,896;BR-101/RJ;Norte;Engavetamento;5;;;;;;;;;2;19;;;;
09/09/2016;21:41:00;226;com vítima;296;BR-101/RJ;Sul;Choque - Defensa, barreira ou "submarino";;;;;;;;;;1;0;1;;;
09/09/2016;22:17:00;232;sem vítima;299,8;BR-101/RJ;Sul;Colisão Lateral;2;;;;;;;;;;7;;;;
09/09/2016;22:54:00;239;com vítima;169,08;BR-101/RJ;Norte;Tombamento;;;1;;;;;;;;0;3;;;
10/09/2016;02:27:00;16;sem vítima;283;BR-101/RJ;Sul;Choque - Defensa, barreira ou "submarino";1;;;;;;;;;;1;;;;
10/09/2016;06:09:00;31;sem vítima;294,914;BR-101/RJ;Norte;Outros;1;;;;;;;;;;1;;;;
10/09/2016;07:54:00;52;sem vítima;209,841;BR-101/RJ;Sul;Choque - Defensa, barreira ou "submarino";1;;;;;;;;;;1;;;;
10/09/2016;09:00:00;74;sem vítima;206,673;BR-101/RJ;Norte;Engavetamento;3;;;;;;;;;;3;;;;
10/09/2016;12:50:00;123;sem vítima;320,965;BR-101/RJ;Norte;Choque - Defensa, barreira ou "submarino";1;;;;;;;;;;1;;;;
10/09/2016;14:25:00;139;sem vítima;192;BR-101/RJ;Sul;Choque - Outros;1;;;;;;;;;;1;;;;
10/09/2016;15:18:00;149;sem vítima;297;BR-101/RJ;Sul;Colisão Traseira;1;;;;;1;;;;;2;;;;
10/09/2016;15:17:00;150;com vítima;50,174;BR-101/RJ;Norte;Choque - Defensa, barreira ou "submarino";1;;;;;;;;;;0;;;1;
10/09/2016;15:26:00;152;sem vítima;308;BR-101/RJ;Sul;Colisão Traseira;2;;;;;;;;;;3;;;;
10/09/2016;21:53:00;208;sem vítima;276;BR-101/RJ;Sul;Capotamento;1;;;;;;;;;;2;;;;
10/09/2016;22:44:00;212;com vítima;86;BR-101/RJ;Norte;Capotamento;1;;;;;;;;;;0;4;1;;
10/09/2016;23:58:00;218;com vítima;277,569;BR-101/RJ;Norte;Colisão Traseira;;;;2;;;;;;;1;2;;;
11/09/2016;00:10:00;3;com vítima;317,67;BR-101/RJ;Norte;Choque - Defensa, barreira ou "submarino";1;;;;;;;;;;0;1;;;
11/09/2016;03:38:00;16;sem vítima;318,236;BR-101/RJ;Sul;Choque - Elemento de Drenagem;1;;;;;;;;;;1;;;;
11/09/2016;04:30:00;19;com vítima;297;BR-101/RJ;Norte;Choque - Outros;1;;;;;;;;;;0;1;;;
11/09/2016;06:51:00;31;com vítima;61,246;BR-101/RJ;Sul;Colisão Transversal;1;;;1;;;;;;;4;1;;;
11/09/2016;10:51:00;65;com vítima;291,399;BR-101/RJ;Sul;Queda de Moto;;;;1;;;;;;;0;2;;;
11/09/2016;14:24:00;110;com vítima;296;BR-101/RJ;Sul;Choque - Defensa, barreira ou "submarino";1;;;;;;;;;;0;2;1;;
11/09/2016;16:12:00;135;com vítima;166,18;BR-101/RJ;Norte;Colisão Frontal;1;;1;;;;;;;;0;;;1;1
11/09/2016;17:36:00;153;com vítima;271;BR-101/RJ;Norte;Choque - Elemento de Drenagem;1;;;;;;;;;;0;2;;;
11/09/2016;17:46:00;154;sem vítima;271;BR-101/RJ;Norte;Colisão Traseira;2;;;;;;;;;;3;;;;
11/09/2016;19:22:00;173;com vítima;262,9;BR-101/RJ;Sul;Engavetamento;3;;;1;;;;;;;4;4;;;
11/09/2016;20:20:00;181;sem vítima;298;BR-101/RJ;Norte;Colisão Traseira;1;;;;;1;;;;;5;;;;
11/09/2016;20:55:00;191;sem vítima;266;BR-101/RJ;Norte;Colisão Traseira;1;;;;;1;;;;;3;;;;
11/09/2016;21:13:00;192;sem vítima;289;BR-101/RJ;Sul;Engavetamento;3;;;;;;;;;;3;;;;
11/09/2016;21:36:00;198;com vítima;299,7;BR-101/RJ;Norte;Choque - Defensa, barreira ou "submarino";1;;;;;;;;;;0;1;;;
11/09/2016;23:23:00;208;com vítima;93,5;BR-101/RJ;Norte;Capotamento;1;;;;;;;;;;0;2;;;
12/09/2016;00:16:00;2;com vítima;116;BR-101/RJ;Sul;Choque - Talude;;;;;;;;;;1;2;3;;;
12/09/2016;00:45:00;4;sem vítima;286,8;BR-101/RJ;Sul;Choque - Objeto sobre a pista;1;;;;;;;;;;1;;;;
12/09/2016;03:46:00;18;sem vítima;206,662;BR-101/RJ;Norte;Colisão Traseira;1;;1;;;;;;;;6;;;;
12/09/2016;06:05:00;29;com vítima;311,249;BR-101/RJ;Sul;Objeto lançado contra veículo;;;;1;;;;;;;0;1;;;
12/09/2016;07:40:00;60;sem vítima;311,712;BR-101/RJ;Sul;Colisão Traseira;2;;;;;;;;;;3;;;;
12/09/2016;07:47:00;66;sem vítima;244;BR-101/RJ;Norte;Colisão Transversal;2;;;;;;;;;;2;;;;
12/09/2016;07:50:00;70;sem vítima;309,323;BR-101/RJ;Sul;Colisão Traseira;2;;;;;;;;;;8;;;;
12/09/2016;08:18:00;77;sem vítima;297;BR-101/RJ;Norte;Engavetamento;2;;;;;1;;;;;3;;;;
12/09/2016;09:15:00;98;com vítima;224,02;BR-101/RJ;Sul;Choque - Outros;1;;;;;;;;;;0;4;;;
12/09/2016;09:42:00;107;sem vítima;309;BR-101/RJ;Sul;Colisão Traseira;2;;;;;;;;;;2;;;;
12/09/2016;11:06:00;132;com vítima;313,63;BR-101/RJ;Sul;Queda de Moto;;;;1;;;;;;;0;2;;;
12/09/2016;13:14:00;154;com vítima;90;BR-101/RJ;Sul;Capotamento;;;1;;;;;;;;0;;;;2
12/09/2016;14:44:00;155;sem vítima;297,68;BR-101/RJ;Sul;Colisão Lateral;2;;;;;;;;;;2;;;;
12/09/2016;22:36:00;240;com vítima;251;BR-101/RJ;Norte;Colisão Lateral;;;1;;;;;;;1;2;3;;;
13/09/2016;04:40:00;32;sem vítima;106,65;BR-101/RJ;Sul;Choque - Objeto sobre a pista;;;;;;;;;;1;1;;;;
13/09/2016;05:35:00;37;sem vítima;238,314;BR-101/RJ;Norte;Choque - Defensa, barreira ou "submarino";1;;;;;;;;;;3;;;;
13/09/2016;07:54:00;68;com vítima;210,256;BR-101/RJ;Sul;Tombamento;;;1;;;;;;;;0;1;;;
13/09/2016;09:58:00;126;sem vítima;312;BR-101/RJ;Sul;Colisão Traseira;2;;;;;;;;;;2;;;;
13/09/2016;23:29:00;254;sem vítima;291;BR-101/RJ;Sul;Choque - Elemento de Drenagem;1;;;;;;;;;;1;;;;
14/09/2016;01:17:00;5;sem vítima;296,918;BR-101/RJ;Sul;Choque - Outros;1;;;;;;;;;;1;;;;
14/09/2016;06:29:00;35;sem vítima;314;BR-101/RJ;Sul;Choque - Defensa, barreira ou "submarino";1;;;;;;;;;;2;;;;
14/09/2016;07:54:00;73;sem vítima;265;BR-101/RJ;Norte;Colisão Lateral;1;;1;;;;;;;;3;;;;
14/09/2016;08:41:00;95;sem vítima;294;BR-101/RJ;Sul;Colisão Traseira;1;;1;;;;;;;;4;;;;
14/09/2016;10:30:00;135;com vítima;303;BR-101/RJ;Norte;Colisão Traseira;;;;2;;;;;;;1;;1;;
14/09/2016;11:42:00;151;com vítima;55;BR-101/RJ;Sul;Colisão Transversal;1;1;;;;;;;;;3;1;;;
14/09/2016;13:34:00;168;com vítima;306;BR-101/RJ;Norte;Queda de Moto;;;;1;;;;;;;0;1;;;
14/09/2016;14:17:00;178;sem vítima;285;BR-101/RJ;Norte;Colisão Traseira;1;;1;;;;;;;;3;;;;
14/09/2016;14:36:00;184;com vítima;312;BR-101/RJ;Norte;Choque - Elemento de Drenagem;;;;1;;;;;;;0;;1;;
14/09/2016;18:40:00;233;sem vítima;313;BR-101/RJ;Norte;Colisão Traseira;2;;;;;;;;;;5;;;;
14/09/2016;19:07:00;235;com vítima;308,055;BR-101/RJ;Sul;Choque - Suporte de Sinalização;;;;1;;;;;;;0;1;;;
14/09/2016;19:29:00;239;sem vítima;318;BR-101/RJ;Norte;Colisão Traseira;2;;;;;;;;;;2;;;;
15/09/2016;00:04:00;1;com vítima;315,602;BR-101/RJ;Norte;Colisão Traseira;1;;1;;;;;;;;3;1;;;
15/09/2016;08:47:00;96;sem vítima;205;BR-101/RJ;Norte;Colisão Transversal;2;;;;;;;;;;2;;;;
15/09/2016;10:55:00;140;sem vítima;308;BR-101/RJ;Norte;Colisão Traseira;1;;;1;;;;;;;3;;;;
15/09/2016;21:42:00;260;com vítima;321;BR-101/RJ;Norte;Queda de Moto;;;;1;;;;;;;0;2;;;
16/09/2016;02:29:00;11;sem vítima;287,4;BR-101/RJ;Norte;Engavetamento;1;;2;;;;;;;;3;;;;
16/09/2016;02:49:00;13;sem vítima;310;BR-101/RJ;Norte;Choque - Defensa, barreira ou "submarino";1;;;;;;;;;;1;;;;
16/09/2016;09:02:00;87;com vítima;59,9;BR-101/RJ;Norte;Colisão Transversal;1;1;;;;;;;;;3;1;;;
16/09/2016;17:00:00;188;sem vítima;297;BR-101/RJ;Norte;Colisão Lateral;1;;1;;;;;;;;2;;;;
16/09/2016;21:29:00;221;com vítima;284;BR-101/RJ;Sul;Colisão Lateral;1;;1;;;;;;;;1;2;;;
17/09/2016;00:19:00;5;sem vítima;239;BR-101/RJ;Norte;Choque - Defensa, barreira ou "submarino";1;;;;;;;;;;3;;;;
17/09/2016;01:11:00;12;com vítima;297;BR-101/RJ;Norte;Colisão Traseira;2;;;;;;;;;;4;2;;;
17/09/2016;01:43:00;16;sem vítima;123;BR-101/RJ;Norte;Colisão Traseira;;;2;;;;;;;;2;;;;
17/09/2016;16:57:00;169;sem vítima;76,5;BR-101/RJ;Norte;Colisão Traseira;2;;;;;;;;;;2;;;;
17/09/2016;18:18:00;187;sem vítima;92,8;BR-101/RJ;Sul;Colisão Traseira;1;;;;1;;;;;;52;;;;
17/09/2016;19:06:00;196;sem vítima;50,6;BR-101/RJ;Norte;Atropelamento de Animal;1;;;;;;;;;;2;;;;
18/09/2016;00:39:00;7;sem vítima;310,35;BR-101/RJ;Norte;Choque - Defensa, barreira ou "submarino";1;;;;;;;;;;3;;;;
18/09/2016;00:55:00;9;com vítima;310,465;BR-101/RJ;Sul;Colisão Traseira;3;;;;;;;;;;4;3;;;
18/09/2016;01:01:00;10;com vítima;310;BR-101/RJ;Norte;Colisão Traseira;1;;;1;;;;;;;1;1;;;
18/09/2016;01:43:00;16;sem vítima;313,425;BR-101/RJ;Sul;Colisão Frontal;1;;;;;1;;;;;2;;;;
18/09/2016;02:16:00;18;com vítima;281,9;BR-101/RJ;Norte;Colisão Lateral;1;;;1;;;;;;;2;;;1;
18/09/2016;04:03:00;27;com vítima;145,2;BR-101/RJ;Sul;Tombamento;;;;;1;;;;;;15;;2;;
18/09/2016;07:16:00;38;com vítima;195,185;BR-101/RJ;Norte;Capotamento;;;;;;;;;;1;0;1;;;
18/09/2016;11:56:00;91;sem vítima;306,681;BR-101/RJ;Norte;Colisão Transversal;2;;;;;;;;;;5;;;;
18/09/2016;17:53:00;161;com vítima;312;BR-101/RJ;Norte;Colisão Traseira;1;;;1;;;;;;;4;2;;;
18/09/2016;18:13:00;166;sem vítima;225;BR-101/RJ;Norte;Colisão Traseira;;;1;;;;;;;1;9;;;;
18/09/2016;20:03:00;190;com vítima;256;BR-101/RJ;Norte;Queda de Moto;;;;1;;;;;;;0;1;;;
18/09/2016;23:08:00;212;com vítima;264;BR-101/RJ;Norte;Choque - Poste;1;;;;;;;;;;0;1;;;
19/09/2016;02:17:00;15;sem vítima;276,715;BR-101/RJ;Sul;Colisão Transversal;2;;;;;;;;;;3;;;;
19/09/2016;05:34:00;32;sem vítima;293,512;BR-101/RJ;Sul;Choque - Defensa, barreira ou "submarino";1;;;;;;;;;;5;;;;
19/09/2016;06:29:00;39;sem vítima;314,11;BR-101/RJ;Sul;Engavetamento;5;;;;;1;;;;;6;;;;
19/09/2016;06:45:00;43;sem vítima;312;BR-101/RJ;Sul;Colisão Lateral;;;;;;1;;;;1;4;;;;
19/09/2016;07:27:00;54;sem vítima;313,413;BR-101/RJ;Sul;Colisão Lateral;1;;;1;;;;;;;2;;;;
19/09/2016;09:04:00;95;com vítima;213;BR-101/RJ;Norte;Colisão Traseira;1;;;;;;;;;1;7;1;;;
19/09/2016;11:50:00;148;sem vítima;319,6;BR-101/RJ;Sul;Colisão Traseira;1;;;;;1;;;;;2;;;;