data;horario;n_da_ocorrencia;tipo_de_ocorrencia;km;trecho;sentido;tipo_de_acidente;automovel;bicicleta;caminhao;moto;onibus;outros;tracao_animal;transporte_de_cargas_especiais;trator_maquinas;utilitarios;ilesos;levemente_feridos;moderadamente_feridos;gravemente_feridos;mortos
19/09/2016;12:19:00;155;sem vítima;318;BR-101/RJ;Sul;Engavetamento;1;;;;;2;;;;;3;;;;
19/09/2016;12:49:00;161;sem vítima;314;BR-101/RJ;Norte;Colisão Traseira;2;;;;;;;;;;2;;;;
19/09/2016;14:48:00;191;sem vítima;274;BR-101/RJ;Norte;Engavetamento;1;;2;;;;;;;;5;;;;
19/09/2016;15:33:00;200;sem vítima;189;BR-101/RJ;Sul;Objeto lançado contra veículo;1;;;;;;;;;;1;;;;
19/09/2016;19:29:00;247;sem vítima;242;BR-101/RJ;Sul;Choque - Defensa, barreira ou "submarino";1;;;;;;;;;;1;;;;
19/09/2016;23:03:00;269;sem vítima;310,8;BR-101/RJ;Sul;Choque - Defensa, barreira ou "submarino";;;;;;;;;;1;1;;;;
20/09/2016;02:04:00;10;sem vítima;297;BR-101/RJ;Sul;Choque - Defensa, barreira ou "submarino";1;;;;;;;;;;1;;;;
20/09/2016;06:19:00;22;sem vítima;101;BR-101/RJ;Norte;Colisão Traseira;2;;;;;;;;;;5;;;;
20/09/2016;07:27:00;33;sem vítima;205;BR-101/RJ;Norte;Engavetamento;2;;2;;;;;;;;6;;;;
20/09/2016;08:29:00;55;sem vítima;178;BR-101/RJ;Norte;Colisão Lateral;1;;1;;;;;;;;2;;;;
20/09/2016;11:03:00;108;com vítima;169,071;BR-101/RJ;Norte;Capotamento;1;;;;;;;;;;0;5;;;
20/09/2016;17:40:00;158;sem vítima;243,405;BR-101/RJ;Norte;Colisão Lateral;1;;1;;;;;;;;7;;;;
20/09/2016;19:05:00;173;com vítima;213,211;BR-101/RJ;Norte;Colisão Frontal;2;;1;;;;;;;;1;3;;;2
20/09/2016;20:21:00;187;sem vítima;18,763;BR-101/RJ;Sul;Atropelamento de Animal;1;;;;;;;;;;4;;;;
20/09/2016;21:56:00;195;sem vítima;321;BR-101/RJ;Norte;Colisão Traseira;2;;;;;;;;;;2;;;;
20/09/2016;22:31:00;199;com vítima;222;BR-101/RJ;Norte;Colisão Traseira;2;;;;;;;;;;3;1;;;
21/09/2016;07:22:00;38;sem vítima;197;BR-101/RJ;Norte;Atropelamento de Animal;1;;;;;;;;;;3;;;;
21/09/2016;08:08:00;60;sem vítima;272;BR-101/RJ;Norte;Choque - Elemento de Drenagem;1;;;;;;;;;;1;;;;
21/09/2016;10:44:00;110;sem vítima;318,351;BR-101/RJ;Sul;Engavetamento;3;;;;;;;;;;5;;;;
21/09/2016;15:32:00;164;com vítima;293;BR-101/RJ;Sul;Colisão Lateral;1;;;1;;;;;;;1;2;;;
21/09/2016;16:40:00;175;sem vítima;298;BR-101/RJ;Norte;Engavetamento;4;;;;;;;;;;4;;;;
21/09/2016;21:07:00;228;com vítima;313,5;BR-101/RJ;Norte;Atropelamento - Andarilho;1;;;;;;;;;;1;;;;1
21/09/2016;21:21:00;229;com vítima;314;BR-101/RJ;Norte;Engavetamento;3;;;;;;;;;;3;1;;;
21/09/2016;21:50:00;235;sem vítima;296;BR-101/RJ;Sul;Choque - Objeto sobre a pista;;;1;;;;;;;;1;;;;
21/09/2016;23:07:00;240;sem vítima;102;BR-101/RJ;Sul;Colisão Lateral;;;1;;;1;;;;;2;;;;
22/09/2016;00:58:00;6;sem vítima;215,96;BR-101/RJ;Sul;Choque - Objeto sobre a pista;;;1;;;;;;;;1;;;;
22/09/2016;04:26:00;30;sem vítima;273;BR-101/RJ;Sul;Atropelamento de Animal;1;;;;;;;;;;1;;;;
22/09/2016;06:08:00;34;sem vítima;289;BR-101/RJ;Sul;Colisão Lateral;;;;;;;;;;2;2;;;;
22/09/2016;07:53:00;60;com vítima;272;BR-101/RJ;Sul;Outros;;1;;;;;;;;;0;1;;;
22/09/2016;09:06:00;84;com vítima;320,66;BR-101/RJ;Sul;Colisão Lateral;;;;2;;;;;;;0;2;;;
22/09/2016;15:08:00;153;com vítima;261,742;BR-101/RJ;Norte;Choque - Poste;1;;;;;;;;;;0;2;;;
22/09/2016;16:19:00;166;sem vítima;61;BR-101/RJ;Norte;Engavetamento;4;;;;;;;;;;4;;;;
22/09/2016;18:10:00;172;com vítima;61;BR-101/RJ;Sul;Colisão Lateral;1;;;;;1;;;;;2;1;;;
22/09/2016;18:37:00;179;sem vítima;294;BR-101/RJ;Norte;Colisão Traseira;2;;;;;;;;;;4;;;;
22/09/2016;18:39:00;180;com vítima;303,561;BR-101/RJ;Norte;Colisão Traseira;1;;;;1;;;;;;1;1;;;
22/09/2016;18:52:00;183;sem vítima;295;BR-101/RJ;Norte;Colisão Traseira;2;;;;;;;;;;3;;;;
22/09/2016;19:43:00;194;com vítima;308;BR-101/RJ;Norte;Colisão Lateral;1;1;;;;;;;;;1;1;;;
23/09/2016;03:42:00;17;com vítima;190;BR-101/RJ;Norte;Choque - Defensa, barreira ou "submarino";1;;;;;;;;;;2;1;;;
23/09/2016;05:46:00;24;com vítima;297;BR-101/RJ;Sul;Atropelamento de Animal;2;;;;;;;;;;1;1;;;
23/09/2016;07:04:00;37;sem vítima;65;BR-101/RJ;Sul;Colisão Traseira;2;;;;;;;;;;4;;;;
23/09/2016;08:43:00;78;sem vítima;206;BR-101/RJ;Norte;Colisão Traseira;1;;;;;;;;;1;3;;;;
23/09/2016;10:09:00;103;sem vítima;242;BR-101/RJ;Sul;Colisão Traseira;;;2;;;;;;;;3;;;;
23/09/2016;12:03:00;121;com vítima;51;BR-101/RJ;Sul;Colisão Transversal;2;;;;;;;;;;1;1;;;
23/09/2016;13:20:00;134;sem vítima;239;BR-101/RJ;Sul;Colisão Traseira;2;;;;;;;;;;4;;;;
23/09/2016;17:59:00;176;com vítima;85;BR-101/RJ;Norte;Queda de Moto;;;;1;;;;;;;0;1;;;
23/09/2016;18:34:00;188;sem vítima;319;BR-101/RJ;Norte;Colisão Lateral;1;;;1;;;;;;;2;;;;
23/09/2016;19:03:00;195;sem vítima;62;BR-101/RJ;Norte;Engavetamento;3;;;;;;;;;;4;;;;
24/09/2016;00:26:00;7;sem vítima;319,04;BR-101/RJ;Norte;Colisão Traseira;1;;;;;1;;;;;3;;;;
24/09/2016;02:06:00;12;com vítima;272,143;BR-101/RJ;Sul;Queda de Moto;;;;1;;;;;;;0;1;;;
24/09/2016;03:36:00;20;com vítima;313,607;BR-101/RJ;Norte;Choque - Defensa, barreira ou "submarino";1;;;;;;;;;;0;1;;;
24/09/2016;06:15:00;31;sem vítima;267,542;BR-101/RJ;Sul;Saida de Pista;1;;;;;;;;;;5;;;;
24/09/2016;06:41:00;35;com vítima;61;BR-101/RJ;Sul;Colisão Transversal;1;;;1;;;;;;;1;;1;;
24/09/2016;08:11:00;50;com vítima;58;BR-101/RJ;Norte;Outros;;1;;;;;;;;;0;1;;;
24/09/2016;09:29:00;77;sem vítima;294,645;BR-101/RJ;Norte;Colisão Traseira;2;;;;;;;;;;2;;;;
24/09/2016;10:09:00;82;com vítima;200;BR-101/RJ;Sul;Engavetamento;2;;1;;;;;;;;2;5;;;
24/09/2016;11:09:00;100;com vítima;296;BR-101/RJ;Norte;Colisão Traseira;2;;;;;;;;;;8;2;;;
24/09/2016;13:07:00;111;com vítima;18;BR-101/RJ;Norte;Outros;;1;;;;;;;;;0;1;;;
24/09/2016;15:14:00;129;com vítima;63;BR-101/RJ;Norte;Colisão Transversal;2;;;;;;;;;;1;;1;;
24/09/2016;15:27:00;135;com vítima;58,6;BR-101/RJ;Sul;Colisão Traseira;1;;;1;;;;;;;2;1;;;
24/09/2016;21:26:00;180;sem vítima;318;BR-101/RJ;Norte;Choque - Outros;1;;;;;;;;;;1;;;;
24/09/2016;22:31:00;192;com vítima;86;BR-101/RJ;Norte;Queda de Moto;;;;1;;;;;;;0;;2;;
25/09/2016;01:50:00;10;sem vítima;295,765;BR-101/RJ;Norte;Choque - Outros;2;;;;;;;;;;3;;;;
25/09/2016;02:42:00;11;com vítima;277,433;BR-101/RJ;Norte;Capotamento;1;;;;;1;;;;;1;1;;;
25/09/2016;04:47:00;19;com vítima;271,938;BR-101/RJ;Sul;Atropelamento - Morador;;;;1;;;;;;;0;;1;1;
25/09/2016;05:33:00;21;sem vítima;271,198;BR-101/RJ;Norte;Choque - Outros;;;;;;;;;;1;2;;;;
25/09/2016;06:49:00;26;sem vítima;315,428;BR-101/RJ;Sul;Choque - Defensa, barreira ou "submarino";1;;;;;;;;;;2;;;;
25/09/2016;12:15:00;81;sem vítima;297;BR-101/RJ;Sul;Colisão Traseira;1;;;;;1;;;;;3;;;;
25/09/2016;13:19:00;87;sem vítima;199;BR-101/RJ;Sul;Choque - Defensa, barreira ou "submarino";1;;;;;;;;;;3;;;;
25/09/2016;13:34:00;89;sem vítima;294;BR-101/RJ;Norte;Engavetamento;3;;;;;;;;;;11;;;;
25/09/2016;14:01:00;91;sem vítima;169;BR-101/RJ;Norte;Choque - Talude;1;;;;;;;;;;2;;;;
25/09/2016;14:45:00;97;com vítima;300;BR-101/RJ;Norte;Atropelamento - Morador;1;;;;;;;;;;0;1;;;1
25/09/2016;15:30:00;105;sem vítima;252;BR-101/RJ;Sul;Colisão Traseira;;;2;;;;;;;;2;;;;
25/09/2016;16:04:00;106;com vítima;144;BR-101/RJ;Sul;Capotamento;1;;;;;;;;;;0;;1;;
25/09/2016;17:33:00;123;sem vítima;204,48;BR-101/RJ;Sul;Choque - Defensa, barreira ou "submarino";1;;;;;;;;;;2;;;;
25/09/2016;17:53:00;126;sem vítima;92;BR-101/RJ;Sul;Engavetamento;3;;;;;;;;;;9;;;;
25/09/2016;19:10:00;137;com vítima;49;BR-101/RJ;Sul;Colisão Lateral;1;;;;;;;;;1;0;4;;;
26/09/2016;00:14:00;1;sem vítima;321;BR-101/RJ;Norte;Choque - Defensa, barreira ou "submarino";1;;;;;;;;;;1;;;;
26/09/2016;00:20:00;4;sem vítima;293;BR-101/RJ;Sul;Colisão Lateral;;;1;;;;;;;1;2;;;;
26/09/2016;01:12:00;6;com vítima;14,235;BR-101/RJ;Sul;Choque - Defensa, barreira ou "submarino";1;;;;;;;;;;0;1;;;
26/09/2016;05:08:00;19;sem vítima;236,24;BR-101/RJ;Norte;Choque - Defensa, barreira ou "submarino";1;;;;;;;;;;7;;;;
26/09/2016;05:35:00;23;sem vítima;305,514;BR-101/RJ;Norte;Atropelamento de Animal;1;;;;;;;;;;1;;;;
26/09/2016;06:21:00;28;sem vítima;180,2;BR-101/RJ;Norte;Choque - Defensa, barreira ou "submarino";1;;;;;;;;;;1;;;;
26/09/2016;13:55:00;144;sem vítima;310;BR-101/RJ;Norte;Colisão Lateral;2;;1;;;;;;;;5;;;;
26/09/2016;14:02:00;145;com vítima;96;BR-101/RJ;Norte;Queda de Moto;;;;1;;;;;;;1;1;;;
26/09/2016;14:58:00;154;com vítima;310;BR-101/RJ;Norte;Queda de Moto;;;;1;;;;;;;0;;1;;
26/09/2016;18:03:00;176;sem vítima;297;BR-101/RJ;Sul;Choque - Defensa, barreira ou "submarino";1;;;;;;;;;;1;;;;
26/09/2016;18:18:00;177;com vítima;122;BR-101/RJ;Sul;Colisão Traseira;2;;;;;;;;;;6;2;;;
26/09/2016;18:44:00;185;com vítima;61,404;BR-101/RJ;Sul;Atropelamento - Usuário;;;;1;;;;;;;0;2;1;;
27/09/2016;06:10:00;26;com vítima;293,97;BR-101/RJ;Sul;Atropelamento - Morador;;;;;1;;;;;;1;;;1;
27/09/2016;09:45:00;106;sem vítima;278,5;BR-101/RJ;Norte;Colisão Traseira;1;;;;;;;;;1;4;;;;
27/09/2016;11:28:00;129;sem vítima;302,55;BR-101/RJ;Norte;Choque - Objeto sobre a pista;2;;;;;;;;;;2;;;;
27/09/2016;13:42:00;142;com vítima;137;BR-101/RJ;Sul;Colisão Transversal;1;;1;;;;;;;;3;;1;;
27/09/2016;21:04:00;199;com vítima;81;BR-101/RJ;Sul;Colisão Transversal;2;;;;;;;;;;1;1;;;
27/09/2016;23:46:00;215;com vítima;105,025;BR-101/RJ;Norte;Choque - Elemento de Drenagem;;;1;;;;;;;;0;1;;;
28/09/2016;08:20:00;80;com vítima;259,085;BR-101/RJ;Sul;Colisão Transversal;1;;;1;;;;;;;1;2;1;;
28/09/2016;09:45:00;102;sem vítima;122;BR-101/RJ;Norte;Colisão Traseira;1;;1;;;;;;;;4;;;;
28/09/2016;10:20:00;110;sem vítima;303,155;BR-101/RJ;Norte;Choque - Defensa, barreira ou "submarino";;;1;;;;;;;;1;;;;
28/09/2016;10:39:00;117;com vítima;308,601;BR-101/RJ;Sul;Colisão Traseira;;;1;1;;;;;;;1;1;;;
28/09/2016;12:20:00;139;sem vítima;259,085;BR-101/RJ;Sul;Colisão Traseira;;;1;;;;;;;1;2;;;;
28/09/2016;19:51:00;225;sem vítima;262,507;BR-101/RJ;Norte;Choque - Defensa, barreira ou "submarino";1;;;;;;;;;;1;;;;
28/09/2016;19:58:00;226;com vítima;89,355;BR-101/RJ;Norte;Choque - Poste;1;;;;;;;;;;0;3;;;
28/09/2016;20:28:00;229;com vítima;299,174;BR-101/RJ;Sul;Colisão Traseira;1;;;1;;;;;;;2;1;;;
28/09/2016;20:33:00;232;sem vítima;271,671;BR-101/RJ;Sul;Colisão Traseira;;;;1;;;;;;1;2;;;;
29/09/2016;01:58:00;11;sem vítima;188,635;BR-101/RJ;Norte;Choque - Defensa, barreira ou "submarino";1;;;;;;;;;;1;;;;
29/09/2016;05:36:00;24;sem vítima;215,97;BR-101/RJ;Sul;Tombamento;;;1;;;;;;;;1;;;;
29/09/2016;08:27:00;75;sem vítima;319;BR-101/RJ;Sul;Colisão Lateral;2;;;;;;;;;;2;;;;
29/09/2016;09:25:00;97;sem vítima;231,498;BR-101/RJ;Sul;Colisão Lateral;2;;1;;;;;;;;5;;;;
29/09/2016;10:03:00;104;sem vítima;288;BR-101/RJ;Norte;Colisão Traseira;2;;;;;;;;;;4;;;;
29/09/2016;10:12:00;107;com vítima;316;BR-101/RJ;Sul;Colisão Lateral;2;;;;;;;;;;2;1;;;
29/09/2016;10:22:00;110;com vítima;208,521;BR-101/RJ;Sul;Colisão Frontal;2;;;;;;;;;;0;;3;;
29/09/2016;10:47:00;113;sem vítima;314,276;BR-101/RJ;Sul;Colisão Traseira;2;;;;;;;;;;4;;;;
29/09/2016;12:29:00;130;com vítima;62;BR-101/RJ;Norte;Colisão Traseira;1;;;1;;;;;;;1;1;;;
29/09/2016;15:21:00;168;com vítima;124,25;BR-101/RJ;Norte;Choque - Elemento de Drenagem;;;;;;;;;;1;0;1;1;;
29/09/2016;17:05:00;186;sem vítima;71,32;BR-101/RJ;Norte;Colisão Traseira;;;2;;;;;;;;2;;;;
29/09/2016;17:21:00;190;com vítima;66,954;BR-101/RJ;Norte;Engavetamento;2;;;1;;;;;;;2;;1;;
29/09/2016;17:42:00;196;sem vítima;314,753;BR-101/RJ;Sul;Colisão Traseira;2;;;;;;;;;;2;;;;
29/09/2016;19:16:00;211;com vítima;90,332;BR-101/RJ;Norte;Colisão Frontal;1;;1;;;;;;;;1;1;;;
29/09/2016;19:55:00;216;sem vítima;271,135;BR-101/RJ;Sul;Atropelamento de Animal;;;1;;;;;;;;1;;;;
29/09/2016;23:13:00;241;sem vítima;290,3;BR-101/RJ;Sul;Atropelamento de Animal;2;;;;;;;;;;5;;;;
29/09/2016;23:31:00;242;sem vítima;320,9;BR-101/RJ;Norte;Choque - Defensa, barreira ou "submarino";1;;;;;;;;;;1;;;;
30/09/2016;01:06:00;10;com vítima;314,135;BR-101/RJ;Norte;Capotamento;1;;;;;;;;;;0;;1;;
30/09/2016;01:43:00;14;sem vítima;318,7;BR-101/RJ;Norte;Colisão Lateral;1;;1;;;;;;;;2;;;;
30/09/2016;06:29:00;36;sem vítima;320,944;BR-101/RJ;Norte;Colisão Lateral;2;;;;;;;;;;5;;;;
30/09/2016;07:02:00;47;sem vítima;102,057;BR-101/RJ;Norte;Choque - Elemento de Drenagem;;;1;;;;;;;;1;;;;
30/09/2016;07:59:00;70;sem vítima;262;BR-101/RJ;Norte;Choque - Defensa, barreira ou "submarino";1;;;;;;;;;;1;;;;
30/09/2016;09:17:00;97;sem vítima;303;BR-101/RJ;Norte;Choque - Suporte de Sinalização;;;1;;;;;;;;1;;;;
30/09/2016;11:17:00;128;sem vítima;61,4;BR-101/RJ;Norte;Colisão Traseira;2;;;;;;;;;;3;;;;
30/09/2016;11:43:00;132;com vítima;61,4;BR-101/RJ;Norte;Colisão Lateral;1;1;;1;;;;;;;2;1;;;
30/09/2016;15:17:00;172;sem vítima;224;BR-101/RJ;Norte;Colisão Lateral;1;;;;;;;;;;1;;;;
30/09/2016;15:15:00;175;sem vítima;294,95;BR-101/RJ;Norte;Colisão Traseira;2;;;;;;;;;;3;;;;
30/09/2016;17:19:00;202;sem vítima;319;BR-101/RJ;Sul;Engavetamento;6;;;;;;;;;;7;;;;
30/09/2016;17:23:00;203;sem vítima;102,065;BR-101/RJ;Norte;Colisão Traseira;2;;;;;;;;;;5;;;;
30/09/2016;18:19:00;214;sem vítima;314;BR-101/RJ;Sul;Colisão Traseira;2;;;;;;;;;;2;;;;
30/09/2016;19:21:00;221;sem vítima;144,188;BR-101/RJ;Sul;Choque - Defensa, barreira ou "submarino";1;;;;;;;;;;1;;;;
30/09/2016;19:24:00;222;com vítima;285;BR-101/RJ;Sul;Capotamento;1;;;;;;;;;;0;1;;;
30/09/2016;19:34:00;223;sem vítima;294;BR-101/RJ;Norte;Colisão Traseira;2;;;;;;;;;;2;;;;
30/09/2016;19:48:00;224;sem vítima;313;BR-101/RJ;Norte;Colisão Traseira;2;;;;;;;;;;5;;;;
30/09/2016;20:05:00;227;sem vítima;82;BR-101/RJ;Sul;Choque - Outros;1;;;;;;;;;;1;;;;
30/09/2016;20:05:00;230;sem vítima;82,59;BR-101/RJ;Norte;Colisão Traseira;1;;;;;1;;;;;6;;;;
30/09/2016;20:46:00;233;sem vítima;67;BR-101/RJ;Norte;Engavetamento;4;;;;;;;;;;9;;;;
30/09/2016;22:10:00;243;com vítima;320,939;BR-101/RJ;Norte;Choque - Defensa, barreira ou "submarino";;;1;;;;;;;;0;1;;;
30/09/2016;22:22:00;245;sem vítima;239;BR-101/RJ;Sul;Colisão Lateral;1;;1;;;;;;;;2;;;;
30/09/2016;22:46:00;249;sem vítima;179;BR-101/RJ;Norte;Saida de Pista;1;;;;;;;;;;1;;;;
30/09/2016;22:51:00;250;com vítima;255,51;BR-101/RJ;Sul;Colisão Frontal;2;;;;;;;;;;0;1;2;;
30/09/2016;23:22:00;256;com vítima;285,285;BR-101/RJ;Norte;Atropelamento de Animal;2;;1;;1;;;;;;5;1;;;
01/10/2016;00:40:00;5;sem vítima;266,387;BR-101/RJ;Sul;Choque - Defensa, barreira ou "submarino";1;;;;;;;;;;2;;;;
01/10/2016;03:01:00;17;sem vítima;4,8;BR-101/RJ;Norte;Capotamento;1;;;;;;;;;;4;;;;
01/10/2016;04:58:00;25;sem vítima;236;BR-101/RJ;Sul;Choque - Outros;1;;;;;;;;;;1;;;;
01/10/2016;06:08:00;29;sem vítima;148;BR-101/RJ;Norte;Saida de Pista;1;;;;;;;;;;4;;;;
01/10/2016;07:00:00;52;com vítima;169;BR-101/RJ;Sul;Choque - Defensa, barreira ou "submarino";1;;;;;;;;;;0;1;;;
01/10/2016;09:01:00;69;sem vítima;170;BR-101/RJ;Norte;Choque - Defensa, barreira ou "submarino";1;;;;;;;;;;1;;;;
01/10/2016;09:13:00;71;sem vítima;170;BR-101/RJ;Norte;Choque - Elemento de Drenagem;1;;;;;;;;;;1;;;;
01/10/2016;10:08:00;87;sem vítima;93;BR-101/RJ;Sul;Colisão Traseira;2;;;;;;;;;;2;;;;
01/10/2016;11:28:00;98;com vítima;93,211;BR-101/RJ;Norte;Colisão Lateral;1;;;1;;;;;;;3;;1;;
01/10/2016;13:41:00;124;sem vítima;296;BR-101/RJ;Sul;Colisão Lateral;2;;;;;;;;;;2;;;;
01/10/2016;16:02:00;143;sem vítima;183;BR-101/RJ;Norte;Choque - Elemento de Drenagem;;;;;;;;;;1;2;;;;
01/10/2016;16:54:00;149;com vítima;313;BR-101/RJ;Norte;Queda de Moto;;;;1;;;;;;;0;1;;;
01/10/2016;17:52:00;166;com vítima;59,9;BR-101/RJ;Norte;Colisão Traseira;2;;;;;;;;;;6;2;;;
01/10/2016;19:41:00;181;sem vítima;269;BR-101/RJ;Sul;Colisão Traseira;2;;;;;;;;;;4;;;;
01/10/2016;19:45:00;182;sem vítima;306;BR-101/RJ;Norte;Objeto lançado contra veículo;;;1;;;;;;;;1;;;;
01/10/2016;20:05:00;188;sem vítima;296;BR-101/RJ;Sul;Colisão Traseira;2;;;;;;;;;;3;;;;
01/10/2016;20:06:00;189;com vítima;318;BR-101/RJ;Sul;Choque - Elemento de Drenagem;1;;;;;;;;;;0;1;;;
01/10/2016;20:18:00;191;sem vítima;197;BR-101/RJ;Norte;Colisão Transversal;1;;;;1;;;;;;6;;;;
01/10/2016;20:52:00;196;sem vítima;144;BR-101/RJ;Sul;Tombamento;1;;;;;1;;;;;2;;;;
02/10/2016;01:44:00;12;com vítima;295;BR-101/RJ;Sul;Choque - Elemento de Drenagem;1;;;;;;;;;;2;2;;;
02/10/2016;05:44:00;30;com vítima;294;BR-101/RJ;Norte;Colisão Lateral;;;;1;;;;;;;0;2;;;
02/10/2016;06:31:00;31;sem vítima;304;BR-101/RJ;Sul;Colisão Traseira;1;;;;;1;;;;;2;;;;
02/10/2016;08:14:00;37;sem vítima;102;BR-101/RJ;Norte;Colisão Traseira;2;;;;;;;;;;5;;;;
02/10/2016;10:11:00;54;sem vítima;92;BR-101/RJ;Sul;Colisão Traseira;2;;;;;;;;;;4;;;;
02/10/2016;10:11:00;55;com vítima;297;BR-101/RJ;Norte;Atropelamento - Outros;;;;1;;;;;;;1;1;;;
02/10/2016;11:53:00;63;com vítima;272,81;BR-101/RJ;Sul;Atropelamento - Morador;1;;;;;;;;;;3;1;;;1
02/10/2016;13:25:00;76;com vítima;36;BR-101/RJ;Sul;Queda de Moto;;;;1;;;;;;;0;1;;;
02/10/2016;16:34:00;109;com vítima;283;BR-101/RJ;Sul;Choque - Defensa, barreira ou "submarino";;;;1;;;;;;;0;1;;;
02/10/2016;18:43:00;126;sem vítima;256;BR-101/RJ;Norte;Tombamento;1;;;;;;;;;;2;;;;
02/10/2016;19:40:00;133;com vítima;244,146;BR-101/RJ;Norte;Atropelamento - Morador;1;;;;;;;;;;2;;;;1
03/10/2016;00:31:00;3;com vítima;301,06;BR-101/RJ;Norte;Capotamento;1;;;;;;;;;;0;1;;;
03/10/2016;10:57:00;117;sem vítima;20;BR-101/RJ;Sul;Colisão Traseira;2;;;;;;;;;;3;;;;
03/10/2016;13:18:00;142;com vítima;307,1;BR-101/RJ;Norte;Colisão Traseira;1;;;;;;;;;1;1;1;;;
03/10/2016;13:44:00;148;com vítima;306,95;BR-101/RJ;Norte;Engavetamento;3;;;;;;;;;;5;1;;;
03/10/2016;18:37:00;207;com vítima;275,61;BR-101/RJ;Norte;Atropelamento - Andarilho;;;;;;1;;;;;1;;;;1
03/10/2016;21:35:00;228;sem vítima;188;BR-101/RJ;Norte;Tombamento;;;1;;;;;;;;1;;;;
03/10/2016;22:50:00;237;sem vítima;87;BR-101/RJ;Sul;Atropelamento de Animal;;;1;;;;;;;;1;;;;
03/10/2016;23:17:00;238;sem vítima;261;BR-101/RJ;Norte;Choque - Defensa, barreira ou "submarino";1;;;;;;;;;;2;;;;
03/10/2016;23:57:00;244;sem vítima;210;BR-101/RJ;Sul;Choque - Defensa, barreira ou "submarino";1;;;;;;;;;;2;;;;
04/10/2016;00:28:00;5;sem vítima;262,341;BR-101/RJ;Norte;Choque - Elemento de Drenagem;;;1;;;;;;;;2;;;;
04/10/2016;05:51:00;34;com vítima;176,6;BR-101/RJ;Norte;Colisão Frontal;2;;2;;;;;;;;4;;;;1
04/10/2016;06:26:00;38;sem vítima;265,121;BR-101/RJ;Norte;Choque - Elemento de Drenagem;;;1;;;;;;;;1;;;;
04/10/2016;06:30:00;39;sem vítima;318,33;BR-101/RJ;Sul;Colisão Traseira;2;;;;;;;;;;2;;;;
04/10/2016;08:21:00;56;com vítima;312,66;BR-101/RJ;Sul;Colisão Traseira;;;1;1;;;;;;;3;1;;;
04/10/2016;13:26:00;108;sem vítima;193;BR-101/RJ;Norte;Choque - Suporte de Sinalização;;;;;;;;;;1;1;;;;
04/10/2016;14:48:00;125;sem vítima;273,5;BR-101/RJ;Norte;Atropelamento de Animal;1;;;;;;;;;;1;;;;
04/10/2016;15:05:00;127;com vítima;169,053;BR-101/RJ;Sul;Choque - Suporte de Sinalização;1;;;;;;;;;;0;1;;;
04/10/2016;16:30:00;141;sem vítima;298;BR-101/RJ;Norte;Colisão Traseira;1;;;;;;;;;1;4;;;;
04/10/2016;17:25:00;146;sem vítima;60,1;BR-101/RJ;Norte;Colisão Traseira;2;;;;;;;;;;6;;;;
04/10/2016;21:26:00;181;sem vítima;305;BR-101/RJ;Norte;Objeto lançado contra veículo;;;1;;;;;;;;1;;;;
04/10/2016;21:27:00;183;sem vítima;305;BR-101/RJ;Norte;Objeto lançado contra veículo;1;;;;;;;;;;1;;;;
04/10/2016;22:53:00;188;com vítima;313;BR-101/RJ;Norte;Colisão Traseira;1;;;1;;;;;;;2;1;;;
05/10/2016;06:48:00;31;sem vítima;288;BR-101/RJ;Sul;Atropelamento de Animal;1;;;;;;;;;;1;;;;
05/10/2016;06:56:00;33;sem vítima;57;BR-101/RJ;Norte;Colisão Transversal;1;;;;;;;;;1;2;;;;
05/10/2016;18:27:00;213;com vítima;281,65;BR-101/RJ;Norte;Atropelamento - Morador;2;;;;;1;;;;;3;1;1;;
05/10/2016;20:24:00;242;sem vítima;15;BR-101/RJ;Sul;Choque - Objeto sobre a pista;;;1;;;;;;;;1;;;;
05/10/2016;21:29:00;249;com vítima;304;BR-101/RJ;Norte;Choque - Suporte de Sinalização;1;;;;;;;;;;0;1;;;
06/10/2016;03:31:00;18;com vítima;138,9;BR-101/RJ;Norte;Choque - Defensa, barreira ou "submarino";1;;;;;;;;;;3;1;;;
06/10/2016;04:57:00;22;sem vítima;59,7;BR-101/RJ;Norte;Colisão Traseira;1;;1;;;;;;;;2;;;;
06/10/2016;08:46:00;76;com vítima;308;BR-101/RJ;Norte;Atropelamento - Usuário;;;;;;1;;;;;1;1;;;
06/10/2016;08:47:00;78;com vítima;238;BR-101/RJ;Sul;Colisão Transversal;2;;;;;;;;;;0;2;;;1
06/10/2016;08:49:00;80;com vítima;316;BR-101/RJ;Sul;Colisão Traseira;1;;;1;;;;;;;2;1;;;
06/10/2016;09:04:00;84;sem vítima;229;BR-101/RJ;Sul;Capotamento;;;1;;;;;;;;1;;;;
06/10/2016;12:13:00;121;sem vítima;62;BR-101/RJ;Sul;Colisão Traseira;2;;;;;;;;;;2;;;;
06/10/2016;12:30:00;129;com vítima;214,577;BR-101/RJ;Norte;Colisão Traseira;2;;;;;;;;;;2;1;;;
06/10/2016;13:52:00;142;sem vítima;102,02;BR-101/RJ;Norte;Colisão Traseira;1;;;;;1;;;;;2;;;;