data;horario;n_da_ocorrencia;tipo_de_ocorrencia;km;trecho;sentido;tipo_de_acidente;automovel;bicicleta;caminhao;moto;onibus;outros;tracao_animal;transporte_de_cargas_especiais;trator_maquinas;utilitarios;ilesos;levemente_feridos;moderadamente_feridos;gravemente_feridos;mortos
06/10/2016;14:37:00;154;com vítima;196,765;BR-101/RJ;Sul;Choque - Defensa, barreira ou "submarino";1;;;;;;;;;;0;1;;;
06/10/2016;16:18:00;174;sem vítima;297,81;BR-101/RJ;Norte;Colisão Lateral;1;;1;;;;;;;;3;;;;
06/10/2016;17:57:00;190;sem vítima;66,387;BR-101/RJ;Norte;Colisão Traseira;2;;;;;;;;;;2;;;;
06/10/2016;18:38:00;196;sem vítima;320,835;BR-101/RJ;Sul;Colisão Traseira;2;;;;;;;;;;2;;;;
06/10/2016;18:45:00;198;sem vítima;283,313;BR-101/RJ;Norte;Atropelamento de Animal;1;;;;;;;;;;1;;;;
06/10/2016;19:15:00;203;sem vítima;62,948;BR-101/RJ;Norte;Choque - Elemento de Drenagem;1;;;;;;;;;;1;;;;
06/10/2016;20:28:00;215;sem vítima;321,885;BR-101/RJ;Sul;Engavetamento;3;;;;;;;;;;4;;;;
06/10/2016;23:00:00;229;sem vítima;321;BR-101/RJ;Norte;Colisão Lateral;2;;;;;;;;;;3;;;;
06/10/2016;22:45:00;230;com vítima;321;BR-101/RJ;Norte;Choque - Defensa, barreira ou "submarino";1;;;;;;;;;;0;1;;;
06/10/2016;23:13:00;234;sem vítima;297;BR-101/RJ;Norte;Choque - Defensa, barreira ou "submarino";1;;;;;;;;;;3;;;;
07/10/2016;02:11:00;11;com vítima;184;BR-101/RJ;Sul;Capotamento;;;;;;;;;;1;0;2;;;
07/10/2016;06:28:00;28;sem vítima;293,504;BR-101/RJ;Norte;Colisão Lateral;1;;1;;;;;;;;5;;;;
07/10/2016;09:47:00;94;com vítima;252;BR-101/RJ;Norte;Colisão Traseira;1;;1;;;;;;;;1;1;;;
07/10/2016;13:54:00;145;com vítima;297,24;BR-101/RJ;Norte;Colisão Traseira;2;;;;;;;;;;2;1;;;
07/10/2016;14:03:00;148;sem vítima;298,504;BR-101/RJ;Norte;Choque - Defensa, barreira ou "submarino";1;;;;;;;;;;1;;;;
07/10/2016;18:05:00;202;sem vítima;297,874;BR-101/RJ;Sul;Colisão Lateral;;;;1;;;;;;1;2;;;;
07/10/2016;18:26:00;206;com vítima;296,188;BR-101/RJ;Norte;Engavetamento;3;;;1;;;;;;;4;1;;;
07/10/2016;18:35:00;209;com vítima;74,222;BR-101/RJ;Norte;Atropelamento - Morador;;;;1;;;;;;;0;1;;1;
07/10/2016;20:17:00;231;sem vítima;270;BR-101/RJ;Norte;Choque - Objeto sobre a pista;1;;;;;;;;;;1;;;;
07/10/2016;20:30:00;237;sem vítima;215;BR-101/RJ;Norte;Objeto lançado contra veículo;1;;1;;;;;;;;2;;;;
07/10/2016;20:55:00;241;sem vítima;313,65;BR-101/RJ;Norte;Colisão Traseira;2;;;;;;;;;;2;;;;
07/10/2016;21:12:00;243;sem vítima;298;BR-101/RJ;Sul;Choque - Defensa, barreira ou "submarino";1;;;;;;;;;;1;;;;
08/10/2016;05:04:00;31;sem vítima;238,326;BR-101/RJ;Sul;Capotamento;;;;;;;;;;1;2;;;;
08/10/2016;05:16:00;34;com vítima;102,082;BR-101/RJ;Norte;Colisão Traseira;1;;;;;1;;;;;2;;3;;
08/10/2016;07:53:00;62;com vítima;264;BR-101/RJ;Sul;Colisão Traseira;1;;;1;;;;;;;1;1;;;
08/10/2016;09:08:00;78;com vítima;27;BR-101/RJ;Norte;Queda de Moto;;;;1;;;;;;;0;1;;;
08/10/2016;11:10:00;110;sem vítima;302;BR-101/RJ;Sul;Atropelamento de Animal;1;;;;;;;;;;2;;;;
08/10/2016;12:16:00;126;sem vítima;304;BR-101/RJ;Norte;Colisão Traseira;2;;;;;;;;;;2;;;;
08/10/2016;14:22:00;150;sem vítima;302;BR-101/RJ;Norte;Engavetamento;3;;;;;;;;;;6;;;;
08/10/2016;14:48:00;158;sem vítima;319;BR-101/RJ;Sul;Choque - Defensa, barreira ou "submarino";1;;;;;;;;;;2;;;;
08/10/2016;19:34:00;219;sem vítima;224,159;BR-101/RJ;Norte;Colisão Frontal;2;;;;;;;;;;3;;;;
08/10/2016;22:42:00;244;com vítima;312;BR-101/RJ;Norte;Choque - Elemento de Drenagem;1;;;;;;;;;;0;1;;;
09/10/2016;00:29:00;2;com vítima;313,05;BR-101/RJ;Norte;Choque - Outros;1;;;;;;;;;;2;;;;1
09/10/2016;01:20:00;6;sem vítima;285,421;BR-101/RJ;Sul;Choque - Outros;1;;;;;;;;;;1;;;;
09/10/2016;03:36:00;13;sem vítima;306,324;BR-101/RJ;Norte;Atropelamento de Animal;1;;;;;;;;;;1;;;;
09/10/2016;06:28:00;17;sem vítima;296;BR-101/RJ;Sul;Capotamento;1;;;;;;;;;;1;;;;
09/10/2016;10:04:00;58;com vítima;75,3;BR-101/RJ;Norte;Choque - Elemento de Drenagem;;;;1;;;;;;;0;1;1;;
09/10/2016;11:37:00;65;sem vítima;297,6;BR-101/RJ;Sul;Colisão Transversal;;;;;;;;;;2;6;;;;
09/10/2016;12:55:00;73;sem vítima;294,848;BR-101/RJ;Norte;Colisão Traseira;2;;;;;;;;;;5;;;;
09/10/2016;13:00:00;75;com vítima;310,13;BR-101/RJ;Sul;Colisão Traseira;2;;;;;;;;;;2;1;;;
09/10/2016;14:15:00;82;com vítima;226;BR-101/RJ;Norte;Queda de Moto;;;;1;;;;;;;0;1;;;
09/10/2016;17:28:00;119;sem vítima;292;BR-101/RJ;Sul;Colisão Traseira;2;;;;;;;;;;6;;;;
09/10/2016;18:01:00;125;com vítima;285;BR-101/RJ;Sul;Queda de Moto;;;;1;;;;;;;0;2;;;
10/10/2016;04:15:00;13;sem vítima;229,674;BR-101/RJ;Sul;Saida de Pista;1;;;;;;;;;;1;;;;
10/10/2016;07:45:00;42;com vítima;108,043;BR-101/RJ;Sul;Choque - Defensa, barreira ou "submarino";;;;;;;;;;1;0;1;;;
10/10/2016;12:06:00;111;sem vítima;286,5;BR-101/RJ;Norte;Colisão Traseira;1;;;;;1;;;;;2;;;;
10/10/2016;16:14:00;143;sem vítima;306;BR-101/RJ;Sul;Choque - Defensa, barreira ou "submarino";1;;;;;;;;;;1;;;;
10/10/2016;17:33:00;155;com vítima;319;BR-101/RJ;Norte;Colisão Lateral;1;;;1;;;;;;;3;1;;;
10/10/2016;18:19:00;164;com vítima;262;BR-101/RJ;Sul;Choque - Defensa, barreira ou "submarino";;;1;;;;;;;;2;1;;;
10/10/2016;19:47:00;177;sem vítima;311;BR-101/RJ;Norte;Engavetamento;5;;;;;;;;;;7;;;;
11/10/2016;08:55:00;94;sem vítima;290;BR-101/RJ;Sul;Colisão Lateral;1;;;;;;;;;1;17;;;;
11/10/2016;09:36:00;104;sem vítima;307,482;BR-101/RJ;Sul;Colisão Lateral;1;;;1;;;;;;;2;;;;
11/10/2016;12:29:00;148;com vítima;319;BR-101/RJ;Norte;Colisão Lateral;1;;;1;;;;;;;1;1;;;
11/10/2016;12:42:00;154;sem vítima;190;BR-101/RJ;Norte;Colisão Traseira;;;1;;1;;;;;;3;;;;
11/10/2016;14:57:00;177;com vítima;66,707;BR-101/RJ;Norte;Tombamento;;;1;;;;;;;;2;;1;;
11/10/2016;16:50:00;199;com vítima;304,536;BR-101/RJ;Norte;Colisão Traseira;1;;;1;;;;;;;1;2;;;
11/10/2016;18:05:00;207;com vítima;62,113;BR-101/RJ;Norte;Colisão Traseira;2;;;;;;;;;;4;1;;;
11/10/2016;18:42:00;215;sem vítima;297;BR-101/RJ;Norte;Colisão Lateral;1;;1;;;;;;;;2;;;;
11/10/2016;19:10:00;218;com vítima;48,28;BR-101/RJ;Sul;Colisão Traseira;;;;1;;;;;;1;1;;1;;
11/10/2016;19:34:00;222;com vítima;318,068;BR-101/RJ;Norte;Colisão Lateral;1;;;1;;;;;;;2;1;;;
11/10/2016;22:17:00;240;com vítima;307;BR-101/RJ;Sul;Colisão Traseira;2;;;;;;;;;;0;3;1;;
12/10/2016;03:01:00;22;com vítima;95,81;BR-101/RJ;Sul;Tombamento;;;1;;;;;;;;0;1;;;
12/10/2016;03:36:00;24;com vítima;210;BR-101/RJ;Sul;Atropelamento - Usuário;1;;;;;;;;;1;1;1;;;
12/10/2016;05:18:00;33;sem vítima;296,278;BR-101/RJ;Norte;Capotamento;1;;;;;;;;;;1;;;;
12/10/2016;06:41:00;44;com vítima;297,904;BR-101/RJ;Sul;Colisão Lateral;;;;1;;1;;;;;1;1;;;
12/10/2016;10:29:00;96;sem vítima;237;BR-101/RJ;Norte;Objeto lançado contra veículo;1;;;;;;;;;;1;;;;
12/10/2016;12:31:00;119;sem vítima;280,709;BR-101/RJ;Sul;Choque - Defensa, barreira ou "submarino";1;;;;;;;;;;2;;;;
12/10/2016;20:04:00;187;sem vítima;295,41;BR-101/RJ;Norte;Colisão Traseira;2;;;;;;;;;;2;;;;
12/10/2016;20:36:00;191;com vítima;297;BR-101/RJ;Sul;Choque - Elemento de Drenagem;1;;;;;;;;;;0;1;;;
12/10/2016;22:04:00;206;sem vítima;308,8;BR-101/RJ;Sul;Engavetamento;2;;;;;1;;;;;3;;;;
13/10/2016;02:21:00;6;com vítima;296,975;BR-101/RJ;Sul;Choque - Elemento de Drenagem;1;;;;;;;;;;2;1;;;
13/10/2016;06:54:00;29;sem vítima;314,5;BR-101/RJ;Sul;Colisão Traseira;;;;;1;;;;;1;2;;;;
13/10/2016;07:59:00;58;sem vítima;309;BR-101/RJ;Sul;Colisão Traseira;2;;;;;;;;;;2;;;;
13/10/2016;08:50:00;75;com vítima;283;BR-101/RJ;Norte;Queda de Moto;;;;1;;;;;;;0;1;;;
13/10/2016;11:05:00;111;com vítima;275;BR-101/RJ;Sul;Colisão Transversal;;;;2;;;;;;;0;2;;;
13/10/2016;15:19:00;164;sem vítima;64,305;BR-101/RJ;Norte;Engavetamento;3;;;;;;;;;;3;;;;
13/10/2016;15:38:00;170;sem vítima;314,528;BR-101/RJ;Sul;Engavetamento;4;;;;;;;;;;6;;;;
13/10/2016;16:41:00;188;sem vítima;316,355;BR-101/RJ;Norte;Colisão Traseira;1;;;;;1;;;;;6;;;;
13/10/2016;23:04:00;255;com vítima;252;BR-101/RJ;Sul;Choque - Outros;;;1;;;;;;;;0;1;;;
14/10/2016;04:46:00;28;sem vítima;278,6;BR-101/RJ;Norte;Choque - Elemento de Drenagem;1;;;;;;;;;;4;;;;
14/10/2016;08:09:00;78;sem vítima;64;BR-101/RJ;Sul;Choque - Poste;2;;;;;;;;;;2;;;;
14/10/2016;08:32:00;92;com vítima;169;BR-101/RJ;Norte;Colisão Traseira;1;;1;;;;;;;;1;4;;;
14/10/2016;08:45:00;98;com vítima;284,334;BR-101/RJ;Norte;Choque - Defensa, barreira ou "submarino";;;1;;;;;;;;0;;1;;
14/10/2016;08:54:00;99;sem vítima;70;BR-101/RJ;Norte;Choque - Outros;1;;;;;;;;;;1;;;;
14/10/2016;09:00:00;100;sem vítima;280;BR-101/RJ;Sul;Colisão Traseira;2;;;;;;;;;;2;;;;
14/10/2016;10:19:00;125;com vítima;320;BR-101/RJ;Sul;Colisão Lateral;1;;;1;;;;;;;1;1;;;
14/10/2016;11:14:00;138;com vítima;223;BR-101/RJ;Norte;Colisão Frontal;2;;;;;;;;;;0;;2;1;
14/10/2016;11:51:00;147;com vítima;296,514;BR-101/RJ;Sul;Tombamento;;;1;;;;;;;;1;;1;;
14/10/2016;11:14:00;151;sem vítima;223;BR-101/RJ;Norte;Colisão Traseira;2;;;;;;;;;;5;;;;
14/10/2016;12:34:00;155;sem vítima;296,514;BR-101/RJ;Sul;Colisão Lateral;;;1;;;;;;;1;2;;;;
14/10/2016;14:40:00;186;sem vítima;263,469;BR-101/RJ;Norte;Choque - Objeto sobre a pista;1;;;;;;;;;;3;;;;
14/10/2016;14:47:00;187;com vítima;186,674;BR-101/RJ;Norte;Choque - Elemento de Drenagem;1;;;;;;;;;;0;1;;;
14/10/2016;18:09:00;235;sem vítima;272,502;BR-101/RJ;Norte;Engavetamento;2;;1;;;1;;;;;5;;;;
15/10/2016;00:17:00;4;sem vítima;266,5;BR-101/RJ;Norte;Colisão Lateral;1;;1;;;;;;;;5;;;;
15/10/2016;06:47:00;43;com vítima;64,277;BR-101/RJ;Norte;Colisão Transversal;1;;;;;;;;;1;1;2;;;
15/10/2016;07:00:00;47;sem vítima;192;BR-101/RJ;Norte;Colisão Transversal;2;;;;;;;;;;5;;;;
15/10/2016;07:59:00;65;com vítima;259;BR-101/RJ;Norte;Colisão Transversal;2;;;;;;;;;;4;6;;;
15/10/2016;10:22:00;95;sem vítima;117;BR-101/RJ;Norte;Choque - Suporte de Sinalização;1;;;;;;;;;;2;;;;
15/10/2016;10:28:00;98;com vítima;308;BR-101/RJ;Norte;Engavetamento;2;;;;;;;;;1;2;3;;;
15/10/2016;10:57:00;105;sem vítima;207;BR-101/RJ;Norte;Colisão Traseira;2;;;;;;;;;;2;;;;
15/10/2016;11:00:00;106;sem vítima;297,394;BR-101/RJ;Sul;Engavetamento;3;;;;;;;;;;8;;;;
15/10/2016;11:42:00;111;sem vítima;193;BR-101/RJ;Norte;Saida de Pista;;;;;;1;;;;1;5;;;;
15/10/2016;12:18:00;118;com vítima;303,64;BR-101/RJ;Norte;Colisão Lateral;1;;;1;;;;;;;1;1;;;
15/10/2016;13:25:00;125;sem vítima;92;BR-101/RJ;Sul;Colisão Traseira;2;;;;;;;;;;2;;;;
15/10/2016;15:45:00;145;com vítima;195,13;BR-101/RJ;Norte;Capotamento;1;;;;;;;;;;0;;;1;
15/10/2016;19:35:00;185;com vítima;293;BR-101/RJ;Sul;Choque - Defensa, barreira ou "submarino";;;;1;;;;;;;0;;1;;
15/10/2016;19:44:00;186;sem vítima;6,113;BR-101/RJ;Sul;Choque - Objeto sobre a pista;1;;;;;;;;;;5;;;;
15/10/2016;20:14:00;187;sem vítima;206,547;BR-101/RJ;Norte;Colisão Transversal;2;;;;;;;;;;2;;;;
16/10/2016;06:06:00;20;com vítima;297,511;BR-101/RJ;Norte;Choque - Defensa, barreira ou "submarino";1;;;;;;;;;;0;2;;;
16/10/2016;10:14:00;59;com vítima;288;BR-101/RJ;Norte;Colisão Lateral;;;;2;;;;;;;0;2;;;
16/10/2016;11:47:00;70;com vítima;155,6;BR-101/RJ;Norte;Colisão Lateral;1;;1;;;;;;;;0;6;;;
16/10/2016;12:13:00;76;com vítima;140;BR-101/RJ;Norte;Queda de Moto;;;;1;;;;;;;0;2;;;
16/10/2016;15:33:00;116;sem vítima;61,209;BR-101/RJ;Sul;Engavetamento;2;;;;1;;;;;;27;;;;
16/10/2016;17:00:00;140;sem vítima;264,552;BR-101/RJ;Norte;Choque - Defensa, barreira ou "submarino";1;;;;;;;;;;1;;;;
16/10/2016;17:50:00;152;sem vítima;263,926;BR-101/RJ;Sul;Colisão Traseira;2;;;;;;;;;;4;;;;
16/10/2016;23:34:00;219;sem vítima;280,929;BR-101/RJ;Sul;Colisão Lateral;2;;;;;;;;;;4;;;;
16/10/2016;23:50:00;220;com vítima;297,7;BR-101/RJ;Sul;Engavetamento;3;;;;;;;;;;9;1;;;
17/10/2016;03:00:00;11;sem vítima;74;BR-101/RJ;Norte;Colisão Traseira;2;;;;;;;;;;4;;;;
17/10/2016;23:52:00;214;com vítima;315;BR-101/RJ;Norte;Queda de Moto;;;;1;;1;;;;;1;;;;1
18/10/2016;06:33:00;26;sem vítima;294;BR-101/RJ;Norte;Choque - Elemento de Drenagem;1;;;;;;;;;;1;;;;
18/10/2016;08:31:00;63;com vítima;65;BR-101/RJ;Sul;Colisão Transversal;1;;;1;;;;;;;3;;1;;
18/10/2016;10:35:00;114;com vítima;295;BR-101/RJ;Norte;Colisão Lateral;1;;;;1;;;;;;4;2;;;
18/10/2016;15:07:00;174;com vítima;314;BR-101/RJ;Norte;Engavetamento;2;;;;;;;;;1;5;1;;;
18/10/2016;16:08:00;184;com vítima;279,734;BR-101/RJ;Norte;Queda de Moto;;;;1;;;;;;;0;1;;;
18/10/2016;20:56:00;224;sem vítima;279;BR-101/RJ;Norte;Atropelamento de Animal;1;;;;;;;;;;2;;;;
18/10/2016;22:44:00;236;com vítima;296,881;BR-101/RJ;Norte;Colisão Lateral;;;1;1;;;;;;;1;1;;;
19/10/2016;00:07:00;1;com vítima;172;BR-101/RJ;Norte;Objeto lançado contra veículo;;;;;;;;;;1;3;1;;;
19/10/2016;08:39:00;72;sem vítima;320;BR-101/RJ;Sul;Engavetamento;3;;;;;;;;;;3;;;;
19/10/2016;11:23:00;128;sem vítima;80,164;BR-101/RJ;Norte;Choque - Defensa, barreira ou "submarino";1;;;;;;;;;;1;;;;
19/10/2016;14:05:00;161;sem vítima;277,473;BR-101/RJ;Norte;Choque - Suporte de Sinalização;1;;;;;;;;;;1;;;;
19/10/2016;22:16:00;238;sem vítima;264,606;BR-101/RJ;Norte;Colisão Lateral;1;;;;;1;;;;;5;;;;
19/10/2016;23:10:00;244;sem vítima;62,5;BR-101/RJ;Norte;Choque - Elemento de Drenagem;1;;;;;;;;;;1;;;;
20/10/2016;02:37:00;15;com vítima;156,265;BR-101/RJ;Norte;Tombamento;;;1;;;;;;;;0;;1;;
20/10/2016;07:12:00;40;sem vítima;262;BR-101/RJ;Norte;Choque - Elemento de Drenagem;1;;;;;;;;;;1;;;;
20/10/2016;08:11:00;67;com vítima;321,6;BR-101/RJ;Sul;Queda de Moto;;;;1;;;;;;;0;1;;;
20/10/2016;09:14:00;98;sem vítima;227;BR-101/RJ;Norte;Colisão Lateral;;;1;;;1;;;;;3;;;;
20/10/2016;12:06:00;138;com vítima;315,046;BR-101/RJ;Norte;Queda de Moto;;;;1;;;;;;;0;1;;;
20/10/2016;12:35:00;145;com vítima;49;BR-101/RJ;Sul;Colisão Transversal;1;;;1;;;;;;;1;2;;;
20/10/2016;18:27:00;234;com vítima;293,958;BR-101/RJ;Sul;Atropelamento - Ciclista;1;1;;;;;;;;;1;;1;;
20/10/2016;18:50:00;240;sem vítima;294;BR-101/RJ;Norte;Engavetamento;2;;1;;;;;;;;5;;;;
20/10/2016;19:40:00;251;com vítima;318,941;BR-101/RJ;Norte;Colisão Lateral;2;;;1;;;;;;;2;2;;;
20/10/2016;20:13:00;255;com vítima;117,3;BR-101/RJ;Norte;Choque - Suporte de Sinalização;;;;1;;;;;;;0;1;;;
21/10/2016;00:20:00;4;sem vítima;222,05;BR-101/RJ;Sul;Tombamento;;;1;;;;;;;;1;;;;
21/10/2016;02:00:00;13;com vítima;148,51;BR-101/RJ;Norte;Colisão Lateral;2;;;;;;;;;;4;2;;;
21/10/2016;06:48:00;46;com vítima;64,491;BR-101/RJ;Norte;Colisão Transversal;;;;1;;1;;;;;1;;1;;
21/10/2016;07:22:00;57;com vítima;311,958;BR-101/RJ;Norte;Engavetamento;2;;;;1;;;;;;4;1;;;
21/10/2016;09:07:00;96;com vítima;317,494;BR-101/RJ;Sul;Colisão Lateral;1;;;2;;;;;;;1;2;;;
21/10/2016;14:49:00;163;sem vítima;272;BR-101/RJ;Norte;Colisão Traseira;1;;1;;;;;;;;3;;;;
21/10/2016;15:25:00;174;com vítima;296;BR-101/RJ;Norte;Colisão Traseira;1;;;;;1;;;;;3;1;;;
21/10/2016;18:44:00;220;com vítima;61,822;BR-101/RJ;Sul;Atropelamento - Usuário;;;;1;;;;;;;0;2;;;
21/10/2016;19:28:00;234;com vítima;313;BR-101/RJ;Norte;Engavetamento;3;;;;;;;;;;3;1;;;
21/10/2016;23:01:00;266;sem vítima;297,7;BR-101/RJ;Norte;Engavetamento;1;;;;1;;;;;1;3;;;;
22/10/2016;00:39:00;6;sem vítima;312;BR-101/RJ;Norte;Choque - Outros;1;;;;;;;;;;1;;;;
22/10/2016;01:41:00;12;sem vítima;321,55;BR-101/RJ;Sul;Colisão Traseira;;;1;;1;;;;;;2;;;;
22/10/2016;04:18:00;28;com vítima;265,4;BR-101/RJ;Sul;Choque - Defensa, barreira ou "submarino";1;;;;;;;;;;0;1;;;
22/10/2016;06:17:00;38;sem vítima;266,367;BR-101/RJ;Sul;Choque - Defensa, barreira ou "submarino";1;;;;;;;;;;1;;;;
22/10/2016;10:37:00;90;com vítima;66,447;BR-101/RJ;Sul;Queda de Moto;;;;1;;;;;;;0;1;;;
22/10/2016;11:06:00;94;sem vítima;221,5;BR-101/RJ;Norte;Choque - Objeto sobre a pista;;;1;;;;;;;;1;;;;
22/10/2016;12:17:00;110;com vítima;102,087;BR-101/RJ;Norte;Choque - Defensa, barreira ou "submarino";1;;1;;;;;;;;2;1;;;
22/10/2016;13:07:00;117;sem vítima;195,06;BR-101/RJ;Norte;Capotamento;1;;;;;;;;;;2;;;;
22/10/2016;13:16:00;120;sem vítima;1;BR-101/RJ;Sul;Choque - Elemento de Drenagem;1;;;;;;;;;;4;;;;
22/10/2016;14:03:00;124;com vítima;120;BR-101/RJ;Norte;Colisão Transversal;2;;;;;;;;;;2;1;;;
22/10/2016;23:43:00;199;sem vítima;304;BR-101/RJ;Sul;Choque - Objeto sobre a pista;1;;;;;;;;;;1;;;;
23/10/2016;04:56:00;21;com vítima;309,5;BR-101/RJ;Norte;Colisão Lateral;;1;;;;1;;;;;1;1;;;
23/10/2016;06:27:00;25;com vítima;293;BR-101/RJ;Sul;Colisão Traseira;;;1;1;;;;;;;2;1;;;
23/10/2016;07:54:00;35;com vítima;197,455;BR-101/RJ;Norte;Colisão Traseira;1;;1;;;;;;;;5;;1;;
23/10/2016;08:19:00;41;sem vítima;290,1;BR-101/RJ;Sul;Choque - Outros;1;;;;;;;;;;2;;;;
23/10/2016;08:53:00;46;com vítima;297;BR-101/RJ;Norte;Choque - Defensa, barreira ou "submarino";2;;;;;;;;;;4;1;;;
23/10/2016;17:48:00;123;com vítima;318;BR-101/RJ;Norte;Colisão Frontal;2;;;;;;;;;;2;1;;;
23/10/2016;18:43:00;129;sem vítima;189,97;BR-101/RJ;Norte;Choque - Defensa, barreira ou "submarino";1;;;;;;;;;;3;;;;
23/10/2016;19:08:00;131;sem vítima;312;BR-101/RJ;Norte;Colisão Traseira;2;;;;;;;;;;2;;;;
23/10/2016;19:07:00;136;com vítima;189,97;BR-101/RJ;Sul;Colisão Traseira;1;;;;;;;;;1;8;2;;;
23/10/2016;20:51:00;150;com vítima;76;BR-101/RJ;Norte;Colisão Lateral;1;;1;;;;;;;;1;1;;;
23/10/2016;21:35:00;156;com vítima;299,89;BR-101/RJ;Norte;Colisão Traseira;2;;;;;;;;;;2;;2;;
24/10/2016;01:14:00;6;sem vítima;312,975;BR-101/RJ;Norte;Choque - Talude;1;;;;;;;;;;1;;;;
24/10/2016;01:45:00;10;sem vítima;93;BR-101/RJ;Sul;Colisão Lateral;1;;;;;1;;;;;3;;;;
24/10/2016;07:10:00;35;sem vítima;207;BR-101/RJ;Norte;Colisão Traseira;2;;;;;;;;;;2;;;;
24/10/2016;08:05:00;61;com vítima;312;BR-101/RJ;Sul;Colisão Lateral;;;;1;1;;;;;;2;1;;;
24/10/2016;09:46:00;103;com vítima;319;BR-101/RJ;Sul;Queda de Moto;;;;1;;;;;;;0;1;;;
24/10/2016;10:07:00;108;com vítima;313;BR-101/RJ;Sul;Colisão Lateral;1;;;1;;;;;;;3;;1;;
24/10/2016;10:41:00;125;com vítima;318;BR-101/RJ;Norte;Colisão Frontal;1;;;1;;;;;;;1;1;;;
24/10/2016;14:28:00;172;com vítima;106;BR-101/RJ;Norte;Choque - Defensa, barreira ou "submarino";1;;;;;;;;;;0;2;;;
24/10/2016;21:45:00;238;sem vítima;299,7;BR-101/RJ;Sul;Colisão Traseira;2;;;;;;;;;;3;;;;
24/10/2016;22:00:00;239;com vítima;263;BR-101/RJ;Sul;Objeto lançado contra veículo;;;1;;;;;;;;0;1;;;
25/10/2016;07:40:00;45;sem vítima;313;BR-101/RJ;Norte;Colisão Traseira;2;;;;;;;;;;2;;;;
25/10/2016;08:57:00;81;sem vítima;92;BR-101/RJ;Sul;Choque - Defensa, barreira ou "submarino";1;;;;;;;;;;1;;;;
25/10/2016;11:24:00;110;sem vítima;175;BR-101/RJ;Norte;Colisão Lateral;;;2;;;;;;;;3;;;;
25/10/2016;11:35:00;115;com vítima;283;BR-101/RJ;Norte;Queda de Moto;;;;1;;;;;;;0;1;;;
25/10/2016;14:50:00;141;sem vítima;92;BR-101/RJ;Sul;Colisão Traseira;1;;1;;;;;;;;7;;;;
25/10/2016;18:03:00;170;sem vítima;315;BR-101/RJ;Norte;Choque - Talude;1;;;;;;;;;;1;;;;
25/10/2016;22:10:00;204;com vítima;240,169;BR-101/RJ;Sul;Colisão Lateral;1;;1;;;;;;;;3;1;;;
25/10/2016;22:24:00;207;sem vítima;315,089;BR-101/RJ;Sul;Capotamento;1;;;;;;;;;;1;;;;
26/10/2016;02:04:00;15;sem vítima;305,46;BR-101/RJ;Sul;Atropelamento de Animal;;;1;;;;;;;;3;;;;
26/10/2016;04:39:00;22;com vítima;13;BR-101/RJ;Sul;Colisão Traseira;;;2;;;;;;;;2;1;;;
26/10/2016;07:27:00;43;sem vítima;296;BR-101/RJ;Norte;Colisão Lateral;1;;1;;;;;;;;2;;;;
26/10/2016;08:05:00;60;sem vítima;314;BR-101/RJ;Sul;Engavetamento;4;;;;;;;;;;4;;;;
26/10/2016;09:37:00;99;com vítima;297;BR-101/RJ;Sul;Atropelamento - Morador;1;;;;;;;;;;1;;1;;
26/10/2016;11:51:00;126;sem vítima;62,676;BR-101/RJ;Sul;Colisão Traseira;;;1;;1;;;;;;13;;;;
26/10/2016;11:57:00;127;sem vítima;102,033;BR-101/RJ;Norte;Choque - Defensa, barreira ou "submarino";1;;;;;;;;;;1;;;;
26/10/2016;12:48:00;134;sem vítima;68,428;BR-101/RJ;Norte;Colisão Traseira;1;;1;;;;;;;;2;;;;
26/10/2016;15:22:00;164;sem vítima;101,935;BR-101/RJ;Norte;Choque - Defensa, barreira ou "submarino";1;;;;;;;;;;3;;;;
26/10/2016;17:27:00;183;sem vítima;311;BR-101/RJ;Norte;Colisão Traseira;2;;;;;;;;;;2;;;;
26/10/2016;21:49:00;215;com vítima;82,325;BR-101/RJ;Norte;Colisão Traseira;;;2;;;;;;;;2;;1;;
26/10/2016;23:38:00;228;sem vítima;54;BR-101/RJ;Sul;Objeto lançado contra veículo;;;1;;;;;;;;1;;;;
27/10/2016;00:08:00;2;sem vítima;57;BR-101/RJ;Sul;Objeto lançado contra veículo;;;1;;;;;;;;1;;;;
27/10/2016;02:28:00;15;com vítima;180,5;BR-101/RJ;Sul;Tombamento;;;1;;;;;;;;0;2;;;
27/10/2016;04:07:00;20;sem vítima;12,7;BR-101/RJ;Norte;Choque - Objeto sobre a pista;1;;;;;;;;;;5;;;;
27/10/2016;04:07:00;21;sem vítima;12,7;BR-101/RJ;Norte;Choque - Objeto sobre a pista;1;;;;;;;;;;4;;;;
27/10/2016;07:19:00;40;sem vítima;321,9;BR-101/RJ;Norte;Choque - Defensa, barreira ou "submarino";1;;;;;;;;;;1;;;;
27/10/2016;08:05:00;61;com vítima;264;BR-101/RJ;Norte;Queda de Moto;;;;1;;;;;;;0;1;;;