data;horario;n_da_ocorrencia;tipo_de_ocorrencia;km;trecho;sentido;tipo_de_acidente;automovel;bicicleta;caminhao;moto;onibus;outros;tracao_animal;transporte_de_cargas_especiais;trator_maquinas;utilitarios;ilesos;levemente_feridos;moderadamente_feridos;gravemente_feridos;mortos
27/10/2016;08:36:00;79;sem vítima;297;BR-101/RJ;Norte;Colisão Lateral;1;;1;;;;;;;;2;;;;
27/10/2016;09:13:00;90;sem vítima;102;BR-101/RJ;Norte;Colisão Traseira;2;;;;;;;;;;6;;;;
27/10/2016;10:46:00;125;sem vítima;315;BR-101/RJ;Sul;Colisão Traseira;1;;;;;;;;;;1;;;;
27/10/2016;16:01:00;195;com vítima;297,916;BR-101/RJ;Sul;Colisão Lateral;;;;1;;1;;;;;1;1;;;
27/10/2016;17:08:00;213;sem vítima;318;BR-101/RJ;Norte;Colisão Lateral;2;;;;;;;;;;2;;;;
27/10/2016;17:16:00;214;com vítima;294,83;BR-101/RJ;Sul;Colisão Lateral;1;;;1;;1;;;;;2;1;1;;
27/10/2016;17:20:00;216;com vítima;116,8;BR-101/RJ;Norte;Tombamento;;;1;;;;;;;;0;1;;;
28/10/2016;00:26:00;1;sem vítima;321;BR-101/RJ;Norte;Colisão Lateral;2;;;;;;;;;;6;;;;
28/10/2016;07:43:00;52;sem vítima;319;BR-101/RJ;Norte;Colisão Lateral;2;;;;;;;;;;2;;;;
28/10/2016;08:51:00;76;com vítima;196;BR-101/RJ;Sul;Choque - Suporte de Sinalização;1;;;;;;;;;;0;;1;;
28/10/2016;09:49:00;90;com vítima;303;BR-101/RJ;Norte;Queda de Moto;;;;1;;;;;;;0;1;;;
28/10/2016;10:09:00;96;sem vítima;92;BR-101/RJ;Sul;Colisão Traseira;2;;;;;;;;;;6;;;;
28/10/2016;10:46:00;103;sem vítima;206,088;BR-101/RJ;Sul;Colisão Traseira;2;;;;;;;;;;5;;;;
28/10/2016;15:48:00;155;sem vítima;207;BR-101/RJ;Norte;Colisão Traseira;2;;;;;;;;;;5;;;;
28/10/2016;16:00:00;161;com vítima;207;BR-101/RJ;Norte;Colisão Traseira;2;;;;;;;;;;5;1;;;
28/10/2016;17:27:00;178;sem vítima;322;BR-101/RJ;Sul;Colisão Lateral;1;;;1;;;;;;;2;;;;
28/10/2016;18:21:00;191;com vítima;55,5;BR-101/RJ;Norte;Colisão Lateral;;;;1;1;;;;;;1;1;;;
28/10/2016;20:55:00;213;sem vítima;12,5;BR-101/RJ;Norte;Choque - Elemento de Drenagem;1;;;;;;;;;;5;;;;
28/10/2016;22:21:00;226;com vítima;51,275;BR-101/RJ;Sul;Colisão Frontal;1;;;1;;;;;;;0;2;1;;2
29/10/2016;06:01:00;31;com vítima;313,948;BR-101/RJ;Sul;Colisão Lateral;1;;;1;;;;;;;2;1;;;
29/10/2016;07:09:00;48;com vítima;314,065;BR-101/RJ;Norte;Choque - Arvore;1;;;;;;;;;;0;;1;;
29/10/2016;11:54:00;114;sem vítima;301,553;BR-101/RJ;Sul;Choque - Defensa, barreira ou "submarino";1;;;;;;;;;;4;;;;
29/10/2016;12:55:00;124;com vítima;293,57;BR-101/RJ;Sul;Queda de Moto;;;;1;;;;;;;0;1;;;
29/10/2016;14:08:00;143;com vítima;318;BR-101/RJ;Norte;Queda de Moto;;;;1;;;;;;;0;1;;;
29/10/2016;19:18:00;188;sem vítima;299,5;BR-101/RJ;Sul;Colisão Lateral;;;2;;;;;;;;3;;;;
30/10/2016;00:10:00;2;com vítima;45,43;BR-101/RJ;Norte;Choque - Defensa, barreira ou "submarino";1;;;;;;;;;;0;2;;;
30/10/2016;02:44:00;16;sem vítima;318,53;BR-101/RJ;Sul;Choque - Defensa, barreira ou "submarino";1;;;;;;;;;;1;;;;
30/10/2016;08:06:00;38;sem vítima;296,461;BR-101/RJ;Sul;Capotamento;1;;;;;;;;;;1;;;;
30/10/2016;08:12:00;40;sem vítima;317,606;BR-101/RJ;Sul;Choque - Defensa, barreira ou "submarino";;;1;;;;;;;;2;;;;
30/10/2016;17:51:00;128;sem vítima;226,187;BR-101/RJ;Sul;Choque - Suporte de Sinalização;1;;;;;;;;;;2;;;;
30/10/2016;17:55:00;130;com vítima;319,846;BR-101/RJ;Norte;Colisão Lateral;1;;;1;;;;;;;2;2;;;
30/10/2016;18:52:00;136;sem vítima;279,341;BR-101/RJ;Sul;Colisão Lateral;2;;;;;;;;;;5;;;;
30/10/2016;23:30:00;167;com vítima;102,015;BR-101/RJ;Norte;Colisão Traseira;1;;;;;1;;;;;1;2;;;
31/10/2016;07:03:00;27;sem vítima;321,815;BR-101/RJ;Sul;Colisão Traseira;2;;;;;;;;;;4;;;;
31/10/2016;08:44:00;73;com vítima;298,387;BR-101/RJ;Sul;Engavetamento;;;;3;;;;;;;0;3;;;
31/10/2016;09:22:00;88;sem vítima;308,665;BR-101/RJ;Norte;Colisão Traseira;3;;;;;;;;;;3;;;;
31/10/2016;10:05:00;93;sem vítima;63,294;BR-101/RJ;Norte;Colisão Lateral;1;;1;;;;;;;;2;;;;
31/10/2016;10:03:00;95;com vítima;308,586;BR-101/RJ;Sul;Engavetamento;3;;;;;1;;;;;4;1;;;
31/10/2016;11:43:00;116;sem vítima;312,411;BR-101/RJ;Norte;Colisão Traseira;2;;;;;;;;;;2;;;;
31/10/2016;12:26:00;124;com vítima;303,46;BR-101/RJ;Norte;Colisão Traseira;1;;;;1;;;;;;45;;2;;
31/10/2016;12:34:00;127;sem vítima;306,283;BR-101/RJ;Sul;Colisão Traseira;2;;;;;;;;;;2;;;;
31/10/2016;12:52:00;135;sem vítima;310,385;BR-101/RJ;Sul;Colisão Traseira;2;;;;;;;;;;2;;;;
31/10/2016;14:34:00;158;com vítima;308,745;BR-101/RJ;Sul;Colisão Traseira;;;;1;;;;;;1;1;1;;;
31/10/2016;14:47:00;159;sem vítima;295,309;BR-101/RJ;Sul;Choque - Defensa, barreira ou "submarino";1;;;;;;;;;;2;;;;
31/10/2016;17:15:00;192;sem vítima;313,625;BR-101/RJ;Norte;Engavetamento;3;;;;;;;;;;3;;;;
31/10/2016;17:29:00;194;sem vítima;281;BR-101/RJ;Norte;Colisão Traseira;1;;;;;;;;;1;3;;;;
31/10/2016;17:59:00;200;sem vítima;284,35;BR-101/RJ;Norte;Engavetamento;3;;;;;;;;;;13;;;;
31/10/2016;18:21:00;205;sem vítima;318;BR-101/RJ;Norte;Colisão Traseira;2;;;;;;;;;;2;;;;
31/10/2016;18:43:00;207;com vítima;200,421;BR-101/RJ;Sul;Colisão Lateral;;;1;;1;;;;;;2;1;;;
01/11/2016;10:04:00;102;sem vítima;321;BR-101/RJ;Sul;Colisão Traseira;2;;;;;;;;;;2;;;;
01/11/2016;10:32:00;110;sem vítima;279;BR-101/RJ;Norte;Colisão Lateral;1;;1;;;;;;;;3;;;;
01/11/2016;14:23:00;175;sem vítima;193;BR-101/RJ;Norte;Colisão Lateral;1;;;;;;;;;1;2;;;;
01/11/2016;15:30:00;194;com vítima;282,744;BR-101/RJ;Norte;Tombamento;;;1;;;;;;;;0;1;;;
01/11/2016;19:40:00;247;com vítima;318,468;BR-101/RJ;Norte;Colisão Traseira;;;;1;;;;;;1;1;1;;;
02/11/2016;04:24:00;17;sem vítima;320,9;BR-101/RJ;Sul;Choque - Defensa, barreira ou "submarino";1;;;;;;;;;;1;;;;
02/11/2016;05:58:00;21;sem vítima;321;BR-101/RJ;Norte;Choque - Defensa, barreira ou "submarino";1;;;;;;;;;;2;;;;
02/11/2016;09:06:00;58;sem vítima;283;BR-101/RJ;Norte;Colisão Traseira;1;;1;;;;;;;;7;;;;
02/11/2016;10:06:00;72;com vítima;208;BR-101/RJ;Norte;Colisão Traseira;1;;;;;;;;;1;9;4;;;
02/11/2016;10:26:00;77;sem vítima;265;BR-101/RJ;Sul;Saida de Pista;1;;;;;;;;;;3;;;;
02/11/2016;11:19:00;83;sem vítima;40;BR-101/RJ;Sul;Colisão Traseira;1;;1;;;;;;;;2;;;;
02/11/2016;15:52:00;114;com vítima;48;BR-101/RJ;Norte;Colisão Transversal;1;;;1;;;;;;;3;;;1;
02/11/2016;19:20:00;155;sem vítima;263;BR-101/RJ;Norte;Choque - Defensa, barreira ou "submarino";1;;;;;;;;;;1;;;;
03/11/2016;01:13:00;10;sem vítima;276,63;BR-101/RJ;Norte;Choque - Poste;;;1;;;;;;;;2;;;;
03/11/2016;01:32:00;12;sem vítima;192,831;BR-101/RJ;Norte;Choque - Defensa, barreira ou "submarino";1;;;;;;;;;;1;;;;
03/11/2016;04:23:00;21;sem vítima;224;BR-101/RJ;Norte;Choque - Elemento de Drenagem;1;;;;;;;;;;1;;;;
03/11/2016;08:10:00;71;com vítima;314;BR-101/RJ;Sul;Colisão Lateral;1;;;1;;;;;;;1;1;;;
03/11/2016;09:08:00;96;sem vítima;55;BR-101/RJ;Norte;Colisão Transversal;2;;;;;;;;;;2;;;;
03/11/2016;10:29:00;121;sem vítima;297;BR-101/RJ;Norte;Colisão Lateral;1;;1;;;;;;;;2;;;;
03/11/2016;10:54:00;123;sem vítima;297;BR-101/RJ;Norte;Engavetamento;2;;1;;;;;;;;3;;;;
03/11/2016;12:25:00;145;sem vítima;282;BR-101/RJ;Sul;Colisão Traseira;2;;;;;;;;;;2;;;;
03/11/2016;14:19:00;154;sem vítima;184;BR-101/RJ;Norte;Choque - Defensa, barreira ou "submarino";1;;;;;;;;;;3;;;;
03/11/2016;15:18:00;172;com vítima;318,96;BR-101/RJ;Norte;Colisão Traseira;1;1;;;;;;;;;1;1;;;
03/11/2016;16:25:00;187;sem vítima;278,6;BR-101/RJ;Norte;Engavetamento;1;;;;;1;;;;1;4;;;;
03/11/2016;22:54:00;249;sem vítima;50;BR-101/RJ;Sul;Atropelamento de Animal;1;;;;;;;;;;1;;;;
03/11/2016;23:22:00;253;sem vítima;198,4;BR-101/RJ;Sul;Choque - Talude;1;;;;;;;;;;1;;;;
03/11/2016;23:36:00;254;sem vítima;224,276;BR-101/RJ;Norte;Tombamento;;;1;;;;;;;;1;;;;
03/11/2016;23:43:00;255;sem vítima;320,649;BR-101/RJ;Sul;Choque - Defensa, barreira ou "submarino";1;;;;;;;;;;1;;;;
04/11/2016;01:03:00;4;sem vítima;228,105;BR-101/RJ;Norte;Choque - Defensa, barreira ou "submarino";;;1;;;;;;;;1;;;;
04/11/2016;01:28:00;8;sem vítima;295,634;BR-101/RJ;Norte;Choque - Suporte de Sinalização;;;1;;;;;;;;2;;;;
04/11/2016;04:32:00;19;sem vítima;192;BR-101/RJ;Norte;Choque - Suporte de Sinalização;1;;;;;;;;;;2;;;;
04/11/2016;07:40:00;42;sem vítima;222;BR-101/RJ;Norte;Choque - Elemento de Drenagem;1;;;;;;;;;;5;;;;
04/11/2016;08:24:00;57;sem vítima;308;BR-101/RJ;Sul;Engavetamento;3;;;;;;;;;;5;;;;
04/11/2016;09:47:00;72;com vítima;239;BR-101/RJ;Norte;Choque - Defensa, barreira ou "submarino";1;;;;;;;;;;0;1;;;
04/11/2016;12:35:00;119;com vítima;300;BR-101/RJ;Norte;Queda de Moto;;;;1;;;;;;;1;1;;;
04/11/2016;14:10:00;128;sem vítima;299,8;BR-101/RJ;Sul;Colisão Traseira;2;;;;;;;;;;2;;;;
04/11/2016;15:57:00;152;sem vítima;190,165;BR-101/RJ;Norte;Colisão Lateral;2;;1;;;;;;;;7;;;;
04/11/2016;16:26:00;160;sem vítima;157,953;BR-101/RJ;Norte;Choque - Talude;1;;;;;;;;;;2;;;;
04/11/2016;16:45:00;161;sem vítima;57;BR-101/RJ;Norte;Colisão Transversal;2;;;;;;;;;;3;;;;
04/11/2016;18:18:00;183;sem vítima;255;BR-101/RJ;Norte;Atropelamento de Animal;1;;;;;;;;;;1;;;;
04/11/2016;18:26:00;188;sem vítima;196;BR-101/RJ;Sul;Choque - Defensa, barreira ou "submarino";1;;;;;;;;;;1;;;;
04/11/2016;23:35:00;250;sem vítima;307,68;BR-101/RJ;Norte;Objeto lançado contra veículo;1;;;;;1;;;;;2;;;;
05/11/2016;03:10:00;17;sem vítima;288;BR-101/RJ;Norte;Choque - Defensa, barreira ou "submarino";1;;;;;;;;;;1;;;;
05/11/2016;03:49:00;18;sem vítima;59,5;BR-101/RJ;Sul;Colisão Transversal;2;;;;;;;;;;5;;;;
05/11/2016;04:27:00;19;sem vítima;261;BR-101/RJ;Sul;Colisão Lateral;1;;1;;;;;;;;5;;;;
05/11/2016;07:03:00;34;com vítima;193,29;BR-101/RJ;Norte;Choque - Suporte de Sinalização;;;1;;;;;;;;0;1;;;
05/11/2016;10:06:00;65;com vítima;169,102;BR-101/RJ;Sul;Choque - Defensa, barreira ou "submarino";1;;;;;;;;;;0;3;;;
05/11/2016;11:50:00;83;sem vítima;232,883;BR-101/RJ;Sul;Choque - Defensa, barreira ou "submarino";1;;;;;;;;;;3;;;;
05/11/2016;11:20:00;86;sem vítima;288,625;BR-101/RJ;Sul;Colisão Traseira;1;;1;;;;;;;;3;;;;
05/11/2016;12:06:00;87;com vítima;140;BR-101/RJ;Norte;Submersão;1;;;;;;;;;;0;;3;;
05/11/2016;12:11:00;89;sem vítima;313,209;BR-101/RJ;Sul;Choque - Defensa, barreira ou "submarino";2;;;;;;;;;;3;;;;
05/11/2016;12:59:00;93;sem vítima;268,986;BR-101/RJ;Sul;Colisão Traseira;2;;;;;;;;;;2;;;;
05/11/2016;13:33:00;100;sem vítima;231,429;BR-101/RJ;Sul;Choque - Defensa, barreira ou "submarino";1;;;;;;;;;;1;;;;
05/11/2016;15:31:00;124;sem vítima;166;BR-101/RJ;Norte;Choque - Defensa, barreira ou "submarino";1;;;;;;;;;;2;;;;
05/11/2016;19:21:00;171;com vítima;320;BR-101/RJ;Sul;Choque - Outros;1;;;;;;;;;;0;1;;;
05/11/2016;21:51:00;194;com vítima;257,955;BR-101/RJ;Sul;Atropelamento - Morador;1;;;;;;;;;;4;;;;1
05/11/2016;23:31:00;202;sem vítima;264,099;BR-101/RJ;Sul;Colisão Traseira;1;;;;;1;;;;;2;;;;
06/11/2016;00:53:00;4;com vítima;50;BR-101/RJ;Sul;Colisão Traseira;1;;;;;1;;;;;1;1;1;;
06/11/2016;06:19:00;26;sem vítima;267,527;BR-101/RJ;Sul;Choque - Outros;1;;;;;;;;;;2;;;;
06/11/2016;09:51:00;53;sem vítima;89,809;BR-101/RJ;Sul;Colisão Traseira;1;;;;;1;;;;;2;;;;
06/11/2016;14:25:00;93;sem vítima;184,887;BR-101/RJ;Norte;Tombamento;;;1;;;;;;;;3;;;;
06/11/2016;15:18:00;100;com vítima;322;BR-101/RJ;Norte;Colisão Traseira;1;;;;;1;;;;;2;3;;;
06/11/2016;15:27:00;101;com vítima;297;BR-101/RJ;Norte;Queda de Moto;;;;1;;;;;;;1;1;;;
06/11/2016;19:33:00;141;sem vítima;120;BR-101/RJ;Sul;Atropelamento de Animal;1;;;;;;;;;;1;;;;
06/11/2016;21:49:00;168;sem vítima;299;BR-101/RJ;Sul;Colisão Lateral;2;;;;;;;;;;4;;;;
07/11/2016;06:33:00;35;sem vítima;303;BR-101/RJ;Norte;Queda de Moto;;;;1;;;;;;;1;;;;
07/11/2016;07:13:00;42;com vítima;310,115;BR-101/RJ;Sul;Colisão Traseira;1;;;;1;;;;;;6;1;;;
07/11/2016;07:55:00;63;sem vítima;306;BR-101/RJ;Sul;Colisão Traseira;1;;;1;;;;;;;3;;;;
07/11/2016;07:59:00;67;sem vítima;297;BR-101/RJ;Norte;Queda de Moto;;;;1;;;;;;;1;;;;
07/11/2016;08:09:00;72;sem vítima;318;BR-101/RJ;Sul;Colisão Traseira;2;;;;;;;;;;2;;;;
07/11/2016;09:17:00;104;sem vítima;69,2;BR-101/RJ;Norte;Choque - Outros;1;;;;;;;;;;1;;;;
07/11/2016;16:02:00;208;sem vítima;289,813;BR-101/RJ;Norte;Choque - Objeto sobre a pista;1;;;;;;;;;;2;;;;
07/11/2016;16:04:00;210;com vítima;189,272;BR-101/RJ;Norte;Queda de Moto;;;;1;;;;;;;0;2;;;
07/11/2016;16:28:00;218;sem vítima;281,525;BR-101/RJ;Norte;Colisão Traseira;1;;;;;1;;;;;4;;;;
07/11/2016;22:20:00;291;sem vítima;66;BR-101/RJ;Norte;Colisão Lateral;2;;;;;;;;;;2;;;;
08/11/2016;08:28:00;83;com vítima;306;BR-101/RJ;Norte;Colisão Traseira;;;;1;;1;;;;;1;1;;;
08/11/2016;08:43:00;88;sem vítima;278;BR-101/RJ;Norte;Engavetamento;3;;;;;;;;;;3;;;;
08/11/2016;10:04:00;120;sem vítima;303;BR-101/RJ;Sul;Colisão Lateral;;;;;;1;;;;1;2;;;;
08/11/2016;12:31:00;146;com vítima;294,899;BR-101/RJ;Norte;Queda de Moto;;;;1;;;;;;;0;1;1;;
08/11/2016;16:10:00;202;com vítima;120,781;BR-101/RJ;Norte;Colisão Transversal;2;;1;;;;;;;;4;;1;;
08/11/2016;18:00:00;222;sem vítima;224,225;BR-101/RJ;Sul;Choque - Defensa, barreira ou "submarino";1;;;;;;;;;;2;;;;
08/11/2016;20:19:00;244;sem vítima;221;BR-101/RJ;Sul;Choque - Elemento de Drenagem;1;;;;;;;;;;4;;;;
09/11/2016;06:21:00;35;sem vítima;314;BR-101/RJ;Sul;Engavetamento;3;;;;;;;;;;7;;;;
09/11/2016;07:14:00;49;com vítima;282,012;BR-101/RJ;Norte;Colisão Traseira;2;;;1;;;;;;;1;1;;;1
09/11/2016;09:09:00;128;com vítima;316;BR-101/RJ;Sul;Colisão Traseira;1;;;1;;;;;;;2;2;;;
09/11/2016;12:53:00;198;com vítima;293;BR-101/RJ;Norte;Colisão Traseira;2;;;1;;;;;;;4;1;;;
09/11/2016;15:16:00;225;sem vítima;285;BR-101/RJ;Norte;Choque - Outros;1;;;;;;;;;;1;;;;
09/11/2016;22:08:00;299;com vítima;64,189;BR-101/RJ;Sul;Colisão Transversal;1;;;1;;;;;;;1;;1;;
09/11/2016;23:13:00;306;sem vítima;303;BR-101/RJ;Sul;Colisão Lateral;2;;;;;;;;;;6;;;;
10/11/2016;03:06:00;16;sem vítima;278,061;BR-101/RJ;Sul;Tombamento;;;1;;;;;;;;2;;;;
10/11/2016;05:36:00;24;com vítima;49,594;BR-101/RJ;Sul;Atropelamento - Morador;;;1;;;;;;;;1;;;;1
10/11/2016;06:51:00;32;sem vítima;101;BR-101/RJ;Norte;Colisão Traseira;1;;1;;;;;;;;5;;;;
10/11/2016;07:17:00;45;sem vítima;322;BR-101/RJ;Norte;Colisão Traseira;1;;;;1;;;;;;2;;;;
10/11/2016;12:24:00;140;com vítima;313;BR-101/RJ;Norte;Colisão Traseira;;;;2;;;;;;;0;2;;;
10/11/2016;12:44:00;143;sem vítima;312,5;BR-101/RJ;Sul;Engavetamento;1;;;;;1;;;;1;3;;;;
10/11/2016;16:37:00;189;com vítima;321,842;BR-101/RJ;Sul;Colisão Lateral;1;;;1;;;;;;;1;1;;;
10/11/2016;18:07:00;207;sem vítima;319;BR-101/RJ;Sul;Engavetamento;3;;;;;;;;;;4;;;;
10/11/2016;22:30:00;243;sem vítima;298,07;BR-101/RJ;Sul;Choque - Suporte de Sinalização;1;;;;;;;;;;1;;;;
11/11/2016;03:59:00;15;com vítima;175,7;BR-101/RJ;Norte;Colisão Lateral;1;;1;;;;;;;;2;1;;;
11/11/2016;06:19:00;26;com vítima;223;BR-101/RJ;Sul;Choque - Defensa, barreira ou "submarino";;;1;;;;;;;;0;1;;;
11/11/2016;07:13:00;43;sem vítima;295;BR-101/RJ;Norte;Colisão Traseira;1;;1;;;;;;;;2;;;;
11/11/2016;08:46:00;90;sem vítima;103;BR-101/RJ;Norte;Choque - Elemento de Drenagem;1;;;;;;;;;;1;;;;
11/11/2016;10:55:00;118;com vítima;297;BR-101/RJ;Sul;Colisão Lateral;;;1;1;;;;;;;1;;1;;
11/11/2016;12:03:00;130;sem vítima;294;BR-101/RJ;Norte;Engavetamento;3;;;;;;;;;;4;;;;
11/11/2016;14:06:00;151;com vítima;295;BR-101/RJ;Norte;Queda de Moto;;;;1;;;;;;;1;;1;;
11/11/2016;15:12:00;164;sem vítima;56;BR-101/RJ;Sul;Colisão Lateral;1;;1;;;;;;;;4;;;;
11/11/2016;15:45:00;175;sem vítima;312;BR-101/RJ;Norte;Colisão Traseira;2;;;;;;;;;;3;;;;
11/11/2016;17:23:00;197;sem vítima;51,2;BR-101/RJ;Norte;Colisão Lateral;;;;1;1;;;;;;2;;;;
11/11/2016;20:17:00;232;com vítima;276;BR-101/RJ;Sul;Colisão Lateral;;;1;1;;;;;;;1;2;;;
11/11/2016;22:52:00;257;sem vítima;268,588;BR-101/RJ;Norte;Colisão Traseira;1;;;;;1;;;;;6;;;;
12/11/2016;01:26:00;16;com vítima;254,06;BR-101/RJ;Norte;Queda de Moto;;;;1;;;;;;;0;1;1;;
12/11/2016;03:52:00;34;com vítima;315,5;BR-101/RJ;Norte;Choque - Talude;1;;;;;;;;;;1;1;;;
12/11/2016;04:05:00;35;sem vítima;265,62;BR-101/RJ;Norte;Choque - Defensa, barreira ou "submarino";1;;;;;;;;;;2;;;;
12/11/2016;07:05:00;54;com vítima;124;BR-101/RJ;Norte;Choque - Defensa, barreira ou "submarino";1;;;;;;;;;;3;1;;;
12/11/2016;07:27:00;57;sem vítima;308,954;BR-101/RJ;Sul;Choque - Defensa, barreira ou "submarino";1;;;;;;;;;;1;;;;
12/11/2016;09:03:00;79;com vítima;243;BR-101/RJ;Sul;Colisão Frontal;2;;1;;;;;;;;3;;5;;
12/11/2016;09:58:00;90;sem vítima;71;BR-101/RJ;Norte;Colisão Traseira;2;;;;;;;;;;8;;;;
12/11/2016;14:33:00;137;sem vítima;242;BR-101/RJ;Norte;Choque - Suporte de Sinalização;;;1;;;;;;;;1;;;;
12/11/2016;14:58:00;139;sem vítima;121;BR-101/RJ;Sul;Objeto lançado contra veículo;1;;1;;;;;;;;2;;;;
12/11/2016;15:01:00;141;com vítima;260,894;BR-101/RJ;Sul;Colisão Lateral;2;;;;;;;;;;4;2;;;
12/11/2016;15:36:00;148;com vítima;320;BR-101/RJ;Norte;Queda de Moto;1;;;2;;;;;;;4;2;;;
12/11/2016;16:06:00;153;com vítima;300;BR-101/RJ;Norte;Colisão Lateral;1;;;1;;;;;;;1;1;;;
12/11/2016;16:21:00;159;sem vítima;61;BR-101/RJ;Sul;Colisão Transversal;1;;1;;;;;;;;3;;;;
12/11/2016;17:23:00;166;sem vítima;317,86;BR-101/RJ;Norte;Colisão Frontal;2;;;;;;;;;;4;;;;
12/11/2016;20:10:00;204;sem vítima;312,2;BR-101/RJ;Norte;Colisão Lateral;;;;;1;;;;;1;3;;;;
12/11/2016;20:10:00;205;sem vítima;294,38;BR-101/RJ;Norte;Colisão Traseira;2;;;;;;;;;;5;;;;
12/11/2016;20:46:00;211;sem vítima;24;BR-101/RJ;Sul;Choque - Talude;1;;;;;;;;;;1;;;;
12/11/2016;21:18:00;216;sem vítima;306,1;BR-101/RJ;Sul;Atropelamento de Animal;1;;;;;;;;;;4;;;;
12/11/2016;23:19:00;225;sem vítima;169,2;BR-101/RJ;Norte;Choque - Defensa, barreira ou "submarino";;;1;;;;;;;;3;;;;
13/11/2016;00:14:00;3;sem vítima;291,49;BR-101/RJ;Norte;Atropelamento de Animal;1;;;;;;;;;;1;;;;
13/11/2016;00:54:00;9;sem vítima;308,13;BR-101/RJ;Norte;Choque - Defensa, barreira ou "submarino";1;;;;;;;;;;4;;;;
13/11/2016;03:38:00;33;sem vítima;177,05;BR-101/RJ;Norte;Choque - Defensa, barreira ou "submarino";1;;;;;;;;;;4;;;;
13/11/2016;03:51:00;36;sem vítima;275,45;BR-101/RJ;Norte;Capotamento;1;;;;;;;;;;1;;;;
13/11/2016;03:52:00;37;sem vítima;214;BR-101/RJ;Sul;Choque - Elemento de Drenagem;1;;;;;;;;;;1;;;;
13/11/2016;08:42:00;79;sem vítima;281,65;BR-101/RJ;Norte;Choque - Defensa, barreira ou "submarino";1;;;;;;;;;;1;;;;
13/11/2016;09:38:00;94;sem vítima;249,533;BR-101/RJ;Sul;Choque - Defensa, barreira ou "submarino";1;;;;;;;;;;2;;;;
13/11/2016;13:23:00;138;sem vítima;271;BR-101/RJ;Norte;Choque - Outros;1;;;;;;;;;;6;;;;
13/11/2016;15:10:00;152;sem vítima;166;BR-101/RJ;Sul;Choque - Defensa, barreira ou "submarino";1;;;;;;;;;;1;;;;
13/11/2016;17:53:00;186;sem vítima;302;BR-101/RJ;Norte;Colisão Traseira;2;;;;;;;;;;4;;;;
13/11/2016;17:55:00;187;com vítima;63;BR-101/RJ;Sul;Queda de Moto;;;;1;;;;;;;0;1;;;
13/11/2016;19:28:00;209;sem vítima;193;BR-101/RJ;Sul;Objeto lançado contra veículo;1;;;;;;;;;;4;;;;
13/11/2016;21:58:00;232;sem vítima;293,565;BR-101/RJ;Sul;Choque - Defensa, barreira ou "submarino";1;;;;;;;;;;1;;;;
13/11/2016;22:38:00;236;sem vítima;91,158;BR-101/RJ;Norte;Colisão Traseira;1;;;;;1;;;;;3;;;;
13/11/2016;22:50:00;242;sem vítima;298,38;BR-101/RJ;Sul;Colisão Frontal;2;;;;;;;;;;7;;;;
14/11/2016;00:14:00;2;com vítima;60,317;BR-101/RJ;Norte;Colisão Transversal;1;;1;;;;;;;;1;1;;;
14/11/2016;02:56:00;16;sem vítima;295;BR-101/RJ;Sul;Choque - Talude;1;;;;;;;;;;1;;;;
14/11/2016;03:24:00;22;com vítima;297;BR-101/RJ;Sul;Queda de Moto;;;;1;;;;;;;0;1;;;
14/11/2016;07:55:00;38;sem vítima;148,391;BR-101/RJ;Norte;Colisão Lateral;1;;;;;1;;;;;2;;;;
14/11/2016;09:34:00;58;sem vítima;58,87;BR-101/RJ;Sul;Engavetamento;3;;;;;;;;;;9;;;;
14/11/2016;09:43:00;60;sem vítima;60,443;BR-101/RJ;Sul;Colisão Traseira;2;;;;;;;;;;6;;;;
14/11/2016;10:19:00;77;sem vítima;58;BR-101/RJ;Sul;Colisão Traseira;2;;;;;;;;;;8;;;;
14/11/2016;13:42:00;100;sem vítima;313,4;BR-101/RJ;Sul;Colisão Traseira;2;;;;;;;;;;2;;;;
14/11/2016;14:24:00;105;sem vítima;312,56;BR-101/RJ;Sul;Colisão Traseira;2;;;;;;;;;;3;;;;
14/11/2016;15:33:00;115;sem vítima;169,074;BR-101/RJ;Norte;Capotamento;1;;;;;;;;;;2;;;;
14/11/2016;15:51:00;118;sem vítima;297;BR-101/RJ;Norte;Colisão Lateral;1;;1;;;;;;;;5;;;;
14/11/2016;18:51:00;149;sem vítima;297;BR-101/RJ;Norte;Colisão Lateral;1;;1;;;;;;;;2;;;;
15/11/2016;02:07:00;18;sem vítima;234,88;BR-101/RJ;Norte;Choque - Defensa, barreira ou "submarino";;;1;;;;;;;;1;;;;
15/11/2016;02:12:00;19;com vítima;311,473;BR-101/RJ;Sul;Choque - Defensa, barreira ou "submarino";1;;;;;;;;;;1;1;;;
15/11/2016;06:53:00;36;sem vítima;283,052;BR-101/RJ;Sul;Choque - Defensa, barreira ou "submarino";1;;;;;;;;;;1;;;;
15/11/2016;12:21:00;95;sem vítima;273;BR-101/RJ;Norte;Atropelamento de Animal;1;;;;;;;;;;1;;;;