data;horario;n_da_ocorrencia;tipo_de_ocorrencia;km;trecho;sentido;tipo_de_acidente;automovel;bicicleta;caminhao;moto;onibus;outros;tracao_animal;transporte_de_cargas_especiais;trator_maquinas;utilitarios;ilesos;levemente_feridos;moderadamente_feridos;gravemente_feridos;mortos
15/11/2016;12:52:00;101;sem vítima;263;BR-101/RJ;Sul;Engavetamento;4;;;;;;;;;;4;;;;
15/11/2016;14:00:00;121;sem vítima;271,382;BR-101/RJ;Sul;Colisão Traseira;2;;;;;;;;;;3;;;;
15/11/2016;14:00:00;122;sem vítima;318,01;BR-101/RJ;Sul;Engavetamento;3;;;;;;;;;;6;;;;
15/11/2016;16:09:00;155;sem vítima;243,805;BR-101/RJ;Norte;Choque - Defensa, barreira ou "submarino";1;;;;;;;;;;2;;;;
15/11/2016;16:55:00;168;sem vítima;297,576;BR-101/RJ;Norte;Colisão Traseira;1;;;1;;;;;;;2;;;;
15/11/2016;17:35:00;183;com vítima;293,5;BR-101/RJ;Sul;Choque - Elemento de Drenagem;1;;;;;;;;;;0;1;;;
15/11/2016;18:00:00;189;sem vítima;207,639;BR-101/RJ;Sul;Engavetamento;3;;;;;;;;;;3;;;;
15/11/2016;22:10:00;237;sem vítima;297;BR-101/RJ;Sul;Choque - Defensa, barreira ou "submarino";1;;;;;1;;;;;3;;;;
16/11/2016;05:56:00;32;com vítima;271;BR-101/RJ;Sul;Choque - Outros;1;;;;;;;;;;1;;2;;
16/11/2016;07:05:00;36;sem vítima;320;BR-101/RJ;Sul;Colisão Traseira;2;;;;;;;;;;5;;;;
16/11/2016;11:58:00;129;sem vítima;185,215;BR-101/RJ;Sul;Colisão Traseira;;;2;;;;;;;;2;;;;
16/11/2016;12:23:00;133;sem vítima;117,635;BR-101/RJ;Sul;Choque - Suporte de Sinalização;1;;;;;;;;;;1;;;;
16/11/2016;15:09:00;170;sem vítima;122,898;BR-101/RJ;Sul;Colisão Traseira;2;;;;;;;;;;5;;;;
16/11/2016;20:49:00;230;sem vítima;221,535;BR-101/RJ;Sul;Choque - Defensa, barreira ou "submarino";1;;;;;;;;;;1;;;;
16/11/2016;22:55:00;253;sem vítima;63;BR-101/RJ;Norte;Choque - Elemento de Drenagem;1;;;;;;;;;;1;;;;
17/11/2016;00:15:00;3;sem vítima;97,664;BR-101/RJ;Sul;Tombamento;1;;;;;;;;;;1;;;;
17/11/2016;04:27:00;19;sem vítima;81,6;BR-101/RJ;Sul;Choque - Poste;;;1;;;;;;;;1;;;;
17/11/2016;11:57:00;127;com vítima;59,5;BR-101/RJ;Sul;Colisão Traseira;2;;;;;;;;;;5;1;;;
17/11/2016;12:32:00;135;com vítima;58,9;BR-101/RJ;Norte;Colisão Traseira;2;;;;;;;;;;3;1;;;
17/11/2016;19:29:00;231;sem vítima;123;BR-101/RJ;Sul;Colisão Lateral;1;;1;;;;;;;;2;;;;
17/11/2016;21:19:00;249;sem vítima;135,313;BR-101/RJ;Sul;Atropelamento de Animal;;;1;;;;;;;;1;;;;
17/11/2016;21:28:00;251;sem vítima;268,95;BR-101/RJ;Norte;Choque - Outros;1;;;;;;;;;;1;;;;
18/11/2016;00:53:00;4;sem vítima;10,634;BR-101/RJ;Norte;Choque - Outros;1;;;;;;;;;;2;;;;
18/11/2016;01:30:00;6;sem vítima;296,153;BR-101/RJ;Norte;Choque - Defensa, barreira ou "submarino";1;;;;;;;;;;1;;;;
18/11/2016;03:10:00;13;sem vítima;247,177;BR-101/RJ;Norte;Colisão Traseira;1;;1;;;;;;;;3;;;;
18/11/2016;03:58:00;17;com vítima;320,4;BR-101/RJ;Norte;Colisão Traseira;1;;1;;;;;;;;1;1;1;1;1
18/11/2016;05:38:00;30;sem vítima;94,536;BR-101/RJ;Sul;Colisão Frontal;;;2;;;;;;;;2;;;;
18/11/2016;12:31:00;138;com vítima;235;BR-101/RJ;Sul;Choque - Talude;1;;;;;;;;;;3;;1;;
18/11/2016;14:16:00;154;sem vítima;169;BR-101/RJ;Sul;Choque - Talude;;;;;;;;;;1;2;;;;
18/11/2016;16:35:00;180;com vítima;111,93;BR-101/RJ;Sul;Choque - Defensa, barreira ou "submarino";1;;;;;;;;;;0;1;;;
18/11/2016;16:43:00;182;com vítima;208;BR-101/RJ;Sul;Colisão Traseira;2;;;;;;;;;;2;;1;;
18/11/2016;20:32:00;241;sem vítima;321;BR-101/RJ;Sul;Colisão Traseira;2;;;;;;;;;;2;;;;
19/11/2016;03:25:00;14;sem vítima;296,3;BR-101/RJ;Sul;Choque - Defensa, barreira ou "submarino";1;;;;;;;;;;2;;;;
19/11/2016;07:14:00;33;sem vítima;92;BR-101/RJ;Norte;Colisão Traseira;1;;1;;;;;;;;4;;;;
19/11/2016;07:15:00;34;sem vítima;92;BR-101/RJ;Norte;Colisão Traseira;1;;1;;;;;;;;2;;;;
19/11/2016;11:56:00;37;sem vítima;296;BR-101/RJ;Norte;Colisão Traseira;1;;;;;1;;;;;2;;;;
19/11/2016;08:38:00;50;sem vítima;295;BR-101/RJ;Norte;Engavetamento;4;;;;;;;;;;8;;;;
19/11/2016;09:55:00;60;sem vítima;305;BR-101/RJ;Sul;Atropelamento de Animal;1;;;;;;;;;;4;;;;
19/11/2016;10:04:00;63;sem vítima;214;BR-101/RJ;Norte;Colisão Traseira;1;;;;;;;;;1;5;;;;
19/11/2016;11:07:00;69;sem vítima;298;BR-101/RJ;Norte;Colisão Lateral;1;;1;;;;;;;;4;;;;
19/11/2016;12:08:00;79;sem vítima;293;BR-101/RJ;Norte;Colisão Traseira;2;;;;;;;;;;2;;;;
19/11/2016;21:56:00;188;com vítima;320,97;BR-101/RJ;Norte;Colisão Lateral;1;;;1;;;;;;;4;;1;;
20/11/2016;02:10:00;20;com vítima;258,57;BR-101/RJ;Norte;Atropelamento de Animal;;;;1;;;;;;;0;;;;1
20/11/2016;02:35:00;24;sem vítima;320;BR-101/RJ;Norte;Choque - Defensa, barreira ou "submarino";1;;;;;;;;;;3;;;;
20/11/2016;04:37:00;33;sem vítima;298,03;BR-101/RJ;Sul;Colisão Lateral;1;;;;;;;;;;1;;;;
20/11/2016;07:26:00;47;sem vítima;264,939;BR-101/RJ;Sul;Colisão Traseira;;;;;;1;;;;1;3;;;;
20/11/2016;08:25:00;55;sem vítima;264;BR-101/RJ;Sul;Colisão Traseira;;;;1;;;;;;1;3;;;;
20/11/2016;08:39:00;57;sem vítima;314;BR-101/RJ;Norte;Engavetamento;2;;;;;1;;;;;4;;;;
20/11/2016;09:37:00;64;sem vítima;315;BR-101/RJ;Norte;Colisão Traseira;1;;;;;1;;;;;3;;;;
20/11/2016;10:07:00;68;sem vítima;277;BR-101/RJ;Norte;Choque - Defensa, barreira ou "submarino";1;;;;;;;;;;1;;;;
20/11/2016;15:53:00;113;com vítima;287,089;BR-101/RJ;Norte;Choque - Defensa, barreira ou "submarino";1;;;;;;;;;;3;1;;;
20/11/2016;20:36:00;160;sem vítima;294,769;BR-101/RJ;Sul;Colisão Lateral;1;;;;1;;;;;;6;;;;
20/11/2016;21:26:00;168;com vítima;263,178;BR-101/RJ;Norte;Colisão Lateral;;;1;1;;;;;;;1;;1;;
20/11/2016;23:59:00;181;sem vítima;184;BR-101/RJ;Norte;Colisão Lateral;;;1;;;1;;;;;2;;;;
21/11/2016;01:42:00;13;com vítima;70;BR-101/RJ;Sul;Colisão Transversal;1;;1;;;;;;;;1;2;;;
21/11/2016;07:05:00;54;com vítima;319,963;BR-101/RJ;Norte;Colisão Traseira;1;;;1;;;;;;;1;2;;;
21/11/2016;12:53:00;168;sem vítima;186;BR-101/RJ;Sul;Choque - Suporte de Sinalização;;;1;;;;;;;;1;;;;
21/11/2016;20:17:00;251;sem vítima;46;BR-101/RJ;Sul;Atropelamento de Animal;1;;;;;;;;;;1;;;;
22/11/2016;01:35:00;15;sem vítima;123;BR-101/RJ;Norte;Choque - Cancela de Pedagio;;;;;;1;;;;;1;;;;
22/11/2016;06:47:00;33;com vítima;318,98;BR-101/RJ;Sul;Colisão Lateral;1;;;1;;;;;;;1;2;;;
22/11/2016;09:04:00;87;com vítima;303,8;BR-101/RJ;Sul;Choque - Defensa, barreira ou "submarino";1;;;;;;;;;;0;1;;;
22/11/2016;09:25:00;92;com vítima;255,94;BR-101/RJ;Norte;Engavetamento;5;;1;;;;;;;;10;1;3;;
22/11/2016;09:33:00;96;com vítima;65,9;BR-101/RJ;Norte;Colisão Transversal;1;;1;;;;;;;;1;1;;;
22/11/2016;18:36:00;203;sem vítima;297;BR-101/RJ;Norte;Colisão Lateral;1;;1;;;;;;;;2;;;;
22/11/2016;20:47:00;219;sem vítima;219,8;BR-101/RJ;Norte;Atropelamento de Animal;;;1;;;;;;;;1;;;;
22/11/2016;23:10:00;232;com vítima;63,57;BR-101/RJ;Sul;Colisão Transversal;1;;;1;;;;;;;1;1;;;
23/11/2016;00:31:00;11;com vítima;220,9;BR-101/RJ;Sul;Tombamento;;;1;;;;;;;;0;1;;;
23/11/2016;06:31:00;47;com vítima;169;BR-101/RJ;Norte;Choque - Talude;1;;;;;;;;;;1;1;1;;
23/11/2016;07:59:00;79;sem vítima;210;BR-101/RJ;Norte;Choque - Defensa, barreira ou "submarino";1;;;;;;;;;;2;;;;
23/11/2016;11:32:00;129;sem vítima;58;BR-101/RJ;Norte;Colisão Traseira;2;;;;;;;;;;3;;;;
23/11/2016;17:53:00;203;com vítima;318,317;BR-101/RJ;Norte;Colisão Lateral;1;;;1;;;;;;;1;1;1;;
23/11/2016;18:24:00;207;com vítima;318,092;BR-101/RJ;Norte;Colisão Lateral;;;;1;;1;;;;;1;;1;;
23/11/2016;18:32:00;208;sem vítima;297,84;BR-101/RJ;Sul;Colisão Traseira;2;;;;;;;;;;2;;;;
24/11/2016;06:34:00;30;sem vítima;272;BR-101/RJ;Sul;Choque - Suporte de Sinalização;1;;;;;;;;;;1;;;;
24/11/2016;09:20:00;94;sem vítima;297,55;BR-101/RJ;Norte;Colisão Lateral;1;;;;1;;;;;;2;;;;
24/11/2016;15:39:00;166;sem vítima;237,743;BR-101/RJ;Sul;Colisão Traseira;1;;1;;;;;;;;4;;;;
24/11/2016;17:36:00;203;com vítima;318,981;BR-101/RJ;Norte;Colisão Lateral;1;;;1;;;;;;;1;1;;;
24/11/2016;19:39:00;221;sem vítima;239,78;BR-101/RJ;Norte;Choque - Defensa, barreira ou "submarino";1;;;;;;;;;;3;;;;
25/11/2016;00:39:00;4;com vítima;61,25;BR-101/RJ;Sul;Colisão Traseira;;;2;;;;;;;;0;3;;;
25/11/2016;07:26:00;47;sem vítima;221;BR-101/RJ;Sul;Objeto lançado contra veículo;1;;1;;;;;;;;2;;;;
25/11/2016;09:15:00;95;sem vítima;320,96;BR-101/RJ;Sul;Colisão Traseira;2;;;;;;;;;;6;;;;
25/11/2016;09:44:00;100;com vítima;288,421;BR-101/RJ;Sul;Colisão Traseira;2;;;;;;;;;;1;2;;;
25/11/2016;11:44:00;123;sem vítima;313;BR-101/RJ;Sul;Choque - Arvore;1;;;;;;;;;;1;;;;
25/11/2016;15:05:00;151;sem vítima;199,95;BR-101/RJ;Sul;Choque - Defensa, barreira ou "submarino";;;;;;;;;;1;2;;;;
25/11/2016;19:58:00;207;sem vítima;27;BR-101/RJ;Norte;Choque - Objeto sobre a pista;1;;1;;;;;;;;2;;;;
25/11/2016;22:44:00;234;com vítima;234,288;BR-101/RJ;Sul;Queda de Moto;;;;1;;;;;;;0;1;;;
26/11/2016;00:55:00;3;sem vítima;305,85;BR-101/RJ;Norte;Atropelamento de Animal;1;;;;;;;;;;1;;;;
26/11/2016;05:18:00;14;com vítima;169,943;BR-101/RJ;Sul;Capotamento;1;;;;;;;;;;4;1;;;
26/11/2016;05:20:00;15;sem vítima;316;BR-101/RJ;Sul;Colisão Traseira;2;;;;;;;;;;3;;;;
26/11/2016;07:38:00;39;com vítima;296;BR-101/RJ;Norte;Queda de Moto;;;;1;;;;;;;0;1;1;;
26/11/2016;09:54:00;75;sem vítima;70,61;BR-101/RJ;Sul;Colisão Transversal;;;;;1;1;;;;;2;;;;
26/11/2016;13:47:00;109;com vítima;119,58;BR-101/RJ;Norte;Colisão Transversal;1;1;;;;;;;;;1;;1;;
27/11/2016;05:28:00;26;sem vítima;293,933;BR-101/RJ;Norte;Colisão Traseira;2;;;;;;;;;;3;;;;
27/11/2016;16:18:00;112;com vítima;254,563;BR-101/RJ;Norte;Colisão Lateral;1;;1;;;;;;;;5;1;;;
27/11/2016;17:15:00;122;sem vítima;304,63;BR-101/RJ;Sul;Colisão Lateral;2;;;;;;;;;;5;;;;
27/11/2016;18:39:00;140;sem vítima;285;BR-101/RJ;Sul;Colisão Traseira;1;;;;;1;;;;;2;;;;
27/11/2016;20:03:00;167;com vítima;305,171;BR-101/RJ;Sul;Choque - Veiculo parado na pista;1;;;1;;;;;;;4;2;;;
27/11/2016;20:36:00;174;sem vítima;33;BR-101/RJ;Sul;Colisão Lateral;1;;1;;;;;;;;4;;;;
27/11/2016;21:28:00;182;sem vítima;294;BR-101/RJ;Sul;Engavetamento;3;;;;;;;;;;3;;;;
27/11/2016;21:46:00;184;sem vítima;299,9;BR-101/RJ;Sul;Colisão Lateral;1;;1;;;;;;;;3;;;;
28/11/2016;00:53:00;13;com vítima;214,5;BR-101/RJ;Norte;Atropelamento de Animal;1;;;;;;;;;;0;1;1;;
28/11/2016;06:04:00;35;sem vítima;216,472;BR-101/RJ;Sul;Colisão Traseira;1;;;;;1;;;;;2;;;;
28/11/2016;09:53:00;120;com vítima;320;BR-101/RJ;Sul;Colisão Lateral;;;;2;;;;;;;0;2;;;
28/11/2016;10:53:00;138;com vítima;321;BR-101/RJ;Sul;Queda de Moto;;;;1;;;;;;;0;1;;;
28/11/2016;11:12:00;142;sem vítima;192;BR-101/RJ;Sul;Colisão Traseira;2;;;;;;;;;;5;;;;
28/11/2016;12:03:00;149;sem vítima;297;BR-101/RJ;Norte;Colisão Lateral;1;;1;;;;;;;;2;;;;
28/11/2016;13:39:00;173;sem vítima;297;BR-101/RJ;Norte;Colisão Lateral;1;;1;;;;;;;;2;;;;
28/11/2016;17:53:00;235;sem vítima;271;BR-101/RJ;Sul;Choque - Defensa, barreira ou "submarino";1;;;;;;;;;;2;;;;
28/11/2016;18:19:00;242;sem vítima;62,8;BR-101/RJ;Norte;Colisão Traseira;2;;;;;;;;;;2;;;;
28/11/2016;19:04:00;255;com vítima;50,807;BR-101/RJ;Norte;Colisão Transversal;;1;;1;;;;;;;0;;1;1;
28/11/2016;23:59:00;282;com vítima;316,667;BR-101/RJ;Norte;Colisão Traseira;2;;;;;;;;;;4;1;;;
29/11/2016;01:49:00;9;sem vítima;254,53;BR-101/RJ;Sul;Choque - Outros;1;;;;;;;;;;1;;;;
29/11/2016;07:46:00;59;com vítima;57,312;BR-101/RJ;Sul;Choque - Defensa, barreira ou "submarino";1;;;;;;;;;;0;2;;;
29/11/2016;13:45:00;150;sem vítima;239;BR-101/RJ;Norte;Choque - Defensa, barreira ou "submarino";1;;;;;;;;;;2;;;;
29/11/2016;14:57:00;159;sem vítima;126;BR-101/RJ;Norte;Choque - Defensa, barreira ou "submarino";1;;;;;;;;;;1;;;;
29/11/2016;15:00:00;170;sem vítima;112;BR-101/RJ;Norte;Choque - Elemento de Drenagem;1;;;;;;;;;;1;;;;
29/11/2016;16:56:00;186;com vítima;274;BR-101/RJ;Sul;Colisão Frontal;1;;1;;;;;;;;1;1;;;
29/11/2016;18:16:00;196;sem vítima;294,807;BR-101/RJ;Norte;Colisão Traseira;1;;;;;1;;;;;2;;;;
29/11/2016;20:54:00;220;com vítima;115;BR-101/RJ;Norte;Capotamento;1;;;;;;;;;;0;;1;;
29/11/2016;22:38:00;238;com vítima;184,6;BR-101/RJ;Norte;Colisão Frontal;1;;1;;;;;;;;0;2;;;
30/11/2016;07:41:00;36;sem vítima;319,249;BR-101/RJ;Sul;Colisão Traseira;2;;;;;;;;;;6;;;;
30/11/2016;09:59:00;62;sem vítima;314,496;BR-101/RJ;Sul;Colisão Traseira;1;;;;;1;;;;;2;;;;
30/11/2016;11:44:00;98;sem vítima;85,269;BR-101/RJ;Sul;Choque - Objeto sobre a pista;1;;1;;;;;;;;2;;;;
30/11/2016;14:05:00;127;com vítima;115,633;BR-101/RJ;Norte;Capotamento;1;;;;;;;;;;1;1;;;
30/11/2016;17:01:00;158;sem vítima;295;BR-101/RJ;Norte;Colisão Traseira;1;;;;;;;;;1;3;;;;
30/11/2016;17:24:00;163;sem vítima;316;BR-101/RJ;Norte;Colisão Traseira;2;;;;;;;;;;2;;;;
01/12/2016;01:53:00;10;sem vítima;140,214;BR-101/RJ;Norte;Atropelamento de Animal;1;;;;;;;;;;1;;;;
01/12/2016;07:18:00;35;sem vítima;319,1;BR-101/RJ;Sul;Colisão Traseira;2;;;;;;;;;;3;;;;
01/12/2016;18:31:00;196;com vítima;262,323;BR-101/RJ;Norte;Colisão Traseira;1;;;;;1;;;;1;3;1;;;
01/12/2016;20:53:00;222;sem vítima;291,791;BR-101/RJ;Norte;Choque - Defensa, barreira ou "submarino";1;;;;;;;;;;1;;;;
02/12/2016;06:00:00;27;sem vítima;68,967;BR-101/RJ;Sul;Colisão Lateral;1;;1;;;;;;;;2;;;;
02/12/2016;15:53:00;186;com vítima;55,922;BR-101/RJ;Sul;Colisão Lateral;2;;;;;;;;;;1;1;;;
02/12/2016;16:52:00;199;sem vítima;296,4;BR-101/RJ;Norte;Engavetamento;1;;1;;;;;;;1;6;;;;
02/12/2016;17:30:00;209;sem vítima;89,804;BR-101/RJ;Norte;Engavetamento;2;;;;;1;;;;;4;;;;
02/12/2016;18:43:00;227;com vítima;321;BR-101/RJ;Norte;Queda de Moto;;;;1;;;;;;;0;1;;;
02/12/2016;18:45:00;228;com vítima;169,486;BR-101/RJ;Norte;Choque - Elemento de Drenagem;;;;1;;;;;;;0;;1;;
02/12/2016;19:05:00;230;sem vítima;59;BR-101/RJ;Sul;Choque - Talude;1;;;;;1;;;;;3;;;;
02/12/2016;19:41:00;234;com vítima;294,735;BR-101/RJ;Norte;Colisão Traseira;1;;;1;;;;;;;1;1;1;;
02/12/2016;19:46:00;235;sem vítima;321,913;BR-101/RJ;Sul;Colisão Traseira;1;;;;1;;;;;;2;;;;
02/12/2016;22:31:00;253;sem vítima;12;BR-101/RJ;Norte;Choque - Outros;1;;;;;;;;;;2;;;;
03/12/2016;01:51:00;11;com vítima;54,7;BR-101/RJ;Sul;Choque - Outros;1;;;;;;;;;;3;1;;;
03/12/2016;06:29:00;29;com vítima;309,264;BR-101/RJ;Norte;Capotamento;1;;;;;;;;;;2;1;2;;
03/12/2016;08:03:00;43;sem vítima;209;BR-101/RJ;Norte;Colisão Lateral;1;;1;;;;;;;;2;;;;
03/12/2016;13:50:00;94;com vítima;90,1;BR-101/RJ;Sul;Colisão Traseira;;;;1;;1;;;;;1;2;;;
03/12/2016;19:09:00;152;com vítima;303,327;BR-101/RJ;Norte;Engavetamento;5;;;;;;;;;1;15;1;;;
03/12/2016;19:32:00;156;com vítima;199,43;BR-101/RJ;Norte;Colisão Traseira;2;;;;;;;;;;3;1;;;
04/12/2016;00:00:00;1;sem vítima;203,337;BR-101/RJ;Sul;Choque - Defensa, barreira ou "submarino";;;1;;;;;;;;1;;;;
04/12/2016;02:45:00;15;sem vítima;285,157;BR-101/RJ;Sul;Colisão Traseira;1;;;;;1;;;;;2;;;;
04/12/2016;03:55:00;20;com vítima;176,645;BR-101/RJ;Norte;Capotamento;1;;;;;;;;;;0;1;;;
04/12/2016;04:38:00;24;sem vítima;265,727;BR-101/RJ;Sul;Choque - Elemento de Drenagem;1;;;;;;;;;;1;;;;
04/12/2016;05:39:00;26;sem vítima;55,391;BR-101/RJ;Sul;Choque - Elemento de Drenagem;1;;;;;;;;;;1;;;;
04/12/2016;06:09:00;27;com vítima;62,608;BR-101/RJ;Norte;Queda de Moto;;;;1;;;;;;;0;1;;;
04/12/2016;06:35:00;30;sem vítima;35,49;BR-101/RJ;Norte;Choque - Defensa, barreira ou "submarino";1;;;;;;;;;;4;;;;
04/12/2016;07:12:00;34;sem vítima;262;BR-101/RJ;Norte;Tombamento;1;;;;;;;;;;3;;;;
04/12/2016;07:41:00;38;com vítima;296;BR-101/RJ;Norte;Choque - Defensa, barreira ou "submarino";;;;1;;;;;;;0;2;;;
04/12/2016;11:06:00;65;sem vítima;297;BR-101/RJ;Sul;Choque - Defensa, barreira ou "submarino";2;;;;;;;;;;2;;;;
04/12/2016;11:16:00;68;com vítima;166,282;BR-101/RJ;Norte;Colisão Frontal;2;;2;;;;;;;;4;2;1;;
04/12/2016;12:30:00;79;com vítima;168,769;BR-101/RJ;Norte;Queda de Moto;;;;1;;;;;;;1;1;;;
04/12/2016;14:13:00;91;sem vítima;252;BR-101/RJ;Norte;Colisão Traseira;1;;1;;;;;;;;3;;;;
04/12/2016;17:59:00;136;sem vítima;148,355;BR-101/RJ;Sul;Choque - Talude;1;;;;;;;;;;2;;;;
04/12/2016;19:48:00;162;com vítima;51,78;BR-101/RJ;Sul;Colisão Transversal;1;;;1;;;;;;;1;2;;;
04/12/2016;21:33:00;178;sem vítima;265;BR-101/RJ;Sul;Colisão Traseira;2;;;;;;;;;;7;;;;
04/12/2016;21:47:00;180;sem vítima;279,8;BR-101/RJ;Norte;Choque - Elemento de Drenagem;1;;;;;;;;;;3;;;;
04/12/2016;22:40:00;186;sem vítima;172,557;BR-101/RJ;Norte;Submersão;1;;;;;;;;;;1;;;;
04/12/2016;23:06:00;193;com vítima;115,581;BR-101/RJ;Norte;Choque - Suporte de Sinalização;1;;;;;;;;;;0;1;;;
05/12/2016;01:06:00;3;com vítima;278,343;BR-101/RJ;Sul;Colisão Traseira;2;;;;;;;;;;2;;2;;
05/12/2016;06:12:00;13;sem vítima;115;BR-101/RJ;Norte;Choque - Defensa, barreira ou "submarino";1;;;;;;;;;;1;;;;
05/12/2016;07:26:00;21;com vítima;67;BR-101/RJ;Norte;Queda de Moto;;;;1;;;;;;;0;1;;;
05/12/2016;11:20:00;103;sem vítima;19;BR-101/RJ;Norte;Colisão Transversal;2;;;;;;;;;;3;;;;
05/12/2016;13:52:00;133;sem vítima;189;BR-101/RJ;Sul;Choque - Defensa, barreira ou "submarino";1;;;;;;;;;;1;;;;
06/12/2016;04:20:00;17;com vítima;261,815;BR-101/RJ;Sul;Tombamento;;;1;;;;;;;;0;1;;;
06/12/2016;05:29:00;20;sem vítima;318,17;BR-101/RJ;Sul;Engavetamento;3;;;;;1;;;;;5;;;;
06/12/2016;06:59:00;35;com vítima;319;BR-101/RJ;Sul;Colisão Traseira;1;;;1;;;;;;;1;1;;;
06/12/2016;07:21:00;46;com vítima;312;BR-101/RJ;Sul;Colisão Traseira;1;;;1;;;;;;;1;;1;;
06/12/2016;11:39:00;122;com vítima;262,612;BR-101/RJ;Norte;Capotamento;1;;;;;;;;;;0;1;;;
06/12/2016;17:13:00;188;com vítima;313,605;BR-101/RJ;Norte;Colisão Lateral;1;;;1;;;;;;;1;;1;;
06/12/2016;17:39:00;195;sem vítima;319;BR-101/RJ;Norte;Engavetamento;3;;;;;;;;;;5;;;;
06/12/2016;18:14:00;201;sem vítima;244;BR-101/RJ;Norte;Colisão Lateral;1;;;;;1;;;;;3;;;;
06/12/2016;18:30:00;203;sem vítima;310;BR-101/RJ;Norte;Colisão Traseira;2;;;;;;;;;;6;;;;
06/12/2016;18:58:00;205;sem vítima;320;BR-101/RJ;Sul;Colisão Traseira;;;;;;;;;;2;2;;;;
06/12/2016;22:40:00;238;com vítima;313,74;BR-101/RJ;Norte;Engavetamento;2;;;;;;;;;1;2;1;;;
06/12/2016;23:36:00;246;com vítima;308,83;BR-101/RJ;Sul;Atropelamento - Morador;1;;;;;;;;;;1;;;;1
07/12/2016;01:46:00;14;com vítima;297,92;BR-101/RJ;Sul;Choque - Elemento de Drenagem;1;;;;;;;;;;0;2;;;
07/12/2016;07:30:00;54;sem vítima;318,288;BR-101/RJ;Sul;Colisão Lateral;1;;;1;;;;;;;2;;;;
07/12/2016;09:17:00;100;sem vítima;321,163;BR-101/RJ;Norte;Colisão Traseira;1;;;;;;;;;1;2;;;;
07/12/2016;11:57:00;143;sem vítima;170,278;BR-101/RJ;Sul;Choque - Elemento de Drenagem;1;;;;;;;;;;1;;;;
07/12/2016;16:47:00;200;sem vítima;252;BR-101/RJ;Sul;Choque - Defensa, barreira ou "submarino";;;1;;;;;;;;1;;;;
07/12/2016;17:25:00;211;sem vítima;313;BR-101/RJ;Norte;Colisão Traseira;2;;;;;;;;;;2;;;;
07/12/2016;21:57:00;269;com vítima;309,9;BR-101/RJ;Norte;Colisão Frontal;;;;2;;;;;;;0;1;2;;
07/12/2016;22:04:00;272;sem vítima;313,435;BR-101/RJ;Norte;Colisão Traseira;2;;;;;;;;;;2;;;;
07/12/2016;23:12:00;285;com vítima;93;BR-101/RJ;Norte;Engavetamento;1;;1;;;;;;;1;3;2;;;
08/12/2016;01:05:00;5;sem vítima;101;BR-101/RJ;Norte;Colisão Traseira;2;;;;;;;;;;2;;;;
08/12/2016;02:28:00;13;sem vítima;309,67;BR-101/RJ;Norte;Choque - Suporte de Sinalização;1;;;;;;;;;;1;;;;
08/12/2016;04:45:00;21;sem vítima;128,115;BR-101/RJ;Norte;Tombamento;;;1;;;;;;;;1;;;;
08/12/2016;08:25:00;74;com vítima;303,963;BR-101/RJ;Norte;Colisão Traseira;2;;;;;;;;;;0;;2;;
08/12/2016;09:08:00;95;com vítima;32,451;BR-101/RJ;Sul;Choque - Elemento de Drenagem;1;;;;;;;;;;0;2;;;
08/12/2016;09:55:00;102;sem vítima;67,288;BR-101/RJ;Norte;Colisão Traseira;;;1;;;;;;;1;4;;;;
08/12/2016;11:12:00;126;sem vítima;314,233;BR-101/RJ;Norte;Colisão Traseira;1;;;;;;;;;1;2;;;;
08/12/2016;12:08:00;142;com vítima;295;BR-101/RJ;Sul;Colisão Traseira;1;;1;;;;;;;;1;1;;;
08/12/2016;17:02:00;211;sem vítima;9;BR-101/RJ;Norte;Colisão Traseira;;;1;;;1;;;;;2;;;;
08/12/2016;17:42:00;228;com vítima;310;BR-101/RJ;Norte;Colisão Lateral;;;;1;;1;;;;;1;1;;;
08/12/2016;17:50:00;238;sem vítima;313;BR-101/RJ;Norte;Colisão Traseira;1;;;;;1;;;;;3;;;;
08/12/2016;18:20:00;240;com vítima;65;BR-101/RJ;Sul;Colisão Transversal;1;;;1;;;;;;;1;;1;;
08/12/2016;20:38:00;270;sem vítima;317;BR-101/RJ;Norte;Engavetamento;2;;1;;;;;;;;6;;;;
08/12/2016;21:10:00;273;sem vítima;271,276;BR-101/RJ;Norte;Choque - Defensa, barreira ou "submarino";1;;;;;;;;;;1;;;;
08/12/2016;22:02:00;278;sem vítima;81,1;BR-101/RJ;Sul;Atropelamento de Animal;1;;;;;;;;;;2;;;;
08/12/2016;23:36:00;283;sem vítima;241,782;BR-101/RJ;Norte;Choque - Suporte de Sinalização;;;1;;;;;;;;1;;;;
08/12/2016;23:50:00;285;com vítima;242,5;BR-101/RJ;Sul;Choque - Defensa, barreira ou "submarino";1;;;;;;;;;;1;5;;;
09/12/2016;02:58:00;22;com vítima;304,739;BR-101/RJ;Sul;Atropelamento de Animal;;;;1;;;;;;;0;1;;;