data;horario;n_da_ocorrencia;tipo_de_ocorrencia;km;trecho;sentido;tipo_de_acidente;automovel;bicicleta;caminhao;moto;onibus;outros;tracao_animal;transporte_de_cargas_especiais;trator_maquinas;utilitarios;ilesos;levemente_feridos;moderadamente_feridos;gravemente_feridos;mortos
15/02/2017;14:00:00;130;sem vítima;246,2;BR-101/RJ;Norte;Choque - Elemento de Drenagem;1;;;;;;;;;;2;;;;
15/02/2017;14:26:00;135;sem vítima;310;BR-101/RJ;Sul;Colisão Traseira;2;;;;;;;;;;2;;;;
15/02/2017;15:51:00;156;com vítima;309;BR-101/RJ;Norte;Colisão Traseira;1;;1;;;;;;;;1;;;1;
15/02/2017;20:19:00;207;com vítima;286;BR-101/RJ;Norte;Atropelamento de Animal;1;;;;;;;;;;1;1;;;
15/02/2017;20:30:00;208;com vítima;321;BR-101/RJ;Norte;Choque - Defensa, barreira ou "submarino";1;;;;;;;;;;0;1;;;
15/02/2017;21:55:00;223;com vítima;7;BR-101/RJ;Norte;Engavetamento;;;2;;1;;;;;;18;2;;;
15/02/2017;22:00:00;224;com vítima;169,9;BR-101/RJ;Norte;Colisão Frontal;1;;1;;;;;;;;1;4;;;
16/02/2017;06:40:00;19;sem vítima;240;BR-101/RJ;Norte;Tombamento;;;1;;;;;;;;2;;;;
16/02/2017;08:22:00;40;com vítima;297;BR-101/RJ;Sul;Colisão Traseira;;;1;;1;;;;;;2;1;;;
16/02/2017;10:45:00;79;com vítima;280;BR-101/RJ;Sul;Queda de Moto;;;;1;;;;;;;0;2;;;
16/02/2017;14:53:00;120;com vítima;59;BR-101/RJ;Norte;Colisão Lateral;1;;;1;;;;;;;1;1;;;
16/02/2017;18:58:00;164;sem vítima;62;BR-101/RJ;Norte;Engavetamento;3;;;;;;;;;;3;;;;
17/02/2017;01:58:00;11;sem vítima;73,008;BR-101/RJ;Sul;Choque - Defensa, barreira ou "submarino";1;;;;;;;;;;2;;;;
17/02/2017;06:37:00;26;com vítima;309;BR-101/RJ;Sul;Outros;;1;;;;;;;;;0;1;;;
17/02/2017;10:03:00;93;com vítima;148,595;BR-101/RJ;Norte;Colisão Transversal;;;;1;;;;;;1;1;;;1;
17/02/2017;09:50:00;95;sem vítima;320;BR-101/RJ;Sul;Colisão Traseira;2;;;;;;;;;;2;;;;
17/02/2017;12:59:00;128;sem vítima;296,2;BR-101/RJ;Sul;Colisão Lateral;2;;;;;;;;;;2;;;;
17/02/2017;14:49:00;149;com vítima;304,723;BR-101/RJ;Norte;Queda de Moto;;;;1;;1;;;;;2;;1;;
17/02/2017;15:05:00;154;sem vítima;319;BR-101/RJ;Sul;Colisão Traseira;;;1;;1;;;;;;2;;;;
17/02/2017;15:16:00;158;sem vítima;261;BR-101/RJ;Norte;Colisão Lateral;1;;1;;;;;;;;3;;;;
17/02/2017;15:32:00;163;sem vítima;143,8;BR-101/RJ;Norte;Colisão Traseira;1;;;;;1;;;;;3;;;;
17/02/2017;15:47:00;166;sem vítima;229;BR-101/RJ;Sul;Choque - Outros;1;;;;;1;;;;;3;;;;
17/02/2017;16:02:00;173;sem vítima;161;BR-101/RJ;Sul;Choque - Defensa, barreira ou "submarino";1;;;;;;;;;;1;;;;
17/02/2017;20:37:00;222;com vítima;69,24;BR-101/RJ;Norte;Colisão Traseira;1;1;;1;;;;;;;0;;2;;1
18/02/2017;00:29:00;3;com vítima;317,5;BR-101/RJ;Sul;Queda de Moto;;;;1;;;;;;;0;1;;;
18/02/2017;01:15:00;5;sem vítima;221;BR-101/RJ;Sul;Choque - Elemento de Drenagem;1;;;;;;;;;;1;;;;
18/02/2017;01:17:00;6;com vítima;302,9;BR-101/RJ;Norte;Queda de Moto;;;;1;;;;;;;0;2;;;
18/02/2017;05:27:00;17;com vítima;317;BR-101/RJ;Norte;Queda de Moto;;;;1;;;;;;;0;;1;;
18/02/2017;08:38:00;54;com vítima;296;BR-101/RJ;Norte;Engavetamento;4;;;;;;;;;;6;2;;;
18/02/2017;10:03:00;72;com vítima;243,6;BR-101/RJ;Norte;Engavetamento;2;;;;;;;;;1;10;2;;;
18/02/2017;10:30:00;77;sem vítima;268;BR-101/RJ;Norte;Choque - Elemento de Drenagem;1;;;;;;;;;;1;;;;
18/02/2017;14:16:00;110;sem vítima;163,87;BR-101/RJ;Sul;Choque - Defensa, barreira ou "submarino";1;;;;;;;;;;5;;;;
18/02/2017;15:44:00;128;com vítima;163,18;BR-101/RJ;Norte;Engavetamento;3;;;;;;;;;;5;1;;;
18/02/2017;19:24:00;177;sem vítima;66,89;BR-101/RJ;Norte;Colisão Lateral;1;;;;;1;;;;;2;;;;
18/02/2017;19:53:00;181;sem vítima;66,8;BR-101/RJ;Sul;Colisão Lateral;1;;1;;;;;;;;2;;;;
19/02/2017;04:10:00;20;sem vítima;320;BR-101/RJ;Norte;Choque - Defensa, barreira ou "submarino";1;;;;;;;;;;1;;;;
19/02/2017;06:34:00;30;com vítima;190;BR-101/RJ;Sul;Choque - Talude;;;;1;;;;;;;0;1;;;
19/02/2017;07:00:00;32;sem vítima;291;BR-101/RJ;Sul;Choque - Defensa, barreira ou "submarino";1;;;;;;;;;;2;;;;
19/02/2017;11:49:00;73;sem vítima;322;BR-101/RJ;Norte;Colisão Traseira;2;;;;;;;;;;6;;;;
19/02/2017;12:43:00;83;com vítima;302;BR-101/RJ;Norte;Capotamento;1;;;;;;;;;;1;1;;;
19/02/2017;15:11:00;107;sem vítima;312;BR-101/RJ;Norte;Choque - Elemento de Drenagem;1;;;;;;;;;;1;;;;
19/02/2017;15:34:00;113;sem vítima;114,22;BR-101/RJ;Sul;Tombamento;;;1;;;;;;;;2;;;;
19/02/2017;18:19:00;151;com vítima;304;BR-101/RJ;Sul;Capotamento;1;;;;;;;;;;0;1;;;
19/02/2017;21:15:00;191;sem vítima;306;BR-101/RJ;Sul;Colisão Traseira;2;;;;;;;;;;2;;;;
19/02/2017;22:54:00;205;sem vítima;67,18;BR-101/RJ;Sul;Colisão Traseira;;;;1;;1;;;;;2;;;;
20/02/2017;00:43:00;5;com vítima;250,333;BR-101/RJ;Norte;Atropelamento de Animal;;;;1;;1;;;;;1;;1;;1
20/02/2017;01:30:00;11;com vítima;250,333;BR-101/RJ;Norte;Colisão Traseira;1;;1;;;;;;;;1;1;1;;
20/02/2017;06:58:00;40;sem vítima;309;BR-101/RJ;Sul;Engavetamento;3;;;;;;;;;;6;;;;
20/02/2017;07:15:00;44;sem vítima;306;BR-101/RJ;Sul;Colisão Traseira;2;;;;;;;;;;5;;;;
20/02/2017;08:16:00;67;sem vítima;314;BR-101/RJ;Sul;Engavetamento;3;;;;;;;;;;4;;;;
20/02/2017;08:18:00;69;sem vítima;297;BR-101/RJ;Norte;Colisão Traseira;1;;;;1;;;;;;2;;;;
20/02/2017;09:55:00;106;com vítima;317;BR-101/RJ;Sul;Queda de Moto;;;;1;;;;;;;0;1;;;
20/02/2017;14:31:00;157;com vítima;308,16;BR-101/RJ;Norte;Colisão Traseira;1;;;;1;;;;;;1;2;;;
20/02/2017;18:33:00;203;com vítima;47;BR-101/RJ;Norte;Atropelamento - Morador;;;;1;;;;;;;0;2;;1;
20/02/2017;19:17:00;212;sem vítima;271;BR-101/RJ;Norte;Atropelamento de Animal;;;1;;;;;;;;1;;;;
20/02/2017;19:29:00;217;sem vítima;271;BR-101/RJ;Norte;Atropelamento de Animal;;;;;;;;;;1;2;;;;
20/02/2017;23:05:00;257;com vítima;65,465;BR-101/RJ;Norte;Colisão Frontal;1;;;1;;;;;;;1;;1;;
21/02/2017;06:01:00;32;sem vítima;266;BR-101/RJ;Sul;Choque - Defensa, barreira ou "submarino";2;;;;;;;;;;5;;;;
21/02/2017;06:47:00;43;com vítima;310;BR-101/RJ;Sul;Queda de Moto;1;;;1;;;;;;;1;1;;;
21/02/2017;11:10:00;132;sem vítima;298;BR-101/RJ;Sul;Colisão Traseira;1;;1;;;;;;;;2;;;;
21/02/2017;11:12:00;133;sem vítima;75;BR-101/RJ;Sul;Choque - Elemento de Drenagem;1;;;;;;;;;;4;;;;
21/02/2017;11:45:00;142;sem vítima;295;BR-101/RJ;Norte;Colisão Traseira;2;;;;;;;;;;3;;;;
21/02/2017;15:59:00;200;sem vítima;296,883;BR-101/RJ;Norte;Engavetamento;4;;;;;;;;;;10;;;;
21/02/2017;22:11:00;266;com vítima;302;BR-101/RJ;Norte;Choque - Defensa, barreira ou "submarino";1;;;;;;;;;;0;2;;;
21/02/2017;22:59:00;272;com vítima;311;BR-101/RJ;Norte;Colisão Lateral;;;;1;1;;;;;;1;1;;;
22/02/2017;12:03:00;132;com vítima;272;BR-101/RJ;Sul;Capotamento;1;;;;;;;;;;0;1;;;
22/02/2017;12:58:00;147;com vítima;208;BR-101/RJ;Sul;Queda de Moto;;;;1;;;;;;;0;1;;;
22/02/2017;14:04:00;160;sem vítima;93;BR-101/RJ;Sul;Colisão Traseira;1;;1;;;;;;;;3;;;;
22/02/2017;15:54:00;182;sem vítima;144,423;BR-101/RJ;Norte;Tombamento;;;1;;;;;;;;1;;;;
22/02/2017;17:41:00;204;sem vítima;233;BR-101/RJ;Norte;Choque - Defensa, barreira ou "submarino";1;;;;;;;;;;2;;;;
22/02/2017;18:55:00;221;com vítima;295,445;BR-101/RJ;Norte;Capotamento;1;;;;;;;;;;2;;1;;
23/02/2017;01:40:00;11;com vítima;313,5;BR-101/RJ;Norte;Choque - Suporte de Sinalização;1;;;;;;;;;;0;1;;;
23/02/2017;10:08:00;114;com vítima;304;BR-101/RJ;Norte;Atropelamento - Morador;;;;;;1;;;;;1;1;;;
23/02/2017;11:09:00;132;sem vítima;292;BR-101/RJ;Norte;Choque - Defensa, barreira ou "submarino";;;;;;;;;;1;1;;;;
23/02/2017;11:49:00;144;sem vítima;306;BR-101/RJ;Norte;Colisão Traseira;2;;;;;;;;;;9;;;;
23/02/2017;12:55:00;160;sem vítima;313;BR-101/RJ;Norte;Colisão Traseira;1;;;;;1;;;;;2;;;;
23/02/2017;13:23:00;168;sem vítima;299;BR-101/RJ;Norte;Colisão Traseira;2;;;;;;;;;;7;;;;
23/02/2017;14:29:00;189;com vítima;80;BR-101/RJ;Norte;Queda de Moto;;;;1;;;;;;;0;1;1;;
23/02/2017;14:54:00;191;sem vítima;301;BR-101/RJ;Norte;Colisão Lateral;1;;;1;;;;;;;5;;;;
23/02/2017;14:55:00;192;sem vítima;144;BR-101/RJ;Sul;Colisão Traseira;;;2;;;;;;;;2;;;;
23/02/2017;14:59:00;196;sem vítima;300;BR-101/RJ;Norte;Colisão Traseira;;;;;2;;;;;;2;;;;
23/02/2017;16:41:00;221;sem vítima;260;BR-101/RJ;Norte;Colisão Traseira;2;;;;;;;;;;6;;;;
23/02/2017;16:51:00;224;com vítima;295;BR-101/RJ;Norte;Colisão Traseira;1;;;;;1;;;;1;3;;1;;
23/02/2017;17:25:00;231;sem vítima;260;BR-101/RJ;Norte;Colisão Traseira;2;;;;;;;;;;2;;;;
23/02/2017;18:58:00;250;com vítima;298;BR-101/RJ;Norte;Colisão Traseira;;;;1;;1;;;;;1;1;;;
23/02/2017;19:29:00;258;com vítima;305;BR-101/RJ;Norte;Atropelamento - Ambulante;;;;1;;;;;;;2;1;;;
23/02/2017;20:16:00;266;sem vítima;12;BR-101/RJ;Norte;Choque - Elemento de Drenagem;1;;;;;;;;;;3;;;;
23/02/2017;22:42:00;279;sem vítima;290;BR-101/RJ;Sul;Choque - Elemento de Drenagem;1;;;;;;;;;;1;;;;
23/02/2017;23:51:00;288;com vítima;120,551;BR-101/RJ;Norte;Colisão Frontal;1;;2;;;;;;;;3;1;2;;
23/02/2017;23:52:00;290;sem vítima;139,863;BR-101/RJ;Sul;Choque - Elemento de Drenagem;1;;;;;;;;;;1;;;;
24/02/2017;02:10:00;13;sem vítima;308,5;BR-101/RJ;Norte;Colisão Lateral;1;;;;;;;;;1;4;;;;
24/02/2017;05:47:00;35;com vítima;246;BR-101/RJ;Sul;Colisão Lateral;2;;2;;;;;;;;4;1;;;
24/02/2017;06:22:00;41;sem vítima;248;BR-101/RJ;Norte;Colisão Traseira;1;;1;;;;;;;;6;;;;
24/02/2017;06:57:00;52;com vítima;282;BR-101/RJ;Norte;Colisão Lateral;1;;;1;;;;;;;1;2;;;
24/02/2017;08:04:00;69;sem vítima;263;BR-101/RJ;Sul;Colisão Lateral;2;;;;;;;;;;6;;;;
24/02/2017;08:37:00;81;com vítima;290;BR-101/RJ;Sul;Colisão Traseira;2;;;;;;;;;;1;1;;;
24/02/2017;09:33:00;96;com vítima;269;BR-101/RJ;Norte;Colisão Traseira;1;;;1;;;;;;;3;1;;;
24/02/2017;13:39:00;158;com vítima;276;BR-101/RJ;Norte;Colisão Lateral;1;;;1;;;;;;;4;2;;;
24/02/2017;17:14:00;212;com vítima;296;BR-101/RJ;Norte;Colisão Traseira;1;;;1;;;;;;;2;1;;;
24/02/2017;18:41:00;235;sem vítima;11;BR-101/RJ;Norte;Colisão Lateral;1;;1;;;;;;;;4;;;;
24/02/2017;21:16:00;265;sem vítima;272;BR-101/RJ;Norte;Colisão Lateral;2;;;;;;;;;;6;;;;
24/02/2017;22:48:00;281;sem vítima;64,5;BR-101/RJ;Norte;Colisão Traseira;3;;;;;;;;;;6;;;;
25/02/2017;00:45:00;12;sem vítima;93,197;BR-101/RJ;Norte;Colisão Traseira;2;;;;;;;;;;8;;;;
25/02/2017;01:10:00;13;sem vítima;276;BR-101/RJ;Norte;Colisão Traseira;1;;;;;;;;;1;8;;;;
25/02/2017;04:33:00;46;sem vítima;316,507;BR-101/RJ;Norte;Choque - Defensa, barreira ou "submarino";1;;;;;;;;;;4;;;;
25/02/2017;06:52:00;75;sem vítima;314;BR-101/RJ;Norte;Engavetamento;3;;;;;;;;;;3;;;;
25/02/2017;08:06:00;98;com vítima;309;BR-101/RJ;Norte;Colisão Lateral;1;;;1;;;;;;;1;2;;;
25/02/2017;08:27:00;106;com vítima;124,5;BR-101/RJ;Sul;Choque - Elemento de Drenagem;1;;;;;;;;;;2;2;;;
25/02/2017;08:41:00;119;sem vítima;102;BR-101/RJ;Norte;Engavetamento;3;;;;;;;;;;3;;;;
25/02/2017;09:22:00;128;com vítima;293;BR-101/RJ;Sul;Queda de Moto;;;;1;;1;;;;;1;;;1;
25/02/2017;09:41:00;138;com vítima;312;BR-101/RJ;Sul;Colisão Traseira;1;;;1;;;;;;;2;1;;;
25/02/2017;10:49:00;153;sem vítima;299;BR-101/RJ;Norte;Colisão Lateral;1;;1;;;;;;;;2;;;;
25/02/2017;11:26:00;165;com vítima;314;BR-101/RJ;Norte;Atropelamento - Ambulante;;;;1;;;;;;;0;1;1;;
25/02/2017;12:11:00;184;sem vítima;284;BR-101/RJ;Norte;Colisão Traseira;2;;;;;;;;;;5;;;;
25/02/2017;12:29:00;190;sem vítima;61;BR-101/RJ;Norte;Colisão Traseira;1;;;;;1;;;;;2;;;;
25/02/2017;13:29:00;212;com vítima;290;BR-101/RJ;Norte;Colisão Lateral;1;;;1;;;;;;;2;2;;;
25/02/2017;14:38:00;232;sem vítima;298;BR-101/RJ;Norte;Colisão Traseira;1;;1;;;;;;;;2;;;;
25/02/2017;14:52:00;237;com vítima;294;BR-101/RJ;Norte;Colisão Traseira;1;;1;;;;;;;;1;;2;;
25/02/2017;15:18:00;246;sem vítima;91,7;BR-101/RJ;Norte;Colisão Traseira;1;;;;;1;;;;;5;;;;
25/02/2017;15:34:00;252;com vítima;299,6;BR-101/RJ;Norte;Queda de Moto;;;;1;;;;;;;0;1;;;
25/02/2017;16:03:00;262;com vítima;102;BR-101/RJ;Norte;Colisão Traseira;1;;1;;;;;;;;5;1;;;
25/02/2017;17:14:00;279;com vítima;296;BR-101/RJ;Norte;Colisão Traseira;2;;;;;;;;;;1;1;;;
25/02/2017;20:22:00;326;sem vítima;284;BR-101/RJ;Norte;Colisão Traseira;2;;;;;;;;;;2;;;;
25/02/2017;21:55:00;340;com vítima;300,251;BR-101/RJ;Norte;Colisão Traseira;2;;;;;;;;;;8;1;;;
25/02/2017;23:20:00;363;com vítima;172,615;BR-101/RJ;Norte;Choque - Talude;1;;;;;;;;;;0;1;;;
26/02/2017;02:52:00;17;com vítima;237;BR-101/RJ;Norte;Colisão Traseira;;;;2;;;;;;;0;1;1;;
26/02/2017;02:59:00;19;sem vítima;316,951;BR-101/RJ;Norte;Objeto lançado contra veículo;;;1;;;;;;;1;10;;;;
26/02/2017;03:13:00;22;com vítima;47;BR-101/RJ;Norte;Queda de Moto;;;;2;;;;;;;1;;1;;
26/02/2017;06:30:00;28;com vítima;309,717;BR-101/RJ;Norte;Choque - Arvore;1;;;;;;;;;;0;1;;;
26/02/2017;08:03:00;41;com vítima;226;BR-101/RJ;Norte;Choque - Outros;1;;;;;;;;;;4;;1;;
26/02/2017;08:59:00;50;sem vítima;308;BR-101/RJ;Norte;Engavetamento;3;;;;;;;;;;14;;;;
26/02/2017;09:32:00;52;sem vítima;274;BR-101/RJ;Norte;Colisão Transversal;2;;;;;;;;;;2;;;;
26/02/2017;14:48:00;98;sem vítima;310,45;BR-101/RJ;Norte;Colisão Traseira;2;;;;;;;;;;4;;;;
26/02/2017;15:22:00;107;sem vítima;309;BR-101/RJ;Norte;Colisão Lateral;1;;;;;1;;;;;3;;;;
27/02/2017;00:00:00;1;sem vítima;313,648;BR-101/RJ;Norte;Choque - Arvore;1;;;;;;;;;;3;;;;
27/02/2017;00:55:00;6;sem vítima;234,524;BR-101/RJ;Sul;Choque - Elemento de Drenagem;;;1;;;;;;;;1;;;;
27/02/2017;04:46:00;23;sem vítima;314,313;BR-101/RJ;Norte;Choque - Elemento de Drenagem;1;;;;;;;;;;1;;;;
27/02/2017;08:40:00;45;sem vítima;262,9;BR-101/RJ;Norte;Choque - Defensa, barreira ou "submarino";1;;;;;;;;;;2;;;;
27/02/2017;10:42:00;64;com vítima;169;BR-101/RJ;Norte;Choque - Talude;1;;;;;;;;;;0;1;;;
27/02/2017;10:50:00;69;com vítima;247,282;BR-101/RJ;Norte;Capotamento;1;;;;;;;;;;0;1;;;
27/02/2017;12:02:00;78;sem vítima;197;BR-101/RJ;Sul;Colisão Traseira;1;;;;;1;;;;;2;;;;
27/02/2017;14:45:00;113;com vítima;71;BR-101/RJ;Norte;Colisão Transversal;2;;;;;;;;;;0;4;;;
27/02/2017;14:46:00;114;com vítima;79,231;BR-101/RJ;Sul;Colisão Traseira;1;1;;;;;;;;;1;;;1;
28/02/2017;11:16:00;79;sem vítima;267;BR-101/RJ;Sul;Engavetamento;6;;;;;;;;;;9;;;;
28/02/2017;13:38:00;102;sem vítima;284,86;BR-101/RJ;Norte;Choque - Defensa, barreira ou "submarino";1;;;;;;;;;;2;;;;
28/02/2017;16:29:00;140;sem vítima;270,8;BR-101/RJ;Norte;Choque - Elemento de Drenagem;1;;;;;;;;;;1;;;;
28/02/2017;18:01:00;166;sem vítima;276,38;BR-101/RJ;Sul;Choque - Defensa, barreira ou "submarino";1;;;;;;;;;;1;;;;
28/02/2017;21:25:00;205;sem vítima;288;BR-101/RJ;Sul;Colisão Traseira;1;;1;;;;;;;;3;;;;
01/03/2017;06:00:00;33;sem vítima;172;BR-101/RJ;Sul;Objeto lançado contra veículo;1;;;;1;;;;;;5;;;;
01/03/2017;07:25:00;46;sem vítima;303;BR-101/RJ;Sul;Choque - Poste;1;;;;;;;;;;1;;;;
01/03/2017;08:50:00;74;sem vítima;214;BR-101/RJ;Sul;Colisão Lateral;2;;;;;1;;;;;3;;;;
01/03/2017;09:40:00;76;com vítima;273,112;BR-101/RJ;Sul;Engavetamento;6;;;;;;;;;;25;2;;;
01/03/2017;12:36:00;129;com vítima;287;BR-101/RJ;Sul;Queda de Moto;;;;1;;;;;;;0;;2;;
01/03/2017;12:52:00;135;sem vítima;267;BR-101/RJ;Sul;Colisão Traseira;2;;;;;;;;;;8;;;;
01/03/2017;14:01:00;154;sem vítima;255;BR-101/RJ;Sul;Colisão Traseira;1;;1;;;;;;;;7;;;;
01/03/2017;20:07:00;257;sem vítima;84;BR-101/RJ;Norte;Colisão Traseira;1;;;;;1;;;;;3;;;;
02/03/2017;03:59:00;23;sem vítima;219;BR-101/RJ;Sul;Choque - Elemento de Drenagem;;;1;;;;;;;;1;;;;
02/03/2017;07:24:00;44;sem vítima;87;BR-101/RJ;Norte;Capotamento;1;;;;;;;;;;1;;;;
02/03/2017;08:09:00;68;sem vítima;308;BR-101/RJ;Sul;Colisão Traseira;1;;;;;1;;;;;2;;;;
02/03/2017;09:08:00;85;sem vítima;310;BR-101/RJ;Sul;Colisão Traseira;2;;;;;;;;;;2;;;;
02/03/2017;10:03:00;102;sem vítima;268,57;BR-101/RJ;Sul;Engavetamento;4;;;;;;;;;;13;;;;
02/03/2017;11:47:00;132;sem vítima;295;BR-101/RJ;Sul;Engavetamento;3;;;;;;;;;;7;;;;
02/03/2017;16:40:00;208;sem vítima;293;BR-101/RJ;Sul;Engavetamento;1;;;;;1;;;;1;5;;;;
03/03/2017;14:04:00;138;com vítima;80;BR-101/RJ;Norte;Colisão Frontal;;;;1;;;;;;1;1;;1;;
03/03/2017;17:31:00;198;sem vítima;309;BR-101/RJ;Norte;Engavetamento;3;;;;;;;;;;3;;;;
03/03/2017;18:42:00;208;com vítima;121,258;BR-101/RJ;Norte;Choque - Suporte de Sinalização;;;;1;;;;;;;0;1;;;
03/03/2017;19:54:00;221;sem vítima;70;BR-101/RJ;Norte;Atropelamento de Animal;1;;;;;;1;;;;6;;;;
04/03/2017;06:50:00;32;sem vítima;297;BR-101/RJ;Sul;Colisão Traseira;;;2;;;;;;;;2;;;;
04/03/2017;15:34:00;137;sem vítima;7;BR-101/RJ;Sul;Colisão Traseira;;;2;;;;;;;;2;;;;
04/03/2017;22:34:00;207;sem vítima;313,801;BR-101/RJ;Sul;Choque - Defensa, barreira ou "submarino";1;;;;;;;;;;1;;;;
05/03/2017;00:32:00;5;sem vítima;297,91;BR-101/RJ;Norte;Choque - Defensa, barreira ou "submarino";1;;;;;;;;;;1;;;;
05/03/2017;03:32:00;25;sem vítima;299,7;BR-101/RJ;Sul;Choque - Defensa, barreira ou "submarino";1;;;;;;;;;;3;;;;
05/03/2017;09:04:00;53;sem vítima;180,46;BR-101/RJ;Norte;Choque - Defensa, barreira ou "submarino";1;;;;;;;;;;5;;;;
05/03/2017;12:30:00;96;sem vítima;297;BR-101/RJ;Sul;Colisão Traseira;1;;;;;1;;;;;2;;;;
05/03/2017;12:51:00;102;sem vítima;297;BR-101/RJ;Sul;Colisão Traseira;1;;;;;1;;;;;2;;;;
05/03/2017;13:14:00;104;sem vítima;295;BR-101/RJ;Sul;Colisão Traseira;1;;;;;1;;;;;4;;;;
05/03/2017;21:20:00;191;com vítima;67;BR-101/RJ;Norte;Colisão Traseira;2;;;;;;;;;;2;1;;;
06/03/2017;06:41:00;25;com vítima;308,8;BR-101/RJ;Sul;Colisão Lateral;1;;;1;;;;;;;4;1;;;
06/03/2017;10:11:00;88;sem vítima;317,15;BR-101/RJ;Sul;Colisão Traseira;2;;;;;;;;;;4;;;;
06/03/2017;13:37:00;121;com vítima;297;BR-101/RJ;Sul;Queda de Moto;;;;1;;;;;;;0;1;;;
06/03/2017;14:22:00;139;sem vítima;318;BR-101/RJ;Sul;Colisão Traseira;2;;;;;;;;;;2;;;;
06/03/2017;20:02:00;183;sem vítima;236;BR-101/RJ;Norte;Choque - Outros;1;;;;;;;;;;3;;;;
06/03/2017;20:16:00;186;com vítima;313;BR-101/RJ;Norte;Engavetamento;4;;;;;;;;;;5;1;;;
06/03/2017;21:01:00;190;sem vítima;311;BR-101/RJ;Norte;Colisão Lateral;1;;;;;1;;;;;3;;;;
07/03/2017;00:36:00;3;com vítima;244,099;BR-101/RJ;Sul;Colisão Traseira;;;2;;;;;;;;0;2;;;
07/03/2017;06:05:00;19;com vítima;293;BR-101/RJ;Norte;Colisão Lateral;1;;1;;;;;;;;3;1;;;
07/03/2017;07:33:00;36;com vítima;315;BR-101/RJ;Sul;Colisão Lateral;1;;;1;;;;;;;2;1;;;
07/03/2017;08:15:00;66;sem vítima;123;BR-101/RJ;Norte;Colisão Traseira;;;2;;;;;;;;2;;;;
07/03/2017;10:05:00;110;sem vítima;93;BR-101/RJ;Sul;Colisão Traseira;1;;1;;;;;;;;2;;;;
07/03/2017;13:41:00;148;com vítima;283;BR-101/RJ;Sul;Choque - Defensa, barreira ou "submarino";1;;;;;;;;;;1;2;;;
07/03/2017;13:43:00;149;sem vítima;283;BR-101/RJ;Sul;Colisão Traseira;2;;;;;;;;;;2;;;;
07/03/2017;15:27:00;160;sem vítima;134;BR-101/RJ;Norte;Colisão Traseira;;;2;;;;;;;;2;;;;
07/03/2017;16:53:00;184;com vítima;272,205;BR-101/RJ;Sul;Choque - Elemento de Drenagem;1;;;;;;;;;;1;2;;;
07/03/2017;18:16:00;195;sem vítima;318,175;BR-101/RJ;Norte;Colisão Traseira;2;;;;;;;;;;2;;;;
08/03/2017;00:14:00;2;com vítima;20,119;BR-101/RJ;Sul;Tombamento;;;1;;;;;;;;0;1;;;
08/03/2017;06:34:00;40;sem vítima;316;BR-101/RJ;Sul;Colisão Traseira;2;;;;;;;;;;2;;;;
08/03/2017;06:52:00;44;com vítima;311;BR-101/RJ;Sul;Colisão Traseira;1;;;1;;;;;;;1;;1;;
08/03/2017;07:53:00;67;sem vítima;306;BR-101/RJ;Sul;Engavetamento;3;;;;;;;;;;3;;;;
08/03/2017;11:18:00;137;sem vítima;298;BR-101/RJ;Norte;Engavetamento;3;;;;;;;;;;4;;;;
08/03/2017;12:49:00;157;sem vítima;320;BR-101/RJ;Sul;Choque - Elemento de Drenagem;1;;;;;;;;;;1;;;;
08/03/2017;13:53:00;172;sem vítima;305,85;BR-101/RJ;Norte;Colisão Traseira;2;;;;;;;;;;7;;;;
08/03/2017;14:24:00;175;com vítima;318;BR-101/RJ;Norte;Colisão Lateral;1;;;1;;;;;;;1;1;;;
08/03/2017;17:09:00;213;sem vítima;208,6;BR-101/RJ;Norte;Choque - Suporte de Sinalização;1;;;;;;;;;;2;;;;
08/03/2017;17:20:00;215;sem vítima;200;BR-101/RJ;Norte;Colisão Lateral;1;;1;;;;;;;;3;;;;
08/03/2017;20:08:00;252;com vítima;214;BR-101/RJ;Sul;Colisão Traseira;2;;;;;;;;;;4;1;;;
08/03/2017;21:02:00;261;sem vítima;190,361;BR-101/RJ;Sul;Choque - Defensa, barreira ou "submarino";;;1;;;;;;;;1;;;;
08/03/2017;21:18:00;265;sem vítima;179;BR-101/RJ;Sul;Colisão Lateral;1;;;;;1;;;;;4;;;;
08/03/2017;21:35:00;268;com vítima;277;BR-101/RJ;Sul;Colisão Lateral;1;;;1;;;;;;;3;;1;;
09/03/2017;00:55:00;7;com vítima;311;BR-101/RJ;Norte;Colisão Traseira;2;;;;;;;;;;2;1;;;
09/03/2017;01:06:00;9;com vítima;310,384;BR-101/RJ;Norte;Colisão Traseira;2;;;;;;;;;;1;1;;;
09/03/2017;12:27:00;143;com vítima;283;BR-101/RJ;Norte;Choque - Defensa, barreira ou "submarino";;;;1;;;;;;;0;;1;;
09/03/2017;16:28:00;185;com vítima;321;BR-101/RJ;Norte;Colisão Lateral;;;;1;;1;;;;;1;1;;;
09/03/2017;23:08:00;244;com vítima;314,898;BR-101/RJ;Norte;Queda de Moto;;;;1;;;;;;;0;2;;;
10/03/2017;00:27:00;4;sem vítima;243;BR-101/RJ;Norte;Choque - Talude;;;1;;;;;;;;3;;;;
10/03/2017;08:23:00;85;sem vítima;58;BR-101/RJ;Norte;Colisão Traseira;1;;;;;;;;;1;5;;;;