data;horario;n_da_ocorrencia;tipo_de_ocorrencia;km;trecho;sentido;tipo_de_acidente;automovel;bicicleta;caminhao;moto;onibus;outros;tracao_animal;transporte_de_cargas_especiais;trator_maquinas;utilitarios;ilesos;levemente_feridos;moderadamente_feridos;gravemente_feridos;mortos
03/04/2017;09:14:00;98;sem vítima;177;BR-101/RJ;Norte;Colisão Lateral;1;;;;;1;;;;;2;;;;
03/04/2017;11:53:00;141;sem vítima;298;BR-101/RJ;Sul;Choque - Arvore;1;;;;;;;;;;2;;;;
03/04/2017;16:14:00;202;sem vítima;262;BR-101/RJ;Norte;Colisão Traseira;1;;;;;1;;;;;2;;;;
03/04/2017;16:24:00;203;sem vítima;35,245;BR-101/RJ;Sul;Colisão Lateral;1;;1;;;;;;;;3;;;;
03/04/2017;16:51:00;210;sem vítima;258;BR-101/RJ;Norte;Colisão Traseira;1;;;;;1;;;;;2;;;;
03/04/2017;20:55:00;247;sem vítima;160;BR-101/RJ;Norte;Choque - Outros;;;;1;;1;;;;;2;;;;
04/04/2017;06:42:00;26;sem vítima;313;BR-101/RJ;Sul;Engavetamento;5;;;;;;;;;;7;;;;
04/04/2017;07:10:00;33;sem vítima;307;BR-101/RJ;Sul;Colisão Traseira;2;;;;;;;;;;7;;;;
04/04/2017;08:15:00;68;sem vítima;296;BR-101/RJ;Sul;Choque - Defensa, barreira ou "submarino";2;;;;;;;;;;2;;;;
04/04/2017;09:00:00;91;com vítima;217,5;BR-101/RJ;Sul;Colisão Lateral;;;1;1;;;;;;;1;;;;1
04/04/2017;10:30:00;119;sem vítima;293;BR-101/RJ;Sul;Choque - Defensa, barreira ou "submarino";1;;;;;;;;;;1;;;;
05/04/2017;10:37:00;117;com vítima;320;BR-101/RJ;Sul;Colisão Traseira;1;;;1;;;;;;;2;1;;;
05/04/2017;11:13:00;123;sem vítima;123;BR-101/RJ;Norte;Choque - Defensa, barreira ou "submarino";;;1;;;;;;;;1;;;;
05/04/2017;18:39:00;210;com vítima;319;BR-101/RJ;Sul;Colisão Traseira;1;;;1;;;;;;;2;1;;;
05/04/2017;20:56:00;229;sem vítima;58,768;BR-101/RJ;Norte;Colisão Transversal;2;;;;;;;;;;2;;;;
06/04/2017;06:32:00;26;sem vítima;276;BR-101/RJ;Sul;Colisão Traseira;2;;;;;;;;;;2;;;;
06/04/2017;08:30:00;76;com vítima;309,597;BR-101/RJ;Sul;Colisão Traseira;1;;1;;;;;;;;2;2;;;
06/04/2017;08:41:00;80;sem vítima;297;BR-101/RJ;Sul;Colisão Traseira;2;;;;;;;;;;2;;;;
06/04/2017;10:13:00;106;com vítima;62;BR-101/RJ;Norte;Engavetamento;2;;2;;;;;;;;6;1;;;
06/04/2017;15:07:00;163;sem vítima;239;BR-101/RJ;Norte;Choque - Defensa, barreira ou "submarino";1;;;;;1;;;;;3;;;;
06/04/2017;16:56:00;189;sem vítima;206,156;BR-101/RJ;Norte;Colisão Traseira;1;;;;;1;;;;;2;;;;
06/04/2017;19:29:00;222;com vítima;319;BR-101/RJ;Sul;Queda de Moto;;;;1;;;;;;;0;1;;;
06/04/2017;19:53:00;225;com vítima;55,2;BR-101/RJ;Norte;Colisão Transversal;1;;;1;;;;;;;1;;;1;
06/04/2017;21:23:00;233;com vítima;218;BR-101/RJ;Norte;Choque - Poste;1;;;;;;;;;;0;1;;;
06/04/2017;22:14:00;237;sem vítima;201,143;BR-101/RJ;Sul;Colisão Lateral;;;;;;2;;;;;2;;;;
06/04/2017;23:40:00;244;com vítima;305;BR-101/RJ;Sul;Choque - Defensa, barreira ou "submarino";1;;;;;;;;;;0;2;;;
07/04/2017;10:40:00;129;com vítima;64;BR-101/RJ;Norte;Colisão Lateral;;;;2;;;;;;;1;;2;;
07/04/2017;11:28:00;144;com vítima;49;BR-101/RJ;Norte;Colisão Transversal;1;;;;;;;;;1;2;2;;;
07/04/2017;12:56:00;152;com vítima;312;BR-101/RJ;Sul;Colisão Frontal;1;;;1;;;;;;;2;1;;;
07/04/2017;13:25:00;156;sem vítima;259;BR-101/RJ;Sul;Colisão Lateral;1;;;;;;;;;1;2;;;;
07/04/2017;14:38:00;173;sem vítima;192;BR-101/RJ;Sul;Colisão Traseira;1;;1;;;;;;;;3;;;;
07/04/2017;16:01:00;192;sem vítima;207;BR-101/RJ;Norte;Colisão Traseira;1;;;;;;;;;1;3;;;;
07/04/2017;21:58:00;268;sem vítima;271;BR-101/RJ;Sul;Choque - Elemento de Drenagem;1;;;;;;;;;;3;;;;
07/04/2017;22:26:00;272;sem vítima;283;BR-101/RJ;Sul;Choque - Defensa, barreira ou "submarino";1;;;;;;;;;;1;;;;
08/04/2017;00:21:00;2;sem vítima;315;BR-101/RJ;Norte;Engavetamento;3;;;;;;;;;;7;;;;
08/04/2017;01:59:00;22;com vítima;304;BR-101/RJ;Sul;Choque - Outros;;;;;;1;;;;1;1;;2;;
08/04/2017;06:06:00;41;com vítima;319;BR-101/RJ;Sul;Engavetamento;3;;;;;;;;;;4;;1;;
08/04/2017;06:58:00;50;com vítima;216;BR-101/RJ;Norte;Colisão Lateral;2;;;;;;;;;;3;4;;;
08/04/2017;07:01:00;51;sem vítima;316;BR-101/RJ;Sul;Colisão Traseira;2;;;;;;;;;;2;;;;
08/04/2017;11:37:00;115;sem vítima;256;BR-101/RJ;Norte;Engavetamento;3;;;;;;;;;;7;;;;
08/04/2017;13:00:00;129;com vítima;298;BR-101/RJ;Norte;Colisão Traseira;2;;;;;;;;;;1;4;;;
08/04/2017;15:15:00;146;com vítima;196;BR-101/RJ;Norte;Capotamento;1;;;;;;;;;;2;2;;;
08/04/2017;16:54:00;165;sem vítima;65;BR-101/RJ;Sul;Colisão Traseira;1;;;;;1;;;;;2;;;;
08/04/2017;17:04:00;167;com vítima;313;BR-101/RJ;Sul;Colisão Frontal;2;;;;;;;;;;4;;1;;
08/04/2017;22:14:00;201;sem vítima;313;BR-101/RJ;Norte;Colisão Traseira;2;;;;;;;;;;2;;;;
08/04/2017;23:25:00;209;sem vítima;236;BR-101/RJ;Norte;Atropelamento de Animal;1;;;;;;;;;;1;;;;
09/04/2017;03:05:00;13;sem vítima;174;BR-101/RJ;Sul;Choque - Defensa, barreira ou "submarino";;;1;;;;;;;;1;;;;
09/04/2017;04:56:00;20;sem vítima;321;BR-101/RJ;Norte;Choque - Defensa, barreira ou "submarino";1;;;;;;;;;;1;;;;
09/04/2017;05:26:00;22;sem vítima;304;BR-101/RJ;Norte;Choque - Talude;1;;;;;;;;;;1;;;;
09/04/2017;10:36:00;62;com vítima;49;BR-101/RJ;Sul;Colisão Transversal;1;1;;;;;;;;;4;;1;;
09/04/2017;10:41:00;64;sem vítima;313;BR-101/RJ;Sul;Colisão Lateral;2;;;;;;;;;;6;;;;
09/04/2017;11:02:00;67;com vítima;7;BR-101/RJ;Sul;Colisão Traseira;;;2;;;;;;;;1;;1;;
09/04/2017;12:18:00;78;sem vítima;318;BR-101/RJ;Sul;Colisão Frontal;2;;;;;;;;;;3;;;;
09/04/2017;16:18:00;107;sem vítima;223;BR-101/RJ;Sul;Capotamento;1;;;;;;;;;;1;;;;
10/04/2017;00:06:00;2;sem vítima;321;BR-101/RJ;Norte;Choque - Defensa, barreira ou "submarino";1;;;;;;;;;;2;;;;
10/04/2017;01:53:00;11;sem vítima;286,9;BR-101/RJ;Norte;Choque - Objeto sobre a pista;1;;;;;;;;;;1;;;;
10/04/2017;05:02:00;23;sem vítima;293;BR-101/RJ;Norte;Atropelamento de Animal;;;;;;;;;;1;2;;;;
10/04/2017;06:35:00;37;sem vítima;309;BR-101/RJ;Sul;Engavetamento;3;;;;;;;;;1;4;;;;
10/04/2017;06:55:00;42;com vítima;309,5;BR-101/RJ;Sul;Colisão Traseira;1;;;1;;;;;;;5;;1;;
10/04/2017;16:08:00;183;com vítima;110;BR-101/RJ;Norte;Choque - Elemento de Drenagem;1;;;;;;;;;;0;1;;;
10/04/2017;18:17:00;204;com vítima;80;BR-101/RJ;Sul;Colisão Lateral;;;;1;;;;;;1;1;1;;;
10/04/2017;18:38:00;207;sem vítima;67;BR-101/RJ;Sul;Colisão Traseira;2;;;;;;;;;;3;;;;
10/04/2017;22:50:00;235;com vítima;306;BR-101/RJ;Norte;Queda de Moto;;;;1;;;;;;;0;2;;;
11/04/2017;07:57:00;63;sem vítima;310;BR-101/RJ;Norte;Colisão Lateral;1;;;;;1;;;;;2;;;;
11/04/2017;08:11:00;73;sem vítima;313;BR-101/RJ;Sul;Colisão Lateral;1;;;1;;;;;;;3;;;;
11/04/2017;08:50:00;94;sem vítima;309;BR-101/RJ;Sul;Colisão Traseira;1;;;;;1;;;;;2;;;;
11/04/2017;15:09:00;170;sem vítima;210;BR-101/RJ;Sul;Choque - Defensa, barreira ou "submarino";1;;;;;;;;;;2;;;;
11/04/2017;16:24:00;188;com vítima;317;BR-101/RJ;Sul;Colisão Traseira;;;;1;;1;;;;;1;;1;;
11/04/2017;19:12:00;216;sem vítima;67;BR-101/RJ;Norte;Colisão Transversal;2;;;;;;;;;;2;;;;
11/04/2017;20:45:00;230;com vítima;102;BR-101/RJ;Norte;Queda de Moto;;;;1;;;;;;;0;2;;;
11/04/2017;23:37:00;250;sem vítima;293,6;BR-101/RJ;Sul;Choque - Defensa, barreira ou "submarino";1;;;;;;;;;;3;;;;
12/04/2017;00:06:00;1;sem vítima;293,6;BR-101/RJ;Norte;Choque - Outros;1;;;;;;;;;;1;;;;
12/04/2017;10:48:00;116;sem vítima;294,8;BR-101/RJ;Sul;Colisão Traseira;2;;1;;;;;;;;3;;;;
12/04/2017;14:18:00;155;sem vítima;322;BR-101/RJ;Sul;Colisão Traseira;2;;;;;;;;;;2;;;;
12/04/2017;17:49:00;214;sem vítima;161;BR-101/RJ;Norte;Colisão Lateral;1;;1;;;;;;;;3;;;;
12/04/2017;19:58:00;234;com vítima;271;BR-101/RJ;Norte;Choque - Defensa, barreira ou "submarino";1;;;;;;;;;;0;1;;;
12/04/2017;23:42:00;260;com vítima;283;BR-101/RJ;Norte;Colisão Frontal;2;;;;;;;;;;2;3;;;
13/04/2017;00:49:00;3;sem vítima;252,3;BR-101/RJ;Sul;Choque - Defensa, barreira ou "submarino";;;1;;;;;;;;1;;;;
13/04/2017;02:52:00;14;com vítima;299;BR-101/RJ;Norte;Colisão Traseira;;;2;;;;;;;;0;2;;;
13/04/2017;07:23:00;43;sem vítima;193;BR-101/RJ;Norte;Colisão Traseira;1;;1;;;;;;;;5;;;;
13/04/2017;07:51:00;49;com vítima;309;BR-101/RJ;Sul;Colisão Lateral;1;;;1;;;;;;;1;1;;;
13/04/2017;11:40:00;120;sem vítima;112;BR-101/RJ;Sul;Choque - Defensa, barreira ou "submarino";1;;;;;;;;;;1;;;;
13/04/2017;12:33:00;134;sem vítima;288,5;BR-101/RJ;Norte;Choque - Defensa, barreira ou "submarino";1;;;;;;;;;;1;;;;
13/04/2017;14:27:00;159;sem vítima;144;BR-101/RJ;Sul;Choque - Outros;1;;;;;;;;;;1;;;;
13/04/2017;14:48:00;164;sem vítima;306;BR-101/RJ;Norte;Colisão Traseira;2;;;;;;;;;;5;;;;
13/04/2017;17:23:00;196;sem vítima;196;BR-101/RJ;Norte;Choque - Outros;1;;;;;;;;;;1;;;;
13/04/2017;19:35:00;220;com vítima;93;BR-101/RJ;Norte;Queda de Moto;;;;1;;;;;;;0;2;;;
13/04/2017;20:40:00;236;sem vítima;294;BR-101/RJ;Sul;Choque - Outros;1;;;;;;;;;;1;;;;
13/04/2017;22:53:00;254;com vítima;304;BR-101/RJ;Norte;Colisão Traseira;2;;;;;;;;;;4;1;;;
14/04/2017;01:34:00;8;sem vítima;224;BR-101/RJ;Norte;Saida de Pista;1;;;;;;;;;;3;;;;
14/04/2017;01:46:00;9;sem vítima;9;BR-101/RJ;Norte;Colisão Traseira;2;;;;;;;;;;7;;;;
14/04/2017;06:02:00;28;sem vítima;102;BR-101/RJ;Norte;Choque - Defensa, barreira ou "submarino";1;;;;;1;;;;;2;;;;
14/04/2017;06:29:00;32;com vítima;291,57;BR-101/RJ;Sul;Choque - Elemento de Drenagem;1;;;;;;;;;;0;2;1;1;
14/04/2017;07:16:00;41;sem vítima;237;BR-101/RJ;Norte;Colisão Traseira;2;;;;;;;;;;6;;;;
14/04/2017;08:35:00;50;com vítima;103;BR-101/RJ;Norte;Choque - Talude;1;;;;;;;;;;2;;1;;
14/04/2017;10:44:00;76;sem vítima;102;BR-101/RJ;Norte;Colisão Traseira;1;;;;;1;;;;;5;;;;
14/04/2017;12:22:00;99;com vítima;63;BR-101/RJ;Norte;Queda de Moto;;;;1;;;;;;;0;1;;;
14/04/2017;16:21:00;137;sem vítima;269;BR-101/RJ;Sul;Colisão Traseira;1;;;;;1;;;;;5;;;;
14/04/2017;18:42:00;153;sem vítima;242;BR-101/RJ;Sul;Choque - Outros;1;;;;;;;;;;1;;;;
14/04/2017;20:19:00;166;com vítima;292;BR-101/RJ;Norte;Colisão Traseira;1;;;1;;;;;;;2;2;;;
14/04/2017;22:18:00;175;com vítima;63,311;BR-101/RJ;Norte;Choque - Elemento de Drenagem;1;;;;;;;;;;0;2;;;
15/04/2017;01:10:00;6;sem vítima;305,746;BR-101/RJ;Sul;Choque - Defensa, barreira ou "submarino";1;;;;;;;;;;3;;;;
15/04/2017;06:33:00;25;sem vítima;311;BR-101/RJ;Norte;Atropelamento de Animal;1;;;;;;;;;;1;;;;
15/04/2017;07:00:00;32;sem vítima;227,3;BR-101/RJ;Norte;Choque - Defensa, barreira ou "submarino";1;;;;;;;;;;1;;;;
15/04/2017;07:46:00;38;sem vítima;315,32;BR-101/RJ;Sul;Choque - Defensa, barreira ou "submarino";;;1;;;;;;;;1;;;;
15/04/2017;09:52:00;59;sem vítima;237,83;BR-101/RJ;Norte;Choque - Defensa, barreira ou "submarino";1;;;;;;;;;;1;;;;
15/04/2017;11:22:00;68;com vítima;293;BR-101/RJ;Norte;Choque - Defensa, barreira ou "submarino";;;;1;;;;;;;0;1;;;
15/04/2017;11:25:00;69;sem vítima;315,33;BR-101/RJ;Sul;Colisão Traseira;2;;;;;;;;;;2;;;;
15/04/2017;13:02:00;76;com vítima;303;BR-101/RJ;Norte;Objeto lançado contra veículo;1;1;;;;;;;;;1;1;;;
15/04/2017;18:10:00;111;sem vítima;204;BR-101/RJ;Norte;Choque - Suporte de Sinalização;1;;;;;;;;;;2;;;;
16/04/2017;00:19:00;2;com vítima;297,927;BR-101/RJ;Sul;Queda de Moto;;;;1;;;;;;;0;1;;;
16/04/2017;00:22:00;3;sem vítima;290,3;BR-101/RJ;Sul;Choque - Defensa, barreira ou "submarino";;;1;;;;;;;;2;;;;
16/04/2017;02:07:00;15;com vítima;312;BR-101/RJ;Sul;Queda de Moto;;;;1;;;;;;;0;1;;;
16/04/2017;06:51:00;30;sem vítima;62;BR-101/RJ;Sul;Choque - Poste;1;;;;;;;;;;1;;;;
16/04/2017;08:50:00;49;com vítima;298;BR-101/RJ;Sul;Colisão Traseira;1;;;1;;;;;;;2;1;;;
16/04/2017;11:19:00;75;sem vítima;263;BR-101/RJ;Sul;Engavetamento;3;;;;;;;;;;15;;;;
16/04/2017;11:22:00;77;sem vítima;261;BR-101/RJ;Sul;Engavetamento;3;;;;;;;;;;7;;;;
16/04/2017;11:25:00;78;sem vítima;312;BR-101/RJ;Sul;Engavetamento;3;;;;;;;;;;6;;;;
16/04/2017;13:46:00;97;sem vítima;183;BR-101/RJ;Sul;Capotamento;1;;;;;;;;;;3;;;;
16/04/2017;18:47:00;158;sem vítima;262;BR-101/RJ;Sul;Colisão Lateral;2;;;;;;;;;;2;;;;
16/04/2017;21:21:00;197;sem vítima;265;BR-101/RJ;Sul;Choque - Elemento de Drenagem;1;;;;;;;;;;4;;;;
16/04/2017;21:44:00;201;sem vítima;311,913;BR-101/RJ;Norte;Saida de Pista;1;;;;;;;;;;1;;;;
16/04/2017;21:55:00;204;com vítima;268;BR-101/RJ;Sul;Engavetamento;3;;;1;;;;;;;3;2;;;
17/04/2017;06:28:00;26;com vítima;77,9;BR-101/RJ;Sul;Colisão Traseira;1;;;1;;;;;;;5;1;;;
17/04/2017;06:36:00;28;com vítima;241,745;BR-101/RJ;Sul;Choque - Defensa, barreira ou "submarino";;;;1;;;;;;;0;1;;;
17/04/2017;06:52:00;31;com vítima;310,5;BR-101/RJ;Sul;Colisão Lateral;2;;;1;;;;;;;2;2;;;
17/04/2017;11:02:00;99;sem vítima;310;BR-101/RJ;Sul;Colisão Traseira;1;;;;;1;;;;;2;;;;
17/04/2017;18:15:00;192;sem vítima;297;BR-101/RJ;Sul;Colisão Lateral;1;;;;1;;;;;;2;;;;
18/04/2017;09:04:00;86;sem vítima;320;BR-101/RJ;Sul;Colisão Traseira;2;;;;;;;;;;2;;;;
18/04/2017;10:12:00;109;com vítima;60;BR-101/RJ;Norte;Colisão Transversal;1;;;1;;;;;;;1;1;;;
18/04/2017;13:19:00;146;com vítima;224,275;BR-101/RJ;Norte;Colisão Lateral;1;;1;;;;;;;;1;2;1;;1
18/04/2017;17:40:00;201;sem vítima;312,8;BR-101/RJ;Norte;Colisão Traseira;2;;;;;;;;;;3;;;;
19/04/2017;00:37:00;7;sem vítima;316;BR-101/RJ;Sul;Colisão Lateral;2;;;;;;;;;;2;;;;
19/04/2017;05:41:00;20;sem vítima;310;BR-101/RJ;Sul;Colisão Traseira;2;;;;;;;;;;3;;;;
19/04/2017;08:40:00;65;com vítima;300;BR-101/RJ;Sul;Queda de Moto;;;;1;;;;;;;0;1;;;
19/04/2017;09:17:00;87;com vítima;322;BR-101/RJ;Sul;Colisão Lateral;2;;;1;;;;;;;5;1;;;
19/04/2017;20:47:00;218;com vítima;314;BR-101/RJ;Norte;Colisão Lateral;;1;;;;1;;;;;1;;1;;
20/04/2017;00:50:00;3;sem vítima;320;BR-101/RJ;Norte;Colisão Traseira;2;;;;;;;;;;3;;;;
20/04/2017;08:36:00;85;com vítima;322;BR-101/RJ;Sul;Colisão Traseira;1;;;2;;;;;;;4;1;;;
20/04/2017;16:37:00;190;com vítima;87;BR-101/RJ;Norte;Choque - Elemento de Drenagem;;;;;;1;;;;1;5;1;;;
20/04/2017;23:32:00;248;sem vítima;144,526;BR-101/RJ;Norte;Choque - Elemento de Drenagem;1;;;;;;;;;;2;;;;
21/04/2017;03:59:00;18;com vítima;200,081;BR-101/RJ;Norte;Choque - Defensa, barreira ou "submarino";1;;;;;;;;;;1;4;;;
21/04/2017;05:52:00;25;sem vítima;278;BR-101/RJ;Norte;Choque - Talude;1;;;;;;;;;;2;;;;
21/04/2017;06:02:00;26;sem vítima;297;BR-101/RJ;Norte;Colisão Traseira;2;;;;;;;;;;10;;;;
21/04/2017;06:29:00;29;com vítima;241,8;BR-101/RJ;Norte;Queda de Moto;;;;1;;;;;;;0;2;;;
21/04/2017;06:43:00;31;com vítima;303,58;BR-101/RJ;Norte;Colisão Traseira;1;;;1;;;;;;;3;;1;;
21/04/2017;07:08:00;37;sem vítima;101;BR-101/RJ;Norte;Colisão Traseira;2;;;;;;;;;;5;;;;
21/04/2017;07:38:00;44;com vítima;293,5;BR-101/RJ;Sul;Colisão Lateral;;;;1;;1;;;;;1;;;;1
21/04/2017;18:13:00;160;com vítima;42,6;BR-101/RJ;Norte;Colisão Lateral;1;;1;1;;;;;;;2;;;1;
21/04/2017;23:20:00;188;com vítima;89,245;BR-101/RJ;Norte;Colisão Traseira;;;;1;;1;;;;;1;;;;1
21/04/2017;23:20:00;189;com vítima;303;BR-101/RJ;Norte;Colisão Traseira;2;;;;;;;;;;1;;1;1;
22/04/2017;01:40:00;10;sem vítima;309;BR-101/RJ;Norte;Choque - Elemento de Drenagem;1;;;;;;;;;;1;;;;
22/04/2017;02:10:00;14;sem vítima;239;BR-101/RJ;Sul;Choque - Defensa, barreira ou "submarino";;;1;;;;;;;;1;;;;
22/04/2017;05:35:00;22;sem vítima;295;BR-101/RJ;Norte;Choque - Defensa, barreira ou "submarino";1;;;;;;;;;;2;;;;
22/04/2017;06:02:00;25;sem vítima;303;BR-101/RJ;Norte;Colisão Traseira;2;;;;;;;;;;2;;;;
22/04/2017;07:35:00;37;com vítima;102,523;BR-101/RJ;Norte;Choque - Outros;1;;;;;;;;;;1;1;;;
22/04/2017;09:02:00;50;sem vítima;93,215;BR-101/RJ;Norte;Colisão Traseira;1;;;;;1;;;;;3;;;;
22/04/2017;12:58:00;81;sem vítima;61;BR-101/RJ;Sul;Colisão Transversal;2;;;;;;;;;;2;;;;
22/04/2017;16:25:00;112;sem vítima;282,695;BR-101/RJ;Norte;Choque - Defensa, barreira ou "submarino";1;;;;;;;;;;2;;;;
22/04/2017;16:33:00;113;sem vítima;226,9;BR-101/RJ;Sul;Choque - Defensa, barreira ou "submarino";1;;;;;;;;;;1;;;;
22/04/2017;18:49:00;136;com vítima;296,475;BR-101/RJ;Sul;Choque - Poste;1;;;;;;;;;;0;2;1;;
22/04/2017;19:29:00;142;sem vítima;86,3;BR-101/RJ;Norte;Choque - Talude;1;;;;;;;;;;1;;;;
22/04/2017;22:54:00;165;com vítima;317,401;BR-101/RJ;Norte;Colisão Lateral;2;;;;;;;;;;4;1;;;
23/04/2017;04:41:00;19;sem vítima;293,461;BR-101/RJ;Norte;Choque - Poste;1;;;;;;;;;;3;;;;
23/04/2017;06:24:00;23;sem vítima;123;BR-101/RJ;Sul;Choque - Defensa, barreira ou "submarino";;;1;;;;;;;;1;;;;
23/04/2017;09:27:00;44;sem vítima;283;BR-101/RJ;Sul;Choque - Defensa, barreira ou "submarino";1;;;;;;;;;1;6;;;;
23/04/2017;12:44:00;71;sem vítima;264;BR-101/RJ;Sul;Colisão Traseira;1;;;;;1;;;;;3;;;;
23/04/2017;13:57:00;82;com vítima;227,693;BR-101/RJ;Norte;Choque - Defensa, barreira ou "submarino";1;;;;;;;;;;0;1;;;
23/04/2017;15:12:00;95;sem vítima;81;BR-101/RJ;Norte;Choque - Defensa, barreira ou "submarino";1;;;;;;;;;;5;;;;
23/04/2017;15:38:00;103;sem vítima;102;BR-101/RJ;Norte;Colisão Traseira;;;;;;;;;;2;18;;;;
23/04/2017;15:43:00;105;sem vítima;273,18;BR-101/RJ;Sul;Engavetamento;3;;;;;;;;;;6;;;;
23/04/2017;16:05:00;112;sem vítima;192,255;BR-101/RJ;Sul;Colisão Traseira;1;;1;;;;;;;;14;;;;
23/04/2017;16:43:00;120;com vítima;239;BR-101/RJ;Norte;Queda de Moto;;;;1;;;;;;;0;1;1;;
23/04/2017;16:18:00;127;sem vítima;305;BR-101/RJ;Sul;Atropelamento de Animal;1;;;;;;;;;;1;;;;
23/04/2017;17:11:00;130;sem vítima;102;BR-101/RJ;Norte;Colisão Traseira;2;;;;;;;;;;4;;;;
23/04/2017;18:24:00;145;sem vítima;139;BR-101/RJ;Norte;Engavetamento;3;;;;;;;;;;9;;;;
23/04/2017;18:25:00;146;com vítima;275,06;BR-101/RJ;Sul;Atropelamento - Morador;1;;;;;;;;;;1;;1;;
23/04/2017;19:57:00;170;sem vítima;313;BR-101/RJ;Norte;Colisão Lateral;2;;;;;;;;;;4;;;;
23/04/2017;20:33:00;173;sem vítima;269;BR-101/RJ;Norte;Engavetamento;4;;;;;;;;;;11;;;;
23/04/2017;20:46:00;175;sem vítima;265;BR-101/RJ;Sul;Colisão Traseira;1;;;;;1;;;;;2;;;;
24/04/2017;07:01:00;33;sem vítima;146,173;BR-101/RJ;Norte;Choque - Defensa, barreira ou "submarino";;;1;;;;;;;;1;;;;
24/04/2017;07:04:00;34;sem vítima;310;BR-101/RJ;Sul;Colisão Traseira;2;;;;;;;;;;4;;;;
24/04/2017;12:56:00;145;sem vítima;322;BR-101/RJ;Norte;Colisão Lateral;1;;1;;;;;;;;2;;;;
24/04/2017;17:11:00;203;sem vítima;193;BR-101/RJ;Norte;Choque - Defensa, barreira ou "submarino";;;1;;;;;;;;1;;;;
24/04/2017;19:37:00;237;com vítima;206;BR-101/RJ;Norte;Colisão Lateral;1;;;1;;;;;;;1;1;;;
24/04/2017;23:40:00;271;sem vítima;128;BR-101/RJ;Norte;Choque - Elemento de Drenagem;1;;;;;;;;;;1;;;;
25/04/2017;08:52:00;84;com vítima;72;BR-101/RJ;Norte;Queda de Moto;;;;1;;;;;;;0;;1;;
25/04/2017;10:52:00;125;sem vítima;190;BR-101/RJ;Sul;Choque - Defensa, barreira ou "submarino";1;;;;;;;;;;1;;;;
25/04/2017;11:10:00;130;sem vítima;319;BR-101/RJ;Sul;Engavetamento;3;;;;;;;;;;3;;;;
25/04/2017;14:49:00;170;com vítima;65;BR-101/RJ;Norte;Colisão Transversal;1;;;1;;;;;;;1;;1;;
25/04/2017;15:02:00;173;sem vítima;311;BR-101/RJ;Sul;Queda de Moto;;;;1;;;;;;;2;;;;
25/04/2017;15:44:00;183;sem vítima;147,57;BR-101/RJ;Sul;Choque - Outros;1;;;;;;;;;;1;;;;
25/04/2017;17:24:00;222;com vítima;319;BR-101/RJ;Norte;Colisão Lateral;;;;1;;1;;;;;1;1;;;
25/04/2017;18:20:00;236;com vítima;286,12;BR-101/RJ;Norte;Atropelamento - Andarilho;;;1;;;;;;;;1;;;;1
25/04/2017;19:04:00;244;com vítima;279;BR-101/RJ;Norte;Choque - Outros;;1;;;;;;;;;0;;;1;
26/04/2017;07:16:00;40;com vítima;318;BR-101/RJ;Sul;Queda de Moto;;;;1;;;;;;;1;1;;;
26/04/2017;08:22:00;68;sem vítima;151,05;BR-101/RJ;Norte;Colisão Lateral;1;;1;;;;;;;;2;;;;
26/04/2017;11:59:00;138;com vítima;46;BR-101/RJ;Norte;Colisão Transversal;1;;;1;;;;;;;1;;1;;
26/04/2017;16:04:00;185;sem vítima;213;BR-101/RJ;Norte;Choque - Suporte de Sinalização;1;;;;;;;;;;1;;;;
26/04/2017;17:23:00;208;sem vítima;284;BR-101/RJ;Sul;Colisão Lateral;;;1;;;;;;;1;4;;;;
26/04/2017;19:20:00;227;sem vítima;72;BR-101/RJ;Sul;Colisão Transversal;1;;;;;1;;;;;2;;;;
26/04/2017;22:07:00;245;sem vítima;320,33;BR-101/RJ;Sul;Choque - Defensa, barreira ou "submarino";1;;;;;;;;;;2;;;;
26/04/2017;23:45:00;255;sem vítima;293,3;BR-101/RJ;Sul;Tombamento;;;1;;;;;;;;2;;;;
27/04/2017;05:43:00;16;sem vítima;266;BR-101/RJ;Norte;Colisão Lateral;1;;1;;;;;;;;3;;;;
27/04/2017;06:09:00;24;sem vítima;158;BR-101/RJ;Norte;Saida de Pista;;;1;;;;;;;;1;;;;
27/04/2017;07:25:00;44;com vítima;320;BR-101/RJ;Sul;Colisão Lateral;1;;;1;;;;;;;2;1;;;
27/04/2017;09:27:00;101;sem vítima;99;BR-101/RJ;Norte;Choque - Outros;1;;;;;;;;;;2;;;;
27/04/2017;15:26:00;180;com vítima;56,7;BR-101/RJ;Sul;Colisão Transversal;;;;1;;1;;;;;1;;1;;
27/04/2017;15:29:00;181;sem vítima;283,319;BR-101/RJ;Norte;Colisão Lateral;1;;1;;;;;;;;3;;;;
27/04/2017;16:51:00;202;sem vítima;65;BR-101/RJ;Sul;Colisão Traseira;2;;;;;;;;;;2;;;;
27/04/2017;17:52:00;221;com vítima;36,4;BR-101/RJ;Sul;Atropelamento de Animal;1;;1;;;;;;;;2;1;;;