data;horario;n_da_ocorrencia;tipo_de_ocorrencia;km;trecho;sentido;tipo_de_acidente;automovel;bicicleta;caminhao;moto;onibus;outros;tracao_animal;transporte_de_cargas_especiais;trator_maquinas;utilitarios;ilesos;levemente_feridos;moderadamente_feridos;gravemente_feridos;mortos
21/05/2017;18:43:00;129;com vítima;140,113;BR-101/RJ;Sul;Colisão Traseira;1;;;;;1;;;;;1;1;;;
22/05/2017;01:00:00;4;sem vítima;82,46;BR-101/RJ;Norte;Choque - Outros;1;;;;;;;;;;2;;;;
22/05/2017;06:11:00;19;sem vítima;298,87;BR-101/RJ;Norte;Colisão Traseira;2;;;;;;;;;;2;;;;
22/05/2017;07:35:00;35;com vítima;195,424;BR-101/RJ;Sul;Choque - Talude;1;;;;;;;;;;1;2;;;
22/05/2017;07:40:00;38;com vítima;318,283;BR-101/RJ;Sul;Colisão Traseira;1;;;2;1;;;;;;5;1;;;
22/05/2017;08:00:00;49;sem vítima;208,7;BR-101/RJ;Sul;Choque - Talude;1;;;;;;;;;;1;;;;
22/05/2017;09:43:00;74;sem vítima;297;BR-101/RJ;Norte;Engavetamento;1;;2;;;;;;;;3;;;;
22/05/2017;10:56:00;95;com vítima;272,765;BR-101/RJ;Sul;Colisão Traseira;;;;;;2;;;;;1;1;;;
22/05/2017;15:34:00;149;sem vítima;264,564;BR-101/RJ;Sul;Choque - Defensa, barreira ou "submarino";1;;;;;;;;;;1;;;;
22/05/2017;21:46:00;200;sem vítima;13,563;BR-101/RJ;Norte;Colisão Transversal;2;;;;;;;;;;4;;;;
22/05/2017;22:15:00;203;com vítima;314,876;BR-101/RJ;Norte;Colisão Traseira;2;;;;;;;;;;1;1;;;
23/05/2017;06:10:00;19;com vítima;308,231;BR-101/RJ;Norte;Colisão Traseira;1;;;;1;;;;;;1;1;1;;
23/05/2017;08:52:00;70;sem vítima;66,4;BR-101/RJ;Sul;Colisão Lateral;2;;;;;;;;;;3;;;;
23/05/2017;09:59:00;95;sem vítima;93;BR-101/RJ;Norte;Colisão Traseira;2;;;;;;;;;;4;;;;
23/05/2017;11:35:00;116;sem vítima;35,213;BR-101/RJ;Norte;Objeto lançado contra veículo;2;;;;;1;;;;;5;;;;
23/05/2017;13:06:00;138;com vítima;119,3;BR-101/RJ;Sul;Queda de Moto;;;;1;;;;;;;0;1;;;
23/05/2017;19:56:00;207;com vítima;48,625;BR-101/RJ;Sul;Colisão Traseira;;;;1;;1;;;;;1;;;1;
23/05/2017;21:00:00;210;com vítima;307,48;BR-101/RJ;Norte;Colisão Traseira;;;;1;;1;;;;;1;1;;;1
23/05/2017;21:27:00;214;sem vítima;267,113;BR-101/RJ;Sul;Choque - Defensa, barreira ou "submarino";1;;;;;;;;;;1;;;;
23/05/2017;22:16:00;217;com vítima;293,339;BR-101/RJ;Sul;Choque - Poste;1;;;;;;;;;;3;1;;;
24/05/2017;01:20:00;12;sem vítima;293,337;BR-101/RJ;Norte;Choque - Defensa, barreira ou "submarino";1;;;;;;;;;;2;;;;
24/05/2017;07:24:00;43;sem vítima;319,184;BR-101/RJ;Norte;Colisão Traseira;1;;;;1;;;;;;2;;;;
24/05/2017;08:09:00;69;sem vítima;262,05;BR-101/RJ;Sul;Choque - Objeto sobre a pista;1;;;;;;;;;;1;;;;
24/05/2017;09:44:00;104;sem vítima;310,22;BR-101/RJ;Norte;Engavetamento;3;;;;;;;;;;3;;;;
24/05/2017;18:28:00;222;sem vítima;320,6;BR-101/RJ;Sul;Colisão Traseira;2;;;;;;;;;;2;;;;
24/05/2017;18:43:00;226;com vítima;277,167;BR-101/RJ;Norte;Colisão Traseira;1;;;1;;;;;;;2;1;;;
24/05/2017;18:45:00;227;com vítima;48,59;BR-101/RJ;Norte;Atropelamento - Morador;1;;;;;;;;;;3;;;;1
25/05/2017;05:46:00;41;sem vítima;51,8;BR-101/RJ;Norte;Choque - Outros;1;;;;;;;;;;1;;;;
25/05/2017;07:48:00;76;com vítima;316,751;BR-101/RJ;Sul;Colisão Lateral;1;;;1;;;;;;;2;1;;;
25/05/2017;08:37:00;96;sem vítima;303,83;BR-101/RJ;Sul;Queda de Moto;;;;1;;;;;;;1;;;;
25/05/2017;08:38:00;97;com vítima;58,5;BR-101/RJ;Norte;Colisão Traseira;;;;1;;1;;;;;1;;1;;
25/05/2017;14:03:00;184;com vítima;205,389;BR-101/RJ;Norte;Colisão Transversal;2;;;;;;;;;;1;1;;;
25/05/2017;18:38:00;234;com vítima;70,576;BR-101/RJ;Sul;Colisão Transversal;1;;;1;;;;;;;0;;4;;
25/05/2017;19:00:00;237;sem vítima;318,42;BR-101/RJ;Norte;Colisão Traseira;1;;1;;;;;;;;4;;;;
25/05/2017;19:27:00;241;sem vítima;217,99;BR-101/RJ;Norte;Choque - Defensa, barreira ou "submarino";1;;;;;;;;;;2;;;;
26/05/2017;07:12:00;64;sem vítima;271,236;BR-101/RJ;Norte;Capotamento;1;;;;;;;;;;2;;;;
26/05/2017;09:44:00;145;sem vítima;206;BR-101/RJ;Sul;Colisão Traseira;2;;;;;;;;;;2;;;;
26/05/2017;16:31:00;234;sem vítima;297,496;BR-101/RJ;Norte;Engavetamento;1;;1;;;1;;;;;3;;;;
26/05/2017;17:23:00;244;sem vítima;296,019;BR-101/RJ;Norte;Colisão Traseira;2;;;;;;;;;;2;;;;
26/05/2017;17:46:00;255;sem vítima;321,3;BR-101/RJ;Norte;Engavetamento;3;;;;;;;;;;3;;;;
26/05/2017;17:45:00;263;sem vítima;321,4;BR-101/RJ;Norte;Engavetamento;3;;;;;;;;;;3;;;;
26/05/2017;18:33:00;268;sem vítima;319,2;BR-101/RJ;Norte;Colisão Lateral;3;;;;;;;;;;4;;;;
26/05/2017;19:50:00;288;com vítima;236,51;BR-101/RJ;Sul;Colisão Traseira;2;;;;;;;;;;3;1;;;
26/05/2017;21:00:00;296;sem vítima;138,407;BR-101/RJ;Norte;Colisão Lateral;1;;1;;;;;;;;9;;;;
27/05/2017;14:55:00;132;com vítima;63,312;BR-101/RJ;Norte;Colisão Lateral;1;;;1;;;;;;;2;;1;;
27/05/2017;15:06:00;135;com vítima;316,65;BR-101/RJ;Sul;Queda de Moto;;;;1;;;;;;;0;1;;;
27/05/2017;16:22:00;152;sem vítima;283,35;BR-101/RJ;Norte;Colisão Lateral;2;;;;;;;;;;7;;;;
27/05/2017;18:19:00;165;sem vítima;296,503;BR-101/RJ;Sul;Choque - Outros;1;;;;;;;;;;1;;;;
27/05/2017;18:22:00;166;com vítima;119,6;BR-101/RJ;Sul;Atropelamento - Morador;;;;1;;;;;;;2;1;;;
27/05/2017;20:44:00;184;com vítima;260,61;BR-101/RJ;Sul;Colisão Traseira;;;1;;;;;;;1;5;2;1;;
27/05/2017;23:40:00;200;sem vítima;93,2;BR-101/RJ;Norte;Colisão Traseira;2;;;;;;;;;;2;;;;
28/05/2017;06:26:00;28;com vítima;309,154;BR-101/RJ;Sul;Queda de Moto;;;;1;;;;;;;0;;1;;
28/05/2017;06:52:00;30;com vítima;144,295;BR-101/RJ;Sul;Capotamento;1;;;;;;;;;;2;3;1;;
28/05/2017;18:11:00;143;sem vítima;291,59;BR-101/RJ;Sul;Engavetamento;3;;;;;1;;;;;10;;;;
28/05/2017;18:12:00;145;com vítima;236,66;BR-101/RJ;Sul;Colisão Transversal;1;;;;;1;;;;;1;2;;;
28/05/2017;18:25:00;152;com vítima;291,72;BR-101/RJ;Sul;Engavetamento;2;;;;;1;;;;;5;1;;;
28/05/2017;23:39:00;187;sem vítima;243,523;BR-101/RJ;Norte;Choque - Suporte de Sinalização;1;;;;;;;;;;2;;;;
29/05/2017;01:09:00;8;sem vítima;290,302;BR-101/RJ;Norte;Colisão Lateral;;;2;;;;;;;;2;;;;
29/05/2017;01:25:00;10;sem vítima;297;BR-101/RJ;Sul;Colisão Traseira;1;;1;;;;;;;;5;;;;
29/05/2017;12:53:00;148;com vítima;312,176;BR-101/RJ;Sul;Colisão Transversal;1;;;1;;;;;;;1;;1;;
29/05/2017;14:05:00;170;com vítima;275,456;BR-101/RJ;Norte;Capotamento;1;;;;;;;;;;0;1;;;
29/05/2017;18:17:00;227;sem vítima;80,315;BR-101/RJ;Norte;Colisão Frontal;1;;;;;;;;;1;2;;;;
29/05/2017;18:57:00;236;sem vítima;217,935;BR-101/RJ;Sul;Choque - Suporte de Sinalização;;;1;;;;;;;;3;;;;
29/05/2017;19:19:00;239;com vítima;248,163;BR-101/RJ;Sul;Colisão Frontal;;;1;;;;;;;1;0;3;2;;
29/05/2017;19:51:00;245;sem vítima;172,625;BR-101/RJ;Norte;Colisão Transversal;1;;;;;1;;;;;6;;;;
29/05/2017;20:31:00;251;com vítima;285,66;BR-101/RJ;Norte;Choque - Defensa, barreira ou "submarino";1;;;;;;;;;;4;;1;;
30/05/2017;01:18:00;11;com vítima;125,86;BR-101/RJ;Norte;Capotamento;1;;;;;;;;;;0;4;;;
30/05/2017;05:00:00;21;sem vítima;92,5;BR-101/RJ;Sul;Colisão Lateral;1;;;;;1;;;;;2;;;;
30/05/2017;06:11:00;29;com vítima;29,911;BR-101/RJ;Norte;Colisão Frontal;;;2;;;;;;;;0;1;;;1
30/05/2017;08:21:00;77;sem vítima;190,4;BR-101/RJ;Sul;Choque - Defensa, barreira ou "submarino";1;;;;;;;;;;2;;;;
30/05/2017;09:03:00;93;sem vítima;317,963;BR-101/RJ;Sul;Colisão Traseira;2;;;;;;;;;;2;;;;
30/05/2017;16:31:00;200;com vítima;70,89;BR-101/RJ;Norte;Choque - Outros;;;;1;;;;;;;0;1;;;
30/05/2017;17:14:00;205;com vítima;55,7;BR-101/RJ;Norte;Colisão Transversal;1;;;1;;;;;;;0;3;1;;
30/05/2017;19:37:00;228;sem vítima;43,043;BR-101/RJ;Norte;Tombamento;;;1;;;;;;;;1;;;;
31/05/2017;07:01:00;49;com vítima;310,029;BR-101/RJ;Sul;Colisão Traseira;3;;;;;;;;;;2;1;;;
31/05/2017;08:22:00;89;sem vítima;60;BR-101/RJ;Norte;Choque - Elemento de Drenagem;1;;;;;;;;;;1;;;;
31/05/2017;11:50:00;153;com vítima;87,5;BR-101/RJ;Norte;Choque - Defensa, barreira ou "submarino";1;;;;;;;;;;0;1;;;
31/05/2017;17:15:00;228;com vítima;217,491;BR-101/RJ;Norte;Capotamento;1;;;;;;;;;;4;1;;;
01/06/2017;07:17:00;40;com vítima;106,343;BR-101/RJ;Norte;Colisão Traseira;1;;1;;;;;;;;4;1;;;
01/06/2017;11:32:00;131;sem vítima;302,88;BR-101/RJ;Sul;Choque - Elemento de Drenagem;1;;;;;;;;;;1;;;;
01/06/2017;13:55:00;165;com vítima;321,117;BR-101/RJ;Sul;Queda de Moto;;;;1;;;;;;;1;1;;;
01/06/2017;15:55:00;203;sem vítima;294,804;BR-101/RJ;Norte;Choque - Elemento de Drenagem;1;;;;;;;;;;2;;;;
01/06/2017;18:02:00;221;sem vítima;66,293;BR-101/RJ;Norte;Engavetamento;3;;;;;;;;;;3;;;;
01/06/2017;18:14:00;228;com vítima;319,07;BR-101/RJ;Norte;Colisão Lateral;2;;;1;;;;;;;6;;1;;
01/06/2017;19:27:00;246;sem vítima;319,5;BR-101/RJ;Norte;Colisão Lateral;1;;;;;1;;;;;4;;;;
01/06/2017;22:18:00;263;sem vítima;300,473;BR-101/RJ;Sul;Choque - Defensa, barreira ou "submarino";1;;;;;;;;;;1;;;;
02/06/2017;05:17:00;19;sem vítima;144,321;BR-101/RJ;Norte;Choque - Suporte de Sinalização;1;;;;;;;;;;1;;;;
02/06/2017;06:44:00;33;com vítima;252,88;BR-101/RJ;Norte;Colisão Traseira;1;;1;;;;;;;;1;1;;;
02/06/2017;10:30:00;126;sem vítima;213;BR-101/RJ;Sul;Choque - Defensa, barreira ou "submarino";1;;;;;;;;;;5;;;;
02/06/2017;15:47:00;185;sem vítima;58,536;BR-101/RJ;Sul;Engavetamento;3;;;;;;;;;;3;;;;
02/06/2017;16:38:00;196;com vítima;71,04;BR-101/RJ;Sul;Colisão Traseira;;;;1;;1;;;;;2;1;;;
02/06/2017;18:31:00;210;sem vítima;297,742;BR-101/RJ;Norte;Colisão Lateral;1;;;;1;;;;;;2;;;;
02/06/2017;19:14:00;215;com vítima;294,544;BR-101/RJ;Sul;Colisão Traseira;;;;1;1;;;;;;1;;1;;
02/06/2017;23:28:00;240;sem vítima;200,961;BR-101/RJ;Sul;Colisão Traseira;;;2;;;;;;;;5;;;;
03/06/2017;05:11:00;28;com vítima;221,162;BR-101/RJ;Norte;Capotamento;1;;;;;;;;;;0;1;;;
03/06/2017;08:09:00;56;sem vítima;293,5;BR-101/RJ;Norte;Colisão Lateral;1;;1;;;;;;;;2;;;;
03/06/2017;17:52:00;161;com vítima;288,788;BR-101/RJ;Norte;Colisão Traseira;2;;;;;;;;;;3;1;;;
03/06/2017;21:13:00;187;com vítima;69,332;BR-101/RJ;Norte;Colisão Transversal;;;;;;;;;;2;1;1;;;
03/06/2017;22:14:00;191;com vítima;264,895;BR-101/RJ;Sul;Colisão Lateral;1;;;1;;;;;;;1;1;;;
04/06/2017;00:32:00;5;com vítima;54,255;BR-101/RJ;Norte;Colisão Traseira;3;;;;;;;;;;3;;2;;1
04/06/2017;03:35:00;27;sem vítima;288,1;BR-101/RJ;Sul;Atropelamento de Animal;1;;;;;;;;;;5;;;;
04/06/2017;04:46:00;31;sem vítima;309,256;BR-101/RJ;Sul;Choque - Poste;1;;;;;;;;;;2;;;;
04/06/2017;05:22:00;33;sem vítima;54,255;BR-101/RJ;Norte;Colisão Traseira;2;;;;;;;;;;3;;;;
04/06/2017;10:11:00;74;com vítima;46,9;BR-101/RJ;Sul;Choque - Elemento de Drenagem;1;;;;;;;;;;0;3;;;
04/06/2017;13:49:00;102;sem vítima;231,5;BR-101/RJ;Sul;Choque - Defensa, barreira ou "submarino";1;;;;;;;;;;1;;;;
04/06/2017;15:39:00;119;sem vítima;66,1;BR-101/RJ;Norte;Colisão Transversal;2;;;;;;;;;;8;;;;
04/06/2017;18:13:00;145;sem vítima;154,5;BR-101/RJ;Norte;Colisão Transversal;1;;;;;;;;;1;6;;;;
04/06/2017;20:47:00;169;com vítima;115,9;BR-101/RJ;Sul;Capotamento;1;;;;;;;;;;0;1;;;
04/06/2017;22:19:00;182;com vítima;309,35;BR-101/RJ;Norte;Engavetamento;1;;;;1;;;;;1;4;;2;;
04/06/2017;23:26:00;191;sem vítima;312,35;BR-101/RJ;Norte;Colisão Frontal;1;;;;;1;;;;;5;;;;
04/06/2017;23:50:00;192;com vítima;317,4;BR-101/RJ;Sul;Colisão Traseira;1;;2;;;;;;;;2;3;;;
05/06/2017;03:19:00;17;sem vítima;321,7;BR-101/RJ;Norte;Choque - Defensa, barreira ou "submarino";1;;;;;;;;;;1;;;;
05/06/2017;05:33:00;19;sem vítima;144,2;BR-101/RJ;Sul;Choque - Suporte de Sinalização;1;;;;;;;;;;1;;;;
05/06/2017;06:37:00;26;com vítima;297,5;BR-101/RJ;Sul;Queda de Moto;;;;1;;;;;;;0;1;;;
05/06/2017;06:42:00;30;sem vítima;265;BR-101/RJ;Sul;Choque - Defensa, barreira ou "submarino";2;;;;;;;;;;3;;;;
05/06/2017;07:24:00;49;sem vítima;214;BR-101/RJ;Norte;Choque - Defensa, barreira ou "submarino";;;;;;;;;;1;3;;;;
05/06/2017;10:45:00;109;com vítima;99,8;BR-101/RJ;Norte;Colisão Traseira;;;;1;;1;;;;;1;;1;;
05/06/2017;12:45:00;136;com vítima;311,586;BR-101/RJ;Norte;Queda de Moto;;;;1;;;;;;;0;;1;;
05/06/2017;16:25:00;180;sem vítima;115,95;BR-101/RJ;Sul;Choque - Elemento de Drenagem;1;;;;;;;;;;1;;;;
06/06/2017;02:52:00;6;com vítima;293,389;BR-101/RJ;Norte;Choque - Defensa, barreira ou "submarino";;;;1;;;;;;;0;;1;1;
06/06/2017;10:30:00;116;sem vítima;149,5;BR-101/RJ;Norte;Choque - Elemento de Drenagem;1;;;;;;;;;;2;;;;
06/06/2017;15:51:00;167;sem vítima;283,897;BR-101/RJ;Norte;Choque - Defensa, barreira ou "submarino";1;;;;;;;;;;1;;;;
06/06/2017;18:10:00;194;sem vítima;317,8;BR-101/RJ;Norte;Colisão Traseira;2;;;;;;;;;;2;;;;
06/06/2017;18:24:00;198;sem vítima;321,5;BR-101/RJ;Sul;Colisão Lateral;2;;;;;;;;;;2;;;;
06/06/2017;18:43:00;201;com vítima;61,729;BR-101/RJ;Sul;Colisão Transversal;1;;;1;;;;;;;1;;;1;
06/06/2017;19:14:00;206;com vítima;308,837;BR-101/RJ;Norte;Queda de Moto;;;;1;;;;;;;0;;2;;
06/06/2017;20:17:00;211;sem vítima;310,345;BR-101/RJ;Norte;Engavetamento;3;;;;;;;;;;5;;;;
06/06/2017;22:30:00;223;com vítima;165,5;BR-101/RJ;Sul;Tombamento;;;1;;;;;;;;1;1;;;
06/06/2017;22:36:00;225;com vítima;308,587;BR-101/RJ;Sul;Capotamento;1;;;;;;;;;;1;2;;;
07/06/2017;05:41:00;26;sem vítima;313,097;BR-101/RJ;Norte;Choque - Talude;1;;;;;;;;;;1;;;;
07/06/2017;07:16:00;52;sem vítima;312,537;BR-101/RJ;Sul;Engavetamento;3;;;;;;;;;;3;;;;
07/06/2017;10:52:00;133;sem vítima;190,535;BR-101/RJ;Sul;Choque - Defensa, barreira ou "submarino";1;;;;;;;;;;1;;;;
07/06/2017;11:31:00;141;sem vítima;314,6;BR-101/RJ;Sul;Colisão Traseira;2;;;;;;;;;;3;;;;
07/06/2017;11:54:00;147;sem vítima;297,7;BR-101/RJ;Sul;Colisão Lateral;1;;1;;;;;;;;2;;;;
07/06/2017;12:08:00;148;sem vítima;71,056;BR-101/RJ;Sul;Colisão Transversal;2;;;;;;;;;;6;;;;
07/06/2017;13:07:00;165;com vítima;319,757;BR-101/RJ;Sul;Capotamento;1;;;;;;;;;;0;;1;;
07/06/2017;15:33:00;185;com vítima;298,486;BR-101/RJ;Sul;Colisão Traseira;1;;;;;1;;;;;3;1;;;
07/06/2017;16:48:00;204;sem vítima;114,546;BR-101/RJ;Sul;Choque - Defensa, barreira ou "submarino";1;;;;;;;;;;1;;;;
07/06/2017;16:59:00;209;com vítima;56,922;BR-101/RJ;Sul;Colisão Traseira;;;;1;1;;;;;1;3;;;1;
07/06/2017;18:14:00;222;com vítima;303,707;BR-101/RJ;Sul;Choque - Defensa, barreira ou "submarino";1;;;;1;;;;;;5;;1;;
08/06/2017;09:07:00;95;com vítima;80,2;BR-101/RJ;Norte;Colisão Transversal;1;;1;;;;;;;;5;1;;;
08/06/2017;10:27:00;129;com vítima;319,161;BR-101/RJ;Sul;Engavetamento;4;;;;;;;;;;3;1;;;
08/06/2017;10:51:00;136;sem vítima;62,1;BR-101/RJ;Norte;Engavetamento;3;;;;;;;;;;4;;;;
08/06/2017;11:43:00;150;sem vítima;312,06;BR-101/RJ;Norte;Colisão Traseira;2;;;;;;;;;;2;;;;
08/06/2017;16:44:00;221;sem vítima;60,496;BR-101/RJ;Norte;Colisão Traseira;2;;;;;;;;;;4;;;;
08/06/2017;17:36:00;230;com vítima;64,862;BR-101/RJ;Norte;Colisão Traseira;1;;;1;;;;;;;2;1;;;
08/06/2017;17:38:00;235;sem vítima;304,883;BR-101/RJ;Norte;Atropelamento de Animal;1;;;;;;;;;;1;;;;
08/06/2017;19:07:00;252;sem vítima;318,325;BR-101/RJ;Norte;Colisão Lateral;1;;;1;;;;;;;3;;;;
09/06/2017;16:03:00;186;com vítima;58,6;BR-101/RJ;Norte;Atropelamento - Morador;1;;;;;;;;;;1;;3;;
09/06/2017;16:58:00;202;com vítima;80,216;BR-101/RJ;Sul;Queda de Moto;;;1;1;;;;;;;1;;1;;
09/06/2017;17:23:00;206;sem vítima;187,6;BR-101/RJ;Sul;Choque - Elemento de Drenagem;1;;;;;;;;;;1;;;;
09/06/2017;18:33:00;216;sem vítima;295,5;BR-101/RJ;Norte;Objeto lançado contra veículo;1;;;;;;;;;;2;;;;
09/06/2017;20:03:00;236;sem vítima;253,549;BR-101/RJ;Sul;Colisão Traseira;1;;;;;1;;;;;3;;;;
09/06/2017;20:32:00;242;sem vítima;211,053;BR-101/RJ;Norte;Choque - Defensa, barreira ou "submarino";1;;;;;;;;;;1;;;;
09/06/2017;23:44:00;264;sem vítima;148,493;BR-101/RJ;Sul;Capotamento;1;;;;;;;;;;1;;;;
10/06/2017;04:39:00;10;com vítima;292,323;BR-101/RJ;Norte;Colisão Frontal;2;;;;;;;;;;0;3;;;
10/06/2017;06:45:00;27;sem vítima;122,222;BR-101/RJ;Norte;Choque - Cancela de Pedagio;;;1;;;;;;;;1;;;;
10/06/2017;08:40:00;64;sem vítima;7;BR-101/RJ;Norte;Choque - Outros;1;;;;;;;;;;1;;;;
10/06/2017;11:51:00;89;sem vítima;312,6;BR-101/RJ;Sul;Colisão Traseira;2;;;;;;;;;;2;;;;
10/06/2017;12:03:00;92;sem vítima;262,3;BR-101/RJ;Norte;Colisão Traseira;1;;;;;1;;;;;3;;;;
10/06/2017;13:49:00;110;sem vítima;90,559;BR-101/RJ;Sul;Colisão Lateral;1;;;;;;;;;1;6;;;;
10/06/2017;14:52:00;118;com vítima;55,42;BR-101/RJ;Sul;Colisão Frontal;2;;;;;;;;;;3;1;;;
10/06/2017;15:43:00;123;com vítima;207,355;BR-101/RJ;Norte;Choque - Talude;1;;;;;;;;;;1;1;;;
10/06/2017;17:43:00;143;com vítima;119,197;BR-101/RJ;Norte;Queda de Moto;;;;1;;;;;;;0;2;;;
10/06/2017;18:44:00;149;com vítima;243,444;BR-101/RJ;Norte;Colisão Transversal;1;;;2;;;;;;;3;2;;;
11/06/2017;04:45:00;17;sem vítima;191,975;BR-101/RJ;Norte;Atropelamento de Animal;;;1;;;;;;;;1;;;;
11/06/2017;05:16:00;21;sem vítima;266,25;BR-101/RJ;Norte;Choque - Defensa, barreira ou "submarino";1;;;;;;;;;;1;;;;
11/06/2017;08:09:00;44;sem vítima;225,95;BR-101/RJ;Norte;Colisão Lateral;1;;1;;;;;;;;2;;;;
11/06/2017;15:03:00;95;sem vítima;92,65;BR-101/RJ;Norte;Colisão Lateral;;;1;;;;;;;1;2;;;;
11/06/2017;17:45:00;125;sem vítima;306,083;BR-101/RJ;Norte;Choque - Talude;1;;;;;;;;;;1;;;;
11/06/2017;18:38:00;128;sem vítima;255,006;BR-101/RJ;Norte;Colisão Lateral;2;;;;;;;;;;6;;;;
11/06/2017;18:42:00;130;sem vítima;303;BR-101/RJ;Norte;Queda de Moto;;;;1;;;;;;;1;;;;
11/06/2017;19:16:00;141;sem vítima;224,15;BR-101/RJ;Norte;Saida de Pista;1;;;;;;;;;;1;;;;
11/06/2017;19:32:00;143;sem vítima;257,58;BR-101/RJ;Sul;Colisão Traseira;1;;1;;;;;;;;5;;;;
11/06/2017;20:27:00;148;sem vítima;65,5;BR-101/RJ;Norte;Engavetamento;1;;;;;2;;;;;3;;;;
12/06/2017;00:39:00;6;sem vítima;211,069;BR-101/RJ;Norte;Choque - Defensa, barreira ou "submarino";1;;;;;;;;;;1;;;;
12/06/2017;01:02:00;10;sem vítima;11,3;BR-101/RJ;Norte;Choque - Elemento de Drenagem;1;;;;;;;;;;4;;;;
12/06/2017;07:53:00;47;sem vítima;122;BR-101/RJ;Norte;Colisão Lateral;1;;1;;;;;;;;5;;;;
12/06/2017;09:55:00;94;com vítima;236,5;BR-101/RJ;Norte;Colisão Transversal;2;;;;;;;;;;4;2;;;
12/06/2017;10:28:00;101;com vítima;318;BR-101/RJ;Sul;Colisão Traseira;2;;;;;;;;;;3;1;;;
12/06/2017;13:07:00;134;sem vítima;276,8;BR-101/RJ;Norte;Choque - Defensa, barreira ou "submarino";1;;;;;;;;;;1;;;;
12/06/2017;15:15:00;167;sem vítima;313,2;BR-101/RJ;Sul;Colisão Traseira;;;;;2;;;;;;2;;;;
12/06/2017;18:28:00;214;sem vítima;277,5;BR-101/RJ;Norte;Colisão Traseira;1;;1;;;;;;;;4;;;;
12/06/2017;22:45:00;244;sem vítima;296,073;BR-101/RJ;Norte;Choque - Defensa, barreira ou "submarino";1;;;;;;;;;;4;;;;
13/06/2017;06:14:00;40;com vítima;316;BR-101/RJ;Sul;Colisão Lateral;1;;;1;;;;;;;1;2;;;
13/06/2017;06:49:00;47;com vítima;312,961;BR-101/RJ;Sul;Colisão Lateral;1;;;1;;;;;;;2;1;;;
13/06/2017;07:08:00;56;com vítima;316,661;BR-101/RJ;Sul;Colisão Lateral;;;;1;;1;;;;;1;1;;;
13/06/2017;09:06:00;101;sem vítima;317,99;BR-101/RJ;Sul;Colisão Lateral;1;;1;;;;;;;;2;;;;
13/06/2017;09:47:00;109;com vítima;48,146;BR-101/RJ;Norte;Atropelamento - Morador;;;;;1;;;;;;2;1;;;
13/06/2017;11:39:00;141;sem vítima;297,73;BR-101/RJ;Norte;Colisão Lateral;1;;1;;;;;;;;2;;;;
13/06/2017;17:57:00;218;com vítima;52,8;BR-101/RJ;Sul;Atropelamento - Morador;;;;;;1;;;;;1;;1;;
13/06/2017;19:23:00;232;sem vítima;96,5;BR-101/RJ;Sul;Atropelamento de Animal;1;;;;;;;;;;1;;;;
13/06/2017;23:41:00;268;sem vítima;297,8;BR-101/RJ;Sul;Colisão Lateral;1;;;;1;;;;;;2;;;;
14/06/2017;00:11:00;2;sem vítima;261,495;BR-101/RJ;Norte;Choque - Defensa, barreira ou "submarino";;;1;;;;;;;;1;;;;
14/06/2017;04:39:00;15;com vítima;89,2;BR-101/RJ;Sul;Queda de Moto;;;;1;;;;;;;0;1;;;
14/06/2017;05:28:00;18;com vítima;125,95;BR-101/RJ;Norte;Tombamento;;;1;;;;;;;;0;;1;;
14/06/2017;06:26:00;25;sem vítima;305,746;BR-101/RJ;Sul;Choque - Defensa, barreira ou "submarino";1;;;;;;;;;;1;;;;
14/06/2017;08:24:00;66;com vítima;317,696;BR-101/RJ;Sul;Colisão Lateral;1;;;1;;;;;;;1;1;;;
14/06/2017;14:37:00;152;sem vítima;301,446;BR-101/RJ;Norte;Colisão Traseira;2;;;;;;;;;;3;;;;
14/06/2017;17:01:00;181;com vítima;318,688;BR-101/RJ;Norte;Colisão Lateral;1;;;1;;;;;;;1;1;;;
14/06/2017;18:25:00;189;com vítima;120,2;BR-101/RJ;Norte;Queda de Moto;;;;1;;;;;;;0;1;;;
14/06/2017;20:47:00;212;sem vítima;273,3;BR-101/RJ;Sul;Atropelamento de Animal;1;;;;;;;;;;1;;;;
14/06/2017;21:54:00;222;sem vítima;259,16;BR-101/RJ;Sul;Choque - Talude;1;;;;;;;;;;1;;;;
14/06/2017;22:15:00;225;sem vítima;243,699;BR-101/RJ;Sul;Colisão Traseira;1;;;;1;;;;;;2;;;;
15/06/2017;06:27:00;30;sem vítima;133,9;BR-101/RJ;Sul;Colisão Traseira;2;;1;;1;;;;;;50;;;;
15/06/2017;08:20:00;57;com vítima;280,6;BR-101/RJ;Norte;Colisão Traseira;1;;1;;;;;;;;4;2;;;
15/06/2017;10:13:00;92;sem vítima;226,8;BR-101/RJ;Sul;Colisão Traseira;1;;;;;1;;;;;2;;;;
15/06/2017;12:34:00;113;com vítima;37,4;BR-101/RJ;Sul;Colisão Traseira;2;;;;;;;;;;2;2;;;