data;horario;n_da_ocorrencia;tipo_de_ocorrencia;km;trecho;sentido;tipo_de_acidente;automovel;bicicleta;caminhao;moto;onibus;outros;tracao_animal;transporte_de_cargas_especiais;trator_maquinas;utilitarios;ilesos;levemente_feridos;moderadamente_feridos;gravemente_feridos;mortos
09/08/2017;06:09:00;19;sem vítima;289;BR-101/RJ;Sul;Outros;;;;;;;;;;1;1;;;;
09/08/2017;08:38:00;63;sem vítima;79,2;BR-101/RJ;Norte;Colisão Traseira;;;;2;;;;;;;2;;;;
09/08/2017;18:10:00;178;com vítima;62,152;BR-101/RJ;Sul;Atropelamento - Andarilho;;;;;;1;;;;;1;1;;;
09/08/2017;19:57:00;194;com vítima;269,3;BR-101/RJ;Norte;Atropelamento - Andarilho;;;1;;;;;;;;1;;;1;
09/08/2017;22:52:00;206;sem vítima;42,76;BR-101/RJ;Sul;Atropelamento de Animal;1;;;;;;;;;;1;;;;
09/08/2017;22:52:00;208;sem vítima;42,76;BR-101/RJ;Norte;Atropelamento de Animal;;;;;;;;;;1;9;;;;
09/08/2017;22:52:00;209;com vítima;42,76;BR-101/RJ;Sul;Atropelamento de Animal;1;;;;;;;;;;0;2;;;
10/08/2017;03:33:00;13;sem vítima;126,5;BR-101/RJ;Sul;Choque - Suporte de Sinalização;;;1;;;;;;;;1;;;;
10/08/2017;06:30:00;27;com vítima;307,1;BR-101/RJ;Sul;Tombamento;;;;1;;;;;;;0;1;;;
10/08/2017;06:39:00;30;sem vítima;311,4;BR-101/RJ;Sul;Colisão Lateral;1;;;1;;;;;;;2;;;;
10/08/2017;09:51:00;95;sem vítima;266,98;BR-101/RJ;Norte;Choque - Defensa, barreira ou "submarino";1;;;;;;;;;;1;;;;
10/08/2017;10:44:00;103;sem vítima;305,5;BR-101/RJ;Norte;Colisão Traseira;1;;;;;1;;;;;2;;;;
10/08/2017;12:12:00;119;sem vítima;114,7;BR-101/RJ;Sul;Choque - Defensa, barreira ou "submarino";1;;;;;;;;;;1;;;;
10/08/2017;14:03:00;139;com vítima;53,229;BR-101/RJ;Norte;Colisão Transversal;1;;;1;;1;;;;;3;2;;;
10/08/2017;15:20:00;159;sem vítima;319,07;BR-101/RJ;Sul;Engavetamento;2;;1;;;;;;;;6;;;;
10/08/2017;19:00:00;190;com vítima;296,835;BR-101/RJ;Norte;Colisão Lateral;1;;;;1;;;;;;1;2;;;
11/08/2017;07:53:00;58;sem vítima;218,3;BR-101/RJ;Norte;Colisão Lateral;1;;1;;;;;;;;3;;;;
11/08/2017;09:10:00;81;sem vítima;316;BR-101/RJ;Sul;Colisão Traseira;2;;;;;;;;;;3;;;;
11/08/2017;09:50:00;89;sem vítima;75,3;BR-101/RJ;Norte;Choque - Elemento de Drenagem;1;;;;;1;;;;;2;;;;
11/08/2017;11:00:00;101;sem vítima;262;BR-101/RJ;Norte;Choque - Defensa, barreira ou "submarino";1;;;;;;;;;;1;;;;
11/08/2017;11:53:00;110;sem vítima;206,5;BR-101/RJ;Norte;Colisão Lateral;1;;1;;;;;;;;2;;;;
11/08/2017;12:08:00;113;com vítima;261,8;BR-101/RJ;Norte;Choque - Defensa, barreira ou "submarino";;;;;;;;;;1;1;1;;;
11/08/2017;12:47:00;119;sem vítima;215,7;BR-101/RJ;Sul;Capotamento;1;;;;;;;;;;1;;;;
11/08/2017;12:52:00;121;com vítima;229,8;BR-101/RJ;Norte;Capotamento;1;;;;;;;;;;0;1;;;
11/08/2017;15:05:00;142;com vítima;269,1;BR-101/RJ;Norte;Choque - Outros;1;;;;;;;;;;0;1;;;
11/08/2017;18:23:00;177;sem vítima;65,45;BR-101/RJ;Sul;Colisão Lateral;;;1;;;1;;;;1;3;;;;
11/08/2017;19:10:00;187;sem vítima;319,321;BR-101/RJ;Norte;Colisão Traseira;2;;;;;;;;;;2;;;;
11/08/2017;20:49:00;201;sem vítima;33,01;BR-101/RJ;Norte;Objeto lançado contra veículo;1;;1;;;;;;;;5;;;;
11/08/2017;22:14:00;214;com vítima;316,064;BR-101/RJ;Norte;Colisão Lateral;;;;1;;1;;;;;1;;1;;
11/08/2017;23:15:00;223;com vítima;316,064;BR-101/RJ;Norte;Colisão Frontal;;1;;;;1;;;;;1;1;;;
12/08/2017;05:12:00;31;sem vítima;319,8;BR-101/RJ;Norte;Colisão Traseira;1;;;;;1;;;;;2;;;;
12/08/2017;08:04:00;53;sem vítima;311,554;BR-101/RJ;Sul;Choque - Defensa, barreira ou "submarino";1;;;;;;;;;;1;;;;
12/08/2017;13:58:00;124;sem vítima;67,1;BR-101/RJ;Sul;Colisão Traseira;2;;;;;;;;;;2;;;;
12/08/2017;15:41:00;147;com vítima;312,3;BR-101/RJ;Sul;Choque - Defensa, barreira ou "submarino";1;;;;;;;;;;0;1;;;
12/08/2017;18:08:00;173;com vítima;279,631;BR-101/RJ;Sul;Colisão Traseira;1;;;1;;;;;;;5;1;;;
13/08/2017;01:11:00;11;sem vítima;211,28;BR-101/RJ;Norte;Choque - Defensa, barreira ou "submarino";1;;;;;;;;;;1;;;;
13/08/2017;12:17:00;73;com vítima;309,905;BR-101/RJ;Sul;Colisão Lateral;2;;;;;;;;;;4;1;1;;
13/08/2017;12:31:00;76;sem vítima;308,86;BR-101/RJ;Sul;Colisão Traseira;2;;;;;;;;;;8;;;;
13/08/2017;16:35:00;108;com vítima;248,433;BR-101/RJ;Sul;Colisão Transversal;;;;1;;1;;;;;1;;;2;
13/08/2017;21:19:00;163;com vítima;66,436;BR-101/RJ;Norte;Tombamento;;;;1;;;;;;;0;1;;;
13/08/2017;22:01:00;173;sem vítima;82,609;BR-101/RJ;Sul;Choque - Defensa, barreira ou "submarino";1;;;;;;;;;;2;;;;
14/08/2017;00:33:00;8;com vítima;54,06;BR-101/RJ;Norte;Tombamento;;;;1;;;;;;;0;1;;;
14/08/2017;00:50:00;10;sem vítima;302,05;BR-101/RJ;Sul;Choque - Defensa, barreira ou "submarino";1;;;;;;;;;;1;;;;
14/08/2017;02:38:00;15;com vítima;297,912;BR-101/RJ;Sul;Choque - Defensa, barreira ou "submarino";;;;1;;;;;;;0;;2;;
14/08/2017;07:28:00;39;com vítima;243,47;BR-101/RJ;Norte;Colisão Frontal;1;;1;;;;;;;;1;5;;;
14/08/2017;10:25:00;92;sem vítima;315,65;BR-101/RJ;Sul;Colisão Traseira;1;;;1;;;;;;;3;;;;
14/08/2017;11:04:00;101;sem vítima;318;BR-101/RJ;Sul;Colisão Traseira;1;;;;1;;;;;;3;;;;
14/08/2017;11:17:00;106;sem vítima;303,56;BR-101/RJ;Norte;Colisão Traseira;2;;;;;;;;;;2;;;;
14/08/2017;11:27:00;108;com vítima;312,6;BR-101/RJ;Sul;Choque - Defensa, barreira ou "submarino";1;;;;;;;;;;0;2;1;;
14/08/2017;12:23:00;114;sem vítima;92,57;BR-101/RJ;Norte;Choque - Defensa, barreira ou "submarino";1;;;;;;;;;;1;;;;
14/08/2017;21:59:00;210;sem vítima;225,573;BR-101/RJ;Sul;Atropelamento de Animal;;;1;;;;;;;;1;;;;
15/08/2017;05:48:00;12;sem vítima;262,22;BR-101/RJ;Sul;Colisão Lateral;1;;;;;1;;;;;3;;;;
15/08/2017;06:34:00;17;sem vítima;262,33;BR-101/RJ;Sul;Choque - Defensa, barreira ou "submarino";1;;;;;;;;;;3;;;;
15/08/2017;09:04:00;78;sem vítima;124,3;BR-101/RJ;Norte;Colisão Lateral;;;2;;;;;;;;2;;;;
15/08/2017;09:38:00;87;com vítima;189,178;BR-101/RJ;Norte;Colisão Frontal;2;;;;;;;;;;0;3;3;;
15/08/2017;13:18:00;112;com vítima;246,6;BR-101/RJ;Sul;Tombamento;;;;1;;;;;;;1;1;;;
15/08/2017;15:10:00;129;sem vítima;262;BR-101/RJ;Norte;Choque - Defensa, barreira ou "submarino";1;;;;;;;;;;4;;;;
15/08/2017;16:50:00;138;sem vítima;297,8;BR-101/RJ;Norte;Colisão Traseira;1;;1;;;;;;;;4;;;;
15/08/2017;17:12:00;143;sem vítima;262,056;BR-101/RJ;Norte;Choque - Elemento de Drenagem;1;;;;;;;;;;2;;;;
15/08/2017;17:31:00;147;sem vítima;297,487;BR-101/RJ;Norte;Engavetamento;2;;;;1;;;;;;4;;;;
15/08/2017;18:41:00;162;com vítima;50,6;BR-101/RJ;Sul;Colisão Lateral;3;;;;;;;;;;0;3;2;;
15/08/2017;19:09:00;168;sem vítima;304,2;BR-101/RJ;Sul;Atropelamento de Animal;1;;;;;;;;;;1;;;;
16/08/2017;00:50:00;6;sem vítima;294,75;BR-101/RJ;Norte;Choque - Elemento de Drenagem;1;;;;;;;;;;1;;;;
16/08/2017;03:51:00;23;com vítima;313,027;BR-101/RJ;Norte;Tombamento;;;1;;;;;;;;0;;1;;
16/08/2017;08:54:00;73;sem vítima;293;BR-101/RJ;Norte;Colisão Traseira;1;;1;;;;;;;;4;;;;
16/08/2017;09:23:00;91;sem vítima;62,89;BR-101/RJ;Norte;Colisão Traseira;1;;;;;1;;;;;2;;;;
16/08/2017;10:11:00;107;sem vítima;154,98;BR-101/RJ;Sul;Choque - Defensa, barreira ou "submarino";;;;;;;;;;1;2;;;;
16/08/2017;12:24:00;140;sem vítima;246;BR-101/RJ;Sul;Colisão Lateral;1;;1;;;;;;;;5;;;;
16/08/2017;15:44:00;168;sem vítima;123;BR-101/RJ;Sul;Colisão Traseira;1;;1;;;;;;;;5;;;;
16/08/2017;16:09:00;171;sem vítima;307,868;BR-101/RJ;Norte;Colisão Lateral;;;2;;;;;;;;2;;;;
16/08/2017;22:51:00;229;sem vítima;262,1;BR-101/RJ;Norte;Choque - Elemento de Drenagem;1;;;;;;;;;;2;;;;
17/08/2017;00:36:00;5;sem vítima;296,98;BR-101/RJ;Norte;Capotamento;1;;;;;;;;;;4;;;;
17/08/2017;07:53:00;48;com vítima;299,273;BR-101/RJ;Sul;Atropelamento - Morador;1;;;;;;;;;;5;;1;;
17/08/2017;09:03:00;72;sem vítima;59,5;BR-101/RJ;Sul;Colisão Traseira;1;;1;;;;;;;;2;;;;
17/08/2017;09:46:00;89;com vítima;301,73;BR-101/RJ;Norte;Tombamento;;;;1;;;;;;;0;1;;;
17/08/2017;17:01:00;166;sem vítima;295,066;BR-101/RJ;Sul;Colisão Traseira;2;;;;;;;;;;2;;;;
17/08/2017;17:57:00;177;sem vítima;76,8;BR-101/RJ;Norte;Colisão Traseira;2;;;;;;;;;;3;;;;
18/08/2017;06:02:00;13;sem vítima;309,5;BR-101/RJ;Sul;Colisão Traseira;2;;;;;;;;;;3;;;;
18/08/2017;09:41:00;76;sem vítima;197,7;BR-101/RJ;Sul;Colisão Traseira;2;;;;;;;;;;4;;;;
18/08/2017;15:33:00;141;com vítima;57,756;BR-101/RJ;Norte;Tombamento;;;;1;;;;;;;0;2;;;
18/08/2017;16:04:00;152;com vítima;60,818;BR-101/RJ;Sul;Colisão Traseira;1;;1;;;;;;;;3;1;;;
18/08/2017;19:00:00;179;sem vítima;297,491;BR-101/RJ;Sul;Colisão Traseira;1;;;;;1;;;;;2;;;;
18/08/2017;21:28:00;194;sem vítima;139,98;BR-101/RJ;Sul;Choque - Talude;1;;;;;;;;;;1;;;;
18/08/2017;21:31:00;195;sem vítima;75,426;BR-101/RJ;Norte;Choque - Elemento de Drenagem;1;;;;;;;;;;1;;;;
18/08/2017;22:40:00;203;com vítima;72,685;BR-101/RJ;Norte;Colisão Frontal;1;;;1;;;;;;;3;;;1;
19/08/2017;02:20:00;19;com vítima;41,139;BR-101/RJ;Norte;Atropelamento - Andarilho;;;1;;;;;;;;1;;;;1
19/08/2017;08:45:00;47;sem vítima;123;BR-101/RJ;Norte;Colisão Traseira;2;;;;;;;;;;2;;;;
19/08/2017;11:06:00;75;sem vítima;144;BR-101/RJ;Norte;Colisão Lateral;1;;;;;1;;;;;2;;;;
19/08/2017;11:50:00;83;com vítima;62,6;BR-101/RJ;Sul;Colisão Transversal;1;;;1;;;;;;;2;;1;;
19/08/2017;17:26:00;134;sem vítima;58,249;BR-101/RJ;Norte;Colisão Transversal;1;;1;;;;;;;;4;;;;
19/08/2017;17:54:00;141;com vítima;64,396;BR-101/RJ;Norte;Colisão Traseira;1;;;1;;;;;;;1;;2;;
19/08/2017;20:21:00;156;sem vítima;311,289;BR-101/RJ;Norte;Colisão Lateral;2;;;;;;;;;;3;;;;
19/08/2017;23:10:00;174;sem vítima;272,46;BR-101/RJ;Sul;Choque - Suporte de Sinalização;;;;;;1;;;;;1;;;;
20/08/2017;02:20:00;7;com vítima;53,473;BR-101/RJ;Sul;Choque - Defensa, barreira ou "submarino";1;;;;;;;;;;0;;1;;
20/08/2017;05:42:00;17;com vítima;296,283;BR-101/RJ;Norte;Colisão Lateral;1;;;;;1;;;;;1;4;;;
20/08/2017;08:38:00;37;com vítima;297,5;BR-101/RJ;Sul;Colisão Frontal;;1;;1;;;;;;;0;1;1;;
20/08/2017;14:53:00;89;sem vítima;121,567;BR-101/RJ;Sul;Colisão Lateral;1;;1;;;;;;;;4;;;;
20/08/2017;20:17:00;142;sem vítima;314,452;BR-101/RJ;Sul;Choque - Defensa, barreira ou "submarino";1;;;;;;;;;;2;;;;
20/08/2017;22:01:00;161;sem vítima;266,99;BR-101/RJ;Norte;Choque - Poste;1;;;;;;;;;;1;;;;
20/08/2017;23:54:00;175;sem vítima;298,35;BR-101/RJ;Sul;Colisão Traseira;1;;;;;1;;;;;2;;;;
21/08/2017;05:43:00;25;com vítima;229,5;BR-101/RJ;Norte;Choque - Talude;1;;;;;;;;;;0;1;;;
21/08/2017;05:43:00;26;com vítima;229,5;BR-101/RJ;Norte;Choque - Veiculo parado na pista;1;;;1;;;;;;;0;1;;;1
21/08/2017;09:03:00;63;sem vítima;99,378;BR-101/RJ;Norte;Capotamento;1;;;;;;;;;;1;;;;
21/08/2017;13:10:00;110;com vítima;119,737;BR-101/RJ;Sul;Colisão Frontal;1;;1;;;;;;;;2;;;1;1
21/08/2017;13:39:00;115;sem vítima;262,8;BR-101/RJ;Norte;Choque - Elemento de Drenagem;1;;;;;;;;;;1;;;;
21/08/2017;17:57:00;163;com vítima;310,604;BR-101/RJ;Norte;Engavetamento;1;;1;;1;;;;;;4;1;;;
21/08/2017;18:00:00;164;com vítima;200,297;BR-101/RJ;Norte;Atropelamento de Animal;;;;;;;;;;1;0;2;;;
21/08/2017;18:39:00;166;sem vítima;319,062;BR-101/RJ;Norte;Engavetamento;2;;;;;1;;;;;3;;;;
22/08/2017;09:06:00;80;sem vítima;212,5;BR-101/RJ;Sul;Choque - Veiculo parado no acostamento;;;2;;;;;;;;2;;;;
22/08/2017;11:42:00;119;sem vítima;299,6;BR-101/RJ;Norte;Choque - Objeto sobre a pista;1;;;;;;;;;;1;;;;
22/08/2017;22:42:00;210;com vítima;148,15;BR-101/RJ;Norte;Choque - Defensa, barreira ou "submarino";;;1;;;;;;;;0;1;;;
23/08/2017;00:17:00;5;com vítima;309,23;BR-101/RJ;Norte;Atropelamento - Morador;;;1;;;;;;;;1;;;;1
23/08/2017;00:59:00;9;com vítima;51,387;BR-101/RJ;Sul;Colisão Frontal;2;;;;;;;;;;1;;1;;
23/08/2017;04:18:00;23;sem vítima;296;BR-101/RJ;Sul;Choque - Poste;1;;;;;;;;;;1;;;;
23/08/2017;04:24:00;25;sem vítima;318;BR-101/RJ;Sul;Capotamento;1;;;;;;;;;;1;;;;
23/08/2017;07:38:00;56;sem vítima;315,5;BR-101/RJ;Norte;Choque - Talude;2;;;;;;;;;;2;;;;
23/08/2017;09:33:00;101;com vítima;52,68;BR-101/RJ;Sul;Colisão Lateral;1;;1;;;1;;;;;2;;1;;
23/08/2017;13:02:00;129;sem vítima;8,4;BR-101/RJ;Sul;Atropelamento de Animal;;;;;;;;;;1;1;;;;
23/08/2017;13:55:00;141;sem vítima;87,52;BR-101/RJ;Norte;Choque - Elemento de Drenagem;1;;;;;;;;;;1;;;;
23/08/2017;18:25:00;180;sem vítima;314,3;BR-101/RJ;Norte;Choque - Defensa, barreira ou "submarino";1;;;;;;;;;;1;;;;
23/08/2017;19:09:00;187;sem vítima;319,2;BR-101/RJ;Sul;Colisão Traseira;1;;;;;1;;;;;2;;;;
24/08/2017;12:29:00;127;sem vítima;206,2;BR-101/RJ;Sul;Colisão Traseira;1;;1;;;;;;;;6;;;;
24/08/2017;15:28:00;164;com vítima;104,3;BR-101/RJ;Sul;Atropelamento - Morador;;;1;;;;;;;;2;;;;1
24/08/2017;15:38:00;167;sem vítima;321,9;BR-101/RJ;Sul;Engavetamento;3;;;;;;;;;;5;;;;
24/08/2017;20:08:00;204;com vítima;51,9;BR-101/RJ;Norte;Colisão Transversal;1;;;1;;;;;;;0;1;;2;
25/08/2017;06:35:00;34;sem vítima;67,43;BR-101/RJ;Norte;Colisão Traseira;1;;;;;1;;;;;2;;;;
25/08/2017;06:36:00;35;sem vítima;275,2;BR-101/RJ;Norte;Choque - Suporte de Sinalização;1;;;;;;;;;;1;;;;
25/08/2017;06:56:00;41;sem vítima;275,195;BR-101/RJ;Norte;Colisão Traseira;1;;1;;;;;;;;2;;;;
25/08/2017;09:03:00;94;com vítima;294,8;BR-101/RJ;Norte;Capotamento;1;;;;;;;;;;2;1;;;
25/08/2017;14:40:00;158;sem vítima;287,7;BR-101/RJ;Norte;Objeto lançado contra veículo;1;;;;;;;;;2;4;;;;
25/08/2017;18:16:00;205;sem vítima;67,382;BR-101/RJ;Norte;Engavetamento;2;;;;1;;;;;;4;;;;
25/08/2017;18:19:00;207;com vítima;48,478;BR-101/RJ;Sul;Tombamento;;;;1;;;;;;;0;;1;;
25/08/2017;19:08:00;213;sem vítima;61,313;BR-101/RJ;Sul;Colisão Lateral;2;;;;;;;;;;2;;;;
25/08/2017;19:25:00;217;sem vítima;165,5;BR-101/RJ;Norte;Colisão Lateral;;;2;;;;;;;;2;;;;
25/08/2017;20:21:00;229;com vítima;301,138;BR-101/RJ;Sul;Colisão Lateral;;;;1;;1;;;;;1;2;;;
25/08/2017;21:26:00;244;com vítima;312,903;BR-101/RJ;Norte;Colisão Lateral;2;;;1;;;;;;;7;1;;;
25/08/2017;22:33:00;251;sem vítima;284,5;BR-101/RJ;Norte;Atropelamento de Animal;1;;;;;;;;;;2;;;;
26/08/2017;00:44:00;8;com vítima;27,705;BR-101/RJ;Norte;Tombamento;;;;1;;;;;;;0;;1;;
26/08/2017;03:21:00;18;sem vítima;309,35;BR-101/RJ;Norte;Choque - Defensa, barreira ou "submarino";1;;;;;;;;;;2;;;;
26/08/2017;05:32:00;23;com vítima;311,821;BR-101/RJ;Norte;Colisão Traseira;1;;;;;1;;;;;2;1;;;
26/08/2017;11:39:00;76;com vítima;311,32;BR-101/RJ;Norte;Colisão Traseira;1;1;;;;;;;;;1;1;1;;
26/08/2017;16:58:00;137;com vítima;302,245;BR-101/RJ;Norte;Colisão Traseira;1;;;1;;;;;;;1;;1;;
26/08/2017;17:42:00;145;sem vítima;304,045;BR-101/RJ;Norte;Colisão Traseira;2;;;;;;;;;;2;;;;
26/08/2017;18:13:00;151;com vítima;67,2;BR-101/RJ;Sul;Tombamento;;;;1;;;;;;;0;2;;;
26/08/2017;19:08:00;159;com vítima;304,85;BR-101/RJ;Sul;Colisão Traseira;2;;;;;;;;;;3;1;;;
26/08/2017;22:03:00;178;com vítima;276,85;BR-101/RJ;Sul;Choque - Defensa, barreira ou "submarino";;2;;;;1;;;;;1;1;1;;
27/08/2017;01:56:00;13;com vítima;139,931;BR-101/RJ;Sul;Choque - Defensa, barreira ou "submarino";1;;;;;;;;;;0;1;;;
27/08/2017;02:53:00;17;sem vítima;51,629;BR-101/RJ;Sul;Capotamento;1;;;;;;;;;;1;;;;
27/08/2017;05:42:00;21;sem vítima;321;BR-101/RJ;Norte;Colisão Traseira;1;;;;;1;;;;;2;;;;
27/08/2017;06:31:00;24;sem vítima;319;BR-101/RJ;Sul;Colisão Lateral;1;;;;1;;;;;;3;;;;
27/08/2017;14:36:00;82;com vítima;196,835;BR-101/RJ;Sul;Colisão Lateral;1;;;1;;;;;;;2;1;;;
27/08/2017;19:55:00;148;sem vítima;61,205;BR-101/RJ;Sul;Colisão Traseira;1;;;;;1;;;;;2;;;;
27/08/2017;20:28:00;152;sem vítima;244,71;BR-101/RJ;Norte;Choque - Suporte de Sinalização;1;;;;;;;;;;3;;;;
28/08/2017;00:06:00;3;sem vítima;125,125;BR-101/RJ;Norte;Choque - Defensa, barreira ou "submarino";;;1;;;;;;;;1;;;;
28/08/2017;01:35:00;11;com vítima;308,871;BR-101/RJ;Norte;Colisão Frontal;1;;;1;;;;;;;1;2;;;
28/08/2017;04:45:00;18;sem vítima;215,6;BR-101/RJ;Sul;Atropelamento de Animal;1;;;;;;;;;;2;;;;
28/08/2017;05:18:00;19;com vítima;298,92;BR-101/RJ;Sul;Atropelamento - Morador;;;;;;1;;;;;1;;;1;
28/08/2017;05:44:00;20;sem vítima;161,66;BR-101/RJ;Norte;Choque - Defensa, barreira ou "submarino";1;;;;;;;;;;1;;;;
28/08/2017;06:30:00;24;com vítima;306,968;BR-101/RJ;Norte;Colisão Traseira;1;;;1;;;;;;;1;;1;;
28/08/2017;15:37:00;130;sem vítima;305,417;BR-101/RJ;Norte;Colisão Traseira;1;;;;;;;;;1;5;;;;
28/08/2017;15:51:00;134;sem vítima;305,3;BR-101/RJ;Norte;Engavetamento;2;;;;;;;;;1;5;;;;
28/08/2017;17:28:00;151;com vítima;305,517;BR-101/RJ;Norte;Choque - Defensa, barreira ou "submarino";1;;;;;;;;;;0;1;;;
28/08/2017;17:36:00;152;com vítima;281,12;BR-101/RJ;Sul;Choque - Defensa, barreira ou "submarino";1;;;;;;;;;;1;;1;;
29/08/2017;08:34:00;62;sem vítima;316,68;BR-101/RJ;Sul;Colisão Traseira;1;;;;;1;;;;;3;;;;
29/08/2017;09:09:00;71;sem vítima;263,5;BR-101/RJ;Sul;Colisão Lateral;1;;;;;1;;;;;2;;;;
29/08/2017;11:39:00;108;sem vítima;314,58;BR-101/RJ;Norte;Colisão Traseira;2;;;;;;;;;;3;;;;
29/08/2017;15:41:00;156;sem vítima;316,495;BR-101/RJ;Sul;Choque - Defensa, barreira ou "submarino";1;;;;;;;;;;2;;;;
29/08/2017;16:51:00;165;sem vítima;311,329;BR-101/RJ;Norte;Engavetamento;3;;;;;;;;;;4;;;;
29/08/2017;22:02:00;210;sem vítima;276,6;BR-101/RJ;Sul;Choque - Suporte de Sinalização;1;;;;;;;;;;1;;;;
30/08/2017;08:10:00;65;com vítima;52;BR-101/RJ;Norte;Colisão Lateral;;1;;;;;;;;1;8;1;;;
30/08/2017;09:50:00;98;sem vítima;319,5;BR-101/RJ;Sul;Colisão Traseira;2;;;;;;;;;;4;;;;
30/08/2017;10:42:00;117;com vítima;247,3;BR-101/RJ;Norte;Colisão Traseira;;;;1;;1;;;;;1;1;;;
30/08/2017;11:20:00;124;sem vítima;236,4;BR-101/RJ;Sul;Colisão Lateral;2;;;;;;;;;;3;;;;
31/08/2017;07:18:00;39;sem vítima;82,6;BR-101/RJ;Sul;Choque - Outros;1;;;;;;;;;;1;;;;
31/08/2017;07:18:00;42;sem vítima;82,6;BR-101/RJ;Sul;Colisão Traseira;2;;;;;;;;;;3;;;;
31/08/2017;15:22:00;161;sem vítima;262,089;BR-101/RJ;Norte;Choque - Elemento de Drenagem;1;;;;;;;;;;1;;;;
31/08/2017;15:35:00;166;sem vítima;228,727;BR-101/RJ;Sul;Choque - Defensa, barreira ou "submarino";1;;;;;;;;;;1;;;;
31/08/2017;16:31:00;180;sem vítima;301,093;BR-101/RJ;Norte;Choque - Defensa, barreira ou "submarino";1;;;;;;;;;;1;;;;
01/07/2017;06:56:00;31;sem vítima;313;BR-101/RJ;Sul;Colisão Lateral;;;;1;;2;;;;;3;;;;
01/07/2017;10:33:00;86;sem vítima;65,8;BR-101/RJ;Norte;Colisão Traseira;2;;;;;;;;;;2;;;;
01/07/2017;11:27:00;95;sem vítima;59,3;BR-101/RJ;Sul;Colisão Transversal;2;;;;;;;;;;2;;;;
01/07/2017;18:41:00;166;sem vítima;66,4;BR-101/RJ;Norte;Engavetamento;3;;;;;;;;;;7;;;;
01/07/2017;19:08:00;170;sem vítima;54,05;BR-101/RJ;Sul;Colisão Traseira;3;;;;;1;;;;;5;;;;
02/07/2017;00:11:00;5;com vítima;294,312;BR-101/RJ;Sul;Atropelamento de Animal;;;;1;;;;;;;1;1;;;
02/07/2017;04:53:00;19;com vítima;297,69;BR-101/RJ;Norte;Atropelamento - Sem Informação;;;;;;1;;;;;1;;1;;
02/07/2017;06:08:00;21;sem vítima;90,02;BR-101/RJ;Sul;Choque - Defensa, barreira ou "submarino";1;;;;;;;;;;1;;;;
02/07/2017;12:34:00;75;sem vítima;289,5;BR-101/RJ;Norte;Choque - Defensa, barreira ou "submarino";1;;;;;;;;;;1;;;;
02/07/2017;17:15:00;117;com vítima;217,3;BR-101/RJ;Sul;Choque - Talude;1;;;;;;;;;;0;4;;;
02/07/2017;19:45:00;139;sem vítima;262,38;BR-101/RJ;Norte;Choque - Defensa, barreira ou "submarino";1;;;;;;;;;;1;;;;
02/07/2017;20:54:00;148;com vítima;236,5;BR-101/RJ;Norte;Colisão Transversal;3;;;;;1;;;;;5;2;1;;
02/07/2017;21:11:00;154;com vítima;195,05;BR-101/RJ;Norte;Choque - Suporte de Sinalização;1;;;;;;;;;;0;3;;;
03/07/2017;01:05:00;7;sem vítima;85,05;BR-101/RJ;Norte;Choque - Defensa, barreira ou "submarino";1;;;;;;;;;;1;;;;
03/07/2017;01:57:00;9;com vítima;174,25;BR-101/RJ;Sul;Choque - Talude;1;;;;;;;;;;0;3;;;
03/07/2017;03:38:00;11;sem vítima;297,7;BR-101/RJ;Sul;Choque - Defensa, barreira ou "submarino";1;;;;;;;;;;1;;;;
03/07/2017;06:38:00;22;sem vítima;307,35;BR-101/RJ;Sul;Colisão Traseira;2;;;;;;;;;;2;;;;
03/07/2017;08:27:00;58;com vítima;261,6;BR-101/RJ;Sul;Choque - Elemento de Drenagem;1;;;;;;;;;;1;2;;;
03/07/2017;09:30:00;84;sem vítima;294,1;BR-101/RJ;Sul;Choque - Defensa, barreira ou "submarino";1;;;;;;;;;;4;;;;
03/07/2017;11:48:00;115;sem vítima;11,05;BR-101/RJ;Sul;Choque - Defensa, barreira ou "submarino";1;;;;;;;;;;1;;;;
03/07/2017;12:23:00;122;com vítima;74,14;BR-101/RJ;Norte;Queda de Moto;;;;1;;;;;;;0;1;;;
03/07/2017;13:09:00;127;com vítima;99,94;BR-101/RJ;Norte;Choque - Defensa, barreira ou "submarino";1;;;;;;;;;;2;1;;;
03/07/2017;13:16:00;128;sem vítima;294,5;BR-101/RJ;Sul;Colisão Traseira;1;;;;1;;;;;;2;;;;
03/07/2017;13:52:00;134;com vítima;297,8;BR-101/RJ;Norte;Colisão Lateral;;;;1;;1;;;;;1;;1;;
03/07/2017;18:49:00;182;sem vítima;257,1;BR-101/RJ;Norte;Atropelamento de Animal;1;;;;;;;;;;1;;;;
04/07/2017;05:28:00;16;sem vítima;297,7;BR-101/RJ;Sul;Choque - Elemento de Drenagem;1;;;;;;;;;;1;;;;