data;horario;n_da_ocorrencia;tipo_de_ocorrencia;km;trecho;sentido;tipo_de_acidente;automovel;bicicleta;caminhao;moto;onibus;outros;tracao_animal;transporte_de_cargas_especiais;trator_maquinas;utilitarios;ilesos;levemente_feridos;moderadamente_feridos;gravemente_feridos;mortos
27/07/2017;07:00:00;41;com vítima;268,9;BR-101/RJ;Norte;Choque - Elemento de Drenagem;1;;;;;;;;;;1;1;;;
27/07/2017;07:54:00;62;com vítima;65,842;BR-101/RJ;Sul;Colisão Lateral;;;1;1;;;;;;;1;1;;;
27/07/2017;11:53:00;133;sem vítima;282,6;BR-101/RJ;Norte;Colisão Traseira;2;;;;;;;;;;2;;;;
27/07/2017;15:49:00;174;com vítima;184,7;BR-101/RJ;Norte;Choque - Defensa, barreira ou "submarino";1;;;;;;;;;;3;1;;;
28/07/2017;10:25:00;104;sem vítima;220;BR-101/RJ;Sul;Colisão Traseira;1;;1;;;;;;;;6;;;;
28/07/2017;10:44:00;113;sem vítima;321,05;BR-101/RJ;Sul;Colisão Lateral;1;;;;1;;;;;;2;;;;
28/07/2017;16:01:00;175;sem vítima;296,5;BR-101/RJ;Norte;Engavetamento;1;;;;;3;;;;;4;;;;
28/07/2017;22:32:00;234;com vítima;317;BR-101/RJ;Norte;Colisão Traseira;;;;1;;1;;;;;2;1;;;
29/07/2017;00:00:00;1;sem vítima;115,322;BR-101/RJ;Norte;Capotamento;1;;;;;;;;;;2;;;;
29/07/2017;01:12:00;13;sem vítima;78,116;BR-101/RJ;Norte;Colisão Traseira;2;;;;;;;;;;8;;;;
29/07/2017;01:22:00;15;com vítima;47,015;BR-101/RJ;Norte;Colisão Transversal;2;;;;;;;;;;0;3;2;1;
29/07/2017;01:56:00;18;sem vítima;103,833;BR-101/RJ;Sul;Choque - Elemento de Drenagem;;;1;;;;;;;;1;;;;
29/07/2017;03:07:00;19;sem vítima;125,124;BR-101/RJ;Norte;Choque - Elemento de Drenagem;;;1;;;;;;;;2;;;;
29/07/2017;05:05:00;27;com vítima;303,95;BR-101/RJ;Sul;Colisão Traseira;;;2;;;;;;;;1;1;;;
29/07/2017;05:21:00;29;com vítima;147,3;BR-101/RJ;Norte;Capotamento;;;1;;;;;;;;0;;;1;
29/07/2017;06:35:00;37;sem vítima;79,15;BR-101/RJ;Norte;Engavetamento;2;;;;;1;;;;;5;;;;
29/07/2017;11:12:00;88;sem vítima;287;BR-101/RJ;Sul;Colisão Traseira;2;;;;;;;;;;6;;;;
29/07/2017;11:13:00;89;com vítima;293;BR-101/RJ;Sul;Colisão Traseira;1;;;1;;;;;;;2;1;;;
29/07/2017;13:45:00;115;sem vítima;292,8;BR-101/RJ;Sul;Colisão Traseira;2;;;;;;;;;;6;;;;
29/07/2017;18:43:00;165;com vítima;276,6;BR-101/RJ;Sul;Colisão Traseira;2;;;;;;;;;;3;1;;;
29/07/2017;20:23:00;181;com vítima;66,8;BR-101/RJ;Sul;Atropelamento - Morador;;;;;;1;;;;;1;;;1;
29/07/2017;21:06:00;188;sem vítima;313,5;BR-101/RJ;Sul;Colisão Lateral;2;;;;;1;;;;;4;;;;
29/07/2017;21:09:00;193;sem vítima;313,5;BR-101/RJ;Sul;Choque - Defensa, barreira ou "submarino";;;;;;;;;;1;2;;;;
29/07/2017;23:05:00;205;sem vítima;313,4;BR-101/RJ;Norte;Colisão Traseira;2;;;;;;;;;;4;;;;
30/07/2017;00:20:00;4;com vítima;200,3;BR-101/RJ;Norte;Colisão Lateral;1;;1;;;;;;;;1;1;;;
30/07/2017;05:27:00;22;sem vítima;93,9;BR-101/RJ;Norte;Choque - Outros;1;;;;;;;;;;1;;;;
30/07/2017;10:30:00;63;com vítima;18,5;BR-101/RJ;Norte;Colisão Transversal;1;;;1;;;;;;;1;;1;;
30/07/2017;10:49:00;64;sem vítima;68,6;BR-101/RJ;Sul;Colisão Traseira;2;;;;;;;;;;2;;;;
30/07/2017;12:21:00;76;com vítima;305,3;BR-101/RJ;Norte;Queda de Moto;;;;1;;;;;;;0;1;;;
30/07/2017;13:18:00;85;sem vítima;304,9;BR-101/RJ;Sul;Engavetamento;3;;;;;;;;;;7;;;;
30/07/2017;13:36:00;89;sem vítima;305,03;BR-101/RJ;Sul;Engavetamento;3;;;;;;;;;;8;;;;
30/07/2017;14:30:00;96;sem vítima;307,5;BR-101/RJ;Sul;Engavetamento;4;;;;;;;;;;6;;;;
30/07/2017;15:40:00;110;sem vítima;307;BR-101/RJ;Sul;Engavetamento;2;;;;;2;;;;;4;;;;
30/07/2017;19:09:00;152;com vítima;288,1;BR-101/RJ;Norte;Colisão Lateral;2;;;;1;;;;;;6;1;;;
30/07/2017;22:20:00;189;sem vítima;299,9;BR-101/RJ;Sul;Colisão Lateral;1;;1;;;;;;;;3;;;;
31/07/2017;03:14:00;19;sem vítima;311,403;BR-101/RJ;Norte;Colisão Traseira;1;;;;;;;;;;2;;;;
31/07/2017;05:06:00;25;com vítima;289,86;BR-101/RJ;Sul;Atropelamento - Morador;1;;;;;;;;;;1;;;;1
31/07/2017;05:21:00;28;sem vítima;289,9;BR-101/RJ;Sul;Choque - Suporte de Sinalização;1;;;;;;;;;;1;;;;
31/07/2017;06:24:00;39;sem vítima;149,3;BR-101/RJ;Sul;Colisão Lateral;1;;1;;;;;;;;3;;;;
31/07/2017;06:32:00;43;sem vítima;217,3;BR-101/RJ;Sul;Colisão Frontal;2;;;;;;;;;;4;;;;
31/07/2017;11:03:00;124;com vítima;317,9;BR-101/RJ;Sul;Choque - Defensa, barreira ou "submarino";1;;;;;;;;;;0;1;;;
31/07/2017;13:51:00;155;com vítima;298,45;BR-101/RJ;Sul;Colisão Traseira;2;;;;;;;;;;9;1;;;
01/09/2017;04:26:00;19;com vítima;297,498;BR-101/RJ;Norte;Choque - Defensa, barreira ou "submarino";1;;;;;;;;;;0;1;;;
01/09/2017;05:43:00;27;sem vítima;252,56;BR-101/RJ;Norte;Engavetamento;;;3;;;;;;;;3;;;;
01/09/2017;06:08:00;28;sem vítima;195;BR-101/RJ;Sul;Choque - Defensa, barreira ou "submarino";1;;;;;;;;;;2;;;;
01/09/2017;07:27:00;34;sem vítima;198,8;BR-101/RJ;Norte;Capotamento;1;;;;;;;;;;1;;;;
01/09/2017;08:14:00;49;sem vítima;261,568;BR-101/RJ;Norte;Choque - Defensa, barreira ou "submarino";1;;;;;;;;;;2;;;;
01/09/2017;09:07:00;68;sem vítima;192;BR-101/RJ;Sul;Colisão Traseira;2;;;;;;;;;;2;;;;
01/09/2017;10:46:00;90;com vítima;307,6;BR-101/RJ;Sul;Choque - Defensa, barreira ou "submarino";1;;;;;;;;;;0;;1;;
01/09/2017;19:14:00;174;sem vítima;67,57;BR-101/RJ;Sul;Colisão Traseira;2;;;;;;;;;;5;;;;
01/09/2017;19:42:00;180;com vítima;58,812;BR-101/RJ;Norte;Colisão Transversal;;;;1;1;;;;;;1;;;1;
01/09/2017;19:54:00;182;sem vítima;264,958;BR-101/RJ;Sul;Choque - Elemento de Drenagem;1;;;;;;;;;;4;;;;
01/09/2017;22:33:00;202;sem vítima;207,5;BR-101/RJ;Sul;Atropelamento de Animal;1;;;;;;;;;;1;;;;
02/09/2017;06:36:00;28;sem vítima;205,38;BR-101/RJ;Norte;Colisão Traseira;1;;1;;;;;;;;2;;;;
02/09/2017;06:57:00;29;sem vítima;297;BR-101/RJ;Sul;Colisão Lateral;1;;;;1;;;;;;5;;;;
02/09/2017;09:16:00;65;sem vítima;144,2;BR-101/RJ;Sul;Choque - Poste;1;;;;;;;;;;1;;;;
02/09/2017;10:00:00;74;com vítima;295,8;BR-101/RJ;Sul;Colisão Frontal;1;;;1;;;;;;;1;1;;;
02/09/2017;19:28:00;150;sem vítima;244,535;BR-101/RJ;Sul;Colisão Transversal;2;;;;;;;;;;3;;;;
02/09/2017;22:41:00;170;com vítima;319,136;BR-101/RJ;Norte;Colisão Traseira;1;;;1;;;;;;;3;;;;1
02/09/2017;23:57:00;178;com vítima;59,4;BR-101/RJ;Norte;Colisão Traseira;1;;;1;;;;;;;2;1;;;
03/09/2017;10:52:00;66;com vítima;88,2;BR-101/RJ;Norte;Colisão Lateral;1;;;1;;;;;;;2;1;;;
03/09/2017;15:32:00;105;sem vítima;262,2;BR-101/RJ;Sul;Choque - Defensa, barreira ou "submarino";1;;;;;;;;;;2;;;;
03/09/2017;16:44:00;120;com vítima;190,481;BR-101/RJ;Sul;Choque - Defensa, barreira ou "submarino";1;;;;;;;;;;0;1;;;
03/09/2017;18:35:00;141;com vítima;303,768;BR-101/RJ;Norte;Engavetamento;3;;;;;;;;;;5;2;;;
03/09/2017;22:01:00;169;sem vítima;246;BR-101/RJ;Sul;Choque - Defensa, barreira ou "submarino";1;;;;;;;;;;1;;;;
04/09/2017;00:42:00;8;com vítima;299,038;BR-101/RJ;Norte;Atropelamento - Morador;1;;;;;;;;;;2;;;;1
04/09/2017;04:58:00;18;sem vítima;66,437;BR-101/RJ;Norte;Choque - Outros;1;;;;;;;;;;1;;;;
04/09/2017;05:58:00;26;com vítima;284;BR-101/RJ;Sul;Colisão Traseira;;;;1;;1;;;;;1;1;;;
04/09/2017;06:28:00;32;com vítima;295;BR-101/RJ;Sul;Colisão Traseira;1;;;1;;;;;;;1;1;;;
04/09/2017;09:48:00;94;sem vítima;66,89;BR-101/RJ;Sul;Colisão Lateral;1;;1;;;;;;;;2;;;;
04/09/2017;10:38:00;103;com vítima;313,4;BR-101/RJ;Sul;Tombamento;;;;1;;;;;;;0;;1;;
04/09/2017;15:13:00;167;sem vítima;213,35;BR-101/RJ;Sul;Colisão Lateral;;;1;;;;;;;1;2;;;;
04/09/2017;18:17:00;195;sem vítima;316,217;BR-101/RJ;Norte;Colisão Traseira;2;;;;;;;;;;2;;;;
05/09/2017;00:02:00;1;com vítima;201,217;BR-101/RJ;Norte;Tombamento;;;1;;;;;;;;0;;;1;
05/09/2017;02:21:00;21;com vítima;277,18;BR-101/RJ;Sul;Colisão Traseira;1;;1;;;;;;;;1;1;;;
05/09/2017;02:54:00;24;sem vítima;140,25;BR-101/RJ;Norte;Atropelamento de Animal;;;1;;;;;;;;1;;;;
05/09/2017;07:05:00;54;sem vítima;309,9;BR-101/RJ;Sul;Colisão Traseira;1;;;;;;;;;1;3;;;;
05/09/2017;12:28:00;160;sem vítima;306,143;BR-101/RJ;Norte;Colisão Traseira;2;;;;;;;;;;3;;;;
05/09/2017;13:20:00;168;sem vítima;270,644;BR-101/RJ;Sul;Choque - Outros;1;;;;;;;;;;1;;;;
05/09/2017;15:12:00;191;sem vítima;218;BR-101/RJ;Sul;Colisão Lateral;1;;1;;;;;;;;3;;;;
05/09/2017;16:42:00;214;com vítima;318,65;BR-101/RJ;Norte;Tombamento;1;;;1;;;;;;;1;1;;;
05/09/2017;21:11:00;258;sem vítima;305,207;BR-101/RJ;Norte;Choque - Talude;1;;;;;;;;;;5;;;;
06/09/2017;03:36:00;12;sem vítima;156;BR-101/RJ;Norte;Choque - Outros;1;;;;;;;;;;1;;;;
06/09/2017;10:21:00;100;sem vítima;293,559;BR-101/RJ;Sul;Colisão Lateral;1;;1;;;;;;;;2;;;;
06/09/2017;10:31:00;102;com vítima;313,5;BR-101/RJ;Sul;Choque - Defensa, barreira ou "submarino";2;;;;;;;;;;1;1;;;
06/09/2017;12:56:00;144;sem vítima;295,8;BR-101/RJ;Norte;Engavetamento;2;;1;;;;;;;;5;;;;
06/09/2017;14:46:00;162;sem vítima;68,543;BR-101/RJ;Norte;Engavetamento;3;;;;;;;;;;6;;;;
06/09/2017;15:19:00;166;sem vítima;296,3;BR-101/RJ;Norte;Colisão Traseira;1;;1;;;;;;;;2;;;;
06/09/2017;16:18:00;178;com vítima;313,4;BR-101/RJ;Norte;Colisão Traseira;1;;;1;;;;;;;2;1;;;
06/09/2017;16:31:00;181;sem vítima;269,359;BR-101/RJ;Norte;Engavetamento;1;;;;;2;;;;;3;;;;
06/09/2017;18:16:00;205;sem vítima;319,6;BR-101/RJ;Norte;Colisão Traseira;1;;;;;1;;;;;3;;;;
07/09/2017;06:53:00;34;com vítima;318,248;BR-101/RJ;Sul;Tombamento;;;;1;;;;;;;0;1;;;
07/09/2017;07:37:00;40;sem vítima;282,025;BR-101/RJ;Norte;Engavetamento;3;;;;;;;;;;7;;;;
07/09/2017;10:08:00;80;com vítima;67,83;BR-101/RJ;Sul;Colisão Traseira;1;;;1;;;;;;;3;1;;;
07/09/2017;12:35:00;114;com vítima;302;BR-101/RJ;Norte;Colisão Lateral;1;;;1;;;;;;;3;1;;;
07/09/2017;13:41:00;131;sem vítima;280;BR-101/RJ;Norte;Colisão Lateral;1;;1;;;;;;;;3;;;;
07/09/2017;15:51:00;148;com vítima;297,872;BR-101/RJ;Norte;Tombamento;;;;1;;;;;;;0;1;;;
07/09/2017;17:27:00;164;com vítima;230,5;BR-101/RJ;Norte;Choque - Talude;1;;;;;;;;;;2;1;1;;
07/09/2017;19:05:00;177;sem vítima;294,45;BR-101/RJ;Norte;Engavetamento;2;;;;;;;;;;2;;;;
07/09/2017;19:12:00;180;sem vítima;124,9;BR-101/RJ;Norte;Choque - Defensa, barreira ou "submarino";1;;;;;;;;;;1;;;;
07/09/2017;19:15:00;181;com vítima;244,515;BR-101/RJ;Sul;Tombamento;;;;1;;;;;;;0;1;;;
07/09/2017;20:26:00;192;sem vítima;54,7;BR-101/RJ;Norte;Colisão Traseira;2;;;;;;;;;;4;;;;
07/09/2017;21:43:00;204;sem vítima;296,287;BR-101/RJ;Norte;Colisão Lateral;1;;;1;;;;;;;3;;;;
07/09/2017;23:27:00;212;com vítima;283,234;BR-101/RJ;Norte;Choque - Outros;;;;1;;;;;;;0;;1;;
08/09/2017;07:12:00;32;com vítima;306,03;BR-101/RJ;Norte;Colisão Traseira;1;;;;1;;;;;;1;1;;;
08/09/2017;10:00:00;60;com vítima;306,6;BR-101/RJ;Sul;Tombamento;;;1;;;;;;;;0;1;;;
08/09/2017;10:30:00;66;com vítima;305,33;BR-101/RJ;Sul;Capotamento;1;;;;;;;;;;0;1;1;;
08/09/2017;12:06:00;84;sem vítima;296,1;BR-101/RJ;Norte;Colisão Traseira;2;;;;;;;;;;2;;;;
08/09/2017;14:21:00;107;com vítima;294,903;BR-101/RJ;Norte;Engavetamento;3;;;;;;;;;;9;1;;;
08/09/2017;17:11:00;144;com vítima;284;BR-101/RJ;Norte;Tombamento;;;;1;;;;;;;0;1;;;
08/09/2017;17:12:00;145;com vítima;320,95;BR-101/RJ;Norte;Colisão Lateral;1;;;1;;;;;;;1;1;1;;
09/09/2017;06:30:00;26;com vítima;75,4;BR-101/RJ;Norte;Choque - Elemento de Drenagem;1;;;;;;;;;;2;1;;;
09/09/2017;07:48:00;42;com vítima;162,34;BR-101/RJ;Sul;Colisão Transversal;;;;1;;;;;;1;1;;;1;
09/09/2017;10:40:00;68;sem vítima;66,866;BR-101/RJ;Norte;Engavetamento;2;;;;;1;;;;;6;;;;
09/09/2017;10:55:00;73;sem vítima;305,388;BR-101/RJ;Sul;Engavetamento;4;;;;;;;;;;5;;;;
09/09/2017;18:11:00;156;com vítima;248,287;BR-101/RJ;Sul;Colisão Transversal;1;;;1;;;;;;;2;1;1;;
09/09/2017;19:44:00;177;com vítima;118,787;BR-101/RJ;Sul;Choque - Outros;;;;1;;;;;;;0;;;1;
10/09/2017;10:03:00;59;sem vítima;205,89;BR-101/RJ;Sul;Colisão Lateral;2;;;;;;;;;;2;;;;
10/09/2017;10:15:00;61;com vítima;319,193;BR-101/RJ;Sul;Engavetamento;3;;;;;;;;;;7;3;;;
10/09/2017;10:37:00;65;sem vítima;295,3;BR-101/RJ;Sul;Colisão Traseira;2;;;;;;;;;;2;;;;
10/09/2017;11:33:00;76;com vítima;301,88;BR-101/RJ;Norte;Atropelamento - Outros;;;;;;1;;;;;2;;1;;
10/09/2017;14:47:00;118;sem vítima;79,885;BR-101/RJ;Norte;Colisão Transversal;1;;;;;;;;;1;3;;;;
10/09/2017;15:07:00;124;sem vítima;269,4;BR-101/RJ;Sul;Colisão Traseira;2;;;;;;;;;;2;;;;
10/09/2017;17:23:00;161;com vítima;309,4;BR-101/RJ;Sul;Colisão Lateral;;;;1;;1;;;;;1;1;;;
10/09/2017;18:16:00;174;com vítima;47,995;BR-101/RJ;Norte;Colisão Lateral;;;;1;;1;;;;;1;;1;;
10/09/2017;18:24:00;179;sem vítima;58,196;BR-101/RJ;Sul;Colisão Traseira;1;;;;;1;;;;;2;;;;
10/09/2017;18:56:00;190;sem vítima;188,1;BR-101/RJ;Sul;Objeto lançado contra veículo;1;;1;;;;;;;;4;;;;
10/09/2017;19:20:00;198;com vítima;66,305;BR-101/RJ;Norte;Colisão Transversal;1;;;1;;;;;;;1;;1;;
10/09/2017;20:26:00;209;sem vítima;281,224;BR-101/RJ;Norte;Choque - Defensa, barreira ou "submarino";1;;;;;;;;;;1;;;;
11/09/2017;07:16:00;47;sem vítima;198,1;BR-101/RJ;Norte;Choque - Defensa, barreira ou "submarino";1;;;;;;;;;;4;;;;
11/09/2017;08:20:00;65;sem vítima;194,05;BR-101/RJ;Norte;Colisão Traseira;1;;1;;;;;;;;5;;;;
11/09/2017;12:11:00;142;sem vítima;283,2;BR-101/RJ;Sul;Choque - Defensa, barreira ou "submarino";1;;;;;;;;;;1;;;;
11/09/2017;18:41:00;234;sem vítima;312,234;BR-101/RJ;Norte;Colisão Traseira;2;;;;;;;;;;3;;;;
11/09/2017;19:44:00;243;sem vítima;318,95;BR-101/RJ;Norte;Colisão Lateral;1;;1;;;;;;;;2;;;;
11/09/2017;20:46:00;251;sem vítima;293,414;BR-101/RJ;Norte;Choque - Defensa, barreira ou "submarino";1;;;;;1;;;;;2;;;;
11/09/2017;21:05:00;252;sem vítima;43,6;BR-101/RJ;Sul;Atropelamento de Animal;1;;;;;;;;;;1;;;;
12/09/2017;07:35:00;52;com vítima;312,87;BR-101/RJ;Sul;Colisão Lateral;1;;;1;;;;;;;1;1;;;
12/09/2017;08:49:00;81;sem vítima;310,43;BR-101/RJ;Sul;Engavetamento;5;;;;;;;;;;7;;;;
12/09/2017;11:30:00;129;com vítima;319,06;BR-101/RJ;Norte;Tombamento;;;;1;;1;;;;;1;1;;;
12/09/2017;15:53:00;177;sem vítima;92,519;BR-101/RJ;Norte;Choque - Defensa, barreira ou "submarino";1;;;;;;;;;;1;;;;
12/09/2017;22:54:00;248;sem vítima;261;BR-101/RJ;Norte;Colisão Traseira;1;;1;;;;;;;;2;;;;
13/09/2017;06:27:00;30;sem vítima;315,4;BR-101/RJ;Sul;Engavetamento;3;;;;;;;;;;4;;;;
13/09/2017;07:16:00;41;sem vítima;297,688;BR-101/RJ;Sul;Colisão Traseira;2;;;;;;;;;;2;;;;
13/09/2017;07:45:00;54;sem vítima;312,035;BR-101/RJ;Sul;Engavetamento;3;;;;;;;;;;3;;;;
13/09/2017;11:42:00;116;sem vítima;123;BR-101/RJ;Sul;Choque - Outros;;;1;;;;;;;;1;;;;
13/09/2017;16:42:00;174;com vítima;312,528;BR-101/RJ;Norte;Choque - Defensa, barreira ou "submarino";;;;;;;;;;1;0;;2;;
13/09/2017;19:01:00;214;com vítima;319,242;BR-101/RJ;Sul;Tombamento;;;;1;;;;;;;0;2;;;
13/09/2017;16:51:00;234;com vítima;312,528;BR-101/RJ;Norte;Colisão Traseira;1;;;1;;;;;;;1;;1;;
13/09/2017;16:51:00;235;com vítima;312,528;BR-101/RJ;Norte;Colisão Traseira;1;;;1;;;;;;;1;1;;;
14/09/2017;00:46:00;7;com vítima;53,845;BR-101/RJ;Norte;Colisão Lateral;;;;1;;1;;;;;1;;2;;
14/09/2017;05:18:00;26;sem vítima;319,05;BR-101/RJ;Norte;Atropelamento de Animal;1;;;;;;;;;;1;;;;
14/09/2017;05:48:00;29;sem vítima;277,788;BR-101/RJ;Sul;Choque - Arvore;1;;;;;;;;;;1;;;;
14/09/2017;06:44:00;39;com vítima;316,2;BR-101/RJ;Sul;Colisão Traseira;1;;;1;;;;;;;1;1;;;
14/09/2017;07:29:00;58;com vítima;311,9;BR-101/RJ;Sul;Colisão Lateral;1;;1;1;;1;;;;;3;1;;;
14/09/2017;07:53:00;71;com vítima;308,6;BR-101/RJ;Sul;Engavetamento;2;;;;;;;;;1;5;;1;;
14/09/2017;12:32:00;147;sem vítima;155,927;BR-101/RJ;Norte;Colisão Traseira;1;;1;;;;;;;;3;;;;
14/09/2017;12:58:00;149;sem vítima;319,294;BR-101/RJ;Sul;Choque - Veiculo parado no acostamento;1;;1;;;;;;;;2;;;;
14/09/2017;16:23:00;185;com vítima;63,7;BR-101/RJ;Sul;Colisão Transversal;1;;;1;;;;;;;1;;1;;
15/09/2017;00:34:00;6;sem vítima;247,39;BR-101/RJ;Norte;Choque - Defensa, barreira ou "submarino";1;;;;;;;;;;1;;;;
15/09/2017;06:07:00;24;sem vítima;207,2;BR-101/RJ;Norte;Colisão Traseira;1;;;;;1;;;;;2;;;;
15/09/2017;06:32:00;29;sem vítima;299,8;BR-101/RJ;Sul;Colisão Traseira;2;;;;;;;;;;2;;;;
15/09/2017;07:11:00;42;com vítima;317,325;BR-101/RJ;Sul;Colisão Lateral;1;;;1;;;;;;;1;1;;;
15/09/2017;07:18:00;46;sem vítima;316,3;BR-101/RJ;Sul;Colisão Traseira;1;;;1;;1;;;;;3;;;;
15/09/2017;08:33:00;78;sem vítima;286;BR-101/RJ;Norte;Colisão Traseira;2;;1;;;;;;;;7;;;;
15/09/2017;08:56:00;83;sem vítima;117,27;BR-101/RJ;Sul;Colisão Lateral;1;;1;;;;;;;;6;;;;
15/09/2017;13:49:00;136;com vítima;236,672;BR-101/RJ;Sul;Colisão Transversal;2;;;;;;;;;;2;1;;;
15/09/2017;15:43:00;160;sem vítima;213,4;BR-101/RJ;Sul;Choque - Suporte de Sinalização;1;;;;;;;;;;1;;;;
15/09/2017;17:37:00;187;sem vítima;79;BR-101/RJ;Sul;Engavetamento;2;;1;;;;;;;;5;;;;
15/09/2017;18:40:00;203;sem vítima;321,8;BR-101/RJ;Sul;Engavetamento;4;;;;;;;;;;9;;;;
15/09/2017;20:44:00;230;com vítima;215,813;BR-101/RJ;Sul;Choque - Defensa, barreira ou "submarino";;;;;;;;;;1;0;1;1;;
16/09/2017;01:14:00;7;sem vítima;283;BR-101/RJ;Sul;Choque - Defensa, barreira ou "submarino";1;;;;;;;;;;1;;;;
16/09/2017;05:52:00;32;com vítima;285,42;BR-101/RJ;Sul;Colisão Transversal;1;;1;;;;;;;;1;1;;;
16/09/2017;05:54:00;33;sem vítima;192,8;BR-101/RJ;Sul;Choque - Defensa, barreira ou "submarino";1;;;;;;;;;;1;;;;
16/09/2017;06:59:00;37;com vítima;302,85;BR-101/RJ;Norte;Tombamento;;;;;;1;;;;;1;1;;;
16/09/2017;13:36:00;112;sem vítima;263,5;BR-101/RJ;Norte;Choque - Defensa, barreira ou "submarino";1;;;;;;;;;;1;;;;
16/09/2017;17:06:00;160;sem vítima;63,29;BR-101/RJ;Norte;Colisão Lateral;1;;1;;;;;;;;2;;;;
16/09/2017;17:09:00;161;com vítima;202,076;BR-101/RJ;Sul;Choque - Defensa, barreira ou "submarino";1;;;;;;;;;;0;1;;;
17/09/2017;01:43:00;11;com vítima;313,2;BR-101/RJ;Norte;Choque - Elemento de Drenagem;;;;1;;;;;;;0;1;;;
17/09/2017;01:53:00;13;sem vítima;66,873;BR-101/RJ;Norte;Colisão Traseira;2;;;;;;;;;;2;;;;
17/09/2017;04:28:00;19;sem vítima;299,7;BR-101/RJ;Sul;Choque - Cancela de Pedagio;1;;;;;;;;;;1;;;;
17/09/2017;05:21:00;22;sem vítima;305,995;BR-101/RJ;Norte;Choque - Defensa, barreira ou "submarino";1;;;;;;;;;;1;;;;
17/09/2017;07:19:00;31;sem vítima;295,5;BR-101/RJ;Norte;Colisão Traseira;2;;;;;;;;;;3;;;;
17/09/2017;11:30:00;61;com vítima;76,83;BR-101/RJ;Norte;Colisão Lateral;1;;;1;;;;;;;6;;1;;
17/09/2017;14:20:00;91;sem vítima;195,405;BR-101/RJ;Norte;Colisão Lateral;1;;;;1;;;;;;4;;;;
17/09/2017;14:22:00;93;com vítima;66,409;BR-101/RJ;Norte;Objeto lançado contra veículo;1;;1;;;;;;;;4;1;;;
17/09/2017;14:28:00;96;sem vítima;79,669;BR-101/RJ;Sul;Colisão Traseira;2;;;;;;;;;;2;;;;
17/09/2017;16:57:00;128;com vítima;294,905;BR-101/RJ;Sul;Engavetamento;3;;;;;;;;;;6;1;;;
17/09/2017;19:25:00;150;com vítima;312,96;BR-101/RJ;Sul;Engavetamento;3;;;;;;;;;;5;1;;;
17/09/2017;19:43:00;157;sem vítima;304,675;BR-101/RJ;Norte;Capotamento;1;;;;;;;;;;1;;;;
17/09/2017;20:04:00;158;sem vítima;239,797;BR-101/RJ;Norte;Choque - Objeto sobre a pista;1;;;;;;;;;;1;;;;
17/09/2017;20:07:00;159;sem vítima;239,797;BR-101/RJ;Norte;Choque - Objeto sobre a pista;1;;;;;;;;;;5;;;;
17/09/2017;20:09:00;160;com vítima;312,298;BR-101/RJ;Sul;Tombamento;;;;1;;;;;;;0;1;;;
17/09/2017;20:04:00;184;sem vítima;239,797;BR-101/RJ;Sul;Choque - Defensa, barreira ou "submarino";;;1;;;;;;;;1;;;;
18/09/2017;06:54:00;45;com vítima;215,88;BR-101/RJ;Norte;Tombamento;;;;;;;;;;1;0;1;;;
18/09/2017;07:59:00;62;com vítima;313,46;BR-101/RJ;Sul;Colisão Lateral;1;;;1;;;;;;;1;1;;;
18/09/2017;08:52:00;79;com vítima;61,05;BR-101/RJ;Sul;Colisão Transversal;1;;;;;;;;;1;5;1;;;
18/09/2017;10:20:00;111;com vítima;56,95;BR-101/RJ;Norte;Choque - Defensa, barreira ou "submarino";;;;1;;;;;;;0;2;;;
18/09/2017;14:05:00;154;com vítima;319,4;BR-101/RJ;Norte;Tombamento;;;;1;;;;;;;0;1;;;
18/09/2017;16:05:00;183;com vítima;162,3;BR-101/RJ;Norte;Colisão Lateral;2;;;;;;;;;;6;1;;;
18/09/2017;22:18:00;243;sem vítima;271,407;BR-101/RJ;Sul;Atropelamento de Animal;1;;;;;;;;;;1;;;;
18/09/2017;22:38:00;249;sem vítima;271,407;BR-101/RJ;Sul;Atropelamento de Animal;;;1;;;;;;;;1;;;;
19/09/2017;02:53:00;16;com vítima;43,75;BR-101/RJ;Sul;Atropelamento - Sem Informação;;;;;;1;;;;;1;;;;1
19/09/2017;08:04:00;65;sem vítima;318,333;BR-101/RJ;Sul;Engavetamento;3;;;;;;;;;;3;;;;
19/09/2017;13:11:00;137;sem vítima;312,6;BR-101/RJ;Norte;Colisão Traseira;2;;;;;;;;;;2;;;;
19/09/2017;16:23:00;179;sem vítima;224,3;BR-101/RJ;Norte;Choque - Defensa, barreira ou "submarino";1;;;;;;;;;;1;;;;
19/09/2017;19:07:00;214;sem vítima;318,759;BR-101/RJ;Norte;Colisão Lateral;1;;1;;;;;;;;2;;;;
19/09/2017;23:57:00;249;sem vítima;315,923;BR-101/RJ;Norte;Choque - Defensa, barreira ou "submarino";1;;;;;;;;;;1;;;;
20/09/2017;07:57:00;50;sem vítima;316,5;BR-101/RJ;Sul;Colisão Traseira;2;;;;;;;;;;7;;;;
20/09/2017;08:00:00;53;sem vítima;283,2;BR-101/RJ;Norte;Colisão Lateral;1;;1;;;;;;;;2;;;;