data;horario;n_da_ocorrencia;tipo_de_ocorrencia;km;trecho;sentido;tipo_de_acidente;automovel;bicicleta;caminhao;moto;onibus;outros;tracao_animal;transporte_de_cargas_especiais;trator_maquinas;utilitarios;ilesos;levemente_feridos;moderadamente_feridos;gravemente_feridos;mortos
20/09/2017;09:26:00;87;sem vítima;319,531;BR-101/RJ;Sul;Engavetamento;5;;;;;;;;;;8;;;;
20/09/2017;10:34:00;108;sem vítima;243,68;BR-101/RJ;Sul;Colisão Lateral;2;;;;;;;;;;3;;;;
20/09/2017;16:02:00;176;sem vítima;244,3;BR-101/RJ;Sul;Tombamento;;;;1;;;;;;;1;;;;
20/09/2017;18:31:00;203;sem vítima;82,821;BR-101/RJ;Sul;Colisão Transversal;1;;;;1;;;;;;2;;;;
21/09/2017;05:18:00;22;sem vítima;95,263;BR-101/RJ;Sul;Choque - Talude;1;;;;;;;;;;2;;;;
21/09/2017;07:34:00;47;sem vítima;314,83;BR-101/RJ;Sul;Colisão Traseira;1;;;1;;;;;;;3;;;;
21/09/2017;11:05:00;117;sem vítima;210,3;BR-101/RJ;Norte;Colisão Traseira;1;;1;;;;;;;;2;;;;
21/09/2017;15:13:00;163;sem vítima;319,37;BR-101/RJ;Sul;Colisão Traseira;2;;;;;;;;;;3;;;;
21/09/2017;17:57:00;195;sem vítima;236,606;BR-101/RJ;Norte;Colisão Transversal;1;;;;;;;;;1;3;;;;
21/09/2017;19:22:00;210;sem vítima;256,653;BR-101/RJ;Sul;Capotamento;1;;;;;;;;;;1;;;;
22/09/2017;07:31:00;37;sem vítima;276,495;BR-101/RJ;Sul;Colisão Transversal;;;;;;;;;;2;16;;;;
22/09/2017;10:28:00;98;sem vítima;315,761;BR-101/RJ;Sul;Colisão Traseira;2;;;;;;;;;;4;;;;
22/09/2017;12:31:00;125;com vítima;254,872;BR-101/RJ;Sul;Choque - Defensa, barreira ou "submarino";1;;;;;;;;;;0;1;;;
22/09/2017;12:46:00;129;sem vítima;225,669;BR-101/RJ;Sul;Choque - Outros;1;;;;;;;;;;1;;;;
22/09/2017;15:17:00;158;sem vítima;145,98;BR-101/RJ;Sul;Choque - Defensa, barreira ou "submarino";;;;;;;;;;1;1;;;;
22/09/2017;17:23:00;182;sem vítima;276,8;BR-101/RJ;Norte;Colisão Traseira;;;1;;;1;;;;;2;;;;
22/09/2017;18:08:00;195;sem vítima;267,9;BR-101/RJ;Sul;Engavetamento;3;;;;;;;;;;4;;;;
22/09/2017;18:43:00;200;sem vítima;158,49;BR-101/RJ;Norte;Choque - Objeto sobre a pista;1;;;;;1;;;;;2;;;;
22/09/2017;20:46:00;222;com vítima;304,306;BR-101/RJ;Sul;Colisão Traseira;2;;;;;;;;;;1;;2;;
22/09/2017;21:24:00;226;sem vítima;296,978;BR-101/RJ;Sul;Colisão Lateral;1;;1;;;;;;;;5;;;;
23/09/2017;03:33:00;27;sem vítima;313,06;BR-101/RJ;Norte;Choque - Outros;1;;;;;;;;;;1;;;;
23/09/2017;05:55:00;39;sem vítima;295,271;BR-101/RJ;Sul;Colisão Lateral;;;1;;;;;;;1;4;;;;
23/09/2017;08:23:00;68;com vítima;243,253;BR-101/RJ;Sul;Engavetamento;3;;;;;;;;;;8;1;;;
23/09/2017;09:25:00;78;sem vítima;311,24;BR-101/RJ;Norte;Engavetamento;3;;;;;;;;;;5;;;;
23/09/2017;09:37:00;80;sem vítima;256,7;BR-101/RJ;Sul;Colisão Lateral;1;;1;;;;;;;;2;;;;
23/09/2017;11:15:00;98;com vítima;296,037;BR-101/RJ;Norte;Engavetamento;4;;;1;;;;;;;7;;1;;
23/09/2017;16:07:00;155;com vítima;66;BR-101/RJ;Sul;Tombamento;;;;1;;;;;;;0;1;;;
23/09/2017;20:46:00;190;com vítima;118,129;BR-101/RJ;Sul;Tombamento;;;;1;;;;;;;0;1;;;
24/09/2017;01:08:00;11;sem vítima;252,56;BR-101/RJ;Sul;Choque - Cancela de Pedagio;;;1;;;;;;;;1;;;;
24/09/2017;01:32:00;16;sem vítima;296,18;BR-101/RJ;Norte;Choque - Defensa, barreira ou "submarino";1;;;;;;;;;;1;;;;
24/09/2017;06:04:00;37;com vítima;317,83;BR-101/RJ;Norte;Colisão Traseira;1;;1;;;;;;;;4;2;;;
24/09/2017;06:47:00;42;sem vítima;123;BR-101/RJ;Norte;Choque - Defensa, barreira ou "submarino";;;1;;;;;;;;1;;;;
24/09/2017;15:33:00;141;com vítima;287,5;BR-101/RJ;Sul;Choque - Defensa, barreira ou "submarino";1;;;;;;;;;;1;1;;;
24/09/2017;18:13:00;171;sem vítima;275,45;BR-101/RJ;Norte;Choque - Defensa, barreira ou "submarino";1;;;;;;;;;;1;;;;
24/09/2017;18:58:00;181;sem vítima;311,2;BR-101/RJ;Norte;Colisão Traseira;1;;;;;;;;;1;2;;;;
24/09/2017;19:33:00;189;com vítima;264,8;BR-101/RJ;Norte;Atropelamento de Animal;1;;;;;;;;;;0;1;;;
24/09/2017;20:25:00;199;sem vítima;166,632;BR-101/RJ;Norte;Atropelamento de Animal;1;;;;;;;;;;2;;;;
24/09/2017;20:58:00;202;sem vítima;304,086;BR-101/RJ;Sul;Engavetamento;4;;;;;;;;;;7;;;;
25/09/2017;06:26:00;17;sem vítima;282,8;BR-101/RJ;Sul;Choque - Defensa, barreira ou "submarino";1;;;;;;;;;;1;;;;
25/09/2017;06:28:00;19;com vítima;309,8;BR-101/RJ;Sul;Colisão Traseira;1;;;1;;;;;;;1;2;;;
25/09/2017;07:28:00;34;com vítima;42,75;BR-101/RJ;Sul;Tombamento;;;;1;;;;;;;0;2;;;
25/09/2017;09:44:00;67;sem vítima;192,2;BR-101/RJ;Sul;Choque - Defensa, barreira ou "submarino";1;;;;;;;;;;2;;;;
25/09/2017;11:12:00;89;sem vítima;190,405;BR-101/RJ;Sul;Choque - Defensa, barreira ou "submarino";1;;;;;;;;;;1;;;;
25/09/2017;11:00:00;96;sem vítima;310,7;BR-101/RJ;Norte;Colisão Traseira;1;;;;;1;;;;;2;;;;
25/09/2017;12:57:00;116;sem vítima;311,035;BR-101/RJ;Norte;Engavetamento;3;;2;;;;;;;;7;;;;
25/09/2017;14:28:00;130;com vítima;252,251;BR-101/RJ;Norte;Colisão Traseira;1;;1;;;;;;;;1;2;;;
25/09/2017;15:28:00;146;sem vítima;295,568;BR-101/RJ;Norte;Engavetamento;3;;;;;;;;;;3;;;;
25/09/2017;19:41:00;188;com vítima;243,444;BR-101/RJ;Sul;Colisão Traseira;1;;;1;;;;;;;1;2;;;
26/09/2017;00:16:00;5;com vítima;187,068;BR-101/RJ;Norte;Colisão Frontal;;;1;;;;;;;1;1;;1;;1
26/09/2017;00:37:00;7;sem vítima;316,545;BR-101/RJ;Norte;Choque - Outros;1;;;;;;;;;;1;;;;
26/09/2017;06:13:00;29;sem vítima;75;BR-101/RJ;Norte;Colisão Lateral;2;;;;;;;;;;2;;;;
26/09/2017;06:42:00;35;sem vítima;311,6;BR-101/RJ;Sul;Colisão Traseira;4;;;;;;;;;;4;;;;
26/09/2017;10:04:00;71;sem vítima;320,3;BR-101/RJ;Sul;Engavetamento;1;;1;;1;;;;;;4;;;;
26/09/2017;18:31:00;189;com vítima;55,739;BR-101/RJ;Norte;Colisão Transversal;;;1;1;;;;;;;1;1;;;
26/09/2017;20:33:00;207;sem vítima;318,6;BR-101/RJ;Norte;Choque - Elemento de Drenagem;1;;;;;;;;;;1;;;;
26/09/2017;21:43:00;217;sem vítima;312,9;BR-101/RJ;Norte;Choque - Elemento de Drenagem;1;;;;;;;;;;1;;;;
27/09/2017;03:25:00;16;sem vítima;310,5;BR-101/RJ;Norte;Atropelamento de Animal;1;;;;;;;;;;1;;;;
27/09/2017;12:17:00;122;sem vítima;313;BR-101/RJ;Sul;Colisão Traseira;1;;;1;;;;;;;2;;;;
28/09/2017;01:30:00;7;com vítima;270,2;BR-101/RJ;Sul;Choque - Outros;1;;;;;;;;;;0;1;;;
28/09/2017;08:12:00;50;com vítima;311,3;BR-101/RJ;Sul;Tombamento;;;;1;;;;;;;0;1;;;
28/09/2017;08:43:00;71;com vítima;316,57;BR-101/RJ;Norte;Capotamento;1;;;;;;;;;;0;1;;;
28/09/2017;15:54:00;171;com vítima;144,407;BR-101/RJ;Sul;Tombamento;;;;1;;;;;;;0;;1;;
29/09/2017;07:16:00;44;com vítima;314,82;BR-101/RJ;Sul;Colisão Traseira;1;;;;;1;;;;;1;1;;;
29/09/2017;07:32:00;53;com vítima;298,4;BR-101/RJ;Norte;Colisão Lateral;1;;;1;;;;;;;1;1;;;
29/09/2017;09:50:00;109;com vítima;74,509;BR-101/RJ;Sul;Colisão Traseira;;;1;;;;1;;;;1;3;;;
29/09/2017;18:27:00;202;sem vítima;309,34;BR-101/RJ;Norte;Colisão Lateral;1;;;;1;;;;;;3;;;;
29/09/2017;18:47:00;204;sem vítima;243,607;BR-101/RJ;Sul;Colisão Transversal;2;;;;;;;;;;3;;;;
29/09/2017;21:20:00;229;sem vítima;316,5;BR-101/RJ;Norte;Colisão Traseira;2;;;;;;;;;;5;;;;
30/09/2017;00:29:00;6;com vítima;250,35;BR-101/RJ;Sul;Colisão Traseira;1;;;1;;;;;;;1;1;;1;
30/09/2017;01:51:00;14;com vítima;60,439;BR-101/RJ;Norte;Colisão Transversal;1;;;1;;;;;;;0;1;2;;
30/09/2017;08:54:00;62;sem vítima;297,591;BR-101/RJ;Sul;Choque - Defensa, barreira ou "submarino";1;;;;;;;;;;2;;;;
30/09/2017;10:25:00;87;sem vítima;297,05;BR-101/RJ;Sul;Colisão Traseira;2;;;;;;;;;;3;;;;
30/09/2017;11:10:00;99;com vítima;296,423;BR-101/RJ;Sul;Colisão Traseira;;1;;;;;;;;1;2;1;;;
30/09/2017;12:53:00;117;sem vítima;262,076;BR-101/RJ;Norte;Choque - Defensa, barreira ou "submarino";1;;;;;;;;;;1;;;;
30/09/2017;13:06:00;120;sem vítima;290,989;BR-101/RJ;Sul;Choque - Defensa, barreira ou "submarino";1;;;;;;;;;;1;;;;
30/09/2017;13:43:00;127;com vítima;262,195;BR-101/RJ;Norte;Choque - Defensa, barreira ou "submarino";;;;1;;;;;;;0;1;;;
30/09/2017;14:40:00;136;sem vítima;262,358;BR-101/RJ;Norte;Choque - Defensa, barreira ou "submarino";1;;;;;;;;;;2;;;;
30/09/2017;15:04:00;139;sem vítima;262,46;BR-101/RJ;Norte;Colisão Traseira;1;;1;;;;;;;1;5;;;;
30/09/2017;15:21:00;143;sem vítima;262,462;BR-101/RJ;Norte;Engavetamento;2;;;;;;;;;1;3;;;;
30/09/2017;15:33:00;146;sem vítima;297,35;BR-101/RJ;Norte;Colisão Lateral;1;;;;1;1;;;;;3;;;;
30/09/2017;15:34:00;147;sem vítima;120;BR-101/RJ;Norte;Colisão Traseira;1;;1;;;;;;;;6;;;;
30/09/2017;16:06:00;153;com vítima;265,55;BR-101/RJ;Sul;Choque - Defensa, barreira ou "submarino";1;;1;;;;;;;;1;;1;;
30/09/2017;16:17:00;154;com vítima;296,46;BR-101/RJ;Sul;Colisão Traseira;1;;;;1;;;;;;1;;1;;2
30/09/2017;16:36:00;156;sem vítima;267;BR-101/RJ;Norte;Choque - Defensa, barreira ou "submarino";1;;;;;;;;;;3;;;;
30/09/2017;16:43:00;157;sem vítima;310,9;BR-101/RJ;Norte;Colisão Traseira;2;;;;;;;;;;3;;;;
30/09/2017;16:58:00;158;sem vítima;81,597;BR-101/RJ;Norte;Colisão Traseira;1;;;;;1;;;;;3;;;;
30/09/2017;20:05:00;186;sem vítima;119,5;BR-101/RJ;Sul;Colisão Traseira;1;;;;;1;;;;;6;;;;
30/09/2017;22:43:00;198;sem vítima;317,23;BR-101/RJ;Sul;Choque - Defensa, barreira ou "submarino";1;;;;;;;;;;1;;;;
01/10/2017;02:13:00;14;sem vítima;90,1;BR-101/RJ;Norte;Atropelamento de Animal;;;;;;;;;;1;1;;;;
01/10/2017;03:29:00;18;sem vítima;66,695;BR-101/RJ;Sul;Choque - Elemento de Drenagem;1;;;;;;;;;;1;;;;
01/10/2017;05:54:00;31;sem vítima;82,614;BR-101/RJ;Norte;Choque - Outros;1;;;;;;;;;;4;;;;
01/10/2017;05:55:00;32;com vítima;296,346;BR-101/RJ;Sul;Colisão Lateral;1;;;;;1;;;;;3;1;;;
01/10/2017;06:09:00;34;sem vítima;297,916;BR-101/RJ;Sul;Choque - Defensa, barreira ou "submarino";1;;;;;;;;;;1;;;;
01/10/2017;06:05:00;38;com vítima;318,1;BR-101/RJ;Sul;Tombamento;;;;1;;;;;;;0;1;1;;
01/10/2017;12:12:00;86;sem vítima;260,463;BR-101/RJ;Norte;Choque - Elemento de Drenagem;1;;;;;;;;;;1;;;;
01/10/2017;12:15:00;87;sem vítima;107,1;BR-101/RJ;Norte;Choque - Elemento de Drenagem;1;;;;;;;;;;1;;;;
01/10/2017;13:15:00;101;sem vítima;61,1;BR-101/RJ;Norte;Choque - Defensa, barreira ou "submarino";1;;;;;;;;;;1;;;;
01/10/2017;13:39:00;109;sem vítima;118,06;BR-101/RJ;Norte;Colisão Traseira;2;;;;;;;;;;5;;;;
01/10/2017;17:00:00;147;sem vítima;286,1;BR-101/RJ;Sul;Choque - Elemento de Drenagem;1;;;;;;;;;;1;;;;
01/10/2017;18:48:00;171;sem vítima;167,572;BR-101/RJ;Sul;Choque - Objeto sobre a pista;1;;;;;;;;;;1;;;;
02/10/2017;06:33:00;28;com vítima;314,85;BR-101/RJ;Sul;Engavetamento;;;;3;;;;;;;2;1;;;
02/10/2017;06:46:00;31;sem vítima;122,92;BR-101/RJ;Norte;Colisão Traseira;;;2;;;;;;;;2;;;;
02/10/2017;07:58:00;53;sem vítima;313,6;BR-101/RJ;Sul;Colisão Traseira;2;;;;;;;;;;3;;;;
02/10/2017;08:54:00;72;sem vítima;71,05;BR-101/RJ;Sul;Colisão Transversal;;;;1;;1;;;;;2;;;;
02/10/2017;11:20:00;109;com vítima;66,945;BR-101/RJ;Sul;Colisão Transversal;1;;;1;;;;;;;1;;1;;
02/10/2017;14:06:00;136;com vítima;241,4;BR-101/RJ;Sul;Choque - Defensa, barreira ou "submarino";1;;;;;;;;;;0;4;;;
02/10/2017;16:29:00;166;com vítima;293;BR-101/RJ;Norte;Engavetamento;4;;1;;;;;;;;12;3;;;
02/10/2017;18:25:00;191;com vítima;305;BR-101/RJ;Norte;Colisão Lateral;;1;;;;1;;;;;1;1;;;
03/10/2017;03:48:00;14;sem vítima;236,559;BR-101/RJ;Norte;Choque - Defensa, barreira ou "submarino";;;1;;;;;;;;1;;;;
03/10/2017;07:59:00;43;sem vítima;297,495;BR-101/RJ;Norte;Choque - Defensa, barreira ou "submarino";1;;;;;;;;;;4;;;;
03/10/2017;08:20:00;58;sem vítima;316,7;BR-101/RJ;Sul;Colisão Lateral;1;;;;;1;;;;;2;;;;
03/10/2017;08:22:00;59;sem vítima;270,91;BR-101/RJ;Sul;Choque - Defensa, barreira ou "submarino";1;;;;;;;;;;1;;;;
03/10/2017;08:43:00;65;com vítima;54,46;BR-101/RJ;Norte;Tombamento;;;;1;;;;;;;0;1;;;
03/10/2017;14:23:00;139;sem vítima;320,262;BR-101/RJ;Sul;Engavetamento;3;;;;;;;;;;9;;;;
03/10/2017;15:44:00;151;sem vítima;229,9;BR-101/RJ;Sul;Choque - Defensa, barreira ou "submarino";;;1;;;;;;;;2;;;;
03/10/2017;18:12:00;173;sem vítima;309,9;BR-101/RJ;Norte;Colisão Traseira;1;;;;;;;;;1;4;;;;
03/10/2017;18:23:00;175;sem vítima;297,532;BR-101/RJ;Sul;Colisão Traseira;;;2;;;;;;;;2;;;;
03/10/2017;20:52:00;194;com vítima;312,453;BR-101/RJ;Norte;Colisão Lateral;1;;;1;;;;;;;1;1;;;
03/10/2017;21:48:00;200;sem vítima;312,15;BR-101/RJ;Norte;Engavetamento;3;;;;;;;;;;3;;;;
03/10/2017;22:50:00;207;sem vítima;39,7;BR-101/RJ;Norte;Choque - Objeto sobre a pista;1;;;;;;;;;;1;;;;
03/10/2017;23:11:00;209;com vítima;60,7;BR-101/RJ;Sul;Colisão Transversal;2;;;;;;;;;;2;;1;;
04/10/2017;06:47:00;23;com vítima;316,88;BR-101/RJ;Sul;Atropelamento - Andarilho;;;;1;;;;;;;0;1;1;;
04/10/2017;07:15:00;34;sem vítima;256,8;BR-101/RJ;Sul;Colisão Traseira;2;;;;;;;;;;2;;;;
04/10/2017;10:52:00;97;sem vítima;311,2;BR-101/RJ;Sul;Engavetamento;3;;1;;;;;;;;4;;;;
04/10/2017;13:59:00;122;sem vítima;67,514;BR-101/RJ;Norte;Colisão Traseira;2;;;;;;;;;;6;;;;
04/10/2017;15:33:00;137;com vítima;316,969;BR-101/RJ;Norte;Engavetamento;2;;;1;1;;;;;;4;1;;;
05/10/2017;01:06:00;10;sem vítima;303,582;BR-101/RJ;Norte;Choque - Defensa, barreira ou "submarino";1;;;;;;;;;;1;;;;
05/10/2017;01:10:00;11;sem vítima;297,5;BR-101/RJ;Sul;Colisão Traseira;1;;1;;;;;;;;5;;;;
05/10/2017;06:57:00;43;sem vítima;313;BR-101/RJ;Sul;Colisão Lateral;1;;;;1;;;;;;2;;;;
05/10/2017;06:58:00;44;com vítima;319,373;BR-101/RJ;Sul;Colisão Traseira;;;;1;;1;;;;;1;2;;;
05/10/2017;12:28:00;138;sem vítima;291,4;BR-101/RJ;Norte;Engavetamento;3;;;;;;;;;;9;;;;
05/10/2017;17:37:00;195;com vítima;289,402;BR-101/RJ;Sul;Colisão Traseira;1;;;1;;;;;;;1;;;1;
05/10/2017;18:32:00;203;sem vítima;205,2;BR-101/RJ;Sul;Colisão Lateral;1;;;;;1;;;;;3;;;;
06/10/2017;04:51:00;23;com vítima;284,3;BR-101/RJ;Sul;Colisão Traseira;1;;1;;;;;;;;1;;2;;1
06/10/2017;07:17:00;40;sem vítima;256,78;BR-101/RJ;Norte;Colisão Traseira;;;;1;;1;;;;;2;;;;
06/10/2017;07:31:00;49;sem vítima;283,18;BR-101/RJ;Sul;Colisão Traseira;1;;1;;;;;;;;2;;;;
06/10/2017;21:23:00;226;sem vítima;307,25;BR-101/RJ;Norte;Colisão Lateral;2;;;;;;;;;;3;;;;
06/10/2017;22:42:00;241;sem vítima;133,929;BR-101/RJ;Norte;Atropelamento de Animal;;;;;1;;;;;;1;;;;
07/10/2017;02:23:00;11;com vítima;26,507;BR-101/RJ;Sul;Colisão Traseira;1;;1;;;;;;;;1;;;;1
07/10/2017;02:29:00;13;sem vítima;27;BR-101/RJ;Sul;Objeto lançado contra veículo;;;1;;1;;;;;;2;;;;
07/10/2017;04:41:00;23;sem vítima;49,923;BR-101/RJ;Sul;Colisão Traseira;1;;1;;;;;;;;3;;;;
07/10/2017;05:18:00;29;sem vítima;202,077;BR-101/RJ;Norte;Choque - Suporte de Sinalização;1;;;;;;;;;;2;;;;
07/10/2017;05:55:00;31;com vítima;56,978;BR-101/RJ;Sul;Colisão Traseira;1;;;;;;;;;1;2;2;1;;
07/10/2017;06:44:00;42;sem vítima;298,892;BR-101/RJ;Norte;Choque - Defensa, barreira ou "submarino";1;;;;;;;;;;1;;;;
07/10/2017;09:13:00;72;com vítima;300,71;BR-101/RJ;Sul;Colisão Traseira;2;;;;;;;;;;3;1;;;
07/10/2017;11:47:00;101;sem vítima;277,021;BR-101/RJ;Norte;Colisão Lateral;1;;1;;;;;;;;4;;;;
07/10/2017;12:15:00;105;sem vítima;296,3;BR-101/RJ;Norte;Colisão Traseira;2;;;;;;;;;;7;;;;
07/10/2017;19:53:00;190;sem vítima;296,879;BR-101/RJ;Norte;Colisão Traseira;1;;;;;1;;;;;3;;;;
07/10/2017;21:41:00;204;sem vítima;283,4;BR-101/RJ;Norte;Colisão Lateral;1;;;;;1;;;;;5;;;;
08/10/2017;00:02:00;1;com vítima;63,017;BR-101/RJ;Norte;Colisão Transversal;;;;2;;;;;;;0;3;;;
08/10/2017;05:35:00;31;sem vítima;297,917;BR-101/RJ;Sul;Choque - Defensa, barreira ou "submarino";1;;;;;;;;;;1;;;;
08/10/2017;05:53:00;33;sem vítima;226,097;BR-101/RJ;Norte;Choque - Elemento de Drenagem;1;;;;;;;;;;5;;;;
08/10/2017;18:19:00;164;sem vítima;243,638;BR-101/RJ;Sul;Colisão Transversal;2;;;;;;;;;;9;;;;
08/10/2017;20:55:00;193;sem vítima;193,713;BR-101/RJ;Norte;Colisão Traseira;1;;;;;;;;;1;2;;;;
09/10/2017;05:51:00;33;sem vítima;278,526;BR-101/RJ;Norte;Tombamento;;;;1;;;;;;;1;;;;
09/10/2017;06:33:00;39;sem vítima;308,371;BR-101/RJ;Sul;Colisão Traseira;2;;;;;;;;;;6;;;;
09/10/2017;13:26:00;133;com vítima;313,359;BR-101/RJ;Sul;Choque - Defensa, barreira ou "submarino";;;;1;;;;;;;1;1;;;
09/10/2017;16:28:00;160;sem vítima;299,299;BR-101/RJ;Sul;Colisão Transversal;2;;;;;;;;;;4;;;;
09/10/2017;18:13:00;189;sem vítima;82,63;BR-101/RJ;Sul;Atropelamento de Animal;;;1;;;;;;;;1;;;;
09/10/2017;18:27:00;191;sem vítima;312,899;BR-101/RJ;Norte;Engavetamento;4;;;;;;;;;;6;;;;
10/10/2017;10:23:00;131;sem vítima;302,957;BR-101/RJ;Norte;Choque - Defensa, barreira ou "submarino";1;;;;;;;;;;1;;;;
10/10/2017;12:22:00;151;sem vítima;295,8;BR-101/RJ;Sul;Engavetamento;3;;;;;;;;;;3;;;;
10/10/2017;14:52:00;185;sem vítima;164;BR-101/RJ;Norte;Atropelamento de Animal;1;;;;;;;;;;1;;;;
10/10/2017;15:06:00;190;sem vítima;299,7;BR-101/RJ;Sul;Colisão Traseira;1;;1;;;;;;;;4;;;;
10/10/2017;15:49:00;205;sem vítima;309,97;BR-101/RJ;Norte;Colisão Traseira;1;;;;1;;;;;;2;;;;
10/10/2017;17:09:00;217;sem vítima;276,3;BR-101/RJ;Sul;Colisão Traseira;2;;;;;;;;;;2;;;;
10/10/2017;18:58:00;234;sem vítima;299,559;BR-101/RJ;Norte;Choque - Defensa, barreira ou "submarino";1;;;;;;;;;;1;;;;
10/10/2017;19:00:00;235;sem vítima;299,559;BR-101/RJ;Norte;Choque - Objeto sobre a pista;1;;;;;;;;;;3;;;;
10/10/2017;19:41:00;239;com vítima;319,5;BR-101/RJ;Norte;Colisão Lateral;1;;;1;;1;;;;;6;;1;;
11/10/2017;07:27:00;44;com vítima;316,68;BR-101/RJ;Sul;Colisão Lateral;1;;;1;;;;;;;1;1;1;;
11/10/2017;08:48:00;81;sem vítima;71,5;BR-101/RJ;Norte;Colisão Traseira;2;;;;;;;;;;4;;;;
11/10/2017;09:05:00;85;sem vítima;316,8;BR-101/RJ;Sul;Colisão Traseira;2;;;;;;;;;;2;;;;
11/10/2017;14:31:00;166;sem vítima;229,883;BR-101/RJ;Norte;Choque - Defensa, barreira ou "submarino";1;;;;;;;;;;3;;;;
11/10/2017;21:12:00;243;sem vítima;318,613;BR-101/RJ;Sul;Choque - Defensa, barreira ou "submarino";1;;;;;;;;;;1;;;;
11/10/2017;21:32:00;247;sem vítima;298,3;BR-101/RJ;Norte;Colisão Lateral;1;;;1;;;;;;;2;;;;
12/10/2017;05:48:00;25;sem vítima;311,35;BR-101/RJ;Sul;Colisão Lateral;2;;;;;;;;;;2;;;;
12/10/2017;05:52:00;26;com vítima;257,08;BR-101/RJ;Norte;Colisão Traseira;1;;;1;;;;;;;1;;;1;
12/10/2017;12:04:00;90;com vítima;55,418;BR-101/RJ;Norte;Colisão Transversal;2;;;;;;;;;;2;1;;;
12/10/2017;12:11:00;93;sem vítima;293,05;BR-101/RJ;Norte;Colisão Lateral;1;;1;;;;;;;;2;;;;
12/10/2017;13:03:00;100;com vítima;297;BR-101/RJ;Norte;Colisão Lateral;2;;;;;;;;;;1;1;;;
12/10/2017;17:09:00;148;com vítima;103,09;BR-101/RJ;Sul;Tombamento;;;;1;;;;;;;1;;1;;
12/10/2017;18:31:00;170;com vítima;269,212;BR-101/RJ;Norte;Colisão Lateral;;1;;;1;;;;;;1;1;;;
12/10/2017;20:13:00;190;com vítima;58,01;BR-101/RJ;Norte;Tombamento;;;;1;;;;;;;0;;;1;
13/10/2017;06:44:00;24;sem vítima;192,3;BR-101/RJ;Norte;Colisão Traseira;1;;;;;1;;;;;2;;;;
13/10/2017;17:22:00;137;com vítima;65,27;BR-101/RJ;Sul;Colisão Transversal;;;1;1;;;;;;;2;1;;;
13/10/2017;22:01:00;179;sem vítima;151,504;BR-101/RJ;Sul;Tombamento;;;;;;;;;;1;1;;;;
14/10/2017;06:35:00;45;sem vítima;59,5;BR-101/RJ;Sul;Colisão Transversal;2;;;;;;;;;;2;;;;
14/10/2017;06:42:00;47;sem vítima;301,28;BR-101/RJ;Norte;Capotamento;1;;1;;;;;;;;3;;;;
14/10/2017;08:49:00;66;sem vítima;308,137;BR-101/RJ;Norte;Engavetamento;4;;;;;;;;;;7;;;;
14/10/2017;14:03:00;112;com vítima;209,2;BR-101/RJ;Norte;Tombamento;;;;1;;;;;;;0;2;;;
14/10/2017;14:47:00;117;com vítima;260,4;BR-101/RJ;Norte;Choque - Talude;1;;;;;;;;;;3;2;;;
14/10/2017;17:40:00;148;com vítima;282,9;BR-101/RJ;Norte;Tombamento;;;;1;;;;;;;0;1;1;;
14/10/2017;19:55:00;176;com vítima;313,073;BR-101/RJ;Norte;Choque - Outros;1;;;;;;;;;;0;1;1;;
15/10/2017;02:02:00;12;sem vítima;66,713;BR-101/RJ;Sul;Choque - Elemento de Drenagem;1;;;;;;;;;;2;;;;
15/10/2017;05:51:00;28;com vítima;321,082;BR-101/RJ;Sul;Choque - Defensa, barreira ou "submarino";1;;;;;;;;;;2;1;;;
15/10/2017;06:20:00;29;sem vítima;314,135;BR-101/RJ;Sul;Choque - Suporte de Sinalização;1;;;;;;;;;;1;;;;
15/10/2017;06:29:00;31;com vítima;40,615;BR-101/RJ;Sul;Colisão Lateral;;;;;;1;;;;1;9;1;;;
15/10/2017;07:16:00;34;com vítima;316,943;BR-101/RJ;Sul;Colisão Traseira;1;;;1;;;;;;;1;2;;;
15/10/2017;09:11:00;51;sem vítima;71,3;BR-101/RJ;Sul;Choque - Defensa, barreira ou "submarino";1;;;;;;;;;;1;;;;
15/10/2017;10:05:00;62;sem vítima;202;BR-101/RJ;Sul;Choque - Elemento de Drenagem;1;;;;;;;;;;4;;;;
15/10/2017;12:59:00;85;sem vítima;264,473;BR-101/RJ;Norte;Choque - Suporte de Sinalização;1;;;;;;;;;;1;;;;
15/10/2017;13:34:00;90;sem vítima;314,394;BR-101/RJ;Norte;Choque - Defensa, barreira ou "submarino";1;;;;;;;;;;1;;;;
15/10/2017;13:53:00;93;com vítima;92,608;BR-101/RJ;Norte;Choque - Talude;1;;;;;;;;;;3;1;;;
15/10/2017;14:47:00;104;com vítima;261,609;BR-101/RJ;Norte;Choque - Defensa, barreira ou "submarino";1;;;;;;;;;;5;2;;;
15/10/2017;16:07:00;128;sem vítima;75,242;BR-101/RJ;Norte;Choque - Talude;1;;;;;;;;;;2;;;;
15/10/2017;16:42:00;136;sem vítima;278,77;BR-101/RJ;Sul;Colisão Traseira;1;;;;;1;;;;;4;;;;