data;horario;n_da_ocorrencia;tipo_de_ocorrencia;km;trecho;sentido;tipo_de_acidente;automovel;bicicleta;caminhao;moto;onibus;outros;tracao_animal;transporte_de_cargas_especiais;trator_maquinas;utilitarios;ilesos;levemente_feridos;moderadamente_feridos;gravemente_feridos;mortos
15/10/2017;17:13:00;146;sem vítima;82,9;BR-101/RJ;Norte;Choque - Defensa, barreira ou "submarino";1;;;;;;;;;;1;;;;
15/10/2017;17:23:00;149;com vítima;81,657;BR-101/RJ;Norte;Colisão Transversal;1;;1;;;;;;;;1;1;2;1;1
15/10/2017;17:59:00;159;sem vítima;53,5;BR-101/RJ;Sul;Colisão Traseira;2;;;;;;;;;;5;;;;
15/10/2017;19:52:00;181;com vítima;88,297;BR-101/RJ;Norte;Capotamento;1;;;;;;;;;;0;2;;;
15/10/2017;20:03:00;184;com vítima;297,318;BR-101/RJ;Norte;Atropelamento - Usuário;;;;;;1;;;;;1;;1;;
15/10/2017;20:47:00;193;sem vítima;297,411;BR-101/RJ;Sul;Colisão Lateral;1;;;1;;;;;;;4;;;;
15/10/2017;23:59:00;221;com vítima;271,804;BR-101/RJ;Norte;Atropelamento de Animal;1;;;;;;;;;;3;;1;;
16/10/2017;02:10:00;12;sem vítima;282,85;BR-101/RJ;Sul;Choque - Defensa, barreira ou "submarino";1;;;;;;;;;;2;;;;
16/10/2017;05:50:00;19;com vítima;92,6;BR-101/RJ;Norte;Choque - Defensa, barreira ou "submarino";1;;;;;;;;;;1;1;;;
16/10/2017;06:13:00;24;sem vítima;117,8;BR-101/RJ;Sul;Choque - Defensa, barreira ou "submarino";;;;;;;;;;1;1;;;;
16/10/2017;06:43:00;31;com vítima;319,4;BR-101/RJ;Sul;Colisão Lateral;1;;;1;;;;;;;1;1;;;
16/10/2017;07:12:00;39;sem vítima;293,5;BR-101/RJ;Sul;Choque - Suporte de Sinalização;2;;;;;;;;;;5;;;;
16/10/2017;08:50:00;52;sem vítima;81,55;BR-101/RJ;Sul;Choque - Defensa, barreira ou "submarino";1;;;;;;;;;;1;;;;
16/10/2017;10:43:00;85;sem vítima;63,53;BR-101/RJ;Norte;Colisão Traseira;1;;;;;1;;;;;2;;;;
16/10/2017;12:13:00;101;com vítima;139,4;BR-101/RJ;Sul;Colisão Traseira;;;;1;;;;;;1;3;;1;;
16/10/2017;14:19:00;122;com vítima;318,246;BR-101/RJ;Norte;Choque - Defensa, barreira ou "submarino";1;;;;;;;;;;0;1;;;
16/10/2017;14:31:00;123;com vítima;318,516;BR-101/RJ;Norte;Colisão Lateral;1;;;1;;;;;;;2;1;;;
16/10/2017;16:37:00;141;com vítima;26,144;BR-101/RJ;Norte;Capotamento;1;;;;;;;;;;0;1;;;
17/10/2017;07:48:00;47;com vítima;312,57;BR-101/RJ;Sul;Colisão Lateral;1;;;1;;;;;;;4;1;;;
17/10/2017;07:59:00;52;sem vítima;297,734;BR-101/RJ;Norte;Colisão Lateral;1;;1;;;;;;;;3;;;;
17/10/2017;08:15:00;59;sem vítima;97;BR-101/RJ;Sul;Choque - Elemento de Drenagem;1;;;;;;;;;;1;;;;
17/10/2017;08:56:00;69;sem vítima;278,17;BR-101/RJ;Norte;Colisão Traseira;1;;;;;;;;;1;2;;;;
17/10/2017;08:56:00;70;sem vítima;318,301;BR-101/RJ;Sul;Colisão Traseira;1;;;1;;;;;;;4;;;;
17/10/2017;15:12:00;155;sem vítima;286,676;BR-101/RJ;Norte;Choque - Defensa, barreira ou "submarino";1;;;;;;;;;;5;;;;
17/10/2017;15:28:00;158;com vítima;192,5;BR-101/RJ;Norte;Choque - Defensa, barreira ou "submarino";1;;;;;;;;;;0;1;;;
17/10/2017;18:21:00;194;sem vítima;312,8;BR-101/RJ;Norte;Engavetamento;3;;;;;;;;;;3;;;;
17/10/2017;21:16:00;223;com vítima;179,352;BR-101/RJ;Norte;Atropelamento - Outros;;;;;;1;;;;;1;;1;;
17/10/2017;22:52:00;234;sem vítima;305,683;BR-101/RJ;Sul;Atropelamento de Animal;1;;;;;;;;;;2;;;;
18/10/2017;04:56:00;31;sem vítima;92,597;BR-101/RJ;Norte;Colisão Traseira;;;2;;;;;;;;2;;;;
18/10/2017;07:03:00;47;sem vítima;298,04;BR-101/RJ;Norte;Choque - Defensa, barreira ou "submarino";1;;;;;;;;;;1;;;;
18/10/2017;14:11:00;152;com vítima;319,655;BR-101/RJ;Sul;Colisão Lateral;1;;;1;;;;;;;1;1;;;
18/10/2017;21:39:00;243;com vítima;243,126;BR-101/RJ;Sul;Colisão Transversal;1;;;1;;;;;;;2;1;;;
19/10/2017;00:22:00;4;com vítima;299,35;BR-101/RJ;Norte;Choque - Defensa, barreira ou "submarino";;;;1;;;;;;;0;;1;;
19/10/2017;11:08:00;128;com vítima;316,253;BR-101/RJ;Sul;Colisão Traseira;2;;;;1;;;;;;5;1;;;
19/10/2017;14:24:00;166;com vítima;66,894;BR-101/RJ;Norte;Colisão Transversal;1;;;1;;;;;;;1;2;;;
19/10/2017;18:02:00;213;com vítima;316,382;BR-101/RJ;Norte;Colisão Traseira;1;;;1;;;;;;;4;1;;;
19/10/2017;18:32:00;222;sem vítima;269,5;BR-101/RJ;Norte;Colisão Lateral;1;;;;;1;;;;;3;;;;
19/10/2017;19:56:00;240;sem vítima;115;BR-101/RJ;Sul;Atropelamento de Animal;;;;;;;;;;1;1;;;;
19/10/2017;23:58:00;267;sem vítima;190,35;BR-101/RJ;Sul;Choque - Defensa, barreira ou "submarino";1;;;;;;;;;;1;;;;
20/10/2017;00:50:00;6;sem vítima;296,067;BR-101/RJ;Norte;Choque - Suporte de Sinalização;1;;;;;;;;;;1;;;;
20/10/2017;04:27:00;25;sem vítima;245,271;BR-101/RJ;Norte;Atropelamento de Animal;;;1;;;;;;;;1;;;;
20/10/2017;09:01:00;88;sem vítima;290,1;BR-101/RJ;Norte;Colisão Traseira;2;;;;;;;;;;2;;;;
20/10/2017;12:19:00;125;sem vítima;296,113;BR-101/RJ;Norte;Engavetamento;2;;;;;1;;;;;5;;;;
20/10/2017;15:01:00;147;sem vítima;296,923;BR-101/RJ;Norte;Colisão Traseira;2;;;;;;;;;;3;;;;
20/10/2017;15:25:00;152;com vítima;221,6;BR-101/RJ;Norte;Choque - Defensa, barreira ou "submarino";1;;;;;1;;;;;1;1;;;
20/10/2017;18:07:00;190;com vítima;277,51;BR-101/RJ;Sul;Colisão Traseira;;;1;;;;;;;1;5;6;3;;
20/10/2017;19:12:00;201;sem vítima;310,98;BR-101/RJ;Sul;Engavetamento;3;;;;;;;;;;5;;;;
20/10/2017;19:11:00;204;com vítima;117,797;BR-101/RJ;Sul;Capotamento;1;;;;;;;;;;0;;2;;
20/10/2017;19:29:00;206;sem vítima;71,306;BR-101/RJ;Sul;Colisão Transversal;2;;;;;;;;;;7;;;;
20/10/2017;20:01:00;213;sem vítima;311,033;BR-101/RJ;Sul;Colisão Traseira;1;;1;;;;;;;;4;;;;
20/10/2017;20:23:00;217;sem vítima;75,015;BR-101/RJ;Norte;Choque - Elemento de Drenagem;1;;;;;;;;;;1;;;;
20/10/2017;21:36:00;227;com vítima;319,379;BR-101/RJ;Norte;Colisão Lateral;4;;;;;;;;;;10;1;;;
20/10/2017;21:59:00;231;com vítima;294,1;BR-101/RJ;Sul;Tombamento;;;;1;;;;;;;0;;1;;
21/10/2017;08:43:00;48;sem vítima;300,123;BR-101/RJ;Norte;Colisão Traseira;2;;;;;;;;;;4;;;;
21/10/2017;16:39:00;128;com vítima;288,889;BR-101/RJ;Norte;Choque - Defensa, barreira ou "submarino";1;;;;;;;;;;0;1;;;
21/10/2017;16:53:00;132;com vítima;266,3;BR-101/RJ;Sul;Choque - Poste;;;;;;;;;;1;0;3;;;
21/10/2017;16:55:00;136;sem vítima;223,076;BR-101/RJ;Sul;Choque - Outros;1;;;;;;;;;;1;;;;
22/10/2017;17:54:00;123;sem vítima;262,123;BR-101/RJ;Norte;Choque - Defensa, barreira ou "submarino";1;;;;;;;;;;1;;;;
22/10/2017;18:38:00;131;sem vítima;292,908;BR-101/RJ;Sul;Engavetamento;3;;;;;;;;;;3;;;;
22/10/2017;18:59:00;137;sem vítima;265,2;BR-101/RJ;Norte;Choque - Talude;1;;;;;;;;;;1;;;;
22/10/2017;19:08:00;139;com vítima;27,807;BR-101/RJ;Norte;Colisão Traseira;;;;1;;1;;;;;1;1;;;
22/10/2017;20:22:00;152;com vítima;306,2;BR-101/RJ;Norte;Choque - Suporte de Sinalização;1;;;;;;;;;;0;1;;;
22/10/2017;23:17:00;172;sem vítima;297,8;BR-101/RJ;Sul;Choque - Elemento de Drenagem;1;;;;;;;;;;1;;;;
23/10/2017;01:25:00;7;com vítima;64,455;BR-101/RJ;Norte;Colisão Frontal;1;;;1;;;;;;;3;2;;1;
23/10/2017;06:08:00;25;sem vítima;243,5;BR-101/RJ;Sul;Choque - Defensa, barreira ou "submarino";1;;;;;;;;;;1;;;;
23/10/2017;06:36:00;31;com vítima;66,016;BR-101/RJ;Sul;Colisão Lateral;1;;;1;;;;;;;1;1;;;
23/10/2017;07:18:00;37;sem vítima;303,095;BR-101/RJ;Sul;Capotamento;1;;;;;;;;;;1;;;;
23/10/2017;07:28:00;39;sem vítima;288,793;BR-101/RJ;Norte;Choque - Defensa, barreira ou "submarino";1;;;;;;;;;;1;;;;
23/10/2017;07:42:00;42;sem vítima;123,09;BR-101/RJ;Sul;Colisão Traseira;1;;;;1;;;;;;5;;;;
23/10/2017;07:43:00;43;sem vítima;271,3;BR-101/RJ;Norte;Choque - Outros;1;;;;;;;;;;1;;;;
23/10/2017;08:49:00;67;com vítima;225,983;BR-101/RJ;Norte;Choque - Poste;;;1;;;;;;;;0;1;1;;
23/10/2017;13:19:00;120;sem vítima;262,5;BR-101/RJ;Norte;Choque - Defensa, barreira ou "submarino";;;;;;;;;;1;1;;;;
23/10/2017;13:29:00;121;com vítima;261,609;BR-101/RJ;Norte;Choque - Defensa, barreira ou "submarino";;;1;;;;;;;;1;;1;;
23/10/2017;16:08:00;146;sem vítima;101,1;BR-101/RJ;Norte;Choque - Defensa, barreira ou "submarino";;;1;;;;;;;;2;;;;
23/10/2017;21:52:00;196;com vítima;59,59;BR-101/RJ;Norte;Engavetamento;3;;;;;;;;;;2;2;;;
23/10/2017;23:03:00;203;sem vítima;309,5;BR-101/RJ;Sul;Atropelamento de Animal;1;;;;;;;;;;1;;;;
24/10/2017;05:02:00;23;sem vítima;75,213;BR-101/RJ;Norte;Choque - Elemento de Drenagem;1;;;;;;;;;;1;;;;
24/10/2017;05:03:00;24;sem vítima;268,04;BR-101/RJ;Sul;Colisão Lateral;1;;1;;;;;;;;2;;;;
24/10/2017;05:11:00;26;sem vítima;262,32;BR-101/RJ;Sul;Choque - Defensa, barreira ou "submarino";1;;;;;;;;;;1;;;;
24/10/2017;08:03:00;52;sem vítima;87,414;BR-101/RJ;Norte;Choque - Elemento de Drenagem;1;;;;;;;;;;1;;;;
24/10/2017;11:43:00;109;sem vítima;116,229;BR-101/RJ;Sul;Choque - Defensa, barreira ou "submarino";1;;;;;;;;;;1;;;;
24/10/2017;13:29:00;118;sem vítima;98,984;BR-101/RJ;Sul;Capotamento;1;;;;;;;;;;1;;;;
24/10/2017;16:36:00;150;sem vítima;92,595;BR-101/RJ;Sul;Capotamento;1;;;;;;;;;;1;;;;
24/10/2017;17:48:00;168;sem vítima;274,952;BR-101/RJ;Sul;Colisão Traseira;1;;;;;1;;;;;2;;;;
25/10/2017;05:52:00;19;com vítima;191,462;BR-101/RJ;Norte;Atropelamento de Animal;1;;;;;;;;;;0;2;;;
25/10/2017;06:02:00;20;com vítima;259,626;BR-101/RJ;Sul;Choque - Defensa, barreira ou "submarino";1;;;;;;;;;;0;2;;;
25/10/2017;06:37:00;23;com vítima;262,529;BR-101/RJ;Sul;Choque - Defensa, barreira ou "submarino";1;;;;;;;;;;0;1;;;
25/10/2017;08:20:00;51;sem vítima;303,4;BR-101/RJ;Norte;Colisão Traseira;1;;;;;1;;;;;2;;;;
25/10/2017;19:02:00;194;com vítima;71,37;BR-101/RJ;Norte;Colisão Traseira;1;1;;;;;;;;;1;2;;1;
26/10/2017;00:30:00;3;com vítima;310,88;BR-101/RJ;Sul;Engavetamento;;;2;;;;;;;1;4;1;;;
26/10/2017;08:52:00;75;com vítima;277,5;BR-101/RJ;Norte;Tombamento;1;;;;;;;;;;1;1;;;
26/10/2017;09:31:00;95;com vítima;294,193;BR-101/RJ;Sul;Colisão Traseira;1;;;1;;;;;;;3;;;1;
26/10/2017;09:56:00;98;sem vítima;297,767;BR-101/RJ;Sul;Colisão Traseira;;;2;;;;;;;;4;;;;
26/10/2017;16:26:00;175;sem vítima;158,752;BR-101/RJ;Norte;Choque - Talude;1;;;;;;;;;;1;;;;
26/10/2017;16:33:00;177;sem vítima;297;BR-101/RJ;Sul;Engavetamento;3;;;;;;;;;;3;;;;
26/10/2017;22:16:00;233;sem vítima;309,23;BR-101/RJ;Norte;Choque - Defensa, barreira ou "submarino";1;;;;;;;;;;1;;;;
27/10/2017;05:56:00;29;com vítima;244,357;BR-101/RJ;Norte;Choque - Defensa, barreira ou "submarino";1;;;;;;;;;;0;1;;;
27/10/2017;07:38:00;63;com vítima;239,861;BR-101/RJ;Sul;Choque - Defensa, barreira ou "submarino";;;1;;;;;;;;0;3;;;
27/10/2017;07:40:00;66;com vítima;48,15;BR-101/RJ;Norte;Atropelamento - Morador;1;;;;;;;;;;2;1;;;
27/10/2017;07:44:00;67;sem vítima;297,37;BR-101/RJ;Norte;Colisão Lateral;1;;1;;;;;;;;4;;;;
27/10/2017;09:50:00;78;sem vítima;319,3;BR-101/RJ;Norte;Colisão Traseira;1;;;;1;;;;;;2;;;;
27/10/2017;10:39:00;124;sem vítima;252,3;BR-101/RJ;Norte;Colisão Frontal;2;;;;;;;;;;2;;;;
27/10/2017;12:41:00;147;sem vítima;297;BR-101/RJ;Norte;Colisão Traseira;1;;1;;;;;;;;2;;;;
27/10/2017;13:21:00;158;sem vítima;271,3;BR-101/RJ;Norte;Colisão Traseira;2;;;;;;;;;;2;;;;
27/10/2017;15:04:00;173;sem vítima;90,448;BR-101/RJ;Sul;Colisão Lateral;1;;;;;1;;;;;2;;;;
27/10/2017;15:39:00;183;com vítima;87,51;BR-101/RJ;Norte;Choque - Defensa, barreira ou "submarino";1;;;;;;;;;;0;1;;;
27/10/2017;16:33:00;197;sem vítima;256,9;BR-101/RJ;Sul;Colisão Traseira;1;;;;;;;;;1;4;;;;
27/10/2017;16:42:00;203;com vítima;46,863;BR-101/RJ;Sul;Colisão Transversal;2;;;;;;;;;;3;2;;;
27/10/2017;17:01:00;205;sem vítima;64,613;BR-101/RJ;Sul;Colisão Traseira;2;;;;;;;;;;4;;;;
27/10/2017;17:31:00;210;com vítima;282,64;BR-101/RJ;Sul;Colisão Traseira;2;;;;;;;;;;2;1;;;
27/10/2017;19:43:00;233;com vítima;72,8;BR-101/RJ;Sul;Atropelamento - Morador;1;;;;;;;;;;1;;;1;
27/10/2017;21:58:00;261;com vítima;262,2;BR-101/RJ;Norte;Tombamento;;;;1;;;;;;;0;2;;;
28/10/2017;01:47:00;21;sem vítima;313,425;BR-101/RJ;Sul;Saida de Pista;1;;;;;;;;;;2;;;;
28/10/2017;04:31:00;26;sem vítima;69,35;BR-101/RJ;Sul;Atropelamento de Animal;;;1;;;;;;;;1;;;;
28/10/2017;06:22:00;35;sem vítima;148,482;BR-101/RJ;Norte;Colisão Traseira;1;;;;;;;;;;1;;;;
28/10/2017;09:15:00;69;com vítima;144,232;BR-101/RJ;Sul;Choque - Defensa, barreira ou "submarino";1;;;;;;;;;;0;1;;;
28/10/2017;10:18:00;88;sem vítima;85,95;BR-101/RJ;Norte;Choque - Talude;;;1;;;;;;;;3;;;;
28/10/2017;11:07:00;95;sem vítima;318,227;BR-101/RJ;Sul;Colisão Frontal;2;;;;;;;;;;3;;;;
28/10/2017;11:16:00;97;sem vítima;75,265;BR-101/RJ;Sul;Choque - Outros;1;;;;;;;;;;1;;;;
28/10/2017;12:13:00;106;com vítima;312,3;BR-101/RJ;Norte;Colisão Lateral;1;;;1;;;;;;;2;1;;;
28/10/2017;12:35:00;110;com vítima;321,1;BR-101/RJ;Norte;Tombamento;;;;1;;;;;;;0;1;;;
28/10/2017;12:47:00;112;com vítima;205,05;BR-101/RJ;Norte;Colisão Transversal;2;;;;;;;;;;1;3;;;
28/10/2017;19:35:00;185;com vítima;298,87;BR-101/RJ;Norte;Atropelamento - Morador;1;;;;;;;;;;1;;1;;
28/10/2017;22:21:00;201;com vítima;58,263;BR-101/RJ;Sul;Colisão Traseira;1;;;2;;;;;;;4;;1;;
28/10/2017;22:29:00;204;sem vítima;316,988;BR-101/RJ;Sul;Choque - Defensa, barreira ou "submarino";1;;;;;;;;;;1;;;;
28/10/2017;23:19:00;207;com vítima;56;BR-101/RJ;Norte;Objeto lançado contra veículo;;;1;;;;;;;;0;1;;;
29/10/2017;06:32:00;20;sem vítima;313,539;BR-101/RJ;Norte;Choque - Poste;1;;;;;;;;;;1;;;;
29/10/2017;07:08:00;26;sem vítima;46,914;BR-101/RJ;Norte;Choque - Elemento de Drenagem;1;;;;;;;;;;1;;;;
29/10/2017;09:18:00;48;sem vítima;303,583;BR-101/RJ;Sul;Choque - Defensa, barreira ou "submarino";1;;;;;;;;;;1;;;;
29/10/2017;17:22:00;130;com vítima;311,141;BR-101/RJ;Norte;Atropelamento - Morador;;;;1;;;;;;;0;2;;;
30/10/2017;04:30:00;23;sem vítima;144,7;BR-101/RJ;Sul;Tombamento;;;;;;;;;;1;2;;;;
30/10/2017;05:15:00;27;sem vítima;75,26;BR-101/RJ;Sul;Colisão Lateral;2;;;;;;;;;;2;;;;
30/10/2017;07:46:00;47;sem vítima;82,9;BR-101/RJ;Norte;Choque - Outros;1;;;;;;;;;;1;;;;
30/10/2017;10:31:00;95;sem vítima;81,5;BR-101/RJ;Norte;Choque - Defensa, barreira ou "submarino";1;;;;;;;;;;1;;;;
30/10/2017;11:43:00;113;sem vítima;86,796;BR-101/RJ;Norte;Choque - Defensa, barreira ou "submarino";1;;;;;;;;;;1;;;;
30/10/2017;11:54:00;116;sem vítima;86,796;BR-101/RJ;Norte;Choque - Suporte de Sinalização;1;;;;;;;;;;3;;;;
30/10/2017;12:43:00;123;sem vítima;73,75;BR-101/RJ;Sul;Colisão Traseira;2;;;;;;;;;;2;;;;
30/10/2017;17:19:00;188;sem vítima;308,9;BR-101/RJ;Norte;Engavetamento;2;;1;;;;;;;;3;;;;
30/10/2017;20:45:00;226;sem vítima;277,597;BR-101/RJ;Sul;Capotamento;1;;;;;;;;;;3;;;;
30/10/2017;21:06:00;231;sem vítima;264,888;BR-101/RJ;Sul;Choque - Elemento de Drenagem;;;;;;;;;;1;3;;;;
31/10/2017;06:02:00;31;com vítima;320,93;BR-101/RJ;Sul;Colisão Lateral;;;;1;1;;;;;;1;1;;;
31/10/2017;07:07:00;39;sem vítima;82,884;BR-101/RJ;Sul;Choque - Defensa, barreira ou "submarino";1;;;;;;;;;;3;;;;
31/10/2017;08:02:00;65;com vítima;308,834;BR-101/RJ;Sul;Colisão Lateral;1;;;1;;;;;;;4;1;;;
31/10/2017;09:23:00;97;sem vítima;312,4;BR-101/RJ;Sul;Colisão Traseira;;;2;;;;;;;;4;;;;
31/10/2017;10:09:00;111;com vítima;315,685;BR-101/RJ;Sul;Colisão Lateral;1;;;1;;;;;;;5;1;;;
31/10/2017;19:49:00;232;sem vítima;264;BR-101/RJ;Norte;Colisão Traseira;2;;;;;;;;;;2;;;;
31/10/2017;23:34:00;267;com vítima;296,285;BR-101/RJ;Norte;Choque - Defensa, barreira ou "submarino";;;;1;;;;;;;0;;;;1
01/11/2017;04:23:00;17;sem vítima;262,519;BR-101/RJ;Norte;Choque - Defensa, barreira ou "submarino";1;;;;;;;;;;1;;;;
01/11/2017;09:10:00;87;sem vítima;299,893;BR-101/RJ;Norte;Colisão Traseira;2;;;;;;;;;;3;;;;
01/11/2017;09:50:00;97;sem vítima;317,9;BR-101/RJ;Sul;Engavetamento;3;;;;;;;;;;3;;;;
01/11/2017;18:32:00;190;sem vítima;66,459;BR-101/RJ;Norte;Colisão Lateral;1;;1;;;;;;;;2;;;;
01/11/2017;18:51:00;194;sem vítima;65;BR-101/RJ;Sul;Colisão Frontal;1;;1;;;;;;;;3;;;;
02/11/2017;02:50:00;19;com vítima;192,54;BR-101/RJ;Norte;Engavetamento;;;3;;;;;;;;2;1;1;;
02/11/2017;06:48:00;37;sem vítima;319,8;BR-101/RJ;Norte;Colisão Lateral;2;;;;;1;;;;;3;;;;
02/11/2017;07:27:00;48;sem vítima;269,584;BR-101/RJ;Norte;Colisão Traseira;1;;;;;1;;;;;2;;;;
02/11/2017;09:30:00;67;sem vítima;180,637;BR-101/RJ;Sul;Colisão Traseira;2;;;;;;;;;;4;;;;
02/11/2017;10:43:00;80;com vítima;195,2;BR-101/RJ;Sul;Choque - Defensa, barreira ou "submarino";1;;;;;;;;;;0;1;;;
02/11/2017;13:57:00;116;sem vítima;192;BR-101/RJ;Sul;Colisão Traseira;1;;1;;;;;;;;2;;;;
02/11/2017;16:28:00;145;sem vítima;215,3;BR-101/RJ;Norte;Colisão Traseira;1;;;;;1;;;;;2;;;;
02/11/2017;19:39:00;176;com vítima;279,724;BR-101/RJ;Sul;Engavetamento;3;;;;;;;;;;4;1;;;
03/11/2017;00:00:00;1;sem vítima;306,74;BR-101/RJ;Norte;Colisão Traseira;2;;;;;;;;;;2;;;;
03/11/2017;03:10:00;18;com vítima;293,549;BR-101/RJ;Sul;Choque - Defensa, barreira ou "submarino";1;;;;;;;;;;0;1;;;
03/11/2017;04:59:00;24;sem vítima;266,85;BR-101/RJ;Sul;Choque - Defensa, barreira ou "submarino";1;;;;;;;;;;3;;;;
03/11/2017;11:28:00;92;com vítima;81,3;BR-101/RJ;Sul;Colisão Lateral;1;1;;;;;;;;;1;;1;;
03/11/2017;11:50:00;96;sem vítima;293,546;BR-101/RJ;Norte;Colisão Traseira;2;;;;;;;;;;3;;;;
03/11/2017;21:58:00;198;com vítima;49,259;BR-101/RJ;Norte;Colisão Traseira;1;;;1;;;;;;;4;1;;;
03/11/2017;22:47:00;206;com vítima;236,513;BR-101/RJ;Norte;Tombamento;;;;1;;;;;;;1;1;;;
04/11/2017;00:15:00;5;sem vítima;318,89;BR-101/RJ;Norte;Tombamento;;;;1;;;;;;;1;;;;
04/11/2017;00:36:00;12;sem vítima;265,95;BR-101/RJ;Norte;Colisão Lateral;2;;;;;;;;;;2;;;;
04/11/2017;06:58:00;39;com vítima;290,06;BR-101/RJ;Sul;Choque - Defensa, barreira ou "submarino";1;;;;;;;;;;0;2;;;
04/11/2017;09:22:00;61;com vítima;248;BR-101/RJ;Sul;Choque - Talude;1;;;;;;;;;;0;2;1;;
04/11/2017;10:05:00;67;sem vítima;304;BR-101/RJ;Norte;Colisão Traseira;2;;;;;;;;;;4;;;;
04/11/2017;10:38:00;74;com vítima;114,3;BR-101/RJ;Norte;Choque - Defensa, barreira ou "submarino";1;;;;;;;;;;0;3;;;
04/11/2017;15:48:00;115;com vítima;127,56;BR-101/RJ;Norte;Colisão Traseira;1;;;;1;;;;;;1;2;;;
04/11/2017;18:25:00;146;sem vítima;58,5;BR-101/RJ;Norte;Colisão Traseira;1;;1;;;;;;;;6;;;;
04/11/2017;20:11:00;161;com vítima;263,911;BR-101/RJ;Sul;Atropelamento - Morador;;1;;;;1;;;;;1;;;;1
04/11/2017;22:45:00;178;sem vítima;315,62;BR-101/RJ;Norte;Colisão Traseira;2;;;;;;;;;;2;;;;
04/11/2017;23:02:00;181;com vítima;119,162;BR-101/RJ;Norte;Choque - Defensa, barreira ou "submarino";;;;1;;;;;;;0;;;1;
04/11/2017;23:03:00;182;com vítima;18,488;BR-101/RJ;Norte;Colisão Transversal;1;;1;;;;;;;;2;;1;;
04/11/2017;23:33:00;185;sem vítima;312,926;BR-101/RJ;Norte;Choque - Defensa, barreira ou "submarino";1;;;;;;;;;;2;;;;
05/11/2017;00:40:00;3;com vítima;296,653;BR-101/RJ;Sul;Tombamento;;;;1;;;;;;;0;2;;;
05/11/2017;01:05:00;5;sem vítima;138,77;BR-101/RJ;Sul;Choque - Defensa, barreira ou "submarino";;;;;;;;;;1;1;;;;
05/11/2017;05:45:00;19;com vítima;318,377;BR-101/RJ;Sul;Choque - Defensa, barreira ou "submarino";2;;;;;;;;;;2;2;;;
05/11/2017;06:17:00;21;com vítima;103,627;BR-101/RJ;Norte;Choque - Defensa, barreira ou "submarino";1;;;;;;;;;;0;1;;;
05/11/2017;13:15:00;90;sem vítima;282,805;BR-101/RJ;Norte;Choque - Defensa, barreira ou "submarino";1;;;;;;;;;;1;;;;
05/11/2017;15:32:00;116;com vítima;269,816;BR-101/RJ;Sul;Colisão Traseira;2;;;;;;;;;;6;1;;;
05/11/2017;16:23:00;125;com vítima;261,589;BR-101/RJ;Norte;Choque - Defensa, barreira ou "submarino";1;;;;;;;;;;2;1;;;
05/11/2017;17:04:00;132;sem vítima;282,913;BR-101/RJ;Sul;Tombamento;1;;;;;;;;;;2;;;;
05/11/2017;19:01:00;155;com vítima;275,123;BR-101/RJ;Norte;Atropelamento - Morador;1;;;;;;;;;;5;1;;;
05/11/2017;19:46:00;160;sem vítima;302,2;BR-101/RJ;Sul;Atropelamento de Animal;1;;;;;;;;;;3;;;;
05/11/2017;22:02:00;185;sem vítima;278,1;BR-101/RJ;Norte;Colisão Traseira;1;;1;;;;;;;;2;;;;
05/11/2017;23:26:00;189;sem vítima;139,146;BR-101/RJ;Sul;Colisão Traseira;;;1;;1;;;;;;2;;;;
06/11/2017;01:17:00;5;sem vítima;312,056;BR-101/RJ;Norte;Choque - Defensa, barreira ou "submarino";1;;;;;;;;;;1;;;;
06/11/2017;01:39:00;9;sem vítima;283,049;BR-101/RJ;Sul;Choque - Defensa, barreira ou "submarino";1;;;;;;;;;;1;;;;
06/11/2017;05:03:00;26;sem vítima;262,269;BR-101/RJ;Norte;Colisão Traseira;2;;;;;;;;;;4;;;;
06/11/2017;05:46:00;33;sem vítima;293,39;BR-101/RJ;Sul;Choque - Defensa, barreira ou "submarino";1;;;;;;;;;;2;;;;
06/11/2017;05:47:00;34;sem vítima;209,759;BR-101/RJ;Norte;Choque - Outros;1;;;;;;;;;;1;;;;
06/11/2017;06:10:00;37;sem vítima;209,759;BR-101/RJ;Norte;Saida de Pista;1;;;;;;;;;;1;;;;
06/11/2017;07:17:00;53;com vítima;309,9;BR-101/RJ;Sul;Colisão Traseira;2;;;;;;;;;;2;1;;;
06/11/2017;07:41:00;56;sem vítima;264,3;BR-101/RJ;Sul;Colisão Lateral;1;;;;;1;;;;;7;;;;
06/11/2017;07:21:00;61;sem vítima;64,6;BR-101/RJ;Sul;Colisão Traseira;2;;;;;;;;;;2;;;;
06/11/2017;08:10:00;63;com vítima;318,3;BR-101/RJ;Sul;Engavetamento;2;;;1;;;;;;;3;1;;;
06/11/2017;09:14:00;88;sem vítima;313,8;BR-101/RJ;Sul;Colisão Traseira;1;;;1;;;;;;;2;;;;