data;horario;n_da_ocorrencia;tipo_de_ocorrencia;km;trecho;sentido;tipo_de_acidente;automovel;bicicleta;caminhao;moto;onibus;outros;tracao_animal;transporte_de_cargas_especiais;trator_maquinas;utilitarios;ilesos;levemente_feridos;moderadamente_feridos;gravemente_feridos;mortos
06/11/2017;09:23:00;92;sem vítima;200,5;BR-101/RJ;Norte;Choque - Suporte de Sinalização;1;;;;;1;;;;;5;;;;
06/11/2017;10:35:00;111;sem vítima;81,648;BR-101/RJ;Norte;Choque - Defensa, barreira ou "submarino";1;;1;;;;;;;;2;;;;
06/11/2017;10:35:00;112;sem vítima;192,842;BR-101/RJ;Norte;Choque - Defensa, barreira ou "submarino";1;;;;;;;;;;1;;;;
06/11/2017;12:31:00;127;sem vítima;80,05;BR-101/RJ;Norte;Choque - Defensa, barreira ou "submarino";1;;;;;;;;;;3;;;;
06/11/2017;13:32:00;144;com vítima;10,904;BR-101/RJ;Norte;Colisão Transversal;2;;;;;;;;;;0;2;1;;1
06/11/2017;14:35:00;155;sem vítima;195,155;BR-101/RJ;Norte;Choque - Talude;1;;;;;;;;;;1;;;;
06/11/2017;16:26:21;177;sem vítima;65,7;BR-101/RJ;Sul;Colisão Lateral;1;;1;;;;;;;;2;;;;
06/11/2017;17:48:00;191;com vítima;294,5;BR-101/RJ;Norte;Colisão Traseira;;;1;1;;;;;;;1;;1;;
06/11/2017;18:43:00;206;com vítima;321,7;BR-101/RJ;Norte;Tombamento;;;;1;;;;;;;0;2;;;
07/11/2017;01:26:00;9;com vítima;137,887;BR-101/RJ;Sul;Choque - Talude;;;;;;;;;;1;0;;1;;
07/11/2017;09:55:00;90;sem vítima;303;BR-101/RJ;Sul;Colisão Traseira;2;;;;;;;;;;2;;;;
07/11/2017;11:15:00;111;sem vítima;181,255;BR-101/RJ;Norte;Colisão Frontal;2;;;;;;;;;;9;;;;
07/11/2017;17:04:00;176;sem vítima;276,729;BR-101/RJ;Sul;Choque - Defensa, barreira ou "submarino";2;;;;;;;;;;3;;;;
08/11/2017;07:51:00;64;com vítima;311,334;BR-101/RJ;Norte;Tombamento;;;;1;;;;;;;0;;1;;
08/11/2017;08:22:00;77;sem vítima;63,2;BR-101/RJ;Sul;Colisão Lateral;1;;1;;;;;;;;3;;;;
08/11/2017;08:43:00;86;com vítima;279,15;BR-101/RJ;Norte;Colisão Traseira;1;1;;;;;;;;;2;1;;;
08/11/2017;09:29:00;99;com vítima;314,306;BR-101/RJ;Sul;Tombamento;;;;1;;;;;;;0;2;;;
08/11/2017;10:38:00;119;com vítima;72,525;BR-101/RJ;Sul;Colisão Lateral;;1;;;;1;;;;;1;;1;;
08/11/2017;17:42:00;190;com vítima;62,5;BR-101/RJ;Norte;Choque - Elemento de Drenagem;;1;;;;;;;;;0;1;;;
08/11/2017;19:47:00;213;sem vítima;254,53;BR-101/RJ;Sul;Choque - Defensa, barreira ou "submarino";1;;;;;;;;;;1;;;;
08/11/2017;22:13:00;235;sem vítima;310,65;BR-101/RJ;Norte;Colisão Traseira;1;;;;;;;;;1;5;;;;
09/11/2017;08:30:00;69;sem vítima;314,645;BR-101/RJ;Sul;Colisão Traseira;2;;;;;;;;;;2;;;;
09/11/2017;11:06:00;111;sem vítima;148,95;BR-101/RJ;Norte;Choque - Elemento de Drenagem;;;1;;;;;;;;1;;;;
09/11/2017;14:40:00;144;com vítima;288,508;BR-101/RJ;Sul;Tombamento;;;;1;;;;;;;0;1;;;
09/11/2017;14:44:00;146;com vítima;51,471;BR-101/RJ;Norte;Colisão Lateral;1;;1;;;;;;;1;2;1;;;1
10/11/2017;07:49:00;50;com vítima;315,799;BR-101/RJ;Sul;Tombamento;;;;1;;;;;;;1;1;;;
10/11/2017;09:42:00;105;sem vítima;27,8;BR-101/RJ;Norte;Choque - Outros;;;1;;;;;;;;1;;;;
10/11/2017;12:48:00;154;sem vítima;133,7;BR-101/RJ;Norte;Choque - Defensa, barreira ou "submarino";1;;;;;;;;;;3;;;;
10/11/2017;14:32:00;176;sem vítima;118,528;BR-101/RJ;Sul;Colisão Lateral;2;;;;;;;;;;2;;;;
10/11/2017;20:56:00;269;com vítima;59,116;BR-101/RJ;Sul;Colisão Transversal;2;;;;;;;;;;3;3;;;
11/11/2017;01:43:00;11;sem vítima;188,95;BR-101/RJ;Norte;Choque - Talude;1;;;;;;;;;;1;;;;
11/11/2017;12:51:00;95;sem vítima;265,449;BR-101/RJ;Sul;Choque - Defensa, barreira ou "submarino";1;;;;;;;;;;1;;;;
11/11/2017;14:15:00;106;com vítima;321,13;BR-101/RJ;Sul;Choque - Defensa, barreira ou "submarino";1;;;;;;;;;;2;2;;;
11/11/2017;14:20:00;107;sem vítima;167,495;BR-101/RJ;Norte;Choque - Talude;1;;;;;;;;;;4;;;;
11/11/2017;14:47:00;110;sem vítima;190,449;BR-101/RJ;Sul;Choque - Defensa, barreira ou "submarino";1;;;;;;;;;;1;;;;
11/11/2017;16:06:00;121;com vítima;129,85;BR-101/RJ;Sul;Choque - Elemento de Drenagem;1;;;;;;;;;;0;1;;;
11/11/2017;18:15:00;135;sem vítima;60,3;BR-101/RJ;Norte;Engavetamento;2;;;;;;;;;1;3;;;;
11/11/2017;19:29:00;146;sem vítima;62,411;BR-101/RJ;Norte;Choque - Elemento de Drenagem;1;;;;;;;;;;1;;;;
11/11/2017;20:05:00;154;com vítima;304,586;BR-101/RJ;Norte;Atropelamento - Usuário;;;;;;1;;;;;1;;;;1
12/11/2017;05:16:00;13;com vítima;58,83;BR-101/RJ;Sul;Colisão Frontal;1;;;;1;;;;;;1;;;1;
12/11/2017;06:41:00;18;com vítima;304,124;BR-101/RJ;Sul;Atropelamento - Usuário;;;1;;;1;;;;;1;;1;;
12/11/2017;09:20:00;42;sem vítima;79,65;BR-101/RJ;Norte;Choque - Arvore;1;;;;;;;;;;1;;;;
12/11/2017;13:17:00;80;com vítima;297,892;BR-101/RJ;Norte;Queda;;;;;;;;;;1;3;;;;1
12/11/2017;14:08:00;91;com vítima;62,7;BR-101/RJ;Sul;Colisão Traseira;1;;;;;1;;;;;1;1;;;
12/11/2017;14:23:00;92;com vítima;299,121;BR-101/RJ;Sul;Atropelamento - Andarilho;1;;;;;;;;;;3;;;;1
12/11/2017;14:41:00;95;sem vítima;316,327;BR-101/RJ;Sul;Colisão Lateral;1;;;;1;;;;;;4;;;;
12/11/2017;16:23:00;113;com vítima;208,7;BR-101/RJ;Norte;Choque - Arvore;2;;;;;;;;;;2;2;;;
12/11/2017;19:25:00;148;com vítima;93,3;BR-101/RJ;Norte;Choque - Defensa, barreira ou "submarino";1;;;;;;;;;;3;1;1;;
13/11/2017;08:09:00;76;sem vítima;308,942;BR-101/RJ;Sul;Engavetamento;3;;;;;;;;;;4;;;;
13/11/2017;09:15:00;105;com vítima;314,585;BR-101/RJ;Sul;Engavetamento;4;;;;;;;;;;3;2;;;
13/11/2017;16:37:00;198;com vítima;203,005;BR-101/RJ;Sul;Choque - Defensa, barreira ou "submarino";1;;;;;;;;;;4;;1;;
13/11/2017;19:04:00;226;sem vítima;319,049;BR-101/RJ;Norte;Colisão Traseira;1;;;1;;;;;;;5;;;;
13/11/2017;19:27:00;233;com vítima;319;BR-101/RJ;Norte;Tombamento;;;;1;;;;;;;0;1;;;
13/11/2017;19:32:00;234;com vítima;47,838;BR-101/RJ;Sul;Atropelamento - Morador;;;;;;1;;;;;1;;1;;
13/11/2017;23:18:00;259;com vítima;314,543;BR-101/RJ;Sul;Colisão Traseira;1;;1;;;;;;;;1;1;;;
14/11/2017;00:12:00;4;com vítima;154,356;BR-101/RJ;Sul;Colisão Traseira;1;;1;;;;;;;;2;2;1;;
14/11/2017;02:59:00;20;sem vítima;296,344;BR-101/RJ;Norte;Choque - Defensa, barreira ou "submarino";1;;;;;;;;;;1;;;;
14/11/2017;02:59:00;21;sem vítima;296,344;BR-101/RJ;Sul;Choque - Outros;;;;;;;;;;1;1;;;;
14/11/2017;03:50:00;25;sem vítima;284,759;BR-101/RJ;Norte;Choque - Defensa, barreira ou "submarino";1;;;;;;;;;;1;;;;
14/11/2017;07:20:00;43;com vítima;276,1;BR-101/RJ;Norte;Colisão Traseira;2;;;;;;;;;;1;2;;;
14/11/2017;08:11:00;59;sem vítima;300,82;BR-101/RJ;Norte;Choque - Elemento de Drenagem;1;;;;;;;;;;1;;;;
14/11/2017;09:49:00;95;sem vítima;12,882;BR-101/RJ;Norte;Choque - Outros;1;;;;;;;;;;1;;;;
15/11/2017;04:28:00;25;sem vítima;104,961;BR-101/RJ;Sul;Choque - Defensa, barreira ou "submarino";;;;;;;;;;1;2;;;;
15/11/2017;07:56:00;47;com vítima;288,53;BR-101/RJ;Norte;Colisão Lateral;1;;;1;;;;;;;1;2;;;
15/11/2017;10:57:00;96;com vítima;276;BR-101/RJ;Norte;Outros;;;1;;;;;;;;3;1;;;
15/11/2017;11:12:00;97;sem vítima;147,3;BR-101/RJ;Norte;Choque - Talude;1;;;;;;;;;;2;;;;
15/11/2017;22:13:00;183;com vítima;26,151;BR-101/RJ;Norte;Colisão Frontal;;;2;;;;;;;;0;;1;;1
15/11/2017;22:36:00;186;sem vítima;316,25;BR-101/RJ;Sul;Colisão Traseira;1;;2;;;;;;;;5;;;;
16/11/2017;01:44:00;11;sem vítima;306,35;BR-101/RJ;Norte;Choque - Defensa, barreira ou "submarino";1;;;;;;;;;;1;;;;
16/11/2017;05:18:00;23;sem vítima;60,911;BR-101/RJ;Norte;Colisão Transversal;2;;;;;;;;;;4;;;;
16/11/2017;07:11:00;41;com vítima;60,5;BR-101/RJ;Norte;Atropelamento - Morador;1;;;;;;;;;;1;;1;;
16/11/2017;08:18:00;67;sem vítima;319,142;BR-101/RJ;Sul;Colisão Traseira;;;;;;1;;;;1;2;;;;
16/11/2017;09:28:00;95;com vítima;243,145;BR-101/RJ;Norte;Colisão Transversal;1;;;1;;;;;;;1;1;;;
16/11/2017;16:54:00;199;com vítima;156,828;BR-101/RJ;Sul;Colisão Transversal;1;;;;;;;;;1;1;2;;;
16/11/2017;17:12:00;203;com vítima;272,554;BR-101/RJ;Norte;Choque - Talude;1;;;;;;;;;;0;1;;;
16/11/2017;20:08:00;227;com vítima;121,25;BR-101/RJ;Norte;Colisão Transversal;1;;1;;;;;;;;2;1;;;
16/11/2017;22:57:00;247;sem vítima;252,82;BR-101/RJ;Sul;Choque - Cancela de Pedagio;;;;;;1;;;;;1;;;;
17/11/2017;04:57:00;21;com vítima;289,85;BR-101/RJ;Norte;Choque - Defensa, barreira ou "submarino";1;;;;;;;;;;0;1;;;
17/11/2017;04:57:00;22;com vítima;289,85;BR-101/RJ;Norte;Colisão Traseira;2;;;;;;;;;;4;1;;;
17/11/2017;08:20:00;65;sem vítima;83,085;BR-101/RJ;Norte;Choque - Outros;1;;1;;;;;;;;2;;;;
17/11/2017;10:59:00;110;sem vítima;229,5;BR-101/RJ;Sul;Choque - Defensa, barreira ou "submarino";;;1;;;;;;;;1;;;;
17/11/2017;17:27:00;186;sem vítima;321,142;BR-101/RJ;Sul;Colisão Traseira;1;;;;;;;;;1;2;;;;
17/11/2017;23:20:00;254;sem vítima;76,667;BR-101/RJ;Sul;Colisão Traseira;;;;;;;;;;2;4;;;;
17/11/2017;23:37:00;259;sem vítima;145,308;BR-101/RJ;Norte;Colisão Traseira;;;2;;;;;;;;3;;;;
18/11/2017;04:46:00;33;sem vítima;317,5;BR-101/RJ;Sul;Choque - Defensa, barreira ou "submarino";1;;;;;;;;;;1;;;;
18/11/2017;07:19:00;55;com vítima;193,9;BR-101/RJ;Sul;Choque - Defensa, barreira ou "submarino";1;;;;;;;;;;0;2;;;
18/11/2017;10:40:00;91;sem vítima;296,895;BR-101/RJ;Norte;Colisão Traseira;2;;;;;;;;;;2;;;;
18/11/2017;11:11:00;93;com vítima;97,4;BR-101/RJ;Sul;Tombamento;;;;1;;;;;;;0;1;;;
18/11/2017;11:17:00;97;com vítima;307,13;BR-101/RJ;Norte;Colisão Lateral;1;;;1;;;;;;;2;;;1;
18/11/2017;12:55:00;115;com vítima;310,148;BR-101/RJ;Norte;Colisão Lateral;1;;;1;;;;;;;3;1;;;
18/11/2017;10:45:00;119;sem vítima;297,9;BR-101/RJ;Norte;Colisão Traseira;1;;1;;;;;;;;2;;;;
18/11/2017;13:44:00;120;sem vítima;252,8;BR-101/RJ;Norte;Colisão Traseira;2;;;;;;;;;;2;;;;
18/11/2017;14:36:00;130;sem vítima;297,855;BR-101/RJ;Sul;Colisão Lateral;1;;1;;;;;;;;2;;;;
18/11/2017;15:18:00;142;com vítima;316,5;BR-101/RJ;Sul;Tombamento;;;;1;;;;;;;1;1;;;
18/11/2017;17:30:00;174;sem vítima;297,39;BR-101/RJ;Norte;Engavetamento;2;;1;;;;;;;;6;;;;
18/11/2017;18:29:00;190;sem vítima;297,679;BR-101/RJ;Norte;Colisão Traseira;2;;;;;;;;;;2;;;;
18/11/2017;23:27:00;237;sem vítima;52,318;BR-101/RJ;Norte;Choque - Defensa, barreira ou "submarino";1;;;;;;;;;;1;;;;
19/11/2017;03:05:00;13;sem vítima;321,16;BR-101/RJ;Sul;Choque - Defensa, barreira ou "submarino";1;;;;;;;;;;1;;;;
19/11/2017;04:13:00;21;sem vítima;247,62;BR-101/RJ;Sul;Choque - Talude;;;;;;;;;;1;2;;;;
19/11/2017;08:47:00;50;com vítima;236,622;BR-101/RJ;Sul;Colisão Transversal;1;;;;;;;;;1;3;2;1;;
19/11/2017;15:56:00;106;com vítima;4,05;BR-101/RJ;Norte;Tombamento;;;;1;;;;;;;0;;1;;
19/11/2017;17:33:00;124;sem vítima;293,329;BR-101/RJ;Sul;Choque - Elemento de Drenagem;1;;;;;;;;;;3;;;;
19/11/2017;18:01:00;126;com vítima;71,986;BR-101/RJ;Norte;Atropelamento - Morador;;;;;;1;;;;;1;;1;;
19/11/2017;19:32:00;142;sem vítima;314,424;BR-101/RJ;Sul;Colisão Traseira;2;;;;;;;;;;3;;;;
19/11/2017;20:18:00;161;sem vítima;282,859;BR-101/RJ;Sul;Colisão Transversal;;;;;;1;;;;1;2;;;;
19/11/2017;20:35:00;164;com vítima;311,194;BR-101/RJ;Norte;Choque - Defensa, barreira ou "submarino";1;;;;;;;;;1;2;2;;;
19/11/2017;21:20:00;172;sem vítima;300,24;BR-101/RJ;Norte;Choque - Defensa, barreira ou "submarino";1;;;;;;;;;;2;;;;
19/11/2017;23:29:00;182;com vítima;312,95;BR-101/RJ;Norte;Atropelamento - Morador;;;;;;1;;;;;1;;;;1
19/11/2017;23:32:00;183;sem vítima;62,547;BR-101/RJ;Norte;Choque - Elemento de Drenagem;1;;;;;;;;;;3;;;;
20/11/2017;00:40:00;8;sem vítima;82,877;BR-101/RJ;Sul;Choque - Outros;1;;;;;;;;;;1;;;;
20/11/2017;05:45:00;26;com vítima;306,747;BR-101/RJ;Norte;Colisão Traseira;1;;;1;;;;;;;0;1;2;;
20/11/2017;06:31:00;31;sem vítima;303,05;BR-101/RJ;Sul;Choque - Defensa, barreira ou "submarino";1;;;;;;;;;;1;;;;
20/11/2017;08:19:00;40;com vítima;262,3;BR-101/RJ;Sul;Choque - Defensa, barreira ou "submarino";1;;;;;;;;;;2;1;;;
20/11/2017;08:57:00;49;sem vítima;59,8;BR-101/RJ;Sul;Colisão Traseira;2;;;;;;;;;;2;;;;
20/11/2017;09:34:00;59;com vítima;63,028;BR-101/RJ;Norte;Choque - Elemento de Drenagem;1;;;;;;;;;;0;;1;;
20/11/2017;11:20:00;80;com vítima;291,7;BR-101/RJ;Sul;Engavetamento;3;;;;;;;;;;6;1;;;
20/11/2017;11:41:00;81;com vítima;196,259;BR-101/RJ;Sul;Saida de Pista;1;;;;;;;;;;1;1;;;
20/11/2017;12:59:00;84;sem vítima;263,05;BR-101/RJ;Norte;Colisão Traseira;1;;;1;;;;;;;2;;;;
20/11/2017;13:14:00;90;com vítima;276,422;BR-101/RJ;Sul;Outros - Sequência;2;;;1;;;;;;;7;2;;;
20/11/2017;13:52:00;102;sem vítima;164,95;BR-101/RJ;Norte;Choque - Defensa, barreira ou "submarino";1;;;;;;;;;;2;;;;
20/11/2017;21:16:00;188;com vítima;313,867;BR-101/RJ;Sul;Colisão Lateral;1;;;1;;;;;;;2;;1;;
21/11/2017;01:21:00;9;sem vítima;160,284;BR-101/RJ;Sul;Colisão Lateral;;;2;;;;;;;;3;;;;
21/11/2017;06:06:00;41;com vítima;140,026;BR-101/RJ;Sul;Choque - Defensa, barreira ou "submarino";1;;;;;;;;;;1;1;;;
21/11/2017;06:27:00;42;com vítima;262,233;BR-101/RJ;Sul;Choque - Defensa, barreira ou "submarino";1;;;;;;;;;;0;2;;;
21/11/2017;06:39:00;50;sem vítima;262,233;BR-101/RJ;Sul;Choque - Defensa, barreira ou "submarino";1;;;;;;;;;;3;;;;
21/11/2017;09:53:00;114;sem vítima;173,81;BR-101/RJ;Sul;Engavetamento;2;;1;;;;;;;;6;;;;
21/11/2017;10:29:00;126;com vítima;259,586;BR-101/RJ;Norte;Capotamento;2;;;;;;;;;;5;2;;;
21/11/2017;12:04:00;141;sem vítima;297,8;BR-101/RJ;Norte;Colisão Lateral;1;;1;;;;;;;;2;;;;
21/11/2017;13:02:00;160;sem vítima;321,958;BR-101/RJ;Sul;Colisão Traseira;1;;;1;;;;;;;2;;;;
21/11/2017;14:03:00;168;sem vítima;75;BR-101/RJ;Norte;Choque - Elemento de Drenagem;1;;;;;;;;;;1;;;;
21/11/2017;15:22:00;183;sem vítima;66,433;BR-101/RJ;Norte;Capotamento;1;;;;;;;;;;3;;;;
21/11/2017;15:36:00;190;sem vítima;192,6;BR-101/RJ;Sul;Colisão Traseira;;;1;;;1;;;;;2;;;;
21/11/2017;16:06:00;193;com vítima;286,158;BR-101/RJ;Norte;Colisão Traseira;;;1;1;;;;;;;1;;1;;
22/11/2017;02:39:00;14;com vítima;303,34;BR-101/RJ;Norte;Choque - Defensa, barreira ou "submarino";;;1;;;;;;;;0;;2;;
22/11/2017;05:41:00;24;sem vítima;262,077;BR-101/RJ;Norte;Choque - Defensa, barreira ou "submarino";1;;;;;;;;;;1;;;;
22/11/2017;08:38:00;63;com vítima;112,32;BR-101/RJ;Sul;Tombamento;;;;1;;;;;;;0;;1;;
22/11/2017;09:08:00;78;sem vítima;262,1;BR-101/RJ;Norte;Tombamento;;;;;;;;;;1;2;;;;
22/11/2017;11:57:00;109;sem vítima;311,103;BR-101/RJ;Norte;Colisão Traseira;2;;;;;;;;;;3;;;;
22/11/2017;12:10:00;112;sem vítima;322;BR-101/RJ;Norte;Colisão Lateral;1;;1;;;;;;;;3;;;;
22/11/2017;17:20:00;161;com vítima;65,35;BR-101/RJ;Sul;Colisão Lateral;1;;;1;;;;;;;3;1;;;
22/11/2017;18:40:00;176;sem vítima;225,994;BR-101/RJ;Norte;Choque - Suporte de Sinalização;1;;;;;;;;;;1;;;;
22/11/2017;18:56:00;180;sem vítima;132,782;BR-101/RJ;Norte;Choque - Defensa, barreira ou "submarino";1;;;;;;;;;;2;;;;
22/11/2017;23:23:00;215;sem vítima;62,362;BR-101/RJ;Norte;Colisão Lateral;2;;;;;;;;;;3;;;;
23/11/2017;11:23:00;88;sem vítima;139,5;BR-101/RJ;Norte;Choque - Defensa, barreira ou "submarino";1;;;;;;;;;;1;;;;
23/11/2017;11:35:00;94;sem vítima;166,033;BR-101/RJ;Sul;Choque - Defensa, barreira ou "submarino";;;;;;;;;;1;1;;;;
23/11/2017;11:29:00;95;sem vítima;176,801;BR-101/RJ;Sul;Capotamento;1;;;;;;;;;;1;;;;
23/11/2017;12:45:00;101;sem vítima;169,19;BR-101/RJ;Norte;Tombamento;;;;;;;;;;1;1;;;;
23/11/2017;13:48:00;111;sem vítima;86,819;BR-101/RJ;Norte;Choque - Talude;;;1;;;;;;;;1;;;;
23/11/2017;14:59:00;128;sem vítima;108,052;BR-101/RJ;Sul;Choque - Talude;1;;;;;;;;;;1;;;;
23/11/2017;21:47:00;162;sem vítima;307,398;BR-101/RJ;Norte;Choque - Defensa, barreira ou "submarino";1;;;;;;;;;;4;;;;
24/11/2017;07:24:00;56;com vítima;311,907;BR-101/RJ;Sul;Colisão Lateral;;;;1;;1;;;;;1;2;;;
24/11/2017;10:06:00;127;sem vítima;292,364;BR-101/RJ;Sul;Choque - Defensa, barreira ou "submarino";1;;;;;;;;;;1;;;;
24/11/2017;10:09:00;129;sem vítima;292,364;BR-101/RJ;Norte;Colisão Traseira;1;;1;;;;;;;;4;;;;
24/11/2017;11:14:00;147;sem vítima;320,635;BR-101/RJ;Sul;Colisão Lateral;;;1;;1;;;;;;2;;;;
24/11/2017;16:15:00;209;com vítima;316,94;BR-101/RJ;Norte;Colisão Lateral;1;;;1;;;;;;;1;1;;;
24/11/2017;16:21:00;211;sem vítima;320;BR-101/RJ;Sul;Colisão Lateral;1;;1;1;;;;;;;4;;;;
24/11/2017;17:17:00;216;com vítima;294,597;BR-101/RJ;Norte;Colisão Traseira;;;1;;1;;;;;;2;1;;;
24/11/2017;17:30:00;217;sem vítima;319,733;BR-101/RJ;Sul;Colisão Traseira;1;;;;1;;;;;;2;;;;
24/11/2017;18:26:00;231;com vítima;318,468;BR-101/RJ;Sul;Colisão Lateral;1;;;1;;;;;;;2;1;;;
24/11/2017;20:21:00;249;sem vítima;296,05;BR-101/RJ;Norte;Engavetamento;3;;;;;;;;;;8;;;;
24/11/2017;22:22:00;266;com vítima;306,123;BR-101/RJ;Sul;Colisão Traseira;1;;;;;;;;;1;0;4;;1;
25/11/2017;00:33:00;8;com vítima;294,559;BR-101/RJ;Sul;Atropelamento - Morador;;;;1;;;;;;;0;;;;2
25/11/2017;00:40:00;9;sem vítima;296,096;BR-101/RJ;Norte;Colisão Lateral;1;;;;;1;;;;;2;;;;
25/11/2017;02:16:00;18;com vítima;321,8;BR-101/RJ;Norte;Colisão Lateral;2;;;;;;;;;;1;2;;;
25/11/2017;05:47:00;35;com vítima;285,85;BR-101/RJ;Sul;Capotamento;1;;;;;;;;;;0;1;;;
25/11/2017;06:31:00;40;sem vítima;307,97;BR-101/RJ;Norte;Colisão Lateral;;;;1;1;;;;;;2;;;;
25/11/2017;10:01:00;98;sem vítima;294,309;BR-101/RJ;Norte;Colisão Lateral;2;;;;;;;;;;3;;;;
25/11/2017;11:04:00;108;com vítima;318,445;BR-101/RJ;Sul;Colisão Lateral;1;;;1;;;;;;;1;1;;;
25/11/2017;11:45:00;114;com vítima;139,7;BR-101/RJ;Sul;Tombamento;;;;1;;;;;;;1;;1;;
25/11/2017;12:05:00;116;sem vítima;295,536;BR-101/RJ;Norte;Choque - Outros;1;;;;;;;;;;4;;;;
25/11/2017;14:34:00;136;sem vítima;106,742;BR-101/RJ;Norte;Choque - Suporte de Sinalização;;;;;;;;;;1;2;;;;
25/11/2017;15:51:00;151;com vítima;275,3;BR-101/RJ;Norte;Colisão Lateral;1;;;1;;;;;;;1;1;;;
25/11/2017;16:34:00;156;sem vítima;319,459;BR-101/RJ;Norte;Colisão Lateral;1;;;;;1;;;;;1;;;;
25/11/2017;17:16:00;168;sem vítima;65,444;BR-101/RJ;Norte;Colisão Traseira;1;;;;1;;;;;;2;;;;
26/11/2017;07:01:00;38;sem vítima;200,28;BR-101/RJ;Norte;Choque - Defensa, barreira ou "submarino";1;;;;;;;;;;1;;;;
26/11/2017;07:57:00;50;sem vítima;119,5;BR-101/RJ;Sul;Colisão Traseira;2;;;;;;;;;;2;;;;
26/11/2017;12:35:00;88;sem vítima;293,305;BR-101/RJ;Norte;Colisão Lateral;1;;1;;;;;;;;5;;;;
26/11/2017;12:47:00;91;com vítima;60,335;BR-101/RJ;Norte;Colisão Transversal;1;1;;;;;;;;;0;1;;1;
26/11/2017;13:31:00;98;com vítima;295,406;BR-101/RJ;Sul;Colisão Traseira;2;;;;;;;;;;3;4;;;
26/11/2017;15:26:00;113;sem vítima;246,3;BR-101/RJ;Sul;Choque - Outros;1;;;;;;;;;;3;;;;
26/11/2017;19:26:00;183;com vítima;267,698;BR-101/RJ;Sul;Tombamento;;;;1;;1;;;;;1;2;;;
26/11/2017;22:16:00;201;sem vítima;195,442;BR-101/RJ;Norte;Capotamento;1;;;;;1;;;;;3;;;;
27/11/2017;07:54:00;65;sem vítima;317,8;BR-101/RJ;Sul;Colisão Lateral;1;;;1;;1;;;;;3;;;;
27/11/2017;09:40:00;102;sem vítima;316,45;BR-101/RJ;Sul;Colisão Traseira;1;;;;;1;;;;;2;;;;
27/11/2017;13:41:00;152;com vítima;196,2;BR-101/RJ;Sul;Tombamento;;;1;;;;;;;;0;1;;;
27/11/2017;20:43:00;228;sem vítima;270,764;BR-101/RJ;Sul;Colisão Traseira;;;2;;;;;;;;2;;;;
27/11/2017;22:54:00;244;sem vítima;75,379;BR-101/RJ;Sul;Choque - Elemento de Drenagem;1;;;;;;;;;;1;;;;
27/11/2017;23:53:00;246;com vítima;235,335;BR-101/RJ;Sul;Engavetamento;1;;;;;2;;;;;3;1;;;
28/11/2017;00:27:00;6;sem vítima;99,488;BR-101/RJ;Norte;Choque - Defensa, barreira ou "submarino";;;;;;;;;;1;1;;;;
28/11/2017;06:39:00;33;com vítima;244,539;BR-101/RJ;Sul;Choque - Defensa, barreira ou "submarino";1;;;;;;;;;;0;2;;;
28/11/2017;13:56:00;128;com vítima;52,4;BR-101/RJ;Sul;Tombamento;;;;1;;;;;;;0;1;1;;
28/11/2017;14:08:00;129;sem vítima;95,05;BR-101/RJ;Norte;Choque - Defensa, barreira ou "submarino";;;;;;;;;;1;2;;;;
28/11/2017;14:58:00;137;com vítima;63,6;BR-101/RJ;Sul;Engavetamento;2;;2;;;;;;;;8;1;;;
28/11/2017;15:11:00;142;com vítima;209,74;BR-101/RJ;Norte;Choque - Defensa, barreira ou "submarino";;;1;;;;;;;;0;1;;;
28/11/2017;16:33:00;152;sem vítima;123;BR-101/RJ;Sul;Colisão Traseira;;;1;;;1;;;;;4;;;;
28/11/2017;16:37:00;153;com vítima;215,125;BR-101/RJ;Sul;Choque - Defensa, barreira ou "submarino";;;1;;;;;;;;1;;1;;
28/11/2017;16:52:00;156;sem vítima;196,6;BR-101/RJ;Sul;Choque - Defensa, barreira ou "submarino";1;;;;;;;;;;1;;;;
28/11/2017;18:38:00;170;com vítima;209,358;BR-101/RJ;Norte;Choque - Defensa, barreira ou "submarino";1;;;;;;;;;;1;;1;;
29/11/2017;02:12:00;13;sem vítima;289,061;BR-101/RJ;Norte;Atropelamento de Animal;;;1;;;;;;;;1;;;;
29/11/2017;10:35:00;115;com vítima;66,905;BR-101/RJ;Norte;Colisão Transversal;1;;;1;;;;;;;1;1;;;
29/11/2017;11:03:00;120;com vítima;59,369;BR-101/RJ;Norte;Colisão Lateral;1;;;1;;;;;;;1;1;;;
29/11/2017;12:22:00;132;sem vítima;306,06;BR-101/RJ;Norte;Engavetamento;3;;;;;;;;;;7;;;;
29/11/2017;13:40:00;143;com vítima;296,27;BR-101/RJ;Norte;Choque - Defensa, barreira ou "submarino";;;;1;;;;;;;0;1;1;;