data;horario;n_da_ocorrencia;tipo_de_ocorrencia;km;trecho;sentido;tipo_de_acidente;automovel;bicicleta;caminhao;moto;onibus;outros;tracao_animal;transporte_de_cargas_especiais;trator_maquinas;utilitarios;ilesos;levemente_feridos;moderadamente_feridos;gravemente_feridos;mortos
29/11/2017;20:25:00;207;com vítima;308,092;BR-101/RJ;Sul;Tombamento;;;;1;;;;;;;0;2;;;
29/11/2017;20:41:00;210;sem vítima;113,06;BR-101/RJ;Norte;Atropelamento de Animal;1;;;;;;;;;;1;;;;
29/11/2017;20:48:00;211;sem vítima;84,3;BR-101/RJ;Norte;Colisão Traseira;1;;;;;1;;;;;4;;;;
30/11/2017;01:35:00;9;sem vítima;180,417;BR-101/RJ;Sul;Tombamento;;;1;;;;;;;;1;;;;
30/11/2017;10:05:00;103;com vítima;112,94;BR-101/RJ;Norte;Colisão Frontal;;;;1;;;;;;1;0;1;1;;1
30/11/2017;12:21:00;125;com vítima;180,417;BR-101/RJ;Sul;Choque - Defensa, barreira ou "submarino";;;;1;;;;;;;0;1;;;
30/11/2017;12:29:00;128;sem vítima;76,273;BR-101/RJ;Norte;Colisão Traseira;1;;;;1;;;;;;2;;;;
30/11/2017;16:19:00;167;com vítima;299,2;BR-101/RJ;Sul;Atropelamento - Ambulante;1;;;;;;;;;;1;1;;;
30/11/2017;17:44:00;180;com vítima;282,72;BR-101/RJ;Norte;Capotamento;1;;;;;;;;;;0;;1;;
30/11/2017;22:01:00;220;com vítima;252,8;BR-101/RJ;Sul;Atropelamento - Funcionário;1;;;;;;;;;;1;1;;;
01/12/2017;01:28:00;16;sem vítima;321,1;BR-101/RJ;Sul;Choque - Defensa, barreira ou "submarino";1;;;;;;;;;;1;;;;
01/12/2017;04:46:00;26;com vítima;285,468;BR-101/RJ;Sul;Colisão Traseira;;;1;;1;;;;;;40;2;;1;
01/12/2017;08:27:00;64;sem vítima;195,4;BR-101/RJ;Sul;Choque - Talude;1;;;;;;;;;;3;;;;
01/12/2017;11:13:00;110;sem vítima;252,8;BR-101/RJ;Norte;Choque - Defensa, barreira ou "submarino";1;;;;;;;;;;2;;;;
01/12/2017;12:38:00;125;com vítima;294,231;BR-101/RJ;Norte;Colisão Traseira;1;;;;;1;;;;;3;3;;;
01/12/2017;16:53:00;164;com vítima;59,85;BR-101/RJ;Sul;Colisão Transversal;2;;;;;;;;;;2;1;;;
01/12/2017;16:57:00;166;sem vítima;75,249;BR-101/RJ;Norte;Choque - Elemento de Drenagem;1;;;;;;;;;;2;;;;
01/12/2017;17:30:00;175;com vítima;81,63;BR-101/RJ;Norte;Choque - Defensa, barreira ou "submarino";1;;1;;;;;;;1;13;3;;;
01/12/2017;17:42:00;176;sem vítima;195,184;BR-101/RJ;Sul;Choque - Talude;1;;;;;;;;;;1;;;;
01/12/2017;19:54:00;200;sem vítima;87,579;BR-101/RJ;Norte;Choque - Talude;1;;;;;;;;;;1;;;;
01/12/2017;20:51:00;213;com vítima;318,32;BR-101/RJ;Norte;Colisão Lateral;;;;1;;1;;;;;1;1;;;
01/12/2017;21:01:00;215;com vítima;121,095;BR-101/RJ;Sul;Choque - Defensa, barreira ou "submarino";1;;;;;;;;;;0;2;;;
02/12/2017;01:33:00;13;com vítima;229,55;BR-101/RJ;Sul;Choque - Defensa, barreira ou "submarino";;;1;;;;;;;;0;2;;;
02/12/2017;04:03:00;23;sem vítima;50,741;BR-101/RJ;Sul;Colisão Traseira;1;;1;;;;;;;;2;;;;
02/12/2017;06:11:00;31;sem vítima;307,791;BR-101/RJ;Norte;Colisão Lateral;1;;1;;;;;;;;2;;;;
02/12/2017;10:09:00;64;sem vítima;192,465;BR-101/RJ;Sul;Colisão Lateral;1;;;;;1;;;;;2;;;;
02/12/2017;10:31:00;71;com vítima;275,5;BR-101/RJ;Sul;Atropelamento - Morador;;;;;;1;;;;;1;;;1;
02/12/2017;13:05:00;85;com vítima;309,812;BR-101/RJ;Norte;Tombamento;;;;1;;;;;;;0;1;;;
02/12/2017;15:40:00;110;sem vítima;92,788;BR-101/RJ;Norte;Choque - Defensa, barreira ou "submarino";1;;;;;;;;;;1;;;;
02/12/2017;19:45:00;158;sem vítima;319,967;BR-101/RJ;Sul;Choque - Defensa, barreira ou "submarino";1;;;;;;;;;;7;;;;
02/12/2017;21:38:00;175;sem vítima;289,926;BR-101/RJ;Sul;Choque - Arvore;1;;;;;;;;;;1;;;;
03/12/2017;08:29:00;36;sem vítima;318,792;BR-101/RJ;Norte;Choque - Defensa, barreira ou "submarino";1;;;;;;;;;;1;;;;
03/12/2017;10:27:00;65;com vítima;304,093;BR-101/RJ;Norte;Colisão Traseira;1;;;1;;;;;;;2;1;;;
03/12/2017;16:20:00;122;sem vítima;82,05;BR-101/RJ;Sul;Colisão Lateral;1;;1;;;;;;;;3;;;;
03/12/2017;17:33:00;132;com vítima;81,592;BR-101/RJ;Sul;Tombamento;;;;1;;;;;;;0;2;;;
03/12/2017;19:11:00;144;com vítima;71,077;BR-101/RJ;Norte;Colisão Transversal;2;;;;;;;;;;4;1;;;
03/12/2017;21:45:00;161;com vítima;60,505;BR-101/RJ;Norte;Colisão Traseira;2;;;;;;;;;;3;1;;;
03/12/2017;23:34:00;172;com vítima;60,154;BR-101/RJ;Norte;Colisão Traseira;1;;;;;1;;;;;2;1;;;
03/12/2017;23:50:00;175;sem vítima;194,799;BR-101/RJ;Norte;Choque - Outros;1;;;;;;;;;;2;;;;
04/12/2017;00:45:00;8;sem vítima;66,527;BR-101/RJ;Sul;Choque - Elemento de Drenagem;1;;;;;;;;;;1;;;;
04/12/2017;01:47:00;12;sem vítima;74,1;BR-101/RJ;Sul;Colisão Lateral;1;;;;;1;;;;;6;;;;
04/12/2017;02:37:00;18;sem vítima;243,228;BR-101/RJ;Sul;Choque - Defensa, barreira ou "submarino";1;;;;;;;;;;1;;;;
04/12/2017;06:32:00;37;sem vítima;310,042;BR-101/RJ;Sul;Colisão Lateral;1;;1;;;;;;;;2;;;;
04/12/2017;10:54:00;119;sem vítima;311,332;BR-101/RJ;Norte;Colisão Traseira;2;;;;;;;;;;3;;;;
04/12/2017;11:42:00;128;sem vítima;256,4;BR-101/RJ;Sul;Colisão Traseira;2;;;;;;;;;;2;;;;
04/12/2017;17:14:00;186;com vítima;282,824;BR-101/RJ;Norte;Tombamento;;;;1;;;;;;;0;1;;;
04/12/2017;17:51:00;192;sem vítima;321;BR-101/RJ;Sul;Colisão Lateral;1;;;;;1;;;;;2;;;;
04/12/2017;18:49:00;202;sem vítima;308,141;BR-101/RJ;Norte;Choque - Defensa, barreira ou "submarino";;;;;;1;;;;1;3;;;;
04/12/2017;20:56:00;219;com vítima;55,175;BR-101/RJ;Sul;Colisão Lateral;1;;1;;;;;;;;3;1;;;
04/12/2017;22:47:00;234;sem vítima;66,373;BR-101/RJ;Norte;Colisão Traseira;2;;;;;;;;;;5;;;;
05/12/2017;02:14:00;15;com vítima;67,539;BR-101/RJ;Norte;Colisão Traseira;1;;;;;1;;;;;1;;1;;
05/12/2017;07:23:00;39;com vítima;313,29;BR-101/RJ;Sul;Colisão Lateral;;;;2;;;;;;;0;3;;;
05/12/2017;08:17:00;50;sem vítima;266,355;BR-101/RJ;Sul;Choque - Defensa, barreira ou "submarino";1;;;;;;;;;;3;;;;
05/12/2017;17:29:00;162;sem vítima;64,5;BR-101/RJ;Sul;Colisão Transversal;1;;1;;;;;;;;2;;;;
05/12/2017;18:36:00;172;sem vítima;130,427;BR-101/RJ;Norte;Capotamento;1;;;;;;;;;;2;;;;
05/12/2017;18:46:00;173;com vítima;55,7;BR-101/RJ;Norte;Colisão Traseira;1;;;1;;;;;;;1;1;;;
06/12/2017;01:00:00;9;com vítima;140,689;BR-101/RJ;Sul;Colisão Traseira;;;3;;;;;;;;3;;;1;
06/12/2017;08:06:00;81;sem vítima;170,131;BR-101/RJ;Norte;Colisão Traseira;1;;1;;;;;;;;3;;;;
06/12/2017;08:36:00;86;com vítima;267;BR-101/RJ;Sul;Choque - Outros;;1;;;;;;;;;0;1;;;
06/12/2017;08:55:00;94;com vítima;317,27;BR-101/RJ;Sul;Colisão Traseira;;;;1;;1;;;;;1;1;;;
06/12/2017;15:12:00;178;sem vítima;62,861;BR-101/RJ;Norte;Colisão Traseira;3;;;;;;;;;;4;;;;
06/12/2017;15:40:00;183;sem vítima;62,9;BR-101/RJ;Norte;Engavetamento;4;;;;;;;;;;4;;;;
06/12/2017;17:06:00;200;com vítima;291,95;BR-101/RJ;Sul;Choque - Defensa, barreira ou "submarino";;;1;;;;;;;;1;;;;1
06/12/2017;17:06:00;206;com vítima;291,389;BR-101/RJ;Norte;Objeto lançado contra veículo;1;;;;;;;;;1;3;1;;;
06/12/2017;22:14:00;238;sem vítima;310,3;BR-101/RJ;Sul;Atropelamento de Animal;1;;;;;;;;;;1;;;;
07/12/2017;07:32:00;47;sem vítima;123;BR-101/RJ;Sul;Colisão Traseira;1;;1;;;;;;;;2;;;;
07/12/2017;08:24:00;67;sem vítima;111,513;BR-101/RJ;Norte;Choque - Defensa, barreira ou "submarino";1;;;;;;;;;;2;;;;
07/12/2017;08:42:00;74;com vítima;321,3;BR-101/RJ;Sul;Colisão Lateral;;;;2;;;;;;;0;2;;;
07/12/2017;11:11:00;120;com vítima;297,36;BR-101/RJ;Norte;Colisão Lateral;;1;;1;;;;;;;1;;1;;
07/12/2017;15:46:00;157;sem vítima;293,5;BR-101/RJ;Norte;Engavetamento;3;;;;;;;;;;4;;;;
07/12/2017;21:55:00;222;sem vítima;317,866;BR-101/RJ;Norte;Colisão Frontal;2;;;;;;;;;;7;;;;
08/12/2017;07:09:00;42;com vítima;318,137;BR-101/RJ;Sul;Colisão Lateral;1;;;1;;;;;;;2;1;;;
08/12/2017;07:21:00;46;sem vítima;144,22;BR-101/RJ;Sul;Choque - Defensa, barreira ou "submarino";1;;;;;;;;;;1;;;;
08/12/2017;07:59:00;53;sem vítima;232,191;BR-101/RJ;Norte;Capotamento;1;;;;;;;;;;2;;;;
08/12/2017;09:48:00;90;com vítima;77,8;BR-101/RJ;Norte;Colisão Lateral;;1;;;1;;;;;;1;1;;;
08/12/2017;11:16:00;112;sem vítima;293,339;BR-101/RJ;Sul;Colisão Traseira;2;;;;;;;;;;3;;;;
08/12/2017;11:55:00;119;com vítima;107,95;BR-101/RJ;Sul;Choque - Defensa, barreira ou "submarino";1;;;;;;;;;;0;1;;;
08/12/2017;12:10:00;121;com vítima;88,24;BR-101/RJ;Norte;Capotamento;1;;;;;;;;;;1;1;;;
08/12/2017;12:17:00;122;sem vítima;70,63;BR-101/RJ;Sul;Tombamento;;;1;;;1;;;;;2;;;;
08/12/2017;13:11:00;129;sem vítima;232,919;BR-101/RJ;Sul;Choque - Defensa, barreira ou "submarino";1;;;;;;;;;;1;;;;
08/12/2017;14:03:00;135;com vítima;107,969;BR-101/RJ;Sul;Choque - Talude;1;;;;;;;;;;0;1;2;;
08/12/2017;15:29:00;138;sem vítima;105,25;BR-101/RJ;Sul;Choque - Defensa, barreira ou "submarino";1;;;;;;;;;;2;;;;
08/12/2017;15:42:00;140;com vítima;176,67;BR-101/RJ;Norte;Choque - Talude;1;;;;;;;;;;2;1;;;
08/12/2017;14:25:00;141;sem vítima;261,632;BR-101/RJ;Norte;Choque - Elemento de Drenagem;;;;;;;;;;1;1;;;;
08/12/2017;16:13:00;165;sem vítima;133,509;BR-101/RJ;Norte;Choque - Talude;1;;;;;;;;;;1;;;;
08/12/2017;17:10:00;181;com vítima;105,355;BR-101/RJ;Sul;Choque - Defensa, barreira ou "submarino";1;;;;;;;;;;0;1;;;
08/12/2017;17:27:00;186;com vítima;59,9;BR-101/RJ;Norte;Colisão Transversal;1;;;1;;;;;;;1;2;;;
08/12/2017;17:31:00;187;sem vítima;266,45;BR-101/RJ;Norte;Choque - Outros;1;;;;;;;;;;1;;;;
08/12/2017;17:47:00;191;com vítima;87,533;BR-101/RJ;Norte;Choque - Defensa, barreira ou "submarino";1;;;;;;;;;;0;;;1;
08/12/2017;18:02:00;195;sem vítima;91,35;BR-101/RJ;Norte;Choque - Defensa, barreira ou "submarino";;;;;;;;;;1;2;;;;
08/12/2017;18:45:00;204;sem vítima;130,741;BR-101/RJ;Norte;Capotamento;1;;;;1;;;;;;3;;;;
08/12/2017;19:19:00;210;com vítima;64,415;BR-101/RJ;Norte;Colisão Transversal;1;;1;;;;;;;;1;1;;;
08/12/2017;19:59:00;219;sem vítima;301,2;BR-101/RJ;Norte;Engavetamento;3;;;;;;;;;;6;;;;
09/12/2017;03:58:00;27;sem vítima;209,82;BR-101/RJ;Norte;Saida de Pista;1;;;;;;;;;;2;;;;
09/12/2017;10:13:00;86;sem vítima;299,8;BR-101/RJ;Sul;Colisão Traseira;1;;;;;1;;;;;2;;;;
09/12/2017;14:31:00;135;sem vítima;295,08;BR-101/RJ;Norte;Engavetamento;2;;;;;2;;;;;9;;;;
09/12/2017;15:55:00;153;com vítima;57,6;BR-101/RJ;Norte;Atropelamento - Morador;;;;;;;;;;1;1;;1;;
09/12/2017;17:29:00;169;com vítima;288,221;BR-101/RJ;Norte;Choque - Defensa, barreira ou "submarino";1;;;;;;;;;;0;;;1;1
09/12/2017;17:37:00;170;sem vítima;41,93;BR-101/RJ;Sul;Colisão Transversal;;;1;;;1;;;;;2;;;;
09/12/2017;19:33:00;192;com vítima;92,538;BR-101/RJ;Norte;Choque - Talude;1;;;;;;;;;;1;;;2;
09/12/2017;22:49:00;220;sem vítima;269,15;BR-101/RJ;Norte;Choque - Elemento de Drenagem;1;;;;;;;;;;1;;;;
10/12/2017;01:41:00;17;sem vítima;307,42;BR-101/RJ;Norte;Atropelamento de Animal;1;;;;;;;;;;2;;;;
10/12/2017;02:24:00;22;com vítima;75,944;BR-101/RJ;Sul;Choque - Arvore;1;;;;;;;;;;0;1;;;
10/12/2017;03:41:00;29;sem vítima;297,878;BR-101/RJ;Sul;Choque - Defensa, barreira ou "submarino";1;;;;;;;;;;3;;;;
10/12/2017;12:26:00;92;sem vítima;39,171;BR-101/RJ;Sul;Choque - Defensa, barreira ou "submarino";1;;1;;;;;;;;5;;;;
10/12/2017;16:23:00;135;com vítima;271,255;BR-101/RJ;Sul;Colisão Transversal;1;;;1;;;;;;;4;2;;;
10/12/2017;16:27:00;136;com vítima;236,471;BR-101/RJ;Sul;Tombamento;;;;1;;;;;;;0;;1;;
11/12/2017;02:36:00;12;com vítima;63,9;BR-101/RJ;Norte;Colisão Transversal;1;;;;;1;;;;;1;1;;;
11/12/2017;03:07:00;16;com vítima;312,1;BR-101/RJ;Norte;Colisão Lateral;;;1;1;;;;;;;1;;1;;
11/12/2017;06:46:00;36;com vítima;309,195;BR-101/RJ;Sul;Colisão Lateral;1;;;1;;;;;;;1;1;;;
11/12/2017;07:52:00;56;sem vítima;308,85;BR-101/RJ;Sul;Colisão Traseira;1;;;;;1;;;;;5;;;;
11/12/2017;08:21:00;74;sem vítima;284,972;BR-101/RJ;Sul;Colisão Traseira;2;;;;;1;;;;;3;;;;
11/12/2017;08:48:00;86;com vítima;318,231;BR-101/RJ;Sul;Colisão Traseira;1;;;1;;;;;;;2;1;;;
11/12/2017;09:41:00;101;com vítima;192,25;BR-101/RJ;Sul;Colisão Traseira;;;;1;;1;;;;;1;1;;;
11/12/2017;10:25:00;112;sem vítima;312,229;BR-101/RJ;Norte;Engavetamento;4;;;;;;;;;;9;;;;
11/12/2017;11:49:00;127;sem vítima;308,304;BR-101/RJ;Sul;Colisão Traseira;2;;;;;;;;;;5;;;;
11/12/2017;15:15:00;168;sem vítima;252,56;BR-101/RJ;Sul;Colisão Traseira;;;1;;;;;;;1;2;;;;
11/12/2017;19:52:00;204;sem vítima;89,9;BR-101/RJ;Sul;Atropelamento de Animal;1;;;;;;;;;;1;;;;
11/12/2017;18:55:00;216;com vítima;319,35;BR-101/RJ;Norte;Engavetamento;3;;;;;;;;;;8;1;;;
11/12/2017;21:22:00;220;com vítima;308,513;BR-101/RJ;Sul;Atropelamento - Morador;1;;;;;;;;;;1;;1;;
12/12/2017;06:07:00;35;sem vítima;300,1;BR-101/RJ;Norte;Choque - Defensa, barreira ou "submarino";1;;;;;;;;;;1;;;;
12/12/2017;07:13:00;56;com vítima;269,1;BR-101/RJ;Norte;Atropelamento - Morador;1;;;;;;;;;;1;;1;;
12/12/2017;09:25:00;106;com vítima;297,5;BR-101/RJ;Norte;Colisão Lateral;2;1;;;;1;;;;;3;2;;;
12/12/2017;09:50:00;110;sem vítima;293,25;BR-101/RJ;Norte;Engavetamento;3;;;;;;;;;;3;;;;
12/12/2017;10:02:00;114;com vítima;271;BR-101/RJ;Norte;Colisão Traseira;;;1;1;;;;;;;2;1;;;
12/12/2017;10:55:00;125;sem vítima;217,3;BR-101/RJ;Sul;Tombamento;1;;;;;;;;;;2;;;;
12/12/2017;11:46:00;138;sem vítima;120,2;BR-101/RJ;Norte;Colisão Traseira;1;;1;;;;;;;;3;;;;
12/12/2017;09:28:00;154;sem vítima;321,9;BR-101/RJ;Sul;Colisão Lateral;1;;1;;;;;;;;2;;;;
12/12/2017;13:06:00;156;sem vítima;156,4;BR-101/RJ;Sul;Choque - Talude;1;;;;;;;;;;1;;;;
12/12/2017;13:19:00;158;com vítima;192,834;BR-101/RJ;Norte;Colisão Lateral;;;;1;;;;;;;0;1;;;
12/12/2017;14:50:00;171;sem vítima;316,5;BR-101/RJ;Sul;Colisão Traseira;1;;;;;1;;;;;2;;;;
12/12/2017;23:50:00;246;com vítima;74,416;BR-101/RJ;Norte;Colisão Transversal;1;1;;;;;;;;;1;1;;;
13/12/2017;03:55:00;18;com vítima;201,17;BR-101/RJ;Sul;Choque - Defensa, barreira ou "submarino";1;;;;;;;;;;0;1;;;
13/12/2017;07:48:00;59;sem vítima;84,2;BR-101/RJ;Norte;Colisão Traseira;2;;;;;;;;;;5;;;;
13/12/2017;13:42:00;133;sem vítima;59,01;BR-101/RJ;Norte;Engavetamento;2;;;;;;;;;2;9;;;;
13/12/2017;16:41:00;171;sem vítima;313,516;BR-101/RJ;Norte;Colisão Traseira;2;;;;;;;;;;4;;;;
13/12/2017;19:40:00;204;com vítima;310,186;BR-101/RJ;Norte;Colisão Traseira;2;;;;;;;;;;2;1;1;;
14/12/2017;03:48:00;27;sem vítima;200,45;BR-101/RJ;Norte;Choque - Defensa, barreira ou "submarino";1;;;;;;;;;;2;;;;
14/12/2017;07:19:00;53;sem vítima;261,4;BR-101/RJ;Sul;Atropelamento de Animal;1;;;;;;;;;;1;;;;
14/12/2017;10:35:00;117;sem vítima;65,2;BR-101/RJ;Sul;Colisão Transversal;;;1;;;1;;;;;4;;;;
14/12/2017;17:51:00;208;sem vítima;294,137;BR-101/RJ;Norte;Colisão Traseira;1;;;;;1;;;;;2;;;;
14/12/2017;18:09:00;212;sem vítima;317,114;BR-101/RJ;Norte;Colisão Traseira;2;;;;;;;;;;6;;;;
14/12/2017;18:31:00;217;com vítima;269,435;BR-101/RJ;Sul;Tombamento;;;;1;;;;;;;0;1;1;;
14/12/2017;22:10:00;247;sem vítima;102,51;BR-101/RJ;Sul;Choque - Objeto sobre a pista;1;;;;;;;;;;1;;;;
14/12/2017;22:11:00;250;sem vítima;102,51;BR-101/RJ;Sul;Choque - Objeto sobre a pista;1;;;;;;;;;;1;;;;
14/12/2017;22:42:00;253;sem vítima;119,046;BR-101/RJ;Sul;Choque - Objeto sobre a pista;1;;;;;;;;;;1;;;;
15/12/2017;01:51:00;12;sem vítima;308,02;BR-101/RJ;Norte;Atropelamento de Animal;1;;;;;;;;;;1;;;;
15/12/2017;06:54:00;33;sem vítima;303,1;BR-101/RJ;Norte;Choque - Defensa, barreira ou "submarino";1;;;;;;;;;;1;;;;
15/12/2017;06:59:00;37;sem vítima;61,3;BR-101/RJ;Sul;Colisão Traseira;2;;;;;;;;;;2;;;;
15/12/2017;07:09:00;39;com vítima;312,1;BR-101/RJ;Sul;Tombamento;;;;1;;;;;;;0;1;;;
15/12/2017;08:32:00;67;com vítima;60,7;BR-101/RJ;Norte;Colisão Traseira;;;;2;;;;;;;0;2;1;;
15/12/2017;14:42:00;164;com vítima;95,124;BR-101/RJ;Sul;Capotamento;;;1;;;;;;;;0;;;;1
15/12/2017;16:04:00;187;com vítima;305,226;BR-101/RJ;Sul;Atropelamento de Animal;;;;1;;;;;;;0;1;;;
15/12/2017;18:28:00;211;com vítima;321;BR-101/RJ;Norte;Tombamento;;;;1;;;;;;;0;1;;;
15/12/2017;18:44:00;220;com vítima;124,342;BR-101/RJ;Sul;Colisão Traseira;2;;;;;;;;;;1;;1;;
15/12/2017;18:52:00;223;sem vítima;66,3;BR-101/RJ;Norte;Colisão Lateral;1;;1;;;;;;;;2;;;;
15/12/2017;19:59:00;240;sem vítima;319,805;BR-101/RJ;Norte;Colisão Traseira;2;;;;;;;;;;2;;;;
15/12/2017;20:24:00;249;sem vítima;255;BR-101/RJ;Norte;Tombamento;;;;;;;;;;1;1;;;;
15/12/2017;21:36:00;254;sem vítima;319,215;BR-101/RJ;Norte;Engavetamento;3;;;;;;;;;;9;;;;
15/12/2017;16:01:00;258;sem vítima;95,35;BR-101/RJ;Sul;Colisão Traseira;1;;;;;1;;;;;8;;;;
15/12/2017;21:52:00;259;com vítima;257,014;BR-101/RJ;Norte;Choque - Defensa, barreira ou "submarino";1;;;;;;;;;;0;1;;;
16/12/2017;03:16:00;13;com vítima;62,3;BR-101/RJ;Norte;Capotamento;1;;;;;;;;;;0;1;;;
16/12/2017;05:45:00;22;sem vítima;269;BR-101/RJ;Sul;Colisão Traseira;;;2;;;;;;;;2;;;;
16/12/2017;05:36:00;23;sem vítima;280,338;BR-101/RJ;Norte;Colisão Traseira;1;;1;;;;;;;;4;;;;
16/12/2017;08:50:00;64;sem vítima;299,8;BR-101/RJ;Sul;Colisão Lateral;1;;1;;;;;;;;2;;;;
16/12/2017;08:56:00;67;sem vítima;209,8;BR-101/RJ;Norte;Capotamento;1;;;;;;;;;;4;;;;
16/12/2017;10:03:00;84;com vítima;286,84;BR-101/RJ;Norte;Colisão Lateral;1;;1;;;;;;;;6;1;;;
16/12/2017;11:58:00;107;sem vítima;266,476;BR-101/RJ;Sul;Colisão Traseira;1;;1;;;;;;;;2;;;;
16/12/2017;13:06:00;130;com vítima;52,8;BR-101/RJ;Norte;Colisão Transversal;2;;;;;;;;;;1;2;;;
16/12/2017;13:35:00;140;com vítima;52,9;BR-101/RJ;Norte;Colisão Traseira;2;;;;;;;;;;4;1;;;
16/12/2017;14:07:00;143;com vítima;319,755;BR-101/RJ;Norte;Colisão Traseira;1;;;1;;;;;;;4;2;;;
16/12/2017;14:08:00;144;sem vítima;310,914;BR-101/RJ;Norte;Choque - Talude;1;;;;;;;;;;2;;;;
16/12/2017;14:15:00;146;sem vítima;296,465;BR-101/RJ;Sul;Colisão Traseira;1;;1;;;;;;;;2;;;;
16/12/2017;16:22:00;166;com vítima;294,283;BR-101/RJ;Norte;Engavetamento;3;;;;;;;;;;5;;1;;
16/12/2017;19:13:00;204;sem vítima;58,137;BR-101/RJ;Norte;Colisão Traseira;2;;;;;;;;;;5;;;;
16/12/2017;22:44:00;232;sem vítima;54,681;BR-101/RJ;Sul;Capotamento;1;;;;;;;;;;1;;;;
17/12/2017;00:58:00;10;com vítima;74,81;BR-101/RJ;Norte;Tombamento;;1;;;;;;;;;0;1;;;
17/12/2017;03:33:00;19;sem vítima;220,851;BR-101/RJ;Norte;Capotamento;1;;;;;;;;;;4;;;;
17/12/2017;04:38:00;28;sem vítima;271,136;BR-101/RJ;Sul;Choque - Elemento de Drenagem;1;;;;;;;;;;1;;;;
17/12/2017;07:23:00;38;sem vítima;117,95;BR-101/RJ;Norte;Choque - Defensa, barreira ou "submarino";1;;;;;;;;;;2;;;;
17/12/2017;10:58:00;75;com vítima;239,1;BR-101/RJ;Sul;Tombamento;;;;1;;;;;;;0;2;;;
17/12/2017;18:39:00;160;com vítima;271,7;BR-101/RJ;Sul;Colisão Traseira;1;;;1;;;;;;;1;1;;;
17/12/2017;19:18:00;170;sem vítima;252,56;BR-101/RJ;Norte;Choque - Poste;1;;;;;;;;;;1;;;;
18/12/2017;00:42:00;6;com vítima;275,1;BR-101/RJ;Sul;Atropelamento - Morador;1;;;;;;;;;;1;;;;1
18/12/2017;07:10:00;30;sem vítima;305,984;BR-101/RJ;Sul;Engavetamento;3;;;;;;;;;;3;;;;
18/12/2017;07:40:00;43;sem vítima;269,5;BR-101/RJ;Sul;Colisão Traseira;1;;;1;;;;;;;2;;;;
18/12/2017;13:44:00;131;sem vítima;58,87;BR-101/RJ;Norte;Engavetamento;2;;1;;;;;;;;3;;;;
18/12/2017;14:56:00;143;sem vítima;120,2;BR-101/RJ;Sul;Choque - Defensa, barreira ou "submarino";;;;;;;;;;1;1;;;;
18/12/2017;16:44:00;165;sem vítima;170,27;BR-101/RJ;Norte;Choque - Suporte de Sinalização;1;;;;;;;;;;1;;;;
18/12/2017;19:11:00;198;sem vítima;65,2;BR-101/RJ;Sul;Colisão Transversal;1;;1;;;;;;;;2;;;;
18/12/2017;22:30:00;232;com vítima;70,244;BR-101/RJ;Sul;Choque - Outros;1;;;;;;;;;;0;;;;1
18/12/2017;23:33:00;241;sem vítima;206,603;BR-101/RJ;Norte;Choque - Defensa, barreira ou "submarino";1;;;;;;;;;;1;;;;
19/12/2017;12:25:00;113;sem vítima;314,8;BR-101/RJ;Norte;Engavetamento;3;;;;;;;;;;5;;;;
19/12/2017;14:53:00;134;sem vítima;311,243;BR-101/RJ;Sul;Colisão Traseira;2;;;;;;;;;;2;;;;
19/12/2017;15:30:00;145;com vítima;291,561;BR-101/RJ;Norte;Engavetamento;3;;;;;;;;;;4;1;;;
19/12/2017;16:40:00;164;sem vítima;302,642;BR-101/RJ;Norte;Choque - Defensa, barreira ou "submarino";1;;;;;;;;;;1;;;;
20/12/2017;10:01:00;91;com vítima;285,123;BR-101/RJ;Norte;Colisão Lateral;;;2;;;;;;;;1;1;;;
20/12/2017;10:52:00;107;sem vítima;189,894;BR-101/RJ;Sul;Colisão Traseira;2;;;;;;;;;;2;;;;
20/12/2017;15:14:00;157;sem vítima;296,046;BR-101/RJ;Norte;Engavetamento;3;;;;;;;;;;11;;;;
20/12/2017;15:34:00;161;com vítima;285,123;BR-101/RJ;Norte;Tombamento;;;;1;;;;;;;0;1;;;
20/12/2017;17:15:00;190;com vítima;302,866;BR-101/RJ;Sul;Colisão Lateral;1;;;1;;;;;;;2;2;;;
20/12/2017;22:51:00;238;com vítima;301,055;BR-101/RJ;Norte;Engavetamento;4;;;;;;;;;;5;1;;;
21/12/2017;03:13:00;21;sem vítima;319,05;BR-101/RJ;Norte;Colisão Lateral;1;;1;;;;;;;;3;;;;
21/12/2017;04:30:00;28;sem vítima;236,951;BR-101/RJ;Sul;Colisão Traseira;2;;;;;;;;;;5;;;;
21/12/2017;06:46:00;44;com vítima;291,463;BR-101/RJ;Norte;Choque - Outros;1;;;;;;;;;;0;1;;;
21/12/2017;08:21:00;75;sem vítima;279,01;BR-101/RJ;Norte;Colisão Traseira;1;;;1;;;;;;;2;;;;
21/12/2017;10:26:00;115;com vítima;310,673;BR-101/RJ;Norte;Colisão Traseira;1;;;1;;;;;;;1;1;;;