data;horario;n_da_ocorrencia;tipo_de_ocorrencia;km;trecho;sentido;tipo_de_acidente;automovel;bicicleta;caminhao;moto;onibus;outros;tracao_animal;transporte_de_cargas_especiais;trator_maquinas;utilitarios;ilesos;levemente_feridos;moderadamente_feridos;gravemente_feridos;mortos
11/01/2018;19:08:00;186;sem vítima;297,745;BR-101/RJ;Norte;Outros;1;;1;;;;;;;;2;;;;
11/01/2018;20:11:00;193;sem vítima;261,237;BR-101/RJ;Sul;Engavetamento;2;;;;;;;;;1;3;;;;
12/01/2018;02:15:00;15;sem vítima;132,327;BR-101/RJ;Sul;Choque - Objeto sobre a pista;1;;;;;;;;;;1;;;;
12/01/2018;04:10:00;21;com vítima;256,11;BR-101/RJ;Sul;Choque - Defensa, barreira ou "submarino";;;2;;;;;;;;1;1;;;
12/01/2018;07:35:00;61;com vítima;286,663;BR-101/RJ;Norte;Colisão Lateral;2;;;;;1;;;;;2;1;;;
12/01/2018;08:50:00;81;sem vítima;297,608;BR-101/RJ;Norte;Colisão Lateral;;;1;;1;;;;;;2;;;;
12/01/2018;12:48:00;135;com vítima;317,098;BR-101/RJ;Norte;Engavetamento;3;;;;;;;;;;6;1;;;
12/01/2018;14:40:00;157;sem vítima;309,12;BR-101/RJ;Sul;Colisão Traseira;2;;;;;;;;;;6;;;;
12/01/2018;14:23:00;158;sem vítima;65,07;BR-101/RJ;Norte;Engavetamento;2;;1;;;;;;;;4;;;;
12/01/2018;14:56:00;164;sem vítima;295,18;BR-101/RJ;Norte;Colisão Traseira;2;;;;;;;;;;4;;;;
12/01/2018;15:14:00;170;sem vítima;309,2;BR-101/RJ;Sul;Engavetamento;3;;;;;;;;;;4;;;;
12/01/2018;17:55:00;214;com vítima;229,605;BR-101/RJ;Sul;Choque - Defensa, barreira ou "submarino";1;;;;;;;;;;1;2;;;
12/01/2018;18:12:00;217;sem vítima;257,99;BR-101/RJ;Norte;Capotamento;1;;;;;;;;;;3;;;;
12/01/2018;18:28:00;219;sem vítima;296,926;BR-101/RJ;Sul;Colisão Traseira;2;;;;;;;;;;3;;;;
12/01/2018;22:06:00;251;sem vítima;49,635;BR-101/RJ;Sul;Choque - Talude;1;;;;;;;;;;2;;;;
12/01/2018;22:10:00;253;sem vítima;311,4;BR-101/RJ;Norte;Colisão Traseira;;;;;;2;;;;1;3;;;;
13/01/2018;00:16:00;5;sem vítima;272,45;BR-101/RJ;Sul;Atropelamento de Animal;1;;;;;1;;;;;3;;;;
13/01/2018;00:29:00;7;sem vítima;272,45;BR-101/RJ;Sul;Atropelamento de Animal;1;;;;;;;;;;3;;;;
13/01/2018;08:16:00;42;com vítima;256,108;BR-101/RJ;Norte;Colisão Lateral;;;;2;;;;;;;1;2;;;
13/01/2018;09:37:00;60;com vítima;295,783;BR-101/RJ;Norte;Colisão Lateral;1;;;1;;;;;;;4;;1;;
13/01/2018;10:25:00;73;sem vítima;303,94;BR-101/RJ;Norte;Colisão Traseira;2;;;;;;;;;;6;;;;
13/01/2018;17:08:00;147;sem vítima;257,016;BR-101/RJ;Norte;Colisão Traseira;2;;;;;;;;;;3;;;;
13/01/2018;18:06:00;157;sem vítima;291,115;BR-101/RJ;Norte;Choque - Objeto sobre a pista;1;;;;;;;;;;1;;;;
13/01/2018;18:06:00;158;sem vítima;291,115;BR-101/RJ;Norte;Choque - Objeto sobre a pista;1;;;;;;;;;;1;;;;
13/01/2018;19:54:00;180;sem vítima;140,1;BR-101/RJ;Norte;Choque - Objeto sobre a pista;1;;1;;;;;;;;2;;;;
13/01/2018;20:23:00;185;com vítima;308,9;BR-101/RJ;Norte;Capotamento;1;;;;;;;;;;0;1;;;
14/01/2018;00:09:00;4;sem vítima;121,18;BR-101/RJ;Sul;Choque - Defensa, barreira ou "submarino";1;;;;;;;;;;2;;;;
14/01/2018;00:41:00;8;com vítima;57,33;BR-101/RJ;Sul;Colisão Frontal;2;;;;;;;;;;2;3;;;
14/01/2018;01:01:00;11;sem vítima;282,76;BR-101/RJ;Sul;Choque - Elemento de Drenagem;1;;;;;;;;;;2;;;;
14/01/2018;04:20:00;24;sem vítima;268,73;BR-101/RJ;Norte;Choque - Outros;1;;;;;;;;;;1;;;;
14/01/2018;05:56:00;28;com vítima;295,86;BR-101/RJ;Sul;Tombamento;;;;1;;;;;;;0;;1;;
14/01/2018;06:32:00;31;com vítima;302,674;BR-101/RJ;Norte;Choque - Defensa, barreira ou "submarino";1;;;;;;;;;;0;5;2;;
14/01/2018;08:05:00;39;sem vítima;190,468;BR-101/RJ;Sul;Choque - Defensa, barreira ou "submarino";1;;;;;;;;;;4;;;;
14/01/2018;12:30:00;71;sem vítima;318,3;BR-101/RJ;Sul;Colisão Traseira;1;;;;;1;;;;;2;;;;
14/01/2018;13:37:00;83;sem vítima;138,5;BR-101/RJ;Norte;Choque - Defensa, barreira ou "submarino";1;;;;;;;;;;5;;;;
14/01/2018;17:44:00;131;sem vítima;306,88;BR-101/RJ;Sul;Colisão Traseira;1;;;;;;;;;1;7;;;;
14/01/2018;18:20:00;138;sem vítima;271,03;BR-101/RJ;Sul;Colisão Traseira;1;;;;;1;;;;;7;;;;
14/01/2018;22:17:00;199;com vítima;283,054;BR-101/RJ;Sul;Choque - Defensa, barreira ou "submarino";;;;1;;;;;;;0;1;;;
14/01/2018;22:34:00;201;com vítima;273,23;BR-101/RJ;Sul;Atropelamento de Animal;1;;;;;;;;;;0;2;;;
15/01/2018;06:54:00;31;sem vítima;317,16;BR-101/RJ;Norte;Choque - Defensa, barreira ou "submarino";1;;;;;;;;;;1;;;;
15/01/2018;08:20:00;64;sem vítima;302,694;BR-101/RJ;Sul;Colisão Traseira;2;;;;;;;;;;6;;;;
15/01/2018;11:31:00;117;com vítima;314,29;BR-101/RJ;Sul;Colisão Traseira;1;;;1;;;;;;;2;1;;;
15/01/2018;14:34:00;143;com vítima;12,683;BR-101/RJ;Sul;Capotamento;1;;;;;;;;;;1;2;;;
15/01/2018;13:42:00;144;sem vítima;293,385;BR-101/RJ;Sul;Colisão Traseira;1;;1;;;;;;;;2;;;;
15/01/2018;14:39:00;154;com vítima;181,764;BR-101/RJ;Sul;Choque - Poste;2;;;;;;;;;;4;1;;;
15/01/2018;15:28:00;156;sem vítima;296,576;BR-101/RJ;Norte;Engavetamento;3;;;;;;;;;;6;;;;
15/01/2018;16:42:00;175;com vítima;304,418;BR-101/RJ;Norte;Colisão Traseira;2;;;;;;;;;;0;2;;;
15/01/2018;17:42:00;186;sem vítima;246,191;BR-101/RJ;Norte;Choque - Elemento de Drenagem;1;;;;;;;;;;7;;;;
15/01/2018;20:06:00;213;com vítima;121,19;BR-101/RJ;Norte;Choque - Defensa, barreira ou "submarino";;;;;;;;;;1;1;1;;;
15/01/2018;22:04:00;234;sem vítima;320,01;BR-101/RJ;Norte;Colisão Lateral;1;;;;;1;;;;;4;;;;
16/01/2018;06:30:00;22;sem vítima;173,701;BR-101/RJ;Sul;Choque - Defensa, barreira ou "submarino";;;1;;;;;;;;1;;;;
16/01/2018;07:05:00;31;com vítima;60,073;BR-101/RJ;Sul;Colisão Transversal;2;;;;;;;;;;0;2;;;
16/01/2018;10:08:00;87;sem vítima;293,476;BR-101/RJ;Norte;Engavetamento;3;;1;;;;;;;;7;;;;
16/01/2018;10:21:00;89;sem vítima;263,1;BR-101/RJ;Sul;Tombamento;;;;1;;;;;;;1;;;;
16/01/2018;11:34:00;104;com vítima;73,9;BR-101/RJ;Sul;Colisão Transversal;;1;;1;;;;;;;0;3;;;
16/01/2018;12:49:00;124;sem vítima;297,5;BR-101/RJ;Norte;Colisão Lateral;1;;1;;;;;;;;2;;;;
16/01/2018;17:09:00;193;com vítima;276,418;BR-101/RJ;Sul;Colisão Traseira;1;;;1;;;;;;;1;1;;;1
16/01/2018;19:12:00;216;com vítima;170,2;BR-101/RJ;Norte;Tombamento;;;;1;;;;;;;0;2;;;
16/01/2018;20:19:00;231;sem vítima;4,15;BR-101/RJ;Sul;Choque - Defensa, barreira ou "submarino";;;1;;;;;;;;1;;;;
17/01/2018;00:37:00;7;com vítima;293,85;BR-101/RJ;Norte;Colisão Lateral;;;;1;;1;;;;;1;;;;1
17/01/2018;01:41:00;10;sem vítima;293,85;BR-101/RJ;Norte;Choque - Veiculo parado na pista;1;;;;;;;;;;1;;;;
17/01/2018;04:25:00;18;sem vítima;5,368;BR-101/RJ;Norte;Atropelamento de Animal;1;;;;;;;;;;1;;;;
17/01/2018;04:38:00;19;sem vítima;202,717;BR-101/RJ;Sul;Choque - Defensa, barreira ou "submarino";1;;;;;;;;;;2;;;;
17/01/2018;04:48:00;21;com vítima;289,982;BR-101/RJ;Sul;Choque - Defensa, barreira ou "submarino";1;;;;;;;;;;0;1;;;
17/01/2018;09:23:00;85;sem vítima;266,01;BR-101/RJ;Sul;Colisão Traseira;2;;;;;;;;;;2;;;;
17/01/2018;11:39:00;115;sem vítima;270,912;BR-101/RJ;Norte;Colisão Traseira;2;;;;;;;;;;7;;;;
17/01/2018;11:57:00;119;com vítima;294,083;BR-101/RJ;Sul;Tombamento;;;;1;;1;;;;;1;1;;;
17/01/2018;15:28:00;166;com vítima;202,788;BR-101/RJ;Sul;Tombamento;;;;1;;;;;;;0;2;;;
17/01/2018;15:31:00;168;sem vítima;318,249;BR-101/RJ;Norte;Colisão Traseira;1;;;;;;;;;1;5;;;;
17/01/2018;16:43:00;184;com vítima;229,701;BR-101/RJ;Sul;Choque - Defensa, barreira ou "submarino";1;;;;;;;;;;2;2;;;
17/01/2018;18:01:00;201;com vítima;73,866;BR-101/RJ;Sul;Colisão Transversal;1;;;1;;;;;;;1;;;1;
18/01/2018;00:40:00;7;sem vítima;99,556;BR-101/RJ;Norte;Choque - Defensa, barreira ou "submarino";1;;;;;;;;;;2;;;;
18/01/2018;01:53:00;9;sem vítima;300,4;BR-101/RJ;Norte;Choque - Objeto sobre a pista;;;;;;;;;;1;1;;;;
18/01/2018;10:50:00;84;com vítima;259,093;BR-101/RJ;Norte;Atropelamento - Andarilho;1;;;;;;;;;;1;1;;;
18/01/2018;11:57:00;101;sem vítima;60,048;BR-101/RJ;Sul;Colisão Traseira;1;;;;;1;;;;;2;;;;
18/01/2018;15:06:00;141;com vítima;221,138;BR-101/RJ;Norte;Capotamento;1;;;;;;;;;;0;2;;;
18/01/2018;16:09:00;161;sem vítima;265,679;BR-101/RJ;Norte;Colisão Traseira;1;;;;;1;;;;;4;;;;
18/01/2018;18:38:00;195;com vítima;315,935;BR-101/RJ;Sul;Colisão Traseira;1;;2;;;;;;;;2;1;;;
18/01/2018;20:44:00;225;sem vítima;58,6;BR-101/RJ;Norte;Colisão Traseira;1;;1;;;;;;;;5;;;;
19/01/2018;08:30:00;70;com vítima;265,973;BR-101/RJ;Sul;Tombamento;;;1;;;;;;;;0;1;;;
19/01/2018;09:03:00;80;com vítima;73,269;BR-101/RJ;Norte;Tombamento;;;;1;;;;;;;0;;1;;
19/01/2018;16:34:00;179;sem vítima;313,715;BR-101/RJ;Norte;Colisão Traseira;2;;;;;;;;;;3;;;;
19/01/2018;18:13:00;199;com vítima;313,555;BR-101/RJ;Norte;Tombamento;1;;;1;;;;;;;2;1;;;
19/01/2018;19:03:00;208;com vítima;315,239;BR-101/RJ;Norte;Tombamento;;;;1;;;;;;;0;;1;;
19/01/2018;19:50:00;216;com vítima;297,869;BR-101/RJ;Sul;Tombamento;;;;1;;;;;;;0;1;;;
19/01/2018;23:36:00;251;sem vítima;214,3;BR-101/RJ;Norte;Choque - Objeto sobre a pista;1;;;;;;;;;;5;;;;
19/01/2018;23:36:00;252;sem vítima;214,3;BR-101/RJ;Norte;Choque - Objeto sobre a pista;1;;;;;;;;;;2;;;;
20/01/2018;07:11:00;41;com vítima;299,5;BR-101/RJ;Sul;Colisão Frontal;;;;2;;;;;;;0;2;;;
20/01/2018;07:44:00;52;sem vítima;304,504;BR-101/RJ;Sul;Engavetamento;5;;;;;;;;;;13;;;;
20/01/2018;08:10:00;62;sem vítima;295,358;BR-101/RJ;Norte;Choque - Defensa, barreira ou "submarino";1;;;;;;;;;;1;;;;
20/01/2018;08:12:00;63;com vítima;217,489;BR-101/RJ;Norte;Colisão Frontal;2;;;;;;;;;;8;2;1;;
20/01/2018;09:07:00;74;sem vítima;284,261;BR-101/RJ;Norte;Engavetamento;3;;;;;1;;;;;13;;;;
20/01/2018;14:55:00;146;sem vítima;307,5;BR-101/RJ;Norte;Engavetamento;4;;;;;;;;;;8;;;;
20/01/2018;17:07:00;166;com vítima;207,124;BR-101/RJ;Norte;Colisão Frontal;2;;;;;;;;;;0;2;2;2;1
21/01/2018;00:33:00;6;sem vítima;121,17;BR-101/RJ;Sul;Tombamento;;;1;;;;;;;;1;;;;
21/01/2018;00:47:00;11;com vítima;301,395;BR-101/RJ;Norte;Choque - Defensa, barreira ou "submarino";1;;;;;;;;;;0;1;;;
21/01/2018;02:19:00;17;sem vítima;301,401;BR-101/RJ;Sul;Choque - Objeto sobre a pista;1;;;;;;;;;;1;;;;
21/01/2018;04:58:00;22;sem vítima;54,242;BR-101/RJ;Norte;Colisão Lateral;1;;1;;;;;;;;2;;;;
21/01/2018;11:13:00;69;com vítima;247,243;BR-101/RJ;Sul;Choque - Elemento de Drenagem;1;;;;;;;;;;0;1;;;
21/01/2018;16:45:00;119;sem vítima;271,297;BR-101/RJ;Norte;Colisão Transversal;2;;;;;;;;;;5;;;;
21/01/2018;17:20:00;126;sem vítima;281,706;BR-101/RJ;Sul;Engavetamento;3;;;;;;;;;;3;;;;
21/01/2018;17:39:00;128;com vítima;287,471;BR-101/RJ;Sul;Engavetamento;2;;;;;1;;;;;6;5;;;
21/01/2018;18:23:00;138;sem vítima;259,705;BR-101/RJ;Sul;Choque - Poste;1;;;;;;;;;;1;;;;
22/01/2018;02:02:00;12;sem vítima;198,5;BR-101/RJ;Norte;Choque - Elemento de Drenagem;1;;;;;;;;;;2;;;;
22/01/2018;03:20:00;18;sem vítima;315,077;BR-101/RJ;Sul;Choque - Objeto sobre a pista;1;;;;;;;;;;1;;;;
22/01/2018;07:41:00;47;sem vítima;308,4;BR-101/RJ;Sul;Engavetamento;3;;;;;;;;;;4;;;;
22/01/2018;08:13:00;59;sem vítima;178,14;BR-101/RJ;Sul;Choque - Talude;1;;;;;;;;;;1;;;;
22/01/2018;08:18:00;60;com vítima;317,26;BR-101/RJ;Sul;Colisão Lateral;1;;;1;;;;;;;1;1;;;
22/01/2018;09:42:00;87;sem vítima;289,969;BR-101/RJ;Norte;Colisão Lateral;1;;1;;;;;;;;5;;;;
22/01/2018;14:04:00;135;sem vítima;0,12;BR-101/RJ;Sul;Capotamento;1;;;;;;;;;;1;;;;
22/01/2018;15:43:00;152;com vítima;264,95;BR-101/RJ;Norte;Atropelamento - Ambulante;1;;;1;;;;;;;3;1;;;
22/01/2018;17:44:00;170;sem vítima;318,4;BR-101/RJ;Norte;Colisão Traseira;2;;;;;;;;;;2;;;;
22/01/2018;18:28:00;182;sem vítima;209,5;BR-101/RJ;Norte;Tombamento;;;1;;;;;;;;2;;;;
23/01/2018;02:24:00;10;com vítima;184,503;BR-101/RJ;Sul;Tombamento;1;;1;;;;;;;;2;2;;;
23/01/2018;08:41:00;73;com vítima;298,4;BR-101/RJ;Sul;Colisão Traseira;1;;;1;;;;;;;4;2;;;
23/01/2018;12:42:00;135;sem vítima;272,72;BR-101/RJ;Norte;Colisão Traseira;2;;;;;;;;;;9;;;;
23/01/2018;17:31:00;170;sem vítima;261,683;BR-101/RJ;Norte;Colisão Lateral;1;;1;;;;;;;;6;;;;
23/01/2018;17:56:00;176;com vítima;311,592;BR-101/RJ;Norte;Colisão Traseira;1;;;;1;;;;;;1;2;;;
24/01/2018;04:05:00;19;com vítima;117,793;BR-101/RJ;Sul;Choque - Elemento de Drenagem;1;;;;;;;;;;0;1;;;
24/01/2018;06:11:00;24;sem vítima;161,5;BR-101/RJ;Sul;Colisão Lateral;;;2;;;;;;;;2;;;;
24/01/2018;09:17:00;74;sem vítima;221,5;BR-101/RJ;Norte;Colisão Traseira;1;;1;;;;;;;;2;;;;
24/01/2018;15:16:00;152;com vítima;297,644;BR-101/RJ;Sul;Colisão Transversal;1;;;1;;;;;;;4;2;;;
24/01/2018;16:47:00;164;sem vítima;313,9;BR-101/RJ;Norte;Engavetamento;3;;;;;1;;;;;6;;;;
24/01/2018;18:13:00;176;com vítima;297,364;BR-101/RJ;Sul;Colisão Traseira;1;;;1;;;;;;;1;;1;;
25/01/2018;02:38:00;11;com vítima;300,282;BR-101/RJ;Norte;Colisão Traseira;2;;;;;;;;;;1;2;1;;
25/01/2018;17:22:00;150;com vítima;60,9;BR-101/RJ;Norte;Atropelamento - Morador;1;;;;;;;;;;1;;1;;
25/01/2018;18:00:00;160;sem vítima;120,85;BR-101/RJ;Sul;Colisão Traseira;1;;1;;;;;;;;2;;;;
25/01/2018;20:43:00;177;sem vítima;269,332;BR-101/RJ;Sul;Colisão Traseira;2;;;;;;;;;;2;;;;
25/01/2018;21:37:00;186;com vítima;152,32;BR-101/RJ;Norte;Tombamento;;;;1;;;;;;;0;;1;1;
26/01/2018;05:10:00;23;sem vítima;139,824;BR-101/RJ;Norte;Colisão Traseira;;;2;;;;;;;;2;;;;
26/01/2018;08:54:00;76;sem vítima;297,7;BR-101/RJ;Norte;Atropelamento de Animal;1;;;;;;;;;;1;;;;
26/01/2018;10:37:00;93;sem vítima;122,92;BR-101/RJ;Sul;Choque - Outros;;;1;;;;;;;;1;;;;
26/01/2018;15:02:00;154;com vítima;64,5;BR-101/RJ;Norte;Colisão Transversal;1;;;1;;;;;;;1;1;;;
26/01/2018;16:15:00;167;com vítima;314,39;BR-101/RJ;Norte;Colisão Traseira;1;;;1;;;;;;;1;;1;;
26/01/2018;16:31:00;169;sem vítima;67,695;BR-101/RJ;Norte;Engavetamento;3;;;;;;;;;;4;;;;
26/01/2018;17:08:00;177;sem vítima;80,1;BR-101/RJ;Norte;Engavetamento;3;;;;;;;;;;6;;;;
26/01/2018;17:56:00;181;sem vítima;195,19;BR-101/RJ;Sul;Colisão Lateral;2;;;;;;;;;;4;;;;
26/01/2018;19:12:00;195;com vítima;299,6;BR-101/RJ;Sul;Tombamento;;;;1;;;;;;;0;1;;;
26/01/2018;20:57:00;215;sem vítima;296,29;BR-101/RJ;Sul;Choque - Talude;1;;;;;;;;;;1;;;;
26/01/2018;21:00:00;216;com vítima;319,238;BR-101/RJ;Norte;Colisão Lateral;1;;;1;;;;;;;4;1;;;
26/01/2018;21:40:00;234;sem vítima;297,3;BR-101/RJ;Norte;Colisão Lateral;1;;1;;;;;;;;3;;;;
26/01/2018;23:09:00;240;sem vítima;232,455;BR-101/RJ;Norte;Choque - Elemento de Drenagem;1;;;;;;;;;;2;;;;
26/01/2018;23:36:00;242;sem vítima;260,455;BR-101/RJ;Norte;Choque - Defensa, barreira ou "submarino";1;;;;;;;;;;1;;;;
26/01/2018;23:55:00;248;sem vítima;193,4;BR-101/RJ;Norte;Choque - Defensa, barreira ou "submarino";1;;;;;;;;;;1;;;;
27/01/2018;00:03:00;3;com vítima;96,276;BR-101/RJ;Norte;Colisão Traseira;1;;1;;;;;;;;3;1;;;
27/01/2018;01:52:00;10;sem vítima;237,36;BR-101/RJ;Sul;Choque - Defensa, barreira ou "submarino";1;;;;;;;;;;1;;;;
27/01/2018;03:06:00;21;com vítima;60,8;BR-101/RJ;Sul;Capotamento;1;;1;;;;;;;;1;1;;;
27/01/2018;07:41:00;47;sem vítima;290,052;BR-101/RJ;Norte;Colisão Traseira;2;;1;;;;;;;;6;;;;
27/01/2018;10:05:00;78;com vítima;144,507;BR-101/RJ;Sul;Tombamento;;;;1;;;;;;;0;1;;;
27/01/2018;10:37:00;81;sem vítima;297,111;BR-101/RJ;Norte;Colisão Lateral;1;;1;;;;;;;;2;;;;
27/01/2018;11:10:00;85;sem vítima;234,447;BR-101/RJ;Norte;Choque - Elemento de Drenagem;1;;;;;;;;;;5;;;;
27/01/2018;13:15:00;109;sem vítima;313,3;BR-101/RJ;Norte;Colisão Traseira;1;;;;1;;;;;;3;;;;
27/01/2018;14:16:00;122;sem vítima;297,411;BR-101/RJ;Norte;Colisão Traseira;2;;;;;;;;;;3;;;;
27/01/2018;17:11:00;147;sem vítima;242,855;BR-101/RJ;Sul;Tombamento;;;;1;;;;;;;2;;;;
27/01/2018;17:28:00;151;com vítima;235,958;BR-101/RJ;Sul;Choque - Defensa, barreira ou "submarino";1;;;;;;;;;;1;1;;;
27/01/2018;23:55:00;191;sem vítima;63,7;BR-101/RJ;Norte;Choque - Elemento de Drenagem;;;;;;;;;;1;2;;;;
28/01/2018;10:19:00;45;sem vítima;296,233;BR-101/RJ;Norte;Choque - Defensa, barreira ou "submarino";1;;;;;;;;;;2;;;;
28/01/2018;11:46:00;63;sem vítima;144,197;BR-101/RJ;Sul;Choque - Defensa, barreira ou "submarino";;;1;;;;;;;;3;;;;
28/01/2018;12:02:00;68;sem vítima;282,903;BR-101/RJ;Norte;Capotamento;1;;;;;;;;;;1;;;;
28/01/2018;12:20:00;71;sem vítima;92,625;BR-101/RJ;Norte;Choque - Defensa, barreira ou "submarino";1;;;;;;;;;;1;;;;
28/01/2018;14:50:00;92;sem vítima;293,479;BR-101/RJ;Sul;Colisão Traseira;1;;;;;1;;;;;6;;;;
28/01/2018;17:16:00;118;com vítima;37,25;BR-101/RJ;Norte;Tombamento;;;;1;;;;;;;0;1;;;
28/01/2018;18:43:00;138;sem vítima;306,229;BR-101/RJ;Sul;Engavetamento;2;;;;;1;;;;;7;;;;
28/01/2018;18:48:00;140;com vítima;293,734;BR-101/RJ;Sul;Tombamento;;;;1;;;;;;;0;1;;;
29/01/2018;01:12:00;8;sem vítima;254,571;BR-101/RJ;Sul;Choque - Defensa, barreira ou "submarino";1;;;;;;;;;;2;;;;
29/01/2018;14:20:00;133;com vítima;70,2;BR-101/RJ;Norte;Tombamento;;3;;;;1;;;;;1;3;;;
29/01/2018;14:42:00;140;com vítima;293,4;BR-101/RJ;Sul;Tombamento;;;1;;;;;;;;0;1;;;
29/01/2018;18:19:00;176;sem vítima;297,525;BR-101/RJ;Sul;Colisão Lateral;1;;1;;;;;;;;5;;;;
29/01/2018;21:52:00;203;sem vítima;120,808;BR-101/RJ;Sul;Choque - Defensa, barreira ou "submarino";1;;;;;;;;;;3;;;;
29/01/2018;23:17:00;213;sem vítima;75,295;BR-101/RJ;Norte;Choque - Elemento de Drenagem;1;;;;;;;;;;1;;;;
30/01/2018;06:42:00;19;sem vítima;75,8;BR-101/RJ;Sul;Colisão Traseira;2;;;;;;;;;;2;;;;
30/01/2018;07:28:00;26;com vítima;196,1;BR-101/RJ;Norte;Choque - Outros;1;;;;;;;;;;0;1;;;
30/01/2018;07:45:00;31;com vítima;319,8;BR-101/RJ;Sul;Colisão Lateral;1;;;1;;;;;;;1;1;;;
30/01/2018;08:45:00;49;com vítima;313,646;BR-101/RJ;Sul;Colisão Lateral;;;;1;1;;;;;;1;;1;;
30/01/2018;08:50:00;50;com vítima;257,677;BR-101/RJ;Norte;Tombamento;1;;;;;;;;;;0;1;;;
30/01/2018;09:34:00;53;sem vítima;86,86;BR-101/RJ;Norte;Choque - Talude;1;;;;;;;;;;1;;;;
30/01/2018;10:12:00;57;com vítima;122,92;BR-101/RJ;Sul;Colisão Lateral;;;;2;;;;;;;0;2;;;
30/01/2018;13:04:00;85;sem vítima;104,99;BR-101/RJ;Sul;Choque - Elemento de Drenagem;1;;;;;;;;;;1;;;;
30/01/2018;14:50:00;96;sem vítima;195,6;BR-101/RJ;Sul;Choque - Talude;1;;;;;;;;;;1;;;;
30/01/2018;15:42:00;103;sem vítima;299,7;BR-101/RJ;Sul;Colisão Traseira;1;;1;;;;;;;;4;;;;
30/01/2018;16:30:00;115;sem vítima;144,28;BR-101/RJ;Sul;Choque - Defensa, barreira ou "submarino";1;;;;;;;;;;2;;;;
30/01/2018;19:27:00;135;com vítima;78,1;BR-101/RJ;Norte;Tombamento;;1;;;;;;;;;0;1;;;
30/01/2018;20:26:00;145;sem vítima;45,055;BR-101/RJ;Norte;Choque - Elemento de Drenagem;1;;;;;;;;;;1;;;;
31/01/2018;00:14:00;6;com vítima;195,789;BR-101/RJ;Norte;Tombamento;;;1;;;;;;;;0;;;2;1
31/01/2018;00:50:00;8;sem vítima;265,232;BR-101/RJ;Sul;Colisão Traseira;;;1;;1;;;;;;2;;;;
31/01/2018;05:15:00;19;sem vítima;62,1;BR-101/RJ;Sul;Choque - Elemento de Drenagem;1;;1;;;;;;;;3;;;;
31/01/2018;06:19:00;22;sem vítima;64,4;BR-101/RJ;Norte;Choque - Outros;1;;;;;;;;;;1;;;;
31/01/2018;06:21:00;23;com vítima;73,95;BR-101/RJ;Norte;Colisão Frontal;;;1;1;;;;;;;1;;;1;
31/01/2018;18:21:00;140;com vítima;318,155;BR-101/RJ;Norte;Colisão Traseira;1;;;1;;;;;;;1;1;;;
01/02/2018;01:55:00;14;sem vítima;182,281;BR-101/RJ;Norte;Atropelamento de Animal;1;;;;;;;;;;1;;;;
01/02/2018;01:56:00;15;sem vítima;225,858;BR-101/RJ;Sul;Colisão Traseira;;;1;;;1;;;;;3;;;;
01/02/2018;06:59:00;33;com vítima;262,85;BR-101/RJ;Sul;Colisão Lateral;;;1;1;;;;;;;1;1;;;
01/02/2018;10:48:00;90;com vítima;293,5;BR-101/RJ;Norte;Colisão Traseira;2;;;;;;;;;;3;1;;;
01/02/2018;11:20:00;96;com vítima;271,2;BR-101/RJ;Norte;Choque - Defensa, barreira ou "submarino";1;;;;;;;;;;3;1;;;
01/02/2018;17:13:00;159;sem vítima;267,9;BR-101/RJ;Sul;Capotamento;;;;;;;;;;1;1;;;;
02/02/2018;00:57:00;6;sem vítima;287,9;BR-101/RJ;Sul;Choque - Defensa, barreira ou "submarino";;;1;;;;;;;;1;;;;
02/02/2018;07:07:00;25;sem vítima;303,864;BR-101/RJ;Sul;Colisão Traseira;2;;;;;;;;;;2;;;;
02/02/2018;09:27:00;80;sem vítima;60,2;BR-101/RJ;Norte;Colisão Traseira;1;;;;;;;;;1;2;;;;
02/02/2018;10:11:00;94;sem vítima;83,33;BR-101/RJ;Norte;Colisão Traseira;1;;;;;;;;;1;4;;;;
02/02/2018;11:15:00;103;com vítima;62,9;BR-101/RJ;Norte;Colisão Transversal;1;;;1;;;;;;;1;;2;;
02/02/2018;15:57:00;146;sem vítima;296,877;BR-101/RJ;Norte;Engavetamento;2;;;;;2;;;;;9;;;;
02/02/2018;20:16:00;178;sem vítima;158,404;BR-101/RJ;Sul;Atropelamento de Animal;1;;;;;;;;;;1;;;;
02/02/2018;20:01:00;180;sem vítima;50,866;BR-101/RJ;Sul;Colisão Transversal;2;;;;;;;;;;5;;;;
02/02/2018;22:22:00;194;sem vítima;126,024;BR-101/RJ;Sul;Colisão Traseira;;;1;;;;;;;1;3;;;;
03/02/2018;00:41:00;8;sem vítima;252,82;BR-101/RJ;Norte;Choque - Outros;;;1;;;;;;;;1;;;;
03/02/2018;00:40:00;9;sem vítima;321,65;BR-101/RJ;Norte;Choque - Objeto sobre a pista;1;;;;;;;;;;1;;;;
03/02/2018;02:22:00;13;sem vítima;301,665;BR-101/RJ;Norte;Choque - Objeto sobre a pista;1;;;;;;;;;;1;;;;
03/02/2018;02:51:00;19;sem vítima;301,9;BR-101/RJ;Norte;Choque - Objeto sobre a pista;1;;;;;;;;;;1;;;;