data;horario;n_da_ocorrencia;tipo_de_ocorrencia;km;trecho;sentido;tipo_de_acidente;automovel;bicicleta;caminhao;moto;onibus;outros;tracao_animal;transporte_de_cargas_especiais;trator_maquinas;utilitarios;ilesos;levemente_feridos;moderadamente_feridos;gravemente_feridos;mortos
03/02/2018;02:59:00;20;sem vítima;301,9;BR-101/RJ;Norte;Choque - Objeto sobre a pista;1;;;;;;;;;;1;;;;
03/02/2018;08:26:00;48;com vítima;206,186;BR-101/RJ;Norte;Outros;;;;;;;;;;;0;;;;1
03/02/2018;09:56:00;73;com vítima;280,848;BR-101/RJ;Norte;Choque - Outros;1;;;;;1;;;;;1;1;;;
03/02/2018;21:52:00;169;com vítima;295,479;BR-101/RJ;Norte;Colisão Traseira;2;;;;;;;;;;4;1;;;
04/02/2018;06:46:00;21;sem vítima;264,424;BR-101/RJ;Norte;Choque - Defensa, barreira ou "submarino";1;;;;;;;;;;1;;;;
04/02/2018;09:02:00;40;com vítima;299,7;BR-101/RJ;Sul;Tombamento;;;;1;;;;;;;0;1;;;
04/02/2018;13:18:00;76;sem vítima;22,753;BR-101/RJ;Sul;Capotamento;1;;;;;;;;;;1;;;;
04/02/2018;18:32:00;123;com vítima;317,429;BR-101/RJ;Sul;Colisão Lateral;2;;1;;;;;;;;3;;;2;
04/02/2018;18:36:00;124;sem vítima;221,784;BR-101/RJ;Norte;Choque - Talude;1;;;;;;;;;;4;;;;
05/02/2018;02:30:00;11;sem vítima;235,58;BR-101/RJ;Sul;Choque - Elemento de Drenagem;;;;;;;;;;1;1;;;;
05/02/2018;04:49:00;16;sem vítima;288,95;BR-101/RJ;Sul;Colisão Lateral;2;;;;;;;;;;5;;;;
05/02/2018;06:50:00;25;sem vítima;107,525;BR-101/RJ;Norte;Choque - Defensa, barreira ou "submarino";1;;;;;;;;;;1;;;;
05/02/2018;08:54:00;53;sem vítima;318,057;BR-101/RJ;Sul;Colisão Traseira;1;;;;;1;;;;;4;;;;
05/02/2018;10:09:00;68;sem vítima;292,9;BR-101/RJ;Sul;Colisão Traseira;2;;;;;;;;;;4;;;;
05/02/2018;13:33:00;92;sem vítima;158,26;BR-101/RJ;Norte;Choque - Outros;1;;;;;;;;;;7;;;;
05/02/2018;16:10:00;113;sem vítima;312,406;BR-101/RJ;Norte;Colisão Traseira;1;;1;;;;;;;;2;;;;
05/02/2018;16:36:00;116;sem vítima;301,8;BR-101/RJ;Sul;Colisão Traseira;1;;;;1;;;;;;2;;;;
05/02/2018;22:14:00;152;sem vítima;117,801;BR-101/RJ;Sul;Tombamento;;;1;;;;;;;;1;;;;
05/02/2018;22:52:00;155;sem vítima;62,908;BR-101/RJ;Norte;Choque - Elemento de Drenagem;1;;;;;;;;;;1;;;;
06/02/2018;01:52:00;17;sem vítima;37,056;BR-101/RJ;Norte;Choque - Arvore;1;;;;;;;;;;1;;;;
06/02/2018;02:17:00;19;sem vítima;96,137;BR-101/RJ;Sul;Colisão Traseira;;;1;;;;;;;1;2;;;;
06/02/2018;03:43:00;23;sem vítima;299,8;BR-101/RJ;Norte;Colisão Traseira;1;;1;;;;;;;;3;;;;
06/02/2018;05:34:00;31;sem vítima;297,906;BR-101/RJ;Norte;Choque - Defensa, barreira ou "submarino";1;;;;;;;;;;3;;;;
06/02/2018;06:48:00;40;com vítima;262,3;BR-101/RJ;Sul;Choque - Defensa, barreira ou "submarino";1;;;;;;;;;;2;1;1;;
06/02/2018;07:04:00;43;com vítima;310,3;BR-101/RJ;Norte;Colisão Traseira;2;;;;;;;;;;3;1;;;
06/02/2018;09:16:00;74;com vítima;283,2;BR-101/RJ;Sul;Choque - Defensa, barreira ou "submarino";1;;;;;;;;;;2;1;;;
06/02/2018;09:27:00;79;sem vítima;195,3;BR-101/RJ;Sul;Choque - Talude;1;;;;;;;;;;1;;;;
06/02/2018;09:35:00;80;sem vítima;312,8;BR-101/RJ;Sul;Engavetamento;3;;;1;;;;;;;5;;;;
06/02/2018;11:26:00;107;sem vítima;297,5;BR-101/RJ;Norte;Colisão Lateral;1;;1;;;;;;;;2;;;;
06/02/2018;12:20:00;118;com vítima;243,228;BR-101/RJ;Norte;Colisão Traseira;1;;;1;;;;;;;1;1;;;
06/02/2018;12:26:00;120;sem vítima;306,144;BR-101/RJ;Sul;Colisão Traseira;1;;;;;1;;;;;3;;;;
06/02/2018;20:20:00;212;sem vítima;314,938;BR-101/RJ;Norte;Engavetamento;3;;;;;1;;;;;5;;;;
07/02/2018;01:33:00;15;sem vítima;282,72;BR-101/RJ;Norte;Choque - Defensa, barreira ou "submarino";1;;;;;;;;;;1;;;;
07/02/2018;10:39:00;115;sem vítima;67,663;BR-101/RJ;Norte;Engavetamento;2;;1;;;;;;;;6;;;;
07/02/2018;12:24:00;137;sem vítima;314,58;BR-101/RJ;Norte;Colisão Traseira;2;;;;;;;;;;2;;;;
07/02/2018;15:26:00;169;com vítima;236,5;BR-101/RJ;Sul;Atropelamento - Usuário;1;;;;;;;;;;1;;1;;
07/02/2018;16:29:00;180;com vítima;30,8;BR-101/RJ;Sul;Tombamento;;;;1;;;;;;;0;1;;;
08/02/2018;06:21:00;25;sem vítima;309,86;BR-101/RJ;Sul;Engavetamento;3;;;;;3;;;;;7;;;;
08/02/2018;06:56:00;32;sem vítima;309,5;BR-101/RJ;Sul;Colisão Lateral;1;;1;;;;;;;;2;;;;
08/02/2018;07:40:00;49;sem vítima;297,5;BR-101/RJ;Norte;Colisão Lateral;1;;;;;;;;;1;2;;;;
08/02/2018;15:14:00;153;com vítima;252,987;BR-101/RJ;Norte;Colisão Traseira;2;;;;;;;;;;3;1;;;
08/02/2018;17:39:00;185;com vítima;92,9;BR-101/RJ;Norte;Capotamento;1;;;;;;;;;;0;1;;;
08/02/2018;22:33:00;218;sem vítima;303,015;BR-101/RJ;Norte;Colisão Traseira;1;;;;1;;;;;;46;;;;
09/02/2018;06:43:00;53;sem vítima;287,1;BR-101/RJ;Sul;Choque - Poste;1;;;;;1;;;;;2;;;;
09/02/2018;07:22:00;61;sem vítima;288,638;BR-101/RJ;Sul;Colisão Traseira;;;1;;;1;;;;;2;;;;
09/02/2018;07:40:00;65;sem vítima;302,25;BR-101/RJ;Norte;Colisão Lateral;;;;1;;1;;;;;2;;;;
09/02/2018;08:28:00;81;com vítima;294,265;BR-101/RJ;Sul;Colisão Traseira;1;;;;1;;;;;;1;1;;;
09/02/2018;10:57:00;115;sem vítima;67,72;BR-101/RJ;Norte;Colisão Traseira;2;;;;;;;;;;3;;;;
09/02/2018;13:47:00;153;com vítima;235,968;BR-101/RJ;Sul;Colisão Lateral;1;;;;;;;;;1;3;1;;;
09/02/2018;14:46:00;168;sem vítima;207,93;BR-101/RJ;Norte;Colisão Traseira;2;;;;;;;;;;2;;;;
09/02/2018;16:22:00;193;sem vítima;300,8;BR-101/RJ;Norte;Colisão Traseira;2;;;;;;;;;;2;;;;
09/02/2018;18:42:00;222;sem vítima;255,252;BR-101/RJ;Sul;Choque - Defensa, barreira ou "submarino";1;;;;;;;;;;2;;;;
09/02/2018;19:09:00;226;sem vítima;297,276;BR-101/RJ;Norte;Colisão Traseira;2;1;;;;;;;;;3;;;;
09/02/2018;20:16:00;243;sem vítima;63,299;BR-101/RJ;Norte;Colisão Transversal;2;;;;;;;;;;2;;;;
09/02/2018;20:23:00;245;com vítima;228,037;BR-101/RJ;Norte;Atropelamento - Andarilho;1;;;;;;;;;;1;3;1;;
09/02/2018;21:02:00;252;sem vítima;308,926;BR-101/RJ;Norte;Engavetamento;2;;;;;1;;;;;12;;;;
10/02/2018;00:13:00;5;com vítima;237,349;BR-101/RJ;Sul;Atropelamento de Animal;;;;1;;;;;;;0;1;1;;
10/02/2018;05:43:00;46;sem vítima;63,245;BR-101/RJ;Norte;Capotamento;;;1;;;;;;;;4;;;;
10/02/2018;06:55:00;61;sem vítima;80,1;BR-101/RJ;Norte;Colisão Traseira;1;;;;;1;;;;;6;;;;
10/02/2018;07:18:00;70;sem vítima;207,93;BR-101/RJ;Norte;Colisão Traseira;1;;;;;;;;;1;2;;;;
10/02/2018;07:24:00;72;com vítima;293,79;BR-101/RJ;Norte;Colisão Traseira;2;;;;;;;;;;7;1;;;
10/02/2018;07:48:00;79;sem vítima;79,147;BR-101/RJ;Sul;Colisão Traseira;1;;;;;1;;;;;3;;;;
10/02/2018;08:31:00;90;sem vítima;207,38;BR-101/RJ;Norte;Colisão Traseira;1;;1;;;;;;;;2;;;;
10/02/2018;10:05:00;108;sem vítima;287,5;BR-101/RJ;Norte;Colisão Traseira;2;;;;;;;;;;5;;;;
10/02/2018;10:20:00;116;sem vítima;27,8;BR-101/RJ;Sul;Engavetamento;3;;;;;;;;;;3;;;;
10/02/2018;10:10:00;118;com vítima;321,02;BR-101/RJ;Norte;Tombamento;;;;1;;;;;;;0;1;;;
10/02/2018;10:31:00;123;sem vítima;76,5;BR-101/RJ;Sul;Colisão Traseira;2;;;;;;;;;;7;;;;
10/02/2018;10:50:00;128;com vítima;207,2;BR-101/RJ;Norte;Colisão Traseira;2;;;;;;;;;;4;1;;;
10/02/2018;12:47:00;170;com vítima;299,6;BR-101/RJ;Norte;Colisão Lateral;;;;1;;1;;;;;1;1;;;
10/02/2018;14:08:00;196;com vítima;305,6;BR-101/RJ;Norte;Colisão Lateral;1;;;1;;;;;;;2;1;;;
10/02/2018;14:49:00;204;com vítima;302,9;BR-101/RJ;Norte;Engavetamento;4;;;;;;;;;;11;1;;;
10/02/2018;15:21:00;213;sem vítima;279,8;BR-101/RJ;Norte;Colisão Lateral;2;;;;;;;;;;5;;;;
10/02/2018;15:25:00;218;com vítima;286,1;BR-101/RJ;Norte;Tombamento;;;;1;;1;;;;;2;1;;;
10/02/2018;18:21:00;260;com vítima;272,556;BR-101/RJ;Norte;Colisão Lateral;1;;;1;;;;;;;1;1;;;
10/02/2018;18:47:00;265;com vítima;313,863;BR-101/RJ;Norte;Tombamento;;;;1;;1;;;;;1;1;;;
10/02/2018;19:39:00;274;com vítima;277,273;BR-101/RJ;Norte;Atropelamento - Morador;1;;;;;;;;;;1;1;;;
10/02/2018;20:30:00;285;com vítima;276,654;BR-101/RJ;Norte;Colisão Lateral;1;;;1;;;;;;;1;1;;;
10/02/2018;21:51:00;297;sem vítima;54,731;BR-101/RJ;Norte;Choque - Defensa, barreira ou "submarino";1;;;;;;;;;;1;;;;
10/02/2018;22:49:00;309;com vítima;295,646;BR-101/RJ;Sul;Choque - Defensa, barreira ou "submarino";1;;;;;;;;;;0;1;;;
11/02/2018;01:41:00;18;sem vítima;269,528;BR-101/RJ;Norte;Atropelamento de Animal;2;;;;;;;;;;2;;;;
11/02/2018;05:31:00;35;sem vítima;310,7;BR-101/RJ;Sul;Colisão Traseira;;;;;1;;;;;1;2;;;;
11/02/2018;05:31:00;36;sem vítima;310,25;BR-101/RJ;Sul;Colisão Traseira;2;;;;;;;;;;2;;;;
11/02/2018;06:31:00;41;sem vítima;280,4;BR-101/RJ;Norte;Choque - Outros;1;;;;;;;;;;3;;;;
11/02/2018;10:10:00;82;sem vítima;297,3;BR-101/RJ;Norte;Colisão Traseira;2;;;;;;;;;;2;;;;
11/02/2018;16:34:00;148;com vítima;113,882;BR-101/RJ;Norte;Tombamento;;;;1;;;;;;;0;1;;;
11/02/2018;16:51:00;151;sem vítima;282,6;BR-101/RJ;Norte;Choque - Defensa, barreira ou "submarino";1;;;;;;;;;;1;;;;
11/02/2018;18:28:00;166;com vítima;130,881;BR-101/RJ;Norte;Capotamento;1;;;;;;;;;;3;1;1;;
11/02/2018;19:25:00;175;sem vítima;238,5;BR-101/RJ;Norte;Colisão Traseira;1;;;;;1;;;;;3;;;;
11/02/2018;19:36:00;177;com vítima;308,25;BR-101/RJ;Norte;Choque - Defensa, barreira ou "submarino";1;;;;;;;;;;1;1;;;
11/02/2018;20:35:00;183;com vítima;260,731;BR-101/RJ;Norte;Choque - Defensa, barreira ou "submarino";1;;;;;;;;;;3;1;;;
12/02/2018;03:33:00;19;sem vítima;157,842;BR-101/RJ;Sul;Colisão Traseira;1;;;;1;;;;;;6;;;;
12/02/2018;12:02:00;91;sem vítima;262,238;BR-101/RJ;Sul;Choque - Defensa, barreira ou "submarino";1;;;;;;;;;;1;;;;
12/02/2018;13:47:00;108;com vítima;282,789;BR-101/RJ;Norte;Tombamento;;;;1;;;;;;;0;2;;;
12/02/2018;16:23:00;131;com vítima;268,7;BR-101/RJ;Norte;Choque - Elemento de Drenagem;1;;;;;;;;;;0;1;;;
12/02/2018;17:28:00;138;com vítima;320,95;BR-101/RJ;Norte;Tombamento;;;;1;;;;;;;0;;2;;
13/02/2018;02:05:00;20;sem vítima;313,344;BR-101/RJ;Sul;Choque - Defensa, barreira ou "submarino";1;;;;;;;;;;1;;;;
13/02/2018;03:47:00;25;com vítima;291,668;BR-101/RJ;Norte;Choque - Defensa, barreira ou "submarino";1;;;;;;;;;;0;3;;;
13/02/2018;07:28:00;42;sem vítima;119,652;BR-101/RJ;Sul;Colisão Traseira;;;;1;;1;;;;;2;;;;
13/02/2018;08:41:00;54;sem vítima;297,658;BR-101/RJ;Sul;Colisão Traseira;2;;;;;;;;;;9;;;;
13/02/2018;13:49:00;93;sem vítima;192,229;BR-101/RJ;Sul;Colisão Traseira;2;;;;;;;;;;8;;;;
13/02/2018;16:47:00;124;com vítima;296,25;BR-101/RJ;Norte;Choque - Defensa, barreira ou "submarino";1;;;;;;;;;;4;1;;;
13/02/2018;20:00:00;162;com vítima;301,2;BR-101/RJ;Norte;Choque - Defensa, barreira ou "submarino";1;;;;;;;;;;0;1;;;
13/02/2018;22:24:00;184;sem vítima;120,413;BR-101/RJ;Sul;Choque - Defensa, barreira ou "submarino";1;;;;;;;;;;3;;;;
13/02/2018;23:15:00;188;sem vítima;277,402;BR-101/RJ;Norte;Choque - Elemento de Drenagem;1;;;;;;;;;;1;;;;
14/02/2018;01:38:00;11;sem vítima;296,385;BR-101/RJ;Sul;Choque - Defensa, barreira ou "submarino";1;;;;;;;;;;4;;;;
14/02/2018;02:48:00;14;sem vítima;297,415;BR-101/RJ;Sul;Choque - Defensa, barreira ou "submarino";1;;;;;;;;;;1;;;;
14/02/2018;06:11:00;35;sem vítima;141,36;BR-101/RJ;Norte;Choque - Defensa, barreira ou "submarino";1;;;;;;;;;;1;;;;
14/02/2018;07:51:00;53;com vítima;289,6;BR-101/RJ;Sul;Colisão Traseira;1;;;1;;;;;;;5;1;;;
14/02/2018;07:52:00;54;com vítima;299,011;BR-101/RJ;Norte;Colisão Traseira;2;;;;;;;;;;5;1;;;
14/02/2018;07:58:00;55;com vítima;280,441;BR-101/RJ;Sul;Capotamento;1;;;;;;;;;;2;1;;;
14/02/2018;09:38:00;89;com vítima;189,893;BR-101/RJ;Sul;Colisão Traseira;2;;;;;;;;;;5;1;;;
14/02/2018;09:40:00;90;com vítima;262,309;BR-101/RJ;Sul;Colisão Traseira;1;;;1;;;;;;;3;1;1;;
14/02/2018;12:41:00;123;com vítima;292,523;BR-101/RJ;Sul;Engavetamento;7;;;;;1;;;;;26;2;;;
14/02/2018;15:33:00;166;sem vítima;265,85;BR-101/RJ;Sul;Colisão Traseira;2;;;;;;;;;;2;;;;
14/02/2018;16:27:00;180;com vítima;299,6;BR-101/RJ;Sul;Tombamento;;;;1;;;;;;;0;1;;;
14/02/2018;16:41:00;189;sem vítima;259,71;BR-101/RJ;Sul;Colisão Traseira;2;;;;;;;;;;7;;;;
15/02/2018;01:27:00;11;sem vítima;278,222;BR-101/RJ;Sul;Colisão Traseira;;;2;;;;;;;;3;;;;
15/02/2018;03:47:00;20;sem vítima;254,56;BR-101/RJ;Sul;Choque - Outros;;;1;;;;;;;;3;;;;
15/02/2018;04:35:00;21;sem vítima;75,24;BR-101/RJ;Sul;Choque - Elemento de Drenagem;1;;;;;;;;;;1;;;;
15/02/2018;10:21:00;96;sem vítima;274,986;BR-101/RJ;Sul;Colisão Lateral;1;;1;;;;;;;;3;;;;
15/02/2018;10:50:00;99;sem vítima;122,9;BR-101/RJ;Sul;Colisão Lateral;1;;1;;;;;;;;2;;;;
15/02/2018;12:16:00;114;com vítima;205,387;BR-101/RJ;Norte;Colisão Lateral;1;;;1;;;;;;;3;1;;;
15/02/2018;15:46:00;154;sem vítima;262,9;BR-101/RJ;Sul;Engavetamento;4;;;;;;;;;;4;;;;
15/02/2018;16:50:00;165;sem vítima;316,419;BR-101/RJ;Norte;Engavetamento;5;;;;;;;;;;5;;;;
15/02/2018;17:18:00;167;sem vítima;206,562;BR-101/RJ;Sul;Colisão Transversal;2;;;;;;;;;;6;;;;
15/02/2018;18:06:00;177;com vítima;320,283;BR-101/RJ;Norte;Colisão Traseira;1;;;;;1;;;;;2;1;;;
15/02/2018;19:08:00;192;sem vítima;295,235;BR-101/RJ;Norte;Colisão Traseira;1;;;;1;;;;;;4;;;;
16/02/2018;07:00:00;33;com vítima;286,89;BR-101/RJ;Sul;Colisão Lateral;2;;;;;;;;;;1;1;;;
16/02/2018;09:51:00;76;sem vítima;62,8;BR-101/RJ;Sul;Colisão Transversal;2;;;;;;;;;;3;;;;
16/02/2018;12:47:00;117;sem vítima;271,99;BR-101/RJ;Sul;Colisão Traseira;2;;;;;;;;;;2;;;;
16/02/2018;17:14:00;167;sem vítima;319,7;BR-101/RJ;Norte;Colisão Traseira;2;;;;;;;;;;4;;;;
16/02/2018;19:19:00;185;com vítima;87,517;BR-101/RJ;Norte;Tombamento;;;;1;;;;;;;0;1;;;
16/02/2018;19:48:00;189;sem vítima;315,5;BR-101/RJ;Norte;Capotamento;1;;;;;;;;;;1;;;;
17/02/2018;00:15:00;4;com vítima;121,167;BR-101/RJ;Sul;Choque - Defensa, barreira ou "submarino";1;;;;;;;;;;0;;1;;
17/02/2018;02:49:00;14;sem vítima;138,564;BR-101/RJ;Sul;Atropelamento de Animal;1;;;;;;;;;;4;;;;
17/02/2018;16:54:00;126;sem vítima;262,81;BR-101/RJ;Sul;Choque - Defensa, barreira ou "submarino";1;;;;;;;;;;1;;;;
18/02/2018;00:50:00;5;sem vítima;100,147;BR-101/RJ;Norte;Choque - Defensa, barreira ou "submarino";;;1;;;;;;;;1;;;;
18/02/2018;01:47:00;10;sem vítima;279,93;BR-101/RJ;Sul;Colisão Traseira;1;;;;;;;;;;1;;;;
18/02/2018;16:59:00;121;com vítima;90,259;BR-101/RJ;Sul;Capotamento;1;;;;;;;;;;1;;2;;
18/02/2018;20:27:00;158;sem vítima;169,059;BR-101/RJ;Norte;Capotamento;1;;;;;;;;;;2;;;;
18/02/2018;22:15:00;170;sem vítima;234,2;BR-101/RJ;Norte;Choque - Defensa, barreira ou "submarino";1;;;;;1;;;;;3;;;;
18/02/2018;22:50:00;176;sem vítima;320,5;BR-101/RJ;Sul;Colisão Traseira;2;;;;;;;;;;6;;;;
19/02/2018;06:50:00;27;com vítima;308,286;BR-101/RJ;Norte;Choque - Defensa, barreira ou "submarino";1;;;;;;;;;;0;1;;;
19/02/2018;14:28:00;140;com vítima;92,358;BR-101/RJ;Norte;Choque - Defensa, barreira ou "submarino";1;;;;;;;;;;1;2;1;;
19/02/2018;16:18:00;155;com vítima;318,8;BR-101/RJ;Norte;Tombamento;1;;;1;;;;;;;1;1;1;;
20/02/2018;04:42:00;22;sem vítima;281,589;BR-101/RJ;Sul;Colisão Lateral;1;;;;;1;;;;;2;;;;
20/02/2018;06:31:00;34;sem vítima;312,6;BR-101/RJ;Sul;Engavetamento;3;;;;;;;;;;4;;;;
20/02/2018;07:04:00;40;com vítima;66,232;BR-101/RJ;Norte;Colisão Transversal;1;;;1;;;;;;;2;1;;;
20/02/2018;10:02:00;102;com vítima;295,36;BR-101/RJ;Sul;Atropelamento - Usuário;;;1;;;;;;;;2;;;1;
20/02/2018;12:05:00;133;sem vítima;293,233;BR-101/RJ;Sul;Colisão Traseira;;;;;;1;;;;1;2;;;;
20/02/2018;15:37:00;167;com vítima;281,05;BR-101/RJ;Norte;Tombamento;;;;1;;;;;;;0;1;1;;
20/02/2018;16:47:00;177;sem vítima;86,8;BR-101/RJ;Norte;Choque - Talude;;;1;;;;;;;;2;;;;
20/02/2018;18:12:00;188;com vítima;287,791;BR-101/RJ;Sul;Choque - Defensa, barreira ou "submarino";1;;;;;;;;;;0;1;;;
20/02/2018;19:44:00;202;sem vítima;37,39;BR-101/RJ;Norte;Choque - Defensa, barreira ou "submarino";2;;;;;;;;;;3;;;;
21/02/2018;06:57:00;42;com vítima;311,728;BR-101/RJ;Sul;Colisão Lateral;;;;1;;1;;;;;1;;1;;
21/02/2018;08:23:00;70;com vítima;321,025;BR-101/RJ;Norte;Tombamento;;;;1;;;;;;;0;1;;;
21/02/2018;16:10:00;146;sem vítima;181,741;BR-101/RJ;Sul;Colisão Transversal;;;;1;;1;;;;;2;;;;
21/02/2018;16:15:00;147;sem vítima;321,244;BR-101/RJ;Sul;Colisão Traseira;2;;;;;;;;;;2;;;;
22/02/2018;01:18:00;12;sem vítima;184,64;BR-101/RJ;Norte;Choque - Elemento de Drenagem;1;;;;;;;;;;2;;;;
22/02/2018;08:31:00;61;com vítima;221,082;BR-101/RJ;Sul;Capotamento;1;;;;;;;;;;0;1;;;
22/02/2018;08:45:00;64;com vítima;195,4;BR-101/RJ;Norte;Choque - Defensa, barreira ou "submarino";1;;;;;;;;;;0;1;;;
22/02/2018;15:00:00;121;sem vítima;296,039;BR-101/RJ;Norte;Engavetamento;2;;;;;;;;;1;3;;;;
22/02/2018;16:38:00;138;sem vítima;283,01;BR-101/RJ;Sul;Choque - Talude;1;;;;;;;;;;2;;;;
22/02/2018;17:11:00;152;sem vítima;225,944;BR-101/RJ;Norte;Choque - Elemento de Drenagem;1;;;;;;;;;;1;;;;
22/02/2018;18:46:00;164;sem vítima;67,05;BR-101/RJ;Sul;Colisão Traseira;1;;1;;;;;;;;2;;;;
22/02/2018;20:24:00;188;com vítima;298,38;BR-101/RJ;Sul;Colisão Lateral;1;;2;;;;;;;;4;1;;;
23/02/2018;05:41:00;18;sem vítima;302,851;BR-101/RJ;Norte;Choque - Poste;1;;;;;;;;;;2;;;;
23/02/2018;06:25:00;21;sem vítima;298,889;BR-101/RJ;Norte;Choque - Defensa, barreira ou "submarino";1;;;;;;;;;;1;;;;
23/02/2018;11:21:00;104;com vítima;319,354;BR-101/RJ;Sul;Colisão Lateral;;;;1;;1;;;;;1;1;;;
23/02/2018;12:21:00;116;sem vítima;195,254;BR-101/RJ;Sul;Choque - Talude;1;;;;;;;;;;1;;;;
23/02/2018;14:37:00;141;com vítima;66,938;BR-101/RJ;Norte;Colisão Traseira;2;;;;;;;;;;7;1;;;
23/02/2018;16:12:00;158;sem vítima;164,29;BR-101/RJ;Norte;Choque - Defensa, barreira ou "submarino";1;;;;;;;;;;7;;;;
23/02/2018;17:28:00;168;sem vítima;176,719;BR-101/RJ;Norte;Capotamento;1;;;;;;;;;;1;;;;
23/02/2018;17:47:00;172;sem vítima;321,4;BR-101/RJ;Norte;Colisão Traseira;1;;;;;1;;;;;2;;;;
23/02/2018;20:27:00;193;sem vítima;313,2;BR-101/RJ;Norte;Choque - Outros;1;;;;;;;;;;1;;;;
24/02/2018;00:12:00;4;com vítima;128,796;BR-101/RJ;Norte;Choque - Defensa, barreira ou "submarino";;;1;;;;;;;;0;1;;;
24/02/2018;05:05:00;24;sem vítima;69,419;BR-101/RJ;Sul;Choque - Objeto sobre a pista;1;;;;;;;;;;1;;;;
24/02/2018;09:29:00;59;sem vítima;305,783;BR-101/RJ;Sul;Choque - Defensa, barreira ou "submarino";1;;;;;;;;;;1;;;;
24/02/2018;15:07:00;113;sem vítima;305,9;BR-101/RJ;Norte;Choque - Defensa, barreira ou "submarino";1;;;;;;;;;;1;;;;
24/02/2018;15:50:00;119;sem vítima;213,4;BR-101/RJ;Sul;Colisão Lateral;1;;;;;1;;;;;10;;;;
24/02/2018;21:18:00;154;com vítima;52,01;BR-101/RJ;Sul;Atropelamento - Morador;1;;;;;;;;;;2;;;;1
25/02/2018;06:54:00;16;com vítima;0,8;BR-101/RJ;Sul;Tombamento;;;;1;;;;;;;0;1;1;;
25/02/2018;13:58:00;62;sem vítima;321,1;BR-101/RJ;Norte;Choque - Defensa, barreira ou "submarino";1;;;;;;;;;;2;;;;
25/02/2018;14:31:00;71;com vítima;236,7;BR-101/RJ;Sul;Colisão Lateral;1;;;1;;;;;;;5;1;;;
25/02/2018;15:41:00;80;com vítima;213,5;BR-101/RJ;Norte;Choque - Outros;1;;;;;;;;;;0;1;1;;
25/02/2018;17:02:00;103;sem vítima;272,1;BR-101/RJ;Sul;Colisão Traseira;2;;;;;;;;;;2;;;;
25/02/2018;19:00:00;127;com vítima;56,4;BR-101/RJ;Norte;Colisão Transversal;2;;;;;;;;;;1;;1;1;
26/02/2018;02:06:00;13;com vítima;272,4;BR-101/RJ;Norte;Choque - Talude;1;;;;;;;;;;0;2;;;
26/02/2018;13:49:00;131;com vítima;276,578;BR-101/RJ;Norte;Colisão Lateral;;;2;;;;;;;;5;;;1;
26/02/2018;15:52:00;147;sem vítima;276,6;BR-101/RJ;Norte;Colisão Lateral;;;2;;;;;;;;2;;;;
26/02/2018;15:55:00;148;com vítima;304,43;BR-101/RJ;Sul;Choque - Outros;1;;;;;;;;;;0;2;;;
26/02/2018;17:49:00;162;sem vítima;293,185;BR-101/RJ;Norte;Colisão Traseira;2;;;;;;;;;;2;;;;
26/02/2018;17:57:00;163;sem vítima;284,1;BR-101/RJ;Norte;Colisão Lateral;1;;1;;;;;;;;4;;;;
26/02/2018;18:48:00;169;sem vítima;294,079;BR-101/RJ;Sul;Colisão Traseira;;;1;;;;;;;1;2;;;;
26/02/2018;18:53:00;170;sem vítima;304,43;BR-101/RJ;Norte;Colisão Traseira;1;;;;;1;;;;;2;;;;
27/02/2018;00:54:00;7;sem vítima;318,774;BR-101/RJ;Norte;Choque - Defensa, barreira ou "submarino";1;;;;;;;;;;1;;;;
27/02/2018;07:48:00;43;com vítima;51,23;BR-101/RJ;Sul;Tombamento;;;;1;;;;;;;0;1;1;;
27/02/2018;11:07:00;110;com vítima;299,114;BR-101/RJ;Norte;Atropelamento - Morador;;;;;;1;;;;;1;;1;;
27/02/2018;14:34:00;133;sem vítima;206,1;BR-101/RJ;Sul;Colisão Lateral;1;;1;;;;;;;;2;;;;
27/02/2018;16:42:00;156;sem vítima;249,017;BR-101/RJ;Norte;Choque - Defensa, barreira ou "submarino";1;;;;;;;;;;1;;;;
27/02/2018;17:13:00;164;sem vítima;223,67;BR-101/RJ;Norte;Colisão Traseira;;;;;;1;;;;1;2;;;;
27/02/2018;17:27:00;168;com vítima;314,631;BR-101/RJ;Norte;Atropelamento de Animal;;;;1;;;;;;;0;1;;;
27/02/2018;19:30:00;178;sem vítima;268,5;BR-101/RJ;Sul;Choque - Talude;1;;;;;;;;;;1;;;;
27/02/2018;22:32:00;197;sem vítima;291,5;BR-101/RJ;Norte;Atropelamento de Animal;;;;;;1;;;;;1;;;;
27/02/2018;22:48:00;199;com vítima;295,35;BR-101/RJ;Norte;Colisão Lateral;2;;;;;;;;;;1;2;;;
28/02/2018;04:54:00;14;sem vítima;12,6;BR-101/RJ;Norte;Choque - Outros;1;;;;;;;;;;1;;;;