data;horario;n_da_ocorrencia;tipo_de_ocorrencia;km;trecho;sentido;tipo_de_acidente;automovel;bicicleta;caminhao;moto;onibus;outros;tracao_animal;transporte_de_cargas_especiais;trator_maquinas;utilitarios;ilesos;levemente_feridos;moderadamente_feridos;gravemente_feridos;mortos
19/10/2018;19:11:00;201;com vítima;276,904;BR-101/RJ;Norte;Atropelamento - Usuário;1;;;;;;;;;;2;1;;;
19/10/2018;21:54:00;227;sem vítima;320,819;BR-101/RJ;Norte;Choque - Defensa, barreira ou "submarino";1;;;;;;;;;;2;;;;
19/10/2018;22:31:00;232;com vítima;19,759;BR-101/RJ;Sul;Choque - Defensa, barreira ou "submarino";1;;;;;;;;;;1;;1;;
19/10/2018;22:58:00;239;sem vítima;300,3;BR-101/RJ;Norte;Choque - Objeto sobre a pista;1;;;;;;;;;;1;;;;
20/10/2018;00:48:00;22;sem vítima;270,2;BR-101/RJ;Sul;Colisão Traseira;1;;;;;;;;;;1;;;;
20/10/2018;02:39:00;31;sem vítima;121,529;BR-101/RJ;Norte;Choque - Outros;1;;;;;;;;;;1;;;;
20/10/2018;05:00:00;46;sem vítima;297,4;BR-101/RJ;Sul;Choque - Defensa, barreira ou "submarino";1;;;;;;;;;;1;;;;
20/10/2018;06:52:00;63;sem vítima;297,869;BR-101/RJ;Sul;Choque - Defensa, barreira ou "submarino";1;;;;;;;;;;1;;;;
20/10/2018;06:54:00;64;com vítima;71,22;BR-101/RJ;Norte;Colisão Transversal;2;;;;;;;;;;1;3;;;
20/10/2018;07:46:00;73;sem vítima;59,8;BR-101/RJ;Sul;Colisão Traseira;1;;1;;;;;;;;4;;;;
20/10/2018;08:05:00;78;sem vítima;318,421;BR-101/RJ;Sul;Engavetamento;1;;;;;1;;;;1;4;;;;
20/10/2018;14:55:00;150;com vítima;144,255;BR-101/RJ;Norte;Choque - Defensa, barreira ou "submarino";1;;;;;;;;;;0;1;;;
20/10/2018;17:52:00;184;sem vítima;65,313;BR-101/RJ;Norte;Tombamento;;;1;1;;;;;;;2;;;;
20/10/2018;19:51:00;202;sem vítima;304,186;BR-101/RJ;Norte;Choque - Defensa, barreira ou "submarino";1;;;;;;;;;;1;;;;
20/10/2018;19:57:00;203;sem vítima;300,16;BR-101/RJ;Sul;Atropelamento de Animal;1;;;;;;;;;;1;;;;
20/10/2018;20:14:00;208;sem vítima;62,7;BR-101/RJ;Norte;Colisão Lateral;2;;;;;;;;;;2;;;;
20/10/2018;21:24:00;217;com vítima;56,75;BR-101/RJ;Sul;Tombamento;;;;1;;;;;;;0;;1;;
21/10/2018;04:57:00;43;sem vítima;318,311;BR-101/RJ;Norte;Colisão Lateral;;;1;;;;;;;1;2;;;;
21/10/2018;05:19:00;47;com vítima;307,592;BR-101/RJ;Norte;Choque - Defensa, barreira ou "submarino";1;;;;;;;;;;0;1;;;
21/10/2018;07:23:00;55;sem vítima;55,785;BR-101/RJ;Norte;Choque - Outros;1;;;;;;;;;;1;;;;
21/10/2018;15:35:00;124;com vítima;275,259;BR-101/RJ;Sul;Colisão Frontal;1;1;;;;;;;;;1;;;1;
21/10/2018;17:00:00;136;sem vítima;291,63;BR-101/RJ;Sul;Colisão Frontal;2;;;;;;;;;;2;;;;
21/10/2018;18:00:00;141;sem vítima;313,316;BR-101/RJ;Sul;Colisão Lateral;2;;;;;;;;;;3;;;;
21/10/2018;21:42:00;173;sem vítima;299,7;BR-101/RJ;Sul;Colisão Traseira;2;;;;;;;;;;2;;;;
22/10/2018;00:22:00;21;com vítima;66,484;BR-101/RJ;Norte;Choque - Elemento de Drenagem;1;;;;;;;;;;0;1;;;
22/10/2018;06:22:00;48;sem vítima;318,35;BR-101/RJ;Norte;Choque - Defensa, barreira ou "submarino";1;;;;;;;;;;1;;;;
22/10/2018;06:55:00;52;sem vítima;312,789;BR-101/RJ;Sul;Colisão Lateral;1;;;1;;;;;;;3;;;;
22/10/2018;09:21:00;94;sem vítima;48,5;BR-101/RJ;Sul;Colisão Traseira;2;;;;;1;;;;;3;;;;
22/10/2018;09:42:00;96;com vítima;319,5;BR-101/RJ;Sul;Colisão Traseira;;;;;1;;;;;1;2;1;;;
22/10/2018;12:57:00;136;sem vítima;74,201;BR-101/RJ;Norte;Colisão Traseira;2;;;;;;;;;;3;;;;
22/10/2018;16:51:00;179;sem vítima;190,48;BR-101/RJ;Sul;Colisão Lateral;1;;1;;;;;;;;2;;;;
22/10/2018;22:00:00;221;com vítima;18,184;BR-101/RJ;Norte;Colisão Frontal;;;;;;;;;;2;2;1;3;1;
22/10/2018;22:28:00;224;sem vítima;312,2;BR-101/RJ;Norte;Engavetamento;4;;;;;;;;;;7;;;;
23/10/2018;06:28:00;47;com vítima;48,78;BR-101/RJ;Norte;Colisão Frontal;1;;1;;;;;;;;1;;1;;
23/10/2018;08:44:00;78;com vítima;54,4;BR-101/RJ;Norte;Colisão Transversal;;;1;1;;;;;;;1;;;;1
23/10/2018;14:14:00;143;com vítima;318,803;BR-101/RJ;Sul;Colisão Lateral;1;;;1;;;;;;;1;;1;;
23/10/2018;17:42:00;174;sem vítima;318,613;BR-101/RJ;Norte;Colisão Lateral;1;;;;1;;;;;;2;;;;
23/10/2018;23:38:00;215;com vítima;10,95;BR-101/RJ;Sul;Tombamento;;;1;;;;;;;;0;;1;;
23/10/2018;23:57:00;217;sem vítima;297,896;BR-101/RJ;Sul;Choque - Elemento de Drenagem;1;;;;;;;;;;1;;;;
24/10/2018;00:38:00;21;sem vítima;73,65;BR-101/RJ;Sul;Colisão Frontal;;;1;;;;;;;;1;;;;
24/10/2018;03:26:00;36;com vítima;172,378;BR-101/RJ;Norte;Colisão Frontal;1;;1;;;;;;;;1;;;1;1
24/10/2018;11:19:00;98;sem vítima;236,446;BR-101/RJ;Sul;Colisão Traseira;1;;;;;;;;;1;2;;;;
24/10/2018;17:32:00;151;com vítima;250,317;BR-101/RJ;Sul;Choque - Defensa, barreira ou "submarino";1;;;;;;;;;;0;;;;1
25/10/2018;00:05:00;18;com vítima;169,071;BR-101/RJ;Norte;Choque - Talude;1;;;;;;;;;;0;2;;;
25/10/2018;06:09:00;41;com vítima;96,7;BR-101/RJ;Sul;Choque - Talude;1;;;;;;;;;;0;1;;;
25/10/2018;06:46:00;44;sem vítima;58,2;BR-101/RJ;Sul;Colisão Transversal;1;;;;;1;;;;;2;;;;
25/10/2018;08:03:00;58;sem vítima;298,056;BR-101/RJ;Norte;Colisão Traseira;;;1;;;;;;;1;2;;;;
25/10/2018;08:43:00;65;sem vítima;297,545;BR-101/RJ;Sul;Colisão Lateral;1;;1;;;;;;;;2;;;;
25/10/2018;12:02:00;102;sem vítima;297,702;BR-101/RJ;Norte;Colisão Lateral;1;;1;;;;;;;;3;;;;
25/10/2018;13:24:00;113;sem vítima;310,881;BR-101/RJ;Norte;Colisão Traseira;2;;;;;;;;;;2;;;;
25/10/2018;14:36:00;125;sem vítima;91,85;BR-101/RJ;Norte;Choque - Defensa, barreira ou "submarino";1;;;;;;;;;;1;;;;
25/10/2018;15:09:00;130;sem vítima;179,089;BR-101/RJ;Norte;Engavetamento;;;3;;;;;;;;3;;;;
25/10/2018;16:32:00;147;sem vítima;66,92;BR-101/RJ;Norte;Colisão Transversal;1;;;1;;;;;;;2;;;;
25/10/2018;16:43:00;149;com vítima;92,621;BR-101/RJ;Norte;Capotamento;1;;;;;;;;;;0;;1;;
25/10/2018;17:02:00;153;com vítima;81,65;BR-101/RJ;Sul;Choque - Defensa, barreira ou "submarino";1;;;;;;;;;;0;1;;;
25/10/2018;21:32:00;187;sem vítima;262,551;BR-101/RJ;Norte;Choque - Defensa, barreira ou "submarino";1;;;;;;;;;;1;;;;
26/10/2018;02:41:00;24;com vítima;220,08;BR-101/RJ;Sul;Choque - Defensa, barreira ou "submarino";1;;;;;;;;;;3;2;;;
26/10/2018;04:37:00;28;sem vítima;190,033;BR-101/RJ;Norte;Choque - Defensa, barreira ou "submarino";1;;;;;;;;;;1;;;;
26/10/2018;05:08:00;32;sem vítima;191,101;BR-101/RJ;Sul;Atropelamento de Animal;;;;;;;;;;1;1;;;;
26/10/2018;08:02:00;50;com vítima;311,3;BR-101/RJ;Norte;Colisão Traseira;1;;;1;;;;;;;1;1;;;
26/10/2018;11:22:00;86;sem vítima;92,67;BR-101/RJ;Norte;Choque - Defensa, barreira ou "submarino";1;;;;1;;;;;;4;;;;
26/10/2018;12:40:00;100;sem vítima;295,32;BR-101/RJ;Norte;Colisão Traseira;2;;;;;;;;;;2;;;;
26/10/2018;14:16:00;111;sem vítima;260,972;BR-101/RJ;Sul;Choque - Defensa, barreira ou "submarino";1;;;;;;;;;;2;;;;
26/10/2018;15:34:00;119;sem vítima;319,366;BR-101/RJ;Sul;Colisão Traseira;1;;;;;1;;;;;5;;;;
26/10/2018;15:53:00;121;sem vítima;174,2;BR-101/RJ;Norte;Colisão Traseira;2;;;;;;;;;;5;;;;
26/10/2018;15:53:00;122;sem vítima;227,338;BR-101/RJ;Sul;Atropelamento de Animal;1;;;;;;;;;;1;;;;
26/10/2018;20:36:00;164;sem vítima;15,2;BR-101/RJ;Norte;Choque - Outros;1;;;;;;;;;;1;;;;
26/10/2018;23:06:00;179;sem vítima;62,891;BR-101/RJ;Norte;Choque - Elemento de Drenagem;1;;;;;;;;;;1;;;;
27/10/2018;04:56:00;44;sem vítima;296,611;BR-101/RJ;Sul;Capotamento;1;;;;;;;;;;1;;;;
27/10/2018;17:50:00;178;com vítima;302,972;BR-101/RJ;Norte;Capotamento;1;;;;;;;;;;0;;;1;
27/10/2018;19:00:00;183;sem vítima;313,456;BR-101/RJ;Sul;Atropelamento de Animal;1;;;;;;;;;;1;;;;
27/10/2018;19:39:00;188;com vítima;301,924;BR-101/RJ;Norte;Colisão Lateral;1;1;;;;;;;;;1;;;1;
27/10/2018;22:06:00;199;sem vítima;303,6;BR-101/RJ;Sul;Choque - Elemento de Drenagem;1;;;;;;;;;;1;;;;
27/10/2018;22:25:00;201;sem vítima;62,871;BR-101/RJ;Norte;Choque - Elemento de Drenagem;1;;;;;;;;;;2;;;;
28/10/2018;03:18:00;33;sem vítima;314,445;BR-101/RJ;Norte;Choque - Defensa, barreira ou "submarino";1;;;;;;;;;;1;;;;
28/10/2018;05:37:00;45;sem vítima;320,898;BR-101/RJ;Sul;Choque - Defensa, barreira ou "submarino";1;;;;;;;;;;1;;;;
28/10/2018;07:19:00;56;sem vítima;302,358;BR-101/RJ;Norte;Choque - Defensa, barreira ou "submarino";1;;;;;;;;;;1;;;;
28/10/2018;11:56:00;91;sem vítima;299,7;BR-101/RJ;Sul;Colisão Traseira;1;;;1;;;;;;;2;;;;
28/10/2018;14:36:00;117;sem vítima;273,573;BR-101/RJ;Norte;Saida de Pista;1;;;;;;;;;;1;;;;
28/10/2018;21:01:00;175;com vítima;205,869;BR-101/RJ;Norte;Colisão Traseira;2;;;;;1;;;;;3;1;;;
28/10/2018;21:05:00;176;com vítima;297,284;BR-101/RJ;Norte;Choque - Elemento de Drenagem;;;;;;1;;;;;0;;1;;
29/10/2018;03:23:00;30;com vítima;297,289;BR-101/RJ;Norte;Tombamento;;;;1;;;;;;;0;1;;;
29/10/2018;11:35:00;110;com vítima;313,347;BR-101/RJ;Sul;Tombamento;;;;1;;;;;;;0;1;;;
29/10/2018;13:32:00;124;sem vítima;184,4;BR-101/RJ;Sul;Choque - Defensa, barreira ou "submarino";1;;;;;;;;;;1;;;;
29/10/2018;14:11:00;135;sem vítima;190,355;BR-101/RJ;Norte;Choque - Defensa, barreira ou "submarino";1;;;;;;;;;;1;;;;
29/10/2018;14:49:00;141;sem vítima;91,15;BR-101/RJ;Norte;Choque - Defensa, barreira ou "submarino";1;;;;;;;;;;1;;;;
29/10/2018;15:33:00;145;com vítima;187,24;BR-101/RJ;Norte;Colisão Frontal;1;;1;;;;;;;;1;;;1;
29/10/2018;21:52:00;187;sem vítima;297,06;BR-101/RJ;Norte;Choque - Defensa, barreira ou "submarino";1;;;;;;;;;;1;;;;
29/10/2018;21:53:00;188;com vítima;310,976;BR-101/RJ;Norte;Colisão Lateral;;;;1;1;;;;;;1;;;1;
30/10/2018;04:59:00;36;sem vítima;272,046;BR-101/RJ;Sul;Atropelamento de Animal;1;;;;;;;;;;1;;;;
30/10/2018;06:24:00;44;com vítima;310,628;BR-101/RJ;Sul;Colisão Transversal;1;;;1;;;;;;;1;1;;;
30/10/2018;15:52:00;169;sem vítima;276,273;BR-101/RJ;Sul;Colisão Traseira;2;;;;;;;;;;4;;;;
30/10/2018;16:58:00;181;sem vítima;301,413;BR-101/RJ;Sul;Colisão Traseira;2;;;;;;;;;;2;;;;
30/10/2018;20:04:00;209;com vítima;321,971;BR-101/RJ;Sul;Colisão Traseira;1;;;1;;;;;;;1;1;;;
31/10/2018;01:39:00;23;com vítima;262,77;BR-101/RJ;Sul;Choque - Elemento de Drenagem;1;;;;;;;;;;0;;1;;
31/10/2018;06:49:00;41;sem vítima;279,005;BR-101/RJ;Sul;Choque - Defensa, barreira ou "submarino";1;;;;;;;;;;1;;;;
31/10/2018;07:33:00;57;sem vítima;315,7;BR-101/RJ;Sul;Engavetamento;3;;;;;;;;;;3;;;;
31/10/2018;11:05:00;105;sem vítima;295,015;BR-101/RJ;Sul;Colisão Traseira;1;;1;;;;;;;;6;;;;
31/10/2018;11:20:00;107;com vítima;46,725;BR-101/RJ;Sul;Colisão Transversal;1;;;2;;;;;;;0;4;1;1;
31/10/2018;15:18:00;142;sem vítima;297,412;BR-101/RJ;Sul;Colisão Traseira;;;2;;;;;;;;2;;;;
31/10/2018;15:47:00;147;com vítima;313,843;BR-101/RJ;Norte;Colisão Traseira;1;;;;;;;;;1;3;1;;;
31/10/2018;16:14:00;153;sem vítima;311,139;BR-101/RJ;Norte;Engavetamento;1;;;;;2;;;;;3;;;;
31/10/2018;17:28:00;168;com vítima;316,619;BR-101/RJ;Norte;Colisão Lateral;1;;;1;;;;;;;1;1;;;
31/10/2018;22:48:00;203;com vítima;286,2;BR-101/RJ;Sul;Atropelamento - Usuário;1;;1;;;;;;;;2;;1;;
31/10/2018;22:44:00;208;sem vítima;286,2;BR-101/RJ;Sul;Atropelamento de Animal;;;1;;;;;;;;1;;;;
31/10/2018;22:48:00;209;sem vítima;286,2;BR-101/RJ;Sul;Atropelamento de Animal;1;;;;;;;;;;1;;;;
31/10/2018;22:44:00;216;com vítima;285,974;BR-101/RJ;Sul;Atropelamento de Animal;1;;;;;;;;;;0;1;;;
01/11/2018;00:11:00;19;sem vítima;102,4;BR-101/RJ;Norte;Atropelamento de Animal;1;;;;;;;;;;1;;;;
01/11/2018;00:33:00;21;sem vítima;52,522;BR-101/RJ;Norte;Tombamento;;;1;;;;;;;;1;;;;
01/11/2018;07:47:00;68;sem vítima;318,382;BR-101/RJ;Sul;Colisão Traseira;2;;;;;;;;;;3;;;;
01/11/2018;11:36:00;122;com vítima;141,212;BR-101/RJ;Sul;Capotamento;1;;;;;;;;;;0;1;2;;
01/11/2018;14:42:00;153;com vítima;293,991;BR-101/RJ;Norte;Engavetamento;3;;;;;;;;;;5;1;;;
01/11/2018;14:58:00;157;sem vítima;266,167;BR-101/RJ;Norte;Choque - Defensa, barreira ou "submarino";1;;;;;;;;;;4;;;;
01/11/2018;15:41:00;167;sem vítima;215,69;BR-101/RJ;Norte;Choque - Defensa, barreira ou "submarino";1;;;;;;;;;;1;;;;
01/11/2018;16:21:00;174;sem vítima;233,02;BR-101/RJ;Sul;Outros - Sequência;1;;1;;;;;;;1;5;;;;
01/11/2018;17:49:00;195;com vítima;118,15;BR-101/RJ;Norte;Colisão Transversal;2;;;;;;;;;;0;4;;;
01/11/2018;18:46:00;203;sem vítima;298,034;BR-101/RJ;Sul;Colisão Lateral;1;1;;;;;;;;;2;;;;
01/11/2018;19:43:00;211;com vítima;267,52;BR-101/RJ;Sul;Choque - Elemento de Drenagem;1;;;;;;;;;;1;1;;;
01/11/2018;19:43:00;212;com vítima;68,5;BR-101/RJ;Sul;Colisão Transversal;;1;1;;;;;;;;1;1;;;
01/11/2018;20:33:00;220;com vítima;205,8;BR-101/RJ;Norte;Colisão Traseira;;;1;1;;;;;;;1;1;;;
01/11/2018;23:42:00;239;sem vítima;119,269;BR-101/RJ;Sul;Colisão Traseira;;;2;;;;;;;;2;;;;
02/11/2018;07:34:00;58;sem vítima;61;BR-101/RJ;Sul;Colisão Frontal;2;;;;;;;;;;3;;;;
02/11/2018;07:58:00;61;sem vítima;294,972;BR-101/RJ;Norte;Colisão Lateral;2;;;1;;;;;;;6;;;;
02/11/2018;11:23:00;109;sem vítima;296,024;BR-101/RJ;Norte;Engavetamento;3;;;;;;;;;;3;;;;
02/11/2018;12:36:00;122;sem vítima;283,656;BR-101/RJ;Norte;Colisão Traseira;1;;1;;;;;;;;3;;;;
02/11/2018;14:16:00;133;com vítima;206,6;BR-101/RJ;Norte;Colisão Lateral;1;;;1;;;;;;;2;1;;;
02/11/2018;20:21:00;172;com vítima;299,284;BR-101/RJ;Norte;Colisão Traseira;2;;;;;;;;;;5;;1;;
02/11/2018;21:14:00;177;sem vítima;299,333;BR-101/RJ;Sul;Colisão Traseira;1;;;;;1;;;;;4;;;;
03/11/2018;06:56:00;47;com vítima;59,67;BR-101/RJ;Sul;Colisão Traseira;1;;;1;;;;;;;1;;1;;
03/11/2018;18:33:00;148;com vítima;270,375;BR-101/RJ;Sul;Tombamento;;;;1;;;;;;;0;1;;;
03/11/2018;20:11:00;166;sem vítima;144,4;BR-101/RJ;Sul;Choque - Elemento de Drenagem;1;;;;;;;;;;4;;;;
03/11/2018;22:18:00;179;sem vítima;200,7;BR-101/RJ;Sul;Atropelamento de Animal;1;;;;;;;;;;1;;;;
04/11/2018;04:25:00;33;com vítima;88,664;BR-101/RJ;Norte;Choque - Defensa, barreira ou "submarino";;;1;;;;;;;;1;2;;;
04/11/2018;06:54:00;43;sem vítima;272,087;BR-101/RJ;Norte;Choque - Talude;1;;;;;;;;;;1;;;;
04/11/2018;07:01:00;45;sem vítima;282,766;BR-101/RJ;Sul;Colisão Traseira;1;;;;;;;;;1;3;;;;
04/11/2018;18:08:00;144;sem vítima;206,5;BR-101/RJ;Sul;Colisão Traseira;2;;;;;;;;;;2;;;;
04/11/2018;20:54:00;179;com vítima;139,924;BR-101/RJ;Sul;Choque - Defensa, barreira ou "submarino";1;;;;;;;;;;0;1;;;
04/11/2018;23:19:00;193;sem vítima;175,857;BR-101/RJ;Norte;Choque - Outros;1;;;;;;;;;;2;;;;
05/11/2018;03:35:00;28;sem vítima;293,1;BR-101/RJ;Sul;Choque - Defensa, barreira ou "submarino";1;;;;;;;;;;1;;;;
05/11/2018;05:05:00;35;sem vítima;300,479;BR-101/RJ;Norte;Atropelamento de Animal;1;;;;;;;;;;2;;;;
05/11/2018;07:37:00;56;sem vítima;262,349;BR-101/RJ;Sul;Choque - Defensa, barreira ou "submarino";1;;;;;;;;;;2;;;;
05/11/2018;07:43:00;58;sem vítima;212,245;BR-101/RJ;Norte;Tombamento;;;;;;;;;;1;2;;;;
05/11/2018;07:44:00;59;sem vítima;225,15;BR-101/RJ;Sul;Choque - Defensa, barreira ou "submarino";1;;;;;;;;;;1;;;;
05/11/2018;10:58:00;95;com vítima;82,49;BR-101/RJ;Sul;Choque - Defensa, barreira ou "submarino";1;;;;;;;;;;0;1;;;
05/11/2018;11:38:00;104;sem vítima;57,587;BR-101/RJ;Norte;Colisão Lateral;1;;;;;;;;;1;2;;;;
05/11/2018;11:44:00;106;com vítima;321,413;BR-101/RJ;Norte;Colisão Traseira;1;;;1;;;;;;;1;1;;;
05/11/2018;12:04:00;107;sem vítima;188,9;BR-101/RJ;Norte;Choque - Outros;1;;;;;;;;;;1;;;;
05/11/2018;12:42:00;110;com vítima;199,099;BR-101/RJ;Sul;Colisão Traseira;2;;;;;;;;;;1;2;;;
05/11/2018;17:06:00;150;sem vítima;82,655;BR-101/RJ;Sul;Choque - Defensa, barreira ou "submarino";1;;;;;;;;;;1;;;;
05/11/2018;17:32:00;155;com vítima;87,28;BR-101/RJ;Norte;Choque - Talude;;;1;;;;;;;;1;1;;;
05/11/2018;19:03:00;163;com vítima;82,689;BR-101/RJ;Norte;Tombamento;;;1;;;;;;;;0;1;;;
06/11/2018;07:13:00;51;com vítima;186,845;BR-101/RJ;Sul;Tombamento;;;;1;;1;;;;;1;;;;1
06/11/2018;11:10:00;91;com vítima;6,111;BR-101/RJ;Norte;Tombamento;;;;1;;;;;;;0;2;;;
06/11/2018;11:23:00;95;com vítima;297,04;BR-101/RJ;Sul;Engavetamento;5;;;;;;;;;;6;2;;;
06/11/2018;18:53:00;153;sem vítima;192,82;BR-101/RJ;Sul;Colisão Traseira;2;;;;;;;;;;7;;;;
06/11/2018;19:19:00;159;sem vítima;310,4;BR-101/RJ;Norte;Colisão Traseira;2;;;;;;;;;;2;;;;
06/11/2018;21:46:00;176;sem vítima;86,971;BR-101/RJ;Sul;Choque - Defensa, barreira ou "submarino";;;1;;;;;;;;1;;;;
07/11/2018;12:42:00;137;sem vítima;80,001;BR-101/RJ;Sul;Choque - Suporte de Sinalização;;;1;;;;;;;;2;;;;
07/11/2018;13:36:00;146;com vítima;301,622;BR-101/RJ;Norte;Engavetamento;;;;;;2;;;;1;0;12;3;;
07/11/2018;14:33:00;152;sem vítima;269,61;BR-101/RJ;Sul;Engavetamento;3;;;;;;;;;;3;;;;
07/11/2018;21:51:00;237;com vítima;301,68;BR-101/RJ;Norte;Colisão Traseira;2;;;;;;;;;;1;1;;;
08/11/2018;02:21:00;19;sem vítima;297,772;BR-101/RJ;Norte;Choque - Defensa, barreira ou "submarino";1;;;;;;;;;;1;;;;
08/11/2018;03:31:00;27;sem vítima;293,208;BR-101/RJ;Sul;Choque - Defensa, barreira ou "submarino";;;1;;;;;;;;1;;;;
08/11/2018;04:28:00;30;com vítima;179,15;BR-101/RJ;Norte;Choque - Suporte de Sinalização;1;;;;;;;;;;1;2;;;
08/11/2018;05:43:00;35;com vítima;166,034;BR-101/RJ;Sul;Capotamento;;;;;;;;;;1;1;1;;;
08/11/2018;06:51:00;45;sem vítima;298,15;BR-101/RJ;Norte;Choque - Defensa, barreira ou "submarino";;;1;;;;;;;;2;;;;
08/11/2018;07:02:00;47;com vítima;297,35;BR-101/RJ;Sul;Colisão Traseira;1;;;1;;;;;;;1;1;;;
08/11/2018;08:08:00;61;com vítima;294,15;BR-101/RJ;Norte;Colisão Traseira;1;;1;;;;;;;;2;1;;;
08/11/2018;08:23:00;65;sem vítima;320,081;BR-101/RJ;Sul;Colisão Lateral;2;;;;;;;;;;2;;;;
08/11/2018;08:41:00;67;sem vítima;107,465;BR-101/RJ;Sul;Choque - Talude;1;;;;;;;;;;1;;;;
08/11/2018;11:32:00;113;sem vítima;193,963;BR-101/RJ;Sul;Capotamento;1;;;;;;;;;;2;;;;
08/11/2018;13:29:00;138;com vítima;87,525;BR-101/RJ;Norte;Capotamento;;;1;;;;;;;;0;2;1;;
08/11/2018;15:50:00;183;com vítima;241,975;BR-101/RJ;Norte;Choque - Defensa, barreira ou "submarino";;;;;;;;;;1;0;2;;;
08/11/2018;16:02:00;188;sem vítima;92,15;BR-101/RJ;Norte;Choque - Elemento de Drenagem;1;;;;;;;;;;1;;;;
08/11/2018;18:21:00;211;sem vítima;236,568;BR-101/RJ;Sul;Choque - Suporte de Sinalização;;;1;;;;;;;;1;;;;
08/11/2018;18:23:00;212;sem vítima;319,3;BR-101/RJ;Norte;Colisão Lateral;;;;;;1;;;;1;4;;;;
08/11/2018;19:25:00;224;com vítima;52,073;BR-101/RJ;Sul;Colisão Transversal;2;;;;;;;;;;0;1;1;1;1
08/11/2018;21:36:00;237;sem vítima;312,692;BR-101/RJ;Norte;Colisão Traseira;2;;;;;1;;;;;3;;;;
08/11/2018;21:56:00;239;sem vítima;87,7;BR-101/RJ;Norte;Choque - Defensa, barreira ou "submarino";1;;;;;;;;;;1;;;;
08/11/2018;22:30:00;244;sem vítima;82,189;BR-101/RJ;Sul;Choque - Defensa, barreira ou "submarino";1;;;;;;;;;;1;;;;
09/11/2018;05:12:00;29;com vítima;266,587;BR-101/RJ;Norte;Choque - Defensa, barreira ou "submarino";1;;;;;;;;;;0;1;;;
09/11/2018;10:20:00;74;sem vítima;293,96;BR-101/RJ;Norte;Colisão Traseira;2;;;;;;;;;;3;;;;
09/11/2018;16:13:00;140;sem vítima;196,349;BR-101/RJ;Sul;Choque - Suporte de Sinalização;1;;;;;;;;;;1;;;;
09/11/2018;17:03:00;147;sem vítima;206,8;BR-101/RJ;Norte;Colisão Traseira;2;;;;;;;;;;5;;;;
09/11/2018;22:07:00;193;sem vítima;72,668;BR-101/RJ;Norte;Choque - Outros;1;;;;;;;;;;1;;;;
09/11/2018;23:06:00;201;sem vítima;36,317;BR-101/RJ;Sul;Choque - Outros;1;;;;;;;;;;2;;;;
10/11/2018;00:37:00;22;sem vítima;215,718;BR-101/RJ;Sul;Choque - Outros;1;;;;;;;;;;1;;;;
10/11/2018;01:36:00;26;sem vítima;215,718;BR-101/RJ;Sul;Choque - Outros;1;;;;;;;;;;1;;;;
10/11/2018;02:23:00;28;sem vítima;215,718;BR-101/RJ;Sul;Choque - Outros;1;;;;;;;;;;1;;;;
10/11/2018;03:22:00;33;sem vítima;64,59;BR-101/RJ;Norte;Choque - Objeto sobre a pista;1;;;;;;;;;;1;;;;
10/11/2018;05:42:00;49;sem vítima;137,134;BR-101/RJ;Sul;Choque - Outros;1;;;;;;;;;;6;;;;
10/11/2018;13:24:00;116;com vítima;232,907;BR-101/RJ;Sul;Capotamento;1;;;;;;;;;;0;;1;;
10/11/2018;17:15:00;140;sem vítima;318,3;BR-101/RJ;Sul;Choque - Elemento de Drenagem;1;;;;;;;;;;2;;;;
11/11/2018;00:19:00;19;com vítima;42,739;BR-101/RJ;Norte;Colisão Lateral;;1;;;;1;;;;;1;;;1;
11/11/2018;03:21:00;35;sem vítima;229,384;BR-101/RJ;Norte;Choque - Outros;;;1;;;;;;;;1;;;;
11/11/2018;08:38:00;62;sem vítima;286,823;BR-101/RJ;Norte;Choque - Objeto sobre a pista;1;;;;;;;;;;1;;;;
11/11/2018;11:46:00;84;com vítima;308,05;BR-101/RJ;Sul;Colisão Lateral;1;;;;;1;;;;1;7;1;;;
11/11/2018;11:43:00;86;sem vítima;295,477;BR-101/RJ;Norte;Colisão Traseira;2;;;;;;;;;;2;;;;
11/11/2018;11:23:00;90;sem vítima;295,68;BR-101/RJ;Norte;Colisão Traseira;2;;;;;1;;;;;4;;;;
11/11/2018;16:41:00;147;com vítima;305,32;BR-101/RJ;Sul;Capotamento;1;;;;;;;;;;0;1;1;;2
11/11/2018;18:58:00;173;sem vítima;301,452;BR-101/RJ;Sul;Colisão Traseira;2;;;;;;;;;;2;;;;
11/11/2018;19:01:00;174;com vítima;51,035;BR-101/RJ;Norte;Colisão Traseira;;1;;;;1;;;;;1;;1;;
11/11/2018;19:12:00;175;com vítima;276,57;BR-101/RJ;Norte;Colisão Transversal;2;;;;;;;;;;3;1;;;