data;horario;n_da_ocorrencia;tipo_de_ocorrencia;km;trecho;sentido;tipo_de_acidente;automovel;bicicleta;caminhao;moto;onibus;outros;tracao_animal;transporte_de_cargas_especiais;trator_maquinas;utilitarios;ilesos;levemente_feridos;moderadamente_feridos;gravemente_feridos;mortos
07/12/2018;12:06:00;129;com vítima;297,311;BR-101/RJ;Sul;Choque - Defensa, barreira ou "submarino";1;;;;;;;;;;1;1;;;
07/12/2018;15:28:00;161;sem vítima;88,596;BR-101/RJ;Norte;Choque - Defensa, barreira ou "submarino";1;;;;;;;;;;1;;;;
07/12/2018;17:15:00;193;sem vítima;196,404;BR-101/RJ;Sul;Choque - Defensa, barreira ou "submarino";1;;;;;;;;;;2;;;;
07/12/2018;17:51:00;197;sem vítima;92,652;BR-101/RJ;Norte;Choque - Defensa, barreira ou "submarino";1;;;;;;;;;;1;;;;
07/12/2018;20:31:00;221;com vítima;64,277;BR-101/RJ;Norte;Colisão Transversal;1;1;;;;;;;;;1;1;;;
07/12/2018;20:37:00;222;com vítima;206,01;BR-101/RJ;Sul;Atropelamento - Sem Informação;;;;;;1;;;;;1;1;;;
08/12/2018;00:55:00;29;sem vítima;319,78;BR-101/RJ;Norte;Colisão Traseira;2;;;;;;;;;;3;;;;
08/12/2018;01:34:00;35;sem vítima;100,284;BR-101/RJ;Sul;Capotamento;1;;;;;;;;;;3;;;;
08/12/2018;04:39:00;41;sem vítima;313,559;BR-101/RJ;Norte;Choque - Elemento de Drenagem;1;;;;;;;;;;1;;;;
08/12/2018;04:57:00;42;sem vítima;222,808;BR-101/RJ;Sul;Choque - Elemento de Drenagem;;;1;;;;;;;;1;;;;
08/12/2018;04:58:00;43;sem vítima;266,159;BR-101/RJ;Norte;Colisão Lateral;1;;;;;1;;;;;2;;;;
08/12/2018;07:38:00;55;sem vítima;91,97;BR-101/RJ;Norte;Choque - Defensa, barreira ou "submarino";;;1;;;;;;;;1;;;;
08/12/2018;08:25:00;60;com vítima;19,67;BR-101/RJ;Norte;Tombamento;;;1;;;;;;;;1;1;;;
08/12/2018;09:53:00;78;com vítima;91,648;BR-101/RJ;Norte;Choque - Defensa, barreira ou "submarino";1;;;;;;;;;;1;2;;;
08/12/2018;13:27:00;106;sem vítima;261,466;BR-101/RJ;Sul;Choque - Defensa, barreira ou "submarino";1;;;;;;;;;;1;;;;
08/12/2018;14:29:00;117;com vítima;239,722;BR-101/RJ;Sul;Choque - Arvore;1;;;;;;;;;;0;1;;;
08/12/2018;16:15:00;129;sem vítima;302,834;BR-101/RJ;Sul;Colisão Frontal;2;;;;;;;;;;5;;;;
08/12/2018;18:14:00;148;com vítima;198,195;BR-101/RJ;Sul;Capotamento;1;;;;;;;;;;0;1;;1;
08/12/2018;18:41:00;151;com vítima;92,591;BR-101/RJ;Norte;Choque - Defensa, barreira ou "submarino";1;;;;;;;;;;1;1;;;
08/12/2018;19:11:00;156;com vítima;286,25;BR-101/RJ;Sul;Colisão Lateral;2;;;;;;;;;;6;2;;;
08/12/2018;20:58:00;167;sem vítima;236,815;BR-101/RJ;Sul;Colisão Lateral;1;;1;;;;;;;;5;;;;
08/12/2018;23:28:00;176;sem vítima;297,9;BR-101/RJ;Norte;Choque - Elemento de Drenagem;1;;;;;;;;;;1;;;;
09/12/2018;00:56:00;30;sem vítima;63,493;BR-101/RJ;Norte;Colisão Transversal;2;;;;;;;;;;2;;;;
09/12/2018;03:18:00;37;sem vítima;320,21;BR-101/RJ;Norte;Choque - Defensa, barreira ou "submarino";1;;;;;;;;;;2;;;;
09/12/2018;05:33:00;45;sem vítima;242,068;BR-101/RJ;Sul;Colisão Lateral;1;;1;;;;;;;;8;;;;
09/12/2018;07:52:00;62;com vítima;290,97;BR-101/RJ;Norte;Tombamento;;1;;;;;;;;;0;;1;;
09/12/2018;07:58:00;63;com vítima;299,664;BR-101/RJ;Sul;Choque - Outros;;;;;;;;;;1;1;1;;;
09/12/2018;09:45:00;77;sem vítima;318,691;BR-101/RJ;Sul;Colisão Traseira;2;;;;;;;;;;3;;;;
09/12/2018;10:18:00;80;com vítima;94,901;BR-101/RJ;Sul;Choque - Defensa, barreira ou "submarino";;;1;;;;;;;;0;3;;;
09/12/2018;20:44:00;187;com vítima;302,507;BR-101/RJ;Norte;Colisão Traseira;1;;;;;1;;;;;2;1;;;
09/12/2018;21:22:00;189;sem vítima;313,582;BR-101/RJ;Norte;Choque - Elemento de Drenagem;1;;;;;;;;;;1;;;;
10/12/2018;00:56:00;27;com vítima;296,188;BR-101/RJ;Norte;Choque - Defensa, barreira ou "submarino";1;;;;;;;;;;0;1;;;
10/12/2018;06:30:00;48;sem vítima;314,753;BR-101/RJ;Sul;Colisão Traseira;1;;;;1;;;;;;2;;;;
10/12/2018;07:07:00;59;com vítima;56,192;BR-101/RJ;Sul;Colisão Transversal;1;1;;;;;;;;;3;1;;1;
10/12/2018;07:34:00;69;com vítima;295,583;BR-101/RJ;Norte;Colisão Frontal;;1;;1;;;;;;;0;2;;;
10/12/2018;08:04:00;75;com vítima;321,65;BR-101/RJ;Sul;Colisão Traseira;1;;;1;;;;;;;1;2;;;
10/12/2018;11:11:00;129;com vítima;161,353;BR-101/RJ;Norte;Tombamento;;;1;;;;;;;;0;;;1;
10/12/2018;12:41:00;153;sem vítima;156,231;BR-101/RJ;Norte;Choque - Defensa, barreira ou "submarino";1;;;;;;;;;;2;;;;
10/12/2018;15:25:00;192;com vítima;311,863;BR-101/RJ;Norte;Colisão Lateral;1;;;1;1;;;;;;2;1;;;
10/12/2018;18:12:00;225;com vítima;318,674;BR-101/RJ;Norte;Tombamento;;;;1;;;;;;;0;1;;;
10/12/2018;21:46:00;264;sem vítima;170,8;BR-101/RJ;Sul;Colisão Lateral;;;1;;1;;;;;;2;;;;
10/12/2018;22:44:00;272;com vítima;267,789;BR-101/RJ;Norte;Colisão Traseira;1;;;1;;;;;;;1;;;1;
10/12/2018;23:03:00;275;com vítima;58,9;BR-101/RJ;Sul;Colisão Transversal;1;;;1;;;;;;;5;1;;;
11/12/2018;01:58:00;30;com vítima;155,25;BR-101/RJ;Norte;Tombamento;;;1;;;;;;;;0;1;;;
11/12/2018;04:47:00;37;sem vítima;238,146;BR-101/RJ;Norte;Choque - Objeto sobre a pista;1;;;;;;;;;;1;;;;
11/12/2018;05:12:00;38;sem vítima;209,1;BR-101/RJ;Sul;Choque - Objeto sobre a pista;2;;;;;;;;;;4;;;;
11/12/2018;06:30:00;54;com vítima;72,862;BR-101/RJ;Sul;Tombamento;;;;1;;;;;;;0;1;;;
11/12/2018;07:24:00;67;com vítima;310,933;BR-101/RJ;Sul;Colisão Traseira;;;1;1;;;;;;;1;1;1;;
11/12/2018;09:18:00;107;com vítima;72,867;BR-101/RJ;Sul;Colisão Lateral;1;;;1;;;;;;;1;;1;;
11/12/2018;10:00:00;115;sem vítima;227,94;BR-101/RJ;Norte;Colisão Traseira;1;;;;;1;;;;;2;;;;
11/12/2018;10:32:00;120;sem vítima;227,025;BR-101/RJ;Norte;Colisão Traseira;;;1;;;;;;;1;4;;;;
11/12/2018;14:28:00;177;com vítima;291,657;BR-101/RJ;Sul;Colisão Traseira;1;;1;;;;;;;;3;1;;;
11/12/2018;19:39:00;245;com vítima;296,108;BR-101/RJ;Sul;Choque - Talude;1;;;;;;;;;;4;1;;;
12/12/2018;03:29:00;35;sem vítima;313,22;BR-101/RJ;Norte;Choque - Elemento de Drenagem;1;;;;;;;;;;1;;;;
12/12/2018;15:38:00;190;com vítima;289,712;BR-101/RJ;Sul;Colisão Traseira;2;;;;;;;;;;2;1;;;
12/12/2018;17:35:00;213;com vítima;320,792;BR-101/RJ;Norte;Tombamento;1;;;1;;;;;;;1;2;;;
12/12/2018;17:50:00;219;com vítima;67,975;BR-101/RJ;Norte;Colisão Traseira;;;1;;1;;;;;;3;1;;;
12/12/2018;23:13:00;267;com vítima;300,892;BR-101/RJ;Norte;Engavetamento;3;;;;;;;;;;3;1;;;
13/12/2018;01:03:00;30;sem vítima;300,862;BR-101/RJ;Norte;Colisão Traseira;1;;1;;;;;;;;2;;;;
13/12/2018;02:49:00;35;com vítima;302,201;BR-101/RJ;Norte;Colisão Traseira;1;;1;;;;;;;;2;;;;1
13/12/2018;03:45:00;36;sem vítima;316,29;BR-101/RJ;Norte;Atropelamento de Animal;1;;;;;;;;;;1;;;;
13/12/2018;06:50:00;54;com vítima;55,8;BR-101/RJ;Norte;Colisão Transversal;;;;1;;1;;;;;1;1;;;
13/12/2018;08:44:00;85;com vítima;62,344;BR-101/RJ;Sul;Engavetamento;;;;;;;;;;3;6;7;;;
13/12/2018;09:01:00;93;com vítima;154,2;BR-101/RJ;Sul;Colisão Transversal;1;;;;;;;;;1;0;1;1;;
13/12/2018;10:48:00;122;com vítima;50,8;BR-101/RJ;Norte;Atropelamento - Morador;1;;;;;;;;;;1;;;;1
13/12/2018;16:15:00;218;com vítima;187,655;BR-101/RJ;Norte;Colisão Frontal;2;;;;;;;;;;0;2;1;3;2
13/12/2018;17:15:00;234;com vítima;71,522;BR-101/RJ;Norte;Colisão Transversal;1;;;1;;;;;;;2;1;;;
13/12/2018;21:27:00;279;sem vítima;313,03;BR-101/RJ;Norte;Colisão Traseira;2;;;;;;;;;;2;;;;
14/12/2018;04:39:00;40;sem vítima;86,785;BR-101/RJ;Sul;Atropelamento de Animal;;;1;;;;;;;;1;;;;
14/12/2018;05:26:00;43;sem vítima;86,785;BR-101/RJ;Sul;Choque - Elemento de Drenagem;1;;;;;;;;;;1;;;;
14/12/2018;08:01:00;64;com vítima;314,8;BR-101/RJ;Sul;Colisão Lateral;1;;;1;;;;;;;1;2;;;
14/12/2018;08:12:00;68;com vítima;212,001;BR-101/RJ;Norte;Colisão Traseira;1;;1;;;;;;;;3;6;;;
14/12/2018;10:47:00;100;sem vítima;123,9;BR-101/RJ;Norte;Choque - Defensa, barreira ou "submarino";1;;;;;;;;;;2;;;;
14/12/2018;12:37:00;127;com vítima;317,865;BR-101/RJ;Norte;Engavetamento;3;;;;;;;;;;5;1;;;
14/12/2018;14:44:00;157;sem vítima;65,6;BR-101/RJ;Sul;Colisão Traseira;1;;1;;;;;;;;3;;;;
14/12/2018;22:37:00;278;sem vítima;51,034;BR-101/RJ;Norte;Colisão Lateral;3;;;;;;;;;;5;;;;
15/12/2018;01:20:00;30;com vítima;118,322;BR-101/RJ;Sul;Atropelamento - Morador;;;1;;;;;;;;1;;;;1
15/12/2018;05:51:00;44;com vítima;94,197;BR-101/RJ;Norte;Choque - Suporte de Sinalização;1;;;;;;;;;;0;2;2;;
15/12/2018;07:05:00;53;sem vítima;266,45;BR-101/RJ;Sul;Choque - Defensa, barreira ou "submarino";;;1;;;;;;;;1;;;;
15/12/2018;10:00:00;78;sem vítima;300,15;BR-101/RJ;Norte;Colisão Traseira;2;;;;;;;;;;2;;;;
15/12/2018;11:23:00;95;com vítima;287,921;BR-101/RJ;Norte;Tombamento;;;;1;;;;;;;0;2;;;
15/12/2018;12:14:00;104;com vítima;316,058;BR-101/RJ;Sul;Colisão Lateral;1;;;1;;;;;;;2;1;;;
15/12/2018;12:45:00;113;com vítima;281,518;BR-101/RJ;Sul;Tombamento;;;;1;;;;;;;0;2;;;
15/12/2018;13:20:00;122;sem vítima;275,5;BR-101/RJ;Norte;Colisão Lateral;2;;;;;;;;;;3;;;;
15/12/2018;14:03:00;134;com vítima;294,3;BR-101/RJ;Norte;Colisão Lateral;2;;;1;;;;;;;3;2;;;
15/12/2018;16:10:00;170;com vítima;123,1;BR-101/RJ;Norte;Colisão Lateral;1;;;1;;;;;;;1;1;;;
15/12/2018;16:23:00;175;sem vítima;277,248;BR-101/RJ;Sul;Choque - Suporte de Sinalização;1;;;;;;;;;;2;;;;
15/12/2018;17:48:00;207;sem vítima;192,83;BR-101/RJ;Norte;Colisão Traseira;2;;;;;;;;;;2;;;;
15/12/2018;21:35:00;236;sem vítima;68,313;BR-101/RJ;Sul;Colisão Lateral;1;;1;;;;;;;;3;;;;
16/12/2018;00:11:00;25;sem vítima;315,038;BR-101/RJ;Norte;Atropelamento de Animal;1;;;;;;;;;;1;;;;
16/12/2018;00:14:00;26;sem vítima;285,72;BR-101/RJ;Norte;Colisão Traseira;;;2;;;;;;;;3;;;;
16/12/2018;04:57:00;41;com vítima;63,901;BR-101/RJ;Sul;Colisão Transversal;2;;;;;;;;;;0;2;;;
16/12/2018;18:36:00;177;sem vítima;289,566;BR-101/RJ;Sul;Engavetamento;7;;;;;;;;;;21;;;;
16/12/2018;19:22:00;193;sem vítima;268,001;BR-101/RJ;Sul;Colisão Traseira;2;;;;;;;;;;2;;;;
16/12/2018;20:21:00;207;com vítima;280,111;BR-101/RJ;Sul;Engavetamento;3;;;1;;;;;;;8;2;;;
16/12/2018;20:43:00;211;sem vítima;237,1;BR-101/RJ;Norte;Colisão Traseira;2;;;;;;;;;;4;;;;
17/12/2018;01:29:00;31;com vítima;294,068;BR-101/RJ;Norte;Colisão Traseira;2;;;;;;;;;;1;1;;;
17/12/2018;04:41:00;42;sem vítima;162,35;BR-101/RJ;Norte;Colisão Lateral;;;2;;;;;;;;2;;;;
17/12/2018;08:35:00;78;sem vítima;315,6;BR-101/RJ;Sul;Colisão Traseira;1;;;;1;;;;;;2;;;;
17/12/2018;08:39:00;80;sem vítima;289,32;BR-101/RJ;Norte;Colisão Lateral;1;;;;1;;;;;;44;;;;
17/12/2018;09:34:00;93;com vítima;297,058;BR-101/RJ;Sul;Colisão Traseira;1;;;1;;;;;;;1;1;;;
17/12/2018;10:52:00;112;com vítima;187,1;BR-101/RJ;Norte;Colisão Frontal;2;;;;;;;;;;0;3;2;1;
17/12/2018;11:17:00;118;sem vítima;297,362;BR-101/RJ;Sul;Colisão Traseira;2;;;;;;;;;;3;;;;
17/12/2018;14:30:00;180;sem vítima;302,355;BR-101/RJ;Norte;Engavetamento;2;;;;;1;;;;;3;;;;
17/12/2018;15:00:00;196;com vítima;313,403;BR-101/RJ;Sul;Tombamento;;;;1;;;;;;;1;1;;;
17/12/2018;17:19:00;234;com vítima;299,5;BR-101/RJ;Sul;Atropelamento - Morador;;;1;;;;;;;;1;1;;;
17/12/2018;18:16:00;254;sem vítima;180,5;BR-101/RJ;Norte;Saida de Pista;1;;;;;;;;;;1;;;;
17/12/2018;18:56:00;271;sem vítima;312,15;BR-101/RJ;Norte;Colisão Traseira;1;;;;;;;;;1;2;;;;
17/12/2018;20:24:00;288;sem vítima;272,855;BR-101/RJ;Sul;Choque - Objeto sobre a pista;;;1;;;;;;;;1;;;;
18/12/2018;07:58:00;65;com vítima;313,3;BR-101/RJ;Sul;Colisão Lateral;1;;;1;;;;;;;0;1;1;;
18/12/2018;18:25:00;205;sem vítima;188,109;BR-101/RJ;Norte;Choque - Objeto sobre a pista;1;;;;;;;;;;1;;;;
19/12/2018;07:38:00;71;sem vítima;209,696;BR-101/RJ;Sul;Choque - Elemento de Drenagem;1;;;;;;;;;;1;;;;
19/12/2018;07:45:00;76;sem vítima;281,735;BR-101/RJ;Sul;Colisão Traseira;3;;;;;;;;;;7;;;;
19/12/2018;09:17:00;100;sem vítima;320,756;BR-101/RJ;Sul;Colisão Traseira;1;;;;;1;;;;;2;;;;
19/12/2018;11:06:00;121;sem vítima;299,7;BR-101/RJ;Sul;Choque - Cancela de Pedagio;;;;1;;;;;;;2;;;;
19/12/2018;15:55:00;183;sem vítima;297,468;BR-101/RJ;Norte;Colisão Lateral;1;;;;1;;;;;;2;;;;
19/12/2018;16:42:00;196;sem vítima;320,766;BR-101/RJ;Sul;Colisão Traseira;;;;;1;;;;;1;3;;;;
19/12/2018;19:23:00;229;sem vítima;66,423;BR-101/RJ;Norte;Colisão Lateral;1;;1;;;;;;;;3;;;;
20/12/2018;03:07:00;38;sem vítima;297,89;BR-101/RJ;Norte;Choque - Defensa, barreira ou "submarino";1;;;;;;;;;;1;;;;
20/12/2018;05:18:00;47;sem vítima;32,644;BR-101/RJ;Sul;Colisão Traseira;;;1;;;;;;;;1;;;;
20/12/2018;06:49:00;67;com vítima;255,4;BR-101/RJ;Sul;Colisão Traseira;;;2;;;;;;;;1;2;1;;
20/12/2018;07:15:00;69;com vítima;309,5;BR-101/RJ;Sul;Colisão Lateral;1;;;1;;;;;;;1;1;;;
20/12/2018;10:52:00;133;com vítima;301,5;BR-101/RJ;Sul;Colisão Transversal;;1;;;;1;;;;;1;;1;;
20/12/2018;11:10:00;140;com vítima;299,35;BR-101/RJ;Norte;Choque - Elemento de Drenagem;1;;;;;;;;;;0;3;;;
20/12/2018;13:07:00;169;com vítima;295,42;BR-101/RJ;Norte;Colisão Lateral;1;;;1;;;;;;;1;1;;;
20/12/2018;14:56:00;194;com vítima;321,852;BR-101/RJ;Sul;Atropelamento - Ambulante;;;;1;;;;;;;1;1;;;
20/12/2018;17:26:00;228;sem vítima;19,806;BR-101/RJ;Sul;Choque - Defensa, barreira ou "submarino";;;1;;;1;;;;;2;;;;
20/12/2018;18:50:00;244;com vítima;321,9;BR-101/RJ;Sul;Colisão Lateral;1;;;2;;;;;;;1;2;;;
20/12/2018;19:31:00;257;sem vítima;65;BR-101/RJ;Sul;Colisão Transversal;1;;;;1;;;;;;2;;;;
20/12/2018;21:09:00;269;com vítima;62,058;BR-101/RJ;Norte;Colisão Frontal;1;;;;;;;;;1;1;;1;;
20/12/2018;21:48:00;273;sem vítima;266,02;BR-101/RJ;Norte;Choque - Defensa, barreira ou "submarino";1;;;;;;;;;;1;;;;
20/12/2018;23:57:00;285;com vítima;231,454;BR-101/RJ;Norte;Colisão Traseira;2;;;;;;;;;;3;;1;;
21/12/2018;00:13:00;27;sem vítima;116,555;BR-101/RJ;Sul;Choque - Talude;;;1;;;;;;;;1;;;;
21/12/2018;00:37:00;32;com vítima;63,809;BR-101/RJ;Norte;Colisão Lateral;1;;;1;;;;;;;0;1;1;1;
21/12/2018;09:06:00;91;sem vítima;82,95;BR-101/RJ;Sul;Colisão Traseira;2;;;;;;;;;;3;;;;
21/12/2018;11:44:00;132;sem vítima;214,3;BR-101/RJ;Sul;Choque - Defensa, barreira ou "submarino";1;;;;;;;;;;1;;;;
21/12/2018;13:45:00;163;sem vítima;297,03;BR-101/RJ;Sul;Colisão Lateral;1;;1;;;;;;;;5;;;;
21/12/2018;14:36:00;176;com vítima;193,14;BR-101/RJ;Sul;Engavetamento;1;;1;1;;;;;;;7;2;;;
21/12/2018;18:17:00;226;sem vítima;236,355;BR-101/RJ;Norte;Colisão Traseira;1;;1;;;;;;;;3;;;;
22/12/2018;01:50:00;35;sem vítima;249,818;BR-101/RJ;Norte;Colisão Traseira;1;;1;;;;;;;;4;;;;
22/12/2018;02:25:00;38;com vítima;200,278;BR-101/RJ;Norte;Choque - Defensa, barreira ou "submarino";1;;;;;;;;;;0;;2;;
22/12/2018;07:41:00;68;sem vítima;162,26;BR-101/RJ;Sul;Colisão Traseira;2;;;;;;;;;;7;;;;
22/12/2018;09:01:00;89;com vítima;49,968;BR-101/RJ;Norte;Choque - Defensa, barreira ou "submarino";1;;;;;;;;;;0;;;1;
22/12/2018;09:47:00;102;sem vítima;205,5;BR-101/RJ;Sul;Engavetamento;3;;;;;;;;;;12;;;;
22/12/2018;13:57:00;156;com vítima;318,3;BR-101/RJ;Sul;Tombamento;;1;;;;;;;;;0;1;;;
22/12/2018;14:08:00;160;com vítima;67,81;BR-101/RJ;Norte;Engavetamento;2;;1;;;;;;;;9;1;;;
22/12/2018;14:32:00;167;sem vítima;76,002;BR-101/RJ;Sul;Colisão Traseira;2;;;;;;;;;;2;;;;
22/12/2018;16:28:00;214;com vítima;320,948;BR-101/RJ;Norte;Colisão Lateral;;;;1;;1;;;;;1;1;;;
22/12/2018;17:52:00;250;sem vítima;236,63;BR-101/RJ;Sul;Colisão Transversal;2;;;;;;;;;;6;;;;
22/12/2018;22:36:00;304;com vítima;309,13;BR-101/RJ;Sul;Colisão Traseira;2;;;;;;;;;;1;1;;;
22/12/2018;23:53:00;311;com vítima;320,18;BR-101/RJ;Norte;Colisão Lateral;2;;;;;;;;;;1;4;;;
23/12/2018;02:57:00;31;sem vítima;248,552;BR-101/RJ;Sul;Choque - Defensa, barreira ou "submarino";1;;;;;;;;;;2;;;;
23/12/2018;03:14:00;38;sem vítima;309,046;BR-101/RJ;Norte;Atropelamento de Animal;1;;;;;;;;;;2;;;;
23/12/2018;04:19:00;42;sem vítima;321,67;BR-101/RJ;Norte;Choque - Defensa, barreira ou "submarino";1;;;;;;;;;;1;;;;
23/12/2018;05:15:00;46;sem vítima;309,177;BR-101/RJ;Sul;Atropelamento de Animal;1;;;;;;;;;;1;;;;
23/12/2018;08:00:00;72;com vítima;276,951;BR-101/RJ;Norte;Choque - Defensa, barreira ou "submarino";2;;;;;;;;;;1;1;;;
23/12/2018;09:19:00;94;com vítima;277,56;BR-101/RJ;Sul;Choque - Outros;1;;;;;;;;;;0;3;;;
23/12/2018;11:06:00;123;sem vítima;299,7;BR-101/RJ;Sul;Colisão Lateral;1;;;;;;;;;1;2;;;;
23/12/2018;12:11:00;140;sem vítima;71,45;BR-101/RJ;Sul;Engavetamento;4;;;;;;;;;;9;;;;
23/12/2018;14:14:00;160;sem vítima;92,9;BR-101/RJ;Norte;Choque - Defensa, barreira ou "submarino";1;;;;;;;;;;1;;;;
23/12/2018;15:31:00;184;com vítima;72,715;BR-101/RJ;Sul;Colisão Lateral;2;;1;;;;;;;;3;1;4;2;
23/12/2018;15:38:00;185;sem vítima;309,903;BR-101/RJ;Sul;Colisão Traseira;3;;;;;1;;;;;10;;;;
23/12/2018;17:54:00;217;sem vítima;252,89;BR-101/RJ;Sul;Choque - Cancela de Pedagio;1;;;;;;;;;;1;;;;
23/12/2018;18:16:00;220;com vítima;78,365;BR-101/RJ;Norte;Tombamento;;;;1;;;;;;;0;1;;;
23/12/2018;18:31:00;223;sem vítima;282,678;BR-101/RJ;Norte;Choque - Defensa, barreira ou "submarino";1;;;;;;;;;;2;;;;
23/12/2018;19:39:00;238;sem vítima;17,1;BR-101/RJ;Sul;Choque - Defensa, barreira ou "submarino";1;;;;;;;;;;1;;;;
23/12/2018;19:53:00;244;com vítima;261,4;BR-101/RJ;Sul;Choque - Defensa, barreira ou "submarino";1;;;;;;;;;;4;1;;;
23/12/2018;20:34:00;247;com vítima;312,232;BR-101/RJ;Norte;Atropelamento de Animal;;;;1;;;;;;;0;1;;;
23/12/2018;21:16:00;249;sem vítima;83,578;BR-101/RJ;Norte;Choque - Defensa, barreira ou "submarino";;;1;;;;;;;;1;;;;
23/12/2018;22:40:00;261;com vítima;313,178;BR-101/RJ;Norte;Tombamento;;;;1;;;;;;;0;2;;;
24/12/2018;00:51:00;27;sem vítima;123,071;BR-101/RJ;Sul;Choque - Cancela de Pedagio;;;1;;;;;;;;1;;;;
24/12/2018;08:39:00;67;sem vítima;45,654;BR-101/RJ;Norte;Colisão Lateral;1;;;;;1;;;;;2;;;;
24/12/2018;09:31:00;78;com vítima;83,3;BR-101/RJ;Norte;Colisão Traseira;;;;1;;1;;;;;1;;1;;
24/12/2018;10:24:00;90;sem vítima;319,15;BR-101/RJ;Sul;Colisão Traseira;2;;;;;;;;;;3;;;;
24/12/2018;11:36:00;105;sem vítima;66,364;BR-101/RJ;Norte;Choque - Arvore;1;;;;;;;;;;1;;;;
24/12/2018;14:46:00;140;com vítima;257,655;BR-101/RJ;Sul;Choque - Defensa, barreira ou "submarino";1;;;;;;;;;;1;1;;;
24/12/2018;15:01:00;143;com vítima;74,569;BR-101/RJ;Norte;Queda;;;;;;;;;;;0;;1;;
24/12/2018;16:06:00;153;com vítima;154,695;BR-101/RJ;Sul;Tombamento;;;;1;;;;;;;0;1;;;
24/12/2018;16:27:00;157;com vítima;293,05;BR-101/RJ;Sul;Choque - Defensa, barreira ou "submarino";1;;;;;;;;;;1;1;;;
24/12/2018;17:29:00;166;sem vítima;262,35;BR-101/RJ;Sul;Choque - Defensa, barreira ou "submarino";1;;;;;;;;;;1;;;;
24/12/2018;17:44:00;171;com vítima;229,444;BR-101/RJ;Sul;Choque - Elemento de Drenagem;1;;;;;;;;;;0;1;;;
24/12/2018;18:07:00;176;sem vítima;92,535;BR-101/RJ;Norte;Choque - Defensa, barreira ou "submarino";1;;;;;;;;;;1;;;;
24/12/2018;18:39:00;188;sem vítima;142,8;BR-101/RJ;Sul;Choque - Elemento de Drenagem;1;;;;;;;;;;2;;;;
24/12/2018;19:18:00;195;sem vítima;185,45;BR-101/RJ;Sul;Capotamento;1;;;;;;;;;;3;;;;
25/12/2018;00:21:00;23;sem vítima;66,478;BR-101/RJ;Norte;Colisão Lateral;2;;;;;;;;;;3;;;;
25/12/2018;06:55:00;37;com vítima;21,527;BR-101/RJ;Sul;Colisão Frontal;1;;1;;;;;;;;0;1;;;1
25/12/2018;08:45:00;49;com vítima;67,405;BR-101/RJ;Sul;Colisão Transversal;2;;;;;;;;;;8;1;;;
25/12/2018;16:30:00;121;sem vítima;206,781;BR-101/RJ;Sul;Colisão Traseira;2;;;;;;;;;;6;;;;
25/12/2018;19:42:00;168;com vítima;203,476;BR-101/RJ;Norte;Tombamento;;;;1;;;;;;;0;2;;;
26/12/2018;11:01:00;102;sem vítima;301,566;BR-101/RJ;Norte;Colisão Traseira;2;;;;;;;;;;3;;;;
26/12/2018;14:32:00;136;sem vítima;318,65;BR-101/RJ;Norte;Colisão Traseira;2;;;;;;;;;;5;;;;
26/12/2018;15:54:00;157;com vítima;262,048;BR-101/RJ;Norte;Tombamento;;;;1;;;;;;;0;1;;;
26/12/2018;17:36:00;171;sem vítima;92,661;BR-101/RJ;Norte;Saida de Pista;1;;;;;;;;;;1;;;;
26/12/2018;18:09:00;179;com vítima;282,757;BR-101/RJ;Norte;Tombamento;1;;;1;;;;;;;1;;1;;
26/12/2018;18:09:00;180;sem vítima;123,077;BR-101/RJ;Sul;Colisão Lateral;1;;1;;;;;;;;2;;;;
27/12/2018;05:09:00;40;sem vítima;285,913;BR-101/RJ;Sul;Atropelamento de Animal;1;;;;;;;;;;3;;;;
27/12/2018;05:23:00;41;sem vítima;285,933;BR-101/RJ;Norte;Atropelamento de Animal;1;;;;;;;;;;2;;;;
27/12/2018;06:25:00;50;sem vítima;57,977;BR-101/RJ;Sul;Colisão Lateral;2;;;;;;;;;;3;;;;
27/12/2018;07:36:00;58;com vítima;93,594;BR-101/RJ;Norte;Choque - Defensa, barreira ou "submarino";1;;;;;;;;;;0;1;;;
27/12/2018;08:20:00;68;sem vítima;93,594;BR-101/RJ;Norte;Capotamento;1;;;;;;;;;;1;;;;
27/12/2018;11:10:00;109;sem vítima;298,15;BR-101/RJ;Norte;Colisão Traseira;2;;;;;;;;;;5;;;;
27/12/2018;11:59:00;123;com vítima;303,938;BR-101/RJ;Norte;Colisão Lateral;1;;;1;;;;;;;3;2;;;
27/12/2018;12:57:00;136;sem vítima;59,494;BR-101/RJ;Sul;Colisão Traseira;2;;;;;;;;;;2;;;;
27/12/2018;16:31:00;167;sem vítima;92,753;BR-101/RJ;Norte;Choque - Talude;1;;;;;;;;;;1;;;;
27/12/2018;16:51:00;171;sem vítima;271,768;BR-101/RJ;Norte;Colisão Traseira;2;;;;;1;;;;;8;;;;