data;horario;n_da_ocorrencia;tipo_de_ocorrencia;km;trecho;sentido;tipo_de_acidente;automovel;bicicleta;caminhao;moto;onibus;outros;tracao_animal;transporte_de_cargas_especiais;trator_maquinas;utilitarios;ilesos;levemente_feridos;moderadamente_feridos;gravemente_feridos;mortos
10/01/2019;16:16:00;198;com vítima;297,428;BR-101/RJ;Sul;Tombamento;;;;1;;;;;;;0;1;;;
10/01/2019;16:30:00;202;sem vítima;282,795;BR-101/RJ;Norte;Colisão Lateral;2;;;;;;;;;;6;;;;
10/01/2019;17:31:00;213;sem vítima;299,565;BR-101/RJ;Sul;Colisão Traseira;1;;1;;;;;;;;2;;;;
10/01/2019;19:11:00;229;sem vítima;213,488;BR-101/RJ;Sul;Colisão Lateral;1;;1;;;;;;;;2;;;;
10/01/2019;20:28:00;241;sem vítima;97,143;BR-101/RJ;Sul;Colisão Traseira;1;;1;;;;;;;;4;;;;
11/01/2019;00:21:00;27;com vítima;107,883;BR-101/RJ;Sul;Colisão Traseira;;;2;;;;;;;;1;;1;;1
11/01/2019;06:53:00;60;sem vítima;125,656;BR-101/RJ;Sul;Outros;3;;;;;;;;;;8;;;;
11/01/2019;08:07:00;81;sem vítima;64,3;BR-101/RJ;Norte;Choque - Outros;1;;;;;;;;;;1;;;;
11/01/2019;08:58:00;95;sem vítima;319,15;BR-101/RJ;Sul;Colisão Lateral;1;1;;1;;;;;;;3;;;;
11/01/2019;09:45:00;107;sem vítima;316,884;BR-101/RJ;Sul;Colisão Lateral;1;;1;;;;;;;;2;;;;
11/01/2019;11:31:00;140;sem vítima;80,919;BR-101/RJ;Sul;Engavetamento;2;;;;1;;;;;;4;;;;
11/01/2019;12:12:00;153;com vítima;294,362;BR-101/RJ;Norte;Engavetamento;3;;;;;;;;;;10;2;;;
11/01/2019;18:11:00;233;com vítima;305,148;BR-101/RJ;Norte;Atropelamento - Morador;;;;;;;;;;1;1;;;1;
11/01/2019;19:14:00;247;sem vítima;306,361;BR-101/RJ;Norte;Colisão Traseira;2;;;;;;;;;;7;;;;
12/01/2019;01:00:00;35;sem vítima;278,378;BR-101/RJ;Sul;Colisão Traseira;1;;;;;1;;;;;2;;;;
12/01/2019;01:15:00;36;com vítima;120,379;BR-101/RJ;Sul;Colisão Transversal;1;;1;;;;;;;;1;;1;;
12/01/2019;04:58:00;51;sem vítima;315,5;BR-101/RJ;Sul;Choque - Defensa, barreira ou "submarino";1;;;;;;;;;;1;;;;
12/01/2019;13:16:00;135;com vítima;248,277;BR-101/RJ;Sul;Colisão Traseira;2;;;;;;;;;;0;3;2;1;
12/01/2019;15:26:00;163;sem vítima;294,084;BR-101/RJ;Norte;Engavetamento;3;;;;;;;;;;10;;;;
12/01/2019;15:34:00;167;com vítima;320,214;BR-101/RJ;Sul;Colisão Lateral;;;;2;;;;;;;0;2;;;
12/01/2019;18:19:00;186;sem vítima;13,8;BR-101/RJ;Sul;Capotamento;1;;;;;;;;;;1;;;;
12/01/2019;18:54:00;191;sem vítima;183,25;BR-101/RJ;Norte;Colisão Lateral;1;;;;;1;;;;;2;;;;
12/01/2019;19:02:00;195;com vítima;183,589;BR-101/RJ;Sul;Colisão Transversal;2;;;;;1;;;;;1;5;;;
13/01/2019;06:23:00;34;com vítima;274,98;BR-101/RJ;Norte;Choque - Defensa, barreira ou "submarino";1;;;;;;;;;;0;2;;;
13/01/2019;07:05:00;37;com vítima;130,856;BR-101/RJ;Sul;Capotamento;1;;;;;;;;;;3;1;;;
13/01/2019;14:21:00;111;sem vítima;51,041;BR-101/RJ;Sul;Choque - Defensa, barreira ou "submarino";1;;;;;;;;;;1;;;;
13/01/2019;15:21:00;120;com vítima;267,764;BR-101/RJ;Norte;Capotamento;1;;1;;;;;;;;2;3;;;
13/01/2019;17:43:00;153;sem vítima;265,603;BR-101/RJ;Sul;Colisão Traseira;2;;;;;;;;;;2;;;;
13/01/2019;18:33:00;160;sem vítima;57,677;BR-101/RJ;Sul;Engavetamento;4;;;;;;;;;;4;;;;
13/01/2019;20:03:00;180;sem vítima;289,312;BR-101/RJ;Sul;Engavetamento;4;;;;;;;;;;9;;;;
13/01/2019;22:42:00;213;com vítima;297,287;BR-101/RJ;Sul;Colisão Frontal;1;;;1;;;;;;;2;1;;;
13/01/2019;23:01:00;219;com vítima;261,033;BR-101/RJ;Sul;Tombamento;;;;1;;;;;;;0;1;;;
14/01/2019;05:29:00;45;sem vítima;272,46;BR-101/RJ;Norte;Atropelamento de Animal;1;;;;;;;;;;5;;;;
14/01/2019;07:54:00;68;com vítima;321,36;BR-101/RJ;Sul;Colisão Traseira;1;;;1;;;;;;;1;1;;;
14/01/2019;08:21:00;79;com vítima;316,577;BR-101/RJ;Sul;Colisão Traseira;1;;;1;;;;;;;1;1;;;
14/01/2019;08:45:00;86;com vítima;262,78;BR-101/RJ;Sul;Choque - Talude;1;;;;;;;;;;0;1;;;
14/01/2019;09:04:00;92;sem vítima;309,298;BR-101/RJ;Norte;Choque - Defensa, barreira ou "submarino";1;;;;;;;;;;1;;;;
14/01/2019;10:18:00;108;com vítima;316,83;BR-101/RJ;Sul;Colisão Traseira;1;;;1;;;;;;;2;;1;;
14/01/2019;12:21:00;132;com vítima;235,962;BR-101/RJ;Sul;Queda;;;;;;;;;;;0;1;;;
14/01/2019;13:45:00;147;sem vítima;317,454;BR-101/RJ;Sul;Engavetamento;3;;;;;;;;;;7;;;;
14/01/2019;18:30:00;207;sem vítima;55,315;BR-101/RJ;Norte;Colisão Traseira;2;;;;;;;;;;2;;;;
15/01/2019;07:00:00;52;sem vítima;297,49;BR-101/RJ;Sul;Choque - Defensa, barreira ou "submarino";;;;;;1;;;;;1;;;;
15/01/2019;08:45:00;79;sem vítima;283,66;BR-101/RJ;Norte;Colisão Traseira;1;;1;;;;;;;;2;;;;
15/01/2019;08:59:00;81;sem vítima;318,023;BR-101/RJ;Sul;Colisão Traseira;2;;;;;;;;;;3;;;;
15/01/2019;13:21:00;142;com vítima;311,26;BR-101/RJ;Norte;Colisão Lateral;1;;1;;;;;;;;3;1;1;;
15/01/2019;15:17:00;163;sem vítima;290,15;BR-101/RJ;Sul;Objeto lançado contra veículo;1;;;;;;;;;;1;;;;
15/01/2019;16:49:00;184;com vítima;187,678;BR-101/RJ;Sul;Colisão Transversal;2;;;;;;;;;1;12;8;;1;
15/01/2019;18:06:00;202;com vítima;296,707;BR-101/RJ;Norte;Tombamento;;;;1;;;;;;;0;1;;;
15/01/2019;21:36:00;248;com vítima;271,365;BR-101/RJ;Sul;Colisão Traseira;1;;1;;;;;;;;3;2;;;
16/01/2019;01:17:00;27;sem vítima;57,16;BR-101/RJ;Sul;Colisão Traseira;1;;1;;;;;;;;5;;;;
16/01/2019;06:46:00;46;sem vítima;318,15;BR-101/RJ;Sul;Colisão Traseira;1;;;;;;;;;1;3;;;;
16/01/2019;07:25:00;55;com vítima;59,482;BR-101/RJ;Sul;Colisão Traseira;;;1;1;;;;;;;4;;1;;
16/01/2019;09:47:00;96;sem vítima;106,284;BR-101/RJ;Norte;Choque - Suporte de Sinalização;;;1;;;;;;;;2;;;;
16/01/2019;09:59:00;103;sem vítima;61,65;BR-101/RJ;Norte;Colisão Traseira;1;;;;;;;;;1;2;;;;
16/01/2019;10:24:00;114;sem vítima;295,36;BR-101/RJ;Sul;Colisão Traseira;;;1;;;;;;;1;5;;;;
16/01/2019;13:05:00;150;sem vítima;318,15;BR-101/RJ;Sul;Colisão Traseira;2;;;;;;;;;;2;;;;
16/01/2019;17:33:00;203;com vítima;269,252;BR-101/RJ;Norte;Colisão Frontal;1;1;;;;;;;;;1;;1;;
16/01/2019;18:17:00;209;com vítima;319,619;BR-101/RJ;Norte;Engavetamento;3;;;;;;;;;;6;2;1;;
16/01/2019;22:14:00;241;com vítima;321,982;BR-101/RJ;Sul;Choque - Elemento de Drenagem;1;;;;;;;;;;1;1;;;
16/01/2019;22:36:00;243;sem vítima;233,743;BR-101/RJ;Norte;Choque - Objeto sobre a pista;;;1;;;;;;;;1;;;;
17/01/2019;00:45:00;25;sem vítima;102,87;BR-101/RJ;Norte;Choque - Objeto sobre a pista;1;;;;;;;;;;1;;;;
17/01/2019;03:37:00;39;com vítima;55,452;BR-101/RJ;Norte;Colisão Transversal;2;;;;;;;;;;2;1;;;
17/01/2019;05:06:00;57;sem vítima;320,227;BR-101/RJ;Sul;Colisão Traseira;1;;;;;1;;;;;2;;;;
17/01/2019;06:30:00;68;sem vítima;299,7;BR-101/RJ;Sul;Colisão Transversal;1;;1;;;;;;;;2;;;;
17/01/2019;08:29:00;104;com vítima;317,5;BR-101/RJ;Sul;Colisão Lateral;1;;;1;;;;;;;4;1;;;
17/01/2019;09:48:00;121;sem vítima;319,265;BR-101/RJ;Sul;Engavetamento;3;;;;;;;;;;6;;;;
17/01/2019;11:48:00;148;com vítima;76,35;BR-101/RJ;Sul;Colisão Lateral;1;1;;;;;;;;;4;1;;;
17/01/2019;12:10:00;155;com vítima;319,366;BR-101/RJ;Sul;Engavetamento;4;;;;;;;;;;2;6;1;;
17/01/2019;18:08:00;221;sem vítima;321,5;BR-101/RJ;Norte;Engavetamento;3;;;;;;;;;;3;;;;
17/01/2019;22:39:00;297;sem vítima;305,487;BR-101/RJ;Norte;Colisão Lateral;2;;;;;;;;;;2;;;;
17/01/2019;23:07:00;305;sem vítima;305,487;BR-101/RJ;Norte;Colisão Traseira;1;;;1;;;;;;;6;;;;
18/01/2019;03:37:00;42;sem vítima;81,52;BR-101/RJ;Norte;Atropelamento de Animal;;;1;;;;;;;;1;;;;
18/01/2019;03:43:00;45;sem vítima;314,281;BR-101/RJ;Sul;Choque - Defensa, barreira ou "submarino";1;;;;;;;;;;1;;;;
18/01/2019;07:13:00;68;sem vítima;117,708;BR-101/RJ;Sul;Colisão Traseira;2;;;;;;;;;;3;;;;
18/01/2019;07:37:00;75;sem vítima;78,1;BR-101/RJ;Sul;Engavetamento;2;;;1;;;;;;;4;;;;
18/01/2019;12:00:00;132;sem vítima;209,951;BR-101/RJ;Norte;Outros;;;1;;;;;;;;1;;;;
18/01/2019;14:33:00;161;com vítima;111,664;BR-101/RJ;Sul;Capotamento;1;;;;;;;;;;0;;;1;
18/01/2019;17:15:00;191;com vítima;318,81;BR-101/RJ;Norte;Colisão Lateral;1;;;1;;;;;;;1;1;;;
18/01/2019;18:37:00;207;com vítima;295,818;BR-101/RJ;Norte;Colisão Lateral;1;;;1;;;;;;;1;1;;;
19/01/2019;07:21:00;73;sem vítima;4,6;BR-101/RJ;Sul;Choque - Suporte de Sinalização;1;;;;;;;;;;1;;;;
19/01/2019;14:59:00;161;sem vítima;298,928;BR-101/RJ;Norte;Engavetamento;5;;;;;;;;;;8;;;;
19/01/2019;20:46:00;236;sem vítima;303,536;BR-101/RJ;Norte;Choque - Defensa, barreira ou "submarino";1;;;;;;;;;;2;;;;
20/01/2019;17:35:00;163;com vítima;163,407;BR-101/RJ;Sul;Colisão Transversal;2;;;;;;;;;;5;1;1;;
20/01/2019;20:08:00;201;com vítima;287,931;BR-101/RJ;Sul;Colisão Lateral;1;;;1;;;;;;;2;2;;;
20/01/2019;21:00:00;211;sem vítima;229,994;BR-101/RJ;Norte;Colisão Lateral;2;;;;;;;;;;2;;;;
21/01/2019;00:58:00;30;sem vítima;312,647;BR-101/RJ;Sul;Colisão Traseira;1;;;;;1;;;;;2;;;;
21/01/2019;05:12:00;47;sem vítima;299,703;BR-101/RJ;Sul;Colisão Traseira;1;;;;;1;;;;;2;;;;
21/01/2019;07:13:00;63;com vítima;314,99;BR-101/RJ;Sul;Colisão Traseira;1;;;1;;;;;;;2;2;;;
21/01/2019;10:59:00;121;sem vítima;318,056;BR-101/RJ;Sul;Colisão Traseira;1;;;;;;;;;1;2;;;;
21/01/2019;11:40:00;132;com vítima;195,294;BR-101/RJ;Sul;Choque - Defensa, barreira ou "submarino";1;;;;;;;;;;2;2;1;;
21/01/2019;15:39:00;189;sem vítima;149,5;BR-101/RJ;Sul;Engavetamento;3;;;;;;;;;;10;;;;
21/01/2019;18:05:00;220;sem vítima;320,903;BR-101/RJ;Norte;Engavetamento;3;;;;;;;;;;3;;;;
21/01/2019;19:17:00;234;com vítima;303,133;BR-101/RJ;Sul;Colisão Lateral;;;;1;;1;;;;;0;2;;;
21/01/2019;21:11:00;253;com vítima;200,211;BR-101/RJ;Norte;Colisão Frontal;1;;;1;;;;;;;1;1;;;
21/01/2019;22:35:00;267;sem vítima;296,357;BR-101/RJ;Norte;Choque - Elemento de Drenagem;1;;;;;;;;;;1;;;;
22/01/2019;02:15:00;37;com vítima;274,071;BR-101/RJ;Sul;Choque - Defensa, barreira ou "submarino";2;;;;;;;;;;2;1;;;
22/01/2019;02:57:00;42;sem vítima;118,95;BR-101/RJ;Sul;Choque - Objeto sobre a pista;1;;;;;;;;;;1;;;;
22/01/2019;05:00:00;47;com vítima;122,7;BR-101/RJ;Sul;Choque - Defensa, barreira ou "submarino";1;;;;;;;;;;1;2;;;
22/01/2019;10:51:00;127;com vítima;319,748;BR-101/RJ;Sul;Engavetamento;4;;;;;;;;;;5;2;;;
22/01/2019;12:25:00;145;com vítima;298,005;BR-101/RJ;Norte;Choque - Outros;;;;;;;;;;1;0;1;;;
22/01/2019;17:11:00;198;sem vítima;316,565;BR-101/RJ;Norte;Engavetamento;3;;;;;;;;;;3;;;;
22/01/2019;22:34:00;245;com vítima;203,101;BR-101/RJ;Sul;Choque - Objeto sobre a pista;;;;1;;;;;;;0;1;;;
22/01/2019;23:41:00;249;sem vítima;108,8;BR-101/RJ;Sul;Choque - Objeto sobre a pista;1;;;;;;;;;;1;;;;
23/01/2019;03:20:00;38;sem vítima;241,35;BR-101/RJ;Sul;Atropelamento de Animal;;;1;;;;;;;;1;;;;
23/01/2019;09:59:00;85;com vítima;265,768;BR-101/RJ;Sul;Atropelamento - Morador;1;;;;;;;;;;1;;;;1
23/01/2019;14:47:00;142;com vítima;296,786;BR-101/RJ;Norte;Choque - Elemento de Drenagem;1;;;;;;;;;;1;2;;;
23/01/2019;16:31:00;160;com vítima;136,078;BR-101/RJ;Sul;Colisão Traseira;2;;;;;;;;;;1;1;;;
24/01/2019;02:25:00;35;sem vítima;312,955;BR-101/RJ;Norte;Choque - Outros;1;;;;;;;;;;1;;;;
24/01/2019;03:58:00;38;com vítima;94,435;BR-101/RJ;Norte;Colisão Traseira;;;2;;;;;;;;1;1;;;
24/01/2019;09:35:00;98;com vítima;306,396;BR-101/RJ;Norte;Choque - Defensa, barreira ou "submarino";1;;;;;;;;;;0;1;;;
24/01/2019;17:31:00;213;com vítima;158,958;BR-101/RJ;Norte;Colisão Traseira;1;;;;;1;;;;;2;1;;;
24/01/2019;18:36:00;222;com vítima;293,2;BR-101/RJ;Sul;Queda;;;;1;;;;;;;0;;;1;
24/01/2019;21:18:00;258;sem vítima;264,865;BR-101/RJ;Sul;Choque - Elemento de Drenagem;1;;;;;;;;;;4;;;;
25/01/2019;03:32:00;36;sem vítima;234,682;BR-101/RJ;Norte;Atropelamento de Animal;1;;;;;;;;;;4;;;;
25/01/2019;05:37:00;44;sem vítima;206,6;BR-101/RJ;Norte;Colisão Transversal;2;;;;;;;;;;4;;;;
25/01/2019;06:31:00;50;sem vítima;75,182;BR-101/RJ;Norte;Colisão Traseira;1;;;;1;;;;;;11;;;;
25/01/2019;06:41:00;52;sem vítima;310,15;BR-101/RJ;Sul;Engavetamento;3;;;;;;;;;;3;;;;
25/01/2019;06:51:00;54;sem vítima;294,001;BR-101/RJ;Sul;Colisão Traseira;1;;;;;;;;;1;4;;;;
25/01/2019;07:57:00;68;sem vítima;262;BR-101/RJ;Norte;Colisão Traseira;;;;;;2;;;;;2;;;;
25/01/2019;15:18:00;158;sem vítima;298,27;BR-101/RJ;Norte;Colisão Traseira;2;;;;;;;;;;2;;;;
25/01/2019;15:50:00;167;sem vítima;296,5;BR-101/RJ;Norte;Colisão Traseira;2;;;;;;;;;;2;;;;
25/01/2019;16:48:00;174;com vítima;175,658;BR-101/RJ;Sul;Colisão Traseira;5;;;;;;;;;;10;1;;;
25/01/2019;17:18:00;182;com vítima;318,35;BR-101/RJ;Norte;Tombamento;;;;1;;1;;;;;1;1;;;
26/01/2019;03:39:00;43;com vítima;59,5;BR-101/RJ;Sul;Colisão Transversal;;;1;1;;;;;;;1;;1;;
26/01/2019;09:56:00;95;com vítima;63,558;BR-101/RJ;Norte;Colisão Lateral;1;1;;;;;;;;;4;;1;;
26/01/2019;10:06:00;97;sem vítima;320,5;BR-101/RJ;Norte;Engavetamento;2;;;;;;;;;1;6;;;;
26/01/2019;10:13:00;102;sem vítima;192,93;BR-101/RJ;Norte;Colisão Traseira;1;;1;;;;;;;;2;;;;
26/01/2019;15:14:00;148;sem vítima;257,201;BR-101/RJ;Norte;Colisão Traseira;2;;;;;;;;;;3;;;;
26/01/2019;22:36:00;208;com vítima;320,05;BR-101/RJ;Sul;Choque - Defensa, barreira ou "submarino";;;;1;;;;;;;0;;;;1
26/01/2019;23:41:00;212;sem vítima;267,8;BR-101/RJ;Norte;Choque - Talude;1;;;;;;;;;;1;;;;
27/01/2019;06:43:00;43;com vítima;299,752;BR-101/RJ;Norte;Tombamento;;;;1;;;;;;;0;2;;;
27/01/2019;11:30:00;72;com vítima;298,969;BR-101/RJ;Sul;Engavetamento;2;;;1;1;;;;;;17;2;;;
27/01/2019;13:50:00;91;sem vítima;313,4;BR-101/RJ;Sul;Colisão Traseira;2;;;;;;;;;;2;;;;
27/01/2019;15:13:00;100;sem vítima;293,355;BR-101/RJ;Norte;Choque - Defensa, barreira ou "submarino";1;;;;;;;;;;1;;;;
27/01/2019;17:16:00;123;sem vítima;290,555;BR-101/RJ;Sul;Colisão Traseira;2;;;;;;;;;;2;;;;
27/01/2019;18:20:00;136;com vítima;294,08;BR-101/RJ;Sul;Colisão Transversal;1;;;1;;;;;;;1;1;;;
27/01/2019;18:33:00;142;com vítima;281,4;BR-101/RJ;Sul;Atropelamento - Morador;;;;1;;;;;;;2;2;;;
27/01/2019;18:46:00;146;sem vítima;319,1;BR-101/RJ;Sul;Colisão Traseira;2;;;;;;;;;;5;;;;
27/01/2019;19:30:00;156;sem vítima;319,6;BR-101/RJ;Sul;Colisão Traseira;2;;;;;;;;;;2;;;;
27/01/2019;19:33:00;158;sem vítima;48,08;BR-101/RJ;Norte;Colisão Lateral;3;;;;;;;;;;4;;;;
28/01/2019;07:23:00;57;com vítima;320,252;BR-101/RJ;Sul;Colisão Traseira;1;;;1;;;;;;;1;1;;;
28/01/2019;07:23:00;58;com vítima;318,15;BR-101/RJ;Sul;Colisão Lateral;1;;;1;;;;;;;1;2;;;
28/01/2019;13:19:00;123;com vítima;320,6;BR-101/RJ;Norte;Colisão Traseira;1;;;1;;;;;;;1;1;;;
28/01/2019;13:30:00;128;sem vítima;253,2;BR-101/RJ;Sul;Choque - Defensa, barreira ou "submarino";1;;;;;;;;;;2;;;;
28/01/2019;17:21:00;169;sem vítima;51,2;BR-101/RJ;Sul;Tombamento;;;1;;;;;;;;1;;;;
28/01/2019;18:38:00;188;sem vítima;316,5;BR-101/RJ;Norte;Engavetamento;4;;;;;;;;;;4;;;;
29/01/2019;00:38:00;25;sem vítima;212,585;BR-101/RJ;Norte;Tombamento;;;1;;;;;;;;1;;;;
29/01/2019;06:01:00;36;sem vítima;20,859;BR-101/RJ;Sul;Choque - Defensa, barreira ou "submarino";1;;;;;;;;;;1;;;;
29/01/2019;06:48:00;41;sem vítima;61,8;BR-101/RJ;Sul;Colisão Traseira;2;;;;;;;;;;2;;;;
29/01/2019;08:50:00;62;com vítima;62,116;BR-101/RJ;Sul;Colisão Transversal;1;1;;;;;;;;;1;;1;;
29/01/2019;09:28:00;71;com vítima;305,031;BR-101/RJ;Norte;Atropelamento de Animal;;;;1;;;;;;;0;1;;;
29/01/2019;12:12:00;97;sem vítima;92,252;BR-101/RJ;Norte;Choque - Defensa, barreira ou "submarino";1;;;;;;;;;;1;;;;
29/01/2019;18:20:00;155;com vítima;316,35;BR-101/RJ;Sul;Colisão Lateral;1;;;1;;;;;;;2;1;;;
30/01/2019;03:07:00;40;sem vítima;215,325;BR-101/RJ;Norte;Colisão Frontal;1;;1;;;;;;;;3;;;;
30/01/2019;10:00:00;98;sem vítima;243,077;BR-101/RJ;Sul;Colisão Transversal;2;;;;;;;;;;3;;;;
30/01/2019;12:36:00;132;sem vítima;144,4;BR-101/RJ;Sul;Colisão Traseira;1;;;;;1;;;;;2;;;;
31/01/2019;02:03:00;32;sem vítima;313,033;BR-101/RJ;Norte;Choque - Elemento de Drenagem;1;;;;;;;;;;1;;;;
31/01/2019;05:34:00;46;com vítima;315,785;BR-101/RJ;Norte;Capotamento;1;;;;;;;;;;0;1;;;
31/01/2019;06:44:00;56;com vítima;79,6;BR-101/RJ;Sul;Colisão Traseira;2;;;;;;;;;;4;1;;;
31/01/2019;09:24:00;89;sem vítima;316,82;BR-101/RJ;Sul;Tombamento;1;;;;;;;;;;1;;;;
31/01/2019;14:52:00;151;sem vítima;311,815;BR-101/RJ;Sul;Colisão Traseira;2;;;;;;;;;;3;;;;
31/01/2019;17:24:00;185;sem vítima;318,863;BR-101/RJ;Norte;Colisão Traseira;2;;;;;;;;;;2;;;;
31/01/2019;18:08:00;194;sem vítima;311,405;BR-101/RJ;Norte;Engavetamento;3;;;;;;;;;;6;;;;
31/01/2019;21:38:00;231;sem vítima;87,583;BR-101/RJ;Norte;Choque - Outros;1;;;;;1;;;;;2;;;;
01/08/2019;03:11:00;18;sem vítima;296,606;BR-101/RJ;Sul;Choque - Defensa, barreira ou "submarino";1;;;;;;;;;;1;;;;
01/08/2019;16:30:00;141;sem vítima;312,203;BR-101/RJ;Norte;Engavetamento;2;;;;1;;;;;;3;;;;
01/08/2019;16:32:00;142;sem vítima;174,705;BR-101/RJ;Norte;Colisão Traseira;;;2;;;;;;;;2;;;;
01/08/2019;19:08:00;168;com vítima;65,229;BR-101/RJ;Norte;Colisão Transversal;2;;;;;;;;;;1;1;;;
02/08/2019;01:43:00;26;com vítima;255,749;BR-101/RJ;Sul;Engavetamento;;;4;;;;;;;;3;;;;1
02/08/2019;04:57:00;33;sem vítima;292,901;BR-101/RJ;Norte;Atropelamento de Animal;1;;;;;;;;;;1;;;;
02/08/2019;06:06:00;37;sem vítima;297,254;BR-101/RJ;Sul;Colisão Traseira;;;1;;1;;;;;;2;;;;
02/08/2019;06:22:00;41;sem vítima;190,37;BR-101/RJ;Sul;Tombamento;;;1;;;;;;;;1;;;;
02/08/2019;11:58:00;122;sem vítima;294,3;BR-101/RJ;Sul;Colisão Traseira;;;1;;1;;;;;;2;;;;
02/08/2019;17:56:00;208;com vítima;318,701;BR-101/RJ;Norte;Colisão Traseira;;;;1;;;;;;1;1;1;;;
02/08/2019;18:51:00;220;sem vítima;317,119;BR-101/RJ;Norte;Colisão Traseira;1;;;;;1;;;;;2;;;;
02/08/2019;19:45:00;231;sem vítima;297,95;BR-101/RJ;Norte;Colisão Traseira;1;;1;;;;;;;;3;;;;
02/08/2019;20:27:00;241;com vítima;216,99;BR-101/RJ;Norte;Tombamento;;;;1;;;;;;;0;1;;;
02/08/2019;20:28:00;242;sem vítima;311,773;BR-101/RJ;Norte;Engavetamento;3;;1;;;;;;;;10;;;;
03/08/2019;00:06:00;1;com vítima;320,12;BR-101/RJ;Sul;Choque - Defensa, barreira ou "submarino";1;;;;;;;;;;0;1;;;
03/08/2019;02:02:00;27;sem vítima;182,766;BR-101/RJ;Norte;Capotamento;1;;;;;;;;;;2;;;;
03/08/2019;04:44:00;39;sem vítima;296,371;BR-101/RJ;Norte;Choque - Defensa, barreira ou "submarino";1;;;;;;;;;;2;;;;
03/08/2019;07:39:00;51;sem vítima;293,31;BR-101/RJ;Sul;Colisão Traseira;1;;;;;1;;;;;3;;;;
03/08/2019;07:39:00;52;com vítima;293,275;BR-101/RJ;Sul;Engavetamento;2;;;;1;;;;;;6;1;;;
03/08/2019;09:47:00;76;sem vítima;228,09;BR-101/RJ;Sul;Choque - Defensa, barreira ou "submarino";1;;;;;;;;;;1;;;;
03/08/2019;12:28:00;102;com vítima;194,525;BR-101/RJ;Sul;Choque - Defensa, barreira ou "submarino";1;;;;;;;;;;1;1;;;
03/08/2019;12:44:00;107;sem vítima;299,7;BR-101/RJ;Sul;Colisão Traseira;2;;;;;;;;;;4;;;;
03/08/2019;13:55:00;115;com vítima;169,415;BR-101/RJ;Norte;Tombamento;;;;1;;;;;;;0;2;;;
03/08/2019;14:18:00;121;sem vítima;296,395;BR-101/RJ;Sul;Colisão Traseira;1;;1;;;;;;;;2;;;;
03/08/2019;15:47:00;137;sem vítima;282,764;BR-101/RJ;Norte;Choque - Defensa, barreira ou "submarino";1;;;;;;;;;;1;;;;
03/08/2019;16:20:00;140;com vítima;198,423;BR-101/RJ;Sul;Choque - Talude;1;;;;;;;;;;2;1;;;
03/08/2019;21:20:00;183;com vítima;279,8;BR-101/RJ;Sul;Choque - Suporte de Sinalização;;;;1;;;;;;;0;;;;1
03/08/2019;22:24:00;186;sem vítima;66,49;BR-101/RJ;Norte;Colisão Lateral;2;;;;;;;;;;7;;;;
03/08/2019;22:55:00;187;com vítima;229,271;BR-101/RJ;Norte;Capotamento;1;;;;;;;;;;3;1;;;
04/08/2019;00:02:00;15;sem vítima;92,625;BR-101/RJ;Norte;Capotamento;1;;;;;;;;;;1;;;;
04/08/2019;00:40:00;18;sem vítima;196,746;BR-101/RJ;Sul;Capotamento;1;;;;;;;;;;3;;;;
04/08/2019;04:47:00;35;sem vítima;86,924;BR-101/RJ;Norte;Capotamento;;;;;;;;;;1;2;;;;
04/08/2019;09:49:00;68;sem vítima;266,27;BR-101/RJ;Sul;Choque - Defensa, barreira ou "submarino";1;;;;;;;;;;5;;;;
04/08/2019;11:53:00;84;com vítima;198,153;BR-101/RJ;Norte;Choque - Defensa, barreira ou "submarino";1;;;;;;;;;;1;1;;;
04/08/2019;13:04:00;98;com vítima;262,8;BR-101/RJ;Sul;Choque - Defensa, barreira ou "submarino";;;;1;;;;;;;0;1;;;
04/08/2019;13:08:00;99;sem vítima;51,189;BR-101/RJ;Sul;Choque - Defensa, barreira ou "submarino";;;1;;;;;;;;1;;;;
04/08/2019;14:10:00;112;sem vítima;229,3;BR-101/RJ;Norte;Choque - Defensa, barreira ou "submarino";1;;;;;;;;;;1;;;;
04/08/2019;15:55:00;128;sem vítima;291,752;BR-101/RJ;Sul;Colisão Traseira;2;;;;;;;;;;2;;;;
04/08/2019;19:21:00;169;sem vítima;279,517;BR-101/RJ;Sul;Choque - Elemento de Drenagem;1;;;;;;;;;;5;;;;
04/08/2019;20:25:00;181;com vítima;71,119;BR-101/RJ;Sul;Tombamento;;;;1;;;;;;;0;;1;;
04/08/2019;21:50:00;193;com vítima;274,583;BR-101/RJ;Norte;Colisão Frontal;1;;;1;;;;;;;1;;1;;
05/08/2019;00:49:00;16;sem vítima;320,773;BR-101/RJ;Norte;Choque - Defensa, barreira ou "submarino";1;;;;;;;;;;1;;;;
05/08/2019;07:16:00;52;sem vítima;194,05;BR-101/RJ;Sul;Choque - Defensa, barreira ou "submarino";1;;;;;;;;;;1;;;;
05/08/2019;07:36:00;58;com vítima;293,317;BR-101/RJ;Sul;Tombamento;;;;1;;;;;;;0;1;;;