data;horario;n_da_ocorrencia;tipo_de_ocorrencia;km;trecho;sentido;tipo_de_acidente;automovel;bicicleta;caminhao;moto;onibus;outros;tracao_animal;transporte_de_cargas_especiais;trator_maquinas;utilitarios;ilesos;levemente_feridos;moderadamente_feridos;gravemente_feridos;mortos
05/08/2019;08:22:00;74;com vítima;293,317;BR-101/RJ;Sul;Tombamento;;;;1;;;;;;;0;1;;;
05/08/2019;08:25:00;75;sem vítima;91,6;BR-101/RJ;Norte;Choque - Defensa, barreira ou "submarino";1;;;;;;;;;;2;;;;
05/08/2019;08:47:00;84;com vítima;317,469;BR-101/RJ;Norte;Colisão Lateral;1;;1;;;;;;;;2;1;;;
05/08/2019;09:48:00;94;com vítima;265,8;BR-101/RJ;Sul;Atropelamento - Morador;;;;;1;;;;;;1;1;;;
05/08/2019;14:54:00;150;com vítima;236,561;BR-101/RJ;Sul;Capotamento;;;;;;;;;;1;0;1;;;
05/08/2019;14:56:00;151;com vítima;205,509;BR-101/RJ;Sul;Colisão Lateral;;;1;;;;;;;1;5;7;;;
05/08/2019;15:17:00;157;com vítima;94,666;BR-101/RJ;Sul;Choque - Suporte de Sinalização;;;;;;;;;;1;0;1;;;
05/08/2019;16:44:00;167;com vítima;92,611;BR-101/RJ;Norte;Choque - Talude;1;;;;;;;;;;0;2;;;
05/08/2019;16:50:00;172;sem vítima;67,614;BR-101/RJ;Norte;Colisão Traseira;1;;;;;;;;;1;2;;;;
05/08/2019;18:55:00;192;com vítima;271,749;BR-101/RJ;Sul;Colisão Transversal;;;;2;;;;;;;1;1;;;
05/08/2019;19:03:00;194;sem vítima;291,603;BR-101/RJ;Sul;Objeto lançado contra veículo;1;;1;;;;;;;;3;;;;
05/08/2019;20:46:00;204;sem vítima;72,595;BR-101/RJ;Sul;Colisão Transversal;2;;;;;;;;;;5;;;;
05/08/2019;21:06:00;208;com vítima;104,2;BR-101/RJ;Norte;Colisão Traseira;1;;;1;;;;;;;1;1;;;
06/08/2019;03:30:00;29;sem vítima;4,238;BR-101/RJ;Sul;Choque - Talude;1;;;;;;;;;;1;;;;
06/08/2019;05:47:00;40;com vítima;103,025;BR-101/RJ;Norte;Colisão Traseira;2;;;;;1;;;;;3;4;;;
06/08/2019;06:56:00;49;com vítima;316,85;BR-101/RJ;Sul;Outros - Sequência;1;;;1;1;;;;;;2;;2;;
06/08/2019;11:27:00;113;sem vítima;280,546;BR-101/RJ;Norte;Colisão Traseira;1;;;;;;;;;1;6;;;;
06/08/2019;12:13:00;119;sem vítima;317,9;BR-101/RJ;Norte;Engavetamento;3;;;;;;;;;;7;;;;
06/08/2019;13:40:00;137;com vítima;295,209;BR-101/RJ;Sul;Engavetamento;2;;;;;;;;;1;4;1;;;
06/08/2019;13:54:00;140;com vítima;314,49;BR-101/RJ;Sul;Atropelamento - Morador;1;;;;;;;;;;3;;1;;
06/08/2019;15:03:00;150;sem vítima;316,25;BR-101/RJ;Norte;Engavetamento;6;;;;;;;;;;6;;;;
06/08/2019;15:34:00;163;sem vítima;312,533;BR-101/RJ;Sul;Engavetamento;3;;;;;;;;;;5;;;;
06/08/2019;17:05:00;180;sem vítima;161,117;BR-101/RJ;Norte;Colisão Traseira;2;;;;;;;;;;5;;;;
07/08/2019;00:29:00;18;com vítima;68,091;BR-101/RJ;Norte;Colisão Frontal;1;;1;;;;;;;;2;;;;1
07/08/2019;01:37:00;26;sem vítima;285,295;BR-101/RJ;Norte;Atropelamento de Animal;;;1;;;;;;;;1;;;;
07/08/2019;04:27:00;41;sem vítima;64,526;BR-101/RJ;Norte;Choque - Elemento de Drenagem;1;;;;;;;;;;1;;;;
07/08/2019;06:38:00;52;com vítima;290,056;BR-101/RJ;Norte;Colisão Traseira;;;;2;;;;;;;0;1;1;;
07/08/2019;06:50:00;56;com vítima;290,05;BR-101/RJ;Norte;Colisão Traseira;1;;;;;1;;;;1;4;1;;;
07/08/2019;06:50:00;59;sem vítima;290,05;BR-101/RJ;Norte;Engavetamento;3;;;;;;;;;;3;;;;
07/08/2019;07:30:00;61;sem vítima;319,229;BR-101/RJ;Sul;Engavetamento;3;;;;;;;;;;3;;;;
07/08/2019;07:36:00;63;sem vítima;92,523;BR-101/RJ;Norte;Choque - Defensa, barreira ou "submarino";1;;;;;;;;;;1;;;;
07/08/2019;08:37:00;82;sem vítima;198,406;BR-101/RJ;Sul;Capotamento;1;;;;;;;;;;4;;;;
07/08/2019;12:01:00;118;com vítima;86,939;BR-101/RJ;Norte;Capotamento;1;;;;;;;;;;0;2;1;;
07/08/2019;22:15:00;218;sem vítima;309,898;BR-101/RJ;Sul;Colisão Traseira;1;;;1;;;;;;;2;;;;
08/08/2019;08:59:00;73;sem vítima;307,458;BR-101/RJ;Sul;Colisão Traseira;2;;;;;;;;;;2;;;;
08/08/2019;10:22:00;90;sem vítima;320,612;BR-101/RJ;Sul;Colisão Traseira;1;;1;;;;;;;;2;;;;
08/08/2019;13:22:00;114;com vítima;169,037;BR-101/RJ;Norte;Choque - Elemento de Drenagem;;;1;;;;;;;;0;1;;;
08/08/2019;13:46:00;120;sem vítima;297,995;BR-101/RJ;Norte;Colisão Traseira;2;;;;;;;;;;4;;;;
08/08/2019;16:04:00;152;com vítima;57,6;BR-101/RJ;Sul;Colisão Transversal;;;1;1;;;;;;;1;1;;;
08/08/2019;21:02:00;221;com vítima;203,3;BR-101/RJ;Norte;Atropelamento - Ciclista;;1;;;;1;;;;;1;1;;;
09/08/2019;11:00:00;118;sem vítima;269,841;BR-101/RJ;Sul;Choque - Elemento de Drenagem;2;;;;;1;;;;;3;;;;
09/08/2019;14:40:00;170;com vítima;215,467;BR-101/RJ;Sul;Tombamento;1;;;;;;;;;;0;1;;;
09/08/2019;16:20:00;193;com vítima;87,273;BR-101/RJ;Sul;Choque - Outros;1;;;;;;;;;;1;1;;;
09/08/2019;17:13:00;205;com vítima;313,916;BR-101/RJ;Norte;Colisão Transversal;1;;;1;;;;;;;3;1;;;
09/08/2019;20:07:00;242;sem vítima;319,4;BR-101/RJ;Norte;Colisão Traseira;2;;;;;;;;;;2;;;;
09/08/2019;20:50:00;250;com vítima;321,9;BR-101/RJ;Norte;Atropelamento - Morador;1;;;;;;;;;;1;1;;;
10/08/2019;04:34:00;38;sem vítima;313,568;BR-101/RJ;Norte;Choque - Elemento de Drenagem;1;;;;;;;;;;2;;;;
10/08/2019;04:42:00;39;sem vítima;61,415;BR-101/RJ;Norte;Colisão Lateral;1;;1;;;;;;;;3;;;;
10/08/2019;05:23:00;44;com vítima;77,815;BR-101/RJ;Sul;Colisão Frontal;;1;;;1;;;;;;11;;;;1
10/08/2019;05:46:00;46;sem vítima;302,811;BR-101/RJ;Norte;Choque - Defensa, barreira ou "submarino";1;;;;;;;;;;1;;;;
10/08/2019;06:15:00;48;sem vítima;284,282;BR-101/RJ;Sul;Colisão Traseira;2;;;;;;;;;;2;;;;
10/08/2019;08:21:00;68;com vítima;165,288;BR-101/RJ;Norte;Choque - Defensa, barreira ou "submarino";1;;;;;;;;;;2;1;;;
10/08/2019;10:13:00;90;com vítima;230,293;BR-101/RJ;Norte;Colisão Frontal;2;;;;;;;;;;1;1;;1;1
10/08/2019;13:02:00;128;com vítima;294,557;BR-101/RJ;Sul;Colisão Traseira;1;;;1;;;;;;;2;1;;;
10/08/2019;16:48:00;178;sem vítima;68,8;BR-101/RJ;Norte;Colisão Traseira;1;;;1;;;;;;;2;;;;
11/08/2019;00:14:00;17;sem vítima;309,477;BR-101/RJ;Sul;Atropelamento de Animal;1;;;;;;;;;;3;;;;
11/08/2019;00:22:00;18;sem vítima;293,562;BR-101/RJ;Sul;Choque - Outros;1;;;;;;;;;;1;;;;
11/08/2019;05:37:00;36;com vítima;310,97;BR-101/RJ;Norte;Colisão Traseira;;;;1;;1;;;;;1;2;;;
11/08/2019;06:02:00;39;com vítima;282,77;BR-101/RJ;Sul;Colisão Frontal;2;;;;;;;;;;0;3;;;
11/08/2019;07:28:00;42;sem vítima;301,2;BR-101/RJ;Norte;Colisão Traseira;2;;;;;;;;;;2;;;;
11/08/2019;11:34:00;90;sem vítima;307,059;BR-101/RJ;Norte;Colisão Traseira;2;;;;;1;;;;;3;;;;
11/08/2019;11:42:00;91;sem vítima;307,567;BR-101/RJ;Norte;Colisão Traseira;2;;;;;;;;;;3;;;;
11/08/2019;22:24:00;196;com vítima;120,775;BR-101/RJ;Norte;Tombamento;;1;;;;;;;;;0;1;;;
12/08/2019;02:26:00;29;sem vítima;295,175;BR-101/RJ;Sul;Choque - Elemento de Drenagem;1;;;;;;;;;;1;;;;
12/08/2019;02:51:00;34;sem vítima;298,829;BR-101/RJ;Norte;Choque - Defensa, barreira ou "submarino";1;;;;;;;;;;1;;;;
12/08/2019;08:58:00;98;sem vítima;181,4;BR-101/RJ;Norte;Colisão Lateral;1;;1;;;;;;;;2;;;;
12/08/2019;11:31:00;131;sem vítima;262,161;BR-101/RJ;Norte;Colisão Traseira;2;;;;;;;;;;3;;;;
12/08/2019;15:44:00;176;com vítima;308,834;BR-101/RJ;Norte;Engavetamento;3;;;;;;;;;;2;3;;;
12/08/2019;16:08:00;179;com vítima;165,655;BR-101/RJ;Sul;Colisão Traseira;;;2;;;;;;;;2;2;;;
12/08/2019;16:47:00;184;sem vítima;308,834;BR-101/RJ;Sul;Colisão Traseira;2;;;;;;;;;;2;;;;
12/08/2019;17:56:00;190;com vítima;294,8;BR-101/RJ;Norte;Colisão Lateral;2;;;1;;;;;;;4;;1;;
12/08/2019;18:11:00;191;sem vítima;321,8;BR-101/RJ;Sul;Engavetamento;1;;;;2;;;;;;4;;;;
12/08/2019;18:24:00;192;com vítima;297,44;BR-101/RJ;Norte;Colisão Lateral;1;;1;;;;;;;;2;1;;;
12/08/2019;21:32:00;222;sem vítima;10,2;BR-101/RJ;Norte;Colisão Traseira;1;;1;;;;;;;;2;;;;
13/08/2019;00:04:00;16;com vítima;195,4;BR-101/RJ;Norte;Atropelamento de Animal;1;;;;;;;;;;4;1;;;
13/08/2019;06:51:00;57;sem vítima;318,028;BR-101/RJ;Sul;Engavetamento;3;;;;;;;;;;4;;;;
13/08/2019;08:00:00;74;com vítima;312,6;BR-101/RJ;Sul;Colisão Traseira;1;;;1;;;;;;;1;1;;;
13/08/2019;13:24:00;177;com vítima;255,654;BR-101/RJ;Sul;Choque - Defensa, barreira ou "submarino";1;;;;;;;;;;0;3;;;
13/08/2019;17:11:00;223;com vítima;104,453;BR-101/RJ;Sul;Colisão Traseira;;;2;;;;;;;;1;1;;;
14/08/2019;00:43:00;17;sem vítima;301,5;BR-101/RJ;Norte;Atropelamento de Animal;;;1;;;;;;;;2;;;;
14/08/2019;00:42:00;18;sem vítima;301,5;BR-101/RJ;Norte;Atropelamento de Animal;1;;;;;;;;;;3;;;;
14/08/2019;06:30:00;46;com vítima;308,8;BR-101/RJ;Norte;Choque - Defensa, barreira ou "submarino";1;;1;;;;;;;;4;1;;;
14/08/2019;07:02:00;60;com vítima;95,05;BR-101/RJ;Sul;Choque - Defensa, barreira ou "submarino";1;;;;;;;;;;0;1;;;
14/08/2019;07:00:00;63;sem vítima;63,58;BR-101/RJ;Sul;Colisão Traseira;;;;;1;;;;;1;2;;;;
14/08/2019;08:34:00;81;com vítima;101,4;BR-101/RJ;Norte;Choque - Talude;1;;;;;;;;;;0;2;;;
14/08/2019;09:32:00;96;sem vítima;197,304;BR-101/RJ;Sul;Choque - Defensa, barreira ou "submarino";1;;;;;;;;;;1;;;;
14/08/2019;11:29:00;121;sem vítima;252,89;BR-101/RJ;Norte;Choque - Defensa, barreira ou "submarino";;;1;;;;;;;;1;;;;
14/08/2019;13:34:00;143;sem vítima;198,5;BR-101/RJ;Sul;Choque - Defensa, barreira ou "submarino";1;;;;;;;;;;1;;;;
14/08/2019;14:07:00;148;sem vítima;210,897;BR-101/RJ;Sul;Choque - Defensa, barreira ou "submarino";1;;;;;;;;;;1;;;;
14/08/2019;14:48:00;152;com vítima;262,196;BR-101/RJ;Sul;Choque - Defensa, barreira ou "submarino";1;;;;;;;;;;0;1;;;
14/08/2019;16:35:00;174;com vítima;64,8;BR-101/RJ;Norte;Colisão Lateral;1;;1;;;;;;;;1;1;;;
14/08/2019;22:00:00;229;sem vítima;301,467;BR-101/RJ;Sul;Colisão Traseira;;;1;;1;;;;;;2;;;;
15/08/2019;07:11:00;32;com vítima;316,1;BR-101/RJ;Sul;Tombamento;;;;1;;;;;;;0;1;;;
15/08/2019;07:50:00;43;com vítima;304,5;BR-101/RJ;Sul;Colisão Lateral;1;;;1;;;;;;;1;1;;;
15/08/2019;08:58:00;65;com vítima;319,4;BR-101/RJ;Sul;Colisão Lateral;1;;;1;;;;;;;2;1;;;
15/08/2019;09:18:00;73;com vítima;92,603;BR-101/RJ;Norte;Choque - Defensa, barreira ou "submarino";1;;;;;;;;;;1;1;;;
15/08/2019;12:14:00;108;com vítima;65,5;BR-101/RJ;Norte;Tombamento;;;;;;1;;;;;0;1;;;
15/08/2019;14:15:00;134;com vítima;92,709;BR-101/RJ;Sul;Choque - Defensa, barreira ou "submarino";1;;;;;;;;;;0;1;;;
15/08/2019;22:32:00;210;sem vítima;302,35;BR-101/RJ;Sul;Atropelamento de Animal;;;1;;;;;;;;1;;;;
16/08/2019;01:29:00;24;com vítima;13,05;BR-101/RJ;Sul;Colisão Traseira;;;2;;;;;;;;1;1;;;
16/08/2019;05:47:00;39;sem vítima;77,588;BR-101/RJ;Sul;Outros - Sequência;3;;;;;;;;;;10;;;;
16/08/2019;08:02:00;69;sem vítima;319,7;BR-101/RJ;Sul;Engavetamento;1;;;;;2;;;;;3;;;;
16/08/2019;08:24:00;78;com vítima;301,607;BR-101/RJ;Sul;Queda;;;;1;;;;;;;1;1;;;
16/08/2019;14:58:00;173;com vítima;54,437;BR-101/RJ;Sul;Colisão Transversal;;;;1;;1;;;;;1;1;;;
16/08/2019;19:17:00;226;sem vítima;63,376;BR-101/RJ;Norte;Colisão Transversal;1;;1;;;;;;;;2;;;;
16/08/2019;19:17:00;227;sem vítima;79,853;BR-101/RJ;Norte;Colisão Transversal;1;;1;;;;;;;;3;;;;
17/08/2019;06:39:00;48;com vítima;315,21;BR-101/RJ;Norte;Colisão Traseira;1;;;;1;;;;;;1;1;;;
17/08/2019;06:42:00;49;sem vítima;303,014;BR-101/RJ;Norte;Colisão Traseira;1;;;;;1;;;;;2;;;;
17/08/2019;09:42:00;84;com vítima;60,8;BR-101/RJ;Norte;Colisão Transversal;2;;;;;;;;;;1;1;;;
17/08/2019;10:07:00;89;com vítima;271,056;BR-101/RJ;Sul;Colisão Transversal;1;;;1;;;;;;;1;;;1;
17/08/2019;10:33:00;92;com vítima;306,159;BR-101/RJ;Norte;Colisão Traseira;4;;;;;1;;;;;8;1;;;
17/08/2019;12:19:00;102;com vítima;58,6;BR-101/RJ;Sul;Colisão Transversal;;1;;1;;;;;;;0;1;2;;
17/08/2019;16:01:00;141;com vítima;170,714;BR-101/RJ;Sul;Choque - Suporte de Sinalização;;;;1;;;;;;;0;;1;;
17/08/2019;18:09:00;164;com vítima;55,011;BR-101/RJ;Norte;Atropelamento - Morador;1;;;;;;;;;;1;;1;;
18/08/2019;00:08:00;9;sem vítima;66,05;BR-101/RJ;Norte;Queda;;;;1;;;;;;;1;;;;
18/08/2019;04:44:00;34;com vítima;312,183;BR-101/RJ;Norte;Choque - Defensa, barreira ou "submarino";1;;;;;;;;;;1;1;;;
18/08/2019;06:04:00;41;sem vítima;252,82;BR-101/RJ;Sul;Choque - Cancela de Pedagio;;;;1;;;;;;;2;;;;
18/08/2019;06:13:00;43;com vítima;313,676;BR-101/RJ;Norte;Choque - Defensa, barreira ou "submarino";1;;;;;;;;;;0;1;;;
18/08/2019;07:42:00;57;com vítima;314,673;BR-101/RJ;Norte;Tombamento;;;;1;;;;;;;0;1;;;
18/08/2019;13:07:00;101;sem vítima;288,031;BR-101/RJ;Sul;Choque - Defensa, barreira ou "submarino";1;;;;;;;;;;1;;;;
18/08/2019;15:44:00;131;com vítima;83,657;BR-101/RJ;Norte;Choque - Talude;1;;;;;;;;;;0;2;;;
18/08/2019;17:51:00;166;com vítima;50,933;BR-101/RJ;Norte;Tombamento;;;;1;;;;;;;0;2;;;
18/08/2019;18:12:00;171;sem vítima;51,1;BR-101/RJ;Sul;Colisão Traseira;2;;;;;;;;;;2;;;;
18/08/2019;18:29:00;177;com vítima;289,673;BR-101/RJ;Norte;Engavetamento;5;;;;;;;;;;7;2;;;
18/08/2019;20:46:00;201;com vítima;92,909;BR-101/RJ;Sul;Tombamento;;;1;;;;;;;;0;1;1;;
18/08/2019;20:47:00;202;sem vítima;285,75;BR-101/RJ;Norte;Atropelamento de Animal;1;;;;;;;;;;1;;;;
18/08/2019;22:55:00;219;sem vítima;237,095;BR-101/RJ;Norte;Colisão Lateral;2;;;;;;;;;;2;;;;
19/08/2019;05:12:00;33;sem vítima;309,977;BR-101/RJ;Sul;Colisão Traseira;1;;1;;;;;;;;4;;;;
19/08/2019;06:25:00;43;sem vítima;21,42;BR-101/RJ;Norte;Atropelamento de Animal;;;;;;;;;;1;3;;;;
19/08/2019;08:20:00;64;com vítima;205,4;BR-101/RJ;Norte;Colisão Traseira;;;;1;;1;;;;;1;1;;;
19/08/2019;11:41:00;122;com vítima;319,32;BR-101/RJ;Sul;Colisão Traseira;1;;1;;;;;;;;2;2;;;
19/08/2019;11:58:00;127;com vítima;319,32;BR-101/RJ;Sul;Queda;;;;;;;;;;;0;1;;;
19/08/2019;12:48:00;133;com vítima;318,644;BR-101/RJ;Sul;Colisão Lateral;;;;2;;;;;;;1;2;;;
19/08/2019;18:09:00;188;com vítima;51,9;BR-101/RJ;Sul;Queda;;;;;;;;;;;0;1;;;
19/08/2019;23:06:00;223;sem vítima;247,084;BR-101/RJ;Sul;Saida de Pista;1;;;;;;;;;;1;;;;
20/08/2019;05:33:00;29;sem vítima;238,489;BR-101/RJ;Sul;Choque - Talude;1;;;;;;;;;;1;;;;
20/08/2019;06:24:00;31;com vítima;318,042;BR-101/RJ;Sul;Tombamento;;;;1;;;;;;;0;1;;;
20/08/2019;11:24:00;92;com vítima;319,565;BR-101/RJ;Sul;Colisão Lateral;1;;;1;;;;;;;2;1;;;
20/08/2019;17:39:00;167;sem vítima;318,524;BR-101/RJ;Norte;Outros - Sequência;2;;;2;;;;;;;8;;;;
20/08/2019;17:47:00;169;sem vítima;297,661;BR-101/RJ;Norte;Colisão Lateral;1;;1;;;;;;;;6;;;;
20/08/2019;18:28:00;176;sem vítima;297,593;BR-101/RJ;Norte;Colisão Traseira;2;;;;;;;;;;2;;;;
20/08/2019;19:23:00;185;com vítima;297,459;BR-101/RJ;Sul;Tombamento;1;;;1;;;;;;;1;1;;;
20/08/2019;20:19:00;193;sem vítima;252,89;BR-101/RJ;Sul;Choque - Defensa, barreira ou "submarino";;;1;;;;;;;;1;;;;
20/08/2019;21:57:00;204;sem vítima;87,1;BR-101/RJ;Norte;Capotamento;1;;;;;;;;;;1;;;;
20/08/2019;22:00:00;205;com vítima;274,101;BR-101/RJ;Norte;Colisão Frontal;1;1;;;;;;;;;1;1;;;
21/08/2019;05:22:00;30;com vítima;218,963;BR-101/RJ;Norte;Tombamento;;;1;;;;;;;;0;1;;;
21/08/2019;06:59:00;39;com vítima;315,512;BR-101/RJ;Sul;Colisão Lateral;1;;;1;;;;;;;1;;1;;
21/08/2019;08:50:00;62;sem vítima;296,5;BR-101/RJ;Sul;Engavetamento;2;;1;;;;;;;;4;;;;
21/08/2019;08:52:00;63;sem vítima;296,7;BR-101/RJ;Sul;Engavetamento;3;;;;;;;;;;3;;;;
21/08/2019;09:40:00;71;sem vítima;294,334;BR-101/RJ;Sul;Choque - Defensa, barreira ou "submarino";1;;;;;;;;;;2;;;;
21/08/2019;09:44:00;73;com vítima;318,832;BR-101/RJ;Sul;Queda;;;;1;;;;;;;0;1;;;
21/08/2019;10:16:00;79;sem vítima;252,89;BR-101/RJ;Norte;Choque - Cancela de Pedagio;;;1;;;;;;;;1;;;;
21/08/2019;15:08:00;131;com vítima;58,301;BR-101/RJ;Norte;Colisão Traseira;;;;1;;;;;;1;1;1;;;
21/08/2019;18:08:00;170;com vítima;277,076;BR-101/RJ;Sul;Atropelamento - Morador;;;;;;1;;;;;1;;1;;
21/08/2019;18:35:00;174;com vítima;318,7;BR-101/RJ;Norte;Colisão Lateral;1;;;1;;;;;;;2;1;;;
22/08/2019;06:57:00;44;com vítima;318,909;BR-101/RJ;Sul;Colisão Traseira;1;;;1;;;;;;;2;1;;;
22/08/2019;08:59:00;70;com vítima;321,42;BR-101/RJ;Sul;Colisão Traseira;1;;;1;;1;;;;;4;;1;;1
22/08/2019;10:37:00;93;sem vítima;317,045;BR-101/RJ;Sul;Colisão Lateral;2;;2;;;;;;;;4;;;;
22/08/2019;14:18:00;133;sem vítima;261,849;BR-101/RJ;Sul;Colisão Transversal;2;;;;;;;;;;3;;;;
22/08/2019;14:52:00;141;sem vítima;307,6;BR-101/RJ;Norte;Colisão Traseira;2;;;;;;;;;;5;;;;
22/08/2019;16:29:00;163;sem vítima;262,316;BR-101/RJ;Sul;Choque - Defensa, barreira ou "submarino";1;;;;;;;;;;1;;;;
22/08/2019;16:55:00;168;sem vítima;262,316;BR-101/RJ;Sul;Colisão Traseira;2;;;;;;;;;;3;;;;
22/08/2019;20:42:00;197;sem vítima;86,834;BR-101/RJ;Norte;Choque - Outros;1;;;;;;;;;;1;;;;
23/08/2019;01:47:00;17;sem vítima;212,512;BR-101/RJ;Norte;Tombamento;;;1;;;;;;;;1;;;;
23/08/2019;07:11:00;46;sem vítima;289,428;BR-101/RJ;Sul;Capotamento;1;;;;;;;;;;1;;;;
23/08/2019;07:25:00;49;com vítima;320,007;BR-101/RJ;Sul;Tombamento;;;;1;;;;;;;0;2;;;
23/08/2019;09:07:00;67;sem vítima;177,055;BR-101/RJ;Norte;Colisão Traseira;1;;;;;1;;;;;4;;;;
23/08/2019;16:15:00;142;com vítima;86,612;BR-101/RJ;Norte;Capotamento;1;;;;;;;;;;0;1;;;
23/08/2019;16:29:00;145;com vítima;66,519;BR-101/RJ;Norte;Colisão Traseira;;;;1;;;;;;1;1;1;;;
23/08/2019;17:02:00;153;com vítima;41,61;BR-101/RJ;Norte;Choque - Cancela de Pedagio;;1;;;;;;;;;0;1;;;
23/08/2019;17:36:00;162;com vítima;87,908;BR-101/RJ;Norte;Choque - Elemento de Drenagem;1;;;;;;;;;;0;4;;;
23/08/2019;17:47:00;163;com vítima;55,434;BR-101/RJ;Norte;Colisão Transversal;1;;;1;;;;;;;1;2;;;
23/08/2019;21:03:00;197;sem vítima;92,618;BR-101/RJ;Norte;Choque - Talude;;;;;;;;;;1;2;;;;
23/08/2019;23:24:00;217;sem vítima;314;BR-101/RJ;Norte;Colisão Traseira;1;;;;;;;;;1;2;;;;
24/08/2019;02:34:00;28;com vítima;191,1;BR-101/RJ;Norte;Tombamento;;;1;;;;;;;;0;1;;;
24/08/2019;06:25:00;40;com vítima;86,922;BR-101/RJ;Norte;Choque - Talude;1;;;;;;;;;;1;1;;;
24/08/2019;09:24:00;69;com vítima;110,071;BR-101/RJ;Norte;Choque - Defensa, barreira ou "submarino";1;;;;;;;;;;1;2;;;
24/08/2019;11:01:00;83;sem vítima;286,8;BR-101/RJ;Norte;Atropelamento de Animal;1;;;;;;;;;;1;;;;
24/08/2019;14:03:00;106;com vítima;66,3;BR-101/RJ;Norte;Colisão Traseira;1;;;1;;;;;;;0;1;1;;
24/08/2019;14:53:00;113;com vítima;61,896;BR-101/RJ;Norte;Colisão Traseira;1;;;1;;;;;;;0;2;;;
24/08/2019;18:45:00;147;com vítima;54,8;BR-101/RJ;Norte;Colisão Transversal;1;;;1;;;;;;;4;;;2;
25/08/2019;01:36:00;16;com vítima;267,005;BR-101/RJ;Norte;Capotamento;1;;;;;;;;;;0;1;;;
25/08/2019;06:45:00;28;com vítima;277,79;BR-101/RJ;Sul;Choque - Defensa, barreira ou "submarino";1;;;;;;;;;;0;1;;;
25/08/2019;07:13:00;35;com vítima;297,915;BR-101/RJ;Norte;Tombamento;;;;1;;;;;;;0;1;;;
25/08/2019;09:07:00;47;com vítima;320,597;BR-101/RJ;Norte;Tombamento;;;;1;;;;;;;0;1;;;
25/08/2019;11:25:00;59;com vítima;266,995;BR-101/RJ;Sul;Choque - Defensa, barreira ou "submarino";;;;1;;;;;;;0;2;;;
25/08/2019;15:39:00;101;com vítima;120,866;BR-101/RJ;Norte;Choque - Arvore;;;;;;;1;;;;0;;;1;
25/08/2019;17:08:00;117;sem vítima;298,917;BR-101/RJ;Norte;Colisão Lateral;2;;;;;;;;;;3;;;;
25/08/2019;21:37:00;162;com vítima;288,231;BR-101/RJ;Sul;Queda;;1;;;;1;;;;;1;1;;;
26/08/2019;02:41:00;24;sem vítima;318,802;BR-101/RJ;Norte;Choque - Elemento de Drenagem;1;;;;;;;;;;2;;;;
26/08/2019;05:30:00;29;com vítima;51,9;BR-101/RJ;Norte;Colisão Frontal;;1;;;;;;;;1;0;1;;;1
26/08/2019;06:12:00;36;sem vítima;294,187;BR-101/RJ;Sul;Choque - Defensa, barreira ou "submarino";1;;;;;;;;;;1;;;;
26/08/2019;07:31:00;51;sem vítima;55,5;BR-101/RJ;Sul;Engavetamento;3;;;;;;;;;;3;;;;
26/08/2019;11:13:00;98;com vítima;318,623;BR-101/RJ;Norte;Colisão Lateral;2;;;1;;;;;;;2;1;;;
26/08/2019;14:55:00;133;sem vítima;104,39;BR-101/RJ;Norte;Choque - Talude;;;1;;;;;;;;1;;;;
26/08/2019;17:10:00;157;sem vítima;36,3;BR-101/RJ;Sul;Atropelamento de Animal;1;;;;;;;;;;1;;;;
26/08/2019;21:30:00;193;com vítima;303,676;BR-101/RJ;Norte;Outros - Sequência;1;;1;;;;;;;1;3;1;5;;
27/08/2019;06:25:00;47;com vítima;303,7;BR-101/RJ;Sul;Colisão Traseira;;;;1;1;;;;;;1;2;;;
27/08/2019;06:44:00;52;com vítima;291,078;BR-101/RJ;Norte;Outros - Sequência;2;;;;;1;;;;;3;1;;;
27/08/2019;07:23:00;59;com vítima;320,42;BR-101/RJ;Sul;Colisão Lateral;1;;1;;;;;;;;2;2;;;
27/08/2019;08:41:00;80;sem vítima;304,05;BR-101/RJ;Norte;Colisão Traseira;;;;1;;;;;;1;4;;;;
27/08/2019;13:00:00;142;sem vítima;317,465;BR-101/RJ;Norte;Colisão Traseira;2;;;;;;;;;;2;;;;
27/08/2019;13:01:00;143;sem vítima;188,275;BR-101/RJ;Norte;Choque - Suporte de Sinalização;1;;;;;;;;;;1;;;;
27/08/2019;14:26:00;154;sem vítima;305,118;BR-101/RJ;Sul;Atropelamento de Animal;1;;;;;1;;;;;2;;;;
27/08/2019;15:45:00;164;com vítima;296,359;BR-101/RJ;Sul;Engavetamento;2;;1;;;;;;;;3;;1;;
27/08/2019;16:55:00;181;sem vítima;309,022;BR-101/RJ;Norte;Colisão Traseira;1;;1;;;;;;;;6;;;;
27/08/2019;17:02:00;185;sem vítima;299,678;BR-101/RJ;Norte;Atropelamento de Animal;1;;;;;;;;;;1;;;;
28/08/2019;08:00:00;57;com vítima;66,039;BR-101/RJ;Sul;Colisão Lateral;1;1;;;;;;;;;2;;1;;
28/08/2019;11:04:00;108;com vítima;318,988;BR-101/RJ;Norte;Colisão Traseira;1;;;1;;;;;;;1;1;;;