data;horario;n_da_ocorrencia;tipo_de_ocorrencia;km;trecho;sentido;tipo_de_acidente;automovel;bicicleta;caminhao;moto;onibus;outros;tracao_animal;transporte_de_cargas_especiais;trator_maquinas;utilitarios;ilesos;levemente_feridos;moderadamente_feridos;gravemente_feridos;mortos
28/08/2019;11:13:00;111;sem vítima;286,569;BR-101/RJ;Sul;Choque - Objeto sobre a pista;1;;;;;;;;;;1;;;;
28/08/2019;12:09:00;119;sem vítima;291,234;BR-101/RJ;Sul;Choque - Elemento de Drenagem;1;;;;;;;;;;2;;;;
28/08/2019;15:04:00;150;sem vítima;60,503;BR-101/RJ;Sul;Colisão Traseira;1;;1;;;;;;;;2;;;;
28/08/2019;18:18:00;193;sem vítima;272,098;BR-101/RJ;Sul;Choque - Suporte de Sinalização;;;;;1;;;;;;1;;;;
29/08/2019;09:01:00;61;com vítima;92,652;BR-101/RJ;Sul;Choque - Elemento de Drenagem;1;;;;;;;;;;3;1;;;
29/08/2019;10:22:00;82;com vítima;284,926;BR-101/RJ;Norte;Colisão Traseira;1;;;1;;;;;;;1;;;1;
29/08/2019;12:53:00;109;sem vítima;297,7;BR-101/RJ;Sul;Colisão Lateral;1;;1;;;;;;;;2;;;;
29/08/2019;16:34:00;146;com vítima;307,071;BR-101/RJ;Norte;Colisão Traseira;2;;;;;;;;;1;4;1;;;
29/08/2019;17:36:00;162;com vítima;318,4;BR-101/RJ;Norte;Colisão Lateral;1;;;1;;;;;;;1;1;;;
29/08/2019;18:02:00;168;com vítima;318,597;BR-101/RJ;Sul;Colisão Lateral;;;;1;1;;;;;;1;1;1;;
30/08/2019;03:08:00;23;com vítima;265,445;BR-101/RJ;Norte;Engavetamento;;;2;;1;;;;;;2;2;;;
30/08/2019;08:21:00;59;sem vítima;209,9;BR-101/RJ;Norte;Colisão Traseira;1;;;;;;;;;1;2;;;;
30/08/2019;11:32:00;101;sem vítima;222,001;BR-101/RJ;Norte;Colisão Lateral;1;;1;;;;;;;;2;;;;
30/08/2019;18:58:00;184;sem vítima;313,207;BR-101/RJ;Norte;Colisão Traseira;2;;;;;;;;;;3;;;;
31/08/2019;01:23:00;20;sem vítima;262,8;BR-101/RJ;Sul;Colisão Lateral;1;;;;;1;;;;;2;;;;
31/08/2019;10:04:00;84;sem vítima;308,47;BR-101/RJ;Norte;Choque - Defensa, barreira ou "submarino";1;;;;;;;;;;1;;;;
31/08/2019;11:52:00;104;sem vítima;189,001;BR-101/RJ;Sul;Colisão Traseira;2;;;;;;;;;;3;;;;
31/08/2019;12:03:00;109;sem vítima;278,637;BR-101/RJ;Sul;Colisão Traseira;2;;;;;;;;;;2;;;;
31/08/2019;14:29:00;136;com vítima;69,346;BR-101/RJ;Sul;Colisão Transversal;;1;;;;1;;;;;1;1;;;
31/08/2019;20:48:00;244;com vítima;275,082;BR-101/RJ;Sul;Atropelamento - Outros;;;;1;;;;;;;0;1;1;;
31/08/2019;21:00:00;248;com vítima;292,95;BR-101/RJ;Sul;Colisão Lateral;1;;;1;;;;;;;2;1;;;
31/08/2019;21:07:00;249;sem vítima;252,89;BR-101/RJ;Sul;Choque - Cancela de Pedagio;1;;;;;;;;;;3;;;;
31/08/2019;22:07:00;259;sem vítima;312,307;BR-101/RJ;Norte;Colisão Traseira;2;;;;;;;;;;6;;;;
01/07/2019;03:43:00;29;sem vítima;120,1;BR-101/RJ;Sul;Objeto lançado contra veículo;;;1;;;1;;;;;2;;;;
01/07/2019;06:09:00;36;com vítima;213,001;BR-101/RJ;Norte;Tombamento;;;1;1;;;;;;;1;;1;;
01/07/2019;17:11:00;164;com vítima;60,08;BR-101/RJ;Sul;Colisão Transversal;;1;1;;;;;;;;1;1;;;
01/07/2019;18:41:00;176;com vítima;64,3;BR-101/RJ;Sul;Atropelamento - Sem Informação;;;;1;;;;;;;1;1;;;1
01/07/2019;20:06:00;184;com vítima;60,2;BR-101/RJ;Sul;Colisão Transversal;2;;;;;;;;;;2;1;;;
01/07/2019;21:50:00;199;com vítima;316,422;BR-101/RJ;Norte;Colisão Traseira;1;;;1;;;;;;;1;2;;;
02/07/2019;06:04:00;30;com vítima;67,619;BR-101/RJ;Sul;Colisão Traseira;1;;;;1;;;;;;2;2;;;
02/07/2019;09:52:00;84;sem vítima;171,107;BR-101/RJ;Norte;Colisão Traseira;;;;;;1;;;;1;21;;;;
02/07/2019;13:13:00;125;com vítima;40,531;BR-101/RJ;Sul;Colisão Traseira;1;;1;;;;;;;;1;1;;;
02/07/2019;17:50:00;166;com vítima;321,417;BR-101/RJ;Sul;Colisão Lateral;;;;1;;1;;;;;1;1;;;
03/07/2019;01:44:00;26;sem vítima;46,235;BR-101/RJ;Norte;Atropelamento de Animal;;;1;;;;;;;;1;;;;
03/07/2019;06:56:00;60;sem vítima;317,001;BR-101/RJ;Sul;Objeto lançado contra veículo;;;;;1;;;;;;1;;;;
03/07/2019;07:42:00;74;com vítima;321,4;BR-101/RJ;Sul;Colisão Traseira;;;;1;;;;;;1;2;1;;;
03/07/2019;07:52:00;77;sem vítima;321,604;BR-101/RJ;Sul;Engavetamento;3;;;;;;;;;;3;;;;
03/07/2019;09:23:00;104;com vítima;297,5;BR-101/RJ;Sul;Engavetamento;3;;;;;;;;;;11;1;;;
03/07/2019;09:36:00;114;sem vítima;172,98;BR-101/RJ;Norte;Objeto lançado contra veículo;1;;1;;;;;;;;2;;;;
03/07/2019;10:13:00;125;com vítima;277,06;BR-101/RJ;Sul;Colisão Traseira;;;1;;;;;;;2;4;1;;;
03/07/2019;13:08:00;157;sem vítima;281,903;BR-101/RJ;Norte;Choque - Defensa, barreira ou "submarino";;;1;;;;;;;;1;;;;
03/07/2019;16:29:00;202;sem vítima;314,5;BR-101/RJ;Norte;Colisão Traseira;2;;;;;;;;;;2;;;;
04/07/2019;06:16:00;40;com vítima;313,535;BR-101/RJ;Sul;Colisão Lateral;;;;1;;;;;;;0;1;;;
04/07/2019;07:08:00;56;sem vítima;77,875;BR-101/RJ;Sul;Engavetamento;3;;;;;1;;;;;4;;;;
04/07/2019;09:33:00;94;sem vítima;315,848;BR-101/RJ;Sul;Engavetamento;3;;;;;;;;;;3;;;;
04/07/2019;10:35:00;110;com vítima;72,2;BR-101/RJ;Sul;Objeto lançado contra veículo;;;1;1;;;;;;;1;1;;;
04/07/2019;12:30:00;127;com vítima;309,301;BR-101/RJ;Norte;Colisão Lateral;1;;1;;;;;;;;2;1;;;
04/07/2019;15:42:00;155;sem vítima;209,1;BR-101/RJ;Norte;Choque - Defensa, barreira ou "submarino";1;;;;;;;;;;1;;;;
04/07/2019;23:00:00;206;com vítima;178,033;BR-101/RJ;Sul;Colisão Frontal;;;2;;;;;;;;0;1;;;1
05/07/2019;01:31:00;7;sem vítima;320,805;BR-101/RJ;Norte;Choque - Defensa, barreira ou "submarino";1;;;;;;;;;;1;;;;
05/07/2019;04:52:00;27;com vítima;294,181;BR-101/RJ;Norte;Choque - Defensa, barreira ou "submarino";1;;;;;1;;;;;2;1;;;
05/07/2019;06:30:00;31;sem vítima;317,667;BR-101/RJ;Sul;Colisão Traseira;2;;;;;;;;;;2;;;;
05/07/2019;06:36:00;33;sem vítima;271,176;BR-101/RJ;Norte;Choque - Defensa, barreira ou "submarino";1;;;;;;;;;;1;;;;
05/07/2019;11:02:00;93;sem vítima;71,3;BR-101/RJ;Sul;Colisão Traseira;2;;;;;;;;;;2;;;;
05/07/2019;11:09:00;96;com vítima;281,454;BR-101/RJ;Sul;Colisão Traseira;;;1;;;;;;;1;2;1;;;
05/07/2019;14:34:00;128;com vítima;282,838;BR-101/RJ;Norte;Colisão Traseira;3;;;;;;;;;;1;2;;;
05/07/2019;18:56:00;180;com vítima;58,811;BR-101/RJ;Sul;Colisão Transversal;1;;;1;;;;;;;1;;;1;
05/07/2019;19:11:00;184;sem vítima;302,753;BR-101/RJ;Norte;Engavetamento;3;;;;;;;;;;3;;;;
05/07/2019;19:52:00;189;sem vítima;270,1;BR-101/RJ;Norte;Choque - Elemento de Drenagem;1;;;;;;;;;;1;;;;
06/07/2019;02:50:00;20;sem vítima;256,725;BR-101/RJ;Sul;Choque - Defensa, barreira ou "submarino";1;;;;;;;;;;1;;;;
06/07/2019;05:41:00;28;com vítima;309,802;BR-101/RJ;Sul;Outros - Sequência;1;;;1;;;;;;1;3;;1;;
06/07/2019;06:39:00;37;sem vítima;215,5;BR-101/RJ;Norte;Choque - Defensa, barreira ou "submarino";1;;;;;;;;;;1;;;;
06/07/2019;19:22:00;152;com vítima;259,104;BR-101/RJ;Sul;Atropelamento - Morador;1;;;;;;;;;;1;;;;1
06/07/2019;22:34:00;176;com vítima;174,847;BR-101/RJ;Norte;Colisão Frontal;;;1;;;;;;;1;0;1;1;;1
07/07/2019;10:23:00;69;sem vítima;58,246;BR-101/RJ;Norte;Colisão Traseira;2;;;;;;;;;;4;;;;
07/07/2019;14:57:00;97;sem vítima;280,1;BR-101/RJ;Norte;Atropelamento de Animal;1;;;;;;;;;;1;;;;
08/07/2019;06:18:00;37;sem vítima;75,37;BR-101/RJ;Norte;Choque - Elemento de Drenagem;1;;;;;;;;;;1;;;;
08/07/2019;07:58:00;63;sem vítima;92,3;BR-101/RJ;Sul;Choque - Defensa, barreira ou "submarino";;;;;;;;;;1;1;;;;
08/07/2019;09:57:00;98;sem vítima;319,802;BR-101/RJ;Sul;Engavetamento;3;;;;;;;;;;4;;;;
08/07/2019;12:26:00;120;sem vítima;66,45;BR-101/RJ;Norte;Colisão Traseira;1;;;;1;;;;;;2;;;;
08/07/2019;16:06:00;148;com vítima;303,031;BR-101/RJ;Norte;Engavetamento;3;;;;;;;;;1;11;;1;;
08/07/2019;17:32:00;158;sem vítima;206,335;BR-101/RJ;Sul;Colisão Lateral;2;;;;;;;;;;4;;;;
08/07/2019;19:38:00;172;com vítima;39,51;BR-101/RJ;Norte;Colisão Frontal;1;;1;;;;;;;;1;;1;;
09/07/2019;05:56:00;38;sem vítima;318,71;BR-101/RJ;Sul;Engavetamento;4;;;;;;;;;;4;;;;
09/07/2019;12:10:00;117;com vítima;59,3;BR-101/RJ;Norte;Colisão Transversal;;;1;1;;;;;;;1;2;;;
09/07/2019;14:18:00;135;sem vítima;293,204;BR-101/RJ;Sul;Engavetamento;;;2;;;1;;;;1;10;;;;
09/07/2019;15:08:00;143;sem vítima;67,1;BR-101/RJ;Norte;Engavetamento;;;;;;;;;;3;4;;;;
09/07/2019;17:42:00;168;com vítima;62,1;BR-101/RJ;Sul;Atropelamento - Sem Informação;;;;;;1;;;;;1;1;;;
09/07/2019;19:34:00;180;com vítima;305,3;BR-101/RJ;Sul;Atropelamento - Morador;;;;;;;;;;1;2;;;;1
09/07/2019;21:38:00;199;com vítima;66,45;BR-101/RJ;Norte;Colisão Traseira;1;;;1;;;;;;;1;2;;;
10/07/2019;08:18:00;66;sem vítima;306,075;BR-101/RJ;Norte;Engavetamento;1;;;;;;;;;2;4;;;;
10/07/2019;09:09:00;85;com vítima;294,573;BR-101/RJ;Sul;Colisão Lateral;;;1;;1;;;;;;3;1;;;
10/07/2019;09:34:00;89;sem vítima;311,15;BR-101/RJ;Sul;Engavetamento;1;;;;;2;;;;;3;;;;
10/07/2019;12:14:00;116;sem vítima;23,302;BR-101/RJ;Norte;Choque - Talude;1;;;;;;;;;;3;;;;
10/07/2019;15:11:00;143;com vítima;60,036;BR-101/RJ;Norte;Colisão Lateral;1;;;1;;;;;;;1;;;1;
10/07/2019;17:39:00;167;com vítima;59,8;BR-101/RJ;Norte;Colisão Lateral;1;;;1;;;;;;;1;1;;;
10/07/2019;20:46:00;194;com vítima;285,016;BR-101/RJ;Norte;Choque - Elemento de Drenagem;1;;;;;;;;;;0;1;;;
11/07/2019;06:57:00;42;sem vítima;319,119;BR-101/RJ;Sul;Engavetamento;4;;;;;;;;;;6;;;;
11/07/2019;07:27:00;52;com vítima;316,346;BR-101/RJ;Sul;Colisão Lateral;1;;;1;;;;;;;2;1;;;
11/07/2019;08:30:00;65;com vítima;290,318;BR-101/RJ;Norte;Engavetamento;3;;;;;;;;;;3;2;;;
11/07/2019;11:35:00;101;sem vítima;61,485;BR-101/RJ;Norte;Colisão Traseira;1;;;;;;;;;1;3;;;;
11/07/2019;18:19:00;188;sem vítima;39,312;BR-101/RJ;Sul;Colisão Transversal;1;;;;1;;;;;;5;;;;
11/07/2019;18:42:00;200;com vítima;59,868;BR-101/RJ;Norte;Colisão Transversal;;;1;1;;;;;;;1;;;;1
12/07/2019;09:26:00;95;com vítima;294,535;BR-101/RJ;Sul;Colisão Traseira;1;;;;1;;;;;;2;2;;;
12/07/2019;11:14:00;117;com vítima;249,858;BR-101/RJ;Sul;Atropelamento - Morador;1;;;;;;;;;;1;;;;1
12/07/2019;13:10:00;137;sem vítima;296,899;BR-101/RJ;Norte;Colisão Traseira;2;;;;;;;;;;5;;;;
12/07/2019;15:01:00;152;sem vítima;252,853;BR-101/RJ;Norte;Choque - Cancela de Pedagio;;;1;;;;;;;;1;;;;
12/07/2019;16:36:00;173;com vítima;61,7;BR-101/RJ;Sul;Colisão Transversal;;;1;1;;;;;;;0;1;1;;
12/07/2019;18:40:00;192;sem vítima;296,066;BR-101/RJ;Norte;Engavetamento;3;;;;;;;;;;4;;;;
12/07/2019;18:56:00;194;sem vítima;312,252;BR-101/RJ;Norte;Colisão Traseira;2;;;;;;;;;;2;;;;
13/07/2019;02:23:00;26;com vítima;204,201;BR-101/RJ;Norte;Tombamento;;;1;;;;;;;;0;2;;;
13/07/2019;06:21:00;42;com vítima;4,413;BR-101/RJ;Norte;Choque - Suporte de Sinalização;1;;;;;;;;;;1;2;;;
13/07/2019;06:41:00;48;com vítima;309,772;BR-101/RJ;Sul;Atropelamento - Morador;1;;;;;;;;;;1;;;;1
13/07/2019;13:17:00;125;com vítima;294,99;BR-101/RJ;Sul;Engavetamento;1;;;1;;1;;;;;2;;2;;
13/07/2019;13:37:00;128;sem vítima;299,577;BR-101/RJ;Norte;Choque - Defensa, barreira ou "submarino";1;;;;;;;;;;5;;;;
13/07/2019;13:58:00;130;sem vítima;11,1;BR-101/RJ;Norte;Colisão Traseira;1;;;;;1;;;;;3;;;;
13/07/2019;14:52:00;139;sem vítima;317,5;BR-101/RJ;Norte;Colisão Traseira;2;;;;;;;;;;6;;;;
13/07/2019;14:53:00;140;com vítima;262,011;BR-101/RJ;Sul;Atropelamento - Ciclista;1;1;;;;;;;;;1;;1;;
13/07/2019;17:49:00;172;sem vítima;318,32;BR-101/RJ;Norte;Engavetamento;3;;;;;;;;;;3;;;;
13/07/2019;19:13:00;179;com vítima;79,012;BR-101/RJ;Sul;Atropelamento - Morador;1;;;;;;;;;;1;;;1;
14/07/2019;00:13:00;13;sem vítima;243,7;BR-101/RJ;Sul;Saida de Pista;1;;;;;;;;;;2;;;;
14/07/2019;04:42:00;31;sem vítima;289,25;BR-101/RJ;Sul;Atropelamento de Animal;1;;;;;;;;;;1;;;;
14/07/2019;15:05:00;110;com vítima;275,136;BR-101/RJ;Sul;Colisão Traseira;1;;;;1;;;;;;1;1;;;
14/07/2019;15:22:00;113;sem vítima;79,5;BR-101/RJ;Norte;Colisão Traseira;1;;;;;;;;;1;2;;;;
14/07/2019;22:01:00;181;com vítima;205,953;BR-101/RJ;Sul;Colisão Lateral;1;;;2;;;;;;;4;;;;1
15/07/2019;05:14:00;25;sem vítima;291,857;BR-101/RJ;Norte;Choque - Defensa, barreira ou "submarino";1;;;;;;;;;;2;;;;
15/07/2019;07:25:00;50;sem vítima;318,487;BR-101/RJ;Sul;Colisão Traseira;1;;;;1;;;;;;3;;;;
15/07/2019;08:35:00;61;com vítima;300,6;BR-101/RJ;Sul;Tombamento;;;1;;;;;;;;0;1;;;
15/07/2019;11:33:00;103;sem vítima;174,7;BR-101/RJ;Sul;Choque - Defensa, barreira ou "submarino";1;;;;;;;;;;2;;;;
15/07/2019;16:58:00;151;com vítima;297,758;BR-101/RJ;Sul;Tombamento;;;;1;;1;;;;;1;1;;;
15/07/2019;17:27:00;154;sem vítima;66,15;BR-101/RJ;Norte;Colisão Traseira;2;;;;;;;;;;4;;;;
15/07/2019;18:34:00;164;com vítima;24,5;BR-101/RJ;Norte;Capotamento;1;;;;;;;;;;2;1;;;
16/07/2019;03:59:00;28;com vítima;314,7;BR-101/RJ;Sul;Tombamento;;;1;;;;;;;;0;2;;;
16/07/2019;06:27:00;39;com vítima;309,388;BR-101/RJ;Sul;Engavetamento;2;;;1;;;;;;;3;1;;;
16/07/2019;06:51:00;53;sem vítima;176,672;BR-101/RJ;Sul;Objeto lançado contra veículo;1;;;;;1;;;;;3;;;;
16/07/2019;06:58:00;56;com vítima;311,937;BR-101/RJ;Sul;Colisão Lateral;1;;;1;;;;;;;2;1;;;
16/07/2019;07:25:00;61;sem vítima;297,315;BR-101/RJ;Sul;Colisão Lateral;;;1;;1;;;;;;2;;;;
16/07/2019;10:37:00;101;sem vítima;313,908;BR-101/RJ;Norte;Colisão Traseira;1;;1;;;;;;;;5;;;;
16/07/2019;13:37:00;142;com vítima;129,29;BR-101/RJ;Sul;Choque - Defensa, barreira ou "submarino";1;;;;;;;;;;0;1;;;
16/07/2019;14:41:00;159;sem vítima;163,014;BR-101/RJ;Norte;Objeto lançado contra veículo;2;;;;;;;;;;2;;;;
16/07/2019;17:34:00;196;com vítima;313,3;BR-101/RJ;Norte;Colisão Traseira;1;;;;1;;;;;;1;1;;;
16/07/2019;18:37:00;208;com vítima;319,4;BR-101/RJ;Norte;Colisão Lateral;1;;;1;;;;;;;1;2;;;
17/07/2019;08:16:00;49;sem vítima;60,09;BR-101/RJ;Norte;Engavetamento;3;;;;;;;;;;4;;;;
17/07/2019;10:58:00;81;sem vítima;268,88;BR-101/RJ;Sul;Colisão Traseira;2;;;;;1;;;;;3;;;;
17/07/2019;11:48:00;88;sem vítima;206,001;BR-101/RJ;Norte;Choque - Defensa, barreira ou "submarino";1;;;;;;;;;;1;;;;
17/07/2019;12:11:00;94;com vítima;198,021;BR-101/RJ;Sul;Choque - Talude;1;;;;;;;;;;0;1;;;
17/07/2019;12:20:00;95;com vítima;57,1;BR-101/RJ;Sul;Colisão Transversal;1;;;1;;;;;;;0;2;;;
17/07/2019;13:54:00;112;com vítima;236,554;BR-101/RJ;Sul;Colisão Transversal;2;;;;;;;;;;1;2;;;
17/07/2019;19:23:00;160;com vítima;321,9;BR-101/RJ;Sul;Colisão Lateral;1;;;1;;;;;;;1;1;;;
17/07/2019;19:58:00;165;sem vítima;321,852;BR-101/RJ;Sul;Colisão Traseira;1;;;;1;;;;;;2;;;;
18/07/2019;06:03:00;30;sem vítima;81,75;BR-101/RJ;Sul;Colisão Traseira;1;;1;;;;;;;;5;;;;
18/07/2019;07:13:00;43;com vítima;67,448;BR-101/RJ;Norte;Engavetamento;2;;;;;;;;;1;2;1;;;
18/07/2019;07:43:00;52;com vítima;58,56;BR-101/RJ;Sul;Colisão Transversal;;;;2;;;;;;;0;3;;1;
18/07/2019;09:18:00;76;sem vítima;293,056;BR-101/RJ;Norte;Atropelamento de Animal;1;;;;;;;;;;1;;;;
18/07/2019;11:16:00;107;sem vítima;85,6;BR-101/RJ;Norte;Choque - Objeto sobre a pista;1;;;;;;;;;;1;;;;
18/07/2019;12:54:00;131;com vítima;91,622;BR-101/RJ;Norte;Choque - Defensa, barreira ou "submarino";1;;;;;;;;;;0;1;;;
18/07/2019;19:01:00;186;sem vítima;318,5;BR-101/RJ;Norte;Colisão Traseira;;;1;;;1;;;;;2;;;;
18/07/2019;19:48:00;197;sem vítima;320,952;BR-101/RJ;Sul;Colisão Traseira;1;;1;;;;;;;;3;;;;
18/07/2019;21:50:00;217;com vítima;109,494;BR-101/RJ;Sul;Colisão Traseira;;;2;;;;;;;;1;;;1;
18/07/2019;22:42:00;222;com vítima;298,82;BR-101/RJ;Sul;Atropelamento de Animal;1;;;;;;;;;;3;1;;;
18/07/2019;22:42:00;223;sem vítima;298,73;BR-101/RJ;Sul;Choque - Defensa, barreira ou "submarino";1;;;;;;;;;;2;;;;
18/07/2019;23:27:00;232;sem vítima;298,731;BR-101/RJ;Sul;Atropelamento de Animal;;;1;;;;;;;;2;;;;
18/07/2019;23:48:00;235;sem vítima;298,731;BR-101/RJ;Sul;Atropelamento de Animal;1;;;;;;;;;;3;;;;
19/07/2019;00:31:00;17;sem vítima;312,465;BR-101/RJ;Sul;Colisão Traseira;2;;;;;;;;;;3;;;;
19/07/2019;08:01:00;68;com vítima;67,562;BR-101/RJ;Norte;Atropelamento - Usuário;;;;1;;;;;;;0;1;1;;
19/07/2019;08:04:00;70;com vítima;291,651;BR-101/RJ;Norte;Choque - Outros;1;;;;;;;;;;0;;1;;
19/07/2019;13:29:00;133;sem vítima;92,627;BR-101/RJ;Norte;Capotamento;1;;;;;;;;;;1;;;;
19/07/2019;14:15:00;143;sem vítima;92,637;BR-101/RJ;Norte;Choque - Defensa, barreira ou "submarino";1;;;;;;;;;;1;;;;
19/07/2019;15:48:00;158;sem vítima;297,368;BR-101/RJ;Sul;Colisão Lateral;2;;;;;;;;;;5;;;;
19/07/2019;19:15:00;210;sem vítima;296,035;BR-101/RJ;Norte;Engavetamento;1;;;;;1;;;;1;3;;;;
19/07/2019;21:34:00;228;sem vítima;126,713;BR-101/RJ;Sul;Colisão Traseira;;;1;;;;;;;1;3;;;;
19/07/2019;22:19:00;234;sem vítima;299,701;BR-101/RJ;Sul;Choque - Defensa, barreira ou "submarino";;;1;;;;;;;;1;;;;
19/07/2019;23:42:00;244;com vítima;73,5;BR-101/RJ;Norte;Colisão Traseira;;;;1;;1;;;;;1;;1;;
20/07/2019;01:44:00;20;sem vítima;273,532;BR-101/RJ;Sul;Choque - Objeto sobre a pista;1;;;;;;;;;;1;;;;
20/07/2019;01:53:00;21;sem vítima;273,532;BR-101/RJ;Sul;Choque - Objeto sobre a pista;1;;;;;;;;;;1;;;;
20/07/2019;01:55:00;23;sem vítima;273,532;BR-101/RJ;Sul;Choque - Objeto sobre a pista;1;;;;;;;;;;1;;;;
20/07/2019;01:55:00;24;sem vítima;273,532;BR-101/RJ;Sul;Choque - Objeto sobre a pista;1;;;;;;;;;;1;;;;
20/07/2019;02:23:00;28;sem vítima;273,532;BR-101/RJ;Sul;Choque - Objeto sobre a pista;1;;;;;;;;;;1;;;;
20/07/2019;02:46:00;29;sem vítima;273,532;BR-101/RJ;Sul;Choque - Objeto sobre a pista;;;1;;;;;;;;1;;;;
20/07/2019;03:02:00;31;com vítima;306,419;BR-101/RJ;Norte;Colisão Traseira;2;;;;;;;;;;4;1;;;
20/07/2019;05:09:00;38;sem vítima;145,174;BR-101/RJ;Norte;Choque - Defensa, barreira ou "submarino";1;;;;;;;;;;1;;;;
20/07/2019;05:41:00;40;com vítima;91,466;BR-101/RJ;Norte;Choque - Defensa, barreira ou "submarino";1;;;;;;;;;;0;2;;;
20/07/2019;06:49:00;56;sem vítima;92,9;BR-101/RJ;Norte;Choque - Elemento de Drenagem;1;;;;;;;;;;4;;;;
20/07/2019;09:34:00;87;com vítima;91,479;BR-101/RJ;Norte;Choque - Defensa, barreira ou "submarino";1;;;;;;;;;;1;1;;;
20/07/2019;10:29:00;95;com vítima;231,094;BR-101/RJ;Norte;Capotamento;1;;;;;;;;;;0;3;1;;
20/07/2019;11:03:00;106;com vítima;74,05;BR-101/RJ;Sul;Tombamento;;1;;;;;;;;;0;;1;;
20/07/2019;12:29:00;122;com vítima;297,5;BR-101/RJ;Sul;Colisão Traseira;1;;;;;;;;;1;2;1;;;
20/07/2019;13:38:00;140;com vítima;294,567;BR-101/RJ;Norte;Atropelamento - Usuário;;;;1;;;;;;;1;2;;;
20/07/2019;15:32:00;161;sem vítima;293,334;BR-101/RJ;Norte;Colisão Traseira;;;1;;;;;;;1;2;;;;
20/07/2019;18:35:00;198;sem vítima;138,5;BR-101/RJ;Sul;Choque - Defensa, barreira ou "submarino";1;;;;;;;;;;3;;;;
20/07/2019;19:11:00;203;sem vítima;118,074;BR-101/RJ;Norte;Colisão Frontal;2;;;;;;;;;;6;;;;
20/07/2019;19:16:00;207;com vítima;190,27;BR-101/RJ;Sul;Choque - Talude;1;;;;;;;;;;0;1;;;
20/07/2019;19:53:00;209;sem vítima;138,5;BR-101/RJ;Sul;Choque - Elemento de Drenagem;1;;;;;;;;;;2;;;;
21/07/2019;00:54:00;24;sem vítima;298,835;BR-101/RJ;Sul;Choque - Suporte de Sinalização;1;;;;;;;;;;3;;;;
21/07/2019;06:37:00;47;sem vítima;92,649;BR-101/RJ;Norte;Choque - Defensa, barreira ou "submarino";1;;;;;;;;;;1;;;;
21/07/2019;06:59:00;50;sem vítima;62,37;BR-101/RJ;Norte;Choque - Defensa, barreira ou "submarino";1;;;;;;;;;;1;;;;
21/07/2019;08:02:00;58;com vítima;263,699;BR-101/RJ;Sul;Colisão Traseira;1;;;;;1;;;;;1;1;;;
21/07/2019;16:22:00;133;sem vítima;292,55;BR-101/RJ;Sul;Engavetamento;3;;;;;;;;;;8;;;;
21/07/2019;17:35:00;152;com vítima;294,467;BR-101/RJ;Norte;Atropelamento - Usuário;1;;;;;;;;;;1;1;;;
21/07/2019;18:19:00;163;sem vítima;315,7;BR-101/RJ;Norte;Engavetamento;;;;;;2;;;;1;3;;;;
21/07/2019;19:53:00;185;sem vítima;303,128;BR-101/RJ;Norte;Choque - Defensa, barreira ou "submarino";1;;;;;;;;;;2;;;;
21/07/2019;20:29:00;188;sem vítima;264,928;BR-101/RJ;Sul;Choque - Elemento de Drenagem;1;;;;;;;;;;5;;;;
21/07/2019;20:34:00;189;sem vítima;304,5;BR-101/RJ;Sul;Colisão Traseira;2;;;;;;;;;;2;;;;
21/07/2019;20:52:00;193;com vítima;305,87;BR-101/RJ;Norte;Colisão Lateral;1;;;1;;;;;;;1;1;;;
21/07/2019;22:43:00;204;com vítima;304,197;BR-101/RJ;Sul;Colisão Traseira;2;;;;;;;;;;0;4;1;1;
22/07/2019;03:53:00;35;sem vítima;318,034;BR-101/RJ;Norte;Choque - Defensa, barreira ou "submarino";1;;;;;;;;;;2;;;;
22/07/2019;05:41:00;38;sem vítima;12,056;BR-101/RJ;Sul;Choque - Objeto sobre a pista;1;;;;;;;;;;1;;;;
22/07/2019;07:51:00;60;com vítima;197,116;BR-101/RJ;Sul;Colisão Traseira;2;;;;;;;;;;0;3;;;
22/07/2019;08:14:00;68;sem vítima;317,705;BR-101/RJ;Sul;Colisão Traseira;1;;;;;;;;;1;5;;;;
22/07/2019;08:40:00;73;com vítima;91,472;BR-101/RJ;Norte;Choque - Defensa, barreira ou "submarino";1;;;;;;;;;;0;2;;;
22/07/2019;10:07:00;97;sem vítima;42,526;BR-101/RJ;Sul;Choque - Defensa, barreira ou "submarino";1;;;;;1;;;;;2;;;;
22/07/2019;12:50:00;132;sem vítima;297,8;BR-101/RJ;Norte;Colisão Traseira;1;;;;;1;;;;;2;;;;
22/07/2019;17:37:00;199;sem vítima;305,706;BR-101/RJ;Norte;Engavetamento;1;;;;;2;;;;;3;;;;
22/07/2019;22:53:00;229;com vítima;320,5;BR-101/RJ;Sul;Tombamento;;;;1;;;;;;;0;;1;;