data;horario;n_da_ocorrencia;tipo_de_ocorrencia;km;trecho;sentido;tipo_de_acidente;automovel;bicicleta;caminhao;moto;onibus;outros;tracao_animal;transporte_de_cargas_especiais;trator_maquinas;utilitarios;ilesos;levemente_feridos;moderadamente_feridos;gravemente_feridos;mortos
23/07/2019;04:16:00;24;sem vítima;148,479;BR-101/RJ;Norte;Atropelamento de Animal;;;1;;;;;;;;1;;;;
23/07/2019;10:14:00;78;com vítima;278,432;BR-101/RJ;Norte;Queda;;;;;;;;;;;0;1;;;
23/07/2019;10:22:00;82;sem vítima;229;BR-101/RJ;Norte;Choque - Outros;1;;;;;;;;;;1;;;;
23/07/2019;13:45:00;130;sem vítima;297,616;BR-101/RJ;Norte;Engavetamento;2;;;;;1;;;;;3;;;;
23/07/2019;20:21:00;207;sem vítima;60,507;BR-101/RJ;Norte;Colisão Traseira;2;;;;;;;;;;3;;;;
23/07/2019;23:59:00;225;sem vítima;62,5;BR-101/RJ;Norte;Colisão Traseira;1;;;;;;;;;1;5;;;;
24/07/2019;10:17:00;78;sem vítima;319,197;BR-101/RJ;Sul;Colisão Traseira;1;;;;;;;;;1;2;;;;
24/07/2019;11:34:00;95;sem vítima;88,7;BR-101/RJ;Norte;Saida de Pista;1;;;;;;;;;;1;;;;
24/07/2019;16:40:00;161;sem vítima;222,001;BR-101/RJ;Sul;Choque - Defensa, barreira ou "submarino";;;1;;;;;;;;1;;;;
24/07/2019;18:15:00;180;com vítima;64,4;BR-101/RJ;Sul;Colisão Transversal;1;;;1;;;;;;;1;1;1;;
25/07/2019;02:19:00;28;com vítima;262,155;BR-101/RJ;Norte;Tombamento;;;;1;;;;;;;0;1;;;
25/07/2019;04:16:00;35;sem vítima;287,682;BR-101/RJ;Norte;Choque - Defensa, barreira ou "submarino";;;1;;;;;;;;1;;;;
25/07/2019;04:17:00;37;sem vítima;287,667;BR-101/RJ;Sul;Choque - Objeto sobre a pista;1;;;;;;;;;;1;;;;
25/07/2019;06:22:00;45;com vítima;310,084;BR-101/RJ;Sul;Tombamento;;;;1;;;;;;;0;2;;;
25/07/2019;17:08:00;202;com vítima;68,213;BR-101/RJ;Sul;Atropelamento - Ciclista;1;1;;;;;;;;;1;;;1;
25/07/2019;23:45:00;250;com vítima;234,101;BR-101/RJ;Sul;Colisão Traseira;;;2;;;;;;;;1;1;;;
26/07/2019;07:49:00;48;com vítima;320,5;BR-101/RJ;Sul;Engavetamento;;;1;2;;;;;;;1;3;;;
26/07/2019;10:22:00;78;sem vítima;192,4;BR-101/RJ;Sul;Colisão Traseira;2;;;;;;;;;;6;;;;
26/07/2019;12:47:00;99;com vítima;320,6;BR-101/RJ;Norte;Colisão Lateral;1;;;1;;;;;;;1;1;;;
26/07/2019;13:04:00;113;com vítima;320,6;BR-101/RJ;Norte;Choque - Outros;1;;;;;;;;;;0;1;1;;
26/07/2019;15:22:00;137;sem vítima;58,383;BR-101/RJ;Sul;Colisão Traseira;2;;;;;;;;;;2;;;;
26/07/2019;16:09:00;151;sem vítima;306,5;BR-101/RJ;Norte;Colisão Traseira;2;;;;;;;;;;3;;;;
26/07/2019;18:42:00;189;com vítima;55,7;BR-101/RJ;Norte;Colisão Transversal;2;;;;;;;;;;1;1;;;
26/07/2019;21:36:00;214;com vítima;302,873;BR-101/RJ;Sul;Colisão Lateral;;;;2;;;;;;;1;1;;;
26/07/2019;23:18:00;226;com vítima;292,622;BR-101/RJ;Norte;Colisão Traseira;1;;;;1;;;;;;4;2;;;
27/07/2019;04:05:00;23;com vítima;60,805;BR-101/RJ;Sul;Colisão Lateral;;;;1;;1;;;;;1;2;;;
27/07/2019;06:32:00;28;sem vítima;320,88;BR-101/RJ;Sul;Colisão Lateral;1;;1;;;;;;;;2;;;;
27/07/2019;12:07:00;87;com vítima;56,7;BR-101/RJ;Norte;Colisão Transversal;2;;;;;;;;;;0;2;;;
27/07/2019;22:25:00;211;sem vítima;277,558;BR-101/RJ;Norte;Choque - Outros;1;;;;;;;;;;1;;;;
28/07/2019;00:48:00;20;com vítima;70,1;BR-101/RJ;Sul;Colisão Frontal;2;;;;;;;;;;0;2;2;;1
28/07/2019;04:16:00;33;sem vítima;264,872;BR-101/RJ;Sul;Colisão Lateral;;;1;;1;;;;;;2;;;;
28/07/2019;04:51:00;34;com vítima;294,527;BR-101/RJ;Norte;Colisão Traseira;2;;;;;;;;;;1;1;;;
28/07/2019;09:50:00;63;com vítima;316,192;BR-101/RJ;Norte;Colisão Traseira;1;;;;;1;;;;;5;1;;;
28/07/2019;12:59:00;90;sem vítima;83,4;BR-101/RJ;Norte;Colisão Traseira;2;;;;;;;;;;2;;;;
28/07/2019;13:40:00;99;com vítima;207,556;BR-101/RJ;Sul;Colisão Transversal;1;;;1;;;;;;;5;;;1;
28/07/2019;14:29:00;108;sem vítima;282,573;BR-101/RJ;Sul;Colisão Traseira;1;;;;;1;;;;;5;;;;
28/07/2019;15:17:00;116;com vítima;244,16;BR-101/RJ;Sul;Colisão Transversal;1;;;1;;;;;;;1;1;;;
28/07/2019;15:59:00;125;sem vítima;299,7;BR-101/RJ;Sul;Colisão Lateral;1;;;;;1;;;;;2;;;;
28/07/2019;16:25:00;130;sem vítima;281,886;BR-101/RJ;Sul;Engavetamento;3;;;;;;;;;;12;;;;
28/07/2019;20:37:00;176;sem vítima;302,769;BR-101/RJ;Sul;Colisão Traseira;2;;;;;;;;;;2;;;;
28/07/2019;22:52:00;196;sem vítima;262,117;BR-101/RJ;Norte;Choque - Elemento de Drenagem;1;;;;;;;;;;1;;;;
28/07/2019;23:17:00;200;sem vítima;319,179;BR-101/RJ;Sul;Engavetamento;2;;;;;2;;;;;8;;;;
29/07/2019;09:09:00;75;com vítima;155,947;BR-101/RJ;Norte;Choque - Suporte de Sinalização;1;;;;;;;;;;2;2;;;
29/07/2019;09:31:00;83;com vítima;92,618;BR-101/RJ;Norte;Capotamento;1;;;;;;;;;;0;3;;;
29/07/2019;09:51:00;91;com vítima;320,14;BR-101/RJ;Sul;Tombamento;;;;1;;;;;;;0;1;;;
29/07/2019;10:48:00;106;sem vítima;297,391;BR-101/RJ;Norte;Colisão Lateral;1;;1;;;;;;;;4;;;;
29/07/2019;13:27:00;138;com vítima;286,5;BR-101/RJ;Sul;Engavetamento;1;;2;;;;;;;;2;2;;;
29/07/2019;13:34:00;140;sem vítima;55,868;BR-101/RJ;Norte;Colisão Traseira;2;;;;;;;;;;2;;;;
29/07/2019;13:48:00;143;sem vítima;191,845;BR-101/RJ;Sul;Choque - Defensa, barreira ou "submarino";1;;;;;2;;;;;3;;;;
29/07/2019;14:07:00;145;com vítima;229,6;BR-101/RJ;Norte;Capotamento;1;;;;;;;;;;4;1;;;
29/07/2019;17:05:00;176;sem vítima;65,645;BR-101/RJ;Sul;Colisão Lateral;1;;1;;;;;;;;5;;;;
29/07/2019;22:14:00;213;sem vítima;301,981;BR-101/RJ;Sul;Colisão Traseira;1;;;;;;;;;1;5;;;;
30/07/2019;04:20:00;31;sem vítima;90,651;BR-101/RJ;Sul;Colisão Traseira;2;;;;;;;;;;2;;;;
30/07/2019;07:50:00;54;com vítima;70,449;BR-101/RJ;Sul;Colisão Traseira;;;;1;;1;;;;;2;;1;;
30/07/2019;12:09:00;109;sem vítima;177,442;BR-101/RJ;Sul;Objeto lançado contra veículo;;;1;;;;;;;1;2;;;;
30/07/2019;15:46:00;137;com vítima;192,83;BR-101/RJ;Sul;Choque - Defensa, barreira ou "submarino";;;1;;;;;;;;0;1;;;
31/07/2019;00:01:00;15;sem vítima;256,367;BR-101/RJ;Sul;Choque - Objeto sobre a pista;1;;;;;;;;;;1;;;;
31/07/2019;06:02:00;41;com vítima;304,404;BR-101/RJ;Sul;Colisão Lateral;1;;;1;;;;;;;1;1;;;
31/07/2019;06:21:00;45;com vítima;297,913;BR-101/RJ;Sul;Colisão Frontal;1;1;;;;;;;;;1;;1;;
31/07/2019;07:40:00;57;sem vítima;306,035;BR-101/RJ;Sul;Colisão Traseira;1;;;;;;;;;;2;;;;
31/07/2019;07:57:00;63;com vítima;62,327;BR-101/RJ;Sul;Colisão Lateral;;;;1;;1;;;;;1;1;;;
31/07/2019;17:09:00;153;com vítima;317,302;BR-101/RJ;Sul;Tombamento;;;;1;;;;;;;1;1;;;
31/07/2019;19:46:00;175;com vítima;60,295;BR-101/RJ;Norte;Colisão Traseira;;;;1;;1;;;;;1;;1;;
01/09/2019;05:10:00;29;sem vítima;310,6;BR-101/RJ;Norte;Atropelamento de Animal;1;;;;;;;;;;4;;;;
01/09/2019;05:22:00;31;sem vítima;171,309;BR-101/RJ;Norte;Choque - Talude;1;;;;;;;;;;1;;;;
01/09/2019;05:10:00;34;sem vítima;310,6;BR-101/RJ;Norte;Atropelamento de Animal;1;;;;;;;;;;1;;;;
01/09/2019;09:39:00;69;com vítima;66,299;BR-101/RJ;Norte;Atropelamento - Usuário;;;;;;1;;;;;1;;;;1
01/09/2019;10:44:00;80;sem vítima;230,088;BR-101/RJ;Norte;Choque - Elemento de Drenagem;1;;;;;;;;;;2;;;;
01/09/2019;12:02:00;92;sem vítima;72,001;BR-101/RJ;Sul;Colisão Traseira;2;;;;;;;;;;7;;;;
01/09/2019;14:05:00;109;com vítima;92,776;BR-101/RJ;Norte;Capotamento;1;;;;;;;;;;0;2;;;
01/09/2019;17:23:00;144;com vítima;285,018;BR-101/RJ;Norte;Atropelamento de Animal;1;;;;;;;;;;0;2;;;
01/09/2019;17:36:00;148;sem vítima;295,018;BR-101/RJ;Sul;Colisão Traseira;;;;;1;1;;;;;2;;;;
01/09/2019;19:36:00;170;sem vítima;55,3;BR-101/RJ;Norte;Colisão Lateral;1;;1;;;;;;;;3;;;;
01/09/2019;23:15:00;217;com vítima;59,492;BR-101/RJ;Norte;Colisão Lateral;;;;1;1;;;;;;2;;1;;
02/09/2019;01:02:00;18;sem vítima;266,3;BR-101/RJ;Norte;Choque - Elemento de Drenagem;1;;;;;;;;;;1;;;;
02/09/2019;07:02:00;45;com vítima;235,961;BR-101/RJ;Norte;Colisão Traseira;;;2;;;;;;;;1;1;1;;
02/09/2019;07:03:00;46;sem vítima;75,538;BR-101/RJ;Norte;Colisão Lateral;;;1;;;1;;;;;2;;;;
02/09/2019;08:01:00;62;com vítima;318,912;BR-101/RJ;Sul;Tombamento;;;;1;;;;;;;0;1;;;
02/09/2019;11:07:00;107;sem vítima;318,002;BR-101/RJ;Sul;Colisão Traseira;1;;;;1;;;;;;3;;;;
02/09/2019;15:53:00;158;sem vítima;297,7;BR-101/RJ;Norte;Colisão Lateral;1;;1;;;;;;;;2;;;;
03/09/2019;00:24:00;14;sem vítima;293,279;BR-101/RJ;Sul;Colisão Transversal;1;;1;;;;;;;;3;;;;
03/09/2019;09:42:00;107;sem vítima;297,772;BR-101/RJ;Norte;Colisão Lateral;1;;1;;;;;;;;2;;;;
03/09/2019;10:17:00;119;com vítima;296,893;BR-101/RJ;Sul;Colisão Traseira;1;;;;;;;;;1;1;2;;;
03/09/2019;12:08:00;148;sem vítima;288,968;BR-101/RJ;Sul;Colisão Lateral;1;;;;;1;;;;;2;;;;
03/09/2019;12:11:00;149;com vítima;58,04;BR-101/RJ;Sul;Colisão Traseira;;;;1;;1;;;;;1;1;;;
03/09/2019;19:39:00;228;com vítima;266,007;BR-101/RJ;Norte;Colisão Frontal;1;;1;;;;;;;;1;;;1;
04/09/2019;05:35:00;30;sem vítima;301,698;BR-101/RJ;Norte;Colisão Traseira;;;2;;;;;;;;4;;;;
04/09/2019;05:40:00;32;sem vítima;301,589;BR-101/RJ;Norte;Choque - Objeto sobre a pista;1;;;;;;;;;;4;;;;
04/09/2019;15:45:00;153;sem vítima;312,449;BR-101/RJ;Norte;Engavetamento;4;;;;;;;;;;4;;;;
04/09/2019;17:13:00;167;sem vítima;61,4;BR-101/RJ;Sul;Engavetamento;3;;;;;;;;;;3;;;;
04/09/2019;18:45:00;184;sem vítima;265,089;BR-101/RJ;Sul;Choque - Elemento de Drenagem;1;;;;;;;;;;5;;;;
04/09/2019;21:14:00;208;sem vítima;67,1;BR-101/RJ;Norte;Colisão Lateral;1;;;;1;;;;;;3;;;;
05/09/2019;00:09:00;12;sem vítima;320,592;BR-101/RJ;Norte;Choque - Objeto sobre a pista;1;;;;;;;;;;1;;;;
05/09/2019;07:57:00;48;sem vítima;260,019;BR-101/RJ;Norte;Choque - Defensa, barreira ou "submarino";1;;;;;;;;;;2;;;;
05/09/2019;08:05:00;49;com vítima;320,616;BR-101/RJ;Sul;Colisão Traseira;1;;;1;;;;;;;1;1;;;
05/09/2019;09:19:00;77;sem vítima;314,487;BR-101/RJ;Sul;Colisão Traseira;1;;;;;1;;;;;2;;;;
05/09/2019;10:30:00;102;sem vítima;169,094;BR-101/RJ;Sul;Choque - Elemento de Drenagem;;;;;;;;;;1;2;;;;
05/09/2019;10:30:00;103;com vítima;234,1;BR-101/RJ;Norte;Choque - Elemento de Drenagem;1;;;;;;;;;;0;1;;;
05/09/2019;10:54:00;106;sem vítima;63,309;BR-101/RJ;Norte;Colisão Traseira;2;;;;;;;;;;2;;;;
05/09/2019;12:43:00;121;com vítima;82,951;BR-101/RJ;Norte;Capotamento;1;;;;;;;;;;0;;2;;1
05/09/2019;13:19:00;126;sem vítima;318,35;BR-101/RJ;Norte;Colisão Traseira;2;;;;;;;;;;3;;;;
05/09/2019;14:11:00;132;com vítima;110,32;BR-101/RJ;Sul;Choque - Defensa, barreira ou "submarino";;;1;;;;;;;;0;3;;;
05/09/2019;14:33:00;136;com vítima;299,679;BR-101/RJ;Sul;Colisão Traseira;2;;;;;;;;;;2;1;;;
05/09/2019;14:35:00;137;com vítima;87,573;BR-101/RJ;Norte;Choque - Defensa, barreira ou "submarino";1;;;;;;;;;;0;3;;;
05/09/2019;14:40:00;141;sem vítima;87,382;BR-101/RJ;Sul;Choque - Defensa, barreira ou "submarino";1;;;;;;;;;;1;;;;
05/09/2019;15:26:00;154;com vítima;224,182;BR-101/RJ;Norte;Choque - Arvore;1;;;;;;;;;;0;2;;;
05/09/2019;16:41:00;172;com vítima;294,26;BR-101/RJ;Norte;Tombamento;;;;1;;1;;;;;1;1;;;
05/09/2019;16:48:00;173;sem vítima;294,26;BR-101/RJ;Norte;Colisão Traseira;2;;;;;;;;;;6;;;;
05/09/2019;16:55:00;174;com vítima;294,26;BR-101/RJ;Norte;Colisão Traseira;2;;;;;;;;;;2;1;;;
05/09/2019;17:36:00;180;com vítima;61,179;BR-101/RJ;Norte;Colisão Transversal;1;;;1;;;;;;;1;1;;;
05/09/2019;18:06:00;189;sem vítima;266,894;BR-101/RJ;Sul;Choque - Elemento de Drenagem;1;;;;;;;;;;2;;;;
05/09/2019;18:29:00;194;sem vítima;134,5;BR-101/RJ;Sul;Colisão Frontal;;1;;1;;;;;;;2;;;;
05/09/2019;18:47:00;198;com vítima;299,5;BR-101/RJ;Norte;Engavetamento;3;;;;;;;;;;6;1;;;
05/09/2019;19:00:00;202;sem vítima;318,8;BR-101/RJ;Norte;Colisão Lateral;1;;;1;;;;;;;2;;;;
05/09/2019;19:33:00;209;sem vítima;299,7;BR-101/RJ;Sul;Atropelamento de Animal;1;;;;;;;;;;1;;;;
06/09/2019;03:12:00;24;sem vítima;308,846;BR-101/RJ;Norte;Choque - Defensa, barreira ou "submarino";1;;;;;;;;;;1;;;;
06/09/2019;03:57:00;27;sem vítima;235,145;BR-101/RJ;Sul;Choque - Arvore;1;;;;;;;;;;2;;;;
06/09/2019;05:49:00;31;sem vítima;318,373;BR-101/RJ;Sul;Choque - Defensa, barreira ou "submarino";1;;;;;;;;;;1;;;;
06/09/2019;07:08:00;38;sem vítima;190,338;BR-101/RJ;Norte;Choque - Defensa, barreira ou "submarino";1;;;;;;;;;;1;;;;
06/09/2019;07:09:00;40;sem vítima;143,85;BR-101/RJ;Sul;Choque - Defensa, barreira ou "submarino";1;;;;;;;;;;1;;;;
06/09/2019;09:42:00;84;sem vítima;309,901;BR-101/RJ;Norte;Colisão Traseira;2;;;;;;;;;;2;;;;
06/09/2019;11:10:00;102;sem vítima;81,901;BR-101/RJ;Norte;Choque - Defensa, barreira ou "submarino";1;;;;;;;;;;1;;;;
06/09/2019;12:27:00;119;sem vítima;297,663;BR-101/RJ;Sul;Colisão Lateral;1;;1;;;;;;;;3;;;;
06/09/2019;13:20:00;124;sem vítima;81,501;BR-101/RJ;Norte;Choque - Defensa, barreira ou "submarino";1;;;;;;;;;;1;;;;
06/09/2019;15:31:00;155;com vítima;287,992;BR-101/RJ;Sul;Colisão Traseira;1;;1;;;;;;;;2;1;;;
06/09/2019;15:38:00;159;sem vítima;180,25;BR-101/RJ;Sul;Choque - Defensa, barreira ou "submarino";1;;;;;;;;;;1;;;;
06/09/2019;16:05:00;169;sem vítima;277,39;BR-101/RJ;Sul;Colisão Traseira;1;;1;;;;;;;;2;;;;
06/09/2019;16:41:00;174;sem vítima;140,949;BR-101/RJ;Norte;Colisão Traseira;;;2;;;;;;;;4;;;;
06/09/2019;17:06:00;182;sem vítima;297,901;BR-101/RJ;Norte;Colisão Lateral;;;;;;1;;;;1;4;;;;
06/09/2019;17:17:00;185;com vítima;272,729;BR-101/RJ;Norte;Tombamento;;;;1;;;;;;;0;2;;;
06/09/2019;17:38:00;189;sem vítima;198,346;BR-101/RJ;Sul;Choque - Talude;1;;;;;;;;;;1;;;;
06/09/2019;19:05:00;209;sem vítima;196,442;BR-101/RJ;Norte;Colisão Lateral;1;;;;;1;;;;;2;;;;
06/09/2019;19:52:00;222;sem vítima;274,276;BR-101/RJ;Norte;Tombamento;;;;1;;;;;;;2;;;;
06/09/2019;21:06:00;239;sem vítima;264,865;BR-101/RJ;Sul;Choque - Elemento de Drenagem;1;;;;;;;;;;1;;;;
06/09/2019;22:01:00;247;sem vítima;26,65;BR-101/RJ;Norte;Choque - Elemento de Drenagem;1;;;;;;;;;;1;;;;
07/09/2019;00:47:00;15;sem vítima;193,001;BR-101/RJ;Sul;Atropelamento de Animal;1;;;;;;;;;;1;;;;
07/09/2019;01:36:00;19;sem vítima;282,511;BR-101/RJ;Sul;Colisão Traseira;;;2;;;;;;;;2;;;;
07/09/2019;03:09:00;24;sem vítima;302,666;BR-101/RJ;Sul;Choque - Defensa, barreira ou "submarino";1;;;;;;;;;;1;;;;
07/09/2019;05:10:00;35;com vítima;249,085;BR-101/RJ;Norte;Colisão Frontal;;1;;;;1;;;;;1;;;1;
07/09/2019;05:49:00;39;com vítima;101,224;BR-101/RJ;Norte;Objeto lançado contra veículo;;;1;;1;;;;;;33;2;;;
07/09/2019;07:59:00;52;sem vítima;246,5;BR-101/RJ;Sul;Choque - Arvore;1;;;;;;;;;;1;;;;
07/09/2019;08:10:00;55;sem vítima;269;BR-101/RJ;Norte;Engavetamento;4;;;;;;;;;;4;;;;
07/09/2019;08:46:00;62;com vítima;309,435;BR-101/RJ;Sul;Colisão Traseira;1;;;2;;;;;;;5;2;;;
07/09/2019;09:44:00;74;sem vítima;308,555;BR-101/RJ;Sul;Engavetamento;3;;;;;;;;;;3;;;;
07/09/2019;10:18:00;84;sem vítima;321,7;BR-101/RJ;Sul;Colisão Traseira;2;;;;;;;;;;3;;;;
07/09/2019;20:19:00;196;sem vítima;66,8;BR-101/RJ;Norte;Choque - Elemento de Drenagem;;;;;;;;;;1;1;;;;
07/09/2019;20:45:00;200;com vítima;261,82;BR-101/RJ;Sul;Tombamento;;;;1;;;;;;;0;1;;;
07/09/2019;22:40:00;208;com vítima;60,57;BR-101/RJ;Norte;Colisão Traseira;1;1;;;;;;;;;2;1;;;
08/09/2019;04:42:00;32;com vítima;294,121;BR-101/RJ;Sul;Tombamento;;;;1;;;;;;;0;1;;;1
08/09/2019;07:43:00;42;sem vítima;308,423;BR-101/RJ;Norte;Tombamento;;;;1;;;;;;;1;;;;
08/09/2019;09:45:00;56;com vítima;255,9;BR-101/RJ;Sul;Choque - Defensa, barreira ou "submarino";1;;;;;;;;;;0;3;;;
08/09/2019;12:09:00;74;sem vítima;63,029;BR-101/RJ;Sul;Colisão Traseira;2;;;;;;;;;;3;;;;
08/09/2019;12:46:00;81;com vítima;262,1;BR-101/RJ;Norte;Choque - Defensa, barreira ou "submarino";;;;1;;;;;;;0;;1;;
08/09/2019;13:06:00;87;sem vítima;262,5;BR-101/RJ;Norte;Engavetamento;3;;;;;;;;;;10;;;;
08/09/2019;18:40:00;166;com vítima;236,796;BR-101/RJ;Sul;Atropelamento - Outros;1;;;;;;;;;;5;;1;;
09/09/2019;02:11:00;34;sem vítima;276,201;BR-101/RJ;Norte;Choque - Defensa, barreira ou "submarino";1;;;;;;;;;;1;;;;
09/09/2019;16:44:00;200;sem vítima;111,703;BR-101/RJ;Norte;Colisão Traseira;2;;;;;;;;;;2;;;;
09/09/2019;18:17:00;208;com vítima;282,277;BR-101/RJ;Norte;Colisão Frontal;;1;;1;;;;;;;1;1;;;
10/09/2019;06:40:00;37;com vítima;61,174;BR-101/RJ;Norte;Colisão Transversal;2;;;;;;;;;;0;;2;;
10/09/2019;12:14:00;118;sem vítima;140,3;BR-101/RJ;Sul;Choque - Defensa, barreira ou "submarino";1;;;;;;;;;;1;;;;
10/09/2019;13:37:00;142;com vítima;87,585;BR-101/RJ;Norte;Choque - Defensa, barreira ou "submarino";1;;;;;;;;;;0;;1;;
10/09/2019;19:36:00;225;com vítima;293,976;BR-101/RJ;Sul;Tombamento;;;;1;;;;;;;0;1;;;
10/09/2019;19:45:00;228;com vítima;272,444;BR-101/RJ;Norte;Tombamento;;;;1;;;;;;;0;2;;;
11/09/2019;07:46:00;54;com vítima;97,328;BR-101/RJ;Sul;Choque - Defensa, barreira ou "submarino";1;;;;;;;;;;2;1;;;
11/09/2019;08:01:00;60;sem vítima;316,834;BR-101/RJ;Sul;Engavetamento;3;;;;;;;;;;5;;;;
11/09/2019;14:31:00;129;sem vítima;241,083;BR-101/RJ;Norte;Colisão Traseira;;;;;;1;;;;1;3;;;;
11/09/2019;14:38:00;131;sem vítima;125,03;BR-101/RJ;Norte;Objeto lançado contra veículo;1;;;;;1;;;;;2;;;;
11/09/2019;15:16:00;146;com vítima;58,388;BR-101/RJ;Norte;Colisão Transversal;1;;;1;;;;;;;2;2;;;
11/09/2019;16:10:00;154;sem vítima;296,5;BR-101/RJ;Norte;Colisão Traseira;2;;;;;;;;;;2;;;;
11/09/2019;19:27:00;186;com vítima;205,644;BR-101/RJ;Norte;Tombamento;;;;1;;;;;;;0;1;;;
12/09/2019;07:42:00;51;sem vítima;317,953;BR-101/RJ;Sul;Colisão Traseira;;;1;;1;;;;;;2;;;;
12/09/2019;08:05:00;56;sem vítima;306,676;BR-101/RJ;Sul;Colisão Traseira;1;;;;1;;;;;;2;;;;
12/09/2019;14:32:00;177;sem vítima;288,059;BR-101/RJ;Norte;Colisão Lateral;1;;1;;;;;;;;6;;;;
12/09/2019;14:58:00;182;com vítima;84,312;BR-101/RJ;Norte;Capotamento;1;;;;;;;;;;3;1;;;
12/09/2019;18:20:00;227;sem vítima;316,326;BR-101/RJ;Norte;Engavetamento;4;;;;;;;;;;8;;;;
13/09/2019;01:03:00;14;com vítima;286,351;BR-101/RJ;Norte;Atropelamento de Animal;;;;;;;;;;1;2;1;;;
13/09/2019;12:35:00;108;com vítima;294,5;BR-101/RJ;Sul;Colisão Traseira;1;;;1;;;;;;;3;1;;;
13/09/2019;14:43:00;131;com vítima;56,704;BR-101/RJ;Sul;Tombamento;;;;1;;;;;;;0;2;;;
13/09/2019;16:18:00;148;sem vítima;161,023;BR-101/RJ;Sul;Colisão Lateral;2;;;;;;;;;;3;;;;
13/09/2019;17:28:00;159;sem vítima;317,157;BR-101/RJ;Norte;Engavetamento;3;;;;;;;;;;4;;;;
13/09/2019;21:18:00;204;sem vítima;133,6;BR-101/RJ;Norte;Choque - Defensa, barreira ou "submarino";1;;;;;;;;;;1;;;;
14/09/2019;02:15:00;30;com vítima;296,351;BR-101/RJ;Norte;Choque - Defensa, barreira ou "submarino";;;;1;;;;;;;0;;1;1;
14/09/2019;06:34:00;48;sem vítima;306,734;BR-101/RJ;Norte;Colisão Traseira;2;;;;;;;;;;2;;;;
14/09/2019;09:06:00;72;sem vítima;278,9;BR-101/RJ;Sul;Colisão Traseira;2;;;;;;;;;;2;;;;
14/09/2019;09:18:00;73;com vítima;295,245;BR-101/RJ;Sul;Colisão Traseira;;;2;;;;;;;;1;1;;;
14/09/2019;10:21:00;80;sem vítima;145,481;BR-101/RJ;Norte;Capotamento;1;;;;;;;;;;1;;;;
14/09/2019;10:49:00;88;com vítima;240,166;BR-101/RJ;Sul;Colisão Lateral;1;;;1;;;;;;;2;1;;;
14/09/2019;11:25:00;92;sem vítima;297,5;BR-101/RJ;Norte;Colisão Traseira;1;;1;;;;;;;;3;;;;
14/09/2019;13:00:00;114;sem vítima;296,7;BR-101/RJ;Norte;Colisão Frontal;2;;;;;;;;;;5;;;;
14/09/2019;17:54:00;161;sem vítima;297,899;BR-101/RJ;Sul;Colisão Lateral;1;;1;;;;;;;;3;;;;
14/09/2019;20:03:00;178;sem vítima;312,301;BR-101/RJ;Norte;Colisão Lateral;2;;;;;;;;;;5;;;;
14/09/2019;21:00:00;182;sem vítima;266,5;BR-101/RJ;Norte;Choque - Elemento de Drenagem;1;;;;;;;;;;1;;;;
15/09/2019;00:06:00;12;sem vítima;309,436;BR-101/RJ;Sul;Colisão Traseira;2;;;;;;;;;;3;;;;
15/09/2019;01:22:00;15;sem vítima;133,132;BR-101/RJ;Sul;Atropelamento de Animal;;;1;;;;;;;;1;;;;
15/09/2019;02:13:00;19;sem vítima;228,58;BR-101/RJ;Norte;Choque - Defensa, barreira ou "submarino";1;;;;;;;;;;1;;;;
15/09/2019;02:25:00;20;sem vítima;267,458;BR-101/RJ;Sul;Choque - Outros;1;;;;;;;;;;1;;;;
15/09/2019;06:05:00;28;com vítima;228,48;BR-101/RJ;Sul;Choque - Defensa, barreira ou "submarino";1;;;;;;;;;;1;1;;;
15/09/2019;08:13:00;41;sem vítima;169,95;BR-101/RJ;Sul;Choque - Defensa, barreira ou "submarino";1;;;;;;;;;;1;;;;
15/09/2019;08:16:00;42;com vítima;297,321;BR-101/RJ;Sul;Colisão Traseira;2;;;;;;;;;;1;1;;;
15/09/2019;09:37:00;53;sem vítima;298,578;BR-101/RJ;Sul;Colisão Traseira;1;;1;;;;;;;;2;;;;
15/09/2019;11:42:00;70;sem vítima;215,1;BR-101/RJ;Norte;Tombamento;;;;1;;;;;;;1;;;;
15/09/2019;14:16:00;90;sem vítima;314,545;BR-101/RJ;Norte;Choque - Outros;1;;;;;;;;;;1;;;;
15/09/2019;17:10:00;123;com vítima;67,753;BR-101/RJ;Norte;Engavetamento;2;;;;;;;;;1;4;2;;;
15/09/2019;23:15:00;179;sem vítima;273,753;BR-101/RJ;Sul;Colisão Traseira;1;;;;;1;;;;;2;;;;
16/09/2019;06:06:00;31;com vítima;273,662;BR-101/RJ;Sul;Colisão Traseira;;;;1;1;1;;;;;2;;;;1
16/09/2019;07:20:00;43;sem vítima;114,8;BR-101/RJ;Norte;Choque - Defensa, barreira ou "submarino";1;;;;;;;;;;1;;;;
16/09/2019;08:19:00;54;com vítima;318,925;BR-101/RJ;Sul;Colisão Lateral;1;;;;1;;;;;;1;;;1;