data;horario;n_da_ocorrencia;tipo_de_ocorrencia;km;trecho;sentido;tipo_de_acidente;automovel;bicicleta;caminhao;moto;onibus;outros;tracao_animal;transporte_de_cargas_especiais;trator_maquinas;utilitarios;ilesos;levemente_feridos;moderadamente_feridos;gravemente_feridos;mortos
16/09/2019;09:43:00;83;sem vítima;148,479;BR-101/RJ;Sul;Colisão Traseira;1;;;;;;;;;1;8;;;;
16/09/2019;10:55:00;102;sem vítima;193,066;BR-101/RJ;Norte;Colisão Traseira;2;;;;;;;;;;2;;;;
17/09/2019;03:51:00;25;sem vítima;221,7;BR-101/RJ;Sul;Choque - Objeto sobre a pista;1;;;;;;;;;;1;;;;
17/09/2019;06:36:00;43;sem vítima;313,5;BR-101/RJ;Sul;Colisão Traseira;2;;;;;;;;;;2;;;;
17/09/2019;14:44:00;169;com vítima;63,641;BR-101/RJ;Norte;Colisão Traseira;1;;1;;;;;;;;2;2;;;
17/09/2019;17:36:00;198;com vítima;309,827;BR-101/RJ;Norte;Colisão Transversal;1;1;;;;;;;;;1;;1;;
17/09/2019;19:29:00;209;sem vítima;33,071;BR-101/RJ;Sul;Outros;;;1;;;;;;;;3;;;;
18/09/2019;08:31:00;64;sem vítima;318,5;BR-101/RJ;Sul;Engavetamento;1;;;;;1;;;;1;4;;;;
18/09/2019;10:07:00;91;com vítima;48,618;BR-101/RJ;Norte;Colisão Lateral;1;;;1;;;;;;;2;1;;;
18/09/2019;10:20:00;96;sem vítima;219,2;BR-101/RJ;Sul;Colisão Traseira;;;2;;;;;;;;2;;;;
18/09/2019;17:49:00;218;sem vítima;228,5;BR-101/RJ;Sul;Choque - Objeto sobre a pista;1;;;;;;;;;;1;;;;
18/09/2019;19:05:00;224;sem vítima;209,696;BR-101/RJ;Norte;Colisão Traseira;1;;;;;1;;;;;3;;;;
18/09/2019;20:35:00;234;com vítima;226,858;BR-101/RJ;Norte;Colisão Traseira;;;2;;;;;;;;1;1;;;
19/09/2019;09:28:00;95;sem vítima;284,78;BR-101/RJ;Sul;Choque - Defensa, barreira ou "submarino";1;;;;;;;;;;1;;;;
19/09/2019;11:32:00;132;sem vítima;288,277;BR-101/RJ;Sul;Colisão Traseira;;;2;;;1;;;;;3;;;;
19/09/2019;12:47:00;156;com vítima;320,089;BR-101/RJ;Norte;Colisão Traseira;1;;;1;;;;;;;1;1;;;
19/09/2019;15:25:00;191;sem vítima;308,9;BR-101/RJ;Norte;Colisão Traseira;1;;;;;1;;;;;2;;;;
19/09/2019;18:43:00;239;sem vítima;294,474;BR-101/RJ;Sul;Colisão Lateral;1;;1;;;;;;;;4;;;;
19/09/2019;19:14:00;243;com vítima;307,953;BR-101/RJ;Norte;Engavetamento;2;;;;;;;;;1;4;1;;;
20/09/2019;00:38:00;17;sem vítima;162,15;BR-101/RJ;Norte;Choque - Objeto sobre a pista;1;;;;;;;;;;2;;;;
20/09/2019;01:37:00;22;sem vítima;297,481;BR-101/RJ;Sul;Choque - Defensa, barreira ou "submarino";;;1;;;;;;;;1;;;;
20/09/2019;02:52:00;28;sem vítima;264,923;BR-101/RJ;Sul;Choque - Elemento de Drenagem;1;;;;;;;;;;2;;;;
20/09/2019;03:15:00;30;com vítima;266,956;BR-101/RJ;Sul;Colisão Frontal;;;1;1;;;;;;;1;;;;1
20/09/2019;03:59:00;32;sem vítima;215,601;BR-101/RJ;Norte;Choque - Defensa, barreira ou "submarino";;;1;;;;;;;;1;;;;
20/09/2019;06:35:00;44;sem vítima;136,001;BR-101/RJ;Sul;Outros;;;;;;1;;;;;1;;;;
20/09/2019;09:06:00;81;com vítima;18,8;BR-101/RJ;Norte;Colisão Traseira;1;;;;;1;;;;;1;1;;;
20/09/2019;12:01:00;136;sem vítima;294,398;BR-101/RJ;Norte;Engavetamento;3;;;;;1;;;;;4;;;;
20/09/2019;23:28:00;258;com vítima;309,581;BR-101/RJ;Norte;Outros - Sequência;2;;;;;1;;;;;3;1;;;
21/09/2019;03:30:00;25;sem vítima;125,75;BR-101/RJ;Norte;Choque - Elemento de Drenagem;1;;;;;;;;;;1;;;;
21/09/2019;05:40:00;35;com vítima;12,438;BR-101/RJ;Norte;Choque - Defensa, barreira ou "submarino";;;;1;;;;;;;0;1;;;
21/09/2019;06:34:00;38;sem vítima;308,264;BR-101/RJ;Norte;Choque - Defensa, barreira ou "submarino";1;;;;;;;;;;1;;;;
21/09/2019;06:47:00;41;sem vítima;62,132;BR-101/RJ;Sul;Colisão Traseira;2;;;;;;;;;;2;;;;
21/09/2019;07:43:00;57;com vítima;60,725;BR-101/RJ;Norte;Colisão Traseira;1;;;1;;;;;;;2;1;1;;
21/09/2019;16:48:00;134;sem vítima;269,153;BR-101/RJ;Sul;Choque - Elemento de Drenagem;1;;;;;;;;;;2;;;;
21/09/2019;20:55:00;166;sem vítima;277,457;BR-101/RJ;Norte;Choque - Elemento de Drenagem;1;;;;;1;;;;;2;;;;
21/09/2019;21:20:00;171;com vítima;198,382;BR-101/RJ;Norte;Capotamento;1;;;;;;;;;;0;2;;;
21/09/2019;23:10:00;179;sem vítima;24,12;BR-101/RJ;Sul;Choque - Defensa, barreira ou "submarino";;;1;;;;;;;;1;;;;
22/09/2019;02:27:00;25;sem vítima;295,084;BR-101/RJ;Sul;Choque - Defensa, barreira ou "submarino";1;;;;;;;;;;1;;;;
22/09/2019;05:12:00;35;com vítima;198,36;BR-101/RJ;Sul;Choque - Elemento de Drenagem;1;;;;;;;;;;0;1;;;
22/09/2019;10:36:00;69;com vítima;190,253;BR-101/RJ;Sul;Choque - Talude;1;;;;;;;;;;0;2;;;
22/09/2019;17:12:00;125;com vítima;169,104;BR-101/RJ;Sul;Capotamento;1;;;;;;;;;;2;1;;1;
22/09/2019;18:04:00;133;com vítima;297,739;BR-101/RJ;Norte;Colisão Traseira;2;;;;;;;;;;4;1;;;
22/09/2019;18:16:00;139;sem vítima;266,4;BR-101/RJ;Sul;Colisão Traseira;1;;;;;1;;;;;2;;;;
22/09/2019;20:18:00;159;sem vítima;233,242;BR-101/RJ;Norte;Choque - Talude;1;;;;;;;;;;5;;;;
22/09/2019;20:40:00;163;sem vítima;313,522;BR-101/RJ;Norte;Choque - Elemento de Drenagem;1;;;;;;;;;;2;;;;
22/09/2019;20:46:00;166;sem vítima;299,7;BR-101/RJ;Sul;Colisão Lateral;1;;1;;;;;;;;2;;;;
22/09/2019;20:51:00;167;sem vítima;321,768;BR-101/RJ;Sul;Colisão Traseira;2;;;;;;;;;;3;;;;
22/09/2019;20:58:00;170;sem vítima;63,309;BR-101/RJ;Norte;Colisão Transversal;2;;;;;;;;;;6;;;;
22/09/2019;21:02:00;171;sem vítima;314,5;BR-101/RJ;Sul;Saida de Pista;;;1;;;;;;;;1;;;;
22/09/2019;23:55:00;193;sem vítima;87,508;BR-101/RJ;Norte;Choque - Defensa, barreira ou "submarino";1;;;;;;;;;;1;;;;
23/09/2019;01:27:00;13;sem vítima;313,718;BR-101/RJ;Norte;Choque - Elemento de Drenagem;1;;;;;;;;;;1;;;;
23/09/2019;07:05:00;37;sem vítima;209,901;BR-101/RJ;Norte;Colisão Traseira;2;;;;;;;;;;3;;;;
23/09/2019;12:01:00;103;sem vítima;307,406;BR-101/RJ;Norte;Colisão Traseira;2;;;;;;;;;;2;;;;
23/09/2019;14:58:00;132;com vítima;248,604;BR-101/RJ;Norte;Choque - Defensa, barreira ou "submarino";1;;;;;;;;;;1;2;;;
23/09/2019;17:47:00;163;sem vítima;303,752;BR-101/RJ;Norte;Choque - Defensa, barreira ou "submarino";1;;;;;;;;;;1;;;;
23/09/2019;19:52:00;178;com vítima;310,955;BR-101/RJ;Sul;Colisão Traseira;1;;;;;;;;;1;1;5;;;
23/09/2019;20:02:00;181;com vítima;311,171;BR-101/RJ;Norte;Tombamento;;;;1;;;;;;;0;1;;;
23/09/2019;20:49:00;188;sem vítima;311,978;BR-101/RJ;Sul;Colisão Traseira;1;;;;;1;;;;;2;;;;
23/09/2019;22:35:00;197;sem vítima;13,075;BR-101/RJ;Norte;Colisão Traseira;2;;;;;;;;;;5;;;;
24/09/2019;14:32:00;142;sem vítima;305,048;BR-101/RJ;Norte;Choque - Defensa, barreira ou "submarino";1;;;;;;;;;;3;;;;
24/09/2019;20:07:00;196;sem vítima;144,25;BR-101/RJ;Norte;Choque - Outros;1;;;;;;;;;;1;;;;
25/09/2019;08:12:00;62;com vítima;315,46;BR-101/RJ;Sul;Tombamento;;;;1;;;;;;;0;2;;;
25/09/2019;12:12:00;122;com vítima;77,85;BR-101/RJ;Sul;Tombamento;;;;1;;;;;;;0;2;;;
25/09/2019;13:05:00;134;com vítima;297,454;BR-101/RJ;Sul;Atropelamento - Ciclista;;1;;;1;;;;;;0;1;;;1
25/09/2019;21:21:00;201;sem vítima;252,89;BR-101/RJ;Norte;Choque - Suporte de Sinalização;;;1;;;;;;;;1;;;;
25/09/2019;23:54:00;213;sem vítima;158,2;BR-101/RJ;Norte;Saida de Pista;;;1;;;;;;;;1;;;;
26/09/2019;06:18:00;27;com vítima;198,5;BR-101/RJ;Sul;Capotamento;1;;;;;;;;;;0;1;;;
26/09/2019;06:31:00;28;sem vítima;269,085;BR-101/RJ;Sul;Choque - Elemento de Drenagem;;;1;;;1;;;;;2;;;;
26/09/2019;10:18:00;67;sem vítima;166,782;BR-101/RJ;Norte;Colisão Lateral;;;2;;;;;;;;2;;;;
26/09/2019;12:08:00;84;com vítima;67,443;BR-101/RJ;Sul;Colisão Transversal;1;;1;;;;;;;;0;2;;;
26/09/2019;13:34:00;100;sem vítima;290,001;BR-101/RJ;Norte;Colisão Traseira;2;;;;;1;;;;;3;;;;
26/09/2019;13:43:00;103;com vítima;87,05;BR-101/RJ;Sul;Choque - Defensa, barreira ou "submarino";1;;;;;;;;;;0;2;;;
26/09/2019;14:41:00;113;com vítima;281,054;BR-101/RJ;Norte;Choque - Outros;;;1;;;;;;;;0;1;;;
26/09/2019;15:10:00;118;sem vítima;4,4;BR-101/RJ;Sul;Choque - Elemento de Drenagem;1;;;;;;;;;;2;;;;
26/09/2019;15:43:00;122;sem vítima;297,906;BR-101/RJ;Norte;Colisão Lateral;;;2;;;;;;;;2;;;;
26/09/2019;17:07:00;136;sem vítima;283,757;BR-101/RJ;Norte;Colisão Frontal;1;;1;;;;;;;;2;;;;
26/09/2019;19:30:00;157;com vítima;227,8;BR-101/RJ;Sul;Choque - Defensa, barreira ou "submarino";1;;;;;;;;;;1;2;;;
26/09/2019;22:25:00;171;sem vítima;208,35;BR-101/RJ;Norte;Saida de Pista;1;;;;;;;;;;1;;;;
26/09/2019;23:38:00;190;sem vítima;76,85;BR-101/RJ;Sul;Choque - Objeto sobre a pista;1;;;;;;;;;;7;;;;
27/09/2019;07:46:00;56;com vítima;195,28;BR-101/RJ;Sul;Choque - Defensa, barreira ou "submarino";;;;;;;;;;1;0;3;1;;
27/09/2019;08:51:00;75;com vítima;100,2;BR-101/RJ;Norte;Choque - Defensa, barreira ou "submarino";1;;;;;;;;;;0;2;;;
27/09/2019;13:56:00;145;com vítima;283,779;BR-101/RJ;Norte;Colisão Frontal;2;;;;;;;;;;5;3;;;
27/09/2019;14:24:00;148;com vítima;321,669;BR-101/RJ;Sul;Colisão Lateral;;;;1;1;;;;;;1;;1;;
27/09/2019;19:47:00;213;sem vítima;231,911;BR-101/RJ;Norte;Tombamento;;;;1;;;;;;;1;;;;
27/09/2019;20:23:00;216;com vítima;297,3;BR-101/RJ;Sul;Tombamento;;;;1;;;;;;;0;1;;;
27/09/2019;23:39:00;239;com vítima;306,162;BR-101/RJ;Sul;Choque - Elemento de Drenagem;1;;;;;;;;;;0;;;1;
28/09/2019;10:18:00;70;sem vítima;122,9;BR-101/RJ;Norte;Colisão Traseira;2;;;;;;;;;;4;;;;
28/09/2019;11:58:00;84;sem vítima;196,6;BR-101/RJ;Sul;Capotamento;1;;;;;;;;;;1;;;;
28/09/2019;12:16:00;86;sem vítima;318,35;BR-101/RJ;Sul;Colisão Traseira;1;;;;;;;;;1;2;;;;
28/09/2019;12:45:00;89;sem vítima;314,3;BR-101/RJ;Sul;Atropelamento de Animal;;;;;;;;;;1;1;;;;
28/09/2019;13:35:00;97;com vítima;121,555;BR-101/RJ;Sul;Capotamento;1;;;;;;;;;;0;1;;;
28/09/2019;16:57:00;137;com vítima;54,897;BR-101/RJ;Norte;Atropelamento de Animal;;;;1;;;;;;;0;1;;;
28/09/2019;18:00:00;150;sem vítima;231,042;BR-101/RJ;Sul;Choque - Elemento de Drenagem;1;;;;;;;;;;1;;;;
28/09/2019;18:23:00;152;sem vítima;293,426;BR-101/RJ;Norte;Choque - Elemento de Drenagem;1;;;;;;;;;;2;;;;
28/09/2019;21:04:00;171;sem vítima;314,5;BR-101/RJ;Norte;Choque - Outros;1;;;;;;;;;;1;;;;
29/09/2019;03:47:00;21;sem vítima;297,484;BR-101/RJ;Norte;Choque - Outros;;;1;;;;;;;;1;;;;
29/09/2019;06:31:00;32;sem vítima;284,3;BR-101/RJ;Norte;Choque - Defensa, barreira ou "submarino";1;;;;;;;;;;1;;;;
29/09/2019;11:40:00;79;sem vítima;210,001;BR-101/RJ;Norte;Choque - Defensa, barreira ou "submarino";;;1;;;;;;;;1;;;;
29/09/2019;13:35:00;93;sem vítima;297,907;BR-101/RJ;Sul;Choque - Elemento de Drenagem;1;;;;;;;;;;5;;;;
29/09/2019;14:43:00;111;com vítima;261,566;BR-101/RJ;Norte;Choque - Defensa, barreira ou "submarino";2;;;;;;;;;;3;1;;;
29/09/2019;15:08:00;116;com vítima;86,2;BR-101/RJ;Sul;Choque - Defensa, barreira ou "submarino";;;;1;;;;;;;0;;1;;
29/09/2019;17:38:00;148;sem vítima;267,2;BR-101/RJ;Sul;Choque - Suporte de Sinalização;1;;;;;;;;;;1;;;;
29/09/2019;18:28:00;157;sem vítima;308,254;BR-101/RJ;Norte;Atropelamento de Animal;1;;;;;;;;;;1;;;;
29/09/2019;20:30:00;167;com vítima;293,3;BR-101/RJ;Norte;Colisão Traseira;1;;;;;1;;;;;5;1;;;
29/09/2019;21:00:00;170;com vítima;65,949;BR-101/RJ;Sul;Colisão Lateral;1;;;;;1;;;;;5;1;;;
29/09/2019;21:25:00;174;sem vítima;310,9;BR-101/RJ;Sul;Engavetamento;4;;;;;;;;;;5;;;;
29/09/2019;21:47:00;177;com vítima;67,615;BR-101/RJ;Sul;Tombamento;;1;;;;;;;;;0;1;;;
29/09/2019;21:53:00;179;com vítima;310,6;BR-101/RJ;Sul;Colisão Traseira;1;;;;;;;;;1;2;1;1;;
30/09/2019;05:47:00;33;com vítima;87,528;BR-101/RJ;Norte;Choque - Elemento de Drenagem;1;;;;;;;;;;1;2;;;
30/09/2019;08:11:00;62;sem vítima;229,8;BR-101/RJ;Sul;Choque - Defensa, barreira ou "submarino";1;;;;;;;;;;1;;;;
30/09/2019;08:48:00;77;com vítima;4,8;BR-101/RJ;Sul;Choque - Outros;1;;;;;;;;;;0;1;;;
30/09/2019;10:05:00;94;sem vítima;99,678;BR-101/RJ;Norte;Choque - Defensa, barreira ou "submarino";1;;;;;;;;;;3;;;;
30/09/2019;11:54:00;112;sem vítima;199,75;BR-101/RJ;Sul;Choque - Talude;1;;;;;;;;;;2;;;;
30/09/2019;16:04:00;151;com vítima;135,038;BR-101/RJ;Sul;Choque - Elemento de Drenagem;1;;;;;;;;;;0;1;;;
30/09/2019;16:52:00;158;sem vítima;111,005;BR-101/RJ;Sul;Atropelamento de Animal;1;;;;;;;;;;1;;;;
30/09/2019;19:50:00;188;com vítima;154,2;BR-101/RJ;Sul;Colisão Traseira;1;;1;;;;;;;;2;1;;;
30/09/2019;20:40:00;199;sem vítima;170,68;BR-101/RJ;Norte;Choque - Elemento de Drenagem;1;;;;;;;;;;2;;;;
30/09/2019;22:35:00;209;sem vítima;218,485;BR-101/RJ;Sul;Choque - Objeto sobre a pista;1;;;;;;;;;;1;;;;
30/09/2019;23:54:00;219;sem vítima;319,801;BR-101/RJ;Sul;Choque - Defensa, barreira ou "submarino";2;;;;;;;;;;2;;;;
01/05/2019;03:12:00;24;sem vítima;318,059;BR-101/RJ;Sul;Capotamento;1;;;;;;;;;;2;;;;
01/05/2019;04:10:00;29;sem vítima;304,993;BR-101/RJ;Sul;Choque - Elemento de Drenagem;1;;;;;;;;;;3;;;;
01/05/2019;04:59:00;34;sem vítima;231,692;BR-101/RJ;Sul;Atropelamento de Animal;1;;;;;;;;;;1;;;;
01/05/2019;05:40:00;36;sem vítima;314,44;BR-101/RJ;Sul;Colisão Traseira;1;;;;;1;;;;;2;;;;
01/05/2019;05:56:00;38;sem vítima;293,33;BR-101/RJ;Norte;Choque - Defensa, barreira ou "submarino";1;;;;;;;;;;2;;;;
01/05/2019;07:51:00;52;com vítima;257,74;BR-101/RJ;Sul;Capotamento;1;;;;;;;;;;2;1;;;
01/05/2019;17:11:00;143;com vítima;309,696;BR-101/RJ;Sul;Colisão Traseira;2;;;;;;;;;;6;1;;;
01/05/2019;20:11:00;164;sem vítima;309,44;BR-101/RJ;Sul;Engavetamento;4;;;;;;;;;;4;;;;
01/05/2019;21:46:00;174;com vítima;320,007;BR-101/RJ;Sul;Tombamento;;;;1;;;;;;;0;1;;;
02/05/2019;05:22:00;26;com vítima;271,142;BR-101/RJ;Sul;Choque - Elemento de Drenagem;1;;;;;;;;;;0;1;;;
02/05/2019;06:23:00;33;com vítima;96,395;BR-101/RJ;Sul;Choque - Talude;1;;;;;;;;;;0;1;;;
02/05/2019;08:06:00;53;sem vítima;314,933;BR-101/RJ;Sul;Colisão Traseira;1;;;;1;;;;;;2;;;;
02/05/2019;13:50:00;118;sem vítima;141,521;BR-101/RJ;Sul;Choque - Defensa, barreira ou "submarino";1;;;;;;;;;;1;;;;
02/05/2019;15:51:00;134;com vítima;297,2;BR-101/RJ;Sul;Colisão Traseira;1;;;;;1;;;;;2;1;;;
02/05/2019;18:07:00;159;com vítima;316,9;BR-101/RJ;Norte;Colisão Traseira;;;;1;;1;;;;;1;2;;;
02/05/2019;19:00:00;163;sem vítima;226,557;BR-101/RJ;Norte;Saida de Pista;;;2;;;;;;;;4;;;;
03/05/2019;03:30:00;30;sem vítima;156,139;BR-101/RJ;Sul;Atropelamento de Animal;1;;;;;;;;;;1;;;;
03/05/2019;07:11:00;53;sem vítima;80,641;BR-101/RJ;Norte;Colisão Lateral;2;;;;;;;;;;6;;;;
03/05/2019;07:45:00;67;com vítima;319,608;BR-101/RJ;Sul;Colisão Lateral;1;;;1;;;;;;;2;1;;;
03/05/2019;10:27:00;118;com vítima;71,376;BR-101/RJ;Norte;Colisão Frontal;1;;1;;;;;;;;0;1;;1;
03/05/2019;14:15:00;155;sem vítima;301,118;BR-101/RJ;Norte;Choque - Defensa, barreira ou "submarino";1;;;;;;;;;;2;;;;
03/05/2019;18:43:00;216;com vítima;304,801;BR-101/RJ;Sul;Colisão Traseira;2;;;;;;;;;;0;4;;;
03/05/2019;19:34:00;225;sem vítima;294,454;BR-101/RJ;Norte;Engavetamento;5;;;;;;;;;;8;;;;
03/05/2019;20:15:00;235;com vítima;319,323;BR-101/RJ;Norte;Colisão Traseira;1;;;1;;;;;;;2;1;;;
03/05/2019;22:06:00;253;com vítima;246,715;BR-101/RJ;Sul;Tombamento;;;;1;;1;;;;;1;1;;;
04/05/2019;00:38:00;15;sem vítima;67,647;BR-101/RJ;Sul;Colisão Traseira;;;1;;1;;;;;;2;;;;
04/05/2019;07:07:00;42;sem vítima;182,996;BR-101/RJ;Sul;Choque - Defensa, barreira ou "submarino";1;;;;;;;;;;1;;;;
04/05/2019;09:27:00;64;com vítima;311,325;BR-101/RJ;Sul;Engavetamento;3;;;1;;;;;;;2;4;1;;
04/05/2019;10:27:00;75;sem vítima;295,562;BR-101/RJ;Norte;Capotamento;1;;;;;;;;;;1;;;;
04/05/2019;18:14:00;167;com vítima;71,019;BR-101/RJ;Sul;Colisão Transversal;2;;;;;;;;;;2;2;;;
04/05/2019;22:37:00;196;sem vítima;309,1;BR-101/RJ;Norte;Colisão Lateral;1;;1;;;;;;;;2;;;;
04/05/2019;22:45:00;199;com vítima;309,129;BR-101/RJ;Norte;Engavetamento;1;;1;1;;;;;;;2;1;;;
05/05/2019;08:07:00;40;sem vítima;320,09;BR-101/RJ;Sul;Colisão Traseira;1;;;;;1;;;;;2;;;;
05/05/2019;08:35:00;45;sem vítima;60,768;BR-101/RJ;Norte;Colisão Traseira;2;;;;;;;;;;2;;;;
05/05/2019;17:11:00;123;com vítima;305,858;BR-101/RJ;Sul;Engavetamento;2;;;;;1;;;;;7;2;;;
05/05/2019;18:38:00;136;com vítima;300,577;BR-101/RJ;Norte;Atropelamento - Morador;1;;;;;;;;;;2;;;;1
06/05/2019;00:49:00;16;sem vítima;117,101;BR-101/RJ;Sul;Colisão Lateral;;;2;;;;;;;;2;;;;
06/05/2019;07:15:00;62;sem vítima;316,56;BR-101/RJ;Sul;Colisão Traseira;2;;;;;;;;;;8;;;;
06/05/2019;07:28:00;64;sem vítima;320,576;BR-101/RJ;Sul;Colisão Traseira;1;;;;1;;;;;;2;;;;
06/05/2019;07:55:00;77;sem vítima;313,693;BR-101/RJ;Sul;Colisão Traseira;2;;;;;;;;;;5;;;;
06/05/2019;08:45:00;93;com vítima;310,987;BR-101/RJ;Sul;Atropelamento - Morador;;;;;;1;;;;;1;;1;;
06/05/2019;13:34:00;167;sem vítima;145,087;BR-101/RJ;Sul;Colisão Lateral;;;2;;;;;;;;3;;;;
06/05/2019;18:02:00;212;sem vítima;280,92;BR-101/RJ;Norte;Colisão Traseira;2;;;;;;;;;;2;;;;
06/05/2019;20:29:00;233;com vítima;62,4;BR-101/RJ;Norte;Colisão Traseira;;2;;;1;;;;;;1;;;;2
07/05/2019;06:48:00;56;sem vítima;16,649;BR-101/RJ;Norte;Choque - Talude;1;;;;;;;;;;2;;;;
07/05/2019;09:57:00;124;sem vítima;58,226;BR-101/RJ;Sul;Colisão Traseira;2;;;;;;;;;;5;;;;
07/05/2019;09:58:00;126;sem vítima;294,929;BR-101/RJ;Sul;Choque - Elemento de Drenagem;;;1;;;1;;;;;2;;;;
07/05/2019;16:27:00;191;com vítima;112,738;BR-101/RJ;Norte;Tombamento;;;;1;;;;;;;0;1;;;
07/05/2019;18:36:00;218;sem vítima;177,345;BR-101/RJ;Sul;Choque - Defensa, barreira ou "submarino";1;;;;;;;;;;2;;;;
07/05/2019;18:52:00;222;sem vítima;318,554;BR-101/RJ;Norte;Tombamento;;;;1;;;;;;;2;;;;
07/05/2019;19:25:00;228;com vítima;224,202;BR-101/RJ;Sul;Choque - Elemento de Drenagem;1;;;;;;;;;;4;1;;;
08/05/2019;10:36:00;118;sem vítima;92,658;BR-101/RJ;Norte;Choque - Defensa, barreira ou "submarino";1;;;;;;;;;;1;;;;
08/05/2019;16:12:00;186;sem vítima;59,348;BR-101/RJ;Sul;Colisão Traseira;2;;;;;;;;;;3;;;;
08/05/2019;17:26:00;198;com vítima;308,01;BR-101/RJ;Norte;Colisão Traseira;2;;;;;;;;;;4;1;;;
08/05/2019;18:43:00;212;com vítima;277,271;BR-101/RJ;Norte;Capotamento;1;;;;;1;;;;;1;2;;;
08/05/2019;18:56:00;214;sem vítima;295,432;BR-101/RJ;Norte;Colisão Traseira;1;;;;;1;;;;;2;;;;
08/05/2019;20:25:00;234;sem vítima;318,176;BR-101/RJ;Sul;Colisão Traseira;2;;;;;;;;;;2;;;;
08/05/2019;21:24:00;241;com vítima;177,049;BR-101/RJ;Norte;Colisão Frontal;2;;;;;;;;;;4;;1;;
08/05/2019;22:37:00;248;sem vítima;262,865;BR-101/RJ;Norte;Choque - Objeto sobre a pista;1;;;;;;;;;;2;;;;
08/05/2019;22:49:00;250;sem vítima;262,865;BR-101/RJ;Norte;Choque - Objeto sobre a pista;1;;;;;;;;;;2;;;;
09/05/2019;03:53:00;26;sem vítima;299,73;BR-101/RJ;Sul;Colisão Traseira;2;;;;;;;;;;3;;;;
09/05/2019;06:13:00;37;sem vítima;299,551;BR-101/RJ;Sul;Colisão Traseira;2;;;;;;;;;;6;;;;
09/05/2019;11:04:00;130;com vítima;64,429;BR-101/RJ;Norte;Colisão Transversal;;1;;1;;;;;;;0;2;;;
09/05/2019;18:12:00;206;sem vítima;16,75;BR-101/RJ;Norte;Atropelamento de Animal;1;;;;;;;;;;1;;;;
10/05/2019;13:52:00;163;sem vítima;174,09;BR-101/RJ;Norte;Colisão Traseira;2;;;;;;;;;;2;;;;
10/05/2019;17:31:00;196;com vítima;321,82;BR-101/RJ;Sul;Choque - Defensa, barreira ou "submarino";2;;;;;;;;;;1;;;1;
10/05/2019;18:04:00;202;com vítima;320,697;BR-101/RJ;Norte;Colisão Lateral;2;;1;;;;;;;;1;1;2;;
10/05/2019;18:48:00;212;com vítima;312,352;BR-101/RJ;Sul;Engavetamento;2;;;;;1;;;;;2;1;;;
10/05/2019;19:24:00;218;sem vítima;69,154;BR-101/RJ;Norte;Engavetamento;4;;;;;;;;;;8;;;;
10/05/2019;21:13:00;231;sem vítima;144,219;BR-101/RJ;Norte;Colisão Lateral;1;;1;;;;;;;;3;;;;
11/05/2019;05:30:00;30;sem vítima;301,649;BR-101/RJ;Sul;Colisão Traseira;;;2;;;;;;;;3;;;;
11/05/2019;09:14:00;57;com vítima;67,8;BR-101/RJ;Sul;Colisão Traseira;;;;1;;1;;;;;1;1;;;
11/05/2019;10:01:00;67;com vítima;296,836;BR-101/RJ;Norte;Atropelamento - Usuário;1;;;;;;;;;;2;2;1;;
11/05/2019;11:15:00;79;sem vítima;300,65;BR-101/RJ;Norte;Colisão Traseira;2;;;;;;;;;;6;;;;
11/05/2019;19:16:00;156;sem vítima;215,749;BR-101/RJ;Sul;Choque - Suporte de Sinalização;1;;;;;;;;;;2;;;;
11/05/2019;19:37:00;158;com vítima;52,91;BR-101/RJ;Sul;Colisão Lateral;1;;;;;1;;;;;1;1;;;
11/05/2019;21:49:00;171;com vítima;297,681;BR-101/RJ;Norte;Tombamento;;;;1;;;;;;;0;1;;;
12/05/2019;02:00:00;21;sem vítima;293,32;BR-101/RJ;Sul;Tombamento;1;;;;;1;;;;;2;;;;
12/05/2019;04:41:00;26;com vítima;293,099;BR-101/RJ;Norte;Choque - Defensa, barreira ou "submarino";1;;;;;;;;;;0;3;;;
12/05/2019;06:25:00;33;sem vítima;131,174;BR-101/RJ;Norte;Choque - Elemento de Drenagem;1;;;;;1;;;;;2;;;;
12/05/2019;17:23:00;126;sem vítima;266,547;BR-101/RJ;Sul;Colisão Lateral;2;;;;;;;;;;2;;;;
12/05/2019;17:43:00;131;com vítima;277,3;BR-101/RJ;Norte;Choque - Talude;1;;;;;;;;;;0;3;;;
12/05/2019;18:58:00;139;sem vítima;294,965;BR-101/RJ;Sul;Colisão Traseira;2;;;;;;;;;;2;;;;
12/05/2019;20:37:00;158;sem vítima;102,1;BR-101/RJ;Sul;Colisão Lateral;;;1;;;1;;;;;2;;;;
13/05/2019;00:21:00;15;com vítima;262,159;BR-101/RJ;Norte;Tombamento;;;;1;;;;;;;0;2;;;
13/05/2019;06:43:00;39;com vítima;313,511;BR-101/RJ;Sul;Colisão Lateral;;;;1;;;;;;1;1;1;;;