data;horario;n_da_ocorrencia;tipo_de_ocorrencia;km;trecho;sentido;tipo_de_acidente;automovel;bicicleta;caminhao;moto;onibus;outros;tracao_animal;transporte_de_cargas_especiais;trator_maquinas;utilitarios;ilesos;levemente_feridos;moderadamente_feridos;gravemente_feridos;mortos
13/05/2019;07:37:00;51;com vítima;314,717;BR-101/RJ;Sul;Engavetamento;2;;;2;;;;;;;3;1;;;
13/05/2019;13:43:00;128;com vítima;296,154;BR-101/RJ;Sul;Colisão Lateral;;;1;;;;;;;1;2;1;;;
13/05/2019;18:13:00;159;sem vítima;317,154;BR-101/RJ;Norte;Engavetamento;1;;;;1;1;;;;;3;;;;
13/05/2019;18:31:00;160;com vítima;146,413;BR-101/RJ;Norte;Choque - Suporte de Sinalização;;;;1;;;;;;;0;;;1;
13/05/2019;18:35:00;161;com vítima;295,295;BR-101/RJ;Sul;Colisão Transversal;1;;;1;;;;;;;1;1;;;
13/05/2019;19:34:00;166;sem vítima;313,54;BR-101/RJ;Norte;Colisão Traseira;2;;;;;;;;;;6;;;;
14/05/2019;07:05:00;51;com vítima;295,573;BR-101/RJ;Sul;Choque - Defensa, barreira ou "submarino";1;;;;;;;;;;1;1;;;
14/05/2019;07:14:00;54;com vítima;320,882;BR-101/RJ;Sul;Colisão Lateral;;;;2;;;;;;;0;2;;;
14/05/2019;09:20:00;94;com vítima;59,434;BR-101/RJ;Norte;Queda;;;;1;;;;;;;0;1;;;
14/05/2019;11:07:00;127;sem vítima;164,2;BR-101/RJ;Sul;Choque - Objeto sobre a pista;;;;;1;;;;;;3;;;;
14/05/2019;15:28:00;176;com vítima;321,56;BR-101/RJ;Norte;Colisão Traseira;2;;;;;;;;;;1;1;;;
14/05/2019;15:28:00;179;com vítima;321,769;BR-101/RJ;Sul;Colisão Traseira;2;;;;;;;;;;0;3;;;
15/05/2019;04:32:00;42;sem vítima;261,145;BR-101/RJ;Norte;Choque - Elemento de Drenagem;;;1;;;;;;;;1;;;;
15/05/2019;05:42:00;48;com vítima;169,6;BR-101/RJ;Sul;Colisão Transversal;1;;1;;;;;;;;1;;1;;
15/05/2019;07:18:00;62;com vítima;76,05;BR-101/RJ;Norte;Tombamento;;1;;;;;;;;;0;;1;;
15/05/2019;07:45:00;67;sem vítima;297,38;BR-101/RJ;Norte;Colisão Traseira;1;;;;1;;;;;;2;;;;
15/05/2019;10:05:00;100;sem vítima;129,866;BR-101/RJ;Sul;Choque - Defensa, barreira ou "submarino";1;;;;;;;;;;1;;;;
16/05/2019;07:17:00;41;com vítima;130,356;BR-101/RJ;Sul;Choque - Defensa, barreira ou "submarino";1;;;;;;;;;;0;1;;;
16/05/2019;07:27:00;43;sem vítima;74,16;BR-101/RJ;Norte;Colisão Lateral;;;2;;;;;;;;3;;;;
16/05/2019;16:34:00;160;com vítima;59,542;BR-101/RJ;Sul;Atropelamento - Outros;;;;;;1;;;;;1;1;;;
16/05/2019;18:42:00;191;com vítima;308,9;BR-101/RJ;Sul;Engavetamento;3;;;;;;;;;;2;1;;;
16/05/2019;23:26:00;225;sem vítima;310,692;BR-101/RJ;Norte;Choque - Defensa, barreira ou "submarino";2;;;;;;;;;;2;;;;
17/05/2019;00:07:00;13;sem vítima;320,101;BR-101/RJ;Norte;Choque - Suporte de Sinalização;1;;;;;;;;;;1;;;;
17/05/2019;00:34:00;15;sem vítima;321,133;BR-101/RJ;Norte;Choque - Suporte de Sinalização;1;;;;;;;;;;1;;;;
17/05/2019;01:20:00;17;sem vítima;297,452;BR-101/RJ;Norte;Choque - Defensa, barreira ou "submarino";1;;;;;;;;;;1;;;;
17/05/2019;05:38:00;28;sem vítima;190,05;BR-101/RJ;Norte;Choque - Defensa, barreira ou "submarino";;;1;;;;;;;;1;;;;
17/05/2019;07:00:00;38;sem vítima;99,535;BR-101/RJ;Norte;Choque - Defensa, barreira ou "submarino";1;;;;;;;;;;1;;;;
17/05/2019;07:53:00;49;sem vítima;142,16;BR-101/RJ;Sul;Choque - Defensa, barreira ou "submarino";1;;;;;;;;;;1;;;;
17/05/2019;09:15:00;63;sem vítima;158,1;BR-101/RJ;Sul;Saida de Pista;1;;;;;;;;;;4;;;;
17/05/2019;12:20:00;99;sem vítima;302,694;BR-101/RJ;Norte;Choque - Objeto sobre a pista;1;;;;;;;;;;1;;;;
17/05/2019;13:53:00;117;sem vítima;229,752;BR-101/RJ;Sul;Colisão Lateral;1;;1;;;;;;;;2;;;;
17/05/2019;15:17:00;130;sem vítima;144,231;BR-101/RJ;Sul;Choque - Defensa, barreira ou "submarino";1;;;;;;;;;;2;;;;
17/05/2019;17:39:00;149;sem vítima;66,011;BR-101/RJ;Sul;Colisão Traseira;2;;;;;;;;;;2;;;;
17/05/2019;18:05:00;151;com vítima;64,557;BR-101/RJ;Norte;Colisão Transversal;2;;;;;;;;;;0;2;;;
17/05/2019;18:32:00;156;com vítima;13,146;BR-101/RJ;Norte;Choque - Defensa, barreira ou "submarino";1;;;;;;;;;;0;2;;;
17/05/2019;19:59:00;175;sem vítima;321,1;BR-101/RJ;Norte;Colisão Traseira;2;;;;;;;;;;2;;;;
17/05/2019;21:54:00;198;com vítima;308,09;BR-101/RJ;Sul;Colisão Transversal;2;;;;;;;;;;1;;1;;
18/05/2019;02:42:00;28;sem vítima;293,379;BR-101/RJ;Norte;Choque - Defensa, barreira ou "submarino";;;1;;;;;;;;1;;;;
18/05/2019;06:40:00;40;sem vítima;293,303;BR-101/RJ;Sul;Choque - Suporte de Sinalização;1;;;;;;;;;;1;;;;
18/05/2019;07:44:00;48;sem vítima;164,278;BR-101/RJ;Norte;Choque - Defensa, barreira ou "submarino";1;;;;;;;;;;1;;;;
18/05/2019;07:55:00;51;sem vítima;229,391;BR-101/RJ;Sul;Choque - Defensa, barreira ou "submarino";1;;;;;;;;;;1;;;;
18/05/2019;10:36:00;83;com vítima;91,673;BR-101/RJ;Norte;Choque - Defensa, barreira ou "submarino";1;;;;;;;;;;0;1;;;
18/05/2019;11:08:00;89;sem vítima;311,815;BR-101/RJ;Norte;Colisão Traseira;1;;1;;;;;;;;5;;;;
18/05/2019;13:18:00;100;com vítima;58,8;BR-101/RJ;Sul;Engavetamento;3;;;;;;;;;;2;1;;;
18/05/2019;13:29:00;103;com vítima;102,95;BR-101/RJ;Norte;Choque - Defensa, barreira ou "submarino";1;;;;;;;;;;1;2;;;
18/05/2019;14:03:00;112;sem vítima;195,154;BR-101/RJ;Sul;Choque - Talude;1;;;;;;;;;;2;;;;
18/05/2019;15:01:00;120;sem vítima;266,079;BR-101/RJ;Norte;Choque - Defensa, barreira ou "submarino";1;;;;;;;;;;2;;;;
18/05/2019;15:21:00;125;com vítima;193,574;BR-101/RJ;Norte;Colisão Traseira;1;;;;1;;;;;;2;1;;;
18/05/2019;15:34:00;127;com vítima;262,345;BR-101/RJ;Sul;Colisão Traseira;2;;;;;;;;;;3;1;;;
18/05/2019;15:55:00;134;com vítima;262,345;BR-101/RJ;Sul;Colisão Traseira;4;;;;;;;;;1;9;1;;;
18/05/2019;16:54:00;147;sem vítima;93,587;BR-101/RJ;Norte;Choque - Defensa, barreira ou "submarino";1;;;;;;;;;;1;;;;
18/05/2019;20:15:00;173;com vítima;310,015;BR-101/RJ;Sul;Engavetamento;2;;;;;1;;;;;2;1;;;
18/05/2019;20:18:00;175;sem vítima;215,797;BR-101/RJ;Norte;Colisão Lateral;1;;1;;;;;;;;2;;;;
18/05/2019;23:48:00;197;sem vítima;309,347;BR-101/RJ;Norte;Colisão Traseira;2;;;;;;;;;;4;;;;
19/05/2019;07:08:00;42;com vítima;295,155;BR-101/RJ;Sul;Choque - Talude;1;;;;;;;;;;1;1;;;
19/05/2019;10:55:00;82;com vítima;45,726;BR-101/RJ;Norte;Atropelamento - Outros;;;;;;1;;;;;1;;;;1
19/05/2019;16:22:00;131;com vítima;59,456;BR-101/RJ;Norte;Colisão Transversal;;;;1;;1;;;;;1;1;;;
19/05/2019;18:31:00;147;com vítima;215,154;BR-101/RJ;Norte;Colisão Transversal;2;;;;;;;;;;6;1;;;
19/05/2019;21:03:00;167;com vítima;269,2;BR-101/RJ;Norte;Choque - Poste;1;;;;;;;;;;0;1;;;
19/05/2019;21:51:00;171;sem vítima;306,9;BR-101/RJ;Sul;Choque - Outros;1;;;;;;;;;;1;;;;
19/05/2019;21:59:00;174;com vítima;273,4;BR-101/RJ;Norte;Colisão Traseira;1;;;1;;;;;;;1;2;;;
20/05/2019;07:13:00;54;sem vítima;318,388;BR-101/RJ;Norte;Choque - Objeto sobre a pista;1;;;;;;;;;;1;;;;
20/05/2019;11:44:00;121;sem vítima;319,965;BR-101/RJ;Norte;Choque - Objeto sobre a pista;1;;;;;;;;;;1;;;;
20/05/2019;15:15:00;171;sem vítima;200,01;BR-101/RJ;Sul;Engavetamento;3;;;;;;;;;;5;;;;
20/05/2019;16:02:00;178;sem vítima;320,9;BR-101/RJ;Sul;Colisão Traseira;1;;1;;;;;;;;3;;;;
20/05/2019;18:28:00;204;com vítima;48,657;BR-101/RJ;Norte;Colisão Transversal;1;;;1;;;;;;;1;1;;;
21/05/2019;07:09:00;44;sem vítima;317,8;BR-101/RJ;Sul;Colisão Traseira;2;;;;;;;;;;2;;;;
21/05/2019;07:44:00;57;com vítima;315,212;BR-101/RJ;Sul;Colisão Traseira;1;;;1;;;;;;;1;1;;;
21/05/2019;15:05:00;153;com vítima;291,191;BR-101/RJ;Sul;Choque - Defensa, barreira ou "submarino";1;;;;;;;;;;0;2;;;
21/05/2019;15:47:00;162;sem vítima;113,16;BR-101/RJ;Sul;Colisão Lateral;2;;;;;;;;;;3;;;;
21/05/2019;18:59:00;194;sem vítima;317,35;BR-101/RJ;Norte;Colisão Traseira;1;;;;;1;;;;;2;;;;
22/05/2019;07:34:00;49;com vítima;60,7;BR-101/RJ;Norte;Colisão Transversal;;1;;1;;;;;;;0;3;;;
22/05/2019;11:17:00;112;sem vítima;314,4;BR-101/RJ;Sul;Colisão Traseira;2;;;;;;;;;;2;;;;
22/05/2019;15:24:00;156;sem vítima;297,298;BR-101/RJ;Sul;Colisão Lateral;1;;1;;;;;;;;2;;;;
23/05/2019;15:33:00;168;sem vítima;318,681;BR-101/RJ;Norte;Saida de Pista;1;;;;;;;;;;4;;;;
24/05/2019;05:57:00;43;com vítima;221,799;BR-101/RJ;Norte;Atropelamento - Sem Informação;;;;;;1;;;;;1;;;;1
24/05/2019;06:05:00;44;sem vítima;13,168;BR-101/RJ;Norte;Colisão Traseira;1;;;;;;;;;;1;;;;
24/05/2019;06:40:00;46;com vítima;313,504;BR-101/RJ;Sul;Engavetamento;2;;;1;;;;;;;2;;1;;
24/05/2019;07:09:00;58;sem vítima;66,325;BR-101/RJ;Sul;Colisão Traseira;;;1;;1;;;;;;3;;;;
24/05/2019;09:25:00;100;sem vítima;136,495;BR-101/RJ;Norte;Choque - Defensa, barreira ou "submarino";1;;;;;;;;;;2;;;;
24/05/2019;10:54:00;125;com vítima;252,8;BR-101/RJ;Norte;Queda;;;;;;;;;;;0;1;;;
24/05/2019;17:47:00;203;sem vítima;172,15;BR-101/RJ;Norte;Colisão Traseira;;;1;;1;;;;;;56;;;;
24/05/2019;18:17:00;207;sem vítima;308,589;BR-101/RJ;Norte;Colisão Traseira;1;;;;;1;;;;;2;;;;
24/05/2019;18:23:00;210;sem vítima;134,037;BR-101/RJ;Sul;Saida de Pista;1;;;;;;;;;;1;;;;
24/05/2019;19:18:00;217;sem vítima;67,03;BR-101/RJ;Norte;Colisão Transversal;1;;;1;;;;;;;2;;;;
24/05/2019;21:27:00;247;sem vítima;105,5;BR-101/RJ;Norte;Choque - Defensa, barreira ou "submarino";1;;;;;;;;;;2;;;;
24/05/2019;23:05:00;263;sem vítima;246,936;BR-101/RJ;Sul;Choque - Defensa, barreira ou "submarino";;;;;;;;;;1;1;;;;
25/05/2019;04:23:00;28;com vítima;320,228;BR-101/RJ;Sul;Choque - Defensa, barreira ou "submarino";1;;;;;;;;;;2;1;1;;
25/05/2019;04:38:00;30;sem vítima;63,288;BR-101/RJ;Sul;Colisão Traseira;1;;;;;1;;;;;2;;;;
25/05/2019;04:49:00;32;sem vítima;297,738;BR-101/RJ;Sul;Choque - Elemento de Drenagem;1;;;;;;;;;;1;;;;
25/05/2019;10:43:00;75;com vítima;79,56;BR-101/RJ;Sul;Colisão Traseira;2;;;;;;;;;;2;2;;;
25/05/2019;11:55:00;85;com vítima;111,9;BR-101/RJ;Sul;Colisão Lateral;1;;1;;;;;;;;2;2;;;
25/05/2019;12:38:00;94;sem vítima;301,12;BR-101/RJ;Sul;Colisão Lateral;2;;;;;;;;;;2;;;;
25/05/2019;19:02:00;146;com vítima;305,571;BR-101/RJ;Sul;Atropelamento - Morador;;;;;;1;;;;;1;;;;1
25/05/2019;20:23:00;157;sem vítima;276,721;BR-101/RJ;Sul;Colisão Transversal;2;;;;;;;;;;3;;;;
26/05/2019;04:28:00;35;sem vítima;85,159;BR-101/RJ;Sul;Choque - Suporte de Sinalização;1;;;;;;;;;;1;;;;
26/05/2019;15:41:00;124;sem vítima;45,2;BR-101/RJ;Norte;Saida de Pista;1;;;;;;;;;;2;;;;
26/05/2019;16:22:00;134;sem vítima;291,722;BR-101/RJ;Sul;Engavetamento;3;;;;;;;;;;11;;;;
26/05/2019;18:11:00;153;com vítima;92,621;BR-101/RJ;Norte;Choque - Talude;1;;;;;;;;;;1;2;;;
26/05/2019;18:16:00;154;sem vítima;285,8;BR-101/RJ;Sul;Tombamento;1;;;;;;;;;;2;;;;
26/05/2019;19:31:00;165;sem vítima;310,15;BR-101/RJ;Sul;Engavetamento;2;;;;;1;;;;;4;;;;
27/05/2019;06:08:00;31;com vítima;53,635;BR-101/RJ;Sul;Atropelamento de Animal;;;;1;;;;;;;0;1;;;
27/05/2019;10:26:00;100;sem vítima;179,636;BR-101/RJ;Sul;Colisão Lateral;;;2;;;;;;;;3;;;;
27/05/2019;13:41:00;136;com vítima;294,89;BR-101/RJ;Norte;Colisão Lateral;;;;1;;1;;;;;1;1;;;
28/05/2019;05:30:00;25;com vítima;54,3;BR-101/RJ;Norte;Choque - Outros;1;;;;;;;;;;0;1;;;
28/05/2019;05:58:00;28;com vítima;309,882;BR-101/RJ;Sul;Colisão Lateral;1;;;1;;;;;;;1;1;;;
28/05/2019;10:14:00;85;com vítima;114,15;BR-101/RJ;Sul;Choque - Defensa, barreira ou "submarino";1;;;;;;;;;;0;2;;;
28/05/2019;11:08:00;94;com vítima;271,213;BR-101/RJ;Norte;Choque - Elemento de Drenagem;;;1;;;;;;;;0;2;;;
28/05/2019;17:20:00;146;sem vítima;35,1;BR-101/RJ;Norte;Tombamento;1;;;;;1;;;;;3;;;;
28/05/2019;19:39:00;163;sem vítima;172,307;BR-101/RJ;Norte;Atropelamento de Animal;1;;;;;;;;;;1;;;;
29/05/2019;04:56:00;34;sem vítima;319,1;BR-101/RJ;Sul;Colisão Lateral;1;;;;1;;;;;;3;;;;
29/05/2019;07:05:00;54;com vítima;318,524;BR-101/RJ;Sul;Tombamento;;;;1;;1;;;;;2;1;;;
29/05/2019;07:05:00;64;sem vítima;318,524;BR-101/RJ;Sul;Colisão Lateral;1;;;;1;;;;;;3;;;;
29/05/2019;10:33:00;107;sem vítima;61,599;BR-101/RJ;Norte;Colisão Traseira;2;;;;;;;;;;3;;;;
29/05/2019;10:56:00;113;com vítima;61,717;BR-101/RJ;Norte;Colisão Transversal;1;;;1;;;;;;;1;1;;;
29/05/2019;11:12:00;118;sem vítima;257,709;BR-101/RJ;Norte;Choque - Defensa, barreira ou "submarino";;;1;;;;;;;;1;;;;
30/05/2019;02:00:00;22;com vítima;299,675;BR-101/RJ;Norte;Colisão Traseira;1;;1;;;;;;;;1;;1;;
30/05/2019;02:25:00;24;sem vítima;288,547;BR-101/RJ;Norte;Choque - Defensa, barreira ou "submarino";1;;;;;;;;;;2;;;;
30/05/2019;06:45:00;41;com vítima;313,789;BR-101/RJ;Sul;Colisão Lateral;2;;;1;;;;;;;2;;1;;
30/05/2019;13:48:00;143;sem vítima;261,9;BR-101/RJ;Norte;Colisão Traseira;1;;1;;;;;;;;3;;;;
31/05/2019;06:31:00;44;com vítima;308,376;BR-101/RJ;Sul;Colisão Lateral;1;;;1;;;;;;;1;1;;;
31/05/2019;08:24:00;71;sem vítima;316,58;BR-101/RJ;Sul;Colisão Traseira;1;;;;1;;;;;;2;;;;
31/05/2019;09:11:00;96;sem vítima;99,001;BR-101/RJ;Sul;Colisão Traseira;1;;;;;1;;;;;2;;;;
31/05/2019;10:47:00;124;sem vítima;280,9;BR-101/RJ;Norte;Colisão Traseira;1;;;;;;;;;1;2;;;;
31/05/2019;11:55:00;136;sem vítima;59,843;BR-101/RJ;Sul;Objeto lançado contra veículo;;;1;;;;;;;1;2;;;;
31/05/2019;19:06:00;218;sem vítima;308,15;BR-101/RJ;Sul;Atropelamento de Animal;1;;;;;;;;;;1;;;;
01/04/2019;05:28:00;33;com vítima;243,189;BR-101/RJ;Norte;Atropelamento - Morador;;;;;;1;;;;;1;;;;1
01/04/2019;05:58:00;36;sem vítima;88,422;BR-101/RJ;Norte;Choque - Defensa, barreira ou "submarino";;;;;;;;;;1;1;;;;
01/04/2019;06:58:00;48;sem vítima;320,5;BR-101/RJ;Norte;Colisão Traseira;3;;;;;;;;;;6;;;;
01/04/2019;07:41:00;60;sem vítima;270,295;BR-101/RJ;Norte;Choque - Defensa, barreira ou "submarino";;;1;;;;;;;;1;;;;
01/04/2019;07:56:00;70;com vítima;65,5;BR-101/RJ;Norte;Colisão Lateral;;;;1;;1;;;;;1;;1;;
01/04/2019;15:22:00;161;sem vítima;227,289;BR-101/RJ;Norte;Choque - Defensa, barreira ou "submarino";1;;;;;;;;;;1;;;;
01/04/2019;16:18:00;169;com vítima;312,321;BR-101/RJ;Norte;Colisão Traseira;1;;;1;;;;;;;1;1;;;
01/04/2019;21:10:00;217;sem vítima;321,5;BR-101/RJ;Norte;Choque - Objeto sobre a pista;1;;;;;;;;;;1;;;;
01/04/2019;23:28:00;225;sem vítima;275,47;BR-101/RJ;Sul;Atropelamento de Animal;1;;;;;;;;;;1;;;;
02/04/2019;00:50:00;23;com vítima;300,354;BR-101/RJ;Norte;Colisão Traseira;;;;1;;1;;;;;1;1;;;
02/04/2019;17:56:00;183;com vítima;318,642;BR-101/RJ;Norte;Colisão Traseira;1;;;1;;;;;;;2;1;;;
02/04/2019;21:58:00;210;com vítima;308,84;BR-101/RJ;Sul;Colisão Frontal;1;1;;;;;;;;;1;;;;1
03/04/2019;06:53:00;29;com vítima;317,408;BR-101/RJ;Sul;Colisão Lateral;1;;;1;;;;;;;2;;1;;
03/04/2019;13:08:00;120;sem vítima;55,154;BR-101/RJ;Sul;Colisão Traseira;2;;;;;;;;;;3;;;;
03/04/2019;17:06:00;154;com vítima;309,83;BR-101/RJ;Sul;Capotamento;1;;;;;;;;;;0;;1;;
03/04/2019;18:35:00;169;com vítima;243,053;BR-101/RJ;Norte;Colisão Traseira;2;;;;;;;;;;4;2;;;
03/04/2019;23:47:00;195;sem vítima;223,811;BR-101/RJ;Norte;Colisão Traseira;1;;1;;;;;;;;2;;;;
04/04/2019;02:23:00;23;sem vítima;169,683;BR-101/RJ;Norte;Choque - Elemento de Drenagem;1;;;;;;;;;;1;;;;
04/04/2019;07:17:00;45;sem vítima;261,154;BR-101/RJ;Sul;Colisão Lateral;2;;;;;;;;;;2;;;;
04/04/2019;10:53:00;113;sem vítima;285,06;BR-101/RJ;Sul;Colisão Traseira;1;;1;;;;;;;;2;;;;
04/04/2019;14:12:00;158;sem vítima;110,113;BR-101/RJ;Sul;Saida de Pista;1;;;;;;;;;;1;;;;
04/04/2019;17:50:00;206;sem vítima;169,9;BR-101/RJ;Sul;Colisão Transversal;2;;;;;;;;;;6;;;;
04/04/2019;21:38:00;238;sem vítima;260,549;BR-101/RJ;Sul;Colisão Traseira;2;;;;;;;;;;2;;;;
04/04/2019;22:47:00;244;com vítima;63,173;BR-101/RJ;Norte;Colisão Lateral;1;;1;;;;;;;;2;1;;;
05/04/2019;04:59:00;33;sem vítima;224,28;BR-101/RJ;Sul;Choque - Elemento de Drenagem;;;1;;;;;;;;1;;;;
05/04/2019;08:24:00;81;sem vítima;252,352;BR-101/RJ;Sul;Choque - Outros;;;;;;1;;;;;1;;;;
05/04/2019;10:24:00;114;com vítima;60,6;BR-101/RJ;Sul;Colisão Transversal;1;;;1;;;;;;;1;;1;;
05/04/2019;13:19:00;149;com vítima;300,125;BR-101/RJ;Norte;Tombamento;;;;1;;;;;;;1;1;;;
05/04/2019;20:03:00;226;sem vítima;319,3;BR-101/RJ;Norte;Choque - Outros;1;;;;;;;;;;1;;;;
05/04/2019;20:31:00;235;com vítima;310,83;BR-101/RJ;Sul;Tombamento;;;;1;;;;;;;0;;1;;
05/04/2019;22:26:00;250;sem vítima;229,265;BR-101/RJ;Norte;Choque - Suporte de Sinalização;1;;;;;;;;;;1;;;;
05/04/2019;22:39:00;252;sem vítima;301,695;BR-101/RJ;Sul;Choque - Defensa, barreira ou "submarino";1;;;;;;;;;;3;;;;
05/04/2019;23:42:00;264;sem vítima;292,702;BR-101/RJ;Norte;Choque - Defensa, barreira ou "submarino";1;;;;;;;;;;1;;;;
06/04/2019;01:22:00;25;com vítima;60,9;BR-101/RJ;Norte;Colisão Transversal;;;;1;;1;;;;;1;1;;;
06/04/2019;02:13:00;29;com vítima;308,957;BR-101/RJ;Norte;Colisão Traseira;1;;;1;;;;;;;3;;;1;
06/04/2019;05:36:00;43;sem vítima;297,323;BR-101/RJ;Norte;Choque - Defensa, barreira ou "submarino";1;;;;;;;;;;1;;;;
06/04/2019;07:00:00;51;com vítima;309,494;BR-101/RJ;Sul;Tombamento;;;;1;;;;;;;0;1;;;
06/04/2019;10:45:00;89;com vítima;320,069;BR-101/RJ;Sul;Tombamento;;;;1;;;;;;;0;1;;;
06/04/2019;12:46:00;109;com vítima;80,107;BR-101/RJ;Sul;Colisão Traseira;;;;1;;1;;;;;1;;1;;
06/04/2019;13:05:00;117;com vítima;73,561;BR-101/RJ;Norte;Colisão Transversal;1;1;;;;;;;;;1;1;;;1
06/04/2019;15:38:00;154;com vítima;297,908;BR-101/RJ;Sul;Choque - Elemento de Drenagem;1;;;;;;;;;;2;1;;;
06/04/2019;16:17:00;161;sem vítima;228,5;BR-101/RJ;Norte;Choque - Defensa, barreira ou "submarino";1;;;;;;;;;;1;;;;
06/04/2019;18:01:00;183;sem vítima;305,3;BR-101/RJ;Sul;Colisão Traseira;2;;;;;;;;;;2;;;;
06/04/2019;18:07:00;185;sem vítima;305,35;BR-101/RJ;Sul;Colisão Traseira;2;;;;;;;;;;2;;;;
06/04/2019;18:24:00;191;com vítima;294,554;BR-101/RJ;Norte;Atropelamento - Andarilho;;;;;;1;;;;;1;1;;;
06/04/2019;19:19:00;206;sem vítima;316,35;BR-101/RJ;Norte;Colisão Traseira;2;;;;;;;;;;2;;;;
06/04/2019;21:21:00;223;sem vítima;310,213;BR-101/RJ;Norte;Colisão Traseira;1;;;;;;;;;1;2;;;;
06/04/2019;22:42:00;235;com vítima;314,745;BR-101/RJ;Sul;Atropelamento - Andarilho;1;;;;;;;;;;1;;1;;
06/04/2019;23:18:00;239;sem vítima;45,005;BR-101/RJ;Norte;Colisão Traseira;1;;1;;;;;;;;2;;;;
07/04/2019;01:07:00;22;com vítima;270,861;BR-101/RJ;Sul;Tombamento;1;;;;;;;;;;0;1;;;
07/04/2019;01:34:00;25;sem vítima;306,443;BR-101/RJ;Sul;Choque - Defensa, barreira ou "submarino";1;;;;;;;;;;1;;;;
07/04/2019;06:05:00;41;com vítima;272,4;BR-101/RJ;Sul;Choque - Defensa, barreira ou "submarino";1;;;;;;;;;;0;1;;;
07/04/2019;06:11:00;42;sem vítima;297,811;BR-101/RJ;Sul;Choque - Elemento de Drenagem;1;;;;;;;;;;2;;;;
07/04/2019;10:56:00;77;sem vítima;57,857;BR-101/RJ;Sul;Colisão Traseira;2;;;;;1;;;;;3;;;;
07/04/2019;12:17:00;88;sem vítima;304,8;BR-101/RJ;Sul;Engavetamento;3;;;;;;;;;;6;;;;
07/04/2019;20:33:00;173;com vítima;306,073;BR-101/RJ;Sul;Atropelamento - Morador;1;;;;;;;;;;4;2;;;
07/04/2019;21:36:00;184;com vítima;307,713;BR-101/RJ;Norte;Choque - Defensa, barreira ou "submarino";1;;;;;;;;;;0;1;;;
07/04/2019;21:36:00;185;com vítima;60,648;BR-101/RJ;Norte;Atropelamento - Ciclista;1;1;;;;;;;;;1;;1;;
08/04/2019;05:20:00;39;com vítima;320,205;BR-101/RJ;Sul;Choque - Defensa, barreira ou "submarino";1;;;;;;;;;;1;1;1;;1
08/04/2019;06:52:00;55;sem vítima;75,813;BR-101/RJ;Sul;Choque - Defensa, barreira ou "submarino";1;;;;;;;;;;1;;;;
08/04/2019;07:49:00;72;sem vítima;319,658;BR-101/RJ;Sul;Colisão Traseira;1;;;;;1;;;;;2;;;;
08/04/2019;08:21:00;83;com vítima;236,298;BR-101/RJ;Sul;Colisão Transversal;1;;;1;;;;;;;3;2;;;
08/04/2019;09:29:00;111;com vítima;63,444;BR-101/RJ;Sul;Tombamento;;;;1;;;;;;;0;1;;;
08/04/2019;15:53:00;177;sem vítima;278,624;BR-101/RJ;Norte;Choque - Outros;;;;;;;;;;1;1;;;;
08/04/2019;17:38:00;188;sem vítima;316,353;BR-101/RJ;Norte;Engavetamento;3;;;;;;;;;;6;;;;
08/04/2019;18:44:00;199;sem vítima;316,9;BR-101/RJ;Norte;Engavetamento;3;;;;;;;;;;5;;;;
08/04/2019;19:48:00;209;sem vítima;61,039;BR-101/RJ;Sul;Colisão Traseira;;;2;;;;;;;;2;;;;
09/04/2019;14:16:00;121;sem vítima;202,523;BR-101/RJ;Norte;Colisão Traseira;1;1;;;;;;;;;2;;;;
09/04/2019;15:16:00;130;sem vítima;297,004;BR-101/RJ;Norte;Colisão Traseira;2;;;;;;;;;;2;;;;
09/04/2019;17:31:00;148;com vítima;81,65;BR-101/RJ;Norte;Choque - Defensa, barreira ou "submarino";1;;;;;;;;;;0;1;;;
09/04/2019;21:08:00;176;com vítima;313,209;BR-101/RJ;Sul;Colisão Traseira;2;;;;;;;;;;4;2;;;
09/04/2019;22:34:00;183;sem vítima;290,03;BR-101/RJ;Norte;Choque - Defensa, barreira ou "submarino";1;;;;;;;;;;2;;;;
09/04/2019;23:31:00;189;com vítima;53,929;BR-101/RJ;Sul;Colisão Transversal;1;;1;;;;;;;;1;2;;;1
10/04/2019;00:20:00;19;com vítima;77,144;BR-101/RJ;Sul;Colisão Traseira;1;;1;;;;;;;;1;2;;;
10/04/2019;06:38:00;37;com vítima;198,425;BR-101/RJ;Sul;Capotamento;1;;;;;;;;;;0;1;;;
10/04/2019;09:26:00;80;sem vítima;92,952;BR-101/RJ;Sul;Choque - Talude;1;;;;;;;;;;1;;;;
10/04/2019;09:59:00;85;sem vítima;306,548;BR-101/RJ;Norte;Colisão Traseira;2;;;;;;;;;;2;;;;