data;horario;n_da_ocorrencia;tipo_de_ocorrencia;km;trecho;sentido;tipo_de_acidente;automovel;bicicleta;caminhao;moto;onibus;outros;tracao_animal;transporte_de_cargas_especiais;trator_maquinas;utilitarios;ilesos;levemente_feridos;moderadamente_feridos;gravemente_feridos;mortos
10/04/2019;09:55:00;87;com vítima;87,513;BR-101/RJ;Norte;Choque - Defensa, barreira ou "submarino";;;1;;;;;;;;0;;2;;
10/04/2019;11:20:00;109;sem vítima;231,431;BR-101/RJ;Sul;Choque - Defensa, barreira ou "submarino";1;;;;;;;;;;1;;;;
10/04/2019;12:26:00;125;sem vítima;297,628;BR-101/RJ;Norte;Colisão Lateral;1;;;;1;;;;;;2;;;;
10/04/2019;19:05:00;204;sem vítima;140,644;BR-101/RJ;Sul;Colisão Traseira;1;;;;;1;;;;;2;;;;
10/04/2019;19:55:00;216;com vítima;317,837;BR-101/RJ;Norte;Tombamento;;;;1;;;;;;;1;1;;;
11/04/2019;02:36:00;24;sem vítima;209,5;BR-101/RJ;Sul;Tombamento;;;1;;;;;;;;1;;;;
11/04/2019;03:37:00;27;com vítima;91,723;BR-101/RJ;Norte;Capotamento;1;;;;;;;;;;0;;1;;
11/04/2019;07:03:00;42;com vítima;48,6;BR-101/RJ;Sul;Colisão Traseira;;1;;;;1;;;;;1;1;;;
11/04/2019;08:55:00;85;com vítima;315,154;BR-101/RJ;Sul;Colisão Lateral;1;;;1;1;;;;;;3;1;;;
11/04/2019;11:18:00;123;sem vítima;315,3;BR-101/RJ;Sul;Colisão Traseira;2;;;;;;;;;;2;;;;
11/04/2019;11:32:00;127;sem vítima;302,98;BR-101/RJ;Norte;Colisão Traseira;1;;;;;;;;;1;6;;;;
11/04/2019;17:19:00;202;com vítima;64,321;BR-101/RJ;Sul;Colisão Transversal;;;;1;;1;;;;;1;1;;;
11/04/2019;18:19:00;218;sem vítima;224,08;BR-101/RJ;Sul;Colisão Traseira;1;;2;;;;;;;;3;;;;
11/04/2019;19:37:00;232;com vítima;302,957;BR-101/RJ;Norte;Tombamento;;;;1;;;;;;;0;2;;;
11/04/2019;22:53:00;246;com vítima;62,665;BR-101/RJ;Sul;Colisão Transversal;1;;;1;;;;;;;3;;1;;
12/04/2019;01:28:00;25;com vítima;49,315;BR-101/RJ;Sul;Colisão Traseira;1;;;;;;;;;2;1;2;;1;
12/04/2019;03:57:00;29;sem vítima;266,97;BR-101/RJ;Sul;Choque - Defensa, barreira ou "submarino";;;1;;;;;;;;1;;;;
12/04/2019;08:05:00;69;sem vítima;294,001;BR-101/RJ;Sul;Colisão Traseira;1;;;;1;;;;;;2;;;;
12/04/2019;16:44:00;202;sem vítima;315,95;BR-101/RJ;Norte;Engavetamento;3;;;;;1;;;;;9;;;;
12/04/2019;19:09:00;228;com vítima;312,981;BR-101/RJ;Norte;Colisão Traseira;1;;;1;;;;;;;1;2;;;
12/04/2019;22:11:00;265;sem vítima;320,101;BR-101/RJ;Norte;Choque - Suporte de Sinalização;1;;;;;;;;;;2;;;;
12/04/2019;22:17:00;267;sem vítima;225,847;BR-101/RJ;Norte;Choque - Suporte de Sinalização;1;;;;;;;;;;1;;;;
12/04/2019;23:06:00;275;sem vítima;277,717;BR-101/RJ;Norte;Atropelamento de Animal;1;;;;;;;;;;1;;;;
13/04/2019;03:54:00;29;sem vítima;299,5;BR-101/RJ;Norte;Choque - Elemento de Drenagem;1;;;;;;;;;;1;;;;
13/04/2019;08:58:00;64;com vítima;70,328;BR-101/RJ;Sul;Colisão Traseira;1;1;;;;;;;;;1;1;;;
13/04/2019;09:49:00;78;sem vítima;319,4;BR-101/RJ;Sul;Colisão Traseira;2;;;;;;;;;;3;;;;
13/04/2019;16:36:00;155;com vítima;276,615;BR-101/RJ;Norte;Choque - Defensa, barreira ou "submarino";1;;1;;;;;;;;3;2;;;
14/04/2019;00:19:00;19;com vítima;287,845;BR-101/RJ;Sul;Choque - Elemento de Drenagem;1;;;;;;;;;;2;3;;;
14/04/2019;05:08:00;33;sem vítima;131,264;BR-101/RJ;Norte;Atropelamento de Animal;1;;;;;;;;;;1;;;;
14/04/2019;06:56:00;41;sem vítima;320,961;BR-101/RJ;Sul;Choque - Outros;1;;;;;;;;;;1;;;;
14/04/2019;12:11:00;79;sem vítima;309,714;BR-101/RJ;Sul;Engavetamento;3;;;;;;;;;;7;;;;
14/04/2019;12:57:00;86;com vítima;228,449;BR-101/RJ;Norte;Capotamento;1;;;;;;;;;;0;2;;;
14/04/2019;15:45:00;111;sem vítima;265,347;BR-101/RJ;Norte;Choque - Defensa, barreira ou "submarino";1;;;;;;;;;;1;;;;
14/04/2019;16:50:00;127;sem vítima;309,981;BR-101/RJ;Sul;Colisão Traseira;1;;;;;1;;;;;3;;;;
14/04/2019;19:24:00;166;sem vítima;235,7;BR-101/RJ;Sul;Choque - Objeto sobre a pista;1;;;;;;;;;;1;;;;
14/04/2019;19:38:00;169;sem vítima;124,434;BR-101/RJ;Norte;Colisão Traseira;1;;;;;;;;;1;2;;;;
14/04/2019;19:46:00;171;com vítima;143,284;BR-101/RJ;Sul;Tombamento;;;;1;;;;;;;0;1;;1;
14/04/2019;20:46:00;181;sem vítima;310,391;BR-101/RJ;Norte;Choque - Defensa, barreira ou "submarino";1;;;;;;;;;;1;;;;
14/04/2019;21:15:00;187;com vítima;70,761;BR-101/RJ;Sul;Atropelamento - Morador;1;;;;;;;;;;1;;1;;
14/04/2019;21:28:00;189;sem vítima;296,2;BR-101/RJ;Sul;Choque - Defensa, barreira ou "submarino";;;1;;;;;;;;1;;;;
14/04/2019;21:46:00;192;sem vítima;318,001;BR-101/RJ;Norte;Atropelamento de Animal;1;;;;;;;;;;1;;;;
14/04/2019;22:14:00;198;sem vítima;92,652;BR-101/RJ;Norte;Choque - Talude;1;;;;;;;;;;3;;;;
14/04/2019;22:49:00;202;sem vítima;87,97;BR-101/RJ;Sul;Capotamento;1;;;;;;;;;;1;;;;
15/04/2019;00:50:00;24;sem vítima;229,661;BR-101/RJ;Sul;Choque - Elemento de Drenagem;1;;;;;;;;;;1;;;;
15/04/2019;12:00:00;116;com vítima;296,55;BR-101/RJ;Norte;Colisão Traseira;2;;;;;;;;;;2;1;;;
15/04/2019;12:55:00;124;com vítima;313,254;BR-101/RJ;Sul;Tombamento;;;;1;;;;;;;0;1;;;
15/04/2019;13:41:00;137;com vítima;214,21;BR-101/RJ;Norte;Choque - Defensa, barreira ou "submarino";1;;;;;;;;;1;1;1;;;
15/04/2019;17:21:00;173;sem vítima;53,35;BR-101/RJ;Sul;Colisão Traseira;2;;;;;;;;;;9;;;;
16/04/2019;06:21:00;38;com vítima;282,783;BR-101/RJ;Norte;Tombamento;;;;1;;;;;;;0;2;;;
16/04/2019;06:39:00;42;com vítima;191,05;BR-101/RJ;Sul;Choque - Defensa, barreira ou "submarino";1;;;;;;;;;;4;1;;;
16/04/2019;19:27:00;179;com vítima;317,015;BR-101/RJ;Norte;Choque - Defensa, barreira ou "submarino";1;;;;;;;;;;1;1;;;
16/04/2019;21:42:00;207;sem vítima;286,125;BR-101/RJ;Norte;Choque - Defensa, barreira ou "submarino";1;;;;;;;;;;1;;;;
16/04/2019;22:25:00;208;sem vítima;317,2;BR-101/RJ;Norte;Choque - Defensa, barreira ou "submarino";1;;;;;;;;;;2;;;;
16/04/2019;22:25:00;209;sem vítima;320,047;BR-101/RJ;Norte;Choque - Objeto sobre a pista;1;;;;;;;;;;1;;;;
16/04/2019;22:25:00;210;sem vítima;320,047;BR-101/RJ;Norte;Choque - Defensa, barreira ou "submarino";1;;;;;;;;;;1;;;;
16/04/2019;23:21:00;218;sem vítima;94,34;BR-101/RJ;Norte;Colisão Traseira;;;1;;;1;;;;;2;;;;
17/04/2019;06:25:00;32;sem vítima;86,915;BR-101/RJ;Sul;Choque - Defensa, barreira ou "submarino";1;;;;;;;;;;2;;;;
17/04/2019;07:09:00;48;sem vítima;71,075;BR-101/RJ;Sul;Colisão Traseira;2;;;;;;;;;;3;;;;
17/04/2019;09:51:00;96;sem vítima;157,95;BR-101/RJ;Norte;Tombamento;1;;;;;;;;;;1;;;;
17/04/2019;10:01:00;101;sem vítima;297,684;BR-101/RJ;Sul;Colisão Traseira;1;;1;;;;;;;;2;;;;
17/04/2019;18:05:00;198;com vítima;66,412;BR-101/RJ;Norte;Atropelamento - Andarilho;1;;;;;;;;;;2;;1;;
18/04/2019;02:53:00;22;sem vítima;121,835;BR-101/RJ;Sul;Atropelamento de Animal;;;;;1;;;;;;1;;;;
18/04/2019;05:03:00;29;sem vítima;288,953;BR-101/RJ;Norte;Colisão Traseira;;;;;;1;;;;1;4;;;;
18/04/2019;07:42:00;47;sem vítima;299,839;BR-101/RJ;Norte;Atropelamento de Animal;1;;;;;;;;;;1;;;;
18/04/2019;08:17:00;64;com vítima;294,811;BR-101/RJ;Norte;Colisão Lateral;;1;;;1;;;;;;1;1;;;
18/04/2019;09:56:00;106;sem vítima;297,08;BR-101/RJ;Sul;Colisão Lateral;1;;1;;;;;;;;2;;;;
18/04/2019;10:05:00;109;sem vítima;295,025;BR-101/RJ;Sul;Colisão Traseira;1;;;;;;;;;1;7;;;;
18/04/2019;11:31:00;123;sem vítima;297,9;BR-101/RJ;Sul;Colisão Lateral;;;1;;;1;;;;;2;;;;
18/04/2019;15:25:00;174;com vítima;25,42;BR-101/RJ;Sul;Choque - Defensa, barreira ou "submarino";;;2;;;;;;;;1;;;1;
18/04/2019;16:16:00;184;sem vítima;311,334;BR-101/RJ;Norte;Colisão Traseira;2;;;;;;;;;;4;;;;
18/04/2019;20:22:00;233;sem vítima;68,756;BR-101/RJ;Norte;Colisão Traseira;1;;;;;;;;;1;4;;;;
18/04/2019;20:27:00;235;com vítima;297,38;BR-101/RJ;Norte;Colisão Traseira;1;;1;;;;;;;;1;2;;;
18/04/2019;20:48:00;243;sem vítima;321,85;BR-101/RJ;Norte;Colisão Traseira;2;;;;;;;;;;2;;;;
19/04/2019;07:14:00;66;sem vítima;266,59;BR-101/RJ;Sul;Colisão Lateral;1;;1;;;;;;;;2;;;;
19/04/2019;07:15:00;67;com vítima;300,45;BR-101/RJ;Sul;Atropelamento - Usuário;;;;1;;;;;;;0;1;1;;
19/04/2019;09:03:00;88;sem vítima;67,5;BR-101/RJ;Norte;Engavetamento;2;;;;;1;;;;;8;;;;
19/04/2019;09:36:00;94;com vítima;67,915;BR-101/RJ;Norte;Engavetamento;3;;1;;1;;;;;;13;3;1;;
19/04/2019;13:47:00;156;com vítima;59,823;BR-101/RJ;Sul;Colisão Lateral;;;;1;;1;;;;;1;1;;;
19/04/2019;18:39:00;203;com vítima;206,08;BR-101/RJ;Norte;Colisão Transversal;1;1;;;;;;;;;2;;1;;
19/04/2019;23:45:00;230;com vítima;262,914;BR-101/RJ;Sul;Colisão Traseira;1;;;1;;;;;;;5;1;;;1
20/04/2019;00:24:00;15;com vítima;66,299;BR-101/RJ;Norte;Choque - Poste;1;;;;;;;;;;0;;2;;
20/04/2019;00:30:00;16;com vítima;293,05;BR-101/RJ;Norte;Choque - Defensa, barreira ou "submarino";;;;1;;;;;;;0;2;;;
20/04/2019;00:43:00;19;sem vítima;111,853;BR-101/RJ;Norte;Atropelamento de Animal;1;;;;;;;;;;1;;;;
20/04/2019;09:28:00;65;com vítima;309,154;BR-101/RJ;Norte;Colisão Traseira;1;;;;1;;;;;;1;;;2;
20/04/2019;10:14:00;71;com vítima;318,125;BR-101/RJ;Sul;Engavetamento;3;;;;;;;;;;1;4;;;
20/04/2019;10:16:00;72;sem vítima;67,637;BR-101/RJ;Sul;Colisão Traseira;2;;;;;;;;;;2;;;;
20/04/2019;10:33:00;76;sem vítima;276,626;BR-101/RJ;Sul;Choque - Defensa, barreira ou "submarino";1;;;;;;;;;;2;;;;
20/04/2019;12:39:00;95;com vítima;304,245;BR-101/RJ;Norte;Tombamento;;;;1;;;;;;;0;1;1;;
20/04/2019;14:29:00;109;sem vítima;311,428;BR-101/RJ;Norte;Choque - Objeto sobre a pista;1;;;;;;;;;;1;;;;
20/04/2019;14:41:00;115;sem vítima;311,428;BR-101/RJ;Norte;Choque - Objeto sobre a pista;1;;;;;;;;;;1;;;;
20/04/2019;18:53:00;175;sem vítima;320,03;BR-101/RJ;Norte;Capotamento;1;;;;1;;;;;;2;;;;
20/04/2019;19:55:00;186;sem vítima;319,312;BR-101/RJ;Sul;Colisão Lateral;1;;;;;;;;;1;4;;;;
20/04/2019;20:22:00;190;com vítima;44,383;BR-101/RJ;Sul;Atropelamento de Animal;1;;;;;;;;;;1;1;;;
21/04/2019;03:18:00;29;com vítima;320,233;BR-101/RJ;Sul;Choque - Defensa, barreira ou "submarino";1;;;;;;;;;;0;6;;;
21/04/2019;12:43:00;96;sem vítima;174,865;BR-101/RJ;Sul;Colisão Transversal;2;;;;;;;;;;3;;;;
21/04/2019;13:11:00;101;com vítima;65,5;BR-101/RJ;Norte;Colisão Transversal;2;;;;;;;;;;2;2;;;
21/04/2019;14:00:00;108;com vítima;314,692;BR-101/RJ;Sul;Colisão Traseira;1;;;1;;;;;;;5;1;;;
21/04/2019;17:29:00;152;com vítima;252,848;BR-101/RJ;Sul;Choque - Defensa, barreira ou "submarino";;;;1;;;;;;;0;;;;1
21/04/2019;17:34:00;153;com vítima;66,498;BR-101/RJ;Norte;Colisão Lateral;;1;;;;1;;;;;1;1;;;
21/04/2019;22:41:00;188;com vítima;313,346;BR-101/RJ;Sul;Choque - Defensa, barreira ou "submarino";;;;1;;;;;;;0;1;;;
22/04/2019;02:26:00;24;sem vítima;133,723;BR-101/RJ;Sul;Atropelamento de Animal;;;1;;;;;;;;3;;;;
22/04/2019;10:32:00;99;sem vítima;169,832;BR-101/RJ;Sul;Colisão Traseira;1;;1;;;;;;;;3;;;;
22/04/2019;11:16:00;105;com vítima;206,154;BR-101/RJ;Norte;Colisão Transversal;2;;;;;;;;;;2;2;;;
22/04/2019;14:20:00;137;com vítima;316,5;BR-101/RJ;Norte;Engavetamento;3;;;;;;;;;;5;2;;;
22/04/2019;17:53:00;181;sem vítima;318,962;BR-101/RJ;Sul;Colisão Traseira;1;;;;;1;;;;;6;;;;
22/04/2019;19:44:00;201;com vítima;299,7;BR-101/RJ;Sul;Colisão Traseira;;;;1;;1;;;;;1;2;;;
23/04/2019;05:32:00;43;com vítima;69,1;BR-101/RJ;Norte;Colisão Frontal;;;1;1;;;;;;;1;;;2;
23/04/2019;07:08:00;54;com vítima;293,36;BR-101/RJ;Sul;Capotamento;1;;;;;;;;;;0;1;;;
23/04/2019;19:32:00;155;com vítima;271,371;BR-101/RJ;Sul;Tombamento;;;;1;;;;;;;0;1;;;
23/04/2019;21:47:00;171;com vítima;307,585;BR-101/RJ;Norte;Choque - Defensa, barreira ou "submarino";1;;;;;;;;;;0;1;;;
23/04/2019;22:41:00;178;sem vítima;265,191;BR-101/RJ;Sul;Choque - Outros;1;;;;;;;;;;1;;;;
23/04/2019;23:36:00;180;sem vítima;314,733;BR-101/RJ;Norte;Colisão Traseira;1;;;;;1;;;;;2;;;;
23/04/2019;23:38:00;182;sem vítima;267,644;BR-101/RJ;Sul;Atropelamento de Animal;;;1;;;;;;;;2;;;;
23/04/2019;23:50:00;183;sem vítima;309,434;BR-101/RJ;Norte;Choque - Elemento de Drenagem;1;;;;;;;;;;1;;;;
24/04/2019;03:46:00;43;sem vítima;286,148;BR-101/RJ;Norte;Atropelamento de Animal;;;1;;;;;;;;1;;;;
24/04/2019;08:14:00;90;sem vítima;290,098;BR-101/RJ;Norte;Choque - Defensa, barreira ou "submarino";;;;;;;;;;1;1;;;;
24/04/2019;17:12:00;201;sem vítima;40,613;BR-101/RJ;Norte;Choque - Cancela de Pedagio;;;1;;;;;;;;1;;;;
25/04/2019;08:44:00;90;com vítima;172,028;BR-101/RJ;Sul;Tombamento;;;;1;;;;;;;0;1;;;
25/04/2019;15:25:00;166;sem vítima;300,2;BR-101/RJ;Norte;Choque - Defensa, barreira ou "submarino";1;;;;;;;;;;1;;;;
25/04/2019;18:06:00;206;sem vítima;312,195;BR-101/RJ;Norte;Outros - Sequência;2;;;1;;;;;;;3;;;;
25/04/2019;23:45:00;245;sem vítima;60,729;BR-101/RJ;Sul;Colisão Transversal;1;;1;;;;;;;;2;;;;
26/04/2019;06:01:00;34;sem vítima;308,9;BR-101/RJ;Norte;Colisão Traseira;2;;;;;;;;;;4;;;;
26/04/2019;06:46:00;41;sem vítima;264,282;BR-101/RJ;Sul;Colisão Traseira;1;;;;;1;;;;;2;;;;
26/04/2019;06:51:00;44;sem vítima;318,02;BR-101/RJ;Norte;Engavetamento;3;;;;;;;;;;6;;;;
26/04/2019;16:47:00;177;com vítima;278,75;BR-101/RJ;Sul;Choque - Outros;1;;;;;;;;;;0;1;;;
26/04/2019;19:31:00;205;sem vítima;262,59;BR-101/RJ;Sul;Choque - Objeto sobre a pista;2;;1;;;;;;;;7;;;;
27/04/2019;10:13:00;102;com vítima;256,7;BR-101/RJ;Norte;Colisão Lateral;;;;2;;;;;;;1;2;;;
27/04/2019;12:20:00;120;com vítima;192,124;BR-101/RJ;Norte;Colisão Traseira;1;;;1;;;;;;;0;2;1;;
27/04/2019;17:07:00;163;com vítima;297,265;BR-101/RJ;Sul;Colisão Traseira;1;;;1;;;;;;;7;1;;;
27/04/2019;18:13:00;169;sem vítima;310,001;BR-101/RJ;Sul;Colisão Lateral;1;;;;;;;;;1;2;;;;
28/04/2019;02:29:00;14;sem vítima;62,285;BR-101/RJ;Sul;Choque - Poste;1;;;;;;;;;;1;;;;
28/04/2019;10:29:00;86;com vítima;318,973;BR-101/RJ;Sul;Choque - Defensa, barreira ou "submarino";;;;1;;;;;;;0;;;;1
28/04/2019;10:51:00;92;sem vítima;302,7;BR-101/RJ;Norte;Colisão Traseira;1;;;;;1;;;;;2;;;;
28/04/2019;11:04:00;95;sem vítima;300,9;BR-101/RJ;Norte;Colisão Traseira;;;;;;1;;;;1;2;;;;
28/04/2019;11:12:00;97;com vítima;247,285;BR-101/RJ;Sul;Choque - Defensa, barreira ou "submarino";1;;;;;;;;;;0;1;;;
28/04/2019;18:14:00;175;com vítima;303,065;BR-101/RJ;Norte;Atropelamento - Ciclista;1;1;;;;;;;;;1;1;;;
28/04/2019;19:35:00;193;com vítima;151,899;BR-101/RJ;Sul;Choque - Suporte de Sinalização;1;;;;;;;;;;2;2;;1;
28/04/2019;20:29:00;201;com vítima;265,389;BR-101/RJ;Norte;Choque - Defensa, barreira ou "submarino";1;;;;;;;;;;0;2;;;
28/04/2019;20:49:00;215;sem vítima;286,37;BR-101/RJ;Norte;Atropelamento de Animal;1;;;;;;;;;;4;;;;
28/04/2019;21:15:00;219;sem vítima;286,08;BR-101/RJ;Norte;Atropelamento de Animal;1;;;;;;;;;;3;;;;
28/04/2019;21:16:00;220;sem vítima;286,08;BR-101/RJ;Norte;Atropelamento de Animal;1;;;;;;;;;;2;;;;
29/04/2019;02:49:00;21;sem vítima;306,077;BR-101/RJ;Norte;Choque - Poste;1;;;;;;;;;;1;;;;
29/04/2019;06:37:00;34;sem vítima;92,721;BR-101/RJ;Sul;Choque - Defensa, barreira ou "submarino";1;;;;;;;;;;1;;;;
29/04/2019;16:40:00;179;com vítima;49,367;BR-101/RJ;Sul;Colisão Transversal;2;;;;;;;;;;1;1;;;
29/04/2019;23:50:00;232;sem vítima;320,548;BR-101/RJ;Sul;Colisão Traseira;2;;;;;;;;;;2;;;;
30/04/2019;05:37:00;32;com vítima;295,321;BR-101/RJ;Norte;Choque - Talude;;;1;;;;;;;;0;1;;;
30/04/2019;05:37:00;33;sem vítima;295,321;BR-101/RJ;Sul;Choque - Objeto sobre a pista;1;;;;;;;;;;1;;;;
30/04/2019;07:00:00;41;sem vítima;296,1;BR-101/RJ;Sul;Engavetamento;3;;;;;;;;;;5;;;;
30/04/2019;07:53:00;54;com vítima;314,7;BR-101/RJ;Sul;Colisão Lateral;;;;1;;1;;;;;1;;1;;
30/04/2019;08:53:00;66;sem vítima;199,858;BR-101/RJ;Sul;Choque - Defensa, barreira ou "submarino";1;;;;;;;;;;1;;;;
30/04/2019;16:18:00;167;sem vítima;177,3;BR-101/RJ;Sul;Choque - Defensa, barreira ou "submarino";1;;;;;;;;;;4;;;;
30/04/2019;17:22:00;179;com vítima;120,345;BR-101/RJ;Norte;Atropelamento - Morador;1;;;;;;;;;;1;1;;;
30/04/2019;17:55:00;188;com vítima;321,115;BR-101/RJ;Norte;Colisão Traseira;1;;;1;;;;;;;2;;1;;
30/04/2019;18:05:00;192;com vítima;295,308;BR-101/RJ;Sul;Colisão Transversal;2;;;;;;;;;;4;2;;;
30/04/2019;22:58:00;248;com vítima;51,723;BR-101/RJ;Norte;Colisão Traseira;1;;;;;;;;;1;0;4;1;;
01/06/2019;07:01:00;47;sem vítima;300,585;BR-101/RJ;Sul;Choque - Defensa, barreira ou "submarino";1;;;;;;;;;;1;;;;
01/06/2019;09:30:00;78;sem vítima;61,217;BR-101/RJ;Sul;Colisão Transversal;1;;1;;;;;;;;2;;;;
01/06/2019;11:59:00;105;sem vítima;65,636;BR-101/RJ;Norte;Outros;1;;;;;1;;;;;2;;;;
01/06/2019;12:15:00;109;com vítima;293,19;BR-101/RJ;Norte;Colisão Frontal;;1;;1;;;;;;;0;2;;;
01/06/2019;14:47:00;133;sem vítima;308,698;BR-101/RJ;Sul;Colisão Traseira;2;;;;;;;;;;4;;;;
01/06/2019;17:42:00;160;sem vítima;73,15;BR-101/RJ;Norte;Tombamento;;;;1;;;;;;;1;;;;
01/06/2019;21:47:00;200;sem vítima;66,47;BR-101/RJ;Norte;Saida de Pista;1;;;;;;;;;;1;;;;
02/06/2019;02:31:00;26;sem vítima;124,844;BR-101/RJ;Norte;Choque - Elemento de Drenagem;1;;;;;;;;;;1;;;;
02/06/2019;03:42:00;34;sem vítima;199,316;BR-101/RJ;Norte;Tombamento;1;;;;;;;;;;2;;;;
02/06/2019;04:44:00;37;com vítima;142,7;BR-101/RJ;Sul;Colisão Lateral;2;;;;;;;;;;0;3;2;;
02/06/2019;05:11:00;38;com vítima;282,841;BR-101/RJ;Sul;Choque - Defensa, barreira ou "submarino";;;1;;;;;;;;0;;;;1
02/06/2019;07:47:00;50;com vítima;295,6;BR-101/RJ;Sul;Choque - Defensa, barreira ou "submarino";1;;;;;;;;;;0;1;;;
02/06/2019;09:45:00;65;sem vítima;282,766;BR-101/RJ;Sul;Colisão Lateral;1;;1;;;;;;;;2;;;;
02/06/2019;13:02:00;88;sem vítima;320,31;BR-101/RJ;Sul;Colisão Traseira;;;1;;1;;;;;;3;;;;
02/06/2019;13:14:00;90;com vítima;299,7;BR-101/RJ;Sul;Colisão Lateral;1;;;1;;;;;;;4;2;;;
02/06/2019;14:02:00;97;sem vítima;319,757;BR-101/RJ;Norte;Choque - Defensa, barreira ou "submarino";1;;;;;;;;;;2;;;;
02/06/2019;17:22:00;139;sem vítima;304,72;BR-101/RJ;Sul;Engavetamento;3;;;;;;;;;;4;;;;
02/06/2019;21:00:00;160;com vítima;320,6;BR-101/RJ;Sul;Colisão Traseira;1;;;1;;;;;;;2;1;1;;
03/06/2019;00:00:00;12;sem vítima;309,223;BR-101/RJ;Norte;Atropelamento de Animal;1;;;;;;;;;;1;;;;
03/06/2019;04:44:00;32;sem vítima;73,1;BR-101/RJ;Sul;Choque - Defensa, barreira ou "submarino";1;;;;;;;;;;1;;;;
03/06/2019;10:26:00;98;com vítima;313,55;BR-101/RJ;Sul;Colisão Transversal;;1;;1;;;;;;;0;2;;;
03/06/2019;10:39:00;100;com vítima;190,577;BR-101/RJ;Sul;Colisão Traseira;1;;;1;;;;;;;2;;2;;
03/06/2019;11:19:00;113;sem vítima;62,057;BR-101/RJ;Sul;Choque - Outros;1;;;;;;;;;;1;;;;
03/06/2019;11:40:00;117;sem vítima;313,56;BR-101/RJ;Sul;Colisão Traseira;2;;;;;;;;;;2;;;;
03/06/2019;12:45:00;132;sem vítima;297,484;BR-101/RJ;Sul;Colisão Traseira;1;;1;;;;;;;;2;;;;
03/06/2019;13:01:00;134;sem vítima;306,55;BR-101/RJ;Norte;Choque - Defensa, barreira ou "submarino";1;;;;;;;;;;1;;;;
03/06/2019;18:34:00;184;com vítima;71,08;BR-101/RJ;Norte;Tombamento;;;;1;;;;;;;0;1;;;
04/06/2019;07:02:00;31;sem vítima;265,729;BR-101/RJ;Norte;Tombamento;;;1;;;;;;;;1;;;;
04/06/2019;08:49:00;41;sem vítima;228,489;BR-101/RJ;Norte;Choque - Elemento de Drenagem;1;;;;;;;;;;2;;;;
04/06/2019;09:13:00;52;sem vítima;271,076;BR-101/RJ;Norte;Choque - Outros;1;;;;;;;;;;1;;;;
04/06/2019;09:31:00;58;sem vítima;316,547;BR-101/RJ;Sul;Colisão Traseira;2;;;;;;;;;;2;;;;
04/06/2019;13:16:00;87;sem vítima;318,328;BR-101/RJ;Norte;Colisão Lateral;;;2;;;;;;;;2;;;;
04/06/2019;15:07:00;107;com vítima;61,15;BR-101/RJ;Norte;Colisão Lateral;1;;;1;;;;;;;1;1;;;
04/06/2019;18:27:00;138;sem vítima;296,89;BR-101/RJ;Sul;Colisão Traseira;1;;;;1;;;;;;50;;;;
04/06/2019;18:43:00;139;sem vítima;140,909;BR-101/RJ;Norte;Choque - Defensa, barreira ou "submarino";;;1;;;;;;;;1;;;;
05/06/2019;08:16:00;69;com vítima;205,398;BR-101/RJ;Norte;Colisão Transversal;1;;1;;;;;;;;1;2;;;
05/06/2019;09:54:00;96;com vítima;33,357;BR-101/RJ;Sul;Colisão Lateral;;;1;;;1;;;;;1;1;;;
05/06/2019;12:40:00;125;sem vítima;249,415;BR-101/RJ;Norte;Tombamento;1;;;;;;;;;;2;;;;
05/06/2019;22:02:00;195;com vítima;316,31;BR-101/RJ;Norte;Engavetamento;2;;;1;;;;;;;2;3;;;
06/06/2019;13:32:00;135;com vítima;228,449;BR-101/RJ;Norte;Capotamento;1;;;;;;;;;;0;1;;;
07/06/2019;04:47:00;23;com vítima;314,588;BR-101/RJ;Norte;Colisão Lateral;;;;1;;1;;;;;1;1;;;
07/06/2019;05:09:00;26;com vítima;111,5;BR-101/RJ;Sul;Choque - Talude;1;;;;;;;;;;1;1;;;
07/06/2019;06:34:00;35;com vítima;309,017;BR-101/RJ;Sul;Colisão Traseira;2;;;1;;;;;;;2;2;;;
07/06/2019;06:40:00;39;sem vítima;6,294;BR-101/RJ;Norte;Colisão Lateral;1;;1;;;;;;;;4;;;;
07/06/2019;10:28:00;97;sem vítima;316,5;BR-101/RJ;Sul;Colisão Traseira;1;;;;;1;;;;;5;;;;
07/06/2019;11:25:00;109;com vítima;203,677;BR-101/RJ;Sul;Colisão Lateral;1;;;1;;;;;;;1;1;;;
07/06/2019;15:45:00;158;com vítima;63,8;BR-101/RJ;Norte;Tombamento;;1;;;;;;;;;0;1;;;
07/06/2019;18:18:00;196;com vítima;68,5;BR-101/RJ;Norte;Colisão Traseira;1;;;;1;;;;;;4;1;;;
07/06/2019;18:54:00;205;sem vítima;321,98;BR-101/RJ;Sul;Colisão Traseira;1;;;;1;;;;;;2;;;;