data;horario;n_da_ocorrencia;tipo_de_ocorrencia;km;trecho;sentido;tipo_de_acidente;automovel;bicicleta;caminhao;moto;onibus;outros;tracao_animal;transporte_de_cargas_especiais;trator_maquinas;utilitarios;ilesos;levemente_feridos;moderadamente_feridos;gravemente_feridos;mortos
04/11/2019;02:35:00;20;sem vítima;64,049;BR-101/RJ;Sul;Colisão Transversal;1;;1;;;;;;;;4;;;;
04/11/2019;02:53:00;23;com vítima;296,2;BR-101/RJ;Sul;Colisão Traseira;1;;;;;1;;;;;1;1;;;
04/11/2019;11:50:00;122;sem vítima;191,6;BR-101/RJ;Norte;Colisão Traseira;1;;1;;;;;;;;2;;;;
04/11/2019;12:14:00;130;com vítima;66,471;BR-101/RJ;Norte;Tombamento;;;;1;;;;;;;0;2;;;
04/11/2019;12:36:00;135;sem vítima;164,54;BR-101/RJ;Norte;Colisão Traseira;;;1;;;;;;;1;3;;;;
04/11/2019;17:05:00;197;sem vítima;318,5;BR-101/RJ;Norte;Colisão Traseira;1;;;;;1;;;;;3;;;;
05/11/2019;02:30:00;25;sem vítima;66,484;BR-101/RJ;Norte;Outros;1;;;;;;;;;;1;;;;
05/11/2019;05:49:00;43;sem vítima;298,4;BR-101/RJ;Sul;Engavetamento;2;;1;;;;;;;;5;;;;
05/11/2019;05:50:00;44;sem vítima;279,46;BR-101/RJ;Norte;Choque - Elemento de Drenagem;1;;;;;;;;;;2;;;;
05/11/2019;08:03:00;73;com vítima;310,5;BR-101/RJ;Sul;Tombamento;;;;1;;;;;;;0;2;;;
05/11/2019;08:49:00;85;com vítima;96,785;BR-101/RJ;Norte;Choque - Talude;1;;;;;;;;;;1;1;;;
05/11/2019;12:49:00;153;com vítima;223,001;BR-101/RJ;Sul;Capotamento;1;;;;;;;;;;0;1;;;
05/11/2019;14:15:00;173;sem vítima;119,691;BR-101/RJ;Sul;Outros;;;;;;;;;;1;1;;;;
05/11/2019;14:31:00;176;com vítima;321,587;BR-101/RJ;Sul;Colisão Traseira;2;;;;;;;;;;2;1;;;
05/11/2019;20:28:00;264;sem vítima;314,613;BR-101/RJ;Norte;Colisão Traseira;2;;;;;;;;;;2;;;;
06/11/2019;04:39:00;29;com vítima;128,1;BR-101/RJ;Sul;Colisão Traseira;;;2;;;;;;;;1;;;;1
06/11/2019;07:42:00;55;sem vítima;318,117;BR-101/RJ;Sul;Colisão Traseira;1;;;;1;;;;;;6;;;;
06/11/2019;13:18:00;130;sem vítima;243,25;BR-101/RJ;Norte;Engavetamento;2;;1;;;;;;;;5;;;;
06/11/2019;14:20:00;141;sem vítima;310,963;BR-101/RJ;Norte;Engavetamento;5;;;;;;;;;;7;;;;
06/11/2019;15:59:00;161;sem vítima;304,7;BR-101/RJ;Norte;Colisão Traseira;1;;1;;;;;;;;2;;;;
06/11/2019;23:17:00;227;com vítima;66,9;BR-101/RJ;Sul;Choque - Elemento de Drenagem;1;;;;;;;;;;0;1;;;
07/11/2019;06:40:00;46;sem vítima;196,438;BR-101/RJ;Norte;Choque - Defensa, barreira ou "submarino";1;;;;;;;;;;1;;;;
07/11/2019;08:30:00;77;com vítima;229,648;BR-101/RJ;Sul;Colisão Lateral;1;;1;;;;;;;;4;2;;;
07/11/2019;14:20:00;158;sem vítima;27,756;BR-101/RJ;Sul;Colisão Traseira;2;;;;;;;;;;4;;;;
07/11/2019;15:33:00;169;sem vítima;217,757;BR-101/RJ;Norte;Colisão Traseira;2;;;;;;;;;;3;;;;
07/11/2019;15:42:00;171;com vítima;313,661;BR-101/RJ;Norte;Colisão Traseira;;;1;;;;;;;1;4;3;;;
07/11/2019;17:22:00;196;sem vítima;256,001;BR-101/RJ;Norte;Objeto lançado contra veículo;1;;;;;1;;;;;2;;;;
07/11/2019;20:14:00;223;sem vítima;120,5;BR-101/RJ;Sul;Choque - Objeto sobre a pista;1;;;;;;;;;;1;;;;
07/11/2019;21:58:00;229;sem vítima;299,678;BR-101/RJ;Norte;Choque - Suporte de Sinalização;1;;;;;;;;;;2;;;;
07/11/2019;23:19:00;238;com vítima;64,32;BR-101/RJ;Norte;Colisão Transversal;1;1;;;;;;;;;2;;1;;
08/11/2019;04:01:00;20;sem vítima;139,6;BR-101/RJ;Sul;Choque - Defensa, barreira ou "submarino";;;1;;;;;;;;2;;;;
08/11/2019;05:43:00;24;sem vítima;285,045;BR-101/RJ;Sul;Choque - Defensa, barreira ou "submarino";1;;;;;;;;;;2;;;;
08/11/2019;06:41:00;36;sem vítima;309,508;BR-101/RJ;Norte;Choque - Elemento de Drenagem;1;;;;;;;;;;1;;;;
08/11/2019;10:00:00;95;com vítima;321,585;BR-101/RJ;Sul;Colisão Traseira;1;;;1;;;;;;;1;1;;;
08/11/2019;16:02:00;154;com vítima;172,629;BR-101/RJ;Sul;Choque - Talude;1;;;;;;;;;;1;1;;;
08/11/2019;16:20:00;158;com vítima;53,001;BR-101/RJ;Sul;Colisão Traseira;;;;1;;1;;;;;1;;1;;
08/11/2019;17:30:00;170;com vítima;71,8;BR-101/RJ;Sul;Choque - Outros;1;;;;;;;;;;0;1;;;
08/11/2019;18:04:00;178;sem vítima;297,871;BR-101/RJ;Norte;Colisão Lateral;1;;1;;;;;;;;2;;;;
08/11/2019;18:30:00;189;sem vítima;116,8;BR-101/RJ;Norte;Capotamento;1;;;;;;;;;;2;;;;
08/11/2019;20:20:00;225;com vítima;218,25;BR-101/RJ;Norte;Choque - Outros;;;;;1;;;;;;0;3;;;
08/11/2019;22:48:00;260;sem vítima;218,25;BR-101/RJ;Norte;Colisão Traseira;1;;;;;1;;;;;7;;;;
08/11/2019;22:53:00;261;sem vítima;243,164;BR-101/RJ;Norte;Colisão Transversal;2;;;;;;;;;;3;;;;
08/11/2019;23:42:00;266;com vítima;303,051;BR-101/RJ;Sul;Colisão Frontal;2;;;;;;;;;;1;1;;;
09/11/2019;03:39:00;31;sem vítima;40,55;BR-101/RJ;Sul;Choque - Cancela de Pedagio;;;;;;;;;;1;3;;;;
09/11/2019;04:08:00;34;sem vítima;143,043;BR-101/RJ;Sul;Choque - Defensa, barreira ou "submarino";1;;;;;;;;;;1;;;;
09/11/2019;04:12:00;35;sem vítima;299,688;BR-101/RJ;Sul;Choque - Cancela de Pedagio;1;;;;;;;;;;1;;;;
09/11/2019;06:24:00;42;sem vítima;292,92;BR-101/RJ;Sul;Colisão Lateral;2;;;;;;;;;;5;;;;
09/11/2019;06:34:00;47;sem vítima;199,9;BR-101/RJ;Sul;Choque - Defensa, barreira ou "submarino";1;;;;;;;;;;1;;;;
09/11/2019;07:56:00;59;sem vítima;92,867;BR-101/RJ;Norte;Colisão Traseira;1;;;;;1;;;;;7;;;;
09/11/2019;08:22:00;63;sem vítima;210,001;BR-101/RJ;Norte;Colisão Traseira;2;;;;;;;;;;4;;;;
09/11/2019;08:38:00;67;com vítima;297,327;BR-101/RJ;Norte;Atropelamento - Outros;1;;;;;;;;;;1;;1;;
09/11/2019;10:39:00;88;com vítima;320,887;BR-101/RJ;Norte;Colisão Lateral;1;;;1;;;;;;;1;1;;;
09/11/2019;13:08:00;114;com vítima;320,1;BR-101/RJ;Sul;Choque - Defensa, barreira ou "submarino";1;;;;;;;;;;0;2;;;
09/11/2019;14:22:00;125;sem vítima;127,147;BR-101/RJ;Sul;Capotamento;1;;;;;;;;;;1;;;;
09/11/2019;14:52:00;130;com vítima;261,333;BR-101/RJ;Sul;Choque - Defensa, barreira ou "submarino";;;;;;;;;;1;8;1;;;
09/11/2019;16:10:00;141;sem vítima;294,383;BR-101/RJ;Norte;Colisão Traseira;1;;;;;1;;;;;3;;;;
09/11/2019;16:25:00;143;com vítima;170,627;BR-101/RJ;Norte;Choque - Arvore;1;;;;;;;;;;0;;2;;
09/11/2019;19:32:00;174;com vítima;259,8;BR-101/RJ;Sul;Colisão Traseira;2;;;;;;;;;;4;1;;;
09/11/2019;20:10:00;180;sem vítima;262,5;BR-101/RJ;Norte;Choque - Defensa, barreira ou "submarino";1;;;;;;;;;;1;;;;
09/11/2019;20:19:00;182;com vítima;13,087;BR-101/RJ;Norte;Choque - Talude;;;1;;;;;;;;0;1;;;
09/11/2019;20:40:00;189;com vítima;46,954;BR-101/RJ;Norte;Outros;1;;;;;;;;;;1;1;;;
09/11/2019;22:45:00;199;com vítima;315,862;BR-101/RJ;Sul;Colisão Lateral;1;;;1;;;;;;;1;;1;;
10/11/2019;01:10:00;16;sem vítima;75,1;BR-101/RJ;Sul;Choque - Elemento de Drenagem;1;;;;;;;;;;1;;;;
10/11/2019;04:27:00;32;com vítima;295,529;BR-101/RJ;Sul;Tombamento;;;;1;;;;;;;0;1;;;
10/11/2019;07:00:00;51;sem vítima;318,4;BR-101/RJ;Sul;Choque - Poste;1;;;;;;;;;;3;;;;
10/11/2019;13:20:00;101;sem vítima;278,401;BR-101/RJ;Norte;Colisão Traseira;2;;;;;;;;;;3;;;;
11/11/2019;01:52:00;15;com vítima;296,2;BR-101/RJ;Norte;Choque - Defensa, barreira ou "submarino";;;;1;;;;;;;0;1;;;
11/11/2019;02:48:00;20;com vítima;272,25;BR-101/RJ;Norte;Choque - Defensa, barreira ou "submarino";1;;;;;;;;;;0;1;;;
11/11/2019;12:00:00;138;sem vítima;217,889;BR-101/RJ;Sul;Engavetamento;3;;;;;1;;;;;4;;;;
11/11/2019;13:08:00;152;sem vítima;229,58;BR-101/RJ;Norte;Choque - Defensa, barreira ou "submarino";1;;;;;;;;;;2;;;;
11/11/2019;14:34:00;164;com vítima;309,899;BR-101/RJ;Sul;Engavetamento;3;;;;;;;;;;2;1;;;
11/11/2019;17:03:00;189;sem vítima;112,967;BR-101/RJ;Norte;Choque - Talude;1;;;;;;;;;;1;;;;
11/11/2019;18:14:00;196;sem vítima;223,321;BR-101/RJ;Norte;Choque - Outros;1;;;;;;;;;;6;;;;
11/11/2019;19:04:00;201;sem vítima;319,341;BR-101/RJ;Norte;Colisão Traseira;2;;;;;;;;;;4;;;;
11/11/2019;22:58:00;229;com vítima;134,35;BR-101/RJ;Norte;Objeto lançado contra veículo;;;2;;;;;;;;1;2;;;
11/11/2019;23:13:00;231;com vítima;69,5;BR-101/RJ;Norte;Choque - Suporte de Sinalização;1;;;;;;;;;;0;1;;;
12/11/2019;07:07:00;40;com vítima;195,321;BR-101/RJ;Sul;Outros - Sequência;2;;;;;2;;;;;4;1;;;
12/11/2019;07:13:00;45;com vítima;308,015;BR-101/RJ;Norte;Colisão Traseira;2;;;;;1;;;;;2;1;;;
12/11/2019;07:17:00;47;sem vítima;283,772;BR-101/RJ;Sul;Choque - Defensa, barreira ou "submarino";1;;;;;;;;;;1;;;;
12/11/2019;07:45:00;55;sem vítima;171,008;BR-101/RJ;Sul;Colisão Traseira;1;;;;;1;;;;;2;;;;
12/11/2019;07:59:00;57;com vítima;319,4;BR-101/RJ;Sul;Colisão Lateral;;;;1;;2;;;;;2;1;;;
12/11/2019;09:44:00;79;com vítima;92,834;BR-101/RJ;Sul;Choque - Defensa, barreira ou "submarino";1;;;;;;;;;;0;1;;;
12/11/2019;12:45:00;108;sem vítima;109,681;BR-101/RJ;Norte;Colisão Transversal;1;;1;;;;;;;;2;;;;
12/11/2019;13:43:00;118;com vítima;196,367;BR-101/RJ;Sul;Choque - Defensa, barreira ou "submarino";1;;;;;;;;;;0;1;;;
12/11/2019;14:41:00;124;sem vítima;311,133;BR-101/RJ;Norte;Colisão Traseira;2;;;;;;;;;;2;;;;
12/11/2019;16:13:00;139;sem vítima;190,259;BR-101/RJ;Norte;Colisão Lateral;;;1;;;1;;;;;3;;;;
12/11/2019;17:36:00;152;com vítima;86,873;BR-101/RJ;Norte;Choque - Defensa, barreira ou "submarino";1;;;;;;;;;;0;1;;;
12/11/2019;03:21:00;221;sem vítima;310,8;BR-101/RJ;Norte;Colisão Traseira;1;;;;;;;;;1;2;;;;
13/11/2019;03:35:00;29;sem vítima;296,2;BR-101/RJ;Sul;Choque - Outros;1;;;;;;;;;;1;;;;
13/11/2019;05:34:00;41;com vítima;196,387;BR-101/RJ;Sul;Capotamento;1;;;;;;;;;;3;;1;;
13/11/2019;06:10:00;46;sem vítima;153,372;BR-101/RJ;Sul;Choque - Elemento de Drenagem;1;;;;;;;;;;3;;;;
13/11/2019;07:15:00;58;com vítima;86,781;BR-101/RJ;Norte;Choque - Defensa, barreira ou "submarino";1;;;;;;;;;;0;1;;;
13/11/2019;08:19:00;76;com vítima;65,5;BR-101/RJ;Sul;Colisão Traseira;1;;1;;;;;;;;1;1;;;
13/11/2019;09:48:00;104;com vítima;169,3;BR-101/RJ;Norte;Choque - Poste;1;;;;;;;;;;0;1;;;
13/11/2019;10:46:00;120;com vítima;318,81;BR-101/RJ;Norte;Colisão Transversal;;1;;1;;;;;;;0;;2;;
13/11/2019;12:04:00;133;com vítima;109,802;BR-101/RJ;Norte;Colisão Lateral;2;;;;;;;;;;3;2;;;
13/11/2019;12:26:00;138;sem vítima;320,766;BR-101/RJ;Norte;Colisão Lateral;1;;;1;;;;;;;4;;;;
13/11/2019;15:42:00;163;sem vítima;112,938;BR-101/RJ;Norte;Capotamento;1;;;;;;;;;;1;;;;
13/11/2019;18:04:00;190;com vítima;61,708;BR-101/RJ;Sul;Colisão Transversal;1;;;1;;;;;;;1;;1;;
13/11/2019;18:24:00;195;sem vítima;288,252;BR-101/RJ;Sul;Colisão Traseira;1;;;;;;;;;1;3;;;;
13/11/2019;23:53:00;230;com vítima;297,106;BR-101/RJ;Norte;Choque - Elemento de Drenagem;;;;1;;;;;;;0;1;;;
14/11/2019;06:24:00;38;com vítima;318,011;BR-101/RJ;Sul;Colisão Lateral;;;;1;;;;;;1;1;1;;;
14/11/2019;08:37:00;81;sem vítima;59,197;BR-101/RJ;Sul;Colisão Lateral;1;;1;;;;;;;;2;;;;
14/11/2019;09:11:00;95;sem vítima;66,89;BR-101/RJ;Norte;Colisão Lateral;;;;;1;;;;;1;2;;;;
14/11/2019;13:51:00;160;sem vítima;319,787;BR-101/RJ;Sul;Engavetamento;4;;;;;;;;;;5;;;;
14/11/2019;15:10:00;167;sem vítima;298,45;BR-101/RJ;Norte;Colisão Lateral;;;2;;;;;;;;2;;;;
14/11/2019;15:13:00;168;sem vítima;295,6;BR-101/RJ;Norte;Colisão Traseira;2;;;;;;;;;;4;;;;
14/11/2019;18:23:00;207;sem vítima;279,083;BR-101/RJ;Sul;Choque - Defensa, barreira ou "submarino";;;;;;;;;;1;2;;;;
14/11/2019;22:19:00;258;com vítima;86,8;BR-101/RJ;Norte;Choque - Suporte de Sinalização;1;;;;;;;;;;0;1;;;
15/11/2019;00:35:00;15;sem vítima;301,272;BR-101/RJ;Norte;Colisão Traseira;1;;;;1;;;;;;2;;;;
15/11/2019;03:08:00;35;sem vítima;86,338;BR-101/RJ;Norte;Choque - Talude;1;;;;;;;;;;2;;;;
15/11/2019;06:43:00;56;sem vítima;150,25;BR-101/RJ;Norte;Colisão Lateral;1;;1;;;;;;;;3;;;;
15/11/2019;06:49:00;59;sem vítima;62,2;BR-101/RJ;Sul;Engavetamento;3;;;;;;;;;;3;;;;
15/11/2019;07:07:00;63;sem vítima;28,756;BR-101/RJ;Sul;Colisão Traseira;1;;;;;1;;;;;2;;;;
15/11/2019;09:21:00;79;sem vítima;150,1;BR-101/RJ;Sul;Colisão Traseira;2;;;;;;;;;;2;;;;
15/11/2019;09:51:00;103;com vítima;158,926;BR-101/RJ;Sul;Outros - Sequência;3;;;;;;;;;;1;5;3;;
15/11/2019;09:57:00;110;sem vítima;51,329;BR-101/RJ;Norte;Choque - Defensa, barreira ou "submarino";1;;;;;;;;;;2;;;;
15/11/2019;10:54:00;129;sem vítima;261,951;BR-101/RJ;Norte;Colisão Traseira;1;;;;;1;;;;;2;;;;
15/11/2019;11:45:00;142;sem vítima;278,733;BR-101/RJ;Norte;Choque - Outros;1;;;;;;;;;;1;;;;
15/11/2019;11:54:00;143;com vítima;312,886;BR-101/RJ;Norte;Colisão Lateral;2;;;1;;;;;;;5;1;;;
15/11/2019;13:40:00;161;sem vítima;262,27;BR-101/RJ;Norte;Choque - Elemento de Drenagem;1;;;;;;;;;;1;;;;
15/11/2019;20:07:00;224;sem vítima;240,555;BR-101/RJ;Sul;Choque - Elemento de Drenagem;1;;;;;;;;;;2;;;;
15/11/2019;22:03:00;231;sem vítima;117,8;BR-101/RJ;Sul;Choque - Outros;1;;;;;;;;;;1;;;;
15/11/2019;23:40:00;240;sem vítima;105,796;BR-101/RJ;Norte;Choque - Outros;1;;;;;;;;;;1;;;;
16/11/2019;04:21:00;27;com vítima;218,301;BR-101/RJ;Sul;Tombamento;;;;1;;;;;;;0;1;;;
16/11/2019;05:40:00;33;com vítima;295,661;BR-101/RJ;Norte;Choque - Outros;1;;;;;;;;;;1;1;;;
16/11/2019;06:08:00;36;com vítima;112,958;BR-101/RJ;Norte;Capotamento;1;;1;;;;;;;;1;1;;;
16/11/2019;13:12:00;108;com vítima;283,775;BR-101/RJ;Norte;Tombamento;;;;1;;;;;;;0;1;;;
16/11/2019;16:50:00;146;sem vítima;297,648;BR-101/RJ;Sul;Choque - Defensa, barreira ou "submarino";1;;;;;;;;;;1;;;;
16/11/2019;17:55:00;158;com vítima;304,3;BR-101/RJ;Norte;Choque - Defensa, barreira ou "submarino";1;;;;;;;;;;0;1;;;
17/11/2019;03:23:00;20;sem vítima;297,838;BR-101/RJ;Norte;Colisão Traseira;2;;;;;;;;;;3;;;;
17/11/2019;03:40:00;22;sem vítima;270,033;BR-101/RJ;Norte;Colisão Traseira;2;;;;;;;;;;3;;;;
17/11/2019;13:26:00;100;com vítima;256,142;BR-101/RJ;Sul;Capotamento;1;;;;;;;;;;0;1;;;
17/11/2019;18:52:00;177;sem vítima;267,528;BR-101/RJ;Sul;Choque - Elemento de Drenagem;1;;;;;;;;;;1;;;;
17/11/2019;19:45:00;194;com vítima;196,315;BR-101/RJ;Norte;Choque - Talude;1;;;;;;;;;;0;1;;;
17/11/2019;20:10:00;205;sem vítima;12,47;BR-101/RJ;Norte;Colisão Traseira;2;;;;;;;;;;7;;;;
17/11/2019;20:17:00;206;sem vítima;276,976;BR-101/RJ;Norte;Colisão Traseira;2;;;;;;;;;;3;;;;
17/11/2019;23:18:00;235;sem vítima;167,1;BR-101/RJ;Norte;Choque - Objeto sobre a pista;1;;;;;;;;;;1;;;;
18/11/2019;07:56:00;69;com vítima;280,559;BR-101/RJ;Sul;Tombamento;;;;1;;;;;;;0;2;;;
18/11/2019;08:13:00;75;com vítima;101,97;BR-101/RJ;Norte;Choque - Defensa, barreira ou "submarino";1;;;;;;;;;;0;5;;;
18/11/2019;08:48:00;85;sem vítima;280,6;BR-101/RJ;Sul;Colisão Traseira;2;;;;;;;;;;2;;;;
18/11/2019;11:34:00;119;com vítima;273,5;BR-101/RJ;Norte;Choque - Objeto sobre a pista;;;;1;;;;;;1;1;1;;;
18/11/2019;22:33:00;216;com vítima;282,883;BR-101/RJ;Sul;Choque - Defensa, barreira ou "submarino";1;;;;;;;;;;1;1;;;
19/11/2019;02:20:00;16;sem vítima;75,632;BR-101/RJ;Norte;Choque - Outros;1;;;;;;;;;;1;;;;
19/11/2019;09:05:00;66;sem vítima;99,533;BR-101/RJ;Sul;Choque - Defensa, barreira ou "submarino";1;;;;;;;;;;1;;;;
19/11/2019;09:17:00;67;sem vítima;229,688;BR-101/RJ;Sul;Choque - Defensa, barreira ou "submarino";;;;;;;;;;1;1;;;;
19/11/2019;09:51:00;73;sem vítima;139,893;BR-101/RJ;Sul;Choque - Defensa, barreira ou "submarino";1;;;;;;;;;;1;;;;
19/11/2019;10:20:00;77;sem vítima;108,5;BR-101/RJ;Norte;Choque - Defensa, barreira ou "submarino";1;;;;;;;;;;1;;;;
19/11/2019;12:45:00;103;com vítima;312,581;BR-101/RJ;Sul;Tombamento;;;;1;;;;;;;0;2;;;
19/11/2019;13:12:00;108;com vítima;231,6;BR-101/RJ;Sul;Saida de Pista;1;;;;;;;;;;2;1;;;
19/11/2019;16:32:00;146;sem vítima;96,187;BR-101/RJ;Norte;Choque - Defensa, barreira ou "submarino";1;;1;;;;;;;;3;;;;
19/11/2019;16:43:00;148;sem vítima;62,121;BR-101/RJ;Norte;Choque - Defensa, barreira ou "submarino";1;;;;;;;;;;1;;;;
19/11/2019;19:30:00;190;com vítima;243,5;BR-101/RJ;Sul;Colisão Lateral;1;;;;;1;;;;;1;2;;;
19/11/2019;20:32:00;215;com vítima;163,831;BR-101/RJ;Norte;Choque - Outros;;;;1;;;;;;;1;;1;;
20/11/2019;00:44:00;12;sem vítima;277,65;BR-101/RJ;Sul;Capotamento;1;;;;;;;;;;1;;;;
20/11/2019;01:48:00;17;sem vítima;210,847;BR-101/RJ;Norte;Choque - Objeto sobre a pista;;;;;1;;;;;;24;;;;
20/11/2019;03:17:00;19;sem vítima;169,9;BR-101/RJ;Norte;Choque - Elemento de Drenagem;;;1;;;;;;;;1;;;;
20/11/2019;03:54:00;22;com vítima;282,95;BR-101/RJ;Norte;Choque - Defensa, barreira ou "submarino";;;;;;;;;;1;0;4;;;
20/11/2019;04:50:00;25;sem vítima;166,05;BR-101/RJ;Sul;Saida de Pista;1;;;;;;;;;;3;;;;
20/11/2019;05:45:00;33;sem vítima;122,9;BR-101/RJ;Norte;Choque - Cancela de Pedagio;;;1;;;;;;;;1;;;;
20/11/2019;08:30:00;57;com vítima;255,868;BR-101/RJ;Sul;Choque - Outros;1;;;;;;;;;;1;1;;;
20/11/2019;11:27:00;93;sem vítima;134,992;BR-101/RJ;Norte;Tombamento;;;1;;;;;;;;2;;;;
20/11/2019;11:41:00;96;sem vítima;264,418;BR-101/RJ;Norte;Tombamento;;;1;;;;;;;;1;;;;
20/11/2019;13:10:00;110;sem vítima;94,8;BR-101/RJ;Sul;Choque - Defensa, barreira ou "submarino";1;;;;;;;;;;1;;;;
20/11/2019;16:05:00;140;sem vítima;117,414;BR-101/RJ;Norte;Choque - Elemento de Drenagem;1;;;;;;;;;;4;;;;
20/11/2019;21:29:00;208;sem vítima;192,83;BR-101/RJ;Sul;Colisão Traseira;;;2;;;;;;;;2;;;;
20/11/2019;23:12:00;219;com vítima;61,215;BR-101/RJ;Norte;Colisão Transversal;1;;;1;;;;;;;0;1;1;;
21/11/2019;01:05:00;22;sem vítima;270,1;BR-101/RJ;Sul;Choque - Defensa, barreira ou "submarino";1;;;;;;;;;;3;;;;
21/11/2019;06:54:00;56;com vítima;228,2;BR-101/RJ;Norte;Choque - Defensa, barreira ou "submarino";1;;;;;;;;;;1;1;;;
21/11/2019;08:51:00;94;com vítima;108,034;BR-101/RJ;Sul;Choque - Talude;1;;;;;;;;;;0;3;;;
21/11/2019;09:44:00;103;sem vítima;297,6;BR-101/RJ;Norte;Colisão Lateral;1;;1;;;;;;;;3;;;;
21/11/2019;15:11:00;170;sem vítima;296,259;BR-101/RJ;Norte;Choque - Elemento de Drenagem;1;;;;;;;;;;1;;;;
21/11/2019;15:35:00;175;com vítima;236,476;BR-101/RJ;Norte;Colisão Traseira;1;;;;1;;;;;;1;2;;;
21/11/2019;18:28:00;207;sem vítima;61,781;BR-101/RJ;Norte;Outros;1;;1;;;;;;;;2;;;;
22/11/2019;03:15:00;22;com vítima;69,699;BR-101/RJ;Sul;Atropelamento de Animal;;;;1;;;;;;;0;1;;;
22/11/2019;13:07:00;147;sem vítima;306,995;BR-101/RJ;Norte;Colisão Lateral;2;;;;;1;;;;;3;;;;
22/11/2019;13:38:00;154;sem vítima;295,548;BR-101/RJ;Norte;Colisão Traseira;2;;;;;;;;;;7;;;;
22/11/2019;16:03:00;190;sem vítima;297,212;BR-101/RJ;Sul;Engavetamento;3;;;;;;;;;;6;;;;
22/11/2019;19:02:00;230;com vítima;4,178;BR-101/RJ;Norte;Choque - Arvore;;;;1;;;;;;;0;;2;;
22/11/2019;19:14:00;235;com vítima;43,25;BR-101/RJ;Sul;Colisão Traseira;;;;1;;1;;;;;1;2;;;
22/11/2019;21:40:00;256;sem vítima;74,9;BR-101/RJ;Sul;Colisão Traseira;;;;;;1;;;;1;4;;;;
22/11/2019;22:19:00;259;com vítima;47,97;BR-101/RJ;Norte;Colisão Frontal;;;;1;;1;;;;;1;1;1;;
22/11/2019;23:30:00;270;com vítima;60,016;BR-101/RJ;Norte;Tombamento;;;;1;;;;;;;0;;1;;
23/11/2019;05:01:00;21;sem vítima;318,285;BR-101/RJ;Sul;Choque - Elemento de Drenagem;1;;;;;;;;;;1;;;;
23/11/2019;05:25:00;27;com vítima;112,899;BR-101/RJ;Norte;Colisão Transversal;;;;1;1;;;;;;7;;;1;1
23/11/2019;10:13:00;90;sem vítima;61,787;BR-101/RJ;Norte;Colisão Traseira;2;;;;;;;;;;6;;;;
23/11/2019;13:35:00;138;sem vítima;302,2;BR-101/RJ;Norte;Atropelamento de Animal;1;;;;;;;;;;1;;;;
23/11/2019;14:20:00;146;com vítima;301,203;BR-101/RJ;Norte;Tombamento;;;;1;;;;;;;1;1;;;
23/11/2019;15:12:00;159;sem vítima;206,877;BR-101/RJ;Norte;Saida de Pista;1;;;;;;;;;;2;;;;
23/11/2019;17:35:00;185;sem vítima;265,48;BR-101/RJ;Sul;Choque - Talude;1;;;;;;;;;;1;;;;
23/11/2019;21:12:00;212;sem vítima;293,334;BR-101/RJ;Sul;Choque - Suporte de Sinalização;2;;;;;;;;;;2;;;;
23/11/2019;23:38:00;229;sem vítima;278,358;BR-101/RJ;Norte;Choque - Elemento de Drenagem;1;;;;;;;;;;2;;;;
24/11/2019;00:05:00;9;sem vítima;282,753;BR-101/RJ;Norte;Choque - Defensa, barreira ou "submarino";1;;;;;;;;;;1;;;;
24/11/2019;01:01:00;14;sem vítima;307,484;BR-101/RJ;Norte;Colisão Traseira;2;;;;;;;;;;6;;;;
24/11/2019;02:35:00;18;com vítima;316,218;BR-101/RJ;Norte;Choque - Defensa, barreira ou "submarino";1;;;;;;;;;;3;1;;;
24/11/2019;03:09:00;23;sem vítima;76,701;BR-101/RJ;Norte;Choque - Outros;1;;;;;;;;;;1;;;;
24/11/2019;10:26:00;72;sem vítima;86,972;BR-101/RJ;Sul;Colisão Traseira;;;2;;;;;;;;2;;;;
24/11/2019;14:29:00;123;com vítima;292,808;BR-101/RJ;Sul;Tombamento;;;;1;;;;;;;0;1;;;
24/11/2019;15:44:00;137;sem vítima;307,954;BR-101/RJ;Sul;Colisão Traseira;2;;;;;;;;;;3;;;;
24/11/2019;19:43:00;178;com vítima;205,541;BR-101/RJ;Norte;Colisão Frontal;3;;;;;;;;;;1;5;;;
24/11/2019;20:42:00;188;sem vítima;66,4;BR-101/RJ;Norte;Engavetamento;2;;1;;;;;;;;3;;;;
24/11/2019;21:55:00;197;com vítima;286,387;BR-101/RJ;Norte;Choque - Defensa, barreira ou "submarino";1;;;;;;;;;;3;1;;;
25/11/2019;02:59:00;25;sem vítima;251,324;BR-101/RJ;Sul;Choque - Defensa, barreira ou "submarino";1;;;;;;;;;;1;;;;
25/11/2019;04:04:00;28;sem vítima;297,894;BR-101/RJ;Sul;Choque - Defensa, barreira ou "submarino";1;;;;;;;;;;2;;;;
25/11/2019;13:45:00;161;com vítima;62,336;BR-101/RJ;Sul;Tombamento;;;;1;;;;;;;0;1;;;