data;horario;n_da_ocorrencia;tipo_de_ocorrencia;km;trecho;sentido;tipo_de_acidente;automovel;bicicleta;caminhao;moto;onibus;outros;tracao_animal;transporte_de_cargas_especiais;trator_maquinas;utilitarios;ilesos;levemente_feridos;moderadamente_feridos;gravemente_feridos;mortos
25/11/2019;18:11:00;200;com vítima;64,5;BR-101/RJ;Sul;Atropelamento - Outros;1;;;1;;;;;;;2;1;;;
25/11/2019;22:21:00;236;com vítima;94,799;BR-101/RJ;Sul;Choque - Defensa, barreira ou "submarino";1;;;;;;;;;;0;1;;;
26/11/2019;07:02:00;49;sem vítima;236,4;BR-101/RJ;Norte;Colisão Traseira;1;;1;;;;;;;;2;;;;
26/11/2019;07:45:00;67;sem vítima;318,83;BR-101/RJ;Sul;Colisão Traseira;1;;;1;;;;;;;4;;;;
26/11/2019;08:13:00;81;com vítima;287,65;BR-101/RJ;Sul;Tombamento;;;;1;;;;;;;0;1;;;
26/11/2019;08:33:00;87;sem vítima;321,5;BR-101/RJ;Sul;Colisão Traseira;2;;;;;;;;;;2;;;;
26/11/2019;08:38:00;89;sem vítima;317,8;BR-101/RJ;Sul;Engavetamento;2;;;;;1;;;;;3;;;;
26/11/2019;13:03:00;144;com vítima;255,735;BR-101/RJ;Norte;Colisão Transversal;1;1;;;;;;;;;1;;1;;
26/11/2019;13:56:00;154;com vítima;318,4;BR-101/RJ;Sul;Colisão Traseira;1;;;1;;;;;;;1;2;;;
26/11/2019;15:00:00;166;com vítima;318,642;BR-101/RJ;Sul;Engavetamento;3;;;;;;;;;;2;1;;;
26/11/2019;16:29:00;185;sem vítima;293,8;BR-101/RJ;Norte;Outros - Sequência;1;;;;2;;;;;;3;;;;
26/11/2019;17:37:00;202;sem vítima;310,223;BR-101/RJ;Sul;Colisão Traseira;2;;;;;;;;;;7;;;;
27/11/2019;06:03:00;36;com vítima;117,586;BR-101/RJ;Sul;Tombamento;1;;;;;;;;;;0;1;;;
27/11/2019;07:50:00;63;sem vítima;318,5;BR-101/RJ;Sul;Outros;1;;;1;;;;;;;2;;;;
27/11/2019;14:44:00;156;sem vítima;282,758;BR-101/RJ;Norte;Colisão Lateral;1;;1;;;;;;;;2;;;;
27/11/2019;15:02:00;161;sem vítima;297,75;BR-101/RJ;Sul;Saida de Pista;;;1;;;;;;;;1;;;;
27/11/2019;15:37:00;169;sem vítima;276,4;BR-101/RJ;Sul;Colisão Lateral;1;;1;;;;;;;;2;;;;
27/11/2019;18:46:00;213;sem vítima;213,145;BR-101/RJ;Norte;Choque - Defensa, barreira ou "submarino";1;;;;;;;;;;2;;;;
27/11/2019;19:36:00;222;com vítima;59,91;BR-101/RJ;Norte;Colisão Transversal;1;;;1;;;;;;;0;1;1;;
28/11/2019;18:22:00;181;sem vítima;318,221;BR-101/RJ;Sul;Colisão Frontal;2;;;;;;;;;;6;;;;
28/11/2019;18:46:00;188;sem vítima;297,007;BR-101/RJ;Norte;Colisão Lateral;1;;1;;;;;;;;2;;;;
28/11/2019;22:29:00;218;sem vítima;304,9;BR-101/RJ;Norte;Choque - Defensa, barreira ou "submarino";1;;;;;;;;;;1;;;;
29/11/2019;00:01:00;10;sem vítima;13,15;BR-101/RJ;Norte;Colisão Traseira;1;;1;;;;;;;;2;;;;
29/11/2019;08:16:00;52;sem vítima;320,75;BR-101/RJ;Sul;Colisão Traseira;1;;;1;;;;;;;2;;;;
29/11/2019;08:40:00;57;sem vítima;297,761;BR-101/RJ;Norte;Colisão Lateral;1;;1;;;;;;;;3;;;;
29/11/2019;14:33:00;133;sem vítima;308,93;BR-101/RJ;Norte;Colisão Traseira;2;;;;;;;;;;3;;;;
29/11/2019;15:18:00;144;sem vítima;314,186;BR-101/RJ;Norte;Engavetamento;4;;;;;;;;;;7;;;;
29/11/2019;16:09:00;152;com vítima;312,835;BR-101/RJ;Norte;Colisão Lateral;1;;;1;;;;;;;1;;1;;
29/11/2019;20:43:00;213;sem vítima;281,001;BR-101/RJ;Norte;Choque - Defensa, barreira ou "submarino";1;;;;;;;;;;4;;;;
30/11/2019;01:32:00;14;sem vítima;297,795;BR-101/RJ;Norte;Colisão Lateral;1;;;1;;;;;;;2;;;;
30/11/2019;03:10:00;23;com vítima;60,7;BR-101/RJ;Sul;Capotamento;1;;;;;;;;;;0;1;;1;
30/11/2019;11:20:00;93;sem vítima;294,275;BR-101/RJ;Norte;Engavetamento;3;;;;;;;;;;3;;;;
30/11/2019;13:06:00;113;sem vítima;294,4;BR-101/RJ;Norte;Colisão Traseira;2;;;;;;;;;;2;;;;
30/11/2019;17:09:00;160;sem vítima;293,1;BR-101/RJ;Sul;Colisão Traseira;2;;;;;;;;;;4;;;;
30/11/2019;18:26:00;173;com vítima;308,07;BR-101/RJ;Sul;Colisão Traseira;2;;;;;;;;;;3;3;;;
30/11/2019;20:58:00;201;com vítima;295,12;BR-101/RJ;Sul;Atropelamento - Outros;;;;;1;1;;;;;2;;;1;
01/10/2019;02:14:00;19;sem vítima;304,206;BR-101/RJ;Norte;Choque - Outros;1;;;;;;;;;;6;;;;
01/10/2019;08:20:00;68;sem vítima;51,053;BR-101/RJ;Norte;Colisão Traseira;2;;;;;;;;;;2;;;;
01/10/2019;10:26:00;114;sem vítima;297,5;BR-101/RJ;Norte;Colisão Lateral;1;;1;;;;;;;;2;;;;
01/10/2019;11:54:00;129;sem vítima;309,052;BR-101/RJ;Norte;Colisão Traseira;1;;;;;;;;;1;2;;;;
01/10/2019;14:51:00;159;com vítima;300,527;BR-101/RJ;Norte;Atropelamento - Outros;1;;1;;;;;;;;3;1;;;
01/10/2019;16:57:00;184;com vítima;273,302;BR-101/RJ;Sul;Capotamento;1;;;;;;;;;;0;1;;;
01/10/2019;19:00:00;211;sem vítima;193,841;BR-101/RJ;Norte;Colisão Traseira;2;;;;;;;;;;3;;;;
01/10/2019;20:43:00;227;sem vítima;208,199;BR-101/RJ;Sul;Choque - Objeto sobre a pista;1;;;;;;;;;;1;;;;
02/10/2019;04:02:00;18;sem vítima;238,173;BR-101/RJ;Sul;Tombamento;;;1;;;;;;;;1;;;;
02/10/2019;06:36:00;31;com vítima;302,913;BR-101/RJ;Sul;Tombamento;;;;1;;;;;;;0;1;;;
02/10/2019;07:14:00;37;com vítima;318,44;BR-101/RJ;Sul;Colisão Lateral;;;;2;;;;;;;2;1;;;
02/10/2019;08:25:00;55;com vítima;316,737;BR-101/RJ;Norte;Tombamento;;;1;;;;;;;;1;1;;;
02/10/2019;09:43:00;76;com vítima;297,796;BR-101/RJ;Norte;Colisão Lateral;;;1;1;;;;;;;1;1;;;
02/10/2019;14:03:00;128;com vítima;34,167;BR-101/RJ;Sul;Colisão Transversal;;;1;1;;;;;;;1;;;1;
02/10/2019;14:38:00;133;com vítima;61,42;BR-101/RJ;Norte;Colisão Transversal;2;;;;;;;;;;6;1;;;
02/10/2019;15:28:00;142;com vítima;319,8;BR-101/RJ;Norte;Choque - Defensa, barreira ou "submarino";1;;1;1;;;;;;;2;1;;;
02/10/2019;16:42:00;156;sem vítima;319,303;BR-101/RJ;Sul;Engavetamento;2;;;;;1;;;;;3;;;;
02/10/2019;17:18:00;162;com vítima;303,097;BR-101/RJ;Sul;Tombamento;;;;1;;;;;;;0;1;;;
02/10/2019;18:20:00;175;sem vítima;252,9;BR-101/RJ;Sul;Atropelamento de Animal;;;;;;;;;;1;1;;;;
03/10/2019;07:02:00;38;sem vítima;110,97;BR-101/RJ;Norte;Choque - Defensa, barreira ou "submarino";1;;;;;;;;;;1;;;;
03/10/2019;08:45:00;71;com vítima;62,082;BR-101/RJ;Norte;Colisão Traseira;1;;;1;;;;;;;3;;1;;
03/10/2019;10:55:00;101;com vítima;69,47;BR-101/RJ;Sul;Colisão Traseira;1;;;1;;;;;;;4;1;;;
03/10/2019;11:45:00;113;sem vítima;286,791;BR-101/RJ;Norte;Colisão Traseira;1;;1;;;;;;;;3;;;;
03/10/2019;20:47:00;206;com vítima;162,26;BR-101/RJ;Sul;Objeto lançado contra veículo;;;1;;;1;;;;;1;1;;;
04/10/2019;04:14:00;27;sem vítima;36,4;BR-101/RJ;Norte;Atropelamento de Animal;;;1;;;;;;;;2;;;;
04/10/2019;05:46:00;33;sem vítima;122,88;BR-101/RJ;Norte;Choque - Cancela de Pedagio;;;1;;;;;;;;1;;;;
04/10/2019;08:47:00;75;com vítima;321,3;BR-101/RJ;Sul;Colisão Lateral;1;;;1;1;;;;;;4;1;;;
04/10/2019;11:01:00;99;sem vítima;275,013;BR-101/RJ;Sul;Colisão Traseira;;;1;;;1;;;;;2;;;;
04/10/2019;12:28:00;123;sem vítima;54,596;BR-101/RJ;Norte;Choque - Defensa, barreira ou "submarino";1;;;;;;;;;;1;;;;
04/10/2019;12:50:00;127;sem vítima;297,7;BR-101/RJ;Sul;Colisão Lateral;1;;1;;;;;;;;2;;;;
04/10/2019;15:58:00;183;sem vítima;302,88;BR-101/RJ;Norte;Tombamento;;;1;;;;;;;;1;;;;
04/10/2019;19:53:00;219;com vítima;229,473;BR-101/RJ;Sul;Choque - Defensa, barreira ou "submarino";1;;;;;;;;;;0;2;;;
05/10/2019;08:37:00;85;sem vítima;197,4;BR-101/RJ;Sul;Colisão Traseira;1;;1;;;;;;;;2;;;;
05/10/2019;08:52:00;91;com vítima;314,514;BR-101/RJ;Sul;Colisão Traseira;1;;;;;1;;;;;1;1;;;
05/10/2019;09:04:00;93;sem vítima;314,3;BR-101/RJ;Sul;Colisão Traseira;2;;;;;;;;;;3;;;;
05/10/2019;10:12:00;115;sem vítima;304,465;BR-101/RJ;Norte;Colisão Traseira;2;;;;;;;;;;3;;;;
05/10/2019;10:16:00;116;sem vítima;295,161;BR-101/RJ;Norte;Colisão Lateral;1;;;;;1;;;;;3;;;;
05/10/2019;12:46:00;144;com vítima;321,2;BR-101/RJ;Norte;Tombamento;;;;1;;;;;;;0;1;;;
05/10/2019;16:31:00;191;com vítima;78,979;BR-101/RJ;Sul;Tombamento;;1;;;;;;;;;0;1;;;
05/10/2019;17:55:00;213;sem vítima;310,763;BR-101/RJ;Sul;Colisão Traseira;2;;;;;;;;;;5;;;;
05/10/2019;20:50:00;236;sem vítima;266,865;BR-101/RJ;Sul;Colisão Traseira;1;;;;;1;;;;;2;;;;
05/10/2019;21:35:00;243;sem vítima;174,5;BR-101/RJ;Norte;Atropelamento de Animal;1;;;;;;;;;;1;;;;
06/10/2019;03:11:00;29;com vítima;295,837;BR-101/RJ;Sul;Tombamento;;;;1;;;;;;;0;1;1;;
06/10/2019;04:34:00;35;com vítima;45,088;BR-101/RJ;Norte;Tombamento;;;;1;;;;;;;0;1;;;
06/10/2019;09:48:00;79;com vítima;99,646;BR-101/RJ;Sul;Choque - Talude;1;;;;;;;;;;0;4;;;
06/10/2019;11:52:00;102;com vítima;34,118;BR-101/RJ;Sul;Colisão Lateral;2;;;;;;;;;;1;1;;;
06/10/2019;12:59:00;117;sem vítima;298,5;BR-101/RJ;Norte;Colisão Traseira;1;;;;;;;;;1;2;;;;
06/10/2019;14:40:00;125;com vítima;41,2;BR-101/RJ;Sul;Tombamento;;;;1;;;;;;;1;1;;;
06/10/2019;15:10:00;131;com vítima;270,722;BR-101/RJ;Sul;Choque - Elemento de Drenagem;1;;;;;;;;;;0;1;;;
06/10/2019;15:54:00;137;sem vítima;269,33;BR-101/RJ;Sul;Engavetamento;3;;;;;;;;;;9;;;;
06/10/2019;17:05:00;151;com vítima;65,163;BR-101/RJ;Norte;Colisão Transversal;1;1;;;;;;;;;0;2;;;
06/10/2019;17:05:00;152;com vítima;296,36;BR-101/RJ;Sul;Choque - Defensa, barreira ou "submarino";1;;;;;;;;;;1;1;;;
06/10/2019;17:10:00;155;com vítima;283,79;BR-101/RJ;Sul;Colisão Lateral;1;;;1;;;;;;;2;1;;;
06/10/2019;17:17:00;158;com vítima;306,198;BR-101/RJ;Norte;Colisão Lateral;1;;;1;;;;;;;2;1;;;
06/10/2019;19:01:00;180;com vítima;319,4;BR-101/RJ;Sul;Colisão Lateral;1;;;1;;;;;;;1;1;;;
06/10/2019;19:09:00;182;com vítima;73,98;BR-101/RJ;Sul;Colisão Transversal;;1;;;;1;;;;;1;;;1;
06/10/2019;20:40:00;198;com vítima;313,377;BR-101/RJ;Sul;Colisão Lateral;1;;;1;;;;;;;1;2;;;
06/10/2019;21:57:00;206;sem vítima;43,42;BR-101/RJ;Norte;Choque - Objeto sobre a pista;1;;;;;;;;;;1;;;;
07/10/2019;02:10:00;25;sem vítima;62,613;BR-101/RJ;Sul;Choque - Poste;1;;;;;;;;;;1;;;;
07/10/2019;02:11:00;26;com vítima;278,687;BR-101/RJ;Norte;Colisão Traseira;;1;;;;1;;;;;1;1;;;
07/10/2019;07:06:00;60;sem vítima;62,05;BR-101/RJ;Sul;Colisão Traseira;2;;;;;;;;;;2;;;;
07/10/2019;07:32:00;69;com vítima;171,9;BR-101/RJ;Norte;Colisão Transversal;2;;;;;;;;;;2;1;;;
07/10/2019;08:54:00;91;sem vítima;317,5;BR-101/RJ;Sul;Engavetamento;3;;;;;;;;;;8;;;;
07/10/2019;09:41:00;104;sem vítima;45,9;BR-101/RJ;Norte;Atropelamento de Animal;1;;;;;;;;;;1;;;;
07/10/2019;17:34:00;207;com vítima;302,289;BR-101/RJ;Norte;Engavetamento;3;;1;;;;;;;;3;2;;;
08/10/2019;08:13:00;69;com vítima;318,35;BR-101/RJ;Sul;Colisão Lateral;;;;1;1;;;;;;1;1;;;
08/10/2019;08:14:00;71;sem vítima;315,8;BR-101/RJ;Sul;Colisão Traseira;1;;;;1;;;;;;2;;;;
08/10/2019;10:08:00;111;com vítima;66,484;BR-101/RJ;Sul;Colisão Traseira;1;;;1;;;;;;;1;1;;;
09/10/2019;06:04:00;36;sem vítima;229,4;BR-101/RJ;Norte;Choque - Talude;1;;;;;;;;;;1;;;;
09/10/2019;06:28:00;39;sem vítima;316,5;BR-101/RJ;Sul;Colisão Traseira;1;;1;;;;;;;;2;;;;
09/10/2019;08:18:00;72;sem vítima;294,5;BR-101/RJ;Sul;Colisão Traseira;1;;1;;;;;;;;2;;;;
09/10/2019;12:30:00;123;sem vítima;104,9;BR-101/RJ;Sul;Choque - Defensa, barreira ou "submarino";1;;;;;;;;;;1;;;;
09/10/2019;14:27:00;140;sem vítima;303,719;BR-101/RJ;Norte;Choque - Defensa, barreira ou "submarino";1;;;;;;;;;;4;;;;
09/10/2019;14:39:00;145;sem vítima;303,7;BR-101/RJ;Norte;Choque - Defensa, barreira ou "submarino";1;;;;;;;;;;1;;;;
09/10/2019;15:47:00;158;sem vítima;271,406;BR-101/RJ;Sul;Outros - Sequência;1;;1;;;;;;;;5;;;;
09/10/2019;15:49:00;159;sem vítima;311,483;BR-101/RJ;Norte;Choque - Defensa, barreira ou "submarino";1;;;;;;;;;;1;;;;
09/10/2019;17:51:00;178;sem vítima;320,774;BR-101/RJ;Norte;Choque - Elemento de Drenagem;1;;;;;;;;;;2;;;;
09/10/2019;18:56:00;191;sem vítima;318,791;BR-101/RJ;Norte;Colisão Traseira;2;;;;;;;;;;2;;;;
09/10/2019;22:45:00;216;com vítima;294,906;BR-101/RJ;Norte;Colisão Traseira;1;;;1;;;;;;;1;1;;;
10/10/2019;03:44:00;19;sem vítima;222,651;BR-101/RJ;Norte;Choque - Outros;1;;;;;;;;;;2;;;;
10/10/2019;08:07:00;51;com vítima;82,677;BR-101/RJ;Sul;Tombamento;;;1;;;;;;;;4;;1;;
10/10/2019;09:42:00;83;com vítima;60,998;BR-101/RJ;Sul;Queda;;;;;;;;;;;0;;1;;
10/10/2019;16:49:00;194;sem vítima;307,962;BR-101/RJ;Norte;Colisão Traseira;2;;;;;;;;;;2;;;;
10/10/2019;18:27:00;211;com vítima;296,754;BR-101/RJ;Sul;Engavetamento;3;;;;;;;;;;5;1;;;
10/10/2019;19:43:00;222;sem vítima;61,422;BR-101/RJ;Norte;Colisão Traseira;;;1;;;1;;;;;2;;;;
11/10/2019;06:01:00;38;com vítima;297,298;BR-101/RJ;Norte;Colisão Lateral;1;1;;;;;;;;;1;1;;;
11/10/2019;06:26:00;41;com vítima;55,45;BR-101/RJ;Norte;Colisão Transversal;1;;;;;1;;;;;1;;1;;
11/10/2019;06:54:00;46;sem vítima;108,648;BR-101/RJ;Sul;Choque - Defensa, barreira ou "submarino";1;;;;;;;;;;1;;;;
11/10/2019;07:26:00;55;com vítima;59,784;BR-101/RJ;Sul;Colisão Lateral;1;;;1;;;;;;;1;1;;;
11/10/2019;08:18:00;78;sem vítima;318,798;BR-101/RJ;Sul;Engavetamento;3;;;;;;;;;;3;;;;
11/10/2019;21:04:00;260;sem vítima;293,71;BR-101/RJ;Norte;Colisão Lateral;1;;1;;;;;;;;2;;;;
11/10/2019;22:45:00;269;com vítima;66,39;BR-101/RJ;Norte;Colisão Transversal;1;;1;;;;;;;;2;1;;;
11/10/2019;22:47:00;271;com vítima;277,679;BR-101/RJ;Norte;Capotamento;1;;;;;;;;;;0;2;1;;
11/10/2019;22:50:00;273;sem vítima;303,71;BR-101/RJ;Norte;Colisão Traseira;1;;;;;;;;;1;3;;;;
11/10/2019;23:22:00;277;com vítima;283,355;BR-101/RJ;Norte;Outros;1;;;;;;;;;;1;;1;;
11/10/2019;23:30:00;278;com vítima;63,05;BR-101/RJ;Norte;Atropelamento - Sem Informação;;;;;;1;;;;;1;;;1;
12/10/2019;03:38:00;33;com vítima;311,343;BR-101/RJ;Norte;Colisão Lateral;1;;;;;;;;;;0;2;;;
12/10/2019;07:30:00;60;sem vítima;206,528;BR-101/RJ;Norte;Objeto lançado contra veículo;4;;1;;;;;;;;8;;;;
12/10/2019;09:20:00;89;com vítima;265,448;BR-101/RJ;Sul;Choque - Elemento de Drenagem;1;;;;;;;;;;0;;1;;
12/10/2019;14:30:00;172;sem vítima;298,906;BR-101/RJ;Norte;Colisão Traseira;2;;;;;;;;;;2;;;;
12/10/2019;15:05:00;178;com vítima;265,833;BR-101/RJ;Norte;Tombamento;;;;1;;;;;;;0;2;;;
12/10/2019;16:18:00;202;com vítima;64,516;BR-101/RJ;Norte;Colisão Traseira;;;;1;;1;;;;;1;;1;;
12/10/2019;18:12:00;224;sem vítima;294,05;BR-101/RJ;Norte;Engavetamento;3;;;;;;;;;;3;;;;
12/10/2019;18:49:00;229;com vítima;294,053;BR-101/RJ;Norte;Colisão Traseira;2;;;;;;;;;;4;1;;;
12/10/2019;20:22:00;255;com vítima;80,438;BR-101/RJ;Sul;Atropelamento de Animal;;;;1;;;;;;;0;1;;;
13/10/2019;07:11:00;44;sem vítima;79,6;BR-101/RJ;Norte;Colisão Traseira;1;;;;;;;;;1;6;;;;
13/10/2019;08:49:00;58;com vítima;305,5;BR-101/RJ;Norte;Tombamento;;;;1;;;;;;;0;;1;;
13/10/2019;08:58:00;62;com vítima;305,55;BR-101/RJ;Norte;Colisão Traseira;2;;;;;;;;;;4;2;;;
13/10/2019;18:55:00;167;com vítima;59,256;BR-101/RJ;Sul;Colisão Frontal;2;;;1;;;;;;;2;2;;;
13/10/2019;19:27:00;177;sem vítima;66,414;BR-101/RJ;Sul;Colisão Traseira;1;;;;1;;;;;;3;;;;
13/10/2019;20:48:00;196;sem vítima;297,456;BR-101/RJ;Sul;Choque - Elemento de Drenagem;1;;;;;;;;;;3;;;;
13/10/2019;23:15:00;222;sem vítima;107,6;BR-101/RJ;Norte;Choque - Outros;1;;;;;;;;;;1;;;;
14/10/2019;01:45:00;22;sem vítima;259,105;BR-101/RJ;Norte;Choque - Objeto sobre a pista;1;;;;;;;;;;4;;;;
14/10/2019;02:01:00;27;com vítima;304,655;BR-101/RJ;Sul;Atropelamento de Animal;1;;;;;;;;;;1;;;1;
14/10/2019;05:09:00;39;com vítima;299,311;BR-101/RJ;Norte;Colisão Traseira;1;;;1;;;;;;;2;1;;;
14/10/2019;09:48:00;106;com vítima;277,679;BR-101/RJ;Norte;Colisão Traseira;;;2;;;;;;;;4;2;;;
14/10/2019;18:45:00;234;com vítima;314,301;BR-101/RJ;Norte;Capotamento;2;;;;;;;;;;1;2;;;
14/10/2019;21:12:00;263;com vítima;294,816;BR-101/RJ;Norte;Colisão Lateral;1;;;1;;;;;;;1;1;;;
15/10/2019;00:43:00;17;com vítima;231,807;BR-101/RJ;Sul;Capotamento;1;;;;;;;;;;0;1;;;
15/10/2019;15:45:00;180;com vítima;302,118;BR-101/RJ;Sul;Colisão Traseira;1;;;;;;;;;1;3;1;;;
15/10/2019;17:16:00;197;sem vítima;74,001;BR-101/RJ;Norte;Colisão Traseira;1;;1;;;;;;;;2;;;;
15/10/2019;20:41:00;228;sem vítima;92,973;BR-101/RJ;Sul;Choque - Defensa, barreira ou "submarino";;;1;;;;;;;;1;;;;
16/10/2019;01:05:00;18;sem vítima;240,8;BR-101/RJ;Sul;Colisão Traseira;;;1;;;;;;;1;4;;;;
16/10/2019;01:15:00;19;sem vítima;288,029;BR-101/RJ;Sul;Atropelamento de Animal;;;1;;;;;;;;2;;;;
16/10/2019;01:24:00;25;sem vítima;288,29;BR-101/RJ;Sul;Atropelamento de Animal;1;;;;;;;;;;2;;;;
16/10/2019;07:39:00;66;sem vítima;109,728;BR-101/RJ;Norte;Colisão Lateral;1;;1;;;;;;;;2;;;;
16/10/2019;08:57:00;92;sem vítima;320,672;BR-101/RJ;Sul;Colisão Traseira;1;;;1;;;;;;;2;;;;
16/10/2019;12:02:00;136;com vítima;320,415;BR-101/RJ;Sul;Colisão Traseira;1;;;1;;;;;;;2;1;;;
16/10/2019;14:51:00;172;com vítima;169,587;BR-101/RJ;Norte;Tombamento;;;;1;;;;;;;0;1;;;
16/10/2019;16:24:00;183;sem vítima;273,95;BR-101/RJ;Norte;Colisão Traseira;1;;1;;;;;;;;3;;;;
16/10/2019;16:54:00;189;sem vítima;311,365;BR-101/RJ;Norte;Engavetamento;3;;;;;;;;;;3;;;;
16/10/2019;17:20:00;197;sem vítima;310,973;BR-101/RJ;Norte;Engavetamento;3;;;;;;;;;;5;;;;
17/10/2019;03:52:00;23;sem vítima;314,489;BR-101/RJ;Norte;Choque - Defensa, barreira ou "submarino";;;1;;;;;;;;1;;;;
17/10/2019;14:47:00;156;sem vítima;278,627;BR-101/RJ;Norte;Colisão Traseira;1;;;;1;;;;;;3;;;;
17/10/2019;15:04:00;158;sem vítima;192,83;BR-101/RJ;Sul;Choque - Cancela de Pedagio;1;;;;;;;;;;1;;;;
17/10/2019;18:33:00;207;com vítima;44,393;BR-101/RJ;Norte;Colisão Lateral;;;;1;;1;;;;;1;2;;;
17/10/2019;19:24:00;216;com vítima;68,083;BR-101/RJ;Norte;Engavetamento;3;;;1;;;;;;;3;4;;;
18/10/2019;08:00:00;67;com vítima;320,1;BR-101/RJ;Sul;Colisão Lateral;1;;;1;;;;;;;3;;1;;
18/10/2019;10:40:00;119;sem vítima;264,081;BR-101/RJ;Norte;Colisão Traseira;1;;1;;;;;;;;2;;;;
18/10/2019;12:04:00;135;com vítima;273,051;BR-101/RJ;Norte;Colisão Traseira;2;;;;;;;;;;2;1;;;
18/10/2019;12:40:00;138;sem vítima;73,9;BR-101/RJ;Sul;Colisão Lateral;1;;1;;;;;;;;3;;;;
18/10/2019;15:00:00;165;com vítima;321,001;BR-101/RJ;Norte;Choque - Defensa, barreira ou "submarino";;;;1;;;;;;;0;1;;;
18/10/2019;15:27:00;175;sem vítima;296,175;BR-101/RJ;Norte;Engavetamento;1;;;;;1;;;;1;5;;;;
18/10/2019;15:29:00;176;sem vítima;66,718;BR-101/RJ;Norte;Colisão Traseira;2;;;;;;;;;;2;;;;
18/10/2019;16:26:00;182;sem vítima;136,674;BR-101/RJ;Norte;Choque - Defensa, barreira ou "submarino";1;;;;;;;;;;1;;;;
18/10/2019;16:29:00;184;sem vítima;205,98;BR-101/RJ;Sul;Colisão Transversal;1;;;1;;1;;;;;3;;;;
18/10/2019;16:38:00;187;com vítima;297,7;BR-101/RJ;Norte;Tombamento;;;;1;;;;;;;0;1;;;
18/10/2019;18:23:00;210;com vítima;282,763;BR-101/RJ;Norte;Outros;;;1;;;;;;;;0;1;;;
18/10/2019;18:46:00;214;sem vítima;87,295;BR-101/RJ;Sul;Atropelamento de Animal;1;;;;;;;;;;1;;;;
18/10/2019;18:56:00;216;sem vítima;64,4;BR-101/RJ;Sul;Colisão Traseira;1;;;;;1;;;;;2;;;;
18/10/2019;19:53:00;235;sem vítima;312,733;BR-101/RJ;Norte;Engavetamento;1;;1;;;;;;;1;4;;;;
19/10/2019;04:48:00;30;com vítima;53,9;BR-101/RJ;Sul;Colisão Frontal;1;;;1;;;;;;;1;1;;;
19/10/2019;16:26:00;151;com vítima;192,83;BR-101/RJ;Norte;Tombamento;;;;1;;;;;;;0;1;;;
19/10/2019;22:04:00;207;com vítima;50,9;BR-101/RJ;Sul;Colisão Transversal;2;;;;;;;;;;4;1;;;
19/10/2019;23:53:00;223;com vítima;308,065;BR-101/RJ;Norte;Colisão Lateral;1;;;;1;1;;;;;2;1;;;
20/10/2019;08:53:00;58;sem vítima;171,8;BR-101/RJ;Norte;Choque - Defensa, barreira ou "submarino";;;1;;;;;;;;1;;;;
20/10/2019;10:00:00;71;sem vítima;299,8;BR-101/RJ;Sul;Colisão Traseira;2;;;;;;;;;;7;;;;
20/10/2019;16:18:00;123;sem vítima;320,473;BR-101/RJ;Sul;Colisão Traseira;1;;;;;;;;;1;5;;;;
20/10/2019;21:31:00;176;sem vítima;270,714;BR-101/RJ;Sul;Choque - Elemento de Drenagem;1;;;;;;;;;;5;;;;
20/10/2019;22:35:00;191;com vítima;297,897;BR-101/RJ;Sul;Choque - Elemento de Drenagem;;;;;;1;;;;;0;1;;;
20/10/2019;22:36:00;192;sem vítima;314,819;BR-101/RJ;Sul;Choque - Defensa, barreira ou "submarino";1;;;;;;;;;;1;;;;
21/10/2019;08:01:00;47;sem vítima;321,6;BR-101/RJ;Sul;Colisão Frontal;2;;;;;;;;;;2;;;;
21/10/2019;12:01:00;99;sem vítima;297,048;BR-101/RJ;Norte;Colisão Lateral;2;;;;;;;;;;3;;;;
21/10/2019;16:51:00;161;com vítima;77,617;BR-101/RJ;Norte;Colisão Traseira;1;;1;;;;;;;;0;3;;;
21/10/2019;17:01:00;167;com vítima;86,851;BR-101/RJ;Norte;Choque - Defensa, barreira ou "submarino";1;;;;;;;;;;0;2;;;
21/10/2019;17:17:00;168;sem vítima;40,56;BR-101/RJ;Norte;Colisão Traseira;2;;;;;;;;;;3;;;;
21/10/2019;17:56:00;178;com vítima;217,751;BR-101/RJ;Norte;Tombamento;;;;1;;;;;;;0;;;1;
21/10/2019;18:33:00;184;sem vítima;297,892;BR-101/RJ;Norte;Choque - Defensa, barreira ou "submarino";1;;;;;;;;;;1;;;;
21/10/2019;20:26:00;207;com vítima;94,883;BR-101/RJ;Norte;Tombamento;;;;1;;;;;;;0;1;;;
22/10/2019;01:57:00;24;sem vítima;283,902;BR-101/RJ;Norte;Atropelamento de Animal;1;;;;;;;;;;2;;;;
22/10/2019;07:51:00;61;sem vítima;215,7;BR-101/RJ;Norte;Choque - Defensa, barreira ou "submarino";1;;;;;;;;;;2;;;;
22/10/2019;08:52:00;75;sem vítima;209,75;BR-101/RJ;Norte;Choque - Defensa, barreira ou "submarino";1;;;;;;;;;;1;;;;
22/10/2019;12:30:00;124;sem vítima;298,7;BR-101/RJ;Sul;Colisão Traseira;2;;;;;;;;;;2;;;;