data;horario;n_da_ocorrencia;tipo_de_ocorrencia;km;trecho;sentido;tipo_de_acidente;automovel;bicicleta;caminhao;moto;onibus;outros;tracao_animal;transporte_de_cargas_especiais;trator_maquinas;utilitarios;ilesos;levemente_feridos;moderadamente_feridos;gravemente_feridos;mortos
22/10/2019;13:07:00;138;sem vítima;143,767;BR-101/RJ;Sul;Choque - Defensa, barreira ou "submarino";1;;;;;;;;;;1;;;;
22/10/2019;14:05:00;151;com vítima;306,875;BR-101/RJ;Norte;Capotamento;2;;;;;;;;;;2;2;;;
22/10/2019;14:16:00;153;sem vítima;307,796;BR-101/RJ;Norte;Colisão Traseira;1;;;;;1;;;;;2;;;;
22/10/2019;18:36:00;199;com vítima;306,848;BR-101/RJ;Sul;Tombamento;;;;1;;;;;;;0;2;;;
23/10/2019;08:14:00;63;com vítima;143,885;BR-101/RJ;Sul;Choque - Defensa, barreira ou "submarino";1;;;;;;;;;;0;1;;;
23/10/2019;08:43:00;71;com vítima;228,35;BR-101/RJ;Norte;Capotamento;1;;;;;;;;;;1;1;;;
23/10/2019;15:42:00;133;sem vítima;262,639;BR-101/RJ;Sul;Atropelamento de Animal;1;;;;;;;;;;1;;;;
23/10/2019;20:43:00;173;sem vítima;299,635;BR-101/RJ;Norte;Colisão Traseira;2;;;;;;;;;;5;;;;
23/10/2019;22:37:00;181;sem vítima;243,563;BR-101/RJ;Norte;Colisão Traseira;2;;;;;;;;;;9;;;;
24/10/2019;08:15:00;73;sem vítima;318,046;BR-101/RJ;Sul;Colisão Traseira;2;;;;;;;;;;2;;;;
24/10/2019;09:53:00;98;sem vítima;103,48;BR-101/RJ;Norte;Choque - Defensa, barreira ou "submarino";;;;;;;;;;1;2;;;;
24/10/2019;10:31:00;107;sem vítima;12,4;BR-101/RJ;Norte;Colisão Traseira;;;2;;;;;;;;2;;;;
24/10/2019;16:32:00;178;sem vítima;317,034;BR-101/RJ;Norte;Engavetamento;3;;;;;;;;;;5;;;;
24/10/2019;19:10:00;205;sem vítima;66,42;BR-101/RJ;Norte;Colisão Lateral;1;;1;;;;;;;;5;;;;
25/10/2019;11:18:00;117;sem vítima;195,479;BR-101/RJ;Norte;Choque - Defensa, barreira ou "submarino";1;;;;;;;;;;4;;;;
25/10/2019;15:02:00;154;com vítima;319,544;BR-101/RJ;Sul;Colisão Traseira;1;;;;;;;;;1;1;1;;;
25/10/2019;15:10:00;155;sem vítima;295,854;BR-101/RJ;Norte;Engavetamento;3;;;;;1;;;;;7;;;;
25/10/2019;16:07:00;165;sem vítima;294,807;BR-101/RJ;Norte;Colisão Lateral;1;;1;;;;;;;;2;;;;
25/10/2019;17:43:00;187;com vítima;236,31;BR-101/RJ;Sul;Tombamento;;;;1;;;;;;;0;1;;;
25/10/2019;18:21:00;194;com vítima;320,01;BR-101/RJ;Norte;Colisão Lateral;1;;;;1;;;;;;2;1;;;
25/10/2019;22:11:00;249;sem vítima;280,211;BR-101/RJ;Norte;Choque - Outros;1;;;;;;;;;;5;;;;
25/10/2019;23:41:00;260;sem vítima;247,755;BR-101/RJ;Sul;Choque - Elemento de Drenagem;1;;;;;;;;;;1;;;;
26/10/2019;02:08:00;22;com vítima;52,227;BR-101/RJ;Norte;Outros;;;;1;;1;;;;;1;1;;;
26/10/2019;02:13:00;23;sem vítima;299,675;BR-101/RJ;Sul;Colisão Traseira;2;;;;;;;;;;5;;;;
26/10/2019;04:29:00;32;sem vítima;262,691;BR-101/RJ;Norte;Choque - Defensa, barreira ou "submarino";1;;;;;;;;;;2;;;;
26/10/2019;06:39:00;40;sem vítima;308,687;BR-101/RJ;Norte;Colisão Lateral;1;;1;;;;;;;;2;;;;
26/10/2019;12:02:00;130;sem vítima;320,921;BR-101/RJ;Sul;Colisão Traseira;2;;;;;;;;;;8;;;;
26/10/2019;12:58:00;142;com vítima;69,032;BR-101/RJ;Sul;Colisão Traseira;;2;;;1;;;;;;2;2;;;
26/10/2019;16:14:00;183;com vítima;257,314;BR-101/RJ;Norte;Colisão Traseira;1;;;1;;;;;;;2;;;1;
26/10/2019;17:10:00;200;com vítima;186,566;BR-101/RJ;Norte;Colisão Frontal;3;;;;;;;;;;2;;1;;1
26/10/2019;19:19:00;215;com vítima;81,65;BR-101/RJ;Norte;Choque - Defensa, barreira ou "submarino";;;;1;;;;;;;0;1;;;1
26/10/2019;19:23:00;216;sem vítima;205,482;BR-101/RJ;Norte;Colisão Transversal;1;;;;;;;;;1;2;;;;
26/10/2019;19:32:00;220;sem vítima;178,03;BR-101/RJ;Norte;Tombamento;1;;;;;;;;;;1;;;;
26/10/2019;20:00:00;225;com vítima;288,914;BR-101/RJ;Sul;Tombamento;;;;1;;;;;;;0;;;1;
27/10/2019;05:09:00;21;sem vítima;72,755;BR-101/RJ;Norte;Choque - Defensa, barreira ou "submarino";1;;;;;;;;;;2;;;;
27/10/2019;09:09:00;49;com vítima;283,773;BR-101/RJ;Sul;Capotamento;1;;;;;;;;;;0;;1;;
27/10/2019;12:03:00;80;sem vítima;274,48;BR-101/RJ;Norte;Choque - Elemento de Drenagem;1;;;;;;;;;;2;;;;
27/10/2019;18:55:00;168;com vítima;209,992;BR-101/RJ;Norte;Colisão Traseira;1;;1;;;;;;;;5;1;;;
27/10/2019;19:37:00;179;com vítima;57,555;BR-101/RJ;Norte;Colisão Lateral;;;;1;;1;;;;;1;;1;;
27/10/2019;20:34:00;187;sem vítima;321,314;BR-101/RJ;Sul;Choque - Defensa, barreira ou "submarino";1;;;;;;;;;;1;;;;
28/10/2019;05:18:00;31;com vítima;197,899;BR-101/RJ;Sul;Choque - Outros;1;;;;;;;;;;0;2;;;
28/10/2019;05:32:00;33;sem vítima;309,305;BR-101/RJ;Sul;Colisão Lateral;1;;1;;;;;;;;6;;;;
28/10/2019;12:51:00;121;com vítima;320,987;BR-101/RJ;Norte;Colisão Lateral;1;;1;;;;;;;;3;1;;;
28/10/2019;13:24:00;128;com vítima;271,94;BR-101/RJ;Sul;Choque - Elemento de Drenagem;1;;;;;;;;;;1;3;;;
28/10/2019;17:26:00;180;com vítima;292,256;BR-101/RJ;Sul;Tombamento;;;;1;;;;;;;0;2;;;
29/10/2019;00:59:00;17;sem vítima;286,861;BR-101/RJ;Norte;Atropelamento de Animal;1;;;;;;;;;;1;;;;
29/10/2019;08:37:00;68;sem vítima;297,433;BR-101/RJ;Sul;Colisão Lateral;1;;1;;;;;;;;2;;;;
29/10/2019;11:51:00;119;com vítima;306,617;BR-101/RJ;Sul;Choque - Defensa, barreira ou "submarino";1;;;;;;;;;;1;1;;;
30/10/2019;07:28:00;64;com vítima;321,2;BR-101/RJ;Sul;Colisão Traseira;1;;;1;;;;;;;3;1;;;
30/10/2019;15:04:00;180;com vítima;244,306;BR-101/RJ;Sul;Choque - Elemento de Drenagem;1;;;;;;;;;;0;4;;;
30/10/2019;22:45:00;249;com vítima;208,75;BR-101/RJ;Norte;Colisão Lateral;1;;1;;;;;;;;5;1;;;
31/10/2019;07:33:00;59;com vítima;105,781;BR-101/RJ;Sul;Capotamento;1;;;;;;;;;;0;2;;;
31/10/2019;07:55:00;66;com vítima;320,298;BR-101/RJ;Sul;Choque - Suporte de Sinalização;;;;1;;;;;;;0;2;;;
31/10/2019;08:50:00;81;sem vítima;139,612;BR-101/RJ;Sul;Choque - Elemento de Drenagem;1;;;;;;;;;;1;;;;
31/10/2019;11:10:00;110;com vítima;236,687;BR-101/RJ;Sul;Colisão Traseira;1;;;1;;;;;;;1;2;;;
31/10/2019;11:20:00;111;sem vítima;297,791;BR-101/RJ;Norte;Colisão Lateral;;;1;;;1;;;;;4;;;;
31/10/2019;11:36:00;114;sem vítima;67,23;BR-101/RJ;Norte;Colisão Traseira;2;;;;;;;;;;4;;;;
31/10/2019;16:27:00;156;sem vítima;237,067;BR-101/RJ;Norte;Choque - Defensa, barreira ou "submarino";;;1;;;;;;;;1;;;;
31/10/2019;16:30:00;157;sem vítima;244,5;BR-101/RJ;Norte;Colisão Transversal;2;;;;;;;;;;2;;;;
31/10/2019;23:56:00;229;sem vítima;192,3;BR-101/RJ;Sul;Choque - Cancela de Pedagio;;;1;;;;;;;;1;;;;
01/12/2019;04:46:00;18;com vítima;218,311;BR-101/RJ;Norte;Tombamento;;;;1;;;;;;;0;1;;;
01/12/2019;09:14:00;48;sem vítima;74,59;BR-101/RJ;Sul;Colisão Transversal;2;;;;;;;;;;2;;;;
01/12/2019;10:45:00;61;com vítima;301,472;BR-101/RJ;Norte;Colisão Traseira;;;;1;1;;;;;;1;;1;;
01/12/2019;15:07:00;116;sem vítima;17,794;BR-101/RJ;Sul;Colisão Transversal;2;;;;;;;;;;5;;;;
01/12/2019;16:53:00;137;sem vítima;293,629;BR-101/RJ;Sul;Colisão Lateral;2;;;;;;;;;;2;;;;
01/12/2019;17:19:00;140;sem vítima;295,366;BR-101/RJ;Sul;Colisão Traseira;2;;;;;;;;;;2;;;;
01/12/2019;19:28:00;166;com vítima;63,07;BR-101/RJ;Norte;Tombamento;;;;1;;;;;;;0;1;;;
01/12/2019;21:14:00;179;com vítima;284,169;BR-101/RJ;Sul;Outros;1;;;1;;1;;;;;3;;;;1
01/12/2019;22:09:00;186;com vítima;275,559;BR-101/RJ;Sul;Atropelamento - Outros;1;;;;;;;;;;2;2;;;
01/12/2019;22:30:00;189;sem vítima;137,5;BR-101/RJ;Norte;Choque - Objeto sobre a pista;1;;;;;;;;;;1;;;;
01/12/2019;22:43:00;191;sem vítima;137,5;BR-101/RJ;Sul;Choque - Objeto sobre a pista;;;;;;;;;;1;1;;;;
01/12/2019;22:44:00;192;sem vítima;137,5;BR-101/RJ;Norte;Choque - Objeto sobre a pista;1;;;;;;;;;;1;;;;
01/12/2019;23:26:00;200;com vítima;320,789;BR-101/RJ;Norte;Capotamento;1;;;;;;;;;;0;2;;;
02/12/2019;06:26:00;34;sem vítima;311,935;BR-101/RJ;Sul;Colisão Traseira;1;;;;;1;;;;;4;;;;
02/12/2019;06:58:00;42;sem vítima;316,394;BR-101/RJ;Sul;Colisão Traseira;1;;;1;;;;;;;6;;;;
02/12/2019;14:52:00;131;sem vítima;265,276;BR-101/RJ;Sul;Colisão Lateral;1;;1;;;;;;;;2;;;;
02/12/2019;17:25:00;169;sem vítima;210,287;BR-101/RJ;Norte;Colisão Traseira;1;;;;;1;;;;;2;;;;
02/12/2019;18:41:00;185;com vítima;319,507;BR-101/RJ;Norte;Outros - Sequência;2;;;1;;;;;;;2;2;;;
02/12/2019;19:04:00;190;com vítima;68,636;BR-101/RJ;Sul;Colisão Transversal;;;1;;1;;;;;;2;3;;;
03/12/2019;06:01:00;24;sem vítima;59,425;BR-101/RJ;Sul;Engavetamento;1;;;;1;1;;;;;4;;;;
03/12/2019;07:35:00;46;com vítima;318,35;BR-101/RJ;Sul;Colisão Lateral;1;;;1;;;;;;;1;1;;;
03/12/2019;08:07:00;64;com vítima;65,75;BR-101/RJ;Sul;Tombamento;;;;1;;;;;;;0;1;;;
03/12/2019;10:02:00;95;com vítima;137,621;BR-101/RJ;Sul;Colisão Frontal;1;;;1;;;;;;;1;1;;;
03/12/2019;12:10:00;117;com vítima;195,469;BR-101/RJ;Norte;Capotamento;1;;;;;;;;;;0;1;;;
03/12/2019;13:45:00;130;com vítima;145,367;BR-101/RJ;Norte;Colisão Frontal;1;;1;;;;;;;;0;1;;1;1
03/12/2019;14:47:00;134;com vítima;218,324;BR-101/RJ;Sul;Tombamento;;;1;;;;;;;;0;1;;;
03/12/2019;16:05:00;146;sem vítima;145,678;BR-101/RJ;Sul;Colisão Traseira;2;;;;;;;;;;4;;;;
03/12/2019;18:23:00;171;com vítima;138,904;BR-101/RJ;Norte;Choque - Suporte de Sinalização;1;;;;;;;;;;0;1;;;
03/12/2019;18:45:00;174;sem vítima;313,3;BR-101/RJ;Norte;Colisão Traseira;1;;;;;;;;;1;3;;;;
04/12/2019;09:45:00;112;sem vítima;131,76;BR-101/RJ;Norte;Choque - Elemento de Drenagem;;;1;;;;;;;;2;;;;
04/12/2019;17:00:00;185;com vítima;294,228;BR-101/RJ;Sul;Engavetamento;3;;;;;;;;;;2;1;;;
04/12/2019;19:25:00;216;com vítima;317,134;BR-101/RJ;Norte;Colisão Lateral;1;;;1;;;;;;;1;;1;;
04/12/2019;19:38:00;223;sem vítima;318,817;BR-101/RJ;Norte;Colisão Lateral;1;;;;1;;;;;;2;;;;
04/12/2019;21:38:00;238;sem vítima;285,543;BR-101/RJ;Sul;Colisão Traseira;;;2;;;;;;;;2;;;;
05/12/2019;00:59:00;16;sem vítima;320,841;BR-101/RJ;Norte;Choque - Elemento de Drenagem;1;;;;;;;;;;1;;;;
05/12/2019;07:01:00;59;sem vítima;122,398;BR-101/RJ;Norte;Colisão Traseira;1;;1;;;;;;;;2;;;;
05/12/2019;21:47:00;241;sem vítima;273,5;BR-101/RJ;Norte;Capotamento;;;;;;;;;;1;1;;;;
06/12/2019;08:30:00;73;com vítima;119,8;BR-101/RJ;Sul;Colisão Traseira;1;;;;;;;;;1;0;2;1;;
06/12/2019;13:17:00;147;com vítima;239,82;BR-101/RJ;Norte;Choque - Elemento de Drenagem;1;;;;;;;;;;0;2;;;
06/12/2019;13:55:00;160;sem vítima;239,82;BR-101/RJ;Norte;Saida de Pista;1;;;;;;;;;;1;;;;
06/12/2019;14:52:00;172;com vítima;52,825;BR-101/RJ;Norte;Colisão Transversal;;1;;1;;;;;;;0;1;1;;
06/12/2019;16:26:00;199;sem vítima;297,886;BR-101/RJ;Norte;Engavetamento;2;;1;;;;;;;;4;;;;
06/12/2019;17:18:00;210;sem vítima;88,262;BR-101/RJ;Norte;Choque - Elemento de Drenagem;1;;;;;;;;;;1;;;;
06/12/2019;17:43:00;217;sem vítima;261,886;BR-101/RJ;Sul;Choque - Elemento de Drenagem;1;;;;;;;;;;3;;;;
06/12/2019;17:52:00;220;sem vítima;229,36;BR-101/RJ;Norte;Choque - Defensa, barreira ou "submarino";1;;;;;;;;;;1;;;;
06/12/2019;20:46:00;244;sem vítima;95,381;BR-101/RJ;Sul;Choque - Objeto sobre a pista;1;;;;;1;;;;;2;;;;
06/12/2019;21:47:00;250;sem vítima;282,611;BR-101/RJ;Norte;Choque - Elemento de Drenagem;1;;;;;;;;;;1;;;;
07/12/2019;10:36:00;94;sem vítima;243,455;BR-101/RJ;Norte;Choque - Defensa, barreira ou "submarino";1;;;;;;;;;;1;;;;
07/12/2019;10:56:00;97;com vítima;296,829;BR-101/RJ;Norte;Tombamento;;;;1;;;;;;;0;1;;;
07/12/2019;11:08:00;100;sem vítima;297,8;BR-101/RJ;Sul;Colisão Traseira;2;;;;;;;;;;6;;;;
07/12/2019;12:51:00;111;sem vítima;297,382;BR-101/RJ;Sul;Colisão Lateral;1;;;;;;;;;;1;;;;
07/12/2019;13:44:00;122;sem vítima;217,586;BR-101/RJ;Norte;Choque - Defensa, barreira ou "submarino";1;;;;;;;;;;2;;;;
07/12/2019;13:50:00;126;sem vítima;122,9;BR-101/RJ;Sul;Choque - Suporte de Sinalização;;;;;1;;;;;;1;;;;
07/12/2019;15:13:00;138;sem vítima;296,22;BR-101/RJ;Norte;Choque - Defensa, barreira ou "submarino";1;;;;;;;;;;1;;;;
07/12/2019;17:21:00;165;com vítima;313,642;BR-101/RJ;Sul;Tombamento;;;;1;;;;;;;0;2;;;
07/12/2019;17:37:00;170;sem vítima;311,01;BR-101/RJ;Norte;Engavetamento;3;;;;;;;;;;3;;;;
07/12/2019;19:02:00;184;com vítima;315,739;BR-101/RJ;Norte;Colisão Lateral;1;;;1;;;;;;;2;1;;;
07/12/2019;19:21:00;189;com vítima;315,739;BR-101/RJ;Norte;Colisão Traseira;2;;;;;;;;;;8;2;;;
07/12/2019;20:35:00;201;sem vítima;117,5;BR-101/RJ;Sul;Choque - Outros;1;;;;;;;;;;1;;;;
07/12/2019;22:07:00;212;sem vítima;131,56;BR-101/RJ;Norte;Atropelamento de Animal;1;;;;;;;;;;4;;;;
07/12/2019;23:44:00;220;com vítima;48,5;BR-101/RJ;Norte;Tombamento;;;;1;;;;;;;0;1;;;
08/12/2019;01:05:00;13;com vítima;313,3;BR-101/RJ;Norte;Atropelamento - Andarilho;;;;;;1;;;;;2;1;;;
08/12/2019;04:40:00;30;sem vítima;272,139;BR-101/RJ;Norte;Choque - Defensa, barreira ou "submarino";1;;;;;;;;;;1;;;;
08/12/2019;04:47:00;31;com vítima;319,552;BR-101/RJ;Sul;Atropelamento - Andarilho;;;;;;1;;;;;1;;;1;
08/12/2019;14:13:00;114;sem vítima;78,365;BR-101/RJ;Norte;Colisão Lateral;;;1;;;;;;;1;2;;;;
08/12/2019;16:19:00;136;com vítima;99,686;BR-101/RJ;Norte;Capotamento;1;;;;;;;;;;0;1;;1;2
08/12/2019;19:20:00;170;sem vítima;104,1;BR-101/RJ;Sul;Choque - Objeto sobre a pista;1;;;;;;;;;;1;;;;
08/12/2019;20:19:00;177;com vítima;79,669;BR-101/RJ;Norte;Colisão Transversal;1;;;1;;;;;;;1;1;;1;
08/12/2019;20:49:00;184;com vítima;287,713;BR-101/RJ;Sul;Atropelamento de Animal;;;;1;;;;;;;0;1;1;;
08/12/2019;23:54:00;211;com vítima;282,313;BR-101/RJ;Sul;Tombamento;;;;1;;;;;;;0;;1;;
09/12/2019;07:04:00;46;com vítima;313,456;BR-101/RJ;Sul;Colisão Lateral;1;;;1;;;;;;;1;2;;;
09/12/2019;07:18:00;50;com vítima;289,704;BR-101/RJ;Sul;Colisão Traseira;1;;;1;;;;;;;3;2;;;
09/12/2019;14:18:00;156;sem vítima;196,516;BR-101/RJ;Norte;Choque - Defensa, barreira ou "submarino";1;;;;;;;;;;2;;;;
09/12/2019;17:38:00;188;com vítima;306,329;BR-101/RJ;Norte;Tombamento;;;;1;;;;;;;1;1;;;
09/12/2019;19:11:00;202;com vítima;272,513;BR-101/RJ;Norte;Choque - Outros;;1;;;;;;;;;0;1;;;
09/12/2019;19:20:00;204;com vítima;299,665;BR-101/RJ;Sul;Colisão Traseira;2;;;;;;;;;;1;1;;;
09/12/2019;20:49:00;219;com vítima;311,87;BR-101/RJ;Norte;Colisão Traseira;1;;;;;1;;;;;4;1;;;
10/12/2019;03:19:00;20;sem vítima;198,437;BR-101/RJ;Sul;Choque - Elemento de Drenagem;1;;;;;;;;;;1;;;;
10/12/2019;05:10:00;25;sem vítima;220,327;BR-101/RJ;Norte;Tombamento;;;1;;;;;;;;2;;;;
10/12/2019;05:10:00;26;sem vítima;309,389;BR-101/RJ;Norte;Colisão Traseira;1;;;;;1;;;;;2;;;;
10/12/2019;07:11:00;54;sem vítima;301,734;BR-101/RJ;Norte;Colisão Traseira;2;;;;;;;;;;3;;;;
10/12/2019;13:54:00;153;com vítima;282,57;BR-101/RJ;Norte;Colisão Traseira;;;;1;1;;;;;;1;1;;;
10/12/2019;15:10:00;170;sem vítima;290,48;BR-101/RJ;Sul;Colisão Lateral;2;;;;;;;;;;2;;;;
10/12/2019;17:08:00;195;sem vítima;282,757;BR-101/RJ;Norte;Choque - Defensa, barreira ou "submarino";1;;;;;;;;;;1;;;;
10/12/2019;20:14:00;230;sem vítima;295,324;BR-101/RJ;Norte;Engavetamento;2;;1;;;;;;;;3;;;;
10/12/2019;22:13:00;243;sem vítima;305,672;BR-101/RJ;Norte;Atropelamento de Animal;;;;;1;;;;;;1;;;;
10/12/2019;22:45:00;246;sem vítima;146,694;BR-101/RJ;Norte;Colisão Traseira;;;1;;;;;;;1;2;;;;
11/12/2019;10:01:00;100;sem vítima;67,54;BR-101/RJ;Norte;Engavetamento;1;;;;1;;;;;1;3;;;;
11/12/2019;14:32:00;161;com vítima;159,469;BR-101/RJ;Norte;Tombamento;;;1;;;;;;;;0;1;;;
11/12/2019;14:40:00;163;sem vítima;196,25;BR-101/RJ;Sul;Saida de Pista;1;;;;;;;;;;2;;;;
11/12/2019;17:27:00;210;com vítima;319,5;BR-101/RJ;Norte;Atropelamento - Andarilho;;;;1;;;;;;;1;1;;;
12/12/2019;02:21:00;19;com vítima;3,309;BR-101/RJ;Norte;Choque - Outros;1;;;;;;;;;;1;1;2;;
12/12/2019;05:14:00;27;sem vítima;278,031;BR-101/RJ;Sul;Choque - Outros;;;1;;;;;;;;2;;;;
12/12/2019;07:20:00;60;com vítima;315,9;BR-101/RJ;Sul;Colisão Lateral;1;;;1;;;;;;;2;;1;;
12/12/2019;07:21:00;61;com vítima;296,333;BR-101/RJ;Norte;Colisão Lateral;1;;;;;;;;;1;1;2;;;
12/12/2019;08:56:00;88;com vítima;265,7;BR-101/RJ;Sul;Colisão Lateral;;1;;1;;;;;;;1;;1;;
12/12/2019;10:51:00;115;sem vítima;196,4;BR-101/RJ;Sul;Saida de Pista;1;;;;;;;;;;1;;;;
12/12/2019;11:44:00;128;sem vítima;61,183;BR-101/RJ;Norte;Colisão Traseira;1;;1;;;;;;;;3;;;;
12/12/2019;13:28:00;154;sem vítima;307,137;BR-101/RJ;Norte;Choque - Defensa, barreira ou "submarino";1;;;;;;;;;;1;;;;
12/12/2019;16:07:00;188;sem vítima;195,28;BR-101/RJ;Sul;Choque - Defensa, barreira ou "submarino";1;;;;;;;;;;1;;;;
12/12/2019;16:38:00;193;com vítima;207,597;BR-101/RJ;Norte;Colisão Transversal;1;;;1;;;;;;;2;1;;;
12/12/2019;16:40:00;194;com vítima;249,403;BR-101/RJ;Norte;Choque - Defensa, barreira ou "submarino";1;;;;;;;;;;0;1;;;
12/12/2019;19:07:00;215;sem vítima;250,893;BR-101/RJ;Norte;Colisão Traseira;1;;1;;;;;;;;2;;;;
12/12/2019;19:09:00;217;sem vítima;295,5;BR-101/RJ;Sul;Colisão Traseira;2;;;;;;;;;;2;;;;
12/12/2019;19:40:00;229;sem vítima;297,757;BR-101/RJ;Norte;Colisão Lateral;1;;1;;;;;;;;2;;;;
12/12/2019;22:14:00;256;sem vítima;298,973;BR-101/RJ;Norte;Choque - Elemento de Drenagem;1;;;;;;;;;;2;;;;
13/12/2019;03:00:00;21;sem vítima;97,4;BR-101/RJ;Norte;Colisão Traseira;;;1;;1;;;;;;3;;;;
13/12/2019;08:10:00;71;sem vítima;64,061;BR-101/RJ;Norte;Colisão Transversal;1;;1;;;;;;;;2;;;;
13/12/2019;12:03:00;140;sem vítima;299,8;BR-101/RJ;Norte;Colisão Traseira;1;;;;;1;;;;;2;;;;
13/12/2019;12:18:00;143;com vítima;4,854;BR-101/RJ;Sul;Tombamento;;;1;;;;;;;;0;;;1;
13/12/2019;15:27:00;196;com vítima;192,83;BR-101/RJ;Norte;Colisão Traseira;2;;;;;;;;;;1;2;;;
13/12/2019;17:18:00;229;sem vítima;93;BR-101/RJ;Sul;;;;;;;;;;;;0;;;;
13/12/2019;17:45:00;243;sem vítima;90,182;BR-101/RJ;Sul;Saida de Pista;1;;;;;;;;;;5;;;;
13/12/2019;18:25:00;256;com vítima;299,23;BR-101/RJ;Sul;Atropelamento - Ciclista;1;1;;;;;;;;;1;1;;;
13/12/2019;19:17:00;264;com vítima;153,5;BR-101/RJ;Sul;Outros - Sequência;1;;1;1;;1;;;;;3;;;1;
14/12/2019;01:24:00;19;sem vítima;272,94;BR-101/RJ;Sul;Colisão Lateral;;;2;;;;;;;;2;;;;
14/12/2019;05:55:00;42;com vítima;122,88;BR-101/RJ;Sul;Colisão Traseira;1;;1;;;;;;;;1;2;;;
14/12/2019;08:23:00;76;com vítima;173,325;BR-101/RJ;Sul;Colisão Lateral;;;;1;;1;;;;;1;1;;;
14/12/2019;09:09:00;86;sem vítima;295,556;BR-101/RJ;Norte;Colisão Traseira;2;;;;;;;;;;2;;;;
14/12/2019;10:34:00;101;sem vítima;286,1;BR-101/RJ;Sul;Choque - Outros;1;;;;;;;;;;1;;;;
14/12/2019;10:35:00;102;sem vítima;262,639;BR-101/RJ;Sul;Colisão Traseira;2;;;;;;;;;;2;;;;
14/12/2019;11:49:00;120;sem vítima;227,149;BR-101/RJ;Norte;Choque - Outros;1;;;;;;;;;;1;;;;
14/12/2019;14:11:00;150;com vítima;282,763;BR-101/RJ;Norte;Choque - Defensa, barreira ou "submarino";1;;;;;;;;;;0;2;;;
14/12/2019;14:59:00;163;com vítima;124,152;BR-101/RJ;Norte;Choque - Defensa, barreira ou "submarino";1;;;;;;;;;;0;1;;;
14/12/2019;15:22:00;166;sem vítima;311,041;BR-101/RJ;Norte;Colisão Traseira;1;;1;;;;;;;;4;;;;
14/12/2019;18:37:00;208;com vítima;269,276;BR-101/RJ;Sul;Colisão Lateral;;;;1;;;;;;1;1;1;;;
14/12/2019;23:07:00;244;com vítima;54,957;BR-101/RJ;Norte;Colisão Transversal;1;;;1;;;;;;;1;1;;;
14/12/2019;23:19:00;245;sem vítima;317,148;BR-101/RJ;Sul;Colisão Lateral;1;;1;;;;;;;;3;;;;
15/12/2019;03:40:00;24;sem vítima;270,71;BR-101/RJ;Norte;Atropelamento de Animal;;;1;;;;;;;;3;;;;
15/12/2019;09:18:00;72;sem vítima;40,53;BR-101/RJ;Norte;Choque - Cancela de Pedagio;;;1;;;;;;;;1;;;;
15/12/2019;11:11:00;89;sem vítima;295,7;BR-101/RJ;Norte;Colisão Traseira;1;;;;;1;;;;;2;;;;
15/12/2019;18:03:00;169;sem vítima;244,347;BR-101/RJ;Sul;Colisão Lateral;1;;;;1;;;;;;4;;;;
15/12/2019;19:27:00;187;com vítima;119,915;BR-101/RJ;Sul;Atropelamento - Outros;;;1;;;;;;;;2;;1;;
15/12/2019;23:56:00;235;com vítima;296,656;BR-101/RJ;Sul;Choque - Defensa, barreira ou "submarino";1;;;;;;;;;;0;1;;;
16/12/2019;02:14:00;18;com vítima;297,451;BR-101/RJ;Norte;Tombamento;;;;1;;;;;;;1;1;;;
16/12/2019;08:04:00;59;sem vítima;316,29;BR-101/RJ;Norte;Choque - Elemento de Drenagem;1;;;;;;;;;;1;;;;
16/12/2019;12:05:00;133;com vítima;221,82;BR-101/RJ;Sul;Colisão Traseira;;;2;;;;;;;;1;1;;;
16/12/2019;12:31:00;150;com vítima;266,096;BR-101/RJ;Norte;Colisão Lateral;1;;1;;;;;;;;2;;1;;
16/12/2019;15:43:00;206;com vítima;65,5;BR-101/RJ;Sul;Colisão Lateral;1;;1;;;;;;;;0;4;;;
16/12/2019;16:11:00;209;com vítima;169,572;BR-101/RJ;Sul;Tombamento;;;1;;;;;;;;2;1;;;
16/12/2019;16:15:00;210;com vítima;58,767;BR-101/RJ;Sul;Tombamento;;1;;;;;;;;;0;1;;;
16/12/2019;23:13:00;294;sem vítima;278,45;BR-101/RJ;Norte;Choque - Elemento de Drenagem;1;;;;;;;;;;3;;;;
17/12/2019;05:58:00;51;sem vítima;309,441;BR-101/RJ;Norte;Saida de Pista;1;;;;;;;;;;1;;;;
17/12/2019;09:23:00;119;sem vítima;320,5;BR-101/RJ;Norte;Engavetamento;2;;;;;1;;;;;6;;;;
17/12/2019;10:23:00;137;sem vítima;297;BR-101/RJ;Norte;Colisão Traseira;1;;1;;;;;;;;2;;;;
17/12/2019;10:35:00;143;sem vítima;203,6;BR-101/RJ;Sul;Choque - Outros;;;1;;;;;;;;1;;;;
17/12/2019;11:16:00;159;sem vítima;294,065;BR-101/RJ;Sul;Engavetamento;1;;;;;;;;;3;9;;;;