data;horario;n_da_ocorrencia;tipo_de_ocorrencia;km;trecho;sentido;tipo_de_acidente;automovel;bicicleta;caminhao;moto;onibus;outros;tracao_animal;transporte_de_cargas_especiais;trator_maquinas;utilitarios;ilesos;levemente_feridos;moderadamente_feridos;gravemente_feridos;mortos
04/01/2020;20:57:00;187;sem vítima;271,857;BR-101/RJ;Sul;Choque - Outros;1;;;;;;;;;;1;;;;
05/01/2020;05:01:00;15;sem vítima;315,976;BR-101/RJ;Norte;Choque - Elemento de Drenagem;1;;;;;;;;;;1;;;;
05/01/2020;05:33:00;19;sem vítima;297,893;BR-101/RJ;Sul;Choque - Defensa, barreira ou "submarino";1;;;;;;;;;;3;;;;
05/01/2020;06:15:00;24;sem vítima;144,4;BR-101/RJ;Sul;Tombamento;1;;;;;;;;;;1;;;;
05/01/2020;07:57:00;35;com vítima;266,685;BR-101/RJ;Sul;Colisão Lateral;1;;;1;;;;;;;2;1;;;
05/01/2020;16:04:00;123;com vítima;206,6;BR-101/RJ;Sul;Atropelamento - Morador;1;;;;;;;;;;3;;1;;
06/01/2020;06:26:00;42;sem vítima;314,911;BR-101/RJ;Sul;Colisão Traseira;2;;;;;;;;;;5;;;;
06/01/2020;07:46:00;67;com vítima;206,165;BR-101/RJ;Sul;Colisão Lateral;1;;1;;;;;;;;4;1;;;
06/01/2020;12:44:00;152;sem vítima;287,743;BR-101/RJ;Sul;Choque - Objeto sobre a pista;1;;;;;;;;;;1;;;;
06/01/2020;15:46:00;189;com vítima;224,155;BR-101/RJ;Norte;Capotamento;1;;;;;;;;;;1;1;;;
06/01/2020;18:36:00;222;com vítima;111,85;BR-101/RJ;Sul;Tombamento;;;;1;;;;;;;0;2;;;
06/01/2020;21:43:00;264;sem vítima;300,595;BR-101/RJ;Norte;Atropelamento de Animal;1;;;;;;;;;;1;;;;
06/01/2020;22:00:00;266;sem vítima;321,9;BR-101/RJ;Sul;Colisão Lateral;1;;;;;1;;;;;3;;;;
06/01/2020;22:16:00;268;com vítima;314,7;BR-101/RJ;Sul;Tombamento;;;;1;;;;;;;0;;;1;
06/01/2020;22:51:00;274;sem vítima;305,9;BR-101/RJ;Sul;Atropelamento de Animal;1;;;;;;;;;;1;;;;
06/01/2020;23:21:00;277;sem vítima;305,905;BR-101/RJ;Sul;Atropelamento de Animal;1;;;;;;;;;;1;;;;
07/01/2020;10:04:00;75;com vítima;268,39;BR-101/RJ;Sul;Engavetamento;3;;;;;;;;;;7;3;;;
07/01/2020;10:25:00;86;com vítima;67,5;BR-101/RJ;Sul;Outros;;;;1;;1;;;;;1;1;;;
07/01/2020;12:26:00;123;com vítima;66,2;BR-101/RJ;Norte;Atropelamento - Outros;;;1;;;;;;;;1;1;;;
07/01/2020;13:39:00;139;sem vítima;262,856;BR-101/RJ;Norte;Colisão Traseira;;;2;;;;;;;;2;;;;
07/01/2020;14:21:00;149;sem vítima;262,5;BR-101/RJ;Norte;Colisão Traseira;1;;1;;;;;;;;6;;;;
07/01/2020;17:13:00;188;sem vítima;246,114;BR-101/RJ;Sul;Choque - Defensa, barreira ou "submarino";;;;;;;;;;1;1;;;;
07/01/2020;17:27:00;191;com vítima;317,145;BR-101/RJ;Norte;Engavetamento;3;;;;;;;;;;4;1;;;
07/01/2020;18:19:00;201;sem vítima;209,747;BR-101/RJ;Norte;Choque - Defensa, barreira ou "submarino";1;;;;;;;;;;1;;;;
07/01/2020;23:01:00;226;sem vítima;284,8;BR-101/RJ;Norte;Colisão Traseira;;;2;;;;;;;;2;;;;
08/01/2020;08:40:00;67;com vítima;198,468;BR-101/RJ;Sul;Capotamento;1;;;;;;;;;;0;1;;;
08/01/2020;09:51:00;90;com vítima;316,705;BR-101/RJ;Sul;Tombamento;;;;1;;;;;;;0;1;;;
08/01/2020;12:53:00;128;sem vítima;295,645;BR-101/RJ;Norte;Colisão Lateral;1;;1;;;;;;;;2;;;;
08/01/2020;16:09:00;167;sem vítima;286,134;BR-101/RJ;Sul;Saida de Pista;1;;;;;;;;;;2;;;;
08/01/2020;18:50:00;201;com vítima;310,834;BR-101/RJ;Norte;Colisão Lateral;1;;;1;;;;;;;4;1;;;
08/01/2020;19:00:00;205;com vítima;276,435;BR-101/RJ;Norte;Colisão Transversal;2;;;;;;;;;;5;1;;;
08/01/2020;19:27:00;208;com vítima;152,983;BR-101/RJ;Norte;Colisão Transversal;1;;1;;;;;;;;6;;;;1
09/01/2020;04:31:00;15;sem vítima;275,137;BR-101/RJ;Norte;Colisão Lateral;1;;1;;;;;;;;3;;;;
09/01/2020;06:58:00;39;com vítima;319,7;BR-101/RJ;Sul;Engavetamento;1;;;2;1;;;;;;4;1;;;
09/01/2020;07:33:00;44;sem vítima;282,513;BR-101/RJ;Norte;Engavetamento;3;;;;;;;;;;3;;;;
09/01/2020;12:18:00;133;sem vítima;190,5;BR-101/RJ;Norte;Colisão Traseira;1;;;;;1;;;;;2;;;;
09/01/2020;12:54:00;145;com vítima;59,206;BR-101/RJ;Norte;Colisão Transversal;1;;;1;;;;;;;1;;1;;
09/01/2020;13:44:00;159;com vítima;66,45;BR-101/RJ;Norte;Colisão Traseira;;1;;;;1;;;;;1;1;;;
09/01/2020;16:19:00;189;com vítima;286,397;BR-101/RJ;Norte;Tombamento;;;;1;;;;;;;0;1;;;
09/01/2020;23:58:00;260;com vítima;308,973;BR-101/RJ;Norte;Tombamento;;;1;;;;;;;;0;;;1;
10/01/2020;00:02:00;3;sem vítima;67,45;BR-101/RJ;Sul;Colisão Lateral;1;;;;1;;;;;;3;;;;
10/01/2020;00:07:00;4;com vítima;311,008;BR-101/RJ;Sul;Atropelamento - Usuário;1;;;;;;;;;;1;1;;;1
10/01/2020;00:40:00;6;com vítima;64,1;BR-101/RJ;Norte;Choque - Outros;;;;1;;;;;;;0;1;;;
10/01/2020;03:01:00;19;sem vítima;72,9;BR-101/RJ;Sul;Colisão Traseira;1;;1;;;;;;;;2;;;;
10/01/2020;03:50:00;22;sem vítima;299,7;BR-101/RJ;Sul;Colisão Traseira;;;1;;;;;;;1;3;;;;
10/01/2020;04:40:00;26;sem vítima;299,663;BR-101/RJ;Sul;Colisão Lateral;;;1;;;;;;;1;3;;;;
10/01/2020;06:47:00;47;sem vítima;299,7;BR-101/RJ;Sul;Colisão Traseira;1;;;;;1;;;;;4;;;;
10/01/2020;07:43:00;66;com vítima;307,907;BR-101/RJ;Sul;Tombamento;;;;1;;;;;;;0;2;;;
10/01/2020;11:39:00;140;sem vítima;252,89;BR-101/RJ;Sul;Colisão Traseira;2;;;;;;;;;;5;;;;
10/01/2020;15:19:00;198;com vítima;112,957;BR-101/RJ;Norte;Choque - Defensa, barreira ou "submarino";1;;;;;;;;;;2;1;;;
10/01/2020;15:33:00;205;sem vítima;262,114;BR-101/RJ;Sul;Colisão Lateral;1;;;;;;;;;1;5;;;;
10/01/2020;15:33:00;206;sem vítima;132,941;BR-101/RJ;Sul;Choque - Defensa, barreira ou "submarino";;;;;;;;;;1;1;;;;
10/01/2020;15:51:00;214;com vítima;137,949;BR-101/RJ;Norte;Choque - Elemento de Drenagem;1;;;;;;;;;;0;2;;;
10/01/2020;16:57:00;221;com vítima;309,461;BR-101/RJ;Norte;Colisão Lateral;1;;;1;;;;;;;3;1;;;
10/01/2020;19:10:00;252;sem vítima;313,3;BR-101/RJ;Norte;Colisão Lateral;1;;;1;;;;;;;2;;;;
10/01/2020;19:24:00;255;sem vítima;296,25;BR-101/RJ;Norte;Engavetamento;3;;;;;;;;;;3;;;;
10/01/2020;20:14:00;267;sem vítima;58,5;BR-101/RJ;Norte;Engavetamento;2;;;;;;;;;1;8;;;;
10/01/2020;22:59:00;293;sem vítima;306,276;BR-101/RJ;Norte;Choque - Defensa, barreira ou "submarino";;;1;;;;;;;;2;;;;
11/01/2020;07:46:00;50;sem vítima;289,377;BR-101/RJ;Sul;Colisão Traseira;1;;;;1;;;;;;6;;;;
11/01/2020;09:31:00;72;sem vítima;317,906;BR-101/RJ;Sul;Colisão Traseira;2;;;;;;;;;;2;;;;
11/01/2020;11:37:00;107;sem vítima;61,5;BR-101/RJ;Norte;Colisão Traseira;2;;;;;;;;;;2;;;;
11/01/2020;14:01:00;145;com vítima;309,295;BR-101/RJ;Norte;Colisão Traseira;1;;;1;;;;;;;2;;1;;
11/01/2020;18:13:00;206;sem vítima;64,15;BR-101/RJ;Sul;Engavetamento;3;;;;;;;;;;6;;;;
11/01/2020;20:40:00;224;com vítima;55,042;BR-101/RJ;Norte;Engavetamento;2;;1;;;;;;;;5;1;;;
11/01/2020;21:08:00;225;sem vítima;299,238;BR-101/RJ;Norte;Choque - Objeto sobre a pista;1;;;;;;;;;;1;;;;
11/01/2020;21:35:00;227;sem vítima;299,238;BR-101/RJ;Norte;Choque - Objeto sobre a pista;1;;;;;;;;;;1;;;;
12/01/2020;05:20:00;20;sem vítima;304,391;BR-101/RJ;Norte;Choque - Suporte de Sinalização;1;;;;;;;;;;1;;;;
12/01/2020;06:10:00;25;sem vítima;295,567;BR-101/RJ;Sul;Choque - Defensa, barreira ou "submarino";1;;;;;;;;;;1;;;;
12/01/2020;11:10:00;81;sem vítima;277,486;BR-101/RJ;Sul;Colisão Traseira;2;;;;;;;;;;3;;;;
12/01/2020;12:52:00;108;sem vítima;58,3;BR-101/RJ;Sul;Engavetamento;3;;;;;1;;;;;4;;;;
12/01/2020;13:05:00;111;com vítima;276,05;BR-101/RJ;Sul;Engavetamento;3;;1;;;;;;;;8;;1;;
12/01/2020;13:42:00;115;com vítima;154,077;BR-101/RJ;Norte;Saida de Pista;1;;;;;;;;;;1;1;;;
12/01/2020;14:07:00;125;sem vítima;199,414;BR-101/RJ;Norte;Choque - Outros;1;;;;;;;;;;1;;;;
12/01/2020;15:39:00;149;sem vítima;290,1;BR-101/RJ;Norte;Colisão Lateral;1;;;1;;;;;;;6;;;;
12/01/2020;16:20:00;159;com vítima;271,351;BR-101/RJ;Sul;Choque - Outros;;;;;1;;;;;;1;10;3;;1
12/01/2020;16:23:00;161;com vítima;293,372;BR-101/RJ;Norte;Choque - Defensa, barreira ou "submarino";1;;;;;;;;;;0;1;;;
12/01/2020;18:19:00;181;sem vítima;248,345;BR-101/RJ;Norte;Choque - Defensa, barreira ou "submarino";1;;;;;;;;;;2;;;;
12/01/2020;18:31:00;183;com vítima;57;BR-101/RJ;Norte;Colisão Frontal;1;;;1;;;;;;;1;1;;;
12/01/2020;19:29:00;199;sem vítima;53,484;BR-101/RJ;Sul;Atropelamento de Animal;1;;;;;;;;;;5;;;;
12/01/2020;19:47:00;204;com vítima;53,48;BR-101/RJ;Norte;Atropelamento de Animal;1;;;;;;;;;;0;5;;;
12/01/2020;20:19:00;213;sem vítima;270,442;BR-101/RJ;Sul;Colisão Transversal;1;;1;;;;;;;;6;;;;
12/01/2020;20:43:00;215;sem vítima;297,725;BR-101/RJ;Norte;Colisão Traseira;2;;;;;;;;;;2;;;;
12/01/2020;21:06:00;221;sem vítima;297,331;BR-101/RJ;Sul;Outros;1;;1;;;;;;;;2;;;;
13/01/2020;00:52:00;10;sem vítima;267,5;BR-101/RJ;Sul;Colisão Traseira;1;;;;;;;;;1;2;;;;
13/01/2020;06:05:00;41;sem vítima;294,2;BR-101/RJ;Norte;Engavetamento;3;;;;;;;;;;5;;;;
13/01/2020;08:11:00;81;sem vítima;195,454;BR-101/RJ;Sul;Capotamento;1;;;;;;;;;;2;;;;
13/01/2020;10:10:00;115;com vítima;321,1;BR-101/RJ;Sul;Tombamento;;;;1;;;;;;;0;2;;;
13/01/2020;11:19:00;134;com vítima;287,832;BR-101/RJ;Sul;Choque - Outros;1;;;;;;;;;;0;1;;;
13/01/2020;12:22:00;143;com vítima;198,396;BR-101/RJ;Sul;Choque - Elemento de Drenagem;1;;;;;;;;;;2;1;;;
13/01/2020;14:01:00;166;sem vítima;296,2;BR-101/RJ;Sul;Engavetamento;3;;;;;1;;;;;4;;;;
13/01/2020;14:04:00;169;com vítima;71,2;BR-101/RJ;Norte;Tombamento;;;;1;;;;;;;0;;1;;
13/01/2020;14:32:00;177;com vítima;99,379;BR-101/RJ;Norte;Capotamento;1;;;;;;;;;;0;1;1;;
13/01/2020;14:40:00;180;com vítima;82,755;BR-101/RJ;Sul;Colisão Frontal;1;;1;;;;;;;;1;;1;3;
13/01/2020;14:58:00;183;sem vítima;262;BR-101/RJ;Sul;Colisão Lateral;2;;;;;;;;;;4;;;;
13/01/2020;15:25:00;190;sem vítima;67,828;BR-101/RJ;Norte;Colisão Traseira;1;;;;;;;;;1;2;;;;
13/01/2020;15:27:00;191;sem vítima;301,504;BR-101/RJ;Norte;Engavetamento;4;;;;;;;;;;6;;;;
13/01/2020;15:29:00;192;sem vítima;265,479;BR-101/RJ;Sul;Choque - Suporte de Sinalização;1;;;;;;;;;;2;;;;
13/01/2020;16:57:00;216;sem vítima;273,73;BR-101/RJ;Sul;Engavetamento;1;;;;;2;;;;;3;;;;
13/01/2020;17:57:00;231;sem vítima;215,414;BR-101/RJ;Sul;Colisão Transversal;1;;;;1;;;;;;47;;;;
13/01/2020;20:11:00;251;sem vítima;79,8;BR-101/RJ;Sul;Colisão Traseira;;;2;;;;;;;;2;;;;
13/01/2020;23:50:00;272;com vítima;120,52;BR-101/RJ;Sul;Atropelamento - Outros;;;1;;;1;;;;;1;;;;1
14/01/2020;17:05:00;162;sem vítima;67,6;BR-101/RJ;Sul;Colisão Lateral;1;;;1;;;;;;;2;;;;
14/01/2020;19:44:00;193;sem vítima;318,88;BR-101/RJ;Norte;Colisão Traseira;2;;;;;;;;;;4;;;;
15/01/2020;08:00:00;44;sem vítima;111,819;BR-101/RJ;Sul;Choque - Defensa, barreira ou "submarino";;;1;;;;;;;;2;;;;
15/01/2020;10:54:00;92;sem vítima;285,6;BR-101/RJ;Norte;Choque - Objeto sobre a pista;1;;;;;;;;;;1;;;;
15/01/2020;14:57:00;129;com vítima;296,2;BR-101/RJ;Sul;Colisão Traseira;;;2;;;;;;;;1;2;;;
15/01/2020;15:43:00;138;com vítima;298,998;BR-101/RJ;Sul;Colisão Traseira;1;;;1;;;;;;;2;1;;;
15/01/2020;17:04:00;149;sem vítima;299,155;BR-101/RJ;Sul;Colisão Lateral;1;;;;;;;;;;1;;;;
15/01/2020;17:51:00;167;sem vítima;297,315;BR-101/RJ;Sul;Colisão Traseira;2;;;;;;;;;;2;;;;
15/01/2020;18:12:00;171;sem vítima;297,315;BR-101/RJ;Sul;Colisão Traseira;2;;;;;;;;;;2;;;;
15/01/2020;18:13:00;172;com vítima;63,985;BR-101/RJ;Norte;Colisão Traseira;1;;;;;1;;;;;3;1;;;
16/01/2020;13:30:00;117;com vítima;298,632;BR-101/RJ;Norte;Atropelamento - Outros;1;;;;;;;;;;1;;;1;
16/01/2020;14:30:00;127;sem vítima;40,515;BR-101/RJ;Sul;Choque - Outros;;;1;;;1;;;;;2;;;;
17/01/2020;00:52:00;9;sem vítima;143,378;BR-101/RJ;Sul;Atropelamento de Animal;1;;;;;;;;;;2;;;;
17/01/2020;07:28:00;30;sem vítima;194,965;BR-101/RJ;Sul;Choque - Defensa, barreira ou "submarino";1;;;;;;;;;;1;;;;
17/01/2020;11:22:00;75;sem vítima;151,722;BR-101/RJ;Sul;Choque - Elemento de Drenagem;;;;;;;;;;1;4;;;;
17/01/2020;16:37:00;139;com vítima;138,001;BR-101/RJ;Sul;Capotamento;1;;;;;;;;;;0;1;1;;
17/01/2020;16:43:00;140;sem vítima;296,044;BR-101/RJ;Norte;Colisão Traseira;2;;;;;;;;;;2;;;;
17/01/2020;17:53:00;156;sem vítima;204,9;BR-101/RJ;Sul;Colisão Traseira;2;;;;;;;;;;2;;;;
17/01/2020;20:18:00;184;sem vítima;47,2;BR-101/RJ;Sul;Atropelamento de Animal;;;1;;;;;;;;1;;;;
18/01/2020;01:50:00;11;com vítima;309,045;BR-101/RJ;Norte;Colisão Traseira;1;;;1;;;;;;;1;;1;;
18/01/2020;08:35:00;59;sem vítima;293,689;BR-101/RJ;Norte;Colisão Traseira;2;;;;;;;;;;10;;;;
18/01/2020;11:33:00;99;sem vítima;225,478;BR-101/RJ;Norte;Choque - Objeto sobre a pista;1;;;;;;;;;;1;;;;
18/01/2020;13:03:00;115;com vítima;298,7;BR-101/RJ;Norte;Tombamento;;;;1;;;;;;;0;2;;;
18/01/2020;13:12:00;118;com vítima;55,359;BR-101/RJ;Sul;Atropelamento - Sem Informação;;;;;;1;;;;;2;2;;;
19/01/2020;01:55:00;6;sem vítima;298,2;BR-101/RJ;Sul;Choque - Elemento de Drenagem;1;;;;;1;;;;;3;;;;
19/01/2020;07:42:00;27;com vítima;269,089;BR-101/RJ;Norte;Tombamento;;;;1;;;;;;;0;1;;;
19/01/2020;20:51:00;137;com vítima;59,921;BR-101/RJ;Sul;Colisão Transversal;;;;1;;;;;;1;1;;1;;
19/01/2020;22:48:00;150;com vítima;316,9;BR-101/RJ;Sul;Choque - Defensa, barreira ou "submarino";1;;;;;;;;;;0;1;;;
20/01/2020;01:02:00;10;sem vítima;271,846;BR-101/RJ;Sul;Choque - Outros;;;;;;1;;;;;1;;;;
20/01/2020;06:47:00;39;sem vítima;56,1;BR-101/RJ;Sul;Colisão Traseira;;;;1;;1;;;;;2;;;;
20/01/2020;07:07:00;44;sem vítima;289,3;BR-101/RJ;Sul;Colisão Lateral;;;1;;1;;;;;;32;;;;
20/01/2020;12:24:00;118;sem vítima;62,384;BR-101/RJ;Norte;Colisão Traseira;1;;1;;;;;;;;3;;;;
20/01/2020;14:13:00;132;sem vítima;205,619;BR-101/RJ;Sul;Colisão Traseira;1;;1;;;;;;;;2;;;;
20/01/2020;17:33:00;168;com vítima;72,822;BR-101/RJ;Sul;Colisão Traseira;2;;;;;;;;;;4;1;;;
20/01/2020;21:13:00;206;sem vítima;314,355;BR-101/RJ;Sul;Engavetamento;3;;;;;;;;;;6;;;;
20/01/2020;22:24:00;213;com vítima;169,058;BR-101/RJ;Norte;Colisão Frontal;2;;;;;;;;;;0;3;1;1;
21/01/2020;00:04:00;2;sem vítima;285,232;BR-101/RJ;Sul;Atropelamento de Animal;1;;;;;;;;;;1;;;;
21/01/2020;03:28:00;9;com vítima;184,839;BR-101/RJ;Norte;Colisão Frontal;1;;;;;;;;;1;0;1;1;2;2
21/01/2020;09:49:00;79;com vítima;52,932;BR-101/RJ;Norte;Colisão Lateral;;1;;;;1;;;;;1;;1;;
21/01/2020;10:13:00;84;sem vítima;317,5;BR-101/RJ;Sul;Colisão Traseira;1;;;;;1;;;;;2;;;;
21/01/2020;12:24:00;121;sem vítima;297,44;BR-101/RJ;Sul;Colisão Traseira;1;;1;;;;;;;;5;;;;
21/01/2020;16:31:00;160;com vítima;302,13;BR-101/RJ;Norte;Colisão Lateral;;;;1;;1;;;;;1;2;;;
21/01/2020;17:28:00;164;com vítima;313,3;BR-101/RJ;Sul;Tombamento;;;;1;;;;;;;0;;1;;
21/01/2020;18:21:00;174;com vítima;319,4;BR-101/RJ;Norte;Colisão Traseira;1;;;1;;;;;;;2;;1;;
22/01/2020;02:31:00;8;sem vítima;304,38;BR-101/RJ;Norte;Atropelamento de Animal;1;;;;;;;;;;1;;;;
22/01/2020;11:23:00;85;sem vítima;297,063;BR-101/RJ;Sul;Colisão Traseira;1;;;;;;;;;1;2;;;;
22/01/2020;13:31:00;111;com vítima;236,307;BR-101/RJ;Norte;Colisão Transversal;1;;;;1;;;;;;0;3;;;
22/01/2020;17:53:00;147;com vítima;46,916;BR-101/RJ;Sul;Colisão Transversal;1;;;1;;;;;;;2;1;;;
22/01/2020;18:16:00;150;sem vítima;314,97;BR-101/RJ;Sul;Colisão Traseira;1;;;1;;;;;;;3;;;;
23/01/2020;08:53:00;62;sem vítima;297,475;BR-101/RJ;Norte;Colisão Lateral;1;;1;;;;;;;;2;;;;
23/01/2020;12:28:00;108;sem vítima;302,942;BR-101/RJ;Norte;Colisão Traseira;;;;;;;;;;2;2;;;;
23/01/2020;13:57:00;123;sem vítima;320,793;BR-101/RJ;Norte;Tombamento;;;1;;;;;;;;3;;;;
23/01/2020;15:46:00;136;com vítima;35,45;BR-101/RJ;Sul;Tombamento;;;1;;;;;;;;4;2;;;
23/01/2020;16:53:00;150;sem vítima;295,7;BR-101/RJ;Norte;Colisão Traseira;;;;;;1;;;;1;2;;;;
23/01/2020;18:02:00;167;sem vítima;91,427;BR-101/RJ;Sul;Capotamento;;;;;;;;;;1;1;;;;
23/01/2020;22:02:00;200;sem vítima;196,2;BR-101/RJ;Sul;Saida de Pista;1;;;;;;;;;;2;;;;
24/01/2020;04:08:00;14;sem vítima;309,15;BR-101/RJ;Norte;Tombamento;;;1;;;;;;;;2;;;;
24/01/2020;04:43:00;16;sem vítima;228,745;BR-101/RJ;Sul;Choque - Elemento de Drenagem;;;1;;;;;;;;1;;;;
24/01/2020;09:21:00;43;sem vítima;196,46;BR-101/RJ;Sul;Choque - Elemento de Drenagem;1;;;;;;;;;;1;;;;
24/01/2020;10:51:00;75;sem vítima;198,424;BR-101/RJ;Sul;Choque - Defensa, barreira ou "submarino";1;;;;;;;;;;1;;;;
24/01/2020;11:45:00;83;sem vítima;25,25;BR-101/RJ;Norte;Choque - Defensa, barreira ou "submarino";1;;;;;;;;;;2;;;;
24/01/2020;13:32:00;96;com vítima;313,439;BR-101/RJ;Norte;Colisão Lateral;1;;;1;;;;;;;4;1;;;
24/01/2020;18:57:00;148;sem vítima;198,388;BR-101/RJ;Sul;Choque - Talude;1;;;;;1;;;;;2;;;;
24/01/2020;19:14:00;151;sem vítima;87,531;BR-101/RJ;Norte;Colisão Lateral;1;;1;;;;;;;;2;;;;
24/01/2020;19:20:00;153;sem vítima;265,464;BR-101/RJ;Sul;Colisão Traseira;1;;1;;;;;;;;2;;;;
24/01/2020;19:24:00;156;com vítima;86,015;BR-101/RJ;Norte;Choque - Suporte de Sinalização;1;;;;;;;;;;2;1;;;
25/01/2020;01:18:00;5;com vítima;265,432;BR-101/RJ;Norte;Choque - Defensa, barreira ou "submarino";1;;;;;;;;;;0;2;;;
25/01/2020;07:00:00;26;sem vítima;321,893;BR-101/RJ;Norte;Engavetamento;3;;;;;;;;;1;4;;;;
25/01/2020;11:20:00;77;com vítima;74,582;BR-101/RJ;Norte;Colisão Lateral;1;;;1;;;;;;;1;1;;;
25/01/2020;11:40:00;79;sem vítima;296,221;BR-101/RJ;Norte;Colisão Traseira;2;;;;;;;;;;2;;;;
25/01/2020;12:06:00;85;sem vítima;318,908;BR-101/RJ;Norte;Colisão Traseira;1;;;;;;;;;;1;;;;
25/01/2020;15:09:00;114;com vítima;279,401;BR-101/RJ;Norte;Colisão Lateral;1;;;1;;;;;;;2;1;;;
25/01/2020;15:33:00;117;sem vítima;252,89;BR-101/RJ;Sul;Colisão Lateral;1;;1;;;;;;;;2;;;;
25/01/2020;20:28:00;149;sem vítima;294,225;BR-101/RJ;Sul;Choque - Elemento de Drenagem;1;;;;;;;;;;1;;;;
26/01/2020;00:59:00;8;com vítima;66,2;BR-101/RJ;Norte;Atropelamento - Andarilho;1;;;;;;;;;;1;;;1;
26/01/2020;01:48:00;11;com vítima;303,619;BR-101/RJ;Norte;Capotamento;1;;;;;;;;;;0;1;;;
26/01/2020;09:44:00;53;sem vítima;275,669;BR-101/RJ;Norte;Colisão Traseira;2;;;;;2;;;;;4;;;;
26/01/2020;09:55:00;56;com vítima;276,798;BR-101/RJ;Norte;Engavetamento;1;1;1;;;;;;;;4;1;;;
26/01/2020;16:48:00;119;com vítima;221,362;BR-101/RJ;Sul;Colisão Traseira;1;;1;;;;;;;;3;1;;;
26/01/2020;21:21:00;148;sem vítima;254,864;BR-101/RJ;Sul;Choque - Elemento de Drenagem;1;;;;;;;;;;1;;;;
27/01/2020;02:14:00;17;com vítima;249,7;BR-101/RJ;Norte;Colisão Traseira;1;;;1;;;;;;;1;;;1;
27/01/2020;06:21:00;35;com vítima;282,8;BR-101/RJ;Sul;Choque - Defensa, barreira ou "submarino";1;;;;;;;;;;0;2;;;
27/01/2020;08:24:00;79;sem vítima;205,749;BR-101/RJ;Sul;Colisão Transversal;1;;;;;;;;;1;2;;;;
27/01/2020;10:17:00;105;com vítima;236,623;BR-101/RJ;Norte;Colisão Lateral;1;;;1;;;;;;;3;1;;;
27/01/2020;10:52:00;114;com vítima;292,52;BR-101/RJ;Sul;Tombamento;;;;1;;;;;;;0;1;;;
27/01/2020;12:00:00;125;com vítima;280,319;BR-101/RJ;Sul;Atropelamento - Outros;;;;;;1;;;;;1;1;;;
27/01/2020;12:21:00;132;com vítima;308,817;BR-101/RJ;Norte;Colisão Traseira;1;;;1;;;;;;;2;1;;;
27/01/2020;13:17:00;143;com vítima;307,551;BR-101/RJ;Norte;Choque - Defensa, barreira ou "submarino";1;;;;;;;;;;0;;1;;
27/01/2020;17:01:00;206;com vítima;63,368;BR-101/RJ;Norte;Atropelamento - Ciclista;;1;1;;;;;;;;1;1;;;
27/01/2020;21:05:00;266;sem vítima;41,242;BR-101/RJ;Norte;Atropelamento de Animal;1;;;;;;;;;;1;;;;
28/01/2020;01:31:00;14;sem vítima;61,065;BR-101/RJ;Sul;Colisão Traseira;;;;;2;;;;;;42;;;;
28/01/2020;09:11:00;75;com vítima;321,866;BR-101/RJ;Sul;Colisão Lateral;1;;;1;;;;;;;3;1;;;
28/01/2020;10:45:00;111;sem vítima;297,5;BR-101/RJ;Sul;Colisão Lateral;1;;1;;;;;;;;2;;;;
28/01/2020;16:01:00;199;sem vítima;286,002;BR-101/RJ;Norte;Engavetamento;4;;;;;;;;;;5;;;;
28/01/2020;16:53:00;213;sem vítima;297,912;BR-101/RJ;Norte;Colisão Traseira;2;;;;;;;;;;2;;;;
28/01/2020;17:30:00;220;sem vítima;67,484;BR-101/RJ;Norte;Colisão Lateral;2;;;;;;;;;;2;;;;
28/01/2020;19:30:00;251;sem vítima;11,1;BR-101/RJ;Norte;Colisão Traseira;1;;;;;1;;;;;5;;;;
29/01/2020;04:38:00;18;sem vítima;252,429;BR-101/RJ;Sul;Choque - Objeto sobre a pista;1;;;;;;;;;;1;;;;
29/01/2020;07:48:00;44;sem vítima;306,995;BR-101/RJ;Norte;Choque - Suporte de Sinalização;1;;;;;;;;;;1;;;;
30/01/2020;07:23:00;39;com vítima;53,751;BR-101/RJ;Sul;Colisão Traseira;;;1;1;;;;;;;1;;1;;
30/01/2020;11:33:00;115;sem vítima;297,85;BR-101/RJ;Norte;Colisão Lateral;1;;1;;;;;;;;2;;;;
30/01/2020;11:42:00;117;sem vítima;307,537;BR-101/RJ;Norte;Colisão Traseira;1;;;;;;;;;1;3;;;;
30/01/2020;14:14:00;144;sem vítima;210,799;BR-101/RJ;Sul;Choque - Defensa, barreira ou "submarino";1;;;;;;;;;;1;;;;
30/01/2020;16:29:00;177;sem vítima;209,697;BR-101/RJ;Sul;Saida de Pista;;;1;;;;;;;;1;;;;
30/01/2020;18:22:00;205;com vítima;70,756;BR-101/RJ;Norte;Colisão Transversal;1;;;1;;;;;;;3;;1;;
30/01/2020;20:50:00;236;sem vítima;295,5;BR-101/RJ;Norte;Choque - Outros;1;;;;;;;;;;1;;;;
30/01/2020;21:11:00;239;sem vítima;295,451;BR-101/RJ;Norte;Colisão Traseira;1;;;;;1;;;;;2;;;;
30/01/2020;21:28:00;241;sem vítima;111,773;BR-101/RJ;Norte;Colisão Traseira;1;;;;;1;;;;;2;;;;