data;horario;n_da_ocorrencia;tipo_de_ocorrencia;km;trecho;sentido;tipo_de_acidente;automovel;bicicleta;caminhao;moto;onibus;outros;tracao_animal;transporte_de_cargas_especiais;trator_maquinas;utilitarios;ilesos;levemente_feridos;moderadamente_feridos;gravemente_feridos;mortos
30/01/2020;21:30:00;242;com vítima;294,956;BR-101/RJ;Sul;Colisão Traseira;1;;;;1;;;;;;1;1;;;
30/01/2020;21:43:00;246;sem vítima;282,568;BR-101/RJ;Norte;Colisão Lateral;1;;;;;;;;;1;3;;;;
30/01/2020;22:35:00;253;sem vítima;266,054;BR-101/RJ;Sul;Colisão Traseira;1;;;;;;;;;;1;;;;
30/01/2020;22:38:00;254;sem vítima;229,033;BR-101/RJ;Sul;Choque - Objeto sobre a pista;1;;;;;;;;;1;2;;;;
31/01/2020;00:20:00;3;sem vítima;309,807;BR-101/RJ;Sul;Choque - Defensa, barreira ou "submarino";1;;;;;;;;;;4;;;;
31/01/2020;04:04:00;10;com vítima;163,85;BR-101/RJ;Sul;Colisão Frontal;;;2;;;;;;;;0;;2;;
31/01/2020;04:14:00;11;com vítima;67,565;BR-101/RJ;Norte;Colisão Traseira;1;;;1;;;;;;;1;1;;;
31/01/2020;05:46:00;17;sem vítima;163,85;BR-101/RJ;Sul;Colisão Traseira;;;1;;1;;;;;;2;;;;
31/01/2020;08:21:00;57;com vítima;298,51;BR-101/RJ;Sul;Colisão Traseira;1;;;1;;;;;;;5;1;;;
31/01/2020;08:27:00;59;sem vítima;236,789;BR-101/RJ;Sul;Colisão Traseira;2;;;;;;;;;;6;;;;
31/01/2020;10:06:00;93;com vítima;309,001;BR-101/RJ;Norte;Colisão Lateral;1;;;1;;;;;;;1;1;;;
31/01/2020;12:45:00;130;com vítima;206,002;BR-101/RJ;Norte;Tombamento;;;;;1;;;;;;1;19;;2;
31/01/2020;12:48:00;131;sem vítima;298,845;BR-101/RJ;Sul;Choque - Defensa, barreira ou "submarino";1;;;;;1;;;;;2;;;;
31/01/2020;16:17:00;186;sem vítima;187,6;BR-101/RJ;Sul;Choque - Talude;1;;;;;;;;;;3;;;;
31/01/2020;19:37:00;229;sem vítima;259,8;BR-101/RJ;Sul;Colisão Lateral;;;;;;1;;;;1;2;;;;
01/02/2020;15:04:00;132;com vítima;283,584;BR-101/RJ;Norte;Tombamento;;;;1;;;;;;;0;1;;;
01/02/2020;15:19:00;138;com vítima;247,14;BR-101/RJ;Sul;Capotamento;1;;;;;;;;;;3;2;;;
01/02/2020;19:57:00;177;sem vítima;312,08;BR-101/RJ;Sul;Capotamento;1;;;;;;;;;;1;;;;
01/02/2020;20:32:00;182;com vítima;91,482;BR-101/RJ;Sul;Tombamento;;;;1;;;;;;;0;1;;;
01/02/2020;20:38:00;184;com vítima;245,101;BR-101/RJ;Sul;Colisão Frontal;;1;;1;;;;;;;1;;1;;
02/02/2020;01:33:00;7;sem vítima;307,475;BR-101/RJ;Norte;Choque - Defensa, barreira ou "submarino";1;;;;;;;;;;1;;;;
02/02/2020;03:55:00;15;com vítima;282,973;BR-101/RJ;Sul;Capotamento;1;;;;;;;;;;0;1;;;
02/02/2020;05:41:00;21;com vítima;272,389;BR-101/RJ;Norte;Choque - Elemento de Drenagem;1;;;;;;;;;;0;2;;;
02/02/2020;09:12:00;43;com vítima;297,598;BR-101/RJ;Norte;Colisão Traseira;1;;;1;;;;;;;1;1;;;
02/02/2020;09:21:00;45;sem vítima;283,34;BR-101/RJ;Norte;Choque - Suporte de Sinalização;1;;;;;;;;;;8;;;;
02/02/2020;16:12:00;101;com vítima;303,528;BR-101/RJ;Norte;Capotamento;1;;;;;;;;;;0;1;;;
02/02/2020;19:38:00;144;com vítima;185,023;BR-101/RJ;Sul;Colisão Frontal;2;;;;;;;;;;0;1;2;;
02/02/2020;23:59:00;176;com vítima;267,554;BR-101/RJ;Sul;Choque - Outros;1;;;;;;;;;;0;4;;;
03/02/2020;00:56:00;7;com vítima;305,393;BR-101/RJ;Sul;Colisão Traseira;1;;;;;1;;;;;2;1;;;
03/02/2020;01:09:00;9;com vítima;256,731;BR-101/RJ;Norte;Choque - Defensa, barreira ou "submarino";1;;;;;;;;;;0;4;;;
03/02/2020;03:42:00;16;sem vítima;282,833;BR-101/RJ;Sul;Tombamento;;;1;;;;;;;;1;;;;
03/02/2020;07:36:00;52;sem vítima;109,337;BR-101/RJ;Sul;Choque - Defensa, barreira ou "submarino";;;;;;1;;;;1;2;;;;
03/02/2020;08:12:00;61;sem vítima;98,136;BR-101/RJ;Sul;Colisão Lateral;1;;1;;;;;;;;2;;;;
03/02/2020;10:37:00;102;sem vítima;281,5;BR-101/RJ;Sul;Colisão Traseira;1;;;;1;;;;;;2;;;;
03/02/2020;14:17:00;151;com vítima;298,971;BR-101/RJ;Norte;Tombamento;;;;1;;;;;;;1;1;;;
03/02/2020;16:07:00;166;sem vítima;293,477;BR-101/RJ;Sul;Colisão Traseira;1;;;;;1;;;;;2;;;;
03/02/2020;17:44:00;183;sem vítima;272,47;BR-101/RJ;Sul;Tombamento;;;1;;;;;;;;2;;;;
03/02/2020;21:18:00;217;sem vítima;59,865;BR-101/RJ;Sul;Colisão Traseira;1;;1;;;;;;;;3;;;;
04/02/2020;09:45:00;78;sem vítima;104,198;BR-101/RJ;Norte;Choque - Elemento de Drenagem;1;;;;;;;;;;1;;;;
04/02/2020;11:20:00;103;sem vítima;152,2;BR-101/RJ;Norte;Colisão Traseira;1;;;;;1;;;;;5;;;;
04/02/2020;12:58:00;118;com vítima;67,277;BR-101/RJ;Norte;Engavetamento;3;;;;;1;;;;;7;1;;;
04/02/2020;14:54:00;138;sem vítima;67,277;BR-101/RJ;Norte;Colisão Lateral;1;;1;;;;;;;;2;;;;
04/02/2020;15:11:00;142;sem vítima;307,5;BR-101/RJ;Norte;Colisão Traseira;1;;;;;1;;;;;2;;;;
04/02/2020;16:55:00;162;sem vítima;318,4;BR-101/RJ;Norte;Colisão Traseira;2;;;;;;;;;;3;;;;
04/02/2020;18:39:00;181;sem vítima;297,435;BR-101/RJ;Norte;Outros;1;;1;;;;;;;;2;;;;
05/02/2020;03:28:00;13;com vítima;287,304;BR-101/RJ;Norte;Atropelamento - Andarilho;;;;;;1;;;;;1;1;;;
05/02/2020;10:11:00;89;com vítima;292,65;BR-101/RJ;Norte;Colisão Transversal;;;;;1;;;;;1;0;48;1;;
05/02/2020;14:49:00;141;com vítima;296,24;BR-101/RJ;Sul;Colisão Traseira;2;;;;;;;;;;3;;1;;
05/02/2020;15:57:00;156;sem vítima;299,7;BR-101/RJ;Sul;Colisão Lateral;;;;;1;1;;;;;2;;;;
05/02/2020;18:34:00;193;com vítima;162,186;BR-101/RJ;Sul;Tombamento;;;;1;;;;;;;0;1;;;
05/02/2020;21:43:00;226;sem vítima;310,883;BR-101/RJ;Sul;Engavetamento;3;;1;;;;;;;;4;;;;
06/02/2020;00:11:00;4;sem vítima;62,196;BR-101/RJ;Sul;Choque - Outros;1;;;;;1;;;;;5;;;;
06/02/2020;05:01:00;16;sem vítima;249,409;BR-101/RJ;Norte;Saida de Pista;;;1;;;;;;;;1;;;;
06/02/2020;05:40:00;19;sem vítima;287,688;BR-101/RJ;Sul;Colisão Traseira;1;;;;;1;;;;;2;;;;
06/02/2020;06:48:00;25;sem vítima;123,329;BR-101/RJ;Norte;Colisão Traseira;1;;;;;;;;;;1;;;;
06/02/2020;07:26:00;42;com vítima;320,95;BR-101/RJ;Sul;Colisão Lateral;;;;1;;1;;;;;1;1;;;
06/02/2020;08:42:00;64;com vítima;144,452;BR-101/RJ;Sul;Colisão Lateral;1;;;;;1;;;;;1;3;;;
06/02/2020;12:39:00;121;com vítima;239,896;BR-101/RJ;Norte;Choque - Defensa, barreira ou "submarino";1;;;;;;;;;;0;1;;;
06/02/2020;12:59:00;124;com vítima;191,8;BR-101/RJ;Norte;Capotamento;;;;;;;;;;1;0;2;;;
06/02/2020;15:20:00;145;sem vítima;244,153;BR-101/RJ;Sul;Capotamento;1;;;;;;;;;;1;;;;
07/02/2020;06:28:00;18;com vítima;132,409;BR-101/RJ;Norte;Colisão Traseira;1;;1;;;1;;;;;6;;1;;
07/02/2020;08:59:00;72;sem vítima;321,199;BR-101/RJ;Sul;Colisão Transversal;1;;;1;;;;;;;3;;;;
07/02/2020;12:51:00;129;sem vítima;74,61;BR-101/RJ;Norte;Colisão Traseira;;;1;;;;;;;1;3;;;;
07/02/2020;14:29:00;150;com vítima;318,631;BR-101/RJ;Norte;Colisão Traseira;2;;;;;;;;;;3;1;;;
07/02/2020;22:58:00;257;sem vítima;11,509;BR-101/RJ;Sul;Colisão Traseira;1;;;;;1;;;;;2;;;;
08/02/2020;03:42:00;16;sem vítima;306,171;BR-101/RJ;Norte;Choque - Defensa, barreira ou "submarino";1;;;;;;;;;;1;;;;
08/02/2020;04:05:00;18;sem vítima;303,339;BR-101/RJ;Norte;Choque - Defensa, barreira ou "submarino";1;;;;;;;;;;1;;;;
08/02/2020;06:55:00;28;sem vítima;128,3;BR-101/RJ;Norte;Choque - Elemento de Drenagem;;;;;;;;;;1;1;;;;
08/02/2020;08:18:00;45;com vítima;293,976;BR-101/RJ;Norte;Tombamento;;;;1;;1;;;;;1;1;;;
08/02/2020;09:27:00;59;sem vítima;308,07;BR-101/RJ;Sul;Engavetamento;3;;;;;2;;;;;5;;;;
08/02/2020;16:29:00;125;sem vítima;304,849;BR-101/RJ;Sul;Tombamento;;;;1;;;;;;;1;;;;
08/02/2020;19:24:00;165;sem vítima;17,107;BR-101/RJ;Sul;Choque - Defensa, barreira ou "submarino";1;;;;;;;;;;4;;;;
08/02/2020;19:32:00;168;sem vítima;279,089;BR-101/RJ;Sul;Choque - Elemento de Drenagem;1;;;;;;;;;;2;;;;
09/02/2020;13:30:00;104;com vítima;282,786;BR-101/RJ;Norte;Tombamento;;;;1;;;;;;;1;1;;;
09/02/2020;21:02:00;185;com vítima;314,682;BR-101/RJ;Norte;Colisão Traseira;3;;;;;;;;;;6;3;;;
09/02/2020;22:26:00;196;sem vítima;162,1;BR-101/RJ;Norte;Atropelamento de Animal;1;;;;;;;;;;1;;;;
10/02/2020;04:57:00;10;com vítima;303,311;BR-101/RJ;Norte;Colisão Traseira;2;;;;;;;;;;7;1;;;
10/02/2020;12:22:00;126;com vítima;306,896;BR-101/RJ;Norte;Colisão Traseira;1;;;1;;;;;;;1;2;;;
10/02/2020;16:20:00;168;sem vítima;65,336;BR-101/RJ;Sul;Colisão Traseira;1;;1;;;;;;;;2;;;;
10/02/2020;18:53:00;198;sem vítima;318,056;BR-101/RJ;Norte;Colisão Lateral;2;;;;;;;;;;2;;;;
10/02/2020;19:43:00;207;sem vítima;297,46;BR-101/RJ;Norte;Choque - Defensa, barreira ou "submarino";1;;;;;;;;;;2;;;;
10/02/2020;19:45:00;208;com vítima;47,074;BR-101/RJ;Norte;Colisão Transversal;1;;1;1;;;;;;;2;1;;;1
10/02/2020;20:45:00;215;sem vítima;271,009;BR-101/RJ;Sul;Choque - Defensa, barreira ou "submarino";;;;;1;;;;;;2;;;;
10/02/2020;21:25:00;220;sem vítima;130,365;BR-101/RJ;Norte;Colisão Traseira;2;;;;;;;;;;2;;;;
10/02/2020;23:17:00;232;sem vítima;190,45;BR-101/RJ;Sul;Choque - Defensa, barreira ou "submarino";;;1;;;;;;;;1;;;;
11/02/2020;01:02:00;6;com vítima;194,121;BR-101/RJ;Norte;Colisão Traseira;1;;1;;;;;;;;1;;1;;
11/02/2020;06:45:00;22;sem vítima;288,865;BR-101/RJ;Norte;Choque - Defensa, barreira ou "submarino";1;;;;;;;;;;1;;;;
11/02/2020;08:47:00;36;sem vítima;86,711;BR-101/RJ;Norte;Choque - Defensa, barreira ou "submarino";;;1;;;;;;;;3;;;;
11/02/2020;12:25:00;68;sem vítima;195,024;BR-101/RJ;Norte;Colisão Lateral;1;;1;;;;;;;;5;;;;
11/02/2020;13:09:00;80;sem vítima;312,981;BR-101/RJ;Norte;Colisão Traseira;3;;;;;;;;;;4;;;;
11/02/2020;14:04:00;97;sem vítima;236,8;BR-101/RJ;Norte;Colisão Transversal;1;;1;;;;;;;;3;;;;
11/02/2020;16:57:00;123;com vítima;319,332;BR-101/RJ;Norte;Outros - Sequência;2;;;1;;;;;;;7;;1;;
11/02/2020;19:19:00;152;sem vítima;267,804;BR-101/RJ;Norte;Capotamento;1;;;;;;;;;;2;;;;
11/02/2020;19:25:00;153;sem vítima;321,5;BR-101/RJ;Norte;Engavetamento;4;;;;;;;;;;6;;;;
12/02/2020;06:44:00;26;sem vítima;198,8;BR-101/RJ;Sul;Choque - Talude;1;;;;;;;;;;2;;;;
12/02/2020;08:38:00;59;sem vítima;60,903;BR-101/RJ;Norte;Colisão Lateral;1;;;;1;;;;;;2;;;;
12/02/2020;13:41:00;139;com vítima;280,07;BR-101/RJ;Sul;Capotamento;1;;;;;;;;;;0;;2;;
12/02/2020;18:38:00;203;sem vítima;235,874;BR-101/RJ;Norte;Choque - Defensa, barreira ou "submarino";1;;;;;;;;;;1;;;;
12/02/2020;23:49:00;248;sem vítima;229,363;BR-101/RJ;Sul;Saida de Pista;;;1;;;;;;;;1;;;;
12/02/2020;23:59:00;249;sem vítima;313,198;BR-101/RJ;Norte;Choque - Outros;1;;;;;;;;;;1;;;;
13/02/2020;09:53:00;68;sem vítima;81,543;BR-101/RJ;Norte;Choque - Defensa, barreira ou "submarino";1;;;;;;;;;;2;;;;
13/02/2020;10:16:00;74;com vítima;318,433;BR-101/RJ;Sul;Colisão Lateral;1;;;1;;;;;;;2;1;;;
13/02/2020;13:30:00;118;sem vítima;294,312;BR-101/RJ;Sul;Choque - Elemento de Drenagem;;;1;;;;;;;;2;;;;
13/02/2020;23:06:00;245;sem vítima;200,087;BR-101/RJ;Norte;Choque - Outros;1;;;;;;;;;;1;;;;
14/02/2020;04:08:00;11;sem vítima;264,369;BR-101/RJ;Sul;Choque - Defensa, barreira ou "submarino";1;;;;;;;;;;1;;;;
14/02/2020;11:46:00;104;sem vítima;295,713;BR-101/RJ;Sul;Colisão Traseira;2;;;;;;;;;;2;;;;
14/02/2020;21:26:00;240;sem vítima;312,3;BR-101/RJ;Norte;Choque - Outros;1;;;;;;;;;;1;;;;
14/02/2020;21:42:00;243;com vítima;297,371;BR-101/RJ;Sul;Tombamento;;;;1;;;;;;;1;1;;;
15/02/2020;03:05:00;15;sem vítima;109,6;BR-101/RJ;Norte;Atropelamento de Animal;;;;;;;;;;1;3;;;;
15/02/2020;06:42:00;34;sem vítima;245,425;BR-101/RJ;Norte;Colisão Lateral;;;;1;;1;;;;;2;;;;
15/02/2020;07:51:00;43;sem vítima;318,403;BR-101/RJ;Norte;Choque - Suporte de Sinalização;1;;;;;;;;;;1;;;;
15/02/2020;08:43:00;66;sem vítima;260,01;BR-101/RJ;Sul;Choque - Defensa, barreira ou "submarino";;;1;;;;;;;;1;;;;
15/02/2020;10:56:00;98;sem vítima;61,448;BR-101/RJ;Norte;Colisão Traseira;2;;;;;;;;;;2;;;;
15/02/2020;17:20:00;171;sem vítima;319,555;BR-101/RJ;Sul;Choque - Outros;1;;;;;;;;;;2;;;;
15/02/2020;19:56:00;195;com vítima;255,9;BR-101/RJ;Norte;Capotamento;;;;;;;;;;1;0;3;;;
16/02/2020;00:13:00;2;com vítima;297,8;BR-101/RJ;Sul;Choque - Talude;1;;;;;;;;;;0;1;;;
16/02/2020;10:15:00;43;com vítima;83,605;BR-101/RJ;Norte;Tombamento;;;1;;;;;;;;1;;1;;
16/02/2020;18:53:00;150;sem vítima;303,501;BR-101/RJ;Sul;Colisão Traseira;2;;;;;;;;;;2;;;;
16/02/2020;19:03:00;157;sem vítima;298,5;BR-101/RJ;Norte;Choque - Outros;1;;;;;;;;;;1;;;;
16/02/2020;19:05:00;158;com vítima;241,775;BR-101/RJ;Norte;Colisão Traseira;1;;;;;1;;;;;3;1;;;
16/02/2020;19:25:00;163;com vítima;303,5;BR-101/RJ;Norte;Colisão Traseira;1;;;;;1;;;;;1;;1;;
16/02/2020;21:19:00;199;sem vítima;11,3;BR-101/RJ;Sul;Colisão Traseira;2;;;;;;;;;;2;;;;
16/02/2020;21:51:00;207;sem vítima;294,9;BR-101/RJ;Sul;Engavetamento;2;;;;;1;;;;;3;;;;
17/02/2020;00:59:00;4;sem vítima;89,9;BR-101/RJ;Sul;Choque - Objeto sobre a pista;1;;;;;;;;;;1;;;;
17/02/2020;01:14:00;7;sem vítima;89,9;BR-101/RJ;Sul;Choque - Objeto sobre a pista;1;;;;;;;;;;1;;;;
17/02/2020;09:07:00;74;sem vítima;303,359;BR-101/RJ;Norte;Choque - Defensa, barreira ou "submarino";1;;;;;;;;;;1;;;;
17/02/2020;09:34:00;80;com vítima;61,18;BR-101/RJ;Norte;Colisão Traseira;2;;;;;;;;;;1;1;;;
17/02/2020;11:25:00;117;com vítima;60,874;BR-101/RJ;Norte;Tombamento;;;;1;;;;;;;0;1;;;
17/02/2020;17:32:00;196;com vítima;313,63;BR-101/RJ;Norte;Engavetamento;2;;;;;1;;;;;1;3;;;
18/02/2020;05:40:00;20;com vítima;271,951;BR-101/RJ;Norte;Tombamento;;;;1;;;;;;;0;1;;;
18/02/2020;10:22:00;120;com vítima;316,526;BR-101/RJ;Sul;Colisão Lateral;2;;;1;;;;;;;4;1;;;
18/02/2020;11:29:00;145;sem vítima;51,861;BR-101/RJ;Norte;Colisão Traseira;2;;;;;;;;;;2;;;;
18/02/2020;17:27:00;226;sem vítima;297,22;BR-101/RJ;Sul;Colisão Traseira;2;;;;;;;;;;2;;;;
18/02/2020;17:37:00;229;sem vítima;311,001;BR-101/RJ;Norte;Colisão Traseira;1;;;;;1;;;;;2;;;;
19/02/2020;00:54:00;4;com vítima;60,037;BR-101/RJ;Sul;Atropelamento - Outros;;;;;;1;;;;;1;;;;1
19/02/2020;01:10:00;7;sem vítima;318,786;BR-101/RJ;Norte;Choque - Outros;1;;;;;;;;;;1;;;;
19/02/2020;02:56:00;15;com vítima;85,939;BR-101/RJ;Norte;Capotamento;1;;;;;;;;;;0;;3;;1
19/02/2020;06:49:00;39;sem vítima;293,182;BR-101/RJ;Sul;Colisão Traseira;1;;;;;;;;;1;2;;;;
19/02/2020;08:56:00;86;com vítima;317,249;BR-101/RJ;Sul;Tombamento;;;;1;;;;;;;0;;2;;
19/02/2020;09:01:00;91;sem vítima;83,538;BR-101/RJ;Sul;Colisão Traseira;2;;;;;;;;;;2;;;;
19/02/2020;09:05:00;92;sem vítima;297,083;BR-101/RJ;Sul;Colisão Traseira;1;;;;;1;;;;;2;;;;
19/02/2020;11:33:00;143;sem vítima;107,115;BR-101/RJ;Norte;Choque - Outros;1;;;;;;;;;;1;;;;
19/02/2020;14:56:00;194;sem vítima;94,212;BR-101/RJ;Sul;Choque - Outros;;;;;;;;;;1;1;;;;
19/02/2020;17:59:00;236;sem vítima;72,842;BR-101/RJ;Sul;Colisão Traseira;1;;;;;1;;;;;2;;;;
19/02/2020;18:45:00;246;com vítima;55,432;BR-101/RJ;Sul;Tombamento;;;;1;;;;;;;0;1;;;
20/02/2020;02:21:00;7;com vítima;41,136;BR-101/RJ;Norte;Atropelamento - Andarilho;;;;;;1;;;;;1;;;;1
20/02/2020;05:37:00;19;sem vítima;206,51;BR-101/RJ;Sul;Colisão Traseira;;;1;;1;;;;;;29;;;;
20/02/2020;07:06:00;34;com vítima;319,371;BR-101/RJ;Sul;Colisão Lateral;1;;;1;;;;;;;1;;1;;
20/02/2020;07:11:00;38;com vítima;262,169;BR-101/RJ;Norte;Choque - Defensa, barreira ou "submarino";;;;1;;;;;;;0;1;;;
20/02/2020;07:55:00;50;sem vítima;297,9;BR-101/RJ;Norte;Colisão Traseira;;;1;;1;;;;;;19;;;;
20/02/2020;09:00:00;75;sem vítima;297,433;BR-101/RJ;Sul;Colisão Lateral;;;2;;;;;;;;2;;;;
20/02/2020;10:01:00;93;sem vítima;297,295;BR-101/RJ;Sul;Colisão Lateral;1;;1;;;;;;;;2;;;;
20/02/2020;11:52:00;131;com vítima;300,5;BR-101/RJ;Norte;Colisão Traseira;;;;1;;1;;;;;1;1;;;
20/02/2020;12:10:00;136;sem vítima;16,054;BR-101/RJ;Sul;Choque - Suporte de Sinalização;1;;;;;;;;;;2;;;;
20/02/2020;12:49:00;142;com vítima;295,433;BR-101/RJ;Norte;Colisão Lateral;;;;1;;1;;;;;1;1;;;
20/02/2020;13:48:00;163;com vítima;301,429;BR-101/RJ;Norte;Engavetamento;3;;;;;;;;;;5;3;;;
20/02/2020;17:12:00;212;sem vítima;299,75;BR-101/RJ;Sul;Colisão Traseira;2;;;;;;;;;;4;;;;
20/02/2020;18:30:00;236;sem vítima;318,6;BR-101/RJ;Norte;Colisão Traseira;2;;;;;;;;;;2;;;;
20/02/2020;20:14:00;267;sem vítima;311,3;BR-101/RJ;Norte;Colisão Traseira;2;;;;;;;;;;2;;;;
21/02/2020;01:09:00;11;sem vítima;125,065;BR-101/RJ;Norte;Choque - Defensa, barreira ou "submarino";1;;;;;;;;;;1;;;;
21/02/2020;03:51:00;25;sem vítima;311,021;BR-101/RJ;Norte;Choque - Objeto sobre a pista;1;;;;;;;;;;3;;;;
21/02/2020;06:37:00;47;com vítima;265,067;BR-101/RJ;Norte;Engavetamento;1;;1;;;1;;;;;3;2;;;
21/02/2020;06:59:00;53;com vítima;265,063;BR-101/RJ;Norte;Engavetamento;2;;;;;;;;;1;9;1;;;
21/02/2020;07:11:00;60;com vítima;296,017;BR-101/RJ;Norte;Engavetamento;2;;;;;1;;;;;2;1;;;
21/02/2020;09:02:00;93;sem vítima;297,006;BR-101/RJ;Norte;Engavetamento;2;;;;;1;;;;;3;;;;
21/02/2020;09:53:00;112;com vítima;59,84;BR-101/RJ;Norte;Colisão Transversal;1;;;1;;;;;;;1;1;;;
21/02/2020;10:38:00;123;com vítima;273,323;BR-101/RJ;Norte;Colisão Lateral;1;;;1;1;;;;;;42;1;;;
21/02/2020;12:03:00;146;sem vítima;295,344;BR-101/RJ;Sul;Engavetamento;3;;;;;;;;;;5;;;;
21/02/2020;13:40:00;176;sem vítima;282,841;BR-101/RJ;Norte;Engavetamento;2;;;;;1;;;;;3;;;;
21/02/2020;13:40:00;177;com vítima;285,941;BR-101/RJ;Sul;Colisão Traseira;1;;1;;;;;;;;1;2;;;
21/02/2020;13:45:00;179;com vítima;320,782;BR-101/RJ;Norte;Tombamento;;;;1;;;;;;;0;1;;;
21/02/2020;15:43:00;198;sem vítima;281,088;BR-101/RJ;Norte;Colisão Traseira;2;;;;;;;;;;7;;;;
21/02/2020;16:44:00;216;com vítima;319,554;BR-101/RJ;Norte;Colisão Lateral;1;;;1;;;;;;;5;1;;;
21/02/2020;16:52:00;219;com vítima;292,022;BR-101/RJ;Norte;Saida de Pista;;;;;;;;;;1;0;1;;;
21/02/2020;17:21:00;228;sem vítima;69,662;BR-101/RJ;Norte;Colisão Traseira;2;;;;;;;;;;5;;;;
21/02/2020;17:43:00;234;sem vítima;188,396;BR-101/RJ;Sul;Engavetamento;3;;;;;;;;;;7;;;;
21/02/2020;18:36:00;246;com vítima;315,101;BR-101/RJ;Norte;Capotamento;1;;;;;;;;;;0;1;;;
21/02/2020;20:14:00;269;sem vítima;259,705;BR-101/RJ;Sul;Choque - Suporte de Sinalização;1;;;;;;;;;;1;;;;
21/02/2020;21:13:00;275;com vítima;293,328;BR-101/RJ;Sul;Tombamento;;;;1;;;;;;;0;2;;;
21/02/2020;22:02:00;285;sem vítima;163,65;BR-101/RJ;Norte;Colisão Traseira;1;;1;;;;;;;;3;;;;
22/02/2020;03:01:00;28;com vítima;207,889;BR-101/RJ;Norte;Colisão Traseira;2;;;;;;;;;;6;3;;;
22/02/2020;03:01:00;30;sem vítima;287,711;BR-101/RJ;Norte;Choque - Objeto sobre a pista;1;;;;;;;;;;1;;;;
22/02/2020;03:10:00;31;sem vítima;287,711;BR-101/RJ;Norte;Choque - Objeto sobre a pista;1;;;;;;;;;;1;;;;
22/02/2020;03:42:00;35;sem vítima;287,711;BR-101/RJ;Norte;Choque - Objeto sobre a pista;1;;;;;;;;;;1;;;;
22/02/2020;05:13:00;46;sem vítima;167,01;BR-101/RJ;Norte;Choque - Arvore;;;;;1;;;;;;1;;;;
22/02/2020;08:10:00;84;com vítima;236,618;BR-101/RJ;Sul;Colisão Transversal;1;1;;;;;;;;;1;1;;;
22/02/2020;10:02:00;114;sem vítima;284,651;BR-101/RJ;Norte;Colisão Lateral;1;;1;;;;;;;;2;;;;
22/02/2020;11:45:00;145;sem vítima;299,5;BR-101/RJ;Norte;Colisão Traseira;1;;;;1;;;;;;51;;;;
22/02/2020;12:39:00;157;sem vítima;60,022;BR-101/RJ;Norte;Engavetamento;3;;;;;;;;;;3;;;;
22/02/2020;12:40:00;159;com vítima;304,186;BR-101/RJ;Norte;Atropelamento - Ambulante;1;;;;;;;;;;1;1;;;
22/02/2020;12:52:00;162;sem vítima;299,2;BR-101/RJ;Sul;Objeto lançado contra veículo;1;;;;;;;;;;1;;;;
22/02/2020;13:18:00;169;sem vítima;307,17;BR-101/RJ;Norte;Engavetamento;3;;;;;1;;;;;10;;;;
22/02/2020;13:59:00;180;com vítima;284,8;BR-101/RJ;Norte;Colisão Lateral;1;;;1;;;;;;;2;1;;;
22/02/2020;15:11:00;201;sem vítima;276,953;BR-101/RJ;Norte;Colisão Traseira;1;;1;;;;;;;;5;;;;
22/02/2020;18:29:00;256;com vítima;298,005;BR-101/RJ;Norte;Colisão Lateral;1;;;1;;;;;;;1;2;;;
22/02/2020;19:26:00;269;sem vítima;73,5;BR-101/RJ;Norte;Colisão Transversal;1;;;;;1;;;;;2;;;;
22/02/2020;19:56:00;279;com vítima;86,5;BR-101/RJ;Norte;Choque - Defensa, barreira ou "submarino";1;;;;;;;;;;2;2;;;
22/02/2020;20:29:00;286;sem vítima;305,5;BR-101/RJ;Sul;Choque - Defensa, barreira ou "submarino";1;;;;;;;;;;1;;;;
22/02/2020;22:49:00;304;com vítima;295,647;BR-101/RJ;Sul;Capotamento;1;;;;;;;;;;0;1;;;
23/02/2020;02:09:00;11;com vítima;75,479;BR-101/RJ;Norte;Choque - Elemento de Drenagem;;;;1;;;;;;;0;;;1;
23/02/2020;04:40:00;17;com vítima;297,029;BR-101/RJ;Sul;Tombamento;;;;1;;;;;;;0;1;;;
23/02/2020;06:53:00;25;sem vítima;254,769;BR-101/RJ;Sul;Choque - Defensa, barreira ou "submarino";1;;;;;;;;;;1;;;;
23/02/2020;09:17:00;57;sem vítima;240,781;BR-101/RJ;Sul;Choque - Defensa, barreira ou "submarino";1;;;;;;;;;;1;;;;
23/02/2020;09:33:00;59;com vítima;283,834;BR-101/RJ;Norte;Colisão Lateral;;;;1;;1;;;;;1;1;;;
23/02/2020;22:36:00;173;com vítima;297,35;BR-101/RJ;Sul;Choque - Poste;1;;;;;;;;;;0;2;;;
24/02/2020;01:35:00;9;sem vítima;224,65;BR-101/RJ;Sul;Choque - Defensa, barreira ou "submarino";1;;;;;;;;;;1;;;;
24/02/2020;08:39:00;39;sem vítima;62,1;BR-101/RJ;Norte;Colisão Lateral;;;1;;;1;;;;;2;;;;
24/02/2020;08:53:00;42;com vítima;270,039;BR-101/RJ;Norte;Choque - Defensa, barreira ou "submarino";1;;;;;;;;;;2;2;;;