data;horario;n_da_ocorrencia;tipo_de_ocorrencia;km;trecho;sentido;tipo_de_acidente;automovel;bicicleta;caminhao;moto;onibus;outros;tracao_animal;transporte_de_cargas_especiais;trator_maquinas;utilitarios;ilesos;levemente_feridos;moderadamente_feridos;gravemente_feridos;mortos
24/02/2020;12:54:00;77;sem vítima;243,192;BR-101/RJ;Norte;Colisão Traseira;1;;;;;1;;;;;5;;;;
25/02/2020;04:12:00;10;sem vítima;64,3;BR-101/RJ;Norte;Choque - Elemento de Drenagem;1;;;;;;;;;;1;;;;
25/02/2020;06:45:00;17;sem vítima;282,844;BR-101/RJ;Sul;Choque - Defensa, barreira ou "submarino";1;;;;;;;;;;4;;;;
25/02/2020;11:31:00;55;com vítima;307,422;BR-101/RJ;Sul;Choque - Elemento de Drenagem;1;;;;;;;;;;0;;2;;
25/02/2020;13:16:00;76;sem vítima;266,233;BR-101/RJ;Sul;Colisão Traseira;2;;;;;;;;;;2;;;;
25/02/2020;15:07:00;103;com vítima;282,792;BR-101/RJ;Sul;Tombamento;;;;1;;;;;;;0;1;1;;
25/02/2020;15:29:00;113;sem vítima;78,733;BR-101/RJ;Norte;Choque - Outros;1;;;;;;;;;;4;;;;
25/02/2020;19:57:00;167;com vítima;186,8;BR-101/RJ;Sul;Choque - Suporte de Sinalização;1;;;;;;;;;;0;1;;;
26/02/2020;00:58:00;7;sem vítima;282,601;BR-101/RJ;Sul;Colisão Traseira;2;;;;;;;;;;2;;;;
26/02/2020;05:54:00;28;sem vítima;229,419;BR-101/RJ;Norte;Choque - Outros;1;;;;;;;;;;1;;;;
26/02/2020;06:08:00;29;sem vítima;123,5;BR-101/RJ;Sul;Atropelamento de Animal;1;;;;;;;;;;1;;;;
26/02/2020;06:23:00;31;sem vítima;310,9;BR-101/RJ;Sul;Choque - Defensa, barreira ou "submarino";1;;;;;;;;;;2;;;;
26/02/2020;09:46:00;93;sem vítima;289,308;BR-101/RJ;Sul;Engavetamento;2;;;;;1;;;;;9;;;;
26/02/2020;15:19:00;194;com vítima;173,36;BR-101/RJ;Norte;Colisão Lateral;1;;1;;;;;;;;2;3;;;
26/02/2020;15:55:00;207;sem vítima;221,04;BR-101/RJ;Sul;Choque - Suporte de Sinalização;1;;;;;;;;;;3;;;;
26/02/2020;16:45:00;220;com vítima;284,46;BR-101/RJ;Sul;Colisão Lateral;1;;;1;;;;;;;1;1;;;
27/02/2020;06:26:00;23;sem vítima;315,8;BR-101/RJ;Sul;Colisão Traseira;2;;;;;;;;;;2;;;;
27/02/2020;08:08:00;50;com vítima;293,316;BR-101/RJ;Sul;Tombamento;;;;1;;;;;;;2;1;;;
27/02/2020;08:45:00;63;sem vítima;313,54;BR-101/RJ;Sul;Engavetamento;1;;;2;;;;;;;8;;;;
27/02/2020;09:49:00;75;sem vítima;111,728;BR-101/RJ;Sul;Choque - Defensa, barreira ou "submarino";;;1;;;;;;;;1;;;;
27/02/2020;10:59:00;92;com vítima;82,472;BR-101/RJ;Sul;Colisão Lateral;2;;;;;;;;;;0;6;;;
27/02/2020;13:21:00;119;com vítima;270,345;BR-101/RJ;Sul;Tombamento;;;;1;;;;;;;0;;1;;
27/02/2020;16:16:00;160;com vítima;309,5;BR-101/RJ;Norte;Colisão Lateral;;;;1;;;;;;1;1;;1;;
27/02/2020;16:27:00;162;sem vítima;312,899;BR-101/RJ;Norte;Engavetamento;4;;;;;;;;;;7;;;;
27/02/2020;17:00:00;175;sem vítima;210,255;BR-101/RJ;Norte;Choque - Defensa, barreira ou "submarino";1;;;;;;;;;;3;;;;
27/02/2020;17:03:00;177;sem vítima;309,257;BR-101/RJ;Sul;Colisão Traseira;1;;;1;;;;;;;5;;;;
27/02/2020;17:51:00;189;com vítima;71,074;BR-101/RJ;Sul;Tombamento;;;;1;;;;;;;0;;1;;
27/02/2020;18:39:00;199;sem vítima;205,062;BR-101/RJ;Sul;Colisão Traseira;2;;;;;;;;;;4;;;;
27/02/2020;19:32:00;212;com vítima;319,4;BR-101/RJ;Norte;Colisão Lateral;;;;1;;;;;;1;1;1;;;
27/02/2020;19:56:00;215;sem vítima;316,1;BR-101/RJ;Norte;Colisão Traseira;1;;;;;1;;;;;2;;;;
27/02/2020;20:47:00;225;sem vítima;280,3;BR-101/RJ;Sul;Choque - Defensa, barreira ou "submarino";1;;;;;;;;;;2;;;;
27/02/2020;21:40:00;234;sem vítima;152,536;BR-101/RJ;Sul;Objeto lançado contra veículo;;;2;;;;;;;;2;;;;
27/02/2020;22:35:00;237;com vítima;282,852;BR-101/RJ;Sul;Choque - Defensa, barreira ou "submarino";1;;;;;;;;;;3;2;;;
28/02/2020;06:47:00;34;sem vítima;148,2;BR-101/RJ;Norte;Choque - Defensa, barreira ou "submarino";1;;;;;;;;;;2;;;;
28/02/2020;08:41:00;56;sem vítima;293,972;BR-101/RJ;Sul;Choque - Outros;;;1;;;1;;;;;2;;;;
28/02/2020;12:29:00;104;sem vítima;260,002;BR-101/RJ;Norte;Colisão Traseira;1;;1;;;;;;;;2;;;;
28/02/2020;12:37:00;106;com vítima;307,735;BR-101/RJ;Sul;Tombamento;;;;1;;;;;;;1;;1;;
28/02/2020;12:49:00;110;sem vítima;81,65;BR-101/RJ;Norte;Choque - Defensa, barreira ou "submarino";;;;;;;;;;1;1;;;;
28/02/2020;14:06:00;124;sem vítima;144,299;BR-101/RJ;Sul;Choque - Defensa, barreira ou "submarino";1;;;;;;;;;;1;;;;
28/02/2020;14:49:00;132;sem vítima;292,216;BR-101/RJ;Sul;Colisão Traseira;2;;;;;;;;;;4;;;;
28/02/2020;16:34:00;158;sem vítima;99,5;BR-101/RJ;Norte;Colisão Transversal;1;;1;;;;;;;;5;;;;
28/02/2020;16:44:00;161;sem vítima;93,015;BR-101/RJ;Norte;Choque - Defensa, barreira ou "submarino";1;;;;;;;;;;1;;;;
28/02/2020;17:23:00;166;com vítima;293,138;BR-101/RJ;Norte;Engavetamento;3;;;;;;;;;;7;1;;;
29/02/2020;09:03:00;49;sem vítima;252,81;BR-101/RJ;Norte;Colisão Lateral;;;2;;;;;;;;2;;;;
29/02/2020;10:17:00;60;sem vítima;305,316;BR-101/RJ;Sul;Colisão Traseira;2;;;;;;;;;;2;;;;
29/02/2020;10:18:00;61;com vítima;290,15;BR-101/RJ;Norte;Colisão Lateral;1;;;1;;;;;;;2;2;;;
29/02/2020;21:46:00;177;sem vítima;232,5;BR-101/RJ;Sul;Choque - Defensa, barreira ou "submarino";1;;;;;;;;;;5;;;;
29/02/2020;22:02:00;179;com vítima;60,7;BR-101/RJ;Norte;Colisão Transversal;1;;;1;;;;;;;1;;1;;
29/02/2020;22:24:00;182;sem vítima;273,382;BR-101/RJ;Norte;Choque - Elemento de Drenagem;1;;;;;;;;;;1;;;;
29/02/2020;23:09:00;191;sem vítima;12,5;BR-101/RJ;Sul;Choque - Elemento de Drenagem;1;;;;;;;;;;4;;;;
29/02/2020;23:50:00;196;sem vítima;282,76;BR-101/RJ;Norte;Choque - Suporte de Sinalização;1;;;;;;;;;;1;;;;
01/03/2020;00:27:00;3;com vítima;265,295;BR-101/RJ;Sul;Colisão Frontal;;;;1;;;;;;1;3;1;;;1
01/03/2020;05:39:00;21;com vítima;307,3;BR-101/RJ;Sul;Colisão Traseira;;;;1;;1;;;;;1;1;;;
01/03/2020;06:25:00;23;sem vítima;304,312;BR-101/RJ;Norte;Choque - Defensa, barreira ou "submarino";1;;;;;;;;;;1;;;;
01/03/2020;08:06:00;38;com vítima;307,07;BR-101/RJ;Sul;Choque - Defensa, barreira ou "submarino";1;;;;;;;;;;0;1;;;
01/03/2020;12:45:00;99;com vítima;47,991;BR-101/RJ;Sul;Colisão Transversal;2;;;;;;;;;;7;1;;;
01/03/2020;12:52:00;100;sem vítima;91,635;BR-101/RJ;Sul;Choque - Defensa, barreira ou "submarino";1;;;;;;;;;;3;;;;
01/03/2020;13:27:00;106;sem vítima;110,757;BR-101/RJ;Norte;Choque - Talude;1;;;;;;;;;;4;;;;
01/03/2020;14:48:00;114;sem vítima;122,9;BR-101/RJ;Sul;Choque - Cancela de Pedagio;1;;;;;;;;;;1;;;;
01/03/2020;14:56:00;116;sem vítima;138,5;BR-101/RJ;Norte;Choque - Defensa, barreira ou "submarino";1;;;;;;;;;;1;;;;
01/03/2020;15:35:00;127;sem vítima;279,884;BR-101/RJ;Sul;Choque - Outros;1;;;;;;;;;;2;;;;
01/03/2020;18:05:00;173;com vítima;116,439;BR-101/RJ;Norte;Choque - Defensa, barreira ou "submarino";1;;;;;;;;;;0;1;;;
01/03/2020;19:35:00;200;com vítima;51,4;BR-101/RJ;Sul;Colisão Lateral;;1;;1;;;;;;;1;;1;;
01/03/2020;20:01:00;204;sem vítima;313,355;BR-101/RJ;Sul;Colisão Frontal;2;;;;;;;;;;5;;;;
02/03/2020;00:44:00;4;sem vítima;320,1;BR-101/RJ;Sul;Choque - Elemento de Drenagem;1;;;;;;;;;;1;;;;
02/03/2020;09:12:00;42;sem vítima;316,519;BR-101/RJ;Norte;Colisão Traseira;2;;;;;;;;;;3;;;;
02/03/2020;11:55:00;76;com vítima;238,063;BR-101/RJ;Norte;Choque - Defensa, barreira ou "submarino";1;;;;;;;;;;2;2;;;
02/03/2020;12:35:00;78;com vítima;283,797;BR-101/RJ;Sul;Choque - Defensa, barreira ou "submarino";1;;;;;;;;;;1;1;;;
02/03/2020;12:38:00;79;sem vítima;145,815;BR-101/RJ;Sul;Choque - Defensa, barreira ou "submarino";;;1;;;;;;;;2;;;;
02/03/2020;16:24:00;123;com vítima;87,5;BR-101/RJ;Norte;Capotamento;1;;;;;;;;;;0;1;1;;
02/03/2020;17:04:00;129;sem vítima;321,7;BR-101/RJ;Norte;Colisão Traseira;2;;;;;;;;;;2;;;;
02/03/2020;18:20:00;138;sem vítima;66,5;BR-101/RJ;Sul;Colisão Traseira;2;;;;;;;;;;2;;;;
02/03/2020;18:25:00;141;com vítima;69,5;BR-101/RJ;Sul;Tombamento;;1;;;;;;;;;0;1;;;
02/03/2020;18:43:00;145;com vítima;56,7;BR-101/RJ;Norte;Colisão Lateral;;;1;1;;;;;;;1;2;;;
03/03/2020;10:52:00;90;com vítima;195,259;BR-101/RJ;Norte;Choque - Defensa, barreira ou "submarino";1;;;;;;;;;;1;1;;;
03/03/2020;11:22:00;95;sem vítima;294,926;BR-101/RJ;Sul;Colisão Frontal;1;;;;;1;;;;;2;;;;
03/03/2020;14:44:00;123;com vítima;108,227;BR-101/RJ;Norte;Choque - Talude;;;1;;;;;;;;0;1;;;
03/03/2020;15:54:00;141;sem vítima;259,599;BR-101/RJ;Sul;Choque - Poste;;;1;;;;;;;;2;;;;
03/03/2020;16:04:00;145;sem vítima;297,5;BR-101/RJ;Sul;Choque - Defensa, barreira ou "submarino";1;;;;;;;;;;1;;;;
03/03/2020;17:03:00;156;sem vítima;259,8;BR-101/RJ;Sul;Colisão Traseira;2;;;;;;;;;;2;;;;
03/03/2020;17:34:00;167;com vítima;317,5;BR-101/RJ;Norte;Tombamento;;;;1;;;;;;;0;2;;;
03/03/2020;21:13:00;211;sem vítima;313,001;BR-101/RJ;Norte;Choque - Outros;1;;;;;;;;;;1;;;;
04/03/2020;07:53:00;45;sem vítima;316,158;BR-101/RJ;Sul;Engavetamento;1;;;;;1;;;;1;7;;;;
04/03/2020;08:48:00;60;sem vítima;266,02;BR-101/RJ;Norte;Choque - Elemento de Drenagem;1;;;;;;;;;;1;;;;
04/03/2020;09:32:00;76;sem vítima;67,6;BR-101/RJ;Norte;Colisão Traseira;2;;;;;;;;;;2;;;;
04/03/2020;12:40:00;114;sem vítima;281,276;BR-101/RJ;Norte;Choque - Elemento de Drenagem;;;1;;;;;;;;1;;;;
04/03/2020;15:33:00;151;sem vítima;99,553;BR-101/RJ;Norte;Choque - Defensa, barreira ou "submarino";1;;;;;;;;;;2;;;;
04/03/2020;16:23:00;164;sem vítima;236,683;BR-101/RJ;Sul;Colisão Lateral;2;;;;;;;;;;2;;;;
05/03/2020;04:17:00;8;sem vítima;142,3;BR-101/RJ;Sul;Choque - Objeto sobre a pista;1;;;;;;;;;;1;;;;
05/03/2020;04:25:00;9;sem vítima;142,3;BR-101/RJ;Sul;Choque - Objeto sobre a pista;1;;;;;;;;;;1;;;;
05/03/2020;04:26:00;10;sem vítima;142,3;BR-101/RJ;Sul;Choque - Objeto sobre a pista;1;;;;;;;;;;1;;;;
05/03/2020;05:16:00;12;sem vítima;162,223;BR-101/RJ;Norte;Choque - Talude;1;;;;;;;;;;3;;;;
05/03/2020;06:31:00;20;com vítima;270,078;BR-101/RJ;Sul;Choque - Outros;;;1;;;;;;;;0;1;;;
05/03/2020;15:00:00;146;sem vítima;309,84;BR-101/RJ;Norte;Colisão Traseira;2;;;;;;;;;;4;;;;
05/03/2020;16:04:00;160;sem vítima;75,154;BR-101/RJ;Sul;Objeto lançado contra veículo;1;;;;;;;;;;1;;;;
05/03/2020;18:43:00;192;com vítima;189,001;BR-101/RJ;Sul;Tombamento;;;;1;;;;;;;0;2;;;
05/03/2020;21:15:00;219;sem vítima;70,2;BR-101/RJ;Norte;Choque - Objeto sobre a pista;1;;;;;;;;;;1;;;;
06/03/2020;07:18:00;33;com vítima;77,536;BR-101/RJ;Sul;Tombamento;;;;1;;;;;;;0;1;;;
06/03/2020;10:12:00;96;com vítima;72,086;BR-101/RJ;Sul;Atropelamento - Outros;1;;;;;;;;;;1;;1;;
06/03/2020;13:13:00;144;sem vítima;312,9;BR-101/RJ;Sul;Choque - Defensa, barreira ou "submarino";;;1;;;;;;;;2;;;;
06/03/2020;16:16:00;189;com vítima;265,462;BR-101/RJ;Sul;Colisão Traseira;1;;;;;;;;;1;0;1;1;1;
06/03/2020;20:56:00;250;sem vítima;293,966;BR-101/RJ;Norte;Engavetamento;2;;;;;2;;;;;5;;;;
06/03/2020;23:36:00;273;sem vítima;304,471;BR-101/RJ;Norte;Saida de Pista;1;;;;;;;;;;1;;;;
07/03/2020;06:44:00;31;com vítima;244,65;BR-101/RJ;Norte;Tombamento;;;;1;;;;;;;0;1;;;
07/03/2020;09:28:00;76;sem vítima;315,769;BR-101/RJ;Sul;Colisão Lateral;1;;;;;;;;;1;2;;;;
07/03/2020;09:40:00;79;sem vítima;297,756;BR-101/RJ;Norte;Colisão Lateral;1;;1;;;;;;;;2;;;;
07/03/2020;16:06:00;145;com vítima;303,671;BR-101/RJ;Sul;Choque - Poste;1;;;;;;;;;;2;1;;;
07/03/2020;22:15:00;192;sem vítima;315,017;BR-101/RJ;Norte;Choque - Defensa, barreira ou "submarino";1;;;;;;;;;;1;;;;
07/03/2020;22:42:00;195;com vítima;268,058;BR-101/RJ;Norte;Tombamento;;;;1;;;;;;;0;2;;;
07/03/2020;22:44:00;196;com vítima;64,3;BR-101/RJ;Norte;Colisão Transversal;1;;;1;;;;;;;3;;2;;
07/03/2020;23:18:00;202;com vítima;297,879;BR-101/RJ;Norte;Tombamento;;;;1;;;;;;;0;2;;;
08/03/2020;04:10:00;14;com vítima;124,878;BR-101/RJ;Norte;Choque - Elemento de Drenagem;;;;;;;;;;1;0;1;;;
08/03/2020;18:38:00;126;com vítima;295,5;BR-101/RJ;Sul;Atropelamento - Ciclista;;1;;;;1;;;;;1;;1;;
08/03/2020;19:42:00;145;com vítima;230,458;BR-101/RJ;Norte;Tombamento;;;;1;;;;;;;0;1;;;
08/03/2020;20:29:00;157;com vítima;70,614;BR-101/RJ;Sul;Atropelamento - Outros;;;;;;1;;;;;1;;;1;
08/03/2020;21:00:00;164;sem vítima;276,631;BR-101/RJ;Norte;Colisão Transversal;2;;;;;;;;;;7;;;;
08/03/2020;22:06:00;171;com vítima;288,359;BR-101/RJ;Norte;Colisão Traseira;;;1;;;;;;;1;2;2;;;
08/03/2020;22:09:00;173;sem vítima;206,45;BR-101/RJ;Norte;Colisão Transversal;1;;;1;;;;;;;2;;;;
09/03/2020;03:42:00;13;com vítima;309,934;BR-101/RJ;Sul;Tombamento;;;;1;;;;;;;0;1;;;
09/03/2020;06:40:00;26;sem vítima;254,8;BR-101/RJ;Norte;Colisão Lateral;1;;;;;1;;;;;2;;;;
09/03/2020;09:00:00;71;sem vítima;293,306;BR-101/RJ;Sul;Outros - Sequência;3;;;;;;;;;;5;;;;
09/03/2020;10:45:00;97;com vítima;315,438;BR-101/RJ;Sul;Choque - Outros;;;;1;;;;;;;0;;;;1
09/03/2020;10:56:00;102;com vítima;295,74;BR-101/RJ;Norte;Tombamento;;;1;;;;;;;;0;;1;;
09/03/2020;13:25:00;130;sem vítima;70,599;BR-101/RJ;Norte;Colisão Traseira;1;;;1;;;;;;;2;;;;
09/03/2020;15:11:00;169;sem vítima;55,47;BR-101/RJ;Norte;Colisão Traseira;2;;;;;;;;;;5;;;;
09/03/2020;15:14:00;172;com vítima;243,426;BR-101/RJ;Sul;Colisão Lateral;;;2;;;;;;;;2;2;;;
09/03/2020;21:21:00;254;sem vítima;255,807;BR-101/RJ;Norte;Atropelamento de Animal;1;;;;;;;;;;3;;;;
10/03/2020;02:23:00;9;com vítima;252,077;BR-101/RJ;Sul;Choque - Defensa, barreira ou "submarino";;;;;;;;;;1;0;2;;;
10/03/2020;04:55:00;19;com vítima;300,237;BR-101/RJ;Sul;Atropelamento - Morador;1;;;;;;;;;;2;;;1;
10/03/2020;08:02:00;57;sem vítima;315,053;BR-101/RJ;Sul;Engavetamento;1;;;;2;;;;;;3;;;;
10/03/2020;08:57:00;77;com vítima;318,094;BR-101/RJ;Sul;Colisão Traseira;;;;1;;;;;;1;1;;;1;
10/03/2020;14:32:00;154;com vítima;190,402;BR-101/RJ;Sul;Tombamento;;;1;;;;;;;;0;;;;1
10/03/2020;17:54:00;206;sem vítima;297,856;BR-101/RJ;Norte;Colisão Traseira;1;;1;;;;;;;;2;;;;
10/03/2020;18:40:00;215;com vítima;53,896;BR-101/RJ;Norte;Colisão Lateral;;;;1;;1;;;;;1;;;1;
11/03/2020;01:41:00;6;sem vítima;274,203;BR-101/RJ;Norte;Atropelamento de Animal;1;;;;;;;;;;1;;;;
11/03/2020;01:49:00;8;com vítima;298,71;BR-101/RJ;Sul;Choque - Defensa, barreira ou "submarino";;;;;;;;;;1;1;1;;;
11/03/2020;09:16:00;78;sem vítima;97,4;BR-101/RJ;Norte;Choque - Poste;;;;;;1;;;;;1;;;;
11/03/2020;10:14:00;95;com vítima;321,947;BR-101/RJ;Sul;Colisão Lateral;1;;;1;;;;;;;4;1;;;
11/03/2020;16:06:00;184;sem vítima;160,135;BR-101/RJ;Sul;Choque - Suporte de Sinalização;1;;;;;;;;;;1;;;;
11/03/2020;20:03:00;223;com vítima;317,871;BR-101/RJ;Sul;Tombamento;;;;1;;;;;;;0;2;;;
12/03/2020;07:48:00;76;com vítima;316,695;BR-101/RJ;Sul;Colisão Lateral;;;;2;;1;;;;;1;2;;;
12/03/2020;08:39:00;94;com vítima;205,44;BR-101/RJ;Sul;Colisão Transversal;1;1;;;;;;;;;2;1;;;
12/03/2020;16:51:00;184;com vítima;59,529;BR-101/RJ;Sul;Colisão Traseira;1;;1;;;;;;;;5;1;;;
12/03/2020;18:00:00;206;sem vítima;66,424;BR-101/RJ;Norte;Colisão Lateral;1;;;;;;;;;1;2;;;;
12/03/2020;19:05:00;219;com vítima;316,198;BR-101/RJ;Sul;Atropelamento - Outros;;;;;;1;;;;;1;;1;;
12/03/2020;20:49:00;238;sem vítima;160,65;BR-101/RJ;Norte;Engavetamento;;;3;;;;;;;;3;;;;
12/03/2020;23:30:00;254;com vítima;200,139;BR-101/RJ;Norte;Choque - Outros;;;;1;;;;;;;0;1;;;
13/03/2020;00:30:00;5;sem vítima;200,154;BR-101/RJ;Norte;Choque - Outros;1;;;;;;;;;;1;;;;
13/03/2020;00:33:00;6;com vítima;266,137;BR-101/RJ;Sul;Colisão Traseira;2;;;;;;;;;;1;3;;;
13/03/2020;05:45:00;21;sem vítima;91,01;BR-101/RJ;Norte;Choque - Suporte de Sinalização;1;;;;;;;;;;1;;;;
13/03/2020;05:58:00;22;com vítima;61,003;BR-101/RJ;Norte;Choque - Defensa, barreira ou "submarino";;;;;;;;;;1;0;1;;;
13/03/2020;07:14:00;34;sem vítima;296,68;BR-101/RJ;Sul;Choque - Defensa, barreira ou "submarino";1;;;;;;;;;;1;;;;
13/03/2020;07:39:00;40;sem vítima;296,681;BR-101/RJ;Sul;Colisão Traseira;2;;;;;;;;;;5;;;;
13/03/2020;09:40:00;117;sem vítima;105,6;BR-101/RJ;Norte;Choque - Objeto sobre a pista;1;;;;;;;;;;1;;;;
13/03/2020;10:49:00;134;sem vítima;321,5;BR-101/RJ;Sul;Colisão Lateral;1;;;;;1;;;;;2;;;;
13/03/2020;11:58:00;144;com vítima;295,524;BR-101/RJ;Norte;Colisão Traseira;1;;1;;;;;;;;2;;1;;
13/03/2020;12:28:00;149;sem vítima;62,2;BR-101/RJ;Norte;Colisão Lateral;1;;;;;1;;;;;2;;;;
13/03/2020;14:46:00;169;sem vítima;192,83;BR-101/RJ;Norte;Choque - Suporte de Sinalização;;;1;;;;;;;;1;;;;
13/03/2020;14:47:00;172;com vítima;234,475;BR-101/RJ;Sul;Choque - Arvore;;;;;;;;;;1;1;1;;;
13/03/2020;15:18:00;175;com vítima;321,366;BR-101/RJ;Sul;Engavetamento;4;;;;;;;;;;4;1;;;
13/03/2020;21:27:00;240;sem vítima;291,594;BR-101/RJ;Norte;Choque - Objeto sobre a pista;1;;;;;;;;;;2;;;;
14/03/2020;00:00:00;1;sem vítima;320,446;BR-101/RJ;Norte;Choque - Defensa, barreira ou "submarino";1;;;;;;;;;;1;;;;
14/03/2020;02:16:00;15;com vítima;276,581;BR-101/RJ;Norte;Colisão Traseira;2;;;;;;;;;;4;1;1;;
14/03/2020;03:10:00;21;sem vítima;59,4;BR-101/RJ;Sul;Colisão Transversal;2;;;;;;;;;;3;;;;
14/03/2020;04:08:00;25;sem vítima;288,131;BR-101/RJ;Norte;Atropelamento de Animal;1;;;;;;;;;;3;;;;
14/03/2020;04:29:00;29;sem vítima;288,13;BR-101/RJ;Norte;Atropelamento de Animal;;;1;;;;;;;;1;;;;
14/03/2020;04:30:00;30;sem vítima;288,131;BR-101/RJ;Norte;Atropelamento de Animal;;;1;;;;;;;;1;;;;
14/03/2020;06:35:00;44;sem vítima;284,9;BR-101/RJ;Sul;Choque - Objeto sobre a pista;1;;;;;;;;;;1;;;;
14/03/2020;08:11:00;67;sem vítima;25,4;BR-101/RJ;Sul;Choque - Suporte de Sinalização;1;;;;;;;;;;1;;;;
14/03/2020;11:09:00;113;com vítima;114,963;BR-101/RJ;Sul;Choque - Defensa, barreira ou "submarino";1;;;;;;;;;;2;1;;;
14/03/2020;11:29:00;120;com vítima;316,547;BR-101/RJ;Sul;Tombamento;;;;;;1;;;;;1;1;;;
14/03/2020;13:25:00;148;com vítima;299,7;BR-101/RJ;Sul;Colisão Traseira;2;;;;;;;;;;5;2;;;
14/03/2020;14:57:00;170;com vítima;271,5;BR-101/RJ;Sul;Colisão Traseira;2;;;;;;;;;;1;2;;;
14/03/2020;15:24:00;177;com vítima;243,212;BR-101/RJ;Sul;Colisão Lateral;;;1;1;;;;;;;1;1;1;;
14/03/2020;15:27:00;178;com vítima;197,5;BR-101/RJ;Norte;Choque - Talude;1;;;;;;;;;;4;2;;;
14/03/2020;17:30:00;192;com vítima;315,021;BR-101/RJ;Sul;Atropelamento - Outros;;;;;;1;;;;;1;1;;;
14/03/2020;22:41:00;233;com vítima;56,341;BR-101/RJ;Norte;Colisão Transversal;;;;1;;;;;;;0;;1;1;
14/03/2020;23:34:00;241;com vítima;112,566;BR-101/RJ;Norte;Tombamento;;;;1;;;;;;;0;;;1;
15/03/2020;00:25:00;5;sem vítima;255,3;BR-101/RJ;Norte;Choque - Objeto sobre a pista;1;;;;;;;;;;1;;;;
15/03/2020;05:35:00;17;com vítima;87,585;BR-101/RJ;Norte;Capotamento;1;;;;;;;;;;0;1;1;;
15/03/2020;06:05:00;20;com vítima;283,35;BR-101/RJ;Norte;Capotamento;1;;;;;;;;;;0;1;;;
15/03/2020;08:21:00;36;sem vítima;247,224;BR-101/RJ;Norte;Choque - Defensa, barreira ou "submarino";1;;;;;;;;;;1;;;;
15/03/2020;08:49:00;39;sem vítima;313,834;BR-101/RJ;Sul;Choque - Defensa, barreira ou "submarino";1;;;;;;;;;;2;;;;
15/03/2020;18:27:00;154;com vítima;51,127;BR-101/RJ;Norte;Outros;;;;1;;1;;;;;1;;1;;
15/03/2020;18:57:00;162;com vítima;69,42;BR-101/RJ;Sul;Choque - Outros;;;;1;;;;;;;0;1;;;
15/03/2020;19:26:00;170;com vítima;267,539;BR-101/RJ;Sul;Tombamento;;;;1;;;;;;;0;1;;;
15/03/2020;19:44:00;175;com vítima;317,133;BR-101/RJ;Norte;Atropelamento - Outros;1;;;;;;;;;;2;;;;1
15/03/2020;20:29:00;184;sem vítima;258,625;BR-101/RJ;Sul;Colisão Traseira;2;;;;;;;;;;2;;;;
16/03/2020;02:31:00;16;sem vítima;313,761;BR-101/RJ;Norte;Choque - Poste;1;;;;;;;;;;1;;;;
16/03/2020;04:55:00;22;sem vítima;87,557;BR-101/RJ;Sul;Colisão Lateral;1;;1;;;;;;;;3;;;;
16/03/2020;06:27:00;32;com vítima;314,811;BR-101/RJ;Norte;Colisão Traseira;;;;;;1;;;;1;4;1;;;
16/03/2020;07:09:00;42;sem vítima;311,77;BR-101/RJ;Sul;Colisão Traseira;;;;;;;;;;2;2;;;;
16/03/2020;07:43:00;52;com vítima;306,484;BR-101/RJ;Sul;Tombamento;;;;1;;;;;;;0;2;;;
16/03/2020;16:47:00;175;com vítima;298,585;BR-101/RJ;Norte;Colisão Traseira;1;;;1;;;;;;;1;1;;;
16/03/2020;18:08:00;190;com vítima;276,556;BR-101/RJ;Norte;Colisão Lateral;;;1;1;;;;;;;1;2;;;
17/03/2020;01:26:00;18;com vítima;40,625;BR-101/RJ;Norte;Tombamento;;;;1;;;;;;;0;;1;;
17/03/2020;14:23:00;125;com vítima;313,5;BR-101/RJ;Sul;Tombamento;;;;1;;;;;;;0;1;;;
17/03/2020;15:45:00;134;sem vítima;205,5;BR-101/RJ;Sul;Colisão Transversal;2;;;;;;;;;;3;;;;
17/03/2020;17:11:00;150;sem vítima;214,5;BR-101/RJ;Norte;Choque - Elemento de Drenagem;1;;;;;;;;;;2;;;;
17/03/2020;21:16:00;178;sem vítima;63,1;BR-101/RJ;Norte;Colisão Traseira;1;;1;;;;;;;;5;;;;
18/03/2020;01:22:00;3;sem vítima;99,5;BR-101/RJ;Norte;Atropelamento de Animal;1;;;;;;;;;;1;;;;
18/03/2020;02:17:00;4;com vítima;184,6;BR-101/RJ;Sul;Tombamento;;;1;;;;;;;;0;1;;;
18/03/2020;02:45:00;5;sem vítima;106,2;BR-101/RJ;Sul;Choque - Defensa, barreira ou "submarino";1;;;;;;;;;;1;;;;
18/03/2020;04:15:00;9;sem vítima;318,613;BR-101/RJ;Norte;Choque - Defensa, barreira ou "submarino";;;1;;;;;;;;1;;;;
18/03/2020;23:02:00;202;sem vítima;19,2;BR-101/RJ;Sul;Colisão Transversal;;;1;1;;;;;;;2;;;;