data;horario;n_da_ocorrencia;tipo_de_ocorrencia;km;trecho;sentido;tipo_de_acidente;automovel;bicicleta;caminhao;moto;onibus;outros;tracao_animal;transporte_de_cargas_especiais;trator_maquinas;utilitarios;ilesos;levemente_feridos;moderadamente_feridos;gravemente_feridos;mortos
19/03/2020;12:46:00;101;sem vítima;308,3;BR-101/RJ;Sul;Tombamento;;;;1;;;;;;;1;;;;
20/03/2020;09:28:00;72;sem vítima;229,58;BR-101/RJ;Sul;Choque - Defensa, barreira ou "submarino";1;;;;;;;;;;2;;;;
20/03/2020;11:09:00;96;com vítima;292,8;BR-101/RJ;Norte;Choque - Defensa, barreira ou "submarino";1;;;;;;;;;;0;1;;;
20/03/2020;16:39:00;158;com vítima;319,984;BR-101/RJ;Norte;Colisão Lateral;;;;1;1;;;;;;1;1;;;
20/03/2020;22:09:00;195;sem vítima;259,713;BR-101/RJ;Sul;Choque - Defensa, barreira ou "submarino";1;;;;;;;;;;1;;;;
21/03/2020;05:24:00;24;com vítima;291,5;BR-101/RJ;Sul;Tombamento;;;;1;;;;;;;0;;;;1
21/03/2020;06:06:00;28;com vítima;171,05;BR-101/RJ;Sul;Capotamento;1;;;;;;;;;;0;2;;;
21/03/2020;07:38:00;40;sem vítima;198,5;BR-101/RJ;Sul;Choque - Defensa, barreira ou "submarino";1;;;;;;;;;;1;;;;
21/03/2020;11:36:00;81;sem vítima;313,3;BR-101/RJ;Sul;Colisão Traseira;1;;;;;1;;;;;2;;;;
21/03/2020;12:05:00;84;sem vítima;320,5;BR-101/RJ;Norte;Choque - Defensa, barreira ou "submarino";2;;;;;;;;;;2;;;;
21/03/2020;18:06:00;141;sem vítima;307,001;BR-101/RJ;Sul;Choque - Defensa, barreira ou "submarino";1;;;;;;;;;;3;;;;
21/03/2020;18:20:00;144;sem vítima;277,5;BR-101/RJ;Norte;Colisão Lateral;2;;;;;;;;;;2;;;;
21/03/2020;20:26:00;160;sem vítima;41,61;BR-101/RJ;Norte;Colisão Lateral;1;;;;;1;;;;;2;;;;
22/03/2020;16:52:00;91;sem vítima;83,7;BR-101/RJ;Sul;Colisão Lateral;2;;;;;;;;;;5;;;;
22/03/2020;17:04:00;96;com vítima;80,5;BR-101/RJ;Sul;Tombamento;;1;;;;;;;;;0;;1;;
22/03/2020;19:32:00;106;sem vítima;171,856;BR-101/RJ;Sul;Colisão Traseira;1;;;;;;;;;;1;;;;
22/03/2020;23:07:00;116;sem vítima;306,101;BR-101/RJ;Norte;Colisão Traseira;1;;1;;;;;;;;2;;;;
23/03/2020;01:19:00;9;com vítima;295,711;BR-101/RJ;Sul;Tombamento;;;;1;;;;;;;0;1;;;
23/03/2020;02:17:00;12;com vítima;56,3;BR-101/RJ;Sul;Atropelamento de Animal;1;;;;;;;;;;1;1;;;
23/03/2020;10:45:00;69;sem vítima;160,4;BR-101/RJ;Sul;Colisão Traseira;;;1;;;;;;;1;2;;;;
24/03/2020;21:17:00;145;com vítima;61,01;BR-101/RJ;Sul;Colisão Frontal;;;;1;;1;;;;;1;1;;;
25/03/2020;09:16:00;68;sem vítima;192,83;BR-101/RJ;Sul;Colisão Traseira;;;;1;;;;;;1;3;;;;
25/03/2020;16:20:00;136;sem vítima;297,6;BR-101/RJ;Norte;Colisão Traseira;1;;1;;;;;;;;2;;;;
26/03/2020;07:12:00;27;com vítima;297,35;BR-101/RJ;Norte;Colisão Lateral;1;;;1;;;;;;;1;;2;;
26/03/2020;18:37:00;130;sem vítima;58,95;BR-101/RJ;Norte;Colisão Traseira;;;2;;;;;;;;3;;;;
26/03/2020;19:06:00;135;sem vítima;119,857;BR-101/RJ;Sul;Choque - Defensa, barreira ou "submarino";1;;;;;;;;;;2;;;;
26/03/2020;22:35:00;156;sem vítima;297,2;BR-101/RJ;Sul;Colisão Lateral;1;;;;;1;;;;;2;;;;
27/03/2020;05:40:00;19;com vítima;290,9;BR-101/RJ;Sul;Capotamento;1;;;;;;;;;;0;1;1;;
27/03/2020;07:27:00;33;sem vítima;183,05;BR-101/RJ;Sul;Tombamento;;;1;;;;;;;;1;;;;
27/03/2020;11:45:00;77;sem vítima;287,53;BR-101/RJ;Sul;Choque - Elemento de Drenagem;1;;;;;;;;;;1;;;;
28/03/2020;00:00:00;1;sem vítima;271,05;BR-101/RJ;Norte;Atropelamento de Animal;;;;;;1;;;;;1;;;;
29/03/2020;05:13:00;17;com vítima;83,9;BR-101/RJ;Sul;Tombamento;;1;;;;;;;;;0;1;;;
29/03/2020;05:20:00;19;sem vítima;285,687;BR-101/RJ;Sul;Choque - Defensa, barreira ou "submarino";1;;;;;;;;;;2;;;;
29/03/2020;05:39:00;21;sem vítima;285,687;BR-101/RJ;Sul;Colisão Lateral;2;;;;;;;;;;6;;;;
29/03/2020;06:39:00;24;com vítima;269,05;BR-101/RJ;Norte;Tombamento;;1;;;;;;;;;0;1;;;
29/03/2020;22:54:00;111;sem vítima;320,101;BR-101/RJ;Norte;Atropelamento de Animal;1;;;;;;;;;;1;;;;
29/03/2020;23:19:00;115;com vítima;304,5;BR-101/RJ;Norte;Atropelamento de Animal;1;;;;;;;;;;0;1;;;
30/03/2020;03:00:00;6;sem vítima;141,4;BR-101/RJ;Norte;Choque - Objeto sobre a pista;1;;;;;;;;;;1;;;;
30/03/2020;06:31:00;20;sem vítima;216,4;BR-101/RJ;Norte;Choque - Defensa, barreira ou "submarino";1;;;;;;;;;;1;;;;
30/03/2020;18:00:00;125;sem vítima;244,15;BR-101/RJ;Sul;Choque - Defensa, barreira ou "submarino";1;;;;;;;;;;1;;;;
31/03/2020;10:55:00;71;sem vítima;318,4;BR-101/RJ;Sul;Choque - Elemento de Drenagem;1;;;;;;;;;;1;;;;
31/03/2020;16:58:00;115;sem vítima;266,5;BR-101/RJ;Sul;Choque - Defensa, barreira ou "submarino";1;;;;;;;;;;2;;;;
31/03/2020;18:06:00;125;sem vítima;181,5;BR-101/RJ;Norte;Choque - Defensa, barreira ou "submarino";1;;;;;;;;;;1;;;;
31/03/2020;19:56:00;138;com vítima;69,1;BR-101/RJ;Sul;Tombamento;;1;;;;;;;;;0;1;;;
01/04/2020;07:09:00;48;com vítima;316,3;BR-101/RJ;Sul;Colisão Lateral;;;;1;;;;;;1;1;1;1;;
01/04/2020;10:28:00;90;sem vítima;196,3;BR-101/RJ;Sul;Saida de Pista;1;;;;;;;;;;1;;;;
02/04/2020;23:03:00;170;com vítima;302,25;BR-101/RJ;Sul;Capotamento;1;;;;;;;;;;0;;1;;
03/04/2020;05:16:00;15;sem vítima;244,6;BR-101/RJ;Sul;Atropelamento de Animal;1;;;;;;;;;;1;;;;
03/04/2020;10:39:00;73;sem vítima;314,1;BR-101/RJ;Sul;Choque - Defensa, barreira ou "submarino";1;;;;;;;;;;1;;;;
03/04/2020;15:00:00;109;sem vítima;282,1;BR-101/RJ;Norte;Colisão Lateral;1;;1;;;;;;;;2;;;;
03/04/2020;15:54:00;125;com vítima;195,31;BR-101/RJ;Norte;Capotamento;;;;;;;;;;1;0;1;;;
03/04/2020;16:12:00;128;sem vítima;306,7;BR-101/RJ;Sul;Choque - Defensa, barreira ou "submarino";1;;;;;;;;;;1;;;;
03/04/2020;19:36:00;157;sem vítima;295,65;BR-101/RJ;Norte;Choque - Objeto sobre a pista;1;;;;;;;;;;1;;;;
03/04/2020;23:25:00;176;sem vítima;66,1;BR-101/RJ;Norte;Choque - Elemento de Drenagem;1;;;;;;;;;;1;;;;
04/04/2020;01:28:00;6;sem vítima;106,3;BR-101/RJ;Sul;Tombamento;;;1;;;;;;;;1;;;;
04/04/2020;09:25:00;52;com vítima;281,3;BR-101/RJ;Norte;Capotamento;1;;;;;;;;;;0;4;;;
04/04/2020;13:32:00;79;sem vítima;279,001;BR-101/RJ;Norte;Choque - Outros;1;;;;;;;;;;2;;;;
04/04/2020;18:33:00;109;com vítima;309,659;BR-101/RJ;Norte;Engavetamento;3;;;1;;;;;;;5;;1;;
04/04/2020;21:08:00;124;com vítima;88,001;BR-101/RJ;Sul;Atropelamento de Animal;1;;;;;;;;;;1;2;1;;
05/04/2020;05:44:00;14;com vítima;305,8;BR-101/RJ;Norte;Choque - Defensa, barreira ou "submarino";1;;;;;;;;;;0;;1;;
05/04/2020;07:33:00;21;sem vítima;116,01;BR-101/RJ;Sul;Choque - Defensa, barreira ou "submarino";1;;;;;;;;;;1;;;;
05/04/2020;18:00:00;68;com vítima;319,1;BR-101/RJ;Sul;Tombamento;;;;1;;;;;;;0;1;;;
05/04/2020;18:14:00;70;sem vítima;153,745;BR-101/RJ;Sul;Colisão Traseira;;;1;;;1;;;;;2;;;;
06/04/2020;05:34:00;16;com vítima;104,6;BR-101/RJ;Sul;Colisão Traseira;1;;;1;;;;;;;3;;;;1
06/04/2020;21:58:00;137;sem vítima;122,9;BR-101/RJ;Sul;Choque - Cancela de Pedagio;;;1;;;;;;;;1;;;;
07/04/2020;10:55:00;74;sem vítima;318,328;BR-101/RJ;Sul;Choque - Defensa, barreira ou "submarino";1;;;;;1;;;;;2;;;;
07/04/2020;11:49:00;93;com vítima;310,75;BR-101/RJ;Norte;Outros - Sequência;1;;1;1;;;;;;;2;1;;;
07/04/2020;21:01:00;164;sem vítima;130,5;BR-101/RJ;Sul;Choque - Objeto sobre a pista;1;;;;;;;;;;1;;;;
08/04/2020;08:23:00;35;com vítima;264,1;BR-101/RJ;Norte;Choque - Defensa, barreira ou "submarino";;;;;;;;;;1;0;1;;;
08/04/2020;09:25:00;42;sem vítima;293,1;BR-101/RJ;Sul;Colisão Lateral;2;;;;;1;;;;;4;;;;
08/04/2020;10:09:00;58;sem vítima;111,15;BR-101/RJ;Norte;Choque - Elemento de Drenagem;1;;;;;;;;;;1;;;;
08/04/2020;14:31:00;96;sem vítima;295,8;BR-101/RJ;Sul;Choque - Defensa, barreira ou "submarino";1;;;;;;;;;;1;;;;
08/04/2020;14:35:00;98;sem vítima;266,5;BR-101/RJ;Sul;Choque - Defensa, barreira ou "submarino";1;;;;;;;;;;1;;;;
08/04/2020;14:37:00;100;sem vítima;62,2;BR-101/RJ;Sul;Colisão Traseira;;;2;;;;;;;;5;;;;
09/04/2020;02:18:00;10;sem vítima;295,101;BR-101/RJ;Norte;Choque - Defensa, barreira ou "submarino";1;;;;;;;;;;1;;;;
09/04/2020;12:01:00;125;com vítima;66,59;BR-101/RJ;Norte;Colisão Traseira;;;;2;;;;;;;1;1;;;
09/04/2020;13:24:00;137;sem vítima;117,125;BR-101/RJ;Sul;Choque - Defensa, barreira ou "submarino";;;;;;;;;;1;2;;;;
10/04/2020;07:10:00;34;sem vítima;59,9;BR-101/RJ;Sul;Tombamento;;;;1;;;;;;;1;;;;
10/04/2020;09:43:00;49;com vítima;310,05;BR-101/RJ;Sul;Colisão Traseira;;;;1;;1;;;;;1;1;;;
10/04/2020;22:17:00;121;com vítima;241,9;BR-101/RJ;Sul;Choque - Defensa, barreira ou "submarino";1;;;;;;;;;;0;1;;;
10/04/2020;23:16:00;122;com vítima;290,25;BR-101/RJ;Sul;Colisão Frontal;1;;;1;;;;;;;1;1;;;
10/04/2020;23:36:00;124;com vítima;53,9;BR-101/RJ;Norte;Colisão Traseira;1;;;1;;;;;;;3;;1;;
11/04/2020;01:03:00;6;sem vítima;114,05;BR-101/RJ;Sul;Choque - Defensa, barreira ou "submarino";;;1;;;;;;;;1;;;;
11/04/2020;12:24:00;72;sem vítima;169,18;BR-101/RJ;Norte;Choque - Talude;1;;;;;;;;;;1;;;;
11/04/2020;17:12:00;104;sem vítima;64,85;BR-101/RJ;Norte;Colisão Traseira;1;;1;;;1;;;;;3;;;;
11/04/2020;19:15:00;116;com vítima;320,34;BR-101/RJ;Norte;Tombamento;;;;1;;;;;;;0;2;;;
11/04/2020;19:33:00;118;com vítima;306,268;BR-101/RJ;Norte;Colisão Frontal;;1;;1;;;;;;;0;;3;;
12/04/2020;12:13:00;52;sem vítima;57,4;BR-101/RJ;Sul;Choque - Defensa, barreira ou "submarino";1;;;;;;;;;;1;;;;
12/04/2020;16:37:00;83;sem vítima;310,05;BR-101/RJ;Sul;Atropelamento de Animal;1;;;;;;;;;;1;;;;
13/04/2020;07:10:00;28;sem vítima;280,59;BR-101/RJ;Sul;Engavetamento;3;;;;;;;;;;8;;;;
13/04/2020;10:24:00;78;com vítima;278,25;BR-101/RJ;Sul;Saida de Pista;1;;;;;;;;;;0;3;;;
13/04/2020;15:38:00;121;sem vítima;66,5;BR-101/RJ;Norte;Colisão Traseira;2;;;;;;;;;;2;;;;
13/04/2020;19:05:00;153;com vítima;306,71;BR-101/RJ;Sul;Atropelamento de Animal;2;;1;;;;;;;1;5;1;1;;
14/04/2020;02:21:00;12;sem vítima;281,3;BR-101/RJ;Sul;Choque - Defensa, barreira ou "submarino";1;;;;;;;;;;1;;;;
14/04/2020;12:36:00;84;sem vítima;114,3;BR-101/RJ;Sul;Choque - Defensa, barreira ou "submarino";1;;;;;;;;;;1;;;;
14/04/2020;16:37:00;122;sem vítima;321,95;BR-101/RJ;Norte;Colisão Lateral;;;;;1;1;;;;;2;;;;
15/04/2020;08:30:00;36;com vítima;73,95;BR-101/RJ;Sul;Colisão Transversal;1;1;;;;;;;;;3;1;1;;
15/04/2020;20:30:00;153;sem vítima;63,95;BR-101/RJ;Norte;Colisão Traseira;1;;1;;;;;;;;2;;;;
16/04/2020;08:20:00;48;com vítima;61,3;BR-101/RJ;Norte;Colisão Transversal;1;;;1;;;;;;;1;2;;;
16/04/2020;15:30:00;142;com vítima;306,6;BR-101/RJ;Norte;Colisão Lateral;;;1;1;;;;;;;1;1;1;;
17/04/2020;10:04:00;69;com vítima;190,3;BR-101/RJ;Norte;Choque - Defensa, barreira ou "submarino";1;;;;;;;;;;0;2;;;
17/04/2020;10:10:00;70;com vítima;190,3;BR-101/RJ;Norte;Colisão Traseira;1;;1;;;;;;;;3;2;;;
17/04/2020;11:03:00;78;sem vítima;286,1;BR-101/RJ;Sul;Tombamento;1;;;;;;;;;;3;;;;
17/04/2020;15:02:00;115;com vítima;293,9;BR-101/RJ;Sul;Tombamento;;;;1;;;;;;;0;1;;;
17/04/2020;15:33:00;124;sem vítima;278,789;BR-101/RJ;Norte;Tombamento;;;;1;;;;;;;1;;;;
17/04/2020;19:42:00;162;sem vítima;314,572;BR-101/RJ;Norte;Choque - Objeto não identificado;1;;;;;;;;;;1;;;;
18/04/2020;08:09:00;46;com vítima;318,25;BR-101/RJ;Norte;Colisão Frontal;1;;;1;;;;;;;2;;;1;
18/04/2020;09:51:00;67;sem vítima;217,7;BR-101/RJ;Norte;Choque - Defensa, barreira ou "submarino";1;;;;;;;;;;2;;;;
19/04/2020;12:42:00;59;com vítima;92,69;BR-101/RJ;Norte;Choque - Talude;1;;;;;;;;;;0;;1;1;
19/04/2020;17:31:00;97;sem vítima;241,1;BR-101/RJ;Norte;Atropelamento de Animal;1;;;;;;;;;;1;;;;
20/04/2020;14:04:00;108;com vítima;262,758;BR-101/RJ;Norte;Tombamento;;;1;;;;;;;;0;1;1;;
20/04/2020;19:53:00;149;sem vítima;265,445;BR-101/RJ;Norte;Colisão Traseira;2;;;;;;;;;;2;;;;
20/04/2020;20:14:00;151;sem vítima;258,785;BR-101/RJ;Norte;Choque - Objeto sobre a pista;1;;1;;;;;;;;3;;;;
20/04/2020;20:26:00;153;sem vítima;236,5;BR-101/RJ;Norte;Choque - Talude;1;;;;;;;;;;2;;;;
21/04/2020;00:12:00;6;com vítima;258,9;BR-101/RJ;Sul;Atropelamento de Animal;1;;;;;;;;;;2;1;;;
21/04/2020;11:16:00;56;sem vítima;135,7;BR-101/RJ;Norte;Choque - Suporte de Sinalização;1;;;;;;;;;;2;;;;
21/04/2020;23:09:00;122;sem vítima;213,848;BR-101/RJ;Sul;Choque - Defensa, barreira ou "submarino";;;1;;;;;;;;1;;;;
22/04/2020;10:33:00;64;sem vítima;66,407;BR-101/RJ;Norte;Colisão Traseira;2;;;;;;;;;;2;;;;
22/04/2020;15:52:00;113;com vítima;66,074;BR-101/RJ;Sul;Colisão Frontal;;1;1;;;;;;;;1;;1;;
22/04/2020;23:54:00;167;sem vítima;295,733;BR-101/RJ;Sul;Choque - Defensa, barreira ou "submarino";1;;;;;;;;;;2;;;;
23/04/2020;07:38:00;41;sem vítima;117,5;BR-101/RJ;Sul;Colisão Lateral;;;;;;1;;;;1;3;;;;
23/04/2020;16:28:00;108;com vítima;54,2;BR-101/RJ;Sul;Outros - Sequência;;;;2;;;;;;;0;2;1;;
23/04/2020;22:27:00;144;sem vítima;161,9;BR-101/RJ;Norte;Outros;2;;;;;;;;;;2;;;;
24/04/2020;09:20:00;57;sem vítima;190,4;BR-101/RJ;Norte;Colisão Traseira;;;2;;;;;;;;3;;;;
24/04/2020;14:35:00;102;sem vítima;275,3;BR-101/RJ;Sul;Colisão Traseira;1;;;;;1;;;;;2;;;;
24/04/2020;16:36:00;116;com vítima;206,5;BR-101/RJ;Sul;Tombamento;;;;1;;;;;;;0;1;;;
24/04/2020;19:43:00;146;sem vítima;297,926;BR-101/RJ;Sul;Choque - Elemento de Drenagem;1;;;;;;;;;;4;;;;
24/04/2020;21:10:00;155;sem vítima;70,515;BR-101/RJ;Norte;Atropelamento de Animal;;;1;;;;;;;;2;;;;
25/04/2020;21:26:00;116;com vítima;101,9;BR-101/RJ;Norte;Atropelamento - Andarilho;;;;;;1;;;;;1;1;;;
26/04/2020;00:12:00;2;sem vítima;304,931;BR-101/RJ;Sul;Choque - Defensa, barreira ou "submarino";1;;;;;;;;;;1;;;;
26/04/2020;00:36:00;5;com vítima;48,088;BR-101/RJ;Norte;Atropelamento de Animal;;;;1;;;;;;;0;2;;;
26/04/2020;02:42:00;17;com vítima;256,128;BR-101/RJ;Sul;Tombamento;;;;1;;;;;;;0;1;;;
26/04/2020;12:42:00;63;com vítima;262,751;BR-101/RJ;Sul;Choque - Defensa, barreira ou "submarino";1;;;;;;;;;;1;1;;;
26/04/2020;13:15:00;66;com vítima;297,718;BR-101/RJ;Sul;Choque - Poste;1;;;;;;;;;;0;1;;;
26/04/2020;20:02:00;113;sem vítima;229,27;BR-101/RJ;Norte;Capotamento;1;;;;;;;;;;4;;;;
26/04/2020;20:03:00;114;com vítima;263,831;BR-101/RJ;Sul;Tombamento;;;;1;;;;;;;0;1;;;
27/04/2020;04:51:00;15;com vítima;273,525;BR-101/RJ;Sul;Atropelamento de Animal;4;;;;;;;;;;5;1;1;;
27/04/2020;07:27:00;45;sem vítima;190,501;BR-101/RJ;Sul;Choque - Defensa, barreira ou "submarino";1;;;;;;;;;;1;;;;
27/04/2020;07:54:00;52;sem vítima;252,89;BR-101/RJ;Sul;Choque - Objeto sobre a pista;1;;;;;;;;;;1;;;;
27/04/2020;11:01:00;98;sem vítima;312,588;BR-101/RJ;Sul;Engavetamento;3;;;;;;;;;;7;;;;
28/04/2020;05:16:00;12;com vítima;314,896;BR-101/RJ;Norte;Atropelamento - Outros;1;;;;;;;;;;2;;;;1
28/04/2020;19:35:00;164;com vítima;308,314;BR-101/RJ;Norte;Atropelamento - Outros;1;;;;;;;;;;1;;;1;
28/04/2020;23:07:00;179;com vítima;59,9;BR-101/RJ;Sul;Queda;;;;1;;;;;;;0;1;;;
29/04/2020;01:10:00;4;com vítima;23,229;BR-101/RJ;Norte;Tombamento;;;1;;;;;;;;0;;1;;
29/04/2020;08:23:00;53;com vítima;51,692;BR-101/RJ;Sul;Colisão Lateral;;;;1;;1;;;;;0;2;;;
29/04/2020;16:33:00;133;com vítima;297,455;BR-101/RJ;Sul;Tombamento;;;;1;;;;;;;0;1;;;
30/04/2020;03:55:00;14;com vítima;267,555;BR-101/RJ;Sul;Colisão Traseira;;;2;;;;;;;;4;1;;;
30/04/2020;09:11:00;58;com vítima;283,31;BR-101/RJ;Sul;Tombamento;;;;1;;;;;;;0;2;;;
30/04/2020;14:50:00;117;sem vítima;297,2;BR-101/RJ;Norte;Colisão Lateral;1;;;;;1;;;;;2;;;;
30/04/2020;15:35:00;124;sem vítima;297,2;BR-101/RJ;Sul;Colisão Lateral;1;;1;;;;;;;;6;;;;
30/04/2020;15:36:00;125;com vítima;319,896;BR-101/RJ;Norte;Colisão Frontal;2;;;;;;;;;;2;1;;;
30/04/2020;19:41:00;165;sem vítima;272,525;BR-101/RJ;Norte;Choque - Outros;1;;;;;;;;;;1;;;;
01/05/2020;03:00:00;19;sem vítima;137,5;BR-101/RJ;Norte;Saida de Pista;;;1;;;;;;;;1;;;;
01/05/2020;03:59:00;22;sem vítima;305,706;BR-101/RJ;Sul;Saida de Pista;;;;;;;;;;1;1;;;;
01/05/2020;08:09:00;42;com vítima;34,788;BR-101/RJ;Norte;Capotamento;1;;;;;;;;;;0;;;2;
01/05/2020;13:43:00;79;sem vítima;298,622;BR-101/RJ;Norte;Objeto lançado contra veículo;2;;;;;;;;;;3;;;;
01/05/2020;14:09:00;81;com vítima;296,149;BR-101/RJ;Norte;Choque - Defensa, barreira ou "submarino";1;;;;;;;;;;3;1;;;
01/05/2020;16:59:00;102;sem vítima;190,117;BR-101/RJ;Norte;Colisão Lateral;2;;;;;;;;;;4;;;;
01/05/2020;21:41:00;139;com vítima;263,357;BR-101/RJ;Sul;Colisão Traseira;2;;;;;;;;;;0;4;;;
02/05/2020;06:54:00;19;com vítima;256,121;BR-101/RJ;Sul;Tombamento;;;;2;;;;;;;4;1;1;;
02/05/2020;09:56:00;47;com vítima;311,425;BR-101/RJ;Norte;Atropelamento - Andarilho;1;;;;;;;;;;2;;;;1
02/05/2020;10:21:00;52;com vítima;60,702;BR-101/RJ;Norte;Colisão Transversal;;;;2;;;;;;;0;2;1;;
02/05/2020;11:37:00;60;sem vítima;279,001;BR-101/RJ;Norte;Colisão Traseira;1;;;;;1;;;;;2;;;;
02/05/2020;12:38:00;66;sem vítima;304,153;BR-101/RJ;Norte;Atropelamento de Animal;1;;;;;;;;;;1;;;;
02/05/2020;17:02:00;98;sem vítima;190,322;BR-101/RJ;Norte;Choque - Defensa, barreira ou "submarino";1;;;;;;;;;;3;;;;
02/05/2020;19:19:00;121;com vítima;74,531;BR-101/RJ;Norte;Colisão Traseira;1;;;1;;;;;;;1;;1;;
02/05/2020;22:55:00;134;com vítima;199,338;BR-101/RJ;Norte;Choque - Defensa, barreira ou "submarino";;;;;;;;;;1;0;2;;;
03/05/2020;02:30:00;9;com vítima;86,856;BR-101/RJ;Norte;Capotamento;1;;;;;;;;;;0;;2;1;
03/05/2020;05:43:00;15;com vítima;86,851;BR-101/RJ;Norte;Atropelamento - Outros;1;;;;;;;;;;1;;;1;
03/05/2020;06:40:00;20;com vítima;295,373;BR-101/RJ;Norte;Choque - Defensa, barreira ou "submarino";1;;;;;;;;;;0;1;;;
03/05/2020;09:31:00;39;sem vítima;296,273;BR-101/RJ;Sul;Choque - Defensa, barreira ou "submarino";1;;;;;;;;;1;3;;;;
03/05/2020;12:10:00;51;com vítima;294,23;BR-101/RJ;Norte;Colisão Lateral;1;;;;;;;;;1;2;1;;;
03/05/2020;14:33:00;62;sem vítima;293,2;BR-101/RJ;Norte;Tombamento;1;;;;;1;;;;;2;;;;
03/05/2020;14:53:00;64;sem vítima;320,792;BR-101/RJ;Norte;Choque - Defensa, barreira ou "submarino";1;;;;;;;;;;1;;;;
04/05/2020;01:32:00;6;sem vítima;297,928;BR-101/RJ;Sul;Choque - Defensa, barreira ou "submarino";1;;;;;;;;;;1;;;;
04/05/2020;15:05:00;124;sem vítima;311,35;BR-101/RJ;Sul;Outros - Sequência;1;;1;;;;;;;;2;;;;
04/05/2020;15:59:00;131;com vítima;48,61;BR-101/RJ;Norte;Colisão Traseira;1;;;1;;;;;;;1;1;;;
04/05/2020;22:31:00;167;sem vítima;300,692;BR-101/RJ;Norte;Choque - Defensa, barreira ou "submarino";1;;;;;;;;;;1;;;;
05/05/2020;10:52:00;84;sem vítima;297,7;BR-101/RJ;Sul;Engavetamento;;;;;;;;;;3;4;;;;
05/05/2020;14:52:00;131;sem vítima;285,001;BR-101/RJ;Norte;Choque - Objeto sobre a pista;1;;;;;;;;;;1;;;;
05/05/2020;20:59:00;179;sem vítima;44,123;BR-101/RJ;Norte;Atropelamento de Animal;;;1;;;;;;;;1;;;;
05/05/2020;22:40:00;186;sem vítima;278,983;BR-101/RJ;Norte;Choque - Elemento de Drenagem;1;;;;;;;;;;1;;;;
06/05/2020;01:53:00;9;sem vítima;313,45;BR-101/RJ;Norte;Capotamento;1;;;;;;;;;;1;;;;
06/05/2020;09:52:00;63;com vítima;276,955;BR-101/RJ;Norte;Colisão Traseira;1;;;1;;;;;;;1;1;1;;
06/05/2020;17:13:00;117;com vítima;61,48;BR-101/RJ;Norte;Colisão Traseira;1;;;1;;;;;;;1;1;;;
06/05/2020;18:51:00;130;com vítima;299,7;BR-101/RJ;Sul;Choque - Defensa, barreira ou "submarino";1;;;;;;;;;;0;1;;;
06/05/2020;20:43:00;144;sem vítima;158,98;BR-101/RJ;Norte;Choque - Defensa, barreira ou "submarino";1;;;;;;;;;;4;;;;
07/05/2020;00:48:00;3;sem vítima;116,158;BR-101/RJ;Norte;Choque - Talude;1;;;;;;;;;;1;;;;
07/05/2020;05:34:00;16;sem vítima;188,144;BR-101/RJ;Sul;Choque - Suporte de Sinalização;1;;;;;;;;;;2;;;;
07/05/2020;12:31:00;83;sem vítima;92,697;BR-101/RJ;Norte;Choque - Defensa, barreira ou "submarino";1;;;;;;;;;;1;;;;
07/05/2020;13:38:00;94;sem vítima;299,7;BR-101/RJ;Sul;Choque - Defensa, barreira ou "submarino";;;1;;;;;;;;1;;;;
07/05/2020;16:06:00;107;com vítima;312,313;BR-101/RJ;Norte;Colisão Frontal;1;1;;;;;;;;;1;;1;;
07/05/2020;19:02:00;125;sem vítima;95,628;BR-101/RJ;Sul;Atropelamento de Animal;1;;;;;1;;;;;2;;;;
07/05/2020;19:20:00;126;sem vítima;95,056;BR-101/RJ;Sul;Atropelamento de Animal;;;1;;;;;;;;1;;;;
07/05/2020;22:07:00;135;com vítima;48,56;BR-101/RJ;Sul;Atropelamento - Ciclista;;1;1;;;;;;;;1;;;1;
08/05/2020;06:04:00;19;sem vítima;62,033;BR-101/RJ;Sul;Colisão Lateral;2;;;;;;;;;1;3;;;;
08/05/2020;10:19:00;66;sem vítima;182,755;BR-101/RJ;Sul;Colisão Transversal;2;;;;;;;;;;3;;;;
08/05/2020;12:52:00;92;sem vítima;130,608;BR-101/RJ;Norte;Choque - Defensa, barreira ou "submarino";1;;;;;;;;;;4;;;;
08/05/2020;13:43:00;98;com vítima;283,208;BR-101/RJ;Sul;Colisão Traseira;3;;;;;;;;;;3;1;;;
08/05/2020;13:54:00;99;sem vítima;224,5;BR-101/RJ;Norte;Choque - Outros;1;;;;;;;;;;1;;;;
08/05/2020;14:25:00;102;sem vítima;283,208;BR-101/RJ;Sul;Colisão Lateral;;;1;;;1;;;;;2;;;;
08/05/2020;20:49:00;150;sem vítima;157,05;BR-101/RJ;Sul;Choque - Objeto sobre a pista;1;;;;;;;;;;1;;;;
09/05/2020;01:10:00;6;sem vítima;260,589;BR-101/RJ;Sul;Choque - Defensa, barreira ou "submarino";;;1;;;;;;;;1;;;;