data;horario;n_da_ocorrencia;tipo_de_ocorrencia;km;trecho;sentido;tipo_de_acidente;automovel;bicicleta;caminhao;moto;onibus;outros;tracao_animal;transporte_de_cargas_especiais;trator_maquinas;utilitarios;ilesos;levemente_feridos;moderadamente_feridos;gravemente_feridos;mortos
19/06/2020;16:22:00;134;sem vítima;255,956;BR-101/RJ;Norte;Colisão Traseira;1;;1;;;;;;;;3;;;;
19/06/2020;16:30:00;135;sem vítima;311,469;BR-101/RJ;Norte;Colisão Traseira;2;;;;;;;;;;4;;;;
19/06/2020;17:46:00;147;sem vítima;295,175;BR-101/RJ;Norte;Engavetamento;5;;;;;;;;;;8;;;;
20/06/2020;04:50:00;12;sem vítima;270,611;BR-101/RJ;Sul;Capotamento;1;;;;;;;;;;1;;;;
20/06/2020;05:56:00;17;sem vítima;92,85;BR-101/RJ;Norte;Choque - Defensa, barreira ou "submarino";1;;;;;;;;;;1;;;;
20/06/2020;06:26:00;23;sem vítima;298,688;BR-101/RJ;Norte;Choque - Defensa, barreira ou "submarino";1;;;;;;;;;;1;;;;
20/06/2020;07:03:00;28;sem vítima;240,409;BR-101/RJ;Norte;Choque - Defensa, barreira ou "submarino";;;1;;;;;;;;1;;;;
20/06/2020;10:45:00;54;sem vítima;79,05;BR-101/RJ;Sul;Colisão Transversal;2;;;;;;;;;;5;;;;
20/06/2020;17:45:00;136;com vítima;310,088;BR-101/RJ;Norte;Outros - Sequência;3;;;1;;;;;;;4;1;;;
20/06/2020;18:20:00;143;com vítima;317,479;BR-101/RJ;Norte;Tombamento;;;;1;;;;;;;0;2;;;
20/06/2020;18:46:00;149;sem vítima;313,028;BR-101/RJ;Norte;Colisão Traseira;1;;1;;;;;;;;2;;;;
20/06/2020;19:46:00;160;com vítima;319,4;BR-101/RJ;Norte;Colisão Traseira;2;;;;;;;;;;4;4;;;
21/06/2020;06:06:00;20;sem vítima;262,182;BR-101/RJ;Norte;Choque - Defensa, barreira ou "submarino";1;;;;;;;;;;1;;;;
21/06/2020;09:08:00;38;com vítima;283,358;BR-101/RJ;Norte;Tombamento;;;;1;;;;;;;0;;1;;
21/06/2020;09:38:00;43;sem vítima;310,486;BR-101/RJ;Norte;Colisão Lateral;1;;1;;;;;;;;2;;;;
22/06/2020;03:54:00;7;com vítima;156,092;BR-101/RJ;Norte;Colisão Frontal;1;;1;;;;;;;;2;1;;;2
22/06/2020;09:42:00;60;com vítima;110,117;BR-101/RJ;Norte;Choque - Talude;1;;;;;;;;;;0;1;;;
22/06/2020;10:35:00;68;com vítima;297,722;BR-101/RJ;Sul;Choque - Outros;;;;2;;;;;;;1;;1;;
22/06/2020;12:29:00;81;com vítima;312,72;BR-101/RJ;Sul;Choque - Defensa, barreira ou "submarino";1;;;;;;;;;;1;2;;;
22/06/2020;16:52:00;126;sem vítima;316,777;BR-101/RJ;Norte;Colisão Traseira;2;;;;;;;;;;3;;;;
22/06/2020;18:43:00;141;com vítima;319,228;BR-101/RJ;Norte;Engavetamento;5;;;;;1;;;;;5;1;1;;
23/06/2020;10:33:00;62;com vítima;299,959;BR-101/RJ;Norte;Colisão Traseira;2;;;;;;;;;;2;2;;;
23/06/2020;18:42:00;118;com vítima;58,225;BR-101/RJ;Norte;Colisão Traseira;;;;1;;;;;;1;1;;1;;
23/06/2020;19:43:00;120;sem vítima;122,9;BR-101/RJ;Norte;Choque - Defensa, barreira ou "submarino";;;1;;;;;;;;1;;;;
23/06/2020;21:32:00;127;com vítima;61,8;BR-101/RJ;Norte;Colisão Traseira;1;;;;;1;;;;;3;1;;;
23/06/2020;21:54:00;130;sem vítima;298,957;BR-101/RJ;Norte;Colisão Transversal;2;;;;;;;;;;2;;;;
24/06/2020;07:43:00;45;com vítima;308,09;BR-101/RJ;Norte;Tombamento;;;;1;;;;;;;1;1;;;
24/06/2020;19:23:00;170;com vítima;313,44;BR-101/RJ;Sul;Tombamento;;;;1;;;;;;;0;1;;;
25/06/2020;00:53:00;11;sem vítima;252,89;BR-101/RJ;Norte;Choque - Cancela de Pedagio;;;1;;;;;;;;1;;;;
25/06/2020;03:54:00;20;sem vítima;282,827;BR-101/RJ;Sul;Tombamento;;;1;;;;;;;;1;;;;
25/06/2020;07:13:00;35;com vítima;257,794;BR-101/RJ;Norte;Atropelamento - Ciclista;;1;;;;1;;;;;1;1;;;
25/06/2020;07:58:00;45;sem vítima;252,89;BR-101/RJ;Sul;Choque - Defensa, barreira ou "submarino";1;;;;;;;;;;1;;;;
25/06/2020;18:32:00;147;sem vítima;294,53;BR-101/RJ;Sul;Capotamento;1;;;;;;;;;;1;;;;
25/06/2020;22:05:00;170;com vítima;296,393;BR-101/RJ;Norte;Colisão Lateral;;;;1;;1;;;;;0;;2;1;
25/06/2020;22:37:00;175;com vítima;298,061;BR-101/RJ;Norte;Atropelamento - Funcionário;;;;;1;;;;;;1;;;1;
26/06/2020;13:00:00;76;com vítima;16,649;BR-101/RJ;Norte;Choque - Arvore;1;;;;;;;;;;0;3;1;;
26/06/2020;14:33:00;87;com vítima;295,64;BR-101/RJ;Norte;Tombamento;;;;1;;;;;;;0;1;;;
26/06/2020;15:11:00;99;sem vítima;314,607;BR-101/RJ;Norte;Engavetamento;3;;;;;;;;;;3;;;;
26/06/2020;16:05:00;105;sem vítima;306,306;BR-101/RJ;Norte;Engavetamento;1;;;;;4;;;;;5;;;;
26/06/2020;17:15:00;114;com vítima;316,992;BR-101/RJ;Norte;Colisão Traseira;1;;;1;;;;;;;1;1;;;
26/06/2020;17:22:00;115;sem vítima;269,701;BR-101/RJ;Norte;Engavetamento;3;;;;;;;;;;9;;;;
26/06/2020;17:41:00;121;sem vítima;255,707;BR-101/RJ;Sul;Atropelamento de Animal;1;;;;;;;;;;1;;;;
26/06/2020;19:50:00;140;sem vítima;269,815;BR-101/RJ;Norte;Choque - Defensa, barreira ou "submarino";1;;;;;;;;;;1;;;;
26/06/2020;22:25:00;162;com vítima;273,573;BR-101/RJ;Norte;Tombamento;;;;1;;;;;;;1;1;;;
27/06/2020;06:13:00;27;com vítima;278,497;BR-101/RJ;Norte;Tombamento;;;;1;;;;;;;0;1;;;
27/06/2020;10:58:00;69;sem vítima;297,689;BR-101/RJ;Norte;Colisão Lateral;;;1;;;;;;;1;2;;;;
27/06/2020;12:50:00;85;com vítima;267,561;BR-101/RJ;Sul;Choque - Outros;1;;;;;;;;;;0;2;;;
27/06/2020;19:38:00;152;sem vítima;40,61;BR-101/RJ;Sul;Choque - Defensa, barreira ou "submarino";1;;;;;;;;;;1;;;;
27/06/2020;19:45:00;154;com vítima;274,989;BR-101/RJ;Sul;Atropelamento - Morador;1;;;;;;;;;;1;;;;1
27/06/2020;23:09:00;179;sem vítima;289,331;BR-101/RJ;Sul;Capotamento;;;;;;;;;;1;4;;;;
28/06/2020;05:07:00;17;com vítima;294,374;BR-101/RJ;Sul;Choque - Elemento de Drenagem;1;;;;;;;;;;0;1;;;
28/06/2020;05:28:00;19;com vítima;282,788;BR-101/RJ;Norte;Choque - Defensa, barreira ou "submarino";;;;1;;;;;;;1;1;;;
28/06/2020;15:26:00;98;com vítima;288,965;BR-101/RJ;Sul;Engavetamento;3;;;;;;;;;;12;;1;;
28/06/2020;16:33:00;115;sem vítima;297,326;BR-101/RJ;Sul;Colisão Traseira;1;;;;;;;;;1;5;;;;
28/06/2020;19:30:00;152;sem vítima;205,749;BR-101/RJ;Norte;Saida de Pista;1;;;;;;;;;;4;;;;
28/06/2020;20:45:00;162;sem vítima;72,186;BR-101/RJ;Norte;Colisão Lateral;2;;;;;;;;;;2;;;;
29/06/2020;04:33:00;13;sem vítima;242,455;BR-101/RJ;Sul;Choque - Defensa, barreira ou "submarino";1;;;;;;;;;;1;;;;
29/06/2020;05:25:00;17;com vítima;281,481;BR-101/RJ;Sul;Colisão Traseira;;1;;;1;;;;;;1;;1;;
29/06/2020;05:39:00;21;sem vítima;41,842;BR-101/RJ;Norte;Choque - Suporte de Sinalização;;;;;;;;;;1;1;;;;
29/06/2020;06:17:00;24;sem vítima;54,525;BR-101/RJ;Sul;Choque - Objeto sobre a pista;1;;;;;;;;;;1;;;;
29/06/2020;07:40:00;40;sem vítima;58,816;BR-101/RJ;Sul;Colisão Transversal;1;;;;;1;;;;;2;;;;
29/06/2020;07:41:00;41;sem vítima;86,916;BR-101/RJ;Norte;Choque - Defensa, barreira ou "submarino";1;;;;;;;;;;1;;;;
29/06/2020;08:33:00;57;sem vítima;87,656;BR-101/RJ;Norte;Choque - Outros;1;;;;;;;;;;1;;;;
29/06/2020;10:33:00;94;sem vítima;123,117;BR-101/RJ;Norte;Colisão Traseira;2;;;;;;;;;;2;;;;
29/06/2020;14:06:00;134;com vítima;88,346;BR-101/RJ;Norte;Capotamento;1;;;;;;;;;;0;2;;;
30/06/2020;07:49:00;38;sem vítima;257,886;BR-101/RJ;Norte;Choque - Defensa, barreira ou "submarino";1;;;;;;;;;;1;;;;
30/06/2020;08:03:00;41;sem vítima;311,121;BR-101/RJ;Sul;Colisão Traseira;2;;;;;;;;;;6;;;;
30/06/2020;15:40:00;142;sem vítima;285,588;BR-101/RJ;Norte;Choque - Outros;1;;;;;;;;;;1;;;;
30/06/2020;17:29:00;154;sem vítima;63,323;BR-101/RJ;Sul;Colisão Transversal;1;;1;;;;;;;;2;;;;
30/06/2020;20:35:00;175;sem vítima;104,359;BR-101/RJ;Norte;Choque - Objeto sobre a pista;1;;;;;;;;;;1;;;;
01/07/2020;07:47:00;49;com vítima;295,847;BR-101/RJ;Sul;Choque - Veiculo parado no acostamento;2;;;;;;;;;;3;1;;;
01/07/2020;12:43:00;115;com vítima;220,657;BR-101/RJ;Norte;Tombamento;;;1;;;;;;;;0;1;;;
01/07/2020;17:54:00;167;com vítima;271,942;BR-101/RJ;Norte;Engavetamento;1;;3;;;;;;;;2;1;1;1;1
02/07/2020;12:38:00;107;sem vítima;122,9;BR-101/RJ;Norte;Choque - Cancela de Pedagio;;;1;;;;;;;;1;;;;
02/07/2020;15:54:00;138;com vítima;317,204;BR-101/RJ;Norte;Colisão Lateral;;;;1;;1;;;;;1;1;;;
03/07/2020;03:10:00;22;sem vítima;35,611;BR-101/RJ;Sul;Choque - Elemento de Drenagem;1;;;;;;;;;;1;;;;
03/07/2020;04:42:00;28;com vítima;86,834;BR-101/RJ;Norte;Choque - Defensa, barreira ou "submarino";1;;;;;;;;;;1;2;;;
03/07/2020;07:22:00;43;sem vítima;135,874;BR-101/RJ;Sul;Choque - Elemento de Drenagem;;;;;;;;;;1;1;;;;
03/07/2020;15:25:00;155;com vítima;70,023;BR-101/RJ;Sul;Colisão Transversal;1;;;1;;;;;;;1;1;;;
03/07/2020;15:54:00;163;sem vítima;52,076;BR-101/RJ;Sul;Colisão Traseira;2;;;;;;;;;;2;;;;
03/07/2020;16:10:00;167;com vítima;59,472;BR-101/RJ;Sul;Colisão Transversal;1;;;1;;;;;;;2;;1;;
03/07/2020;17:04:00;175;sem vítima;311,466;BR-101/RJ;Norte;Engavetamento;4;;1;;;;;;;;5;;;;
03/07/2020;17:19:00;179;com vítima;320,919;BR-101/RJ;Norte;Colisão Lateral;1;;;;;1;;;;;1;1;;;
03/07/2020;17:42:00;186;com vítima;314,9;BR-101/RJ;Norte;Atropelamento - Morador;;;;;;1;;;;;1;;1;;
03/07/2020;18:48:00;195;com vítima;317,4;BR-101/RJ;Norte;Engavetamento;2;;1;;;;;;;;4;1;;;
03/07/2020;18:55:00;196;sem vítima;321,921;BR-101/RJ;Sul;Colisão Traseira;1;;1;;;;;;;;2;;;;
04/07/2020;00:06:00;2;com vítima;252,82;BR-101/RJ;Norte;Colisão Traseira;2;;;;;;;;;;5;2;;;
04/07/2020;02:10:00;17;sem vítima;278,596;BR-101/RJ;Sul;Choque - Outros;1;;;;;;;;;;3;;;;
04/07/2020;04:29:00;23;sem vítima;314,547;BR-101/RJ;Sul;Choque - Objeto sobre a pista;1;;;;;;;;;;1;;;;
04/07/2020;11:03:00;72;sem vítima;76,8;BR-101/RJ;Sul;Colisão Traseira;2;;;;;;;;;;5;;;;
04/07/2020;11:22:00;76;sem vítima;297,338;BR-101/RJ;Sul;Colisão Traseira;2;;;;;;;;;;5;;;;
04/07/2020;12:31:00;88;com vítima;59,471;BR-101/RJ;Norte;Colisão Transversal;;;;;;2;;;;;2;1;;;
04/07/2020;14:28:00;109;sem vítima;318,263;BR-101/RJ;Sul;Choque - Elemento de Drenagem;1;;;;;;;;;;1;;;;
04/07/2020;15:58:00;128;com vítima;297,3;BR-101/RJ;Sul;Atropelamento - Outros;;;;;;1;;;;;1;;1;;
04/07/2020;19:24:00;156;com vítima;73,75;BR-101/RJ;Sul;Choque - Defensa, barreira ou "submarino";;;;1;;;;;;;0;;;;1
04/07/2020;22:01:00;174;sem vítima;94,765;BR-101/RJ;Sul;Choque - Defensa, barreira ou "submarino";;;1;;;;;;;;1;;;;
04/07/2020;22:13:00;175;sem vítima;53,839;BR-101/RJ;Norte;Choque - Defensa, barreira ou "submarino";1;;;;;;;;;;2;;;;
04/07/2020;22:01:00;176;com vítima;94,765;BR-101/RJ;Sul;Capotamento;1;;;;;;;;;;0;;2;;
04/07/2020;22:01:00;178;com vítima;94,765;BR-101/RJ;Norte;Capotamento;1;;;;;;;;;;0;3;1;1;
04/07/2020;22:01:00;182;sem vítima;94,765;BR-101/RJ;Norte;Choque - Objeto sobre a pista;;;1;;;;;;;;1;;;;
04/07/2020;22:01:00;188;sem vítima;94,765;BR-101/RJ;Norte;Choque - Objeto sobre a pista;1;;;;;;;;;;1;;;;
05/07/2020;04:19:00;13;com vítima;299,7;BR-101/RJ;Sul;Tombamento;;;;1;;;;;;;0;1;;;
05/07/2020;06:12:00;18;com vítima;85,494;BR-101/RJ;Norte;Capotamento;1;;;;;;;;;;0;1;;;
05/07/2020;08:09:00;24;sem vítima;297,905;BR-101/RJ;Norte;Tombamento;;;;1;;;;;;;1;;;;
05/07/2020;14:19:00;92;com vítima;180,396;BR-101/RJ;Sul;Tombamento;;;;1;;;;;;;0;;;1;
05/07/2020;16:31:00;118;com vítima;206,47;BR-101/RJ;Norte;Tombamento;;;;1;;;;;;;0;1;;;
06/07/2020;04:12:00;17;sem vítima;305,054;BR-101/RJ;Norte;Atropelamento de Animal;1;;;;;;;;;;2;;;;
06/07/2020;07:23:00;35;sem vítima;318,398;BR-101/RJ;Sul;Colisão Traseira;2;;;;;;;;;;2;;;;
06/07/2020;07:30:00;36;sem vítima;317,618;BR-101/RJ;Sul;Engavetamento;3;;;;;1;;;;;6;;;;
06/07/2020;11:06:00;103;sem vítima;313,7;BR-101/RJ;Sul;Colisão Lateral;1;;;;;1;;;;;3;;;;
06/07/2020;11:08:00;104;sem vítima;193,019;BR-101/RJ;Norte;Colisão Traseira;1;;;;;;;;;1;2;;;;
06/07/2020;11:12:00;105;sem vítima;288,139;BR-101/RJ;Norte;Colisão Lateral;1;;;;;;;;;1;3;;;;
06/07/2020;11:19:00;106;sem vítima;308,328;BR-101/RJ;Norte;Colisão Traseira;1;;1;;;;;;;;7;;;;
06/07/2020;11:40:00;111;com vítima;190,326;BR-101/RJ;Sul;Colisão Transversal;1;;1;;;;;;;;1;;1;1;1
06/07/2020;11:53:00;116;sem vítima;310,5;BR-101/RJ;Sul;Colisão Lateral;1;;;;;1;;;;;2;;;;
06/07/2020;12:26:00;122;com vítima;268,163;BR-101/RJ;Norte;Capotamento;1;;;;;;;;;;0;1;;;
06/07/2020;15:47:00;160;sem vítima;295,661;BR-101/RJ;Norte;Colisão Traseira;2;;;;;;;;;;2;;;;
06/07/2020;16:36:00;169;sem vítima;301,149;BR-101/RJ;Norte;Engavetamento;2;;;;;1;;;;;4;;;;
06/07/2020;17:04:00;175;sem vítima;178,113;BR-101/RJ;Norte;Saida de Pista;1;;;;;;;;;;1;;;;
06/07/2020;18:01:00;183;com vítima;198,46;BR-101/RJ;Sul;Tombamento;;;;1;;;;;;;0;1;;;
06/07/2020;19:38:00;202;com vítima;60,664;BR-101/RJ;Sul;Tombamento;;;;1;;;;;;;0;1;;;
07/07/2020;09:41:00;75;com vítima;213,198;BR-101/RJ;Norte;Tombamento;;;;1;;;;;;;0;1;;;
07/07/2020;19:51:00;189;com vítima;319,376;BR-101/RJ;Norte;Tombamento;;;;1;;;;;;;0;2;;;
08/07/2020;11:41:00;93;sem vítima;244,12;BR-101/RJ;Sul;Choque - Defensa, barreira ou "submarino";1;;;;;;;;;;1;;;;
08/07/2020;19:11:00;167;com vítima;261,762;BR-101/RJ;Sul;Outros;;;;1;;;;;;;0;;1;;
09/07/2020;03:16:00;16;com vítima;296,248;BR-101/RJ;Norte;Choque - Defensa, barreira ou "submarino";1;;;;;;;;;;1;;1;;
09/07/2020;06:29:00;26;sem vítima;318,064;BR-101/RJ;Norte;Choque - Defensa, barreira ou "submarino";1;;;;;;;;;;1;;;;
09/07/2020;06:32:00;27;sem vítima;204,418;BR-101/RJ;Norte;Choque - Defensa, barreira ou "submarino";1;;;;;;;;;;1;;;;
09/07/2020;10:19:00;77;com vítima;320,785;BR-101/RJ;Norte;Choque - Defensa, barreira ou "submarino";1;;;;;;;;;;0;;1;;
09/07/2020;17:44:00;139;com vítima;317,023;BR-101/RJ;Norte;Engavetamento;3;;;;;;;;;;6;;1;;
10/07/2020;00:08:00;2;sem vítima;297,079;BR-101/RJ;Sul;Choque - Defensa, barreira ou "submarino";1;;;;;;;;;;3;;;;
10/07/2020;06:33:00;31;sem vítima;93,8;BR-101/RJ;Norte;Choque - Defensa, barreira ou "submarino";1;;;;;;;;;;1;;;;
10/07/2020;06:37:00;34;sem vítima;267,549;BR-101/RJ;Sul;Choque - Elemento de Drenagem;1;;;;;;;;;;1;;;;
10/07/2020;10:16:00;88;sem vítima;291,501;BR-101/RJ;Norte;Colisão Lateral;1;;1;;;;;;;;2;;;;
10/07/2020;10:51:00;95;sem vítima;297,601;BR-101/RJ;Norte;Colisão Lateral;1;;1;;;;;;;;5;;;;
10/07/2020;18:29:00;177;com vítima;25,778;BR-101/RJ;Norte;Colisão Transversal;2;;;;;;;;;;1;;;1;
10/07/2020;22:42:00;215;sem vítima;17,788;BR-101/RJ;Norte;Tombamento;;;;1;;;;;;;1;;;;
11/07/2020;04:35:00;27;sem vítima;272,65;BR-101/RJ;Norte;Tombamento;;;1;;;;;;;;1;;;;
11/07/2020;05:39:00;31;sem vítima;308,5;BR-101/RJ;Norte;Choque - Defensa, barreira ou "submarino";1;;;;;;;;;;1;;;;
11/07/2020;20:21:00;171;sem vítima;146,222;BR-101/RJ;Norte;Atropelamento de Animal;1;;;;;;;;;;1;;;;
12/07/2020;07:14:00;32;com vítima;282,883;BR-101/RJ;Norte;Capotamento;1;;;;;;;;;;0;2;;;
12/07/2020;09:57:00;51;com vítima;317,908;BR-101/RJ;Sul;Tombamento;;;;1;;;;;;;0;2;;;
12/07/2020;10:50:00;61;sem vítima;310,779;BR-101/RJ;Sul;Engavetamento;3;;;;;;;;;;4;;;;
12/07/2020;17:50:00;146;sem vítima;306,211;BR-101/RJ;Norte;Colisão Traseira;2;;;;;;;;;;3;;;;
12/07/2020;19:07:00;157;sem vítima;318,66;BR-101/RJ;Sul;Choque - Defensa, barreira ou "submarino";1;;;;;;;;;;1;;;;
13/07/2020;15:07:00;144;com vítima;296,415;BR-101/RJ;Norte;Tombamento;;;;1;;;;;;;0;;1;;
13/07/2020;17:48:00;188;com vítima;49,505;BR-101/RJ;Sul;Colisão Traseira;1;;;1;;;;;;;4;1;;;
13/07/2020;18:23:00;195;com vítima;83,516;BR-101/RJ;Sul;Colisão Transversal;1;;;1;;;;;;;1;2;;;
13/07/2020;21:37:00;221;com vítima;301,412;BR-101/RJ;Norte;Colisão Traseira;2;;;;;;;;;;1;2;;;
13/07/2020;22:55:00;227;com vítima;301,993;BR-101/RJ;Sul;Colisão Traseira;2;;;;;;;;;;3;2;;;
14/07/2020;04:38:00;8;sem vítima;200,879;BR-101/RJ;Norte;Atropelamento de Animal;;;1;;;;;;;;1;;;;
14/07/2020;10:39:00;88;com vítima;318,395;BR-101/RJ;Sul;Tombamento;;;;1;;;;;;;0;1;;;
14/07/2020;11:32:00;105;sem vítima;192,83;BR-101/RJ;Norte;Colisão Traseira;2;;;;;;;;;;2;;;;
14/07/2020;12:16:00;115;com vítima;317,643;BR-101/RJ;Sul;Colisão Traseira;1;;1;;;;;;;;4;1;;;
14/07/2020;12:46:00;120;sem vítima;266,235;BR-101/RJ;Sul;Outros - Sequência;3;;;;;;;;;;4;;;;
14/07/2020;13:21:00;128;com vítima;262,102;BR-101/RJ;Norte;Capotamento;1;;;;;;;;;;1;1;;;
14/07/2020;14:05:00;134;sem vítima;282,762;BR-101/RJ;Norte;Colisão Transversal;1;;1;;;;;;;;2;;;;
14/07/2020;16:31:00;164;com vítima;209,75;BR-101/RJ;Sul;Capotamento;1;;;;;;;;;;0;1;;;
14/07/2020;18:57:00;180;com vítima;261,71;BR-101/RJ;Sul;Capotamento;1;;;;;;;;;;1;1;;;
14/07/2020;23:34:00;207;sem vítima;91,88;BR-101/RJ;Norte;Choque - Defensa, barreira ou "submarino";1;;;;;;;;;;1;;;;
15/07/2020;00:36:00;4;com vítima;63,312;BR-101/RJ;Norte;Colisão Transversal;1;;1;;;;;;;;3;1;;;
15/07/2020;00:37:00;5;sem vítima;75,8;BR-101/RJ;Norte;Choque - Objeto sobre a pista;1;;;;;;;;;;1;;;;
15/07/2020;05:07:00;17;sem vítima;82,666;BR-101/RJ;Norte;Choque - Outros;;;1;;;;;;;;1;;;;
15/07/2020;05:14:00;18;sem vítima;282,756;BR-101/RJ;Norte;Choque - Defensa, barreira ou "submarino";1;;;;;;;;;;1;;;;
15/07/2020;05:57:00;24;sem vítima;263,142;BR-101/RJ;Norte;Choque - Defensa, barreira ou "submarino";1;;;;;;;;;;1;;;;
15/07/2020;06:50:00;28;com vítima;87,268;BR-101/RJ;Norte;Capotamento;1;;;;;;;;;;0;1;;;
15/07/2020;08:44:00;58;sem vítima;319,265;BR-101/RJ;Sul;Colisão Traseira;1;;;;;1;;;;;2;;;;
15/07/2020;10:11:00;73;sem vítima;65,963;BR-101/RJ;Sul;Colisão Traseira;1;;1;;;;;;;;2;;;;
15/07/2020;12:24:00;110;com vítima;76,953;BR-101/RJ;Norte;Tombamento;;;;1;;;;;;;0;1;;;
15/07/2020;12:28:00;111;com vítima;77,121;BR-101/RJ;Norte;Colisão Traseira;1;;;;;;;;;1;2;2;;;
15/07/2020;14:53:00;130;com vítima;295,458;BR-101/RJ;Norte;Colisão Traseira;2;;;;;;;;;;0;1;;;1
15/07/2020;16:54:00;141;sem vítima;314,877;BR-101/RJ;Norte;Choque - Defensa, barreira ou "submarino";1;;;;;;;;;;2;;;;
16/07/2020;08:12:00;45;sem vítima;228,304;BR-101/RJ;Norte;Choque - Defensa, barreira ou "submarino";1;;;;;;;;;;1;;;;
16/07/2020;11:26:00;102;sem vítima;74,571;BR-101/RJ;Sul;Engavetamento;3;;;;;;;;;;3;;;;
16/07/2020;12:44:00;112;sem vítima;320,885;BR-101/RJ;Norte;Choque - Defensa, barreira ou "submarino";;;1;;;;;;;1;3;;;;
17/07/2020;04:12:00;12;com vítima;201,6;BR-101/RJ;Sul;Atropelamento de Animal;1;;;;;;;;;;0;1;;;
17/07/2020;07:26:00;29;com vítima;289,307;BR-101/RJ;Norte;Colisão Traseira;1;;1;;;;;;;;7;1;;;
17/07/2020;08:16:00;39;com vítima;80,102;BR-101/RJ;Norte;Capotamento;1;;;;;;;;;;0;;1;3;
17/07/2020;14:59:00;145;com vítima;60,189;BR-101/RJ;Sul;Colisão Transversal;1;;;1;;;;;;;1;1;;;
17/07/2020;16:34:00;169;sem vítima;66,495;BR-101/RJ;Norte;Engavetamento;1;;;;;2;;;;;3;;;;
17/07/2020;18:12:00;184;com vítima;245,343;BR-101/RJ;Sul;Colisão Traseira;2;;;1;;;;;;;1;1;;;1
17/07/2020;19:15:00;192;sem vítima;36,908;BR-101/RJ;Sul;Outros;1;;;;;;;;;;2;;;;
18/07/2020;00:27:00;4;sem vítima;296,387;BR-101/RJ;Sul;Colisão Traseira;2;;;;;;;;;;2;;;;
18/07/2020;11:05:00;72;sem vítima;299,7;BR-101/RJ;Sul;Choque - Defensa, barreira ou "submarino";;;1;;;;;;;;1;;;;
18/07/2020;11:26:00;78;sem vítima;297,777;BR-101/RJ;Norte;Colisão Lateral;1;;1;;;;;;;;2;;;;
18/07/2020;12:16:00;87;com vítima;304,675;BR-101/RJ;Norte;Tombamento;;;;1;;;;;;;1;1;;;
18/07/2020;12:26:00;90;com vítima;102,88;BR-101/RJ;Norte;Tombamento;;;;1;;;;;;;0;;1;;
18/07/2020;15:06:00;111;sem vítima;311,143;BR-101/RJ;Sul;Choque - Defensa, barreira ou "submarino";1;;;;;;;;;;3;;;;
18/07/2020;16:03:00;118;sem vítima;35,6;BR-101/RJ;Norte;Choque - Defensa, barreira ou "submarino";1;;;;;;;;;;2;;;;
19/07/2020;05:06:00;26;com vítima;81,022;BR-101/RJ;Norte;Colisão Traseira;1;;;1;;;;;;;6;1;;;
19/07/2020;06:24:00;29;sem vítima;297,2;BR-101/RJ;Norte;Choque - Arvore;1;;;;;;;;;;1;;;;
19/07/2020;11:10:00;72;com vítima;51,257;BR-101/RJ;Sul;Tombamento;;1;;;;;;;;;0;1;;;
19/07/2020;13:27:00;89;sem vítima;318,263;BR-101/RJ;Sul;Colisão Transversal;2;;;;;;;;;;3;;;;
19/07/2020;15:41:00;111;com vítima;307,078;BR-101/RJ;Sul;Tombamento;;;;1;;;;;;;0;1;;;
19/07/2020;16:00:00;114;sem vítima;286,598;BR-101/RJ;Norte;Choque - Defensa, barreira ou "submarino";1;;;;;;;;;;2;;;;
19/07/2020;16:24:00;119;com vítima;299,7;BR-101/RJ;Sul;Outros;;;;;;1;;;;;1;1;;;
19/07/2020;18:21:00;131;com vítima;272,042;BR-101/RJ;Sul;Engavetamento;3;;;;;;;;;;7;1;;;
19/07/2020;19:46:00;142;sem vítima;293,832;BR-101/RJ;Sul;Engavetamento;3;;;;;;;;;;7;;;;
19/07/2020;20:38:00;144;sem vítima;244,439;BR-101/RJ;Norte;Atropelamento de Animal;2;;;;;;;;;;7;;;;
19/07/2020;21:57:00;149;com vítima;190,813;BR-101/RJ;Sul;Tombamento;;;;1;;;;;;;0;1;;;
19/07/2020;22:10:00;151;com vítima;99,96;BR-101/RJ;Sul;Capotamento;1;;;;;1;;;;;2;;1;;
20/07/2020;07:09:00;35;sem vítima;309,475;BR-101/RJ;Norte;Choque - Elemento de Drenagem;1;;;;;;;;;;1;;;;
20/07/2020;07:42:00;46;sem vítima;296,8;BR-101/RJ;Sul;Engavetamento;3;;;;;;;;;;5;;;;
20/07/2020;08:02:00;50;sem vítima;319,794;BR-101/RJ;Sul;Engavetamento;3;;;;;;;;;;7;;;;
20/07/2020;09:55:00;75;sem vítima;316,4;BR-101/RJ;Sul;Colisão Traseira;1;;;1;;;;;;;2;;;;
20/07/2020;12:53:00;102;sem vítima;314,3;BR-101/RJ;Sul;Colisão Traseira;2;;;;;;;;;;4;;;;