data;horario;n_da_ocorrencia;tipo_de_ocorrencia;km;trecho;sentido;tipo_de_acidente;automovel;bicicleta;caminhao;moto;onibus;outros;tracao_animal;transporte_de_cargas_especiais;trator_maquinas;utilitarios;ilesos;levemente_feridos;moderadamente_feridos;gravemente_feridos;mortos
06/09/2020;06:45:00;33;3 - Acidente com Danos Materiais;306,721;BR-101/RJ;Norte;Choque - Defensa, barreira ou "submarino";1;;;;;;;;;;6;;;;
06/09/2020;08:25:00;47;2 - Acidente com VITIMA;315,918;BR-101/RJ;Norte;Colisão Traseira;;;1;1;;;;;;;1;2;;;
06/09/2020;12:59:00;92;1 - Acidente com Vitima Fatal;156,107;BR-101/RJ;Sul;Colisão Frontal;1;;1;;;;;;;;5;;;;4
06/09/2020;16:05:00;119;3 - Acidente com Danos Materiais;286,01;BR-101/RJ;Sul;Colisão Lateral;2;;;;;;;;;;5;;;;
06/09/2020;16:17:00;121;2 - Acidente com VITIMA;320,952;BR-101/RJ;Norte;Tombamento;;;;1;;;;;;;0;;1;;
06/09/2020;19:38:00;140;2 - Acidente com VITIMA;242,451;BR-101/RJ;Sul;Colisão Traseira;2;;;;;;;;;;4;3;;;
07/09/2020;04:48:00;20;3 - Acidente com Danos Materiais;269,249;BR-101/RJ;Norte;Choque - Elemento de Drenagem;1;;;;;;;;;;1;;;;
07/09/2020;06:59:00;32;2 - Acidente com VITIMA;282,826;BR-101/RJ;Sul;Choque - Defensa, barreira ou "submarino";1;;;;;;;;;;0;2;;;
07/09/2020;08:27:00;50;3 - Acidente com Danos Materiais;179,596;BR-101/RJ;Sul;Colisão Traseira;2;;;;;;;;;;6;;;;
07/09/2020;11:51:00;85;2 - Acidente com VITIMA;294,777;BR-101/RJ;Sul;Colisão Lateral;1;;;;;1;;;;;2;;1;;
07/09/2020;17:22:00;156;1 - Acidente com Vitima Fatal;216,843;BR-101/RJ;Norte;Outros - Sequência;2;;1;;;;;;;1;3;1;;;2
07/09/2020;17:33:00;160;2 - Acidente com VITIMA;81,337;BR-101/RJ;Sul;Colisão Traseira;2;;;;;;;;;;2;4;;;
07/09/2020;17:53:00;161;2 - Acidente com VITIMA;56,338;BR-101/RJ;Norte;Colisão Traseira;1;;;1;;;;;;;5;1;;;
07/09/2020;18:32:00;171;2 - Acidente com VITIMA;271,377;BR-101/RJ;Sul;Atropelamento - Outros;1;;;;;1;;;;;2;;;1;
07/09/2020;19:10:00;179;3 - Acidente com Danos Materiais;217,791;BR-101/RJ;Sul;Engavetamento;2;;;;1;;;;;;7;;;;
07/09/2020;22:11:00;203;3 - Acidente com Danos Materiais;119,863;BR-101/RJ;Norte;Atropelamento de Animal;1;;;;;;;;;;1;;;;
08/09/2020;05:43:00;24;3 - Acidente com Danos Materiais;205,293;BR-101/RJ;Sul;Colisão Traseira;2;;;;;;;;;;4;;;;
08/09/2020;06:34:00;31;3 - Acidente com Danos Materiais;304,127;BR-101/RJ;Sul;Engavetamento;3;;;;;1;;;;;12;;;;
08/09/2020;07:55:00;58;2 - Acidente com VITIMA;88,58;BR-101/RJ;Norte;Capotamento;1;;;;;;;;;;1;;1;;
08/09/2020;08:19:00;72;2 - Acidente com VITIMA;57,883;BR-101/RJ;Sul;Engavetamento;3;;;;;1;;;;;4;1;;;
08/09/2020;08:21:00;74;3 - Acidente com Danos Materiais;310,614;BR-101/RJ;Sul;Colisão Traseira;2;;;;;;;;;;6;;;;
08/09/2020;08:26:00;78;2 - Acidente com VITIMA;287,879;BR-101/RJ;Norte;Choque - Defensa, barreira ou "submarino";1;;;;;;;;;;0;1;;;
08/09/2020;09:11:00;92;2 - Acidente com VITIMA;282,826;BR-101/RJ;Sul;Tombamento;;;;1;;;;;;;0;;1;;
08/09/2020;15:10:00;183;3 - Acidente com Danos Materiais;252,881;BR-101/RJ;Sul;Colisão Traseira;2;;;;;;;;;;2;;;;
08/09/2020;17:52:00;233;2 - Acidente com VITIMA;276,428;BR-101/RJ;Sul;Colisão Traseira;;;;1;;1;;;;;1;1;;;
09/09/2020;09:05:00;65;2 - Acidente com VITIMA;56,7;BR-101/RJ;Sul;Colisão Transversal;;;1;;;;;;;1;1;1;1;;
09/09/2020;09:30:00;74;2 - Acidente com VITIMA;268,1;BR-101/RJ;Sul;Colisão Traseira;2;;;;;;;;;;7;1;;;
09/09/2020;18:29:00;164;2 - Acidente com VITIMA;276,429;BR-101/RJ;Sul;Colisão Lateral;2;;;;;;;;;;4;;2;;
09/09/2020;21:51:00;185;2 - Acidente com VITIMA;69,7;BR-101/RJ;Norte;Colisão Lateral;;1;;;;1;;;;;2;1;;;
10/09/2020;02:44:00;14;3 - Acidente com Danos Materiais;46,001;BR-101/RJ;Norte;Atropelamento de Animal;;;1;;;;;;;;1;;;;
10/09/2020;04:33:00;23;2 - Acidente com VITIMA;313,556;BR-101/RJ;Norte;Choque - Poste;1;;;;;;;;;;0;1;;;
10/09/2020;07:27:00;42;2 - Acidente com VITIMA;140,35;BR-101/RJ;Norte;Tombamento;;;;1;;;;;;;0;1;;;
10/09/2020;10:16:00;85;2 - Acidente com VITIMA;64,542;BR-101/RJ;Sul;Colisão Traseira;1;;;1;;;;;;;1;1;;;
10/09/2020;14:21:00;147;2 - Acidente com VITIMA;65,644;BR-101/RJ;Sul;Colisão Transversal;1;;;1;;;;;;;1;1;;;
10/09/2020;16:51:00;178;3 - Acidente com Danos Materiais;293,27;BR-101/RJ;Sul;Colisão Traseira;2;;;;;;;;;;5;;;;
10/09/2020;17:15:00;186;2 - Acidente com VITIMA;65,2;BR-101/RJ;Sul;Colisão Frontal;;1;;1;;;;;;;1;1;;;
10/09/2020;18:16:00;193;2 - Acidente com VITIMA;61,2;BR-101/RJ;Sul;Colisão Transversal;1;;;;;;;;;1;1;1;;;
10/09/2020;18:58:00;201;3 - Acidente com Danos Materiais;316,597;BR-101/RJ;Sul;Choque - Suporte de Sinalização;1;;;;;;;;;;1;;;;
10/09/2020;19:05:00;203;3 - Acidente com Danos Materiais;292,237;BR-101/RJ;Norte;Choque - Outros;1;;;;;;;;;;1;;;;
11/09/2020;10:25:00;75;3 - Acidente com Danos Materiais;314,564;BR-101/RJ;Norte;Colisão Traseira;1;;;;;1;;;;;2;;;;
11/09/2020;14:43:00;123;2 - Acidente com VITIMA;294,775;BR-101/RJ;Norte;Colisão Traseira;3;;;;;;;;;;4;1;;;
12/09/2020;05:35:00;30;3 - Acidente com Danos Materiais;295,672;BR-101/RJ;Sul;Choque - Defensa, barreira ou "submarino";1;;;;;;;;;;1;;;;
12/09/2020;06:32:00;33;2 - Acidente com VITIMA;306,025;BR-101/RJ;Sul;Colisão Lateral;1;;;1;;;;;;;1;1;;;
12/09/2020;07:26:00;43;3 - Acidente com Danos Materiais;309,353;BR-101/RJ;Norte;Colisão Lateral;3;;;;;;;;;;7;;;;
12/09/2020;08:06:00;46;3 - Acidente com Danos Materiais;290,411;BR-101/RJ;Sul;Choque - Talude;1;;;;;;;;;;1;;;;
12/09/2020;08:50:00;53;2 - Acidente com VITIMA;248,603;BR-101/RJ;Sul;Colisão Traseira;2;;;;;;;;;;3;1;;;
12/09/2020;10:15:00;72;3 - Acidente com Danos Materiais;314,89;BR-101/RJ;Norte;Colisão Traseira;1;;;;;1;;;;;2;;;;
12/09/2020;10:19:00;74;3 - Acidente com Danos Materiais;115,043;BR-101/RJ;Sul;Choque - Talude;1;;;;;;;;;;4;;;;
12/09/2020;11:17:00;84;3 - Acidente com Danos Materiais;318,315;BR-101/RJ;Norte;Colisão Traseira;1;;1;;;;;;;;5;;;;
12/09/2020;13:14:00;109;3 - Acidente com Danos Materiais;213,368;BR-101/RJ;Sul;Colisão Lateral;1;;1;;;;;;;;2;;;;
12/09/2020;13:27:00;111;2 - Acidente com VITIMA;315,286;BR-101/RJ;Norte;Capotamento;1;;;;;;;;;;0;1;;;
12/09/2020;13:29:00;113;2 - Acidente com VITIMA;295,7;BR-101/RJ;Norte;Colisão Traseira;1;;;1;;;;;;;1;2;;;
12/09/2020;14:30:00;123;3 - Acidente com Danos Materiais;258,14;BR-101/RJ;Norte;Choque - Defensa, barreira ou "submarino";1;;;;;;;;;;4;;;;
12/09/2020;15:53:00;136;2 - Acidente com VITIMA;46,942;BR-101/RJ;Sul;Colisão Lateral;;;1;1;;;;;;;1;;1;;
12/09/2020;21:16:00;187;3 - Acidente com Danos Materiais;261,5;BR-101/RJ;Norte;Colisão Traseira;1;;1;;;;;;;;2;;;;
12/09/2020;22:28:00;192;2 - Acidente com VITIMA;320,985;BR-101/RJ;Norte;Choque - Defensa, barreira ou "submarino";;;;1;;;;;;;0;;1;;
13/09/2020;05:12:00;14;1 - Acidente com Vitima Fatal;293,447;BR-101/RJ;Norte;Tombamento;;;;1;;;;;;;0;1;;;1
13/09/2020;15:13:00;85;2 - Acidente com VITIMA;172,501;BR-101/RJ;Norte;Colisão Frontal;2;;;;;;;;;;0;1;6;;
13/09/2020;17:24:00;112;3 - Acidente com Danos Materiais;262,949;BR-101/RJ;Sul;Engavetamento;3;;;;;1;;;;;6;;;;
13/09/2020;17:36:00;115;2 - Acidente com VITIMA;171,114;BR-101/RJ;Norte;Saida de Pista;1;;;;;;;;;;2;3;;;
13/09/2020;22:45:00;159;1 - Acidente com Vitima Fatal;254,955;BR-101/RJ;Sul;Capotamento;1;;;;;;;;;;1;;;;1
14/09/2020;14:15:00;127;2 - Acidente com VITIMA;59,451;BR-101/RJ;Sul;Colisão Transversal;;1;;;;1;;;;;1;1;;;
14/09/2020;15:36:00;155;3 - Acidente com Danos Materiais;269,348;BR-101/RJ;Sul;Colisão Lateral;2;;;;;;;;;;5;;;;
15/09/2020;07:03:00;36;3 - Acidente com Danos Materiais;320,9;BR-101/RJ;Norte;Choque - Defensa, barreira ou "submarino";1;;;;;;;;;;1;;;;
15/09/2020;07:42:00;51;3 - Acidente com Danos Materiais;318,115;BR-101/RJ;Sul;Colisão Traseira;1;;;;;1;;;;;3;;;;
15/09/2020;10:45:00;99;3 - Acidente com Danos Materiais;305,013;BR-101/RJ;Norte;Engavetamento;4;;;;;1;;;;1;11;;;;
15/09/2020;11:43:00;117;3 - Acidente com Danos Materiais;297,762;BR-101/RJ;Norte;Colisão Traseira;2;;;;;;;;;;3;;;;
15/09/2020;12:12:00;122;3 - Acidente com Danos Materiais;297,452;BR-101/RJ;Sul;Colisão Lateral;;;1;;1;;;;;;4;;;;
15/09/2020;12:41:00;129;2 - Acidente com VITIMA;297,49;BR-101/RJ;Sul;Outros - Sequência;3;;;;;;;;;1;4;1;;;
15/09/2020;15:40:00;155;3 - Acidente com Danos Materiais;276,415;BR-101/RJ;Sul;Colisão Traseira;2;;;;;;;;;;2;;;;
15/09/2020;17:36:00;175;2 - Acidente com VITIMA;282,754;BR-101/RJ;Sul;Colisão Traseira;1;;;1;;;;;;;5;2;;;
15/09/2020;21:08:00;205;2 - Acidente com VITIMA;313,335;BR-101/RJ;Sul;Colisão Lateral;;;;1;;1;;;;;1;1;;;
15/09/2020;21:31:00;208;3 - Acidente com Danos Materiais;302,948;BR-101/RJ;Norte;Choque - Defensa, barreira ou "submarino";2;;;;;;;;;;2;;;;
16/09/2020;04:16:00;16;3 - Acidente com Danos Materiais;69,92;BR-101/RJ;Sul;Atropelamento de Animal;1;;;;;;;;;;3;;;;
16/09/2020;06:24:00;24;3 - Acidente com Danos Materiais;262,136;BR-101/RJ;Norte;Choque - Defensa, barreira ou "submarino";1;;;;;;;;;;2;;;;
16/09/2020;07:40:00;34;2 - Acidente com VITIMA;61,161;BR-101/RJ;Norte;Colisão Transversal;1;;;1;;;;;;;2;1;;;
16/09/2020;18:54:00;171;2 - Acidente com VITIMA;256,972;BR-101/RJ;Norte;Tombamento;;;;1;;;;;;;0;2;;;
17/09/2020;07:47:00;51;3 - Acidente com Danos Materiais;318,513;BR-101/RJ;Sul;Colisão Lateral;1;;;1;;;;;;;2;;;;
17/09/2020;14:52:00;141;2 - Acidente com VITIMA;206,22;BR-101/RJ;Sul;Colisão Transversal;1;;;1;;;;;;;1;1;;;
18/09/2020;01:12:00;4;2 - Acidente com VITIMA;175,22;BR-101/RJ;Sul;Tombamento;;;1;;;;;;;;0;1;;;
18/09/2020;14:22:00;134;3 - Acidente com Danos Materiais;297,757;BR-101/RJ;Norte;Colisão Lateral;1;;1;;;;;;;;2;;;;
19/09/2020;02:00:00;9;3 - Acidente com Danos Materiais;285,234;BR-101/RJ;Sul;Choque - Defensa, barreira ou "submarino";1;;;;;;;;;;4;;;;
19/09/2020;04:51:00;15;3 - Acidente com Danos Materiais;181,627;BR-101/RJ;Sul;Objeto lançado contra veículo;1;;1;;;;;;;;2;;;;
19/09/2020;07:44:00;35;2 - Acidente com VITIMA;282,792;BR-101/RJ;Norte;Colisão Traseira;;;;1;;1;;;;;1;2;;;
19/09/2020;07:54:00;36;2 - Acidente com VITIMA;284,566;BR-101/RJ;Sul;Colisão Lateral;2;;;;;;;;;;3;2;;;
19/09/2020;08:12:00;39;3 - Acidente com Danos Materiais;293,65;BR-101/RJ;Sul;Colisão Lateral;1;;;;;1;;;;;2;;;;
19/09/2020;08:43:00;45;3 - Acidente com Danos Materiais;58,605;BR-101/RJ;Sul;Engavetamento;1;;;;;2;;;;;3;;;;
19/09/2020;08:56:00;50;2 - Acidente com VITIMA;136,528;BR-101/RJ;Norte;Tombamento;;;;1;;;;;;;0;1;1;;
19/09/2020;14:00:00;110;3 - Acidente com Danos Materiais;53,15;BR-101/RJ;Norte;Colisão Lateral;2;;;;;;;;;;3;;;;
19/09/2020;16:37:00;134;2 - Acidente com VITIMA;46,299;BR-101/RJ;Sul;Colisão Transversal;1;;;1;;;;;;;1;;1;;
19/09/2020;20:52:00;161;3 - Acidente com Danos Materiais;235,985;BR-101/RJ;Sul;Choque - Suporte de Sinalização;1;;;;;;;;;;1;;;;
20/09/2020;00:55:00;8;2 - Acidente com VITIMA;307,953;BR-101/RJ;Norte;Colisão Lateral;1;;;1;;1;;;;;2;1;;;
20/09/2020;04:50:00;22;2 - Acidente com VITIMA;278,46;BR-101/RJ;Norte;Tombamento;;;;1;;;;;;;1;1;;;
20/09/2020;05:51:00;26;3 - Acidente com Danos Materiais;272,364;BR-101/RJ;Norte;Choque - Outros;1;;;;;;;;;;3;;;;
20/09/2020;07:23:00;32;2 - Acidente com VITIMA;111,735;BR-101/RJ;Sul;Saida de Pista;;;1;;;;;;;;0;1;;;
20/09/2020;07:44:00;35;3 - Acidente com Danos Materiais;266,959;BR-101/RJ;Norte;Outros - Sequência;1;;;;;1;;;;;2;;;;
20/09/2020;11:11:00;67;3 - Acidente com Danos Materiais;122,4;BR-101/RJ;Sul;Colisão Traseira;1;;1;;;;;;;;3;;;;
20/09/2020;12:51:00;76;3 - Acidente com Danos Materiais;288,976;BR-101/RJ;Sul;Colisão Traseira;;;2;;;;;;;;2;;;;
20/09/2020;13:27:00;82;2 - Acidente com VITIMA;316,869;BR-101/RJ;Sul;Choque - Defensa, barreira ou "submarino";;;;;;;;;;1;0;1;;;
20/09/2020;14:57:00;91;2 - Acidente com VITIMA;56,1;BR-101/RJ;Norte;Tombamento;;;;1;;;;;;;0;2;;;
20/09/2020;15:36:00;99;3 - Acidente com Danos Materiais;236,08;BR-101/RJ;Sul;Colisão Traseira;1;;;;;1;;;;;2;;;;
20/09/2020;16:43:00;117;2 - Acidente com VITIMA;60,776;BR-101/RJ;Norte;Colisão Transversal;;;1;1;;;;;;;1;2;;;
20/09/2020;19:52:00;157;2 - Acidente com VITIMA;267,481;BR-101/RJ;Sul;Colisão Traseira;2;;;;;;;;;;6;1;;;
20/09/2020;20:27:00;159;1 - Acidente com Vitima Fatal;276,474;BR-101/RJ;Norte;Atropelamento - Andarilho;;;1;;;;;;;;1;;;;1
20/09/2020;23:45:00;173;3 - Acidente com Danos Materiais;210,15;BR-101/RJ;Sul;Choque - Defensa, barreira ou "submarino";1;;;;;;;;;;2;;;;
21/09/2020;04:43:00;20;3 - Acidente com Danos Materiais;296,364;BR-101/RJ;Sul;Colisão Traseira;2;;;;;;;;;;5;;;;
21/09/2020;04:43:00;22;3 - Acidente com Danos Materiais;296,364;BR-101/RJ;Sul;Choque - Defensa, barreira ou "submarino";1;;;;;;;;;;1;;;;
21/09/2020;05:00:00;23;3 - Acidente com Danos Materiais;320,8;BR-101/RJ;Norte;Choque - Defensa, barreira ou "submarino";1;;;;;;;;;;1;;;;
21/09/2020;06:29:00;29;3 - Acidente com Danos Materiais;236,552;BR-101/RJ;Sul;Choque - Talude;1;;;;;;;;;;1;;;;
21/09/2020;06:33:00;31;2 - Acidente com VITIMA;196,372;BR-101/RJ;Sul;Capotamento;1;;;;;;;;;;0;1;;;
21/09/2020;06:34:00;32;3 - Acidente com Danos Materiais;215,9;BR-101/RJ;Norte;Choque - Defensa, barreira ou "submarino";1;;;;;;;;;;1;;;;
21/09/2020;06:42:00;36;3 - Acidente com Danos Materiais;194,454;BR-101/RJ;Sul;Choque - Defensa, barreira ou "submarino";;;;;;;;;;1;1;;;;
21/09/2020;07:58:00;50;3 - Acidente com Danos Materiais;278,46;BR-101/RJ;Sul;Choque - Outros;1;;;;;;;;;;1;;;;
21/09/2020;08:05:00;51;3 - Acidente com Danos Materiais;190,424;BR-101/RJ;Norte;Choque - Defensa, barreira ou "submarino";1;;;;;;;;;;1;;;;
21/09/2020;08:10:00;53;3 - Acidente com Danos Materiais;307,544;BR-101/RJ;Sul;Colisão Traseira;2;;;;;;;;;;5;;;;
21/09/2020;08:45:00;60;2 - Acidente com VITIMA;209,351;BR-101/RJ;Norte;Choque - Defensa, barreira ou "submarino";1;;;;;;;;;;0;;1;;
21/09/2020;09:17:00;69;2 - Acidente com VITIMA;87,05;BR-101/RJ;Sul;Choque - Defensa, barreira ou "submarino";1;;;;;;;;;;0;1;;;
21/09/2020;11:44:00;106;3 - Acidente com Danos Materiais;205,12;BR-101/RJ;Norte;Choque - Defensa, barreira ou "submarino";1;;;;;;;;;;2;;;;
21/09/2020;17:32:00;162;3 - Acidente com Danos Materiais;299,21;BR-101/RJ;Sul;Colisão Traseira;2;;;;;;;;;;3;;;;
21/09/2020;17:55:00;165;2 - Acidente com VITIMA;320,514;BR-101/RJ;Norte;Colisão Lateral;;;;1;;1;;;;;1;1;;;
21/09/2020;21:51:00;189;3 - Acidente com Danos Materiais;214,15;BR-101/RJ;Norte;Choque - Defensa, barreira ou "submarino";1;;;;;;;;;;4;;;;
22/09/2020;03:41:00;11;3 - Acidente com Danos Materiais;76,649;BR-101/RJ;Sul;Engavetamento;2;;;;;1;;;;;8;;;;
22/09/2020;05:50:00;14;3 - Acidente com Danos Materiais;180,436;BR-101/RJ;Sul;Choque - Suporte de Sinalização;;;1;;;;;;;;3;;;;
22/09/2020;08:14:00;42;3 - Acidente com Danos Materiais;196,421;BR-101/RJ;Sul;Saida de Pista;1;;;;;;;;;;1;;;;
22/09/2020;10:01:00;67;3 - Acidente com Danos Materiais;64,016;BR-101/RJ;Norte;Colisão Lateral;1;;1;;;;;;;;2;;;;
22/09/2020;10:52:00;75;3 - Acidente com Danos Materiais;297,319;BR-101/RJ;Sul;Engavetamento;3;;;;;;;;;;3;;;;
22/09/2020;10:55:00;76;3 - Acidente com Danos Materiais;144,449;BR-101/RJ;Sul;Choque - Talude;1;;;;;;;;;;1;;;;
22/09/2020;11:32:00;88;3 - Acidente com Danos Materiais;90,131;BR-101/RJ;Sul;Capotamento;1;;;;;;;;;;2;;;;
22/09/2020;12:18:00;100;2 - Acidente com VITIMA;58,554;BR-101/RJ;Sul;Colisão Traseira;2;;;;;;;;;;0;4;;;
22/09/2020;13:42:00;115;3 - Acidente com Danos Materiais;307,069;BR-101/RJ;Norte;Colisão Traseira;2;;;;;;;;;;3;;;;
22/09/2020;14:17:00;118;2 - Acidente com VITIMA;247,779;BR-101/RJ;Sul;Capotamento;1;;;;;;;;;;0;4;;;
22/09/2020;14:25:00;119;2 - Acidente com VITIMA;308,374;BR-101/RJ;Norte;Tombamento;;;;1;;;;;;;0;1;;;
22/09/2020;14:30:00;120;3 - Acidente com Danos Materiais;86,586;BR-101/RJ;Norte;Choque - Suporte de Sinalização;;;1;;;;;;;;2;;;;
22/09/2020;14:57:00;124;3 - Acidente com Danos Materiais;247,12;BR-101/RJ;Norte;Choque - Defensa, barreira ou "submarino";1;;;;;;;;;;1;;;;
22/09/2020;15:18:00;129;1 - Acidente com Vitima Fatal;158,088;BR-101/RJ;Norte;Colisão Frontal;1;;1;;;;;;;;0;1;1;;4
22/09/2020;17:16:00;151;3 - Acidente com Danos Materiais;205,806;BR-101/RJ;Norte;Colisão Transversal;2;;;;;;;;;;2;;;;
22/09/2020;18:12:00;157;3 - Acidente com Danos Materiais;318,985;BR-101/RJ;Sul;Colisão Traseira;1;;1;;;;;;;;4;;;;
22/09/2020;18:51:00;167;3 - Acidente com Danos Materiais;318,985;BR-101/RJ;Sul;Colisão Traseira;2;;;;;;;;;;3;;;;
22/09/2020;19:00:00;168;2 - Acidente com VITIMA;154,545;BR-101/RJ;Norte;Colisão Transversal;;;2;;;;;;;;1;1;;;
22/09/2020;19:33:00;175;2 - Acidente com VITIMA;157,173;BR-101/RJ;Norte;Tombamento;;;;1;;;;;;;0;1;;;
22/09/2020;21:11:00;194;2 - Acidente com VITIMA;164,505;BR-101/RJ;Norte;Engavetamento;1;;3;;;;;;;;5;3;;;
22/09/2020;23:04:00;211;3 - Acidente com Danos Materiais;261,832;BR-101/RJ;Sul;Choque - Elemento de Drenagem;1;;;;;;;;;;1;;;;
22/09/2020;23:46:00;215;3 - Acidente com Danos Materiais;312,652;BR-101/RJ;Norte;Colisão Traseira;1;;;;1;;;;;;2;;;;
23/09/2020;00:46:00;6;3 - Acidente com Danos Materiais;318,647;BR-101/RJ;Sul;Choque - Defensa, barreira ou "submarino";;;1;;;;;;;;1;;;;
23/09/2020;01:49:00;14;3 - Acidente com Danos Materiais;299,688;BR-101/RJ;Sul;Colisão Traseira;;;1;;;1;;;;;2;;;;
23/09/2020;04:23:00;22;2 - Acidente com VITIMA;182,33;BR-101/RJ;Sul;Choque - Defensa, barreira ou "submarino";1;;;;;;;;;;0;1;;;
23/09/2020;07:20:00;36;3 - Acidente com Danos Materiais;293,352;BR-101/RJ;Norte;Colisão Traseira;1;;;;;;;;;1;2;;;;
23/09/2020;07:41:00;41;2 - Acidente com VITIMA;310,031;BR-101/RJ;Sul;Tombamento;;;;1;;;;;;;0;2;;;
23/09/2020;08:30:00;59;3 - Acidente com Danos Materiais;81,5;BR-101/RJ;Norte;Choque - Defensa, barreira ou "submarino";1;;;;;;;;;;1;;;;
23/09/2020;09:11:00;74;3 - Acidente com Danos Materiais;314,85;BR-101/RJ;Sul;Engavetamento;3;;;;;;;;;;3;;;;
23/09/2020;15:16:00;147;3 - Acidente com Danos Materiais;83,563;BR-101/RJ;Norte;Colisão Traseira;2;;;;;;;;;;3;;;;
23/09/2020;15:43:00;151;2 - Acidente com VITIMA;314,4;BR-101/RJ;Sul;Colisão Traseira;2;;;;;;;;;;2;1;;;
23/09/2020;16:34:00;160;3 - Acidente com Danos Materiais;297,5;BR-101/RJ;Sul;Colisão Lateral;1;;;1;;;;;;;2;;;;
23/09/2020;19:46:00;196;2 - Acidente com VITIMA;314,815;BR-101/RJ;Norte;Colisão Lateral;1;;;1;;;;;;;1;1;1;;
24/09/2020;01:41:00;11;2 - Acidente com VITIMA;34,527;BR-101/RJ;Norte;Colisão Frontal;1;;1;;;;;;;;1;1;;;
24/09/2020;04:48:00;19;3 - Acidente com Danos Materiais;290,724;BR-101/RJ;Sul;Colisão Traseira;2;;;;;;;;;;5;;;;
24/09/2020;07:10:00;31;3 - Acidente com Danos Materiais;317,409;BR-101/RJ;Sul;Colisão Traseira;1;;;;;1;;;;;2;;;;
24/09/2020;07:54:00;42;2 - Acidente com VITIMA;272,535;BR-101/RJ;Sul;Choque - Defensa, barreira ou "submarino";1;;;;;;;;;;0;1;;;
24/09/2020;12:12:00;95;2 - Acidente com VITIMA;88,48;BR-101/RJ;Sul;Tombamento;;;1;;;;;;;;0;2;;;
24/09/2020;18:28:00;169;2 - Acidente com VITIMA;61,804;BR-101/RJ;Norte;Colisão Transversal;2;;;;;;;;;;1;1;;;
25/09/2020;14:43:00;140;3 - Acidente com Danos Materiais;288,971;BR-101/RJ;Sul;Colisão Lateral;2;;;;;;;;;;5;;;;
25/09/2020;17:01:00;174;3 - Acidente com Danos Materiais;297,626;BR-101/RJ;Sul;Colisão Lateral;1;;1;;;;;;;;2;;;;
25/09/2020;18:20:00;187;2 - Acidente com VITIMA;293,561;BR-101/RJ;Sul;Colisão Lateral;;;;1;;1;;;;;1;2;;;
25/09/2020;20:55:00;205;3 - Acidente com Danos Materiais;216,001;BR-101/RJ;Sul;Atropelamento de Animal;;;;;;;;;;1;1;;;;
26/09/2020;09:25:00;60;3 - Acidente com Danos Materiais;295,367;BR-101/RJ;Sul;Atropelamento de Animal;1;;;;;;;;;;3;;;;
26/09/2020;11:22:00;84;2 - Acidente com VITIMA;173,667;BR-101/RJ;Sul;Colisão Traseira;1;;1;;;;;;;;4;1;;;
26/09/2020;12:07:00;91;3 - Acidente com Danos Materiais;172,583;BR-101/RJ;Norte;Capotamento;1;;;;;;;;;;3;;;;
26/09/2020;12:51:00;99;2 - Acidente com VITIMA;71,815;BR-101/RJ;Sul;Colisão Traseira;1;;;1;;1;;;;;4;2;;;
26/09/2020;12:56:00;103;2 - Acidente com VITIMA;297,911;BR-101/RJ;Sul;Choque - Defensa, barreira ou "submarino";;;;1;;1;;;;;1;2;;;
26/09/2020;20:09:00;176;3 - Acidente com Danos Materiais;292,437;BR-101/RJ;Sul;Colisão Lateral;1;;1;;;;;;;;2;;;;
26/09/2020;23:10:00;194;2 - Acidente com VITIMA;295,798;BR-101/RJ;Sul;Outros - Sequência;2;;;;;;;;;;1;1;;;
27/09/2020;03:15:00;14;2 - Acidente com VITIMA;290,1;BR-101/RJ;Sul;Capotamento;1;;;;;;;;;;0;1;;;
27/09/2020;03:42:00;18;2 - Acidente com VITIMA;81,65;BR-101/RJ;Sul;Atropelamento - Morador;1;;;;;;;;;;1;;1;;
27/09/2020;04:00:00;20;3 - Acidente com Danos Materiais;271,363;BR-101/RJ;Norte;Choque - Elemento de Drenagem;1;;;;;;;;;;2;;;;