data;horario;n_da_ocorrencia;tipo_de_ocorrencia;km;trecho;sentido;tipo_de_acidente;automovel;bicicleta;caminhao;moto;onibus;outros;tracao_animal;transporte_de_cargas_especiais;trator_maquinas;utilitarios;ilesos;levemente_feridos;moderadamente_feridos;gravemente_feridos;mortos
17/10/2020;09:58:00;74;3 - Acidente com Danos Materiais;164,682;BR-101/RJ;Norte;Choque - Defensa, barreira ou "submarino";1;;;;;;;;;;3;;;;
17/10/2020;18:54:00;154;3 - Acidente com Danos Materiais;291,199;BR-101/RJ;Norte;Colisão Lateral;1;;1;;;;;;;;3;;;;
17/10/2020;22:42:00;177;3 - Acidente com Danos Materiais;310,988;BR-101/RJ;Sul;Colisão Traseira;2;;;;;;;;;;2;;;;
18/10/2020;05:36:00;27;3 - Acidente com Danos Materiais;271,3;BR-101/RJ;Norte;Capotamento;1;;;;;;;;;;2;;;;
19/10/2020;01:47:00;6;2 - Acidente com VITIMA;137,162;BR-101/RJ;Norte;Tombamento;;;;1;;;;;;;0;1;;;
19/10/2020;11:43:00;85;3 - Acidente com Danos Materiais;308,847;BR-101/RJ;Sul;Colisão Traseira;1;;;;;;;;;1;4;;;;
19/10/2020;11:55:00;88;3 - Acidente com Danos Materiais;308,306;BR-101/RJ;Norte;Engavetamento;2;;;;;1;;;;;3;;;;
19/10/2020;14:01:00;105;3 - Acidente com Danos Materiais;96,304;BR-101/RJ;Norte;Choque - Defensa, barreira ou "submarino";1;;;;;;;;;;1;;;;
19/10/2020;14:12:00;110;3 - Acidente com Danos Materiais;87,533;BR-101/RJ;Norte;Choque - Talude;1;;;;;;;;;;2;;;;
19/10/2020;14:26:00;111;3 - Acidente com Danos Materiais;296,223;BR-101/RJ;Norte;Engavetamento;3;;;;;;;;;;7;;;;
19/10/2020;14:27:00;113;3 - Acidente com Danos Materiais;318,379;BR-101/RJ;Norte;Choque - Defensa, barreira ou "submarino";1;;;;;;;;;;3;;;;
19/10/2020;21:44:00;175;2 - Acidente com VITIMA;309,785;BR-101/RJ;Sul;Engavetamento;3;;;;;1;;;;;5;1;;;
19/10/2020;23:03:00;184;2 - Acidente com VITIMA;320,93;BR-101/RJ;Norte;Capotamento;1;;;;;;;;;;0;1;;;
20/10/2020;06:39:00;27;2 - Acidente com VITIMA;309,027;BR-101/RJ;Sul;Engavetamento;3;;;;;;;;;;4;1;;;
20/10/2020;06:58:00;31;2 - Acidente com VITIMA;257,99;BR-101/RJ;Norte;Tombamento;;;1;;;;;;;;1;1;;;
20/10/2020;07:23:00;35;2 - Acidente com VITIMA;309,035;BR-101/RJ;Sul;Tombamento;;;;1;;;;;;;0;1;;;
20/10/2020;07:51:00;45;3 - Acidente com Danos Materiais;305,5;BR-101/RJ;Sul;Colisão Traseira;1;;;;;1;;;;;2;;;;
20/10/2020;10:49:00;87;2 - Acidente com VITIMA;277,8;BR-101/RJ;Norte;Tombamento;;;;1;;;;;;;0;2;;;
20/10/2020;16:28:00;153;3 - Acidente com Danos Materiais;261,454;BR-101/RJ;Sul;Capotamento;1;;;;;;;;;;1;;;;
20/10/2020;21:03:00;189;3 - Acidente com Danos Materiais;159,114;BR-101/RJ;Sul;Colisão Traseira;;;2;;;;;;;;2;;;;
21/10/2020;02:03:00;8;3 - Acidente com Danos Materiais;86,916;BR-101/RJ;Sul;Atropelamento de Animal;1;;;;;;;;;;4;;;;
21/10/2020;04:13:00;13;3 - Acidente com Danos Materiais;128,645;BR-101/RJ;Norte;Choque - Defensa, barreira ou "submarino";1;;;;;;;;;;1;;;;
21/10/2020;08:10:00;45;2 - Acidente com VITIMA;305,643;BR-101/RJ;Norte;Capotamento;1;;;;;;;;;;0;1;;;
21/10/2020;08:39:00;54;3 - Acidente com Danos Materiais;297,369;BR-101/RJ;Norte;Colisão Traseira;1;;;;;;;;;1;2;;;;
21/10/2020;09:08:00;62;2 - Acidente com VITIMA;57,57;BR-101/RJ;Sul;Colisão Transversal;1;;;1;;;;;;;1;;1;;
21/10/2020;09:56:00;74;2 - Acidente com VITIMA;298,558;BR-101/RJ;Sul;Colisão Traseira;2;;;;;;;;;;5;2;;;
21/10/2020;11:56:00;91;2 - Acidente com VITIMA;64,262;BR-101/RJ;Sul;Colisão Transversal;;;;1;;1;;;;;1;1;;;
21/10/2020;18:16:00;155;3 - Acidente com Danos Materiais;318,654;BR-101/RJ;Norte;Colisão Lateral;1;;;;1;;;;;;2;;;;
22/10/2020;08:42:00;59;3 - Acidente com Danos Materiais;312,487;BR-101/RJ;Sul;Colisão Traseira;1;;;;;1;;;;;2;;;;
22/10/2020;11:41:00;100;3 - Acidente com Danos Materiais;208,004;BR-101/RJ;Norte;Atropelamento de Animal;1;;;;;;;;;;1;;;;
22/10/2020;13:20:00;124;3 - Acidente com Danos Materiais;110,841;BR-101/RJ;Norte;Colisão Traseira;1;;;;;1;;;;;2;;;;
22/10/2020;20:47:00;202;3 - Acidente com Danos Materiais;112,315;BR-101/RJ;Sul;Atropelamento de Animal;1;;;;;;;;;;1;;;;
22/10/2020;23:43:00;210;3 - Acidente com Danos Materiais;295,907;BR-101/RJ;Norte;Colisão Traseira;2;;;;;;;;;;2;;;;
23/10/2020;06:03:00;23;3 - Acidente com Danos Materiais;262,556;BR-101/RJ;Norte;Colisão Lateral;1;;1;;;1;;;;;3;;;;
23/10/2020;13:05:00;121;2 - Acidente com VITIMA;295,8;BR-101/RJ;Norte;Engavetamento;3;;;;;;;;;;5;2;;;
23/10/2020;13:41:00;125;3 - Acidente com Danos Materiais;295,8;BR-101/RJ;Norte;Colisão Traseira;2;;;;;;;;;;2;;;;
23/10/2020;14:21:00;126;3 - Acidente com Danos Materiais;63,05;BR-101/RJ;Sul;Colisão Traseira;2;;;;;;;;;;2;;;;
23/10/2020;19:13:00;173;2 - Acidente com VITIMA;27,499;BR-101/RJ;Norte;Atropelamento - Andarilho;;;;;;1;;;;;1;;;1;
23/10/2020;20:52:00;188;2 - Acidente com VITIMA;274,562;BR-101/RJ;Norte;Colisão Frontal;2;;;;;;;;;;1;1;;;
23/10/2020;21:10:00;192;2 - Acidente com VITIMA;104,484;BR-101/RJ;Norte;Colisão Traseira;2;;;;;;;;;;2;;2;;
24/10/2020;01:51:00;7;3 - Acidente com Danos Materiais;223,92;BR-101/RJ;Sul;Choque - Defensa, barreira ou "submarino";;;1;;;;;;;;1;;;;
24/10/2020;03:02:00;14;2 - Acidente com VITIMA;61,717;BR-101/RJ;Norte;Colisão Traseira;2;;;;;;;;;;1;1;;;
24/10/2020;11:00:00;67;2 - Acidente com VITIMA;295,7;BR-101/RJ;Sul;Colisão Traseira;;;;1;;;;;;1;1;1;1;;
24/10/2020;12:10:00;78;3 - Acidente com Danos Materiais;308,04;BR-101/RJ;Norte;Engavetamento;1;;;1;;1;;;;;3;;;;
24/10/2020;18:39:00;136;3 - Acidente com Danos Materiais;293,273;BR-101/RJ;Sul;Colisão Traseira;1;;;;;;;;;1;2;;;;
24/10/2020;18:59:00;141;3 - Acidente com Danos Materiais;315,95;BR-101/RJ;Norte;Colisão Lateral;1;;1;;;;;;;;2;;;;
24/10/2020;19:13:00;145;2 - Acidente com VITIMA;275,12;BR-101/RJ;Norte;Engavetamento;1;;2;;;;;;;;6;1;;;
24/10/2020;19:14:00;146;2 - Acidente com VITIMA;53,639;BR-101/RJ;Sul;Choque - Outros;1;;;;;;;;;;5;1;;;
25/10/2020;06:27:00;16;3 - Acidente com Danos Materiais;87,03;BR-101/RJ;Norte;Capotamento;1;;;;;;;;;;1;;;;
25/10/2020;08:07:00;30;3 - Acidente com Danos Materiais;196,383;BR-101/RJ;Sul;Choque - Defensa, barreira ou "submarino";1;;;;;;;;;;1;;;;
25/10/2020;09:08:00;35;3 - Acidente com Danos Materiais;304,412;BR-101/RJ;Sul;Colisão Lateral;1;;;1;;;;;;;5;;;;
25/10/2020;09:50:00;41;3 - Acidente com Danos Materiais;296,381;BR-101/RJ;Norte;Choque - Outros;1;;;;;;;;;;1;;;;
25/10/2020;10:05:00;42;2 - Acidente com VITIMA;279,031;BR-101/RJ;Sul;Colisão Lateral;;;;1;;1;;;;;1;1;;;
25/10/2020;14:06:00;83;2 - Acidente com VITIMA;270,083;BR-101/RJ;Norte;Colisão Lateral;;;;2;;;;;;;0;2;;;
25/10/2020;15:33:00;97;3 - Acidente com Danos Materiais;229,525;BR-101/RJ;Sul;Choque - Outros;1;;;;;;;;;;1;;;;
25/10/2020;17:38:00;111;2 - Acidente com VITIMA;198,361;BR-101/RJ;Sul;Capotamento;1;;;;;;;;;;0;;2;;
25/10/2020;18:26:00;117;2 - Acidente com VITIMA;307,562;BR-101/RJ;Sul;Colisão Lateral;1;;;1;;;;;;;2;1;;;
25/10/2020;18:39:00;120;3 - Acidente com Danos Materiais;237,076;BR-101/RJ;Norte;Colisão Lateral;1;;1;;;;;;;;5;;;;
25/10/2020;19:44:00;128;2 - Acidente com VITIMA;68,634;BR-101/RJ;Sul;Choque - Suporte de Sinalização;;;;1;;;;;;;0;1;;;
26/10/2020;00:10:00;2;2 - Acidente com VITIMA;194,621;BR-101/RJ;Norte;Tombamento;;;1;;;;;;;;0;;1;;
26/10/2020;00:47:00;5;3 - Acidente com Danos Materiais;229,756;BR-101/RJ;Sul;Choque - Defensa, barreira ou "submarino";1;;;;;;;;;;1;;;;
26/10/2020;04:34:00;13;3 - Acidente com Danos Materiais;250,95;BR-101/RJ;Sul;Choque - Defensa, barreira ou "submarino";;;1;;;;;;;;1;;;;
26/10/2020;06:33:00;21;3 - Acidente com Danos Materiais;261,12;BR-101/RJ;Norte;Choque - Defensa, barreira ou "submarino";1;;;;;;;;;;2;;;;
26/10/2020;06:47:00;25;2 - Acidente com VITIMA;310,32;BR-101/RJ;Sul;Colisão Traseira;;;1;1;;;;;;;2;1;;;
26/10/2020;06:50:00;26;3 - Acidente com Danos Materiais;318,973;BR-101/RJ;Sul;Engavetamento;3;;;;;;;;;;3;;;;
26/10/2020;07:02:00;29;2 - Acidente com VITIMA;195,195;BR-101/RJ;Norte;Choque - Defensa, barreira ou "submarino";1;;;;;;;;;;0;2;1;;
26/10/2020;07:39:00;40;3 - Acidente com Danos Materiais;86,95;BR-101/RJ;Sul;Colisão Lateral;1;;;;;1;;;;;3;;;;
26/10/2020;06:50:00;41;2 - Acidente com VITIMA;321,973;BR-101/RJ;Sul;Colisão Traseira;;;;1;;1;;;;;1;1;;;
26/10/2020;10:43:00;90;2 - Acidente com VITIMA;261,3;BR-101/RJ;Norte;Tombamento;;;;1;;;;;;;0;1;;;
26/10/2020;11:06:00;98;3 - Acidente com Danos Materiais;101,309;BR-101/RJ;Norte;Choque - Defensa, barreira ou "submarino";1;;;;;;;;;;1;;;;
26/10/2020;12:38:00;110;2 - Acidente com VITIMA;306,12;BR-101/RJ;Sul;Colisão Traseira;1;;;;1;;;;;;1;1;;;
26/10/2020;13:28:00;116;2 - Acidente com VITIMA;249,005;BR-101/RJ;Norte;Saida de Pista;1;;;;;;;;;;3;1;;;
26/10/2020;13:30:00;117;3 - Acidente com Danos Materiais;307,995;BR-101/RJ;Sul;Colisão Traseira;1;;;;;1;;;;;3;;;;
26/10/2020;14:56:00;133;3 - Acidente com Danos Materiais;214,591;BR-101/RJ;Norte;Choque - Elemento de Drenagem;1;;;;;;;;;;3;;;;
27/10/2020;05:35:00;24;3 - Acidente com Danos Materiais;92,677;BR-101/RJ;Norte;Choque - Defensa, barreira ou "submarino";1;;;;;;;;;;2;;;;
27/10/2020;07:14:00;47;3 - Acidente com Danos Materiais;289,798;BR-101/RJ;Sul;Atropelamento de Animal;1;;;;;;;;;;1;;;;
27/10/2020;16:05:00;154;3 - Acidente com Danos Materiais;153,721;BR-101/RJ;Sul;Choque - Defensa, barreira ou "submarino";;;1;;;;;;;;1;;;;
28/10/2020;06:56:00;22;2 - Acidente com VITIMA;318,154;BR-101/RJ;Sul;Engavetamento;3;;;;;;;;;;3;1;;;
28/10/2020;16:15:00;155;3 - Acidente com Danos Materiais;135,05;BR-101/RJ;Sul;Colisão Lateral;1;;1;;;;;;;;5;;;;
28/10/2020;19:48:00;189;2 - Acidente com VITIMA;318,9;BR-101/RJ;Norte;Colisão Lateral;;;;1;;1;;;;;1;1;;;
29/10/2020;00:21:00;5;3 - Acidente com Danos Materiais;121,424;BR-101/RJ;Sul;Atropelamento de Animal;1;;;;;;;;;;1;;;;
29/10/2020;05:24:00;30;2 - Acidente com VITIMA;273,278;BR-101/RJ;Norte;Tombamento;;;;1;;;;;;;0;1;;;
29/10/2020;06:37:00;39;3 - Acidente com Danos Materiais;319,381;BR-101/RJ;Sul;Engavetamento;1;;;;;;;;;2;5;;;;
29/10/2020;08:54:00;88;2 - Acidente com VITIMA;312,257;BR-101/RJ;Norte;Tombamento;;;;1;;;;;;;0;;1;;
29/10/2020;09:16:00;93;3 - Acidente com Danos Materiais;252,889;BR-101/RJ;Norte;Choque - Defensa, barreira ou "submarino";;;1;;;;;;;;1;;;;
29/10/2020;13:07:00;155;1 - Acidente com Vitima Fatal;321,243;BR-101/RJ;Norte;Capotamento;1;;;;;1;;;;;1;1;1;;1
29/10/2020;16:36:00;188;3 - Acidente com Danos Materiais;311,689;BR-101/RJ;Norte;Colisão Traseira;2;;;;;;;;;;2;;;;
29/10/2020;17:21:00;198;3 - Acidente com Danos Materiais;297,458;BR-101/RJ;Norte;Colisão Traseira;;;;;1;1;;;;;2;;;;
29/10/2020;18:17:00;205;2 - Acidente com VITIMA;61,73;BR-101/RJ;Norte;Colisão Transversal;1;;;1;;;;;;;2;;1;;
29/10/2020;23:29:00;261;2 - Acidente com VITIMA;313,3;BR-101/RJ;Sul;Choque - Defensa, barreira ou "submarino";1;;;;;;;;;;2;1;;;
30/10/2020;00:30:00;6;3 - Acidente com Danos Materiais;312,089;BR-101/RJ;Norte;Colisão Traseira;2;;;;;;;;;;4;;;;
30/10/2020;13:39:00;106;1 - Acidente com Vitima Fatal;217,75;BR-101/RJ;Sul;Colisão Frontal;1;;;;;;;;;1;0;;3;2;1
30/10/2020;17:07:00;140;3 - Acidente com Danos Materiais;196,492;BR-101/RJ;Norte;Choque - Outros;1;;;;;;;;;;1;;;;
30/10/2020;19:40:00;178;3 - Acidente com Danos Materiais;321,367;BR-101/RJ;Norte;Colisão Traseira;2;;;;;;;;;;2;;;;
30/10/2020;20:44:00;192;3 - Acidente com Danos Materiais;64,155;BR-101/RJ;Norte;Engavetamento;3;;;;;;;;;;3;;;;
30/10/2020;21:01:00;196;3 - Acidente com Danos Materiais;296,06;BR-101/RJ;Norte;Colisão Lateral;1;;1;;;;;;;;4;;;;
30/10/2020;21:18:00;202;2 - Acidente com VITIMA;143,458;BR-101/RJ;Sul;Colisão Lateral;1;;1;;;;;;;;1;2;;;
30/10/2020;21:41:00;209;3 - Acidente com Danos Materiais;73,5;BR-101/RJ;Norte;Tombamento;;;;1;;;;;;;1;;;;
30/10/2020;23:52:00;227;3 - Acidente com Danos Materiais;116,589;BR-101/RJ;Sul;Tombamento;;;;1;;;;;;;1;;;;
31/10/2020;02:11:00;18;2 - Acidente com VITIMA;229,418;BR-101/RJ;Norte;Choque - Elemento de Drenagem;1;;;;;;;;;;0;2;;;
31/10/2020;02:16:00;19;2 - Acidente com VITIMA;162,6;BR-101/RJ;Norte;Colisão Lateral;;;2;;;;;;;;0;2;1;;
31/10/2020;04:46:00;23;3 - Acidente com Danos Materiais;294,805;BR-101/RJ;Norte;Choque - Elemento de Drenagem;1;;;;;;;;;;4;;;;
31/10/2020;05:19:00;26;3 - Acidente com Danos Materiais;294,529;BR-101/RJ;Sul;Choque - Defensa, barreira ou "submarino";1;;1;;;;;;;;3;;;;
31/10/2020;05:46:00;27;3 - Acidente com Danos Materiais;294,529;BR-101/RJ;Sul;Colisão Traseira;1;;;;;;;;;1;2;;;;
31/10/2020;11:22:00;92;3 - Acidente com Danos Materiais;28,739;BR-101/RJ;Sul;Colisão Traseira;2;;;;;;;;;;2;;;;
31/10/2020;15:57:00;141;3 - Acidente com Danos Materiais;301,968;BR-101/RJ;Norte;Colisão Traseira;1;;;;;1;;;;;2;;;;
31/10/2020;18:45:00;172;3 - Acidente com Danos Materiais;299,7;BR-101/RJ;Sul;Choque - Outros;1;;;;;;;;;;1;;;;
31/10/2020;18:47:00;173;3 - Acidente com Danos Materiais;224,408;BR-101/RJ;Norte;Saida de Pista;1;;;;;;;;;;2;;;;
31/10/2020;20:07:00;188;2 - Acidente com VITIMA;54,646;BR-101/RJ;Norte;Tombamento;;;;1;;;;;;;0;;1;1;
31/10/2020;23:31:00;203;3 - Acidente com Danos Materiais;316,517;BR-101/RJ;Sul;Choque - Defensa, barreira ou "submarino";1;;;;;;;;;;2;;;;
01/11/2020;05:01:00;36;2 - Acidente com VITIMA;297,217;BR-101/RJ;Sul;Choque - Defensa, barreira ou "submarino";1;;;;;;;;;;1;1;;;
01/11/2020;05:32:00;41;3 - Acidente com Danos Materiais;276,807;BR-101/RJ;Norte;Capotamento;1;;;;;;;;;;2;;;;
01/11/2020;08:19:00;65;3 - Acidente com Danos Materiais;305,165;BR-101/RJ;Norte;Saida de Pista;1;;;;;;;;;;2;;;;
01/11/2020;09:29:00;73;3 - Acidente com Danos Materiais;309,401;BR-101/RJ;Norte;Colisão Traseira;2;;;;;;;;;;3;;;;
01/11/2020;15:33:00;125;2 - Acidente com VITIMA;287,959;BR-101/RJ;Norte;Tombamento;;;;1;;;;;;;1;1;;;
01/11/2020;15:46:00;131;3 - Acidente com Danos Materiais;209,5;BR-101/RJ;Norte;Choque - Defensa, barreira ou "submarino";1;;;;;;;;;;1;;;;
01/11/2020;18:52:00;155;3 - Acidente com Danos Materiais;224,021;BR-101/RJ;Norte;Saida de Pista;1;;;;;;;;;;2;;;;
01/11/2020;22:18:00;172;3 - Acidente com Danos Materiais;264,8;BR-101/RJ;Sul;Choque - Talude;1;;;;;;;;;;1;;;;
02/11/2020;00:05:00;1;1 - Acidente com Vitima Fatal;267,486;BR-101/RJ;Norte;Colisão Transversal;1;;;1;;;;;;;2;;;;1
02/11/2020;03:45:00;20;3 - Acidente com Danos Materiais;293,954;BR-101/RJ;Sul;Choque - Defensa, barreira ou "submarino";1;;;;;;;;;;1;;;;
02/11/2020;04:50:00;24;3 - Acidente com Danos Materiais;297,897;BR-101/RJ;Sul;Choque - Defensa, barreira ou "submarino";1;;;;;;;;;;3;;;;
02/11/2020;12:11:00;93;3 - Acidente com Danos Materiais;295,211;BR-101/RJ;Sul;Colisão Traseira;1;;;;;1;;;;;2;;;;
02/11/2020;17:12:00;146;3 - Acidente com Danos Materiais;307,392;BR-101/RJ;Sul;Engavetamento;3;;;;;;;;;;3;;;;
02/11/2020;17:15:00;147;3 - Acidente com Danos Materiais;76,71;BR-101/RJ;Norte;Colisão Traseira;2;;;;;;;;;;2;;;;
02/11/2020;17:28:00;151;3 - Acidente com Danos Materiais;262,147;BR-101/RJ;Norte;Choque - Defensa, barreira ou "submarino";1;;;;;;;;;;4;;;;
02/11/2020;18:01:00;158;2 - Acidente com VITIMA;309,849;BR-101/RJ;Norte;Tombamento;;;;1;;;;;;;0;2;;;
03/11/2020;05:47:00;20;2 - Acidente com VITIMA;277,438;BR-101/RJ;Sul;Colisão Lateral;1;;;1;;;;;;;1;1;;;
03/11/2020;09:30:00;75;3 - Acidente com Danos Materiais;283,771;BR-101/RJ;Sul;Choque - Defensa, barreira ou "submarino";1;;;;;;;;;;1;;;;
03/11/2020;09:50:00;82;3 - Acidente com Danos Materiais;297,03;BR-101/RJ;Sul;Engavetamento;4;;;;;;;;;;9;;;;
03/11/2020;11:05:00;100;3 - Acidente com Danos Materiais;305,985;BR-101/RJ;Sul;Engavetamento;3;;;;;;;;;;5;;;;
03/11/2020;13:23:00;128;2 - Acidente com VITIMA;289,56;BR-101/RJ;Norte;Colisão Lateral;2;;;;;;;;;;1;;1;;
03/11/2020;17:45:00;185;2 - Acidente com VITIMA;303,733;BR-101/RJ;Norte;Colisão Lateral;1;;;1;;1;;;;;3;1;;;
04/11/2020;00:54:00;4;2 - Acidente com VITIMA;150,824;BR-101/RJ;Sul;Colisão Transversal;1;;1;;;;;;;;0;;1;1;
04/11/2020;01:58:00;11;3 - Acidente com Danos Materiais;258,76;BR-101/RJ;Norte;Atropelamento de Animal;1;;;;;;;;;;1;;;;
04/11/2020;02:41:00;15;3 - Acidente com Danos Materiais;315,172;BR-101/RJ;Sul;Colisão Traseira;;;1;;;;;;;1;5;;;;
04/11/2020;03:01:00;16;3 - Acidente com Danos Materiais;62,128;BR-101/RJ;Sul;Choque - Elemento de Drenagem;1;;;;;;;;;;1;;;;
04/11/2020;06:40:00;30;3 - Acidente com Danos Materiais;261,329;BR-101/RJ;Sul;Choque - Defensa, barreira ou "submarino";1;;;;;;;;;;2;;;;
04/11/2020;07:32:00;40;3 - Acidente com Danos Materiais;313,044;BR-101/RJ;Sul;Colisão Lateral;;;1;;;;;;;1;2;;;;
04/11/2020;08:41:00;63;3 - Acidente com Danos Materiais;59,3;BR-101/RJ;Norte;Choque - Defensa, barreira ou "submarino";1;;;;;;;;;;1;;;;
04/11/2020;10:40:00;96;3 - Acidente com Danos Materiais;302,846;BR-101/RJ;Sul;Choque - Defensa, barreira ou "submarino";1;;;;;;;;;;1;;;;
04/11/2020;13:29:00;126;3 - Acidente com Danos Materiais;115,5;BR-101/RJ;Sul;Choque - Elemento de Drenagem;1;;;;;;;;;;1;;;;
04/11/2020;21:54:00;187;3 - Acidente com Danos Materiais;153,458;BR-101/RJ;Norte;Colisão Lateral;;;2;;;1;;;;;3;;;;
05/11/2020;06:06:00;23;3 - Acidente com Danos Materiais;112,953;BR-101/RJ;Norte;Colisão Lateral;;;1;;;;;;;1;2;;;;
05/11/2020;08:48:00;63;2 - Acidente com VITIMA;321,122;BR-101/RJ;Sul;Colisão Traseira;1;;;1;;;;;;;1;;1;;
05/11/2020;14:33:00;119;2 - Acidente com VITIMA;317,089;BR-101/RJ;Norte;Engavetamento;2;;1;;;;;;;;1;2;;;
05/11/2020;19:07:00;154;3 - Acidente com Danos Materiais;295,164;BR-101/RJ;Norte;Engavetamento;2;;;;;;;;;1;6;;;;
06/11/2020;01:29:00;4;3 - Acidente com Danos Materiais;222,126;BR-101/RJ;Norte;Choque - Defensa, barreira ou "submarino";1;;;;;;;;;;1;;;;
06/11/2020;04:10:00;17;3 - Acidente com Danos Materiais;292,33;BR-101/RJ;Sul;Choque - Defensa, barreira ou "submarino";1;;;;;;;;;;2;;;;
06/11/2020;08:40:00;61;2 - Acidente com VITIMA;51,152;BR-101/RJ;Norte;Tombamento;;;;1;;;;;;;0;1;;;
06/11/2020;09:22:00;77;2 - Acidente com VITIMA;317,693;BR-101/RJ;Sul;Engavetamento;3;;;;;;;;;;9;1;;;
06/11/2020;09:42:00;84;2 - Acidente com VITIMA;262,517;BR-101/RJ;Norte;Colisão Lateral;1;;;;;;;;;1;2;3;;;
06/11/2020;10:44:00;96;2 - Acidente com VITIMA;119,5;BR-101/RJ;Sul;Tombamento;;;;1;;;;;;;0;;1;;
06/11/2020;14:26:00;137;2 - Acidente com VITIMA;318,298;BR-101/RJ;Norte;Colisão Lateral;1;;;1;;;;;;;1;;;1;
06/11/2020;19:15:00;181;3 - Acidente com Danos Materiais;279,103;BR-101/RJ;Norte;Capotamento;1;;;;;;;;;;2;;;;
06/11/2020;20:07:00;192;3 - Acidente com Danos Materiais;320,845;BR-101/RJ;Norte;Engavetamento;2;;;;;1;;;;;3;;;;
06/11/2020;20:57:00;203;3 - Acidente com Danos Materiais;75,466;BR-101/RJ;Norte;Choque - Outros;1;;;;;;;;;;4;;;;
06/11/2020;22:29:00;214;3 - Acidente com Danos Materiais;276,307;BR-101/RJ;Norte;Colisão Traseira;2;;;;;;;;;;2;;;;
07/11/2020;08:53:00;49;2 - Acidente com VITIMA;297,211;BR-101/RJ;Sul;Atropelamento - Outros;;;;1;1;;;;;;2;1;;;
07/11/2020;18:39:00;133;3 - Acidente com Danos Materiais;219,617;BR-101/RJ;Sul;Choque - Defensa, barreira ou "submarino";1;;;;;;;;;;1;;;;
07/11/2020;19:54:00;142;2 - Acidente com VITIMA;278,207;BR-101/RJ;Norte;Capotamento;1;;;;;;;;;;0;1;;;
07/11/2020;21:19:00;155;3 - Acidente com Danos Materiais;228,462;BR-101/RJ;Norte;Colisão Traseira;2;;;;;;;;;;2;;;;
07/11/2020;22:33:00;163;3 - Acidente com Danos Materiais;243,143;BR-101/RJ;Norte;Choque - Elemento de Drenagem;1;;;;;;;;;;1;;;;
07/11/2020;23:37:00;175;3 - Acidente com Danos Materiais;109,599;BR-101/RJ;Norte;Choque - Suporte de Sinalização;1;;;;;;;;;;1;;;;
08/11/2020;01:37:00;9;3 - Acidente com Danos Materiais;56,893;BR-101/RJ;Norte;Choque - Defensa, barreira ou "submarino";1;;;;;;;;;;1;;;;
08/11/2020;05:37:00;25;3 - Acidente com Danos Materiais;245,809;BR-101/RJ;Norte;Colisão Traseira;2;;;;;;;;;;4;;;;
08/11/2020;06:12:00;28;2 - Acidente com VITIMA;272,655;BR-101/RJ;Norte;Capotamento;1;;;;;;;;;;0;1;;;
08/11/2020;10:06:00;58;2 - Acidente com VITIMA;270,016;BR-101/RJ;Norte;Colisão Traseira;2;;;;;;;;;;4;4;;;
08/11/2020;13:18:00;78;2 - Acidente com VITIMA;305,426;BR-101/RJ;Norte;Choque - Defensa, barreira ou "submarino";1;;;;;1;;;;;1;2;;;
08/11/2020;14:20:00;85;2 - Acidente com VITIMA;213,083;BR-101/RJ;Norte;Colisão Traseira;1;;1;;;;;;;;3;2;;;
08/11/2020;15:29:00;98;2 - Acidente com VITIMA;190,581;BR-101/RJ;Norte;Colisão Traseira;1;1;;;;;;;;;1;1;;;
08/11/2020;18:26:00;121;3 - Acidente com Danos Materiais;295,345;BR-101/RJ;Sul;Colisão Lateral;1;;;1;;;;;;;4;;;;
08/11/2020;21:28:00;145;3 - Acidente com Danos Materiais;256,143;BR-101/RJ;Sul;Choque - Suporte de Sinalização;1;;;;;;;;;;1;;;;