data;horario;n_da_ocorrencia;tipo_de_ocorrencia;km;trecho;sentido;tipo_de_acidente;automovel;bicicleta;caminhao;moto;onibus;outros;tracao_animal;transporte_de_cargas_especiais;trator_maquinas;utilitarios;ilesos;levemente_feridos;moderadamente_feridos;gravemente_feridos;mortos
28/11/2020;10:23:00;86;3 - Acidente com Danos Materiais;209,764;BR-101/RJ;Norte;Colisão Lateral;2;;;;;;;;;;3;;;;
28/11/2020;10:48:00;94;2 - Acidente com VITIMA;296,021;BR-101/RJ;Norte;Colisão Lateral;2;;;;;;;;;;2;1;;;
28/11/2020;15:16:00;131;1 - Acidente com Vitima Fatal;312,147;BR-101/RJ;Sul;Outros - Sequência;1;;1;1;;;;;;;3;;;;1
28/11/2020;16:39:00;142;3 - Acidente com Danos Materiais;312,25;BR-101/RJ;Norte;Engavetamento;3;;;;;;;;;;3;;;;
28/11/2020;16:53:00;145;2 - Acidente com VITIMA;312,224;BR-101/RJ;Norte;Colisão Lateral;1;;;1;;;;;;;1;;2;;
28/11/2020;17:16:00;147;2 - Acidente com VITIMA;285,135;BR-101/RJ;Sul;Capotamento;1;;;;;;;;;;0;2;;;
28/11/2020;21:46:00;174;3 - Acidente com Danos Materiais;298,074;BR-101/RJ;Sul;Saida de Pista;1;;;;;;;;;;2;;;;
29/11/2020;02:55:00;15;2 - Acidente com VITIMA;51,824;BR-101/RJ;Sul;Tombamento;;;;;;1;;;;;0;;;1;
29/11/2020;07:07:00;32;2 - Acidente com VITIMA;69,732;BR-101/RJ;Sul;Colisão Lateral;;2;;;;;;;;;1;;1;;
29/11/2020;11:55:00;72;2 - Acidente com VITIMA;49,139;BR-101/RJ;Sul;Atropelamento - Outros;;;;;;1;;;;;1;;1;;
29/11/2020;15:34:00;109;2 - Acidente com VITIMA;282,791;BR-101/RJ;Norte;Tombamento;;;;1;;;;;;;0;2;;;
29/11/2020;15:56:00;114;2 - Acidente com VITIMA;57,012;BR-101/RJ;Sul;Tombamento;;;;1;;;;;;;0;2;;;
29/11/2020;16:32:00;122;2 - Acidente com VITIMA;271,783;BR-101/RJ;Norte;Capotamento;1;;;;;;;;;;0;;1;;
29/11/2020;19:08:00;154;2 - Acidente com VITIMA;267,275;BR-101/RJ;Sul;Tombamento;;;;1;;;;;;;1;1;;;
30/11/2020;00:09:00;3;3 - Acidente com Danos Materiais;49,767;BR-101/RJ;Sul;Choque - Defensa, barreira ou "submarino";1;;;;;;;;;;3;;;;
30/11/2020;04:29:00;17;2 - Acidente com VITIMA;284,948;BR-101/RJ;Sul;Colisão Traseira;;;2;;;;;;;;1;2;;;
30/11/2020;13:11:00;116;3 - Acidente com Danos Materiais;242,231;BR-101/RJ;Sul;Colisão Lateral;1;;;;;;;;;1;5;;;;
30/11/2020;14:24:00;137;3 - Acidente com Danos Materiais;199,784;BR-101/RJ;Norte;Choque - Defensa, barreira ou "submarino";;;1;;;;;;;;2;;;;
30/11/2020;18:07:00;175;2 - Acidente com VITIMA;87,502;BR-101/RJ;Sul;Tombamento;;;1;;;;;;;;0;1;;;
30/11/2020;23:07:00;214;2 - Acidente com VITIMA;285,265;BR-101/RJ;Norte;Atropelamento de Animal;;;;1;;;;;;;0;1;;;
01/12/2020;01:57:00;22;3 - Acidente com Danos Materiais;297,5;BR-101/RJ;Norte;Colisão Lateral;;;2;;;1;;;;;5;;;;
01/12/2020;03:18:00;25;2 - Acidente com VITIMA;303,293;BR-101/RJ;Sul;Colisão Traseira;1;;;;;1;;;;;1;1;;;
01/12/2020;06:46:00;42;2 - Acidente com VITIMA;287,5;BR-101/RJ;Norte;Tombamento;1;;;;;;;;;;0;1;;;
01/12/2020;20:59:00;225;2 - Acidente com VITIMA;278,196;BR-101/RJ;Norte;Atropelamento de Animal;;;1;1;;;;;;;2;;1;;
02/12/2020;19:38:00;178;2 - Acidente com VITIMA;321,915;BR-101/RJ;Norte;Colisão Lateral;;;;1;;1;;;;;1;1;;;
02/12/2020;23:30:00;199;2 - Acidente com VITIMA;303,053;BR-101/RJ;Sul;Colisão Frontal;2;;;;;;;;;;1;2;;;
03/12/2020;06:59:00;30;2 - Acidente com VITIMA;88,05;BR-101/RJ;Norte;Tombamento;;;;1;;;;;;;1;;1;;
03/12/2020;12:35:00;124;3 - Acidente com Danos Materiais;294,857;BR-101/RJ;Norte;Engavetamento;1;;;;1;1;;;;;3;;;;
03/12/2020;15:45:00;172;2 - Acidente com VITIMA;289,855;BR-101/RJ;Norte;Colisão Lateral;1;;;;;1;;;;;1;1;;;
03/12/2020;15:56:00;176;2 - Acidente com VITIMA;142,817;BR-101/RJ;Sul;Colisão Traseira;1;;;;;;;;;1;7;1;;;
03/12/2020;16:46:00;182;3 - Acidente com Danos Materiais;290,298;BR-101/RJ;Norte;Colisão Traseira;1;;1;;;;;;;;5;;;;
03/12/2020;20:27:00;225;2 - Acidente com VITIMA;43,226;BR-101/RJ;Norte;Outros - Sequência;1;;2;;;;;;;;2;;3;;
04/12/2020;07:52:00;30;3 - Acidente com Danos Materiais;181,15;BR-101/RJ;Norte;Capotamento;1;;;;;;;;;;1;;;;
04/12/2020;12:45:00;93;3 - Acidente com Danos Materiais;297,854;BR-101/RJ;Norte;Colisão Lateral;1;;1;;;;;;;;2;;;;
04/12/2020;13:38:00;103;2 - Acidente com VITIMA;14,9;BR-101/RJ;Norte;Capotamento;;;1;;;;;;;;0;1;;;
04/12/2020;15:21:00;126;3 - Acidente com Danos Materiais;299,668;BR-101/RJ;Sul;Colisão Traseira;2;;;;;;;;;;2;;;;
04/12/2020;15:47:00;134;1 - Acidente com Vitima Fatal;153,456;BR-101/RJ;Norte;Outros - Sequência;;;1;1;;;;;;1;3;;;;1
04/12/2020;16:08:00;140;3 - Acidente com Danos Materiais;91,337;BR-101/RJ;Norte;Colisão Traseira;;;2;;;1;;;;;4;;;;
04/12/2020;16:23:00;142;2 - Acidente com VITIMA;310,671;BR-101/RJ;Norte;Colisão Traseira;1;;;1;;;;;;;2;1;;;
04/12/2020;18:03:00;168;3 - Acidente com Danos Materiais;298,6;BR-101/RJ;Sul;Colisão Lateral;1;;;;;1;;;;;2;;;;
04/12/2020;18:36:00;176;2 - Acidente com VITIMA;65,5;BR-101/RJ;Norte;Outros;;1;;;;1;;;;;1;1;;;
05/12/2020;03:39:00;10;2 - Acidente com VITIMA;294,43;BR-101/RJ;Norte;Atropelamento - Andarilho;;;;;1;;;;;;1;1;;;
05/12/2020;04:09:00;11;3 - Acidente com Danos Materiais;267,28;BR-101/RJ;Norte;Saida de Pista;1;;;;;;;;;;2;;;;
05/12/2020;05:27:00;14;1 - Acidente com Vitima Fatal;291,01;BR-101/RJ;Sul;Saida de Pista;1;;;;;;;;;;0;;;1;2
05/12/2020;11:32:00;65;3 - Acidente com Danos Materiais;297,749;BR-101/RJ;Sul;Colisão Lateral;1;;1;;;;;;;;2;;;;
05/12/2020;11:40:00;66;2 - Acidente com VITIMA;285,12;BR-101/RJ;Norte;Colisão Frontal;;;;1;;1;;;;;1;2;;;
05/12/2020;13:19:00;83;2 - Acidente com VITIMA;247,789;BR-101/RJ;Norte;Choque - Defensa, barreira ou "submarino";1;;;;;;;;;;0;1;;;
05/12/2020;14:59:00;99;3 - Acidente com Danos Materiais;320,858;BR-101/RJ;Norte;Choque - Defensa, barreira ou "submarino";1;;;;;;;;;;3;;;;
05/12/2020;16:10:00;109;3 - Acidente com Danos Materiais;297,907;BR-101/RJ;Norte;Choque - Defensa, barreira ou "submarino";1;;;;;;;;;;1;;;;
05/12/2020;16:49:00;119;2 - Acidente com VITIMA;196,611;BR-101/RJ;Norte;Tombamento;;;1;;;;;;;;0;1;;;
05/12/2020;20:55:00;161;3 - Acidente com Danos Materiais;262,01;BR-101/RJ;Sul;Choque - Elemento de Drenagem;1;;;;;;;;;;1;;;;
05/12/2020;23:54:00;173;2 - Acidente com VITIMA;4,32;BR-101/RJ;Norte;Colisão Frontal;1;;;;1;;;;;;19;9;;1;
06/12/2020;00:34:00;5;3 - Acidente com Danos Materiais;117,945;BR-101/RJ;Sul;Choque - Defensa, barreira ou "submarino";;;1;;;;;;;;1;;;;
06/12/2020;05:47:00;24;2 - Acidente com VITIMA;318,65;BR-101/RJ;Sul;Tombamento;;1;;;;;;;;;0;1;;;
06/12/2020;11:54:00;62;3 - Acidente com Danos Materiais;320,82;BR-101/RJ;Norte;Choque - Defensa, barreira ou "submarino";1;;;;;;;;;;3;;;;
06/12/2020;12:55:00;65;1 - Acidente com Vitima Fatal;242,478;BR-101/RJ;Sul;Choque - Suporte de Sinalização;1;;;;;;;;;;0;;;;1
06/12/2020;13:41:00;74;3 - Acidente com Danos Materiais;297,627;BR-101/RJ;Norte;Outros - Sequência;2;;1;;;3;;;;;10;;;;
06/12/2020;14:12:00;77;2 - Acidente com VITIMA;295,442;BR-101/RJ;Sul;Colisão Traseira;2;;;;;;;;;;7;1;;;
06/12/2020;14:30:00;80;2 - Acidente com VITIMA;11,522;BR-101/RJ;Norte;Tombamento;;;;1;;;;;;;1;1;;;
06/12/2020;15:35:00;92;3 - Acidente com Danos Materiais;202,574;BR-101/RJ;Norte;Choque - Defensa, barreira ou "submarino";1;;;;;;;;;;3;;;;
06/12/2020;16:12:00;100;3 - Acidente com Danos Materiais;293,35;BR-101/RJ;Sul;Colisão Traseira;2;;;;;;;;;;2;;;;
06/12/2020;19:00:00;120;3 - Acidente com Danos Materiais;303,253;BR-101/RJ;Sul;Colisão Traseira;2;;;;;;;;;;2;;;;
06/12/2020;19:59:00;125;2 - Acidente com VITIMA;320,847;BR-101/RJ;Norte;Choque - Defensa, barreira ou "submarino";1;;;;;;;;;;1;;1;;
07/12/2020;07:04:00;41;2 - Acidente com VITIMA;236,95;BR-101/RJ;Norte;Colisão Traseira;2;;;;;;;;;;2;2;;;
07/12/2020;07:26:00;46;3 - Acidente com Danos Materiais;307,521;BR-101/RJ;Sul;Colisão Traseira;2;;;;;;;;;;5;;;;
07/12/2020;07:40:00;51;1 - Acidente com Vitima Fatal;174,988;BR-101/RJ;Sul;Colisão Frontal;1;;1;;;;;;;;0;3;1;;1
07/12/2020;09:19:00;70;3 - Acidente com Danos Materiais;315,93;BR-101/RJ;Sul;Colisão Traseira;1;;;;;;;;;1;3;;;;
07/12/2020;19:59:00;183;3 - Acidente com Danos Materiais;264,841;BR-101/RJ;Sul;Choque - Elemento de Drenagem;1;;;;;;;;;;2;;;;
08/12/2020;00:48:00;3;3 - Acidente com Danos Materiais;320,2;BR-101/RJ;Sul;Atropelamento de Animal;1;;;;;;;;;;1;;;;
08/12/2020;01:49:00;8;2 - Acidente com VITIMA;106,415;BR-101/RJ;Sul;Tombamento;;;1;;;;;;;;0;1;;;
08/12/2020;08:52:00;50;3 - Acidente com Danos Materiais;287,943;BR-101/RJ;Norte;Choque - Outros;1;;;;;;;;;;1;;;;
08/12/2020;11:07:00;84;2 - Acidente com VITIMA;291,496;BR-101/RJ;Norte;Colisão Traseira;2;;1;;;;;;;;4;1;;;
08/12/2020;12:52:00;100;3 - Acidente com Danos Materiais;170,09;BR-101/RJ;Sul;Colisão Traseira;1;;1;;;;;;;;2;;;;
08/12/2020;14:20:00;113;1 - Acidente com Vitima Fatal;163,039;BR-101/RJ;Norte;Colisão Frontal;1;;1;;;;;;;;1;;;;1
08/12/2020;15:03:00;122;3 - Acidente com Danos Materiais;224,216;BR-101/RJ;Norte;Choque - Defensa, barreira ou "submarino";1;;;;;;;;;;1;;;;
08/12/2020;15:21:00;125;3 - Acidente com Danos Materiais;226,5;BR-101/RJ;Norte;Choque - Suporte de Sinalização;;;1;;;;;;;;1;;;;
08/12/2020;16:04:00;130;3 - Acidente com Danos Materiais;62,5;BR-101/RJ;Sul;Colisão Traseira;2;;;;;;;;;;2;;;;
09/12/2020;00:13:00;3;2 - Acidente com VITIMA;277,015;BR-101/RJ;Sul;Colisão Traseira;1;;;1;;;;;;;3;2;;;
09/12/2020;05:30:00;19;3 - Acidente com Danos Materiais;205,589;BR-101/RJ;Norte;Colisão Lateral;;;2;;;;;;;;5;;;;
09/12/2020;14:48:00;104;2 - Acidente com VITIMA;296,398;BR-101/RJ;Sul;Colisão Traseira;2;;;;;;;;;;1;1;;;
09/12/2020;14:50:00;105;3 - Acidente com Danos Materiais;252,851;BR-101/RJ;Sul;Colisão Traseira;2;;;;;;;;;;4;;;;
09/12/2020;15:13:00;106;2 - Acidente com VITIMA;294,358;BR-101/RJ;Sul;Engavetamento;3;;;;;;;;;;4;2;;;
09/12/2020;16:49:00;124;3 - Acidente com Danos Materiais;154,25;BR-101/RJ;Sul;Saida de Pista;1;;;;;;;;;;1;;;;
09/12/2020;16:51:00;125;3 - Acidente com Danos Materiais;319,165;BR-101/RJ;Norte;Engavetamento;2;;1;;;;;;;;5;;;;
09/12/2020;17:38:00;134;3 - Acidente com Danos Materiais;268,818;BR-101/RJ;Sul;Colisão Lateral;1;;;;;1;;;;;2;;;;
10/12/2020;01:42:00;9;3 - Acidente com Danos Materiais;198,483;BR-101/RJ;Sul;Choque - Defensa, barreira ou "submarino";1;;;;;;;;;;2;;;;
10/12/2020;04:50:00;14;3 - Acidente com Danos Materiais;57,5;BR-101/RJ;Sul;Colisão Traseira;1;;;;;;;;;1;2;;;;
10/12/2020;05:14:00;15;3 - Acidente com Danos Materiais;320,772;BR-101/RJ;Norte;Choque - Defensa, barreira ou "submarino";1;;;;;;;;;;3;;;;
10/12/2020;06:14:00;19;2 - Acidente com VITIMA;209,945;BR-101/RJ;Sul;Choque - Defensa, barreira ou "submarino";1;;;;;;;;;;0;1;;;
10/12/2020;06:55:00;25;3 - Acidente com Danos Materiais;195,2;BR-101/RJ;Sul;Choque - Defensa, barreira ou "submarino";1;;;;;;;;;;3;;;;
10/12/2020;10:37:00;84;2 - Acidente com VITIMA;298,24;BR-101/RJ;Norte;Colisão Traseira;1;;1;;;;;;;;1;1;;1;
10/12/2020;12:36:00;113;2 - Acidente com VITIMA;262,478;BR-101/RJ;Norte;Colisão Lateral;;;1;1;;;;;;;1;1;;;
10/12/2020;14:33:00;129;3 - Acidente com Danos Materiais;63,319;BR-101/RJ;Norte;Colisão Transversal;1;;1;;;;;;;;4;;;;
10/12/2020;15:27:00;146;3 - Acidente com Danos Materiais;19,852;BR-101/RJ;Norte;Colisão Traseira;1;;;;;1;;;;;2;;;;
10/12/2020;18:07:00;181;2 - Acidente com VITIMA;313,3;BR-101/RJ;Norte;Colisão Traseira;2;;;;;;;;;;6;1;;;
10/12/2020;19:36:00;190;2 - Acidente com VITIMA;144,346;BR-101/RJ;Sul;Colisão Traseira;1;;;;;1;;;;;4;1;;;
10/12/2020;20:02:00;195;3 - Acidente com Danos Materiais;310,15;BR-101/RJ;Norte;Colisão Traseira;1;;;;;1;;;;;2;;;;
10/12/2020;20:26:00;201;2 - Acidente com VITIMA;312,03;BR-101/RJ;Norte;Colisão Traseira;2;;;;;;;;;;0;2;;;
11/12/2020;04:23:00;9;3 - Acidente com Danos Materiais;307,976;BR-101/RJ;Norte;Choque - Defensa, barreira ou "submarino";1;;;;;;;;;;1;;;;
11/12/2020;12:31:00;109;2 - Acidente com VITIMA;264,1;BR-101/RJ;Norte;Colisão Traseira;1;;;1;;;;;;;4;;1;;
11/12/2020;12:38:00;112;3 - Acidente com Danos Materiais;297,32;BR-101/RJ;Norte;Colisão Lateral;1;;1;;;;;;;;2;;;;
11/12/2020;15:12:00;134;2 - Acidente com VITIMA;293,39;BR-101/RJ;Sul;Tombamento;;;;1;;;;;;;0;1;;;
11/12/2020;19:08:00;184;2 - Acidente com VITIMA;320,6;BR-101/RJ;Norte;Tombamento;;;;1;;1;;;;;1;1;;;
11/12/2020;19:16:00;186;3 - Acidente com Danos Materiais;295,057;BR-101/RJ;Sul;Colisão Lateral;2;;;;;;;;;;7;;;;
11/12/2020;21:17:00;202;3 - Acidente com Danos Materiais;313,3;BR-101/RJ;Norte;Colisão Traseira;2;;;;;;;;;;2;;;;
12/12/2020;02:54:00;13;3 - Acidente com Danos Materiais;302,22;BR-101/RJ;Norte;Choque - Defensa, barreira ou "submarino";1;;;;;;;;;;1;;;;
12/12/2020;05:16:00;24;2 - Acidente com VITIMA;278,22;BR-101/RJ;Norte;Choque - Outros;;;;1;;;;;;;0;1;;;
12/12/2020;07:31:00;43;3 - Acidente com Danos Materiais;119,15;BR-101/RJ;Norte;Atropelamento de Animal;1;;;;;;;;;;1;;;;
12/12/2020;16:41:00;159;2 - Acidente com VITIMA;272,197;BR-101/RJ;Sul;Choque - Defensa, barreira ou "submarino";1;;;;;;;;;;4;1;;;
12/12/2020;17:38:00;166;3 - Acidente com Danos Materiais;316,236;BR-101/RJ;Norte;Engavetamento;2;;;;;1;;;;;7;;;;
12/12/2020;19:15:00;182;2 - Acidente com VITIMA;54,901;BR-101/RJ;Norte;Atropelamento - Outros;;;;1;;;;;;;0;1;;1;
12/12/2020;20:37:00;195;3 - Acidente com Danos Materiais;61,717;BR-101/RJ;Sul;Choque - Outros;2;;;;;;;;;;2;;;;
13/12/2020;06:10:00;22;3 - Acidente com Danos Materiais;312,69;BR-101/RJ;Sul;Colisão Traseira;2;;;;;;;;;;2;;;;
13/12/2020;11:58:00;66;3 - Acidente com Danos Materiais;135,529;BR-101/RJ;Sul;Colisão Lateral;1;;1;;;;;;;;2;;;;
13/12/2020;16:15:00;102;2 - Acidente com VITIMA;293,196;BR-101/RJ;Sul;Colisão Lateral;1;;;1;;;;;;;5;1;;;
13/12/2020;16:28:00;105;3 - Acidente com Danos Materiais;293,196;BR-101/RJ;Sul;Colisão Lateral;2;;;;;;;;;;2;;;;
13/12/2020;16:57:00;109;2 - Acidente com VITIMA;117,987;BR-101/RJ;Sul;Choque - Elemento de Drenagem;1;;;;;;;;;;1;1;;;
13/12/2020;17:08:00;112;2 - Acidente com VITIMA;311,045;BR-101/RJ;Sul;Engavetamento;3;;;;;;;;;;3;1;1;;
13/12/2020;19:44:00;140;3 - Acidente com Danos Materiais;64,552;BR-101/RJ;Norte;Outros - Sequência;3;;;;;;;;;;8;;;;
13/12/2020;20:03:00;143;2 - Acidente com VITIMA;119,363;BR-101/RJ;Norte;Tombamento;;1;;;;;;;;;0;1;;;
13/12/2020;22:34:00;167;2 - Acidente com VITIMA;228,667;BR-101/RJ;Sul;Choque - Defensa, barreira ou "submarino";;;1;;;;;;;;0;;1;;
13/12/2020;23:32:00;173;3 - Acidente com Danos Materiais;228,665;BR-101/RJ;Sul;Colisão Traseira;2;;;;;;;;;;2;;;;
14/12/2020;00:11:00;4;3 - Acidente com Danos Materiais;228,493;BR-101/RJ;Norte;Colisão Traseira;2;;;;;;;;;;3;;;;
14/12/2020;06:37:00;34;3 - Acidente com Danos Materiais;299,959;BR-101/RJ;Sul;Colisão Lateral;1;;;;1;;;;;;11;;;;
14/12/2020;06:53:00;39;3 - Acidente com Danos Materiais;308,727;BR-101/RJ;Sul;Engavetamento;4;;;;;;;;;;4;;;;
14/12/2020;07:06:00;45;3 - Acidente com Danos Materiais;308,727;BR-101/RJ;Sul;Colisão Traseira;2;;;;;;;;;;4;;;;
14/12/2020;08:20:00;63;2 - Acidente com VITIMA;298,5;BR-101/RJ;Norte;Tombamento;;;;1;;;;;;;0;1;;;
14/12/2020;09:10:00;79;3 - Acidente com Danos Materiais;59,413;BR-101/RJ;Norte;Colisão Transversal;1;;;;1;;;;;;4;;;;
14/12/2020;14:43:00;149;2 - Acidente com VITIMA;275,07;BR-101/RJ;Norte;Colisão Traseira;2;;;;;;;;;;10;2;;;
14/12/2020;15:40:00;161;2 - Acidente com VITIMA;192,4;BR-101/RJ;Sul;Atropelamento - Ciclista;;1;;;;1;;;;;1;1;;;
14/12/2020;16:27:00;171;3 - Acidente com Danos Materiais;311,2;BR-101/RJ;Norte;Colisão Traseira;2;;;;;;;;;;3;;;;
14/12/2020;21:19:00;212;3 - Acidente com Danos Materiais;203,2;BR-101/RJ;Sul;Colisão Transversal;2;;;;;;;;;;2;;;;
14/12/2020;23:18:00;229;2 - Acidente com VITIMA;0,9;BR-101/RJ;Norte;Colisão Lateral;;;2;;;;;;;;2;1;;;
15/12/2020;01:29:00;8;2 - Acidente com VITIMA;124,6;BR-101/RJ;Norte;Colisão Traseira;;;1;;1;;;;;;22;1;;;
15/12/2020;10:10:00;76;2 - Acidente com VITIMA;64,521;BR-101/RJ;Sul;Colisão Frontal;;;;2;;;;;;;0;2;;;
15/12/2020;12:44:00;122;2 - Acidente com VITIMA;294,5;BR-101/RJ;Sul;Colisão Lateral;1;;;1;;2;;;;;3;1;;;
15/12/2020;14:19:00;148;3 - Acidente com Danos Materiais;272,405;BR-101/RJ;Norte;Capotamento;1;;;;;;;;;;1;;;;
15/12/2020;16:38:00;185;2 - Acidente com VITIMA;311,304;BR-101/RJ;Norte;Engavetamento;4;;;;;;;;;;5;1;;;
15/12/2020;23:02:00;246;2 - Acidente com VITIMA;191,135;BR-101/RJ;Norte;Colisão Lateral;1;;1;;;;;;;;1;;1;;
16/12/2020;13:17:00;126;2 - Acidente com VITIMA;252,72;BR-101/RJ;Norte;Colisão Traseira;;;2;;;;;;;;0;2;1;;
16/12/2020;16:53:00;167;2 - Acidente com VITIMA;46,05;BR-101/RJ;Sul;Atropelamento de Animal;;;;1;;;;;;;0;1;;;
17/12/2020;06:36:00;21;3 - Acidente com Danos Materiais;301,5;BR-101/RJ;Norte;Colisão Lateral;;;;;;1;;;;1;2;;;;
17/12/2020;09:13:00;61;2 - Acidente com VITIMA;227,7;BR-101/RJ;Sul;Engavetamento;6;;2;;;;;;;2;27;4;1;;
17/12/2020;10:08:00;71;2 - Acidente com VITIMA;262,4;BR-101/RJ;Norte;Colisão Traseira;2;;;;;1;;;;;2;1;;;
17/12/2020;13:02:00;100;3 - Acidente com Danos Materiais;309,1;BR-101/RJ;Norte;Engavetamento;2;;;;;1;;;;;4;;;;
17/12/2020;21:38:00;188;3 - Acidente com Danos Materiais;283,15;BR-101/RJ;Norte;Choque - Defensa, barreira ou "submarino";1;;;;;;;;;;1;;;;
18/12/2020;06:52:00;23;3 - Acidente com Danos Materiais;71,95;BR-101/RJ;Norte;Atropelamento de Animal;1;;;;;;;;;;1;;;;
18/12/2020;12:22:00;104;2 - Acidente com VITIMA;295,3;BR-101/RJ;Norte;Outros - Sequência;2;;1;;;;;;;;2;;3;;
18/12/2020;12:27:00;105;2 - Acidente com VITIMA;179,01;BR-101/RJ;Sul;Colisão Lateral;1;;1;;;;;;;;4;;1;;
18/12/2020;16:35:00;163;3 - Acidente com Danos Materiais;308,356;BR-101/RJ;Norte;Engavetamento;3;;;;;;;;;;3;;;;
18/12/2020;16:40:00;164;3 - Acidente com Danos Materiais;308,356;BR-101/RJ;Norte;Colisão Traseira;2;;;;;;;;;;2;;;;
18/12/2020;17:05:00;166;3 - Acidente com Danos Materiais;297,9;BR-101/RJ;Sul;Colisão Lateral;1;;;;;1;;;;;3;;;;
18/12/2020;18:59:00;189;2 - Acidente com VITIMA;217,5;BR-101/RJ;Sul;Choque - Defensa, barreira ou "submarino";1;;;;;;;;;;1;1;;;
18/12/2020;20:18:00;201;3 - Acidente com Danos Materiais;67,05;BR-101/RJ;Norte;Colisão Traseira;2;;;;;1;;;;;3;;;;
18/12/2020;20:30:00;203;3 - Acidente com Danos Materiais;87,15;BR-101/RJ;Norte;Capotamento;1;;;;;;;;;;2;;;;
19/12/2020;00:07:00;4;2 - Acidente com VITIMA;319,4;BR-101/RJ;Norte;Choque - Poste;1;;;;;;;;;;0;;1;;
19/12/2020;04:39:00;18;1 - Acidente com Vitima Fatal;41,35;BR-101/RJ;Sul;Colisão Traseira;;1;;;1;;;;;;25;;;;1
19/12/2020;09:05:00;67;3 - Acidente com Danos Materiais;297,42;BR-101/RJ;Norte;Colisão Traseira;3;;;;;;;;;;3;;;;
19/12/2020;09:19:00;70;2 - Acidente com VITIMA;144,1;BR-101/RJ;Sul;Capotamento;1;;;;;;;;;;2;1;;;
19/12/2020;10:07:00;85;2 - Acidente com VITIMA;44,9;BR-101/RJ;Sul;Colisão Traseira;1;;;1;;;;;;;2;2;;;
19/12/2020;14:27:00;133;2 - Acidente com VITIMA;232,555;BR-101/RJ;Sul;Choque - Defensa, barreira ou "submarino";1;;;;;;;;;;1;1;;;
19/12/2020;14:56:00;140;2 - Acidente com VITIMA;265,455;BR-101/RJ;Sul;Tombamento;;;1;1;;;;;;;1;;2;;
19/12/2020;15:15:00;142;3 - Acidente com Danos Materiais;99,2;BR-101/RJ;Norte;Choque - Defensa, barreira ou "submarino";1;;;;;;;;;;1;;;;
19/12/2020;17:26:00;156;2 - Acidente com VITIMA;274,5;BR-101/RJ;Norte;Capotamento;1;;;;;;;;;;0;;1;;
19/12/2020;21:22:00;185;2 - Acidente com VITIMA;59,9;BR-101/RJ;Norte;Colisão Transversal;1;;;1;;;;;;;0;2;;;
19/12/2020;21:46:00;188;3 - Acidente com Danos Materiais;312,5;BR-101/RJ;Norte;Colisão Traseira;2;;;;;;;;;;4;;;;
20/12/2020;05:52:00;18;3 - Acidente com Danos Materiais;309,7;BR-101/RJ;Norte;Atropelamento de Animal;1;;;;;;;;;;1;;;;
20/12/2020;06:26:00;19;2 - Acidente com VITIMA;205,1;BR-101/RJ;Sul;Colisão Transversal;2;;;;;;;;;;0;3;;;
20/12/2020;07:08:00;26;2 - Acidente com VITIMA;274,9;BR-101/RJ;Norte;Colisão Lateral;1;;;1;;;;;;;1;1;;;
20/12/2020;13:40:00;92;2 - Acidente com VITIMA;54,4;BR-101/RJ;Norte;Colisão Transversal;2;;;;;;;;;;1;2;;;
21/12/2020;08:07:00;51;3 - Acidente com Danos Materiais;311,7;BR-101/RJ;Sul;Colisão Traseira;2;;;;;;;;;;2;;;;
21/12/2020;08:14:00;53;2 - Acidente com VITIMA;58,9;BR-101/RJ;Sul;Colisão Traseira;;;;1;;1;;;;;1;;1;;
21/12/2020;08:49:00;65;3 - Acidente com Danos Materiais;99,5;BR-101/RJ;Sul;Colisão Lateral;2;;;;;;;;;;2;;;;
21/12/2020;10:07:00;86;2 - Acidente com VITIMA;50,861;BR-101/RJ;Norte;Colisão Frontal;;;;1;;1;;;;;1;2;;;
21/12/2020;13:54:00;131;3 - Acidente com Danos Materiais;228,497;BR-101/RJ;Sul;Choque - Defensa, barreira ou "submarino";1;;;;;;;;;;1;;;;
21/12/2020;15:20:00;151;2 - Acidente com VITIMA;243,243;BR-101/RJ;Norte;Colisão Transversal;1;;1;;;;;;;;1;;4;;