data;horario;n_da_ocorrencia;tipo_de_ocorrencia;km;trecho;sentido;tipo_de_acidente;automovel;bicicleta;caminhao;moto;onibus;outros;tracao_animal;transporte_de_cargas_especiais;trator_maquinas;utilitarios;ilesos;levemente_feridos;moderadamente_feridos;gravemente_feridos;mortos
21/12/2020;17:50:00;190;3 - Acidente com Danos Materiais;318,357;BR-101/RJ;Norte;Colisão Traseira;2;;;;;;;;;;2;;;;
21/12/2020;18:48:00;200;2 - Acidente com VITIMA;49,15;BR-101/RJ;Norte;Colisão Transversal;1;;;1;;;;;;;1;;1;;
21/12/2020;21:20:00;229;3 - Acidente com Danos Materiais;283,625;BR-101/RJ;Norte;Colisão Lateral;1;;1;;;;;;;;2;;;;
22/12/2020;01:22:00;13;3 - Acidente com Danos Materiais;308,3;BR-101/RJ;Norte;Atropelamento de Animal;1;;;;;;;;;;1;;;;
22/12/2020;03:48:00;19;3 - Acidente com Danos Materiais;120,155;BR-101/RJ;Sul;Colisão Traseira;;;2;;;;;;;;2;;;;
22/12/2020;03:50:00;20;3 - Acidente com Danos Materiais;62,289;BR-101/RJ;Norte;Colisão Traseira;;;2;;;;;;;;2;;;;
22/12/2020;07:00:00;43;1 - Acidente com Vitima Fatal;82,697;BR-101/RJ;Sul;Objeto lançado contra veículo;2;;1;;;;;;;;2;4;;;1
22/12/2020;07:45:00;55;2 - Acidente com VITIMA;58,01;BR-101/RJ;Norte;Colisão Traseira;2;;;;;;;;;;3;1;;;
22/12/2020;09:19:00;86;2 - Acidente com VITIMA;16,1;BR-101/RJ;Norte;Capotamento;1;;;;;;;;;;0;1;;;
22/12/2020;12:44:00;136;2 - Acidente com VITIMA;59,1;BR-101/RJ;Norte;Outros;;;;1;;1;;;;;1;1;;;
22/12/2020;13:33:00;142;3 - Acidente com Danos Materiais;321,78;BR-101/RJ;Sul;Engavetamento;2;;;;;1;;;;;5;;;;
22/12/2020;13:40:00;143;2 - Acidente com VITIMA;294,2;BR-101/RJ;Sul;Colisão Lateral;1;;;1;;;;;;;1;1;;;
22/12/2020;13:54:00;150;3 - Acidente com Danos Materiais;113,098;BR-101/RJ;Norte;Choque - Defensa, barreira ou "submarino";1;;;;;;;;;;1;;;;
22/12/2020;15:13:00;162;3 - Acidente com Danos Materiais;229,759;BR-101/RJ;Sul;Choque - Defensa, barreira ou "submarino";1;;;;;;;;;;3;;;;
22/12/2020;15:51:00;169;2 - Acidente com VITIMA;296,404;BR-101/RJ;Sul;Colisão Traseira;2;;;;;;;;;;4;2;;;
22/12/2020;16:08:00;172;3 - Acidente com Danos Materiais;231,5;BR-101/RJ;Sul;Choque - Talude;1;;;;;;;;;;3;;;;
22/12/2020;17:24:00;188;2 - Acidente com VITIMA;308,2;BR-101/RJ;Sul;Tombamento;;;;1;;;;;;;0;2;;;
22/12/2020;17:30:00;190;2 - Acidente com VITIMA;197,26;BR-101/RJ;Sul;Choque - Defensa, barreira ou "submarino";1;;;;;;;;;;0;1;;;
22/12/2020;17:41:00;193;3 - Acidente com Danos Materiais;266,1;BR-101/RJ;Norte;Choque - Defensa, barreira ou "submarino";1;;;;;;;;;;2;;;;
22/12/2020;19:13:00;216;3 - Acidente com Danos Materiais;316,098;BR-101/RJ;Norte;Colisão Traseira;;;2;;;;;;;;2;;;;
22/12/2020;22:13:00;247;2 - Acidente com VITIMA;276,34;BR-101/RJ;Norte;Colisão Traseira;;;2;;;;;;;;1;;1;;
22/12/2020;23:31:00;255;2 - Acidente com VITIMA;318,409;BR-101/RJ;Sul;Choque - Defensa, barreira ou "submarino";;;;;;;;;;1;0;;1;;
23/12/2020;05:29:00;23;2 - Acidente com VITIMA;195,454;BR-101/RJ;Sul;Choque - Talude;1;;;;;;;;;;1;2;;;
23/12/2020;06:57:00;37;3 - Acidente com Danos Materiais;159,113;BR-101/RJ;Sul;Colisão Traseira;2;;;;;;;;;;6;;;;
23/12/2020;09:26:00;67;3 - Acidente com Danos Materiais;210,012;BR-101/RJ;Sul;Choque - Defensa, barreira ou "submarino";;;;;;;;;;1;3;;;;
23/12/2020;11:50:00;105;3 - Acidente com Danos Materiais;8,1;BR-101/RJ;Sul;Choque - Suporte de Sinalização;1;;;;;;;;;;2;;;;
23/12/2020;12:48:00;113;3 - Acidente com Danos Materiais;193,3;BR-101/RJ;Norte;Colisão Traseira;2;;;;;;;;;;2;;;;
23/12/2020;13:47:00;126;3 - Acidente com Danos Materiais;164,5;BR-101/RJ;Sul;Choque - Outros;1;;;;;;;;;;1;;;;
23/12/2020;14:03:00;130;3 - Acidente com Danos Materiais;318,2;BR-101/RJ;Sul;Engavetamento;4;;;;;;;;;;10;;;;
23/12/2020;14:10:00;132;3 - Acidente com Danos Materiais;247,865;BR-101/RJ;Sul;Choque - Suporte de Sinalização;1;;;;;;;;;;2;;;;
23/12/2020;14:23:00;133;3 - Acidente com Danos Materiais;297,5;BR-101/RJ;Norte;Colisão Lateral;1;;1;;;;;;;;2;;;;
23/12/2020;14:25:00;134;3 - Acidente com Danos Materiais;195,4;BR-101/RJ;Norte;Choque - Elemento de Drenagem;1;;;;;;;;;;5;;;;
23/12/2020;15:04:00;142;2 - Acidente com VITIMA;80,4;BR-101/RJ;Sul;Tombamento;;;1;;;;;;;;0;2;;;
23/12/2020;17:05:00;172;2 - Acidente com VITIMA;294,115;BR-101/RJ;Sul;Capotamento;1;;;;;;;;;1;1;1;;;
23/12/2020;17:23:00;179;3 - Acidente com Danos Materiais;195,451;BR-101/RJ;Sul;Choque - Outros;1;;;;;;;;;;1;;;;
23/12/2020;17:29:00;183;2 - Acidente com VITIMA;234,338;BR-101/RJ;Norte;Choque - Defensa, barreira ou "submarino";1;;;;;;;;;;0;1;;;
23/12/2020;17:49:00;186;3 - Acidente com Danos Materiais;192,83;BR-101/RJ;Sul;Colisão Traseira;2;;;;;;;;;;3;;;;
23/12/2020;18:30:00;191;3 - Acidente com Danos Materiais;265,876;BR-101/RJ;Sul;Choque - Defensa, barreira ou "submarino";1;;;;;;;;;;1;;;;
23/12/2020;22:15:00;228;1 - Acidente com Vitima Fatal;215,743;BR-101/RJ;Norte;Outros - Sequência;1;;;;1;;;;;;28;;;;4
23/12/2020;23:58:00;243;3 - Acidente com Danos Materiais;276,215;BR-101/RJ;Sul;Saida de Pista;1;;;;;;;;;;1;;;;
24/12/2020;05:23:00;19;3 - Acidente com Danos Materiais;215,77;BR-101/RJ;Sul;Choque - Defensa, barreira ou "submarino";1;;;;;;;;;;5;;;;
24/12/2020;06:19:00;22;3 - Acidente com Danos Materiais;196,395;BR-101/RJ;Norte;Choque - Defensa, barreira ou "submarino";1;;;;;;;;;;1;;;;
24/12/2020;08:43:00;51;3 - Acidente com Danos Materiais;67,885;BR-101/RJ;Norte;Engavetamento;3;;;;;;;;;;8;;;;
24/12/2020;09:05:00;59;3 - Acidente com Danos Materiais;283,3;BR-101/RJ;Sul;Choque - Defensa, barreira ou "submarino";1;;;;;;;;;;2;;;;
24/12/2020;09:50:00;73;3 - Acidente com Danos Materiais;261,357;BR-101/RJ;Sul;Choque - Defensa, barreira ou "submarino";1;;;;;;;;;;1;;;;
24/12/2020;11:05:00;87;3 - Acidente com Danos Materiais;36,086;BR-101/RJ;Norte;Choque - Suporte de Sinalização;1;;;;;;;;;;1;;;;
24/12/2020;11:49:00;94;3 - Acidente com Danos Materiais;70,549;BR-101/RJ;Norte;Colisão Traseira;2;;;;;;;;;;4;;;;
24/12/2020;11:56:00;95;3 - Acidente com Danos Materiais;5,5;BR-101/RJ;Sul;Choque - Outros;1;;;;;;;;;;3;;;;
24/12/2020;12:30:00;104;3 - Acidente com Danos Materiais;5,45;BR-101/RJ;Sul;Colisão Traseira;1;;1;;;;;;;;6;;;;
24/12/2020;13:54:00;115;3 - Acidente com Danos Materiais;136,5;BR-101/RJ;Norte;Choque - Defensa, barreira ou "submarino";1;;;;;;;;;;2;;;;
24/12/2020;14:16:00;120;3 - Acidente com Danos Materiais;91,744;BR-101/RJ;Norte;Choque - Defensa, barreira ou "submarino";1;;;;;;;;;;2;;;;
24/12/2020;15:58:00;132;3 - Acidente com Danos Materiais;262,386;BR-101/RJ;Norte;Choque - Elemento de Drenagem;1;;;;;;;;;;1;;;;
24/12/2020;17:17:00;143;3 - Acidente com Danos Materiais;99,501;BR-101/RJ;Norte;Choque - Defensa, barreira ou "submarino";1;;;;;;;;;;1;;;;
24/12/2020;19:55:00;169;2 - Acidente com VITIMA;254,444;BR-101/RJ;Sul;Choque - Defensa, barreira ou "submarino";1;;;;;;;;;;0;2;;;
24/12/2020;19:55:00;170;3 - Acidente com Danos Materiais;317,331;BR-101/RJ;Sul;Choque - Defensa, barreira ou "submarino";2;;;;;;;;;;4;;;;
24/12/2020;22:11:00;185;3 - Acidente com Danos Materiais;230,15;BR-101/RJ;Sul;Choque - Talude;1;;;;;;;;;;1;;;;
24/12/2020;22:15:00;186;2 - Acidente com VITIMA;277,581;BR-101/RJ;Norte;Colisão Traseira;;;;1;;1;;;;;1;;;1;
24/12/2020;22:16:00;187;3 - Acidente com Danos Materiais;306,376;BR-101/RJ;Norte;Choque - Defensa, barreira ou "submarino";1;;;;;;;;;;1;;;;
24/12/2020;23:47:00;200;2 - Acidente com VITIMA;60,726;BR-101/RJ;Sul;Colisão Transversal;;;;1;;1;;;;;1;1;;;
25/12/2020;00:14:00;3;3 - Acidente com Danos Materiais;262,116;BR-101/RJ;Norte;Choque - Defensa, barreira ou "submarino";1;;;;;;;;;;5;;;;
25/12/2020;04:34:00;16;2 - Acidente com VITIMA;52,742;BR-101/RJ;Sul;Colisão Transversal;1;;1;;;;;;;;3;1;;;
25/12/2020;05:35:00;21;3 - Acidente com Danos Materiais;66,491;BR-101/RJ;Sul;Choque - Outros;1;;;;;;;;;;2;;;;
25/12/2020;15:02:00;89;2 - Acidente com VITIMA;321,6;BR-101/RJ;Norte;Capotamento;1;;;;;;;;;;5;1;;;
25/12/2020;16:10:00;93;2 - Acidente com VITIMA;282,767;BR-101/RJ;Norte;Tombamento;;;;1;;;;;;;0;;;2;
25/12/2020;16:43:00;98;2 - Acidente com VITIMA;181,124;BR-101/RJ;Sul;Choque - Talude;1;;;;;;;;;;2;1;;;
25/12/2020;17:06:00;100;3 - Acidente com Danos Materiais;184,822;BR-101/RJ;Sul;Choque - Talude;1;;;;;;;;;;2;;;;
25/12/2020;19:38:00;117;2 - Acidente com VITIMA;321,9;BR-101/RJ;Norte;Outros;1;;;1;;;;;;;1;1;;;
25/12/2020;23:11:00;137;2 - Acidente com VITIMA;273,542;BR-101/RJ;Sul;Colisão Traseira;1;;;1;;;;;;;1;;1;;
26/12/2020;07:08:00;24;2 - Acidente com VITIMA;258,597;BR-101/RJ;Sul;Colisão Traseira;2;;;;;;;;;;1;2;;;
26/12/2020;11:53:00;74;2 - Acidente com VITIMA;299,3;BR-101/RJ;Sul;Outros - Sequência;1;;;;;;;;;;1;;1;;
26/12/2020;11:57:00;76;2 - Acidente com VITIMA;232,996;BR-101/RJ;Sul;Tombamento;;;;1;;;;;;;0;2;;;
26/12/2020;13:38:00;94;3 - Acidente com Danos Materiais;302,5;BR-101/RJ;Norte;Colisão Traseira;1;;;;;1;;;;;8;;;;
26/12/2020;13:47:00;98;2 - Acidente com VITIMA;210,1;BR-101/RJ;Norte;Choque - Defensa, barreira ou "submarino";1;;;;;;;;;;2;2;1;;
26/12/2020;15:37:00;114;3 - Acidente com Danos Materiais;249,621;BR-101/RJ;Sul;Colisão Traseira;2;;;;;;;;;;2;;;;
26/12/2020;16:23:00;118;2 - Acidente com VITIMA;260,644;BR-101/RJ;Norte;Choque - Defensa, barreira ou "submarino";1;;;;;;;;;;4;1;;;
26/12/2020;17:20:00;129;2 - Acidente com VITIMA;317,18;BR-101/RJ;Norte;Colisão Traseira;2;;;;;;;;;;4;1;;;
26/12/2020;19:28:00;149;2 - Acidente com VITIMA;297,899;BR-101/RJ;Sul;Engavetamento;2;;;;;1;;;;;3;1;;;
26/12/2020;20:33:00;160;3 - Acidente com Danos Materiais;297,063;BR-101/RJ;Sul;Engavetamento;3;;;;;;;;;;8;;;;
26/12/2020;22:54:00;176;3 - Acidente com Danos Materiais;289,319;BR-101/RJ;Sul;Saida de Pista;1;;;;;;;;;;3;;;;
26/12/2020;23:37:00;181;2 - Acidente com VITIMA;68,658;BR-101/RJ;Sul;Capotamento;1;;;;;1;;;;;1;2;;;
27/12/2020;06:00:00;17;3 - Acidente com Danos Materiais;282,734;BR-101/RJ;Sul;Choque - Defensa, barreira ou "submarino";1;;;;;;;;;;5;;;;
27/12/2020;06:30:00;20;3 - Acidente com Danos Materiais;282,916;BR-101/RJ;Norte;Choque - Defensa, barreira ou "submarino";1;;;;;;;;;;1;;;;
27/12/2020;10:14:00;62;3 - Acidente com Danos Materiais;282,887;BR-101/RJ;Sul;Choque - Defensa, barreira ou "submarino";1;;;;;;;;;;2;;;;
27/12/2020;11:18:00;81;2 - Acidente com VITIMA;283,046;BR-101/RJ;Sul;Choque - Defensa, barreira ou "submarino";1;;;;;;;;;;4;1;;;
27/12/2020;20:25:00;189;3 - Acidente com Danos Materiais;62,46;BR-101/RJ;Norte;Colisão Traseira;2;;;;;;;;;;6;;;;
27/12/2020;20:39:00;194;2 - Acidente com VITIMA;315,589;BR-101/RJ;Norte;Tombamento;;;;1;;;;;;;0;;1;;
27/12/2020;21:28:00;198;2 - Acidente com VITIMA;259,97;BR-101/RJ;Sul;Colisão Traseira;;;;1;;1;;;;;1;;1;;
27/12/2020;21:30:00;200;2 - Acidente com VITIMA;74,2;BR-101/RJ;Sul;Atropelamento - Morador;;;;;;1;;;;;1;1;;;
28/12/2020;01:31:00;8;3 - Acidente com Danos Materiais;282,772;BR-101/RJ;Sul;Choque - Defensa, barreira ou "submarino";1;;;;;;;;;;2;;;;
28/12/2020;07:30:00;30;2 - Acidente com VITIMA;288,809;BR-101/RJ;Sul;Tombamento;;;1;;;;;;;;0;1;;;
28/12/2020;14:10:00;123;2 - Acidente com VITIMA;302,108;BR-101/RJ;Norte;Engavetamento;3;;;;;;;;;;8;1;;;
28/12/2020;16:20:00;152;3 - Acidente com Danos Materiais;310,8;BR-101/RJ;Norte;Colisão Lateral;1;;;;;1;;;;;2;;;;
28/12/2020;17:22:00;169;2 - Acidente com VITIMA;318,619;BR-101/RJ;Norte;Colisão Lateral;;;;1;;1;;;;;1;1;;;
28/12/2020;17:29:00;170;3 - Acidente com Danos Materiais;65,065;BR-101/RJ;Sul;Colisão Transversal;2;;;;;;;;;;2;;;;
28/12/2020;18:38:00;183;2 - Acidente com VITIMA;293,302;BR-101/RJ;Sul;Outros - Sequência;1;;;1;1;;;;;;1;2;;;
28/12/2020;19:35:00;192;2 - Acidente com VITIMA;318,227;BR-101/RJ;Norte;Colisão Lateral;1;;;1;;;;;;;2;1;;;
28/12/2020;20:59:00;201;3 - Acidente com Danos Materiais;318,401;BR-101/RJ;Norte;Colisão Lateral;1;;1;;;;;;;;4;;;;
28/12/2020;21:19:00;206;2 - Acidente com VITIMA;241,915;BR-101/RJ;Norte;Choque - Defensa, barreira ou "submarino";;;;;;;;;;1;0;1;;;
29/12/2020;09:32:00;64;3 - Acidente com Danos Materiais;206,397;BR-101/RJ;Sul;Colisão Transversal;1;;;;1;;;;;;16;;;;
29/12/2020;10:43:00;84;2 - Acidente com VITIMA;275,856;BR-101/RJ;Norte;Choque - Defensa, barreira ou "submarino";1;;;;;;;;;;0;2;;;
29/12/2020;11:24:00;96;3 - Acidente com Danos Materiais;268,15;BR-101/RJ;Sul;Engavetamento;2;;;;;1;;;;;3;;;;
29/12/2020;12:10:00;105;2 - Acidente com VITIMA;297,416;BR-101/RJ;Norte;Colisão Traseira;1;;;1;;;;;;;4;1;;;
29/12/2020;14:41:00;143;3 - Acidente com Danos Materiais;246,445;BR-101/RJ;Sul;Choque - Defensa, barreira ou "submarino";1;;;;;;;;;;3;;;;
29/12/2020;15:23:00;153;2 - Acidente com VITIMA;78,513;BR-101/RJ;Sul;Outros - Sequência;2;;1;;;;;;;;5;1;;;
29/12/2020;20:04:00;206;3 - Acidente com Danos Materiais;283,297;BR-101/RJ;Sul;Choque - Defensa, barreira ou "submarino";1;;;;;;;;;;3;;;;
29/12/2020;20:33:00;212;1 - Acidente com Vitima Fatal;312,505;BR-101/RJ;Sul;Colisão Lateral;1;;;1;;;;;;;1;;;;1
29/12/2020;21:41:00;216;2 - Acidente com VITIMA;265,366;BR-101/RJ;Norte;Colisão Traseira;2;;;;;;;;;;2;1;;;
29/12/2020;21:43:00;217;3 - Acidente com Danos Materiais;315,541;BR-101/RJ;Norte;Colisão Traseira;1;;;;;1;;;;;2;;;;
30/12/2020;10:42:00;109;2 - Acidente com VITIMA;294,887;BR-101/RJ;Norte;Colisão Lateral;1;;;1;;1;;;;;3;1;;;
30/12/2020;11:12:00;116;2 - Acidente com VITIMA;312,683;BR-101/RJ;Norte;Outros - Sequência;3;;;;;;;;;;4;1;;1;
30/12/2020;16:28:00;189;3 - Acidente com Danos Materiais;297,9;BR-101/RJ;Norte;Choque - Elemento de Drenagem;1;;;;;;;;;;4;;;;
30/12/2020;18:30:00;215;3 - Acidente com Danos Materiais;297,439;BR-101/RJ;Sul;Colisão Lateral;1;;1;;;;;;;;2;;;;
30/12/2020;18:31:00;216;3 - Acidente com Danos Materiais;91,5;BR-101/RJ;Sul;Tombamento;;;;1;;;;;;;2;;;;
30/12/2020;19:12:00;228;2 - Acidente com VITIMA;306,691;BR-101/RJ;Norte;Engavetamento;2;;;;;1;;;;;3;1;;;
31/12/2020;10:48:00;78;2 - Acidente com VITIMA;197,773;BR-101/RJ;Sul;Capotamento;;;;;;;;;;1;1;2;;;
31/12/2020;14:32:00;129;3 - Acidente com Danos Materiais;299,445;BR-101/RJ;Norte;Colisão Traseira;2;;;;;;;;;;7;;;;
31/12/2020;14:43:00;135;2 - Acidente com VITIMA;61,4;BR-101/RJ;Norte;Engavetamento;3;;;;;;;;;;5;3;;;
31/12/2020;14:58:00;140;2 - Acidente com VITIMA;72,751;BR-101/RJ;Norte;Capotamento;1;;;;;;;;;;0;3;1;;
31/12/2020;16:45:00;165;2 - Acidente com VITIMA;308,91;BR-101/RJ;Norte;Tombamento;;;;1;;;;;;;0;1;;;
01/01/2021;03:39:00;24;2 - Acidente com VITIMA;67,801;BR-101/RJ;Sul;Colisão Frontal;2;;;;;;;;;;1;3;1;;
01/01/2021;10:11:00;58;3 - Acidente com Danos Materiais;83,682;BR-101/RJ;Norte;Colisão Transversal;1;;;;;1;;;;;5;;;;
01/01/2021;13:12:00;78;2 - Acidente com VITIMA;184,138;BR-101/RJ;Sul;Choque - Defensa, barreira ou "submarino";1;;;;;;;;;;0;2;;;
01/01/2021;15:31:00;100;3 - Acidente com Danos Materiais;261,403;BR-101/RJ;Sul;Colisão Traseira;2;;;;;;;;;;2;;;;
01/01/2021;18:21:00;121;2 - Acidente com VITIMA;282,771;BR-101/RJ;Norte;Colisão Frontal;2;;;;;;;;;;6;2;;;
01/01/2021;22:43:00;144;3 - Acidente com Danos Materiais;262,22;BR-101/RJ;Norte;Choque - Defensa, barreira ou "submarino";1;;;;;;;;;;4;;;;
02/01/2021;03:05:00;10;3 - Acidente com Danos Materiais;266,15;BR-101/RJ;Norte;Choque - Defensa, barreira ou "submarino";1;;;;;;;;;;1;;;;
02/01/2021;08:12:00;19;3 - Acidente com Danos Materiais;310,19;BR-101/RJ;Norte;Choque - Defensa, barreira ou "submarino";1;;;;;;;;;;1;;;;
02/01/2021;09:12:00;25;3 - Acidente com Danos Materiais;64,3;BR-101/RJ;Sul;Colisão Transversal;2;;;;;;;;;;6;;;;
02/01/2021;11:11:00;49;2 - Acidente com VITIMA;260,907;BR-101/RJ;Norte;Choque - Defensa, barreira ou "submarino";1;;;;;;;;;;3;1;;;
02/01/2021;14:55:00;81;2 - Acidente com VITIMA;50,872;BR-101/RJ;Norte;Outros;;;;1;;1;;;;;1;;1;;
02/01/2021;17:05:00;104;3 - Acidente com Danos Materiais;76,567;BR-101/RJ;Sul;Engavetamento;1;;1;;;1;;;;;7;;;;
02/01/2021;19:08:00;125;2 - Acidente com VITIMA;282,342;BR-101/RJ;Sul;Colisão Traseira;2;;;;;;;;;;3;1;;;
02/01/2021;19:18:00;128;2 - Acidente com VITIMA;12,5;BR-101/RJ;Sul;Tombamento;;;;1;;;;;;;1;1;;;
02/01/2021;22:35:00;165;3 - Acidente com Danos Materiais;311,344;BR-101/RJ;Sul;Choque - Defensa, barreira ou "submarino";2;;;;;;;;;;4;;;;
02/01/2021;23:19:00;169;3 - Acidente com Danos Materiais;318,47;BR-101/RJ;Norte;Capotamento;1;;;;;;;;;;1;;;;
03/01/2021;06:08:00;26;3 - Acidente com Danos Materiais;197,35;BR-101/RJ;Sul;Choque - Defensa, barreira ou "submarino";1;;;;;;;;;;2;;;;
03/01/2021;06:17:00;29;3 - Acidente com Danos Materiais;295,517;BR-101/RJ;Norte;Choque - Talude;1;;;;;;;;;;2;;;;
03/01/2021;06:29:00;31;3 - Acidente com Danos Materiais;287,453;BR-101/RJ;Sul;Colisão Lateral;1;;1;;;;;;;;3;;;;
03/01/2021;06:31:00;32;2 - Acidente com VITIMA;209,1;BR-101/RJ;Sul;Choque - Defensa, barreira ou "submarino";1;;;;;;;;;;0;1;;;
03/01/2021;07:46:00;46;3 - Acidente com Danos Materiais;250,15;BR-101/RJ;Norte;Choque - Defensa, barreira ou "submarino";1;;;;;;;;;;4;;;;
03/01/2021;09:39:00;61;2 - Acidente com VITIMA;236,25;BR-101/RJ;Norte;Colisão Traseira;1;;;;;;;;;1;3;1;;;
03/01/2021;11:34:00;88;2 - Acidente com VITIMA;284,5;BR-101/RJ;Sul;Colisão Traseira;1;;;1;;;;;;;6;1;;;
03/01/2021;15:24:00;135;2 - Acidente com VITIMA;132,637;BR-101/RJ;Norte;Colisão Traseira;2;;;;;;;;;;4;1;;;
03/01/2021;16:15:00;151;3 - Acidente com Danos Materiais;131,637;BR-101/RJ;Norte;Saida de Pista;1;;;;;;;;;;3;;;;
03/01/2021;17:18:00;164;3 - Acidente com Danos Materiais;106,87;BR-101/RJ;Norte;Choque - Defensa, barreira ou "submarino";1;;;;;;;;;;1;;;;
03/01/2021;18:00:00;172;3 - Acidente com Danos Materiais;173,1;BR-101/RJ;Sul;Colisão Traseira;1;;;;;1;;;;;2;;;;
03/01/2021;21:56:00;230;2 - Acidente com VITIMA;238,09;BR-101/RJ;Norte;Colisão Traseira;2;;;;;;;;;;3;2;;;
03/01/2021;23:57:00;253;2 - Acidente com VITIMA;307,686;BR-101/RJ;Sul;Capotamento;1;;;;;;;;;;0;4;1;;
04/01/2021;06:27:00;28;2 - Acidente com VITIMA;312,852;BR-101/RJ;Sul;Colisão Transversal;1;;;1;;;;;;;2;1;;;
04/01/2021;06:35:00;29;3 - Acidente com Danos Materiais;10,665;BR-101/RJ;Sul;Choque - Defensa, barreira ou "submarino";1;;;;;;;;;;1;;;;
04/01/2021;07:48:00;48;2 - Acidente com VITIMA;92,1;BR-101/RJ;Norte;Choque - Defensa, barreira ou "submarino";1;;;;;;;;;;3;1;;;
04/01/2021;09:44:00;73;3 - Acidente com Danos Materiais;66,1;BR-101/RJ;Norte;Colisão Traseira;2;;;;;;;;;;2;;;;
04/01/2021;14:37:00;133;3 - Acidente com Danos Materiais;298,756;BR-101/RJ;Norte;Engavetamento;3;;;;;;;;;;3;;;;
05/01/2021;08:57:00;61;2 - Acidente com VITIMA;56,434;BR-101/RJ;Norte;Colisão Transversal;1;;;1;;;;;;;2;1;;;
05/01/2021;09:35:00;73;2 - Acidente com VITIMA;279,3;BR-101/RJ;Sul;Colisão Lateral;;;;1;;1;;;;;1;1;;;
05/01/2021;09:45:00;77;2 - Acidente com VITIMA;61,111;BR-101/RJ;Norte;Tombamento;;;;1;;;;;;;0;1;;;
05/01/2021;18:32:00;192;3 - Acidente com Danos Materiais;318,603;BR-101/RJ;Norte;Colisão Lateral;1;;;1;;;;;;;2;;;;
06/01/2021;06:49:00;23;3 - Acidente com Danos Materiais;75,1;BR-101/RJ;Norte;Colisão Traseira;1;;1;;;;;;;;3;;;;
06/01/2021;09:25:00;59;2 - Acidente com VITIMA;42,7;BR-101/RJ;Sul;Capotamento;2;;;;;;;;;;1;1;;;
06/01/2021;10:56:00;76;2 - Acidente com VITIMA;243,23;BR-101/RJ;Sul;Colisão Traseira;1;;;;1;;;;;;1;1;;;
06/01/2021;11:33:00;87;3 - Acidente com Danos Materiais;103,9;BR-101/RJ;Sul;Saida de Pista;1;;;;;;;;;;1;;;;
06/01/2021;14:13:00;117;3 - Acidente com Danos Materiais;295,564;BR-101/RJ;Norte;Colisão Lateral;2;;;;;1;;;;;4;;;;
06/01/2021;16:29:00;149;3 - Acidente com Danos Materiais;122,9;BR-101/RJ;Sul;Choque - Defensa, barreira ou "submarino";;;1;;;;;;;;1;;;;
07/01/2021;06:42:00;28;3 - Acidente com Danos Materiais;310,15;BR-101/RJ;Sul;Colisão Traseira;;;;1;;1;;;;;2;;;;
07/01/2021;07:16:00;33;3 - Acidente com Danos Materiais;310,5;BR-101/RJ;Sul;Colisão Traseira;2;;;;;1;;;;;4;;;;
07/01/2021;07:46:00;40;3 - Acidente com Danos Materiais;47,8;BR-101/RJ;Norte;Colisão Transversal;2;;;;;;;;;;2;;;;
07/01/2021;17:44:00;135;3 - Acidente com Danos Materiais;87,601;BR-101/RJ;Norte;Choque - Elemento de Drenagem;1;;;;;;;;;;1;;;;
08/01/2021;10:21:00;76;3 - Acidente com Danos Materiais;319,4;BR-101/RJ;Norte;Engavetamento;1;;;;;2;;;;;3;;;;
08/01/2021;13:48:00;113;2 - Acidente com VITIMA;318,407;BR-101/RJ;Sul;Tombamento;;;;1;;;;;;;0;1;;;
08/01/2021;14:28:00;121;3 - Acidente com Danos Materiais;194,937;BR-101/RJ;Sul;Saida de Pista;1;;;;;;;;;;2;;;;
08/01/2021;19:52:00;191;2 - Acidente com VITIMA;257,986;BR-101/RJ;Sul;Tombamento;;;;1;;;;;;;0;;;1;
08/01/2021;20:34:00;196;3 - Acidente com Danos Materiais;221,605;BR-101/RJ;Sul;Outros - Sequência;2;;1;;;;;;;;4;;;;