data;horario;n_da_ocorrencia;tipo_de_ocorrencia;km;trecho;sentido;tipo_de_acidente;automovel;bicicleta;caminhao;moto;onibus;outros;tracao_animal;transporte_de_cargas_especiais;trator_maquinas;utilitarios;ilesos;levemente_feridos;moderadamente_feridos;gravemente_feridos;mortos
08/01/2021;22:48:00;213;3 - Acidente com Danos Materiais;229,798;BR-101/RJ;Sul;Choque - Defensa, barreira ou "submarino";1;;;;;;;;;;1;;;;
09/01/2021;01:33:00;8;3 - Acidente com Danos Materiais;49,688;BR-101/RJ;Sul;Choque - Defensa, barreira ou "submarino";1;;;;;;;;;;2;;;;
09/01/2021;01:46:00;10;3 - Acidente com Danos Materiais;309,65;BR-101/RJ;Norte;Colisão Traseira;1;;;;;1;;;;;2;;;;
09/01/2021;04:05:00;16;3 - Acidente com Danos Materiais;63,2;BR-101/RJ;Sul;Choque - Outros;1;;;;;;;;;;3;;;;
09/01/2021;05:53:00;23;3 - Acidente com Danos Materiais;314,1;BR-101/RJ;Norte;Choque - Poste;1;;;;;;;;;;1;;;;
09/01/2021;07:24:00;35;3 - Acidente com Danos Materiais;264,058;BR-101/RJ;Norte;Choque - Defensa, barreira ou "submarino";1;;;;;;;;;;4;;;;
09/01/2021;09:26:00;50;3 - Acidente com Danos Materiais;66,491;BR-101/RJ;Norte;Saida de Pista;1;;;;;;;;;;1;;;;
09/01/2021;10:42:00;58;3 - Acidente com Danos Materiais;297,86;BR-101/RJ;Norte;Colisão Traseira;1;;1;;;;;;;;4;;;;
09/01/2021;13:28:00;84;3 - Acidente com Danos Materiais;261,354;BR-101/RJ;Sul;Choque - Defensa, barreira ou "submarino";1;;;;;;;;;;1;;;;
09/01/2021;14:56:00;95;3 - Acidente com Danos Materiais;66,491;BR-101/RJ;Norte;Choque - Outros;1;;;;;;;;;;2;;;;
09/01/2021;15:36:00;104;2 - Acidente com VITIMA;298,5;BR-101/RJ;Sul;Colisão Traseira;1;;;1;;;;;;;1;1;;;
10/01/2021;03:52:00;11;2 - Acidente com VITIMA;281,89;BR-101/RJ;Sul;Choque - Suporte de Sinalização;1;;;;;;;;;;1;2;;;
10/01/2021;06:03:00;15;2 - Acidente com VITIMA;20,906;BR-101/RJ;Norte;Tombamento;;;;1;;;;;;;0;1;;;
10/01/2021;09:16:00;37;1 - Acidente com Vitima Fatal;262,601;BR-101/RJ;Sul;Colisão Lateral;;;;1;;1;;;;;1;;;;1
10/01/2021;18:26:00;119;2 - Acidente com VITIMA;53,221;BR-101/RJ;Norte;Colisão Transversal;2;;;;;;;;;;1;2;;;
10/01/2021;20:28:00;130;2 - Acidente com VITIMA;236,841;BR-101/RJ;Norte;Colisão Lateral;;;;1;;1;;;;;1;2;;;
10/01/2021;22:45:00;141;3 - Acidente com Danos Materiais;272,358;BR-101/RJ;Norte;Saida de Pista;1;;;;;;;;;;1;;;;
11/01/2021;01:15:00;7;2 - Acidente com VITIMA;67,067;BR-101/RJ;Sul;Colisão Lateral;;;;1;;1;;;;;1;2;;;
11/01/2021;07:11:00;28;2 - Acidente com VITIMA;275,5;BR-101/RJ;Sul;Colisão Traseira;2;;;;;;;;;;4;1;;;
11/01/2021;09:44:00;75;2 - Acidente com VITIMA;58,1;BR-101/RJ;Sul;Engavetamento;3;;;;;;;;;;6;1;;;
11/01/2021;10:28:00;92;3 - Acidente com Danos Materiais;271,5;BR-101/RJ;Sul;Colisão Traseira;2;;;;;;;;;;6;;;;
11/01/2021;12:49:00;119;2 - Acidente com VITIMA;140,85;BR-101/RJ;Sul;Tombamento;;;;1;;;;;;;0;1;1;;
11/01/2021;14:37:00;140;3 - Acidente com Danos Materiais;43,35;BR-101/RJ;Norte;Colisão Traseira;1;;1;;;;;;;;2;;;;
11/01/2021;15:24:00;150;2 - Acidente com VITIMA;283,2;BR-101/RJ;Sul;Colisão Traseira;1;;;1;;;;;;;3;1;;;
11/01/2021;15:27:00;151;3 - Acidente com Danos Materiais;278,3;BR-101/RJ;Norte;Colisão Traseira;1;;;;;1;;;;;2;;;;
11/01/2021;16:41:00;161;2 - Acidente com VITIMA;315,269;BR-101/RJ;Norte;Colisão Lateral;;;;1;;2;;;;;2;1;;;
11/01/2021;20:53:00;198;3 - Acidente com Danos Materiais;137,4;BR-101/RJ;Norte;Atropelamento de Animal;1;;;;;;;;;;1;;;;
12/01/2021;06:47:00;39;2 - Acidente com VITIMA;320,781;BR-101/RJ;Norte;Colisão Traseira;;;;1;;1;;;;;1;1;;;
12/01/2021;09:38:00;90;2 - Acidente com VITIMA;267,797;BR-101/RJ;Sul;Outros - Sequência;2;;;;;;;;;;2;;1;;
12/01/2021;10:03:00;98;3 - Acidente com Danos Materiais;35,158;BR-101/RJ;Norte;Colisão Traseira;1;;;;;;;;;1;3;;;;
12/01/2021;10:50:00;110;3 - Acidente com Danos Materiais;277,022;BR-101/RJ;Norte;Colisão Lateral;2;;;;;;;;;;3;;;;
12/01/2021;13:31:00;141;2 - Acidente com VITIMA;60,418;BR-101/RJ;Norte;Colisão Transversal;;;;2;;;;;;;0;2;;;
12/01/2021;15:31:00;159;2 - Acidente com VITIMA;227,957;BR-101/RJ;Sul;Outros - Sequência;2;;;;;;;;;;2;3;;;
12/01/2021;17:04:00;177;2 - Acidente com VITIMA;52,5;BR-101/RJ;Norte;Colisão Traseira;;;1;1;;;;;;;2;1;;;
12/01/2021;18:06:00;190;3 - Acidente com Danos Materiais;78,3;BR-101/RJ;Sul;Colisão Traseira;1;;;;;;;;;1;2;;;;
13/01/2021;07:05:00;26;3 - Acidente com Danos Materiais;321,813;BR-101/RJ;Sul;Colisão Traseira;2;;;;;;;;;;3;;;;
13/01/2021;09:04:00;57;2 - Acidente com VITIMA;320,3;BR-101/RJ;Sul;Colisão Lateral;;;;1;1;;;;;;0;2;;;
13/01/2021;09:43:00;63;2 - Acidente com VITIMA;321,999;BR-101/RJ;Sul;Colisão Traseira;1;;;1;;;;;;;2;1;1;;
13/01/2021;11:43:00;84;3 - Acidente com Danos Materiais;58,2;BR-101/RJ;Norte;Colisão Traseira;1;;1;;;;;;;;2;;;;
13/01/2021;22:57:00;178;2 - Acidente com VITIMA;56,2;BR-101/RJ;Sul;Outros;1;;;1;;;;;;;1;;;2;
14/01/2021;10:49:00;86;3 - Acidente com Danos Materiais;293,672;BR-101/RJ;Norte;Colisão Lateral;1;;1;;;;;;;;2;;;;
14/01/2021;11:47:00;97;3 - Acidente com Danos Materiais;228,766;BR-101/RJ;Sul;Engavetamento;;;2;;;;;;;1;6;;;;
14/01/2021;16:39:00;150;3 - Acidente com Danos Materiais;297,705;BR-101/RJ;Norte;Colisão Lateral;1;;1;;;;;;;;2;;;;
15/01/2021;03:57:00;10;2 - Acidente com VITIMA;184,91;BR-101/RJ;Sul;Capotamento;;;1;;;;;;;;0;;1;3;
15/01/2021;04:12:00;12;3 - Acidente com Danos Materiais;259,126;BR-101/RJ;Norte;Atropelamento de Animal;;;1;;;;;;;;2;;;;
15/01/2021;04:12:00;13;3 - Acidente com Danos Materiais;184,921;BR-101/RJ;Norte;Colisão Traseira;2;;;;;;;;;;2;;;;
15/01/2021;05:02:00;16;3 - Acidente com Danos Materiais;194,3;BR-101/RJ;Sul;Choque - Defensa, barreira ou "submarino";1;;;;;;;;;;1;;;;
15/01/2021;07:05:00;29;3 - Acidente com Danos Materiais;320,8;BR-101/RJ;Sul;Engavetamento;1;;;;;2;;;;;4;;;;
15/01/2021;07:46:00;36;3 - Acidente com Danos Materiais;314,437;BR-101/RJ;Sul;Engavetamento;3;;;;;;;;;;8;;;;
15/01/2021;09:15:00;57;2 - Acidente com VITIMA;297,071;BR-101/RJ;Norte;Colisão Lateral;1;;;1;;;;;;;1;;1;;
15/01/2021;13:14:00;102;3 - Acidente com Danos Materiais;48,501;BR-101/RJ;Sul;Colisão Traseira;1;;1;;;;;;;;4;;;;
15/01/2021;17:57:00;143;3 - Acidente com Danos Materiais;319,382;BR-101/RJ;Norte;Colisão Lateral;1;;;1;;;;;;;2;;;;
15/01/2021;20:51:00;172;2 - Acidente com VITIMA;11,02;BR-101/RJ;Sul;Tombamento;;;1;;;;;;;;0;1;;;
16/01/2021;05:13:00;17;2 - Acidente com VITIMA;283,3;BR-101/RJ;Norte;Colisão Traseira;2;;;;;;;;;;1;1;;;
16/01/2021;05:17:00;18;2 - Acidente com VITIMA;214,19;BR-101/RJ;Norte;Capotamento;1;;;;;;;;;;0;1;;;
16/01/2021;09:09:00;49;2 - Acidente com VITIMA;265,363;BR-101/RJ;Norte;Colisão Traseira;2;;;;;;;;;;4;1;;;
16/01/2021;14:43:00;100;3 - Acidente com Danos Materiais;286,87;BR-101/RJ;Sul;Choque - Defensa, barreira ou "submarino";1;;;;;;;;;;6;;;;
16/01/2021;17:09:00;127;2 - Acidente com VITIMA;80,994;BR-101/RJ;Norte;Colisão Lateral;1;;;1;;;;;;;2;;;1;
16/01/2021;21:42:00;166;2 - Acidente com VITIMA;148,225;BR-101/RJ;Sul;Colisão Lateral;1;;1;;;;;;;;7;;1;;
17/01/2021;15:37:00;85;2 - Acidente com VITIMA;83,679;BR-101/RJ;Sul;Colisão Lateral;;;;1;;1;;;;;1;;;1;
17/01/2021;18:05:00;118;3 - Acidente com Danos Materiais;12,546;BR-101/RJ;Sul;Choque - Elemento de Drenagem;1;;;;;;;;;;1;;;;
17/01/2021;18:44:00;125;3 - Acidente com Danos Materiais;242,402;BR-101/RJ;Sul;Engavetamento;2;;;;;1;;;;;6;;;;
17/01/2021;19:20:00;132;2 - Acidente com VITIMA;39,362;BR-101/RJ;Sul;Colisão Traseira;;;;2;;;;;;;0;;2;;
18/01/2021;00:29:00;4;2 - Acidente com VITIMA;278,62;BR-101/RJ;Sul;Capotamento;1;;;;;;;;;;0;1;2;1;
18/01/2021;03:52:00;22;2 - Acidente com VITIMA;284,898;BR-101/RJ;Sul;Colisão Traseira;1;;1;;;;;;;;5;2;;;
18/01/2021;06:33:00;33;3 - Acidente com Danos Materiais;312,126;BR-101/RJ;Sul;Engavetamento;3;;;;;;;;;;4;;;;
18/01/2021;06:50:00;38;2 - Acidente com VITIMA;71,1;BR-101/RJ;Norte;Colisão Lateral;;;;1;;;;;;;0;1;;;
18/01/2021;07:53:00;59;3 - Acidente com Danos Materiais;304,122;BR-101/RJ;Sul;Engavetamento;3;;;;;;;;;;6;;;;
18/01/2021;09:45:00;98;3 - Acidente com Danos Materiais;320,6;BR-101/RJ;Sul;Engavetamento;1;;;;;2;;;;;3;;;;
18/01/2021;10:35:00;111;3 - Acidente com Danos Materiais;295,773;BR-101/RJ;Norte;Engavetamento;3;;;;;;;;;;7;;;;
18/01/2021;12:07:00;130;3 - Acidente com Danos Materiais;58,398;BR-101/RJ;Norte;Engavetamento;3;;;;;1;;;;;8;;;;
18/01/2021;19:32:00;212;3 - Acidente com Danos Materiais;292,755;BR-101/RJ;Sul;Colisão Lateral;1;;1;;;;;;;;2;;;;
19/01/2021;04:46:00;17;2 - Acidente com VITIMA;271,743;BR-101/RJ;Sul;Atropelamento de Animal;;;1;1;;;;;;1;1;1;1;;
19/01/2021;08:53:00;57;3 - Acidente com Danos Materiais;163,629;BR-101/RJ;Norte;Choque - Talude;1;;;;;;;;;;7;;;;
19/01/2021;10:12:00;80;3 - Acidente com Danos Materiais;296,3;BR-101/RJ;Norte;Colisão Traseira;2;;;;;;;;;;2;;;;
19/01/2021;11:03:00;95;3 - Acidente com Danos Materiais;261,834;BR-101/RJ;Sul;Colisão Traseira;1;;1;;;;;;;;3;;;;
20/01/2021;04:00:00;24;2 - Acidente com VITIMA;278,29;BR-101/RJ;Sul;Atropelamento de Animal;1;;;;;;;;;;0;;;3;
20/01/2021;08:13:00;63;3 - Acidente com Danos Materiais;297,5;BR-101/RJ;Sul;Colisão Traseira;2;;;;;;;;;;3;;;;
20/01/2021;11:54:00;106;3 - Acidente com Danos Materiais;298;BR-101/RJ;Norte;Tombamento;;;;1;;;;;;;1;;;;
20/01/2021;21:38:00;207;3 - Acidente com Danos Materiais;289,146;BR-101/RJ;Sul;Choque - Elemento de Drenagem;1;;;;;;;;;;3;;;;
21/01/2021;09:25:00;90;2 - Acidente com VITIMA;314,73;BR-101/RJ;Sul;Engavetamento;3;;1;;;;;;;;5;1;;;
21/01/2021;10:43:00;107;2 - Acidente com VITIMA;308,608;BR-101/RJ;Sul;Engavetamento;3;;;;;;;;;1;7;2;;;
21/01/2021;12:20:00;130;2 - Acidente com VITIMA;6,201;BR-101/RJ;Norte;Saida de Pista;;;;;;;;;;1;0;1;;;
21/01/2021;13:08:00;142;3 - Acidente com Danos Materiais;299,6;BR-101/RJ;Sul;Choque - Objeto sobre a pista;1;;;;;;;;;;1;;;;
21/01/2021;15:49:00;175;3 - Acidente com Danos Materiais;293,052;BR-101/RJ;Norte;Colisão Lateral;1;;1;;;;;;;;2;;;;
21/01/2021;18:16:00;201;2 - Acidente com VITIMA;109,37;BR-101/RJ;Norte;Colisão Traseira;;;;;;1;;;;1;1;2;;;
22/01/2021;03:57:00;9;3 - Acidente com Danos Materiais;311,58;BR-101/RJ;Sul;Choque - Defensa, barreira ou "submarino";;;1;;;;;;;;1;;;;
22/01/2021;12:49:00;104;2 - Acidente com VITIMA;75,641;BR-101/RJ;Norte;Tombamento;;;;1;;1;;;;;1;;1;;
22/01/2021;13:32:00;108;3 - Acidente com Danos Materiais;312,8;BR-101/RJ;Norte;Colisão Traseira;1;;;;;1;;;;;2;;;;
22/01/2021;14:22:00;119;2 - Acidente com VITIMA;308,247;BR-101/RJ;Norte;Choque - Defensa, barreira ou "submarino";1;;;;;;;;;;0;1;;;
22/01/2021;15:00:00;126;2 - Acidente com VITIMA;306,98;BR-101/RJ;Norte;Colisão Traseira;2;;;;;;;;;;8;1;1;;
22/01/2021;18:14:00;166;3 - Acidente com Danos Materiais;294,5;BR-101/RJ;Sul;Colisão Lateral;2;;;;;;;;;;2;;;;
22/01/2021;18:34:00;169;3 - Acidente com Danos Materiais;200,047;BR-101/RJ;Norte;Colisão Traseira;1;;;;;;;;;1;2;;;;
22/01/2021;19:50:00;186;3 - Acidente com Danos Materiais;12,7;BR-101/RJ;Norte;Choque - Outros;1;;;;;;;;;;3;;;;
22/01/2021;21:08:00;203;2 - Acidente com VITIMA;49,251;BR-101/RJ;Norte;Colisão Transversal;1;;;1;;;;;;;1;1;;;
22/01/2021;22:53:00;218;3 - Acidente com Danos Materiais;12,49;BR-101/RJ;Norte;Choque - Outros;;;;;;;;;;1;3;;;;
23/01/2021;04:12:00;18;3 - Acidente com Danos Materiais;320,855;BR-101/RJ;Norte;Colisão Transversal;2;;;;;;;;;;2;;;;
23/01/2021;04:38:00;24;3 - Acidente com Danos Materiais;320,855;BR-101/RJ;Norte;Choque - Veiculo parado no acostamento;1;;1;;;;;;;;4;;;;
23/01/2021;04:55:00;25;3 - Acidente com Danos Materiais;320,855;BR-101/RJ;Norte;Choque - Defensa, barreira ou "submarino";1;;;;;;;;;;2;;;;
23/01/2021;04:55:00;26;3 - Acidente com Danos Materiais;320,855;BR-101/RJ;Norte;Colisão Frontal;2;;;;;;;;;;2;;;;
23/01/2021;07:39:00;46;2 - Acidente com VITIMA;247,262;BR-101/RJ;Norte;Tombamento;;;1;;;;;;;;0;1;;;
23/01/2021;07:45:00;47;2 - Acidente com VITIMA;297,5;BR-101/RJ;Norte;Engavetamento;3;;;;;;;;;;9;2;;;
23/01/2021;07:50:00;50;2 - Acidente com VITIMA;277,441;BR-101/RJ;Norte;Colisão Traseira;1;;;;;1;;;;;1;1;;;
23/01/2021;10:14:00;77;3 - Acidente com Danos Materiais;308,15;BR-101/RJ;Norte;Colisão Traseira;2;;;;;;;;;;4;;;;
23/01/2021;11:20:00;84;2 - Acidente com VITIMA;303,5;BR-101/RJ;Norte;Engavetamento;3;;;;;;;;;;10;;1;;
23/01/2021;12:09:00;91;3 - Acidente com Danos Materiais;318,6;BR-101/RJ;Sul;Colisão Traseira;2;;1;;;;;;;;7;;;;
23/01/2021;12:25:00;92;3 - Acidente com Danos Materiais;308,567;BR-101/RJ;Norte;Colisão Lateral;1;;1;;;;;;;;7;;;;
23/01/2021;13:45:00;98;2 - Acidente com VITIMA;294,352;BR-101/RJ;Sul;Colisão Traseira;1;;;1;;;;;;;1;;1;;
23/01/2021;14:52:00;109;2 - Acidente com VITIMA;46,07;BR-101/RJ;Sul;Colisão Transversal;1;;;1;;;;;;;1;1;;;
23/01/2021;17:34:00;138;2 - Acidente com VITIMA;301,613;BR-101/RJ;Sul;Choque - Defensa, barreira ou "submarino";1;;;;;;;;;;0;;1;;
24/01/2021;00:52:00;4;3 - Acidente com Danos Materiais;298,757;BR-101/RJ;Sul;Choque - Defensa, barreira ou "submarino";1;;;;;;;;;;1;;;;
24/01/2021;13:30:00;80;2 - Acidente com VITIMA;297,469;BR-101/RJ;Sul;Colisão Lateral;;;;1;;1;;;;;1;;;1;
24/01/2021;20:21:00;149;3 - Acidente com Danos Materiais;262,396;BR-101/RJ;Sul;Engavetamento;1;;;;;2;;;;;3;;;;
24/01/2021;20:56:00;155;3 - Acidente com Danos Materiais;214,4;BR-101/RJ;Norte;Engavetamento;3;;;;;1;;;;;11;;;;
24/01/2021;21:00:00;158;3 - Acidente com Danos Materiais;89,908;BR-101/RJ;Sul;Atropelamento de Animal;1;;;;;;;;;;1;;;;
24/01/2021;23:16:00;178;3 - Acidente com Danos Materiais;291,363;BR-101/RJ;Sul;Colisão Traseira;;;1;;;1;;;;;2;;;;
25/01/2021;08:21:00;59;3 - Acidente com Danos Materiais;306,782;BR-101/RJ;Sul;Engavetamento;2;;;;;2;;;;;4;;;;
25/01/2021;08:38:00;61;3 - Acidente com Danos Materiais;306,206;BR-101/RJ;Sul;Engavetamento;1;;;;;2;;;;;3;;;;
25/01/2021;11:05:00;104;2 - Acidente com VITIMA;19,865;BR-101/RJ;Norte;Colisão Transversal;2;;;;;;;;;;1;1;;;
25/01/2021;11:22:00;108;3 - Acidente com Danos Materiais;286,432;BR-101/RJ;Sul;Engavetamento;3;;;;;;;;;;6;;;;
25/01/2021;13:07:00;131;3 - Acidente com Danos Materiais;192,83;BR-101/RJ;Sul;Colisão Traseira;2;;;;;;;;;;2;;;;
25/01/2021;13:18:00;134;3 - Acidente com Danos Materiais;295;BR-101/RJ;Sul;Engavetamento;3;;;;;;;;;;3;;;;
25/01/2021;17:33:00;199;3 - Acidente com Danos Materiais;75,317;BR-101/RJ;Norte;Choque - Outros;1;;;;;;;;;;3;;;;
26/01/2021;03:08:00;10;2 - Acidente com VITIMA;111,138;BR-101/RJ;Sul;Tombamento;;;1;;;;;;;;0;1;;;
26/01/2021;07:33:00;35;2 - Acidente com VITIMA;283,1;BR-101/RJ;Sul;Tombamento;;;;1;;;;;;;0;2;;;
26/01/2021;10:14:00;69;2 - Acidente com VITIMA;56,8;BR-101/RJ;Norte;Atropelamento de Animal;;1;;;;;;;;;1;1;;;
26/01/2021;10:38:00;77;3 - Acidente com Danos Materiais;144,775;BR-101/RJ;Sul;Colisão Traseira;1;;;;;1;;;;;2;;;;
26/01/2021;11:17:00;82;3 - Acidente com Danos Materiais;311,15;BR-101/RJ;Sul;Colisão Traseira;2;;;;;;;;;;5;;;;
26/01/2021;12:10:00;88;3 - Acidente com Danos Materiais;66,452;BR-101/RJ;Sul;Colisão Traseira;2;;;;;;;;;;3;;;;
26/01/2021;15:29:00;124;2 - Acidente com VITIMA;300,7;BR-101/RJ;Norte;Tombamento;;;;1;;;;;;;0;2;;;
26/01/2021;16:02:00;126;2 - Acidente com VITIMA;298,728;BR-101/RJ;Norte;Outros - Sequência;2;;;;;;;;;;3;1;;;
26/01/2021;17:26:00;145;2 - Acidente com VITIMA;61,35;BR-101/RJ;Sul;Colisão Transversal;;;1;1;;;;;;;1;;1;;
26/01/2021;17:35:00;147;3 - Acidente com Danos Materiais;252,89;BR-101/RJ;Sul;Choque - Outros;;;1;;;;;;;;1;;;;
26/01/2021;17:37:00;148;3 - Acidente com Danos Materiais;314,2;BR-101/RJ;Norte;Colisão Traseira;1;;;;;;;;;1;2;;;;
26/01/2021;22:23:00;186;3 - Acidente com Danos Materiais;321,081;BR-101/RJ;Sul;Choque - Defensa, barreira ou "submarino";1;;;;;;;;;;1;;;;
26/01/2021;23:47:00;191;3 - Acidente com Danos Materiais;311,457;BR-101/RJ;Norte;Colisão Traseira;1;;;;;1;;;;;2;;;;
27/01/2021;05:47:00;21;3 - Acidente com Danos Materiais;284,022;BR-101/RJ;Sul;Choque - Outros;1;;;;;;;;;;1;;;;
27/01/2021;07:53:00;45;3 - Acidente com Danos Materiais;224,25;BR-101/RJ;Norte;Colisão Lateral;1;;;;;;;;;;1;;;;
27/01/2021;08:02:00;46;2 - Acidente com VITIMA;153,3;BR-101/RJ;Sul;Outros - Sequência;1;;1;;;;;;;;4;1;;;
27/01/2021;09:05:00;64;3 - Acidente com Danos Materiais;4,1;BR-101/RJ;Norte;Choque - Outros;;;1;;;;;;;;1;;;;
27/01/2021;09:12:00;67;3 - Acidente com Danos Materiais;154,3;BR-101/RJ;Sul;Colisão Traseira;1;;1;;;;;;;;2;;;;
27/01/2021;10:49:00;89;2 - Acidente com VITIMA;321,671;BR-101/RJ;Sul;Engavetamento;5;;;;;;;;;;4;1;;;
27/01/2021;12:25:00;105;3 - Acidente com Danos Materiais;63,15;BR-101/RJ;Norte;Colisão Lateral;;;1;;;1;;;;;2;;;;
27/01/2021;13:27:00;123;3 - Acidente com Danos Materiais;311,251;BR-101/RJ;Norte;Colisão Traseira;2;;;;;;;;;;5;;;;
27/01/2021;14:28:00;134;3 - Acidente com Danos Materiais;313,715;BR-101/RJ;Norte;Engavetamento;3;;;;;;;;;;5;;;;
27/01/2021;18:05:00;175;3 - Acidente com Danos Materiais;318,684;BR-101/RJ;Norte;Colisão Transversal;1;;1;;;;;;;;2;;;;
28/01/2021;00:52:00;3;3 - Acidente com Danos Materiais;125,01;BR-101/RJ;Norte;Colisão Traseira;1;;;;1;;;;;;2;;;;
28/01/2021;04:11:00;15;3 - Acidente com Danos Materiais;149,5;BR-101/RJ;Sul;Choque - Elemento de Drenagem;1;;;;;1;;;;;4;;;;
28/01/2021;09:19:00;57;3 - Acidente com Danos Materiais;297,1;BR-101/RJ;Sul;Colisão Lateral;;;2;;;;;;;;2;;;;
28/01/2021;12:24:00;89;2 - Acidente com VITIMA;310,941;BR-101/RJ;Norte;Engavetamento;4;;;;;;;;;1;7;2;;;
29/01/2021;07:29:00;38;2 - Acidente com VITIMA;309,199;BR-101/RJ;Norte;Tombamento;;;;1;;;;;;;0;2;;;
29/01/2021;07:45:00;41;3 - Acidente com Danos Materiais;163,15;BR-101/RJ;Sul;Choque - Defensa, barreira ou "submarino";;;1;;;;;;;;2;;;;
29/01/2021;09:02:00;61;2 - Acidente com VITIMA;311,148;BR-101/RJ;Sul;Atropelamento - Andarilho;1;;;;;;;;;;1;1;;;
29/01/2021;09:34:00;68;2 - Acidente com VITIMA;295,971;BR-101/RJ;Norte;Engavetamento;1;;1;;;1;;;;;3;;1;;
29/01/2021;15:07:00;149;2 - Acidente com VITIMA;120,665;BR-101/RJ;Sul;Choque - Defensa, barreira ou "submarino";1;;;;;;;;;;0;2;;;
29/01/2021;15:22:00;152;3 - Acidente com Danos Materiais;306,5;BR-101/RJ;Norte;Colisão Traseira;1;;;;;1;;;;;2;;;;
29/01/2021;15:27:00;154;3 - Acidente com Danos Materiais;316,855;BR-101/RJ;Norte;Colisão Traseira;2;;;;;;;;;;2;;;;
29/01/2021;19:34:00;205;3 - Acidente com Danos Materiais;295,293;BR-101/RJ;Norte;Engavetamento;3;;;;;;;;;;3;;;;
29/01/2021;23:41:00;246;3 - Acidente com Danos Materiais;292,478;BR-101/RJ;Norte;Atropelamento de Animal;;;1;;;;;;;;3;;;;
30/01/2021;01:04:00;11;2 - Acidente com VITIMA;272,869;BR-101/RJ;Norte;Choque - Elemento de Drenagem;1;;;;;;;;;;0;;2;;
30/01/2021;04:09:00;23;1 - Acidente com Vitima Fatal;297,538;BR-101/RJ;Norte;Atropelamento - Ciclista;1;2;;;;;;;;;4;;;;1
30/01/2021;10:20:00;79;3 - Acidente com Danos Materiais;293,325;BR-101/RJ;Sul;Colisão Transversal;1;;1;;;;;;;;2;;;;
30/01/2021;14:28:00;127;3 - Acidente com Danos Materiais;269,313;BR-101/RJ;Norte;Colisão Lateral;2;;;;;;;;;;4;;;;
30/01/2021;14:53:00;136;3 - Acidente com Danos Materiais;211,2;BR-101/RJ;Norte;Colisão Traseira;1;;;;;1;;;;;2;;;;
30/01/2021;14:59:00;139;2 - Acidente com VITIMA;205,419;BR-101/RJ;Sul;Colisão Transversal;1;;;;;;;;;1;4;2;;;
30/01/2021;15:48:00;149;2 - Acidente com VITIMA;315,797;BR-101/RJ;Norte;Colisão Transversal;1;;;1;;;;;;;1;;1;;
30/01/2021;19:27:00;206;2 - Acidente com VITIMA;282,9;BR-101/RJ;Norte;Tombamento;;;;1;;;;;;;0;;1;;
30/01/2021;19:57:00;215;2 - Acidente com VITIMA;63,323;BR-101/RJ;Norte;Outros - Sequência;2;;;;;1;;;;;7;;;1;
30/01/2021;20:33:00;221;2 - Acidente com VITIMA;192,829;BR-101/RJ;Sul;Tombamento;;;;1;;;;;;;0;1;;;
30/01/2021;20:56:00;227;3 - Acidente com Danos Materiais;184,843;BR-101/RJ;Norte;Choque - Defensa, barreira ou "submarino";;;;;;;;;;1;1;;;;
30/01/2021;22:03:00;236;1 - Acidente com Vitima Fatal;309,629;BR-101/RJ;Sul;Atropelamento - Andarilho;1;;;;;;;;;;1;;;;1
31/01/2021;02:18:00;7;2 - Acidente com VITIMA;293,324;BR-101/RJ;Sul;Tombamento;;;;1;;;;;;;0;;;1;
31/01/2021;14:15:00;94;2 - Acidente com VITIMA;136,547;BR-101/RJ;Norte;Capotamento;1;;;;;;;;;;2;1;;;
31/01/2021;14:27:00;97;2 - Acidente com VITIMA;263,745;BR-101/RJ;Sul;Capotamento;1;;;;;;;;;;0;5;;;
31/01/2021;15:21:00;109;2 - Acidente com VITIMA;270,505;BR-101/RJ;Norte;Capotamento;1;;;;;;;;;;1;1;;;
31/01/2021;18:11:00;138;2 - Acidente com VITIMA;317,671;BR-101/RJ;Norte;Choque - Defensa, barreira ou "submarino";1;;;;;1;;;;;1;3;;;
01/02/2021;00:57:00;16;1 - Acidente com Vitima Fatal;267,727;BR-101/RJ;Norte;Atropelamento - Andarilho;1;;;;;;;;;;0;5;;;1