data;horario;n_da_ocorrencia;tipo_de_ocorrencia;km;trecho;sentido;tipo_de_acidente;automovel;bicicleta;caminhao;moto;onibus;outros;tracao_animal;transporte_de_cargas_especiais;trator_maquinas;utilitarios;ilesos;levemente_feridos;moderadamente_feridos;gravemente_feridos;mortos
17/03/2021;12:05:00;122;2 - Acidente com VITIMA;46,863;BR-101/RJ;Sul;Tombamento;;;;1;;;;;;;0;1;;;
17/03/2021;20:31:00;208;3 - Acidente com Danos Materiais;5,656;BR-101/RJ;Norte;Choque - Elemento de Drenagem;1;;;;;;;;;;1;;;;
18/03/2021;00:34:00;4;2 - Acidente com VITIMA;134,938;BR-101/RJ;Sul;Tombamento;;;;;1;;;;;;15;2;;;
18/03/2021;06:51:00;35;2 - Acidente com VITIMA;313,128;BR-101/RJ;Sul;Colisão Lateral;1;;;1;;;;;;;1;1;;;
18/03/2021;07:04:00;42;3 - Acidente com Danos Materiais;312,295;BR-101/RJ;Sul;Engavetamento;1;;;;;2;;;;;3;;;;
18/03/2021;08:40:00;75;3 - Acidente com Danos Materiais;310,466;BR-101/RJ;Sul;Colisão Traseira;1;;;;;1;;;;;3;;;;
18/03/2021;16:44:00;186;2 - Acidente com VITIMA;288,664;BR-101/RJ;Norte;Colisão Traseira;2;;;;;;;;;;1;2;;;
18/03/2021;17:29:00;197;2 - Acidente com VITIMA;312,457;BR-101/RJ;Norte;Colisão Lateral;1;;;1;;;;;;;2;1;;;
18/03/2021;17:35:00;199;2 - Acidente com VITIMA;68,735;BR-101/RJ;Sul;Colisão Lateral;;1;;;;;;;;1;2;;1;;
18/03/2021;22:08:00;234;3 - Acidente com Danos Materiais;314,941;BR-101/RJ;Norte;Colisão Traseira;;;;2;;;;;;;2;;;;
19/03/2021;01:08:00;7;2 - Acidente com VITIMA;120,524;BR-101/RJ;Sul;Tombamento;;;;1;;;;;;;0;1;;;
19/03/2021;04:18:00;16;3 - Acidente com Danos Materiais;309,15;BR-101/RJ;Sul;Colisão Traseira;1;;;;;1;;;;;2;;;;
19/03/2021;14:19:00;122;3 - Acidente com Danos Materiais;194,942;BR-101/RJ;Norte;Choque - Defensa, barreira ou "submarino";1;;;;;;;;;;1;;;;
19/03/2021;16:30:00;147;3 - Acidente com Danos Materiais;117,606;BR-101/RJ;Sul;Colisão Traseira;2;;;;;;;;;;3;;;;
19/03/2021;17:05:00;154;2 - Acidente com VITIMA;84,2;BR-101/RJ;Norte;Colisão Traseira;1;;;;;;;;;1;1;1;1;;
19/03/2021;19:56:00;186;3 - Acidente com Danos Materiais;59,427;BR-101/RJ;Sul;Engavetamento;3;;;;;;;;;;4;;;;
19/03/2021;20:34:00;190;3 - Acidente com Danos Materiais;311,26;BR-101/RJ;Norte;Colisão Traseira;;;1;;;1;;;;;3;;;;
20/03/2021;01:42:00;11;3 - Acidente com Danos Materiais;295,365;BR-101/RJ;Norte;Choque - Defensa, barreira ou "submarino";1;;;;;;;;;;1;;;;
20/03/2021;05:10:00;22;1 - Acidente com Vitima Fatal;297,374;BR-101/RJ;Norte;Colisão Transversal;;1;;;;;;;;1;1;;;;1
20/03/2021;12:52:00;83;2 - Acidente com VITIMA;281,623;BR-101/RJ;Sul;Tombamento;;;;1;;;;;;;0;2;;;
20/03/2021;13:14:00;88;2 - Acidente com VITIMA;316,102;BR-101/RJ;Norte;Capotamento;1;;;;;;;;;;0;1;;;
20/03/2021;19:44:00;148;2 - Acidente com VITIMA;272,4;BR-101/RJ;Norte;Tombamento;;;;1;;;;;;;0;;;1;
20/03/2021;20:50:00;152;3 - Acidente com Danos Materiais;44,84;BR-101/RJ;Norte;Choque - Defensa, barreira ou "submarino";1;;;;;;;;;;1;;;;
20/03/2021;22:04:00;156;3 - Acidente com Danos Materiais;313,377;BR-101/RJ;Norte;Saida de Pista;1;;;;;;;;;;2;;;;
20/03/2021;22:11:00;157;3 - Acidente com Danos Materiais;313,377;BR-101/RJ;Norte;Colisão Lateral;;;;;;1;;;;1;2;;;;
20/03/2021;22:42:00;160;2 - Acidente com VITIMA;304,976;BR-101/RJ;Sul;Choque - Defensa, barreira ou "submarino";2;;;;;;;;;;1;1;;;
21/03/2021;00:05:00;3;3 - Acidente com Danos Materiais;85,528;BR-101/RJ;Norte;Choque - Talude;1;;;;;;;;;;1;;;;
21/03/2021;10:47:00;47;3 - Acidente com Danos Materiais;63,331;BR-101/RJ;Sul;Colisão Transversal;2;;;;;;;;;;3;;;;
21/03/2021;22:43:00;163;3 - Acidente com Danos Materiais;65,465;BR-101/RJ;Norte;Colisão Lateral;1;;;;;1;;;;;2;;;;
22/03/2021;16:00:00;146;3 - Acidente com Danos Materiais;308,6;BR-101/RJ;Norte;Colisão Lateral;3;;1;;;;;;;1;6;;;;
22/03/2021;16:08:00;148;3 - Acidente com Danos Materiais;297,486;BR-101/RJ;Norte;Choque - Defensa, barreira ou "submarino";;;1;;;;;;;;1;;;;
22/03/2021;17:14:00;157;3 - Acidente com Danos Materiais;313,757;BR-101/RJ;Norte;Colisão Traseira;2;;;;;;;;;;3;;;;
22/03/2021;17:23:00;160;2 - Acidente com VITIMA;66,19;BR-101/RJ;Sul;Colisão Transversal;;;;1;;1;;;;;2;1;;;
22/03/2021;17:35:00;164;3 - Acidente com Danos Materiais;285,368;BR-101/RJ;Norte;Choque - Outros;;;1;;;;;;;;1;;;;
23/03/2021;07:00:00;28;3 - Acidente com Danos Materiais;311,122;BR-101/RJ;Sul;Engavetamento;1;;;2;;1;;;;;5;;;;
23/03/2021;10:59:00;86;3 - Acidente com Danos Materiais;192,868;BR-101/RJ;Sul;Colisão Traseira;1;;1;;;;;;;;4;;;;
23/03/2021;15:52:00;139;2 - Acidente com VITIMA;84,184;BR-101/RJ;Sul;Tombamento;;;;1;;;;;;;0;1;1;;
23/03/2021;19:04:00;164;3 - Acidente com Danos Materiais;61,974;BR-101/RJ;Norte;Colisão Lateral;1;;;;1;;;;;;2;;;;
24/03/2021;06:44:00;23;3 - Acidente com Danos Materiais;312,8;BR-101/RJ;Norte;Colisão Traseira;2;;;;;;;;;;2;;;;
24/03/2021;12:48:00;88;3 - Acidente com Danos Materiais;294,552;BR-101/RJ;Sul;Colisão Traseira;1;;1;;;;;;;;3;;;;
24/03/2021;18:58:00;162;3 - Acidente com Danos Materiais;224,1;BR-101/RJ;Sul;Tombamento;1;;;;;;;;;;2;;;;
25/03/2021;06:52:00;31;2 - Acidente com VITIMA;42,265;BR-101/RJ;Sul;Tombamento;;;;1;;;;;;;1;1;;;
25/03/2021;08:12:00;56;3 - Acidente com Danos Materiais;319,457;BR-101/RJ;Sul;Engavetamento;1;;1;;;1;;;;;8;;;;
26/03/2021;02:53:00;14;2 - Acidente com VITIMA;107,042;BR-101/RJ;Sul;Colisão Traseira;1;;1;;;;;;;;3;;1;;
26/03/2021;04:56:00;18;2 - Acidente com VITIMA;64,162;BR-101/RJ;Sul;Colisão Transversal;1;;1;;;;;;;;4;1;;;
26/03/2021;09:59:00;58;2 - Acidente com VITIMA;299,183;BR-101/RJ;Sul;Tombamento;;;;1;;;;;;;0;1;1;;
26/03/2021;15:54:00;112;2 - Acidente com VITIMA;320,95;BR-101/RJ;Norte;Tombamento;;;;1;;;;;;;0;;1;1;
26/03/2021;17:05:00;123;3 - Acidente com Danos Materiais;320,95;BR-101/RJ;Norte;Colisão Traseira;1;;1;;;;;;;;2;;;;
26/03/2021;17:50:00;134;3 - Acidente com Danos Materiais;321,8;BR-101/RJ;Norte;Colisão Traseira;1;;;;;1;;;;;2;;;;
26/03/2021;18:52:00;149;2 - Acidente com VITIMA;308,929;BR-101/RJ;Norte;Outros - Sequência;2;;;1;;;;;;;3;;1;;
26/03/2021;19:44:00;156;3 - Acidente com Danos Materiais;314,285;BR-101/RJ;Norte;Colisão Traseira;2;;;;;;;;;;7;;;;
26/03/2021;20:00:00;160;2 - Acidente com VITIMA;312,899;BR-101/RJ;Norte;Engavetamento;3;;;;;2;;;;;9;3;;;
26/03/2021;20:38:00;164;2 - Acidente com VITIMA;263,517;BR-101/RJ;Norte;Atropelamento - Outros;;;;;;1;;;;;1;;1;;
27/03/2021;10:52:00;66;2 - Acidente com VITIMA;302,988;BR-101/RJ;Sul;Tombamento;;1;;;;;;;;;0;1;;;
27/03/2021;17:17:00;132;3 - Acidente com Danos Materiais;312,122;BR-101/RJ;Norte;Outros - Sequência;3;;;;;;;;;;5;;;;
27/03/2021;17:40:00;134;3 - Acidente com Danos Materiais;310,595;BR-101/RJ;Sul;Engavetamento;5;;;;;;;;;;8;;;;
27/03/2021;21:08:00;163;3 - Acidente com Danos Materiais;279,08;BR-101/RJ;Sul;Capotamento;1;;;;;;;;;;1;;;;
27/03/2021;23:34:00;176;3 - Acidente com Danos Materiais;311,844;BR-101/RJ;Norte;Choque - Defensa, barreira ou "submarino";2;;;;;;;;;;2;;;;
28/03/2021;01:51:00;11;2 - Acidente com VITIMA;297,155;BR-101/RJ;Norte;Tombamento;;;;1;;;;;;;0;1;;;
28/03/2021;08:18:00;26;3 - Acidente com Danos Materiais;317,225;BR-101/RJ;Sul;Colisão Lateral;2;;;;;;;;;;2;;;;
28/03/2021;10:48:00;42;3 - Acidente com Danos Materiais;59,568;BR-101/RJ;Norte;Colisão Traseira;;;1;;;1;;;;;2;;;;
28/03/2021;16:12:00;87;2 - Acidente com VITIMA;283,86;BR-101/RJ;Sul;Tombamento;;;;1;;;;;;;1;1;;;
28/03/2021;20:52:00;116;2 - Acidente com VITIMA;74,052;BR-101/RJ;Norte;Atropelamento - Outros;;;;;;1;;;;;1;1;;;
28/03/2021;20:54:00;117;2 - Acidente com VITIMA;292,25;BR-101/RJ;Sul;Colisão Traseira;1;;;1;;;;;;;2;1;;;
29/03/2021;05:51:00;18;3 - Acidente com Danos Materiais;285,355;BR-101/RJ;Sul;Colisão Traseira;;;1;;;;;;;1;2;;;;
29/03/2021;10:30:00;84;3 - Acidente com Danos Materiais;68,219;BR-101/RJ;Norte;Colisão Traseira;1;;;;;;;;;1;2;;;;
29/03/2021;14:53:00;117;2 - Acidente com VITIMA;282,576;BR-101/RJ;Norte;Tombamento;;;;1;;;;;;;0;2;;;
29/03/2021;15:01:00;121;2 - Acidente com VITIMA;56,64;BR-101/RJ;Norte;Tombamento;;;;1;;;;;;;0;1;1;;
29/03/2021;16:43:00;147;2 - Acidente com VITIMA;127,155;BR-101/RJ;Norte;Choque - Defensa, barreira ou "submarino";;;;;;;;;;1;0;1;;;
29/03/2021;19:04:00;167;2 - Acidente com VITIMA;282,565;BR-101/RJ;Sul;Colisão Lateral;;1;;;;1;;;;;1;;1;;
29/03/2021;20:14:00;185;3 - Acidente com Danos Materiais;244,483;BR-101/RJ;Sul;Choque - Defensa, barreira ou "submarino";;;1;;;;;;;;1;;;;
29/03/2021;23:43:00;199;2 - Acidente com VITIMA;136,54;BR-101/RJ;Sul;Atropelamento de Animal;1;;;;;;;;;;0;2;;;
29/03/2021;23:58:00;202;2 - Acidente com VITIMA;306,571;BR-101/RJ;Norte;Tombamento;;;;1;;;;;;;0;1;1;;
30/03/2021;00:22:00;2;2 - Acidente com VITIMA;136,54;BR-101/RJ;Sul;Atropelamento de Animal;1;;;;;;;;;;0;2;;;
30/03/2021;01:07:00;6;3 - Acidente com Danos Materiais;318,3;BR-101/RJ;Sul;Choque - Outros;1;;;;;;;;;;1;;;;
30/03/2021;01:33:00;9;3 - Acidente com Danos Materiais;310,084;BR-101/RJ;Norte;Colisão Traseira;1;;;1;;;;;;;4;;;;
30/03/2021;07:18:00;34;3 - Acidente com Danos Materiais;88,2;BR-101/RJ;Norte;Choque - Elemento de Drenagem;1;;;;;;;;;;1;;;;
30/03/2021;09:50:00;69;2 - Acidente com VITIMA;46,5;BR-101/RJ;Sul;Colisão Transversal;;;;1;;1;;;;;1;1;;;
30/03/2021;10:13:00;74;3 - Acidente com Danos Materiais;304,449;BR-101/RJ;Sul;Saida de Pista;1;;;;;;;;;;1;;;;
30/03/2021;15:44:00;128;2 - Acidente com VITIMA;277,823;BR-101/RJ;Norte;Colisão Traseira;1;;;1;;;;;;;1;;2;;
30/03/2021;16:40:00;140;3 - Acidente com Danos Materiais;239,116;BR-101/RJ;Norte;Choque - Suporte de Sinalização;;;1;;;;;;;;2;;;;
30/03/2021;16:59:00;145;2 - Acidente com VITIMA;231,433;BR-101/RJ;Sul;Choque - Talude;1;;;;;;;;;;0;3;;;
30/03/2021;23:59:00;182;3 - Acidente com Danos Materiais;320,584;BR-101/RJ;Norte;Tombamento;;;;1;;;;;;;1;;;;
31/03/2021;00:03:00;2;3 - Acidente com Danos Materiais;26,051;BR-101/RJ;Norte;Choque - Defensa, barreira ou "submarino";1;;;;;;;;;;1;;;;
31/03/2021;15:22:00;121;3 - Acidente com Danos Materiais;308,725;BR-101/RJ;Norte;Colisão Traseira;1;;;;;1;;;;;3;;;;
31/03/2021;15:35:00;124;2 - Acidente com VITIMA;57,625;BR-101/RJ;Norte;Colisão Traseira;1;;;1;;;;;;;1;1;;;
31/03/2021;18:44:00;143;2 - Acidente com VITIMA;210,686;BR-101/RJ;Sul;Capotamento;1;;;;;;;;;;0;2;;;
31/03/2021;21:10:00;163;2 - Acidente com VITIMA;304,659;BR-101/RJ;Sul;Engavetamento;2;;1;;;;;;;;2;2;1;;
01/04/2021;01:29:00;17;3 - Acidente com Danos Materiais;127,665;BR-101/RJ;Sul;Atropelamento de Animal;;;1;;;;;;;;1;;;;
01/04/2021;06:21:00;29;2 - Acidente com VITIMA;268,935;BR-101/RJ;Sul;Capotamento;1;;;;;;;;;;0;1;;;
01/04/2021;07:47:00;43;2 - Acidente com VITIMA;69,8;BR-101/RJ;Norte;Colisão Lateral;;;;1;;1;;;;;1;1;1;;
01/04/2021;10:22:00;89;2 - Acidente com VITIMA;316,002;BR-101/RJ;Norte;Colisão Lateral;1;;;1;;;;;;;1;;1;;
01/04/2021;16:46:00;151;3 - Acidente com Danos Materiais;294,098;BR-101/RJ;Norte;Engavetamento;3;;;;;;;;;;6;;;;
01/04/2021;19:14:00;177;2 - Acidente com VITIMA;274,598;BR-101/RJ;Norte;Colisão Transversal;1;;;1;;;;;;;1;;1;;
02/04/2021;02:50:00;11;3 - Acidente com Danos Materiais;265,789;BR-101/RJ;Sul;Choque - Defensa, barreira ou "submarino";1;;;;;;;;;;1;;;;
02/04/2021;10:10:00;55;2 - Acidente com VITIMA;282,784;BR-101/RJ;Norte;Tombamento;;;;1;;1;;;;;1;2;;;
02/04/2021;11:26:00;67;3 - Acidente com Danos Materiais;293,925;BR-101/RJ;Norte;Colisão Traseira;1;;;;;;;;;1;3;;;;
02/04/2021;14:46:00;95;2 - Acidente com VITIMA;279,005;BR-101/RJ;Sul;Colisão Traseira;2;;;;;;;;;;0;4;;;
02/04/2021;16:16:00;108;2 - Acidente com VITIMA;246,002;BR-101/RJ;Norte;Choque - Defensa, barreira ou "submarino";1;;;;;;;;;;0;;;1;
02/04/2021;18:36:00;119;3 - Acidente com Danos Materiais;310,1;BR-101/RJ;Sul;Choque - Suporte de Sinalização;1;;;;;;;;;;1;;;;
03/04/2021;03:43:00;11;3 - Acidente com Danos Materiais;37,256;BR-101/RJ;Norte;Saida de Pista;1;;;;;;;;;;1;;;;
03/04/2021;13:14:00;71;3 - Acidente com Danos Materiais;261,848;BR-101/RJ;Sul;Choque - Elemento de Drenagem;1;;;;;;;;;;1;;;;
03/04/2021;18:55:00;108;3 - Acidente com Danos Materiais;303,176;BR-101/RJ;Sul;Choque - Defensa, barreira ou "submarino";1;;;;;;;;;;1;;;;
03/04/2021;22:53:00;123;3 - Acidente com Danos Materiais;296,592;BR-101/RJ;Sul;Colisão Traseira;2;;;;;;;;;;3;;;;
04/04/2021;11:20:00;55;2 - Acidente com VITIMA;298,632;BR-101/RJ;Norte;Colisão Lateral;;;;1;;1;;;;;1;1;1;;
04/04/2021;11:51:00;56;3 - Acidente com Danos Materiais;282,902;BR-101/RJ;Sul;Choque - Defensa, barreira ou "submarino";1;;;;;;;;;;2;;;;
04/04/2021;15:29:00;81;3 - Acidente com Danos Materiais;158,176;BR-101/RJ;Sul;Tombamento;;;1;;;;;;;;1;;;;
04/04/2021;16:42:00;88;3 - Acidente com Danos Materiais;321,8;BR-101/RJ;Sul;Choque - Defensa, barreira ou "submarino";1;;;;;;;;;;2;;;;
04/04/2021;23:33:00;140;3 - Acidente com Danos Materiais;100,283;BR-101/RJ;Norte;Choque - Suporte de Sinalização;1;;;;;;;;;;1;;;;
04/04/2021;23:51:00;143;3 - Acidente com Danos Materiais;297,871;BR-101/RJ;Norte;Choque - Defensa, barreira ou "submarino";1;;;;;;;;;;1;;;;
05/04/2021;07:40:00;38;2 - Acidente com VITIMA;306,424;BR-101/RJ;Sul;Colisão Lateral;;;1;1;;1;;;;;2;1;;;
05/04/2021;13:52:00;106;3 - Acidente com Danos Materiais;91,51;BR-101/RJ;Norte;Choque - Defensa, barreira ou "submarino";;;;;;;;;;1;2;;;;
05/04/2021;17:40:00;144;2 - Acidente com VITIMA;316,406;BR-101/RJ;Norte;Colisão Traseira;1;;;1;;;;;;;2;;1;;
05/04/2021;18:05:00;149;2 - Acidente com VITIMA;272,881;BR-101/RJ;Sul;Choque - Defensa, barreira ou "submarino";;;;1;;;;;;;0;;2;;
05/04/2021;23:19:00;188;1 - Acidente com Vitima Fatal;16,584;BR-101/RJ;Norte;Tombamento;;;1;;;;;;;;0;;;;1
06/04/2021;00:08:00;3;3 - Acidente com Danos Materiais;205,4;BR-101/RJ;Sul;Colisão Traseira;1;;1;;;;;;;;2;;;;
06/04/2021;08:43:00;66;3 - Acidente com Danos Materiais;263,511;BR-101/RJ;Sul;Choque - Objeto sobre a pista;;;;;;;;;;1;1;;;;
06/04/2021;10:49:00;100;2 - Acidente com VITIMA;316,294;BR-101/RJ;Sul;Colisão Traseira;1;;;1;;;;;;;4;1;;;
06/04/2021;23:59:00;194;2 - Acidente com VITIMA;71,595;BR-101/RJ;Norte;Atropelamento de Animal;;;;1;;;;;;;0;;;1;
07/04/2021;09:00:00;53;3 - Acidente com Danos Materiais;252,89;BR-101/RJ;Sul;Colisão Traseira;1;;1;;;;;;;;2;;;;
07/04/2021;10:18:00;69;3 - Acidente com Danos Materiais;297,05;BR-101/RJ;Norte;Colisão Traseira;1;;1;;;;;;;;2;;;;
07/04/2021;10:58:00;83;2 - Acidente com VITIMA;267,7;BR-101/RJ;Sul;Tombamento;;;;1;;;;;;;0;;1;;
07/04/2021;11:31:00;89;3 - Acidente com Danos Materiais;127,152;BR-101/RJ;Norte;Choque - Talude;1;;;;;;;;;;1;;;;
07/04/2021;19:40:00;167;3 - Acidente com Danos Materiais;301,35;BR-101/RJ;Norte;Objeto lançado contra veículo;2;;1;;;;;;;;3;;;;
07/04/2021;20:40:00;179;2 - Acidente com VITIMA;271,249;BR-101/RJ;Sul;Tombamento;;;;1;;;;;;;0;1;1;;
07/04/2021;21:30:00;183;2 - Acidente com VITIMA;266,318;BR-101/RJ;Sul;Choque - Defensa, barreira ou "submarino";1;;;;;;;;;;0;1;;;
08/04/2021;07:52:00;42;3 - Acidente com Danos Materiais;206,408;BR-101/RJ;Sul;Colisão Transversal;2;;;;;;;;;;4;;;;
08/04/2021;10:31:00;84;3 - Acidente com Danos Materiais;294,24;BR-101/RJ;Sul;Colisão Transversal;1;;1;;;;;;;;4;;;;
08/04/2021;10:57:00;89;2 - Acidente com VITIMA;288,791;BR-101/RJ;Norte;Engavetamento;3;;;;;;;;;;4;1;;;
08/04/2021;12:36:00;103;2 - Acidente com VITIMA;208,805;BR-101/RJ;Sul;Choque - Talude;;;;;;;;;;1;0;1;1;;
08/04/2021;13:18:00;111;3 - Acidente com Danos Materiais;213,705;BR-101/RJ;Sul;Colisão Lateral;1;;;;;1;;;;;2;;;;
08/04/2021;18:12:00;148;3 - Acidente com Danos Materiais;317,124;BR-101/RJ;Norte;Colisão Traseira;2;;;;;;;;;;3;;;;
08/04/2021;19:37:00;150;2 - Acidente com VITIMA;318,235;BR-101/RJ;Norte;Colisão Lateral;;;;1;;1;;;;;1;1;;;
08/04/2021;21:14:00;174;3 - Acidente com Danos Materiais;208,482;BR-101/RJ;Norte;Choque - Objeto sobre a pista;1;;;;;;;;;;1;;;;
09/04/2021;05:54:00;18;3 - Acidente com Danos Materiais;83,9;BR-101/RJ;Sul;Colisão Lateral;;;;;;1;;;;1;14;;;;
09/04/2021;08:36:00;55;3 - Acidente com Danos Materiais;269,296;BR-101/RJ;Norte;Choque - Outros;1;;;;;;;;;;1;;;;
09/04/2021;15:04:00;116;2 - Acidente com VITIMA;103,584;BR-101/RJ;Norte;Choque - Defensa, barreira ou "submarino";1;;;;;;;;;;0;3;2;;
09/04/2021;16:33:00;132;3 - Acidente com Danos Materiais;313,766;BR-101/RJ;Norte;Engavetamento;4;;;;;;;;;;4;;;;
09/04/2021;18:43:00;164;2 - Acidente com VITIMA;47,821;BR-101/RJ;Norte;Colisão Transversal;1;;;;;1;;;;;2;2;;;
09/04/2021;22:30:00;192;2 - Acidente com VITIMA;236,73;BR-101/RJ;Norte;Colisão Traseira;1;;;;;1;;;;;1;1;;;
09/04/2021;22:49:00;196;3 - Acidente com Danos Materiais;155,618;BR-101/RJ;Norte;Colisão Lateral;;;1;;;1;;;;;2;;;;
10/04/2021;08:03:00;42;2 - Acidente com VITIMA;308,467;BR-101/RJ;Sul;Colisão Traseira;2;;;;;;;;;;1;1;;;
10/04/2021;08:53:00;49;3 - Acidente com Danos Materiais;307,743;BR-101/RJ;Sul;Engavetamento;1;;;;;2;;;;;3;;;;
10/04/2021;15:53:00;115;2 - Acidente com VITIMA;75,381;BR-101/RJ;Norte;Tombamento;;;;1;;;;;;;0;;1;;
10/04/2021;16:24:00;121;3 - Acidente com Danos Materiais;82,157;BR-101/RJ;Norte;Objeto lançado contra veículo;;;;;;;;;;1;1;;;;
10/04/2021;20:16:00;151;2 - Acidente com VITIMA;55,3;BR-101/RJ;Sul;Colisão Traseira;;;;1;;1;;;;;1;1;;;
11/04/2021;00:28:00;5;2 - Acidente com VITIMA;302,917;BR-101/RJ;Sul;Choque - Defensa, barreira ou "submarino";1;;;;;;;;;;0;;1;;
11/04/2021;12:22:00;73;3 - Acidente com Danos Materiais;82,558;BR-101/RJ;Norte;Choque - Objeto sobre a pista;1;;;;;;;;;;1;;;;
11/04/2021;17:32:00;112;2 - Acidente com VITIMA;54,062;BR-101/RJ;Norte;Colisão Transversal;2;;;;;;;;;;1;2;;;
11/04/2021;22:35:00;153;2 - Acidente com VITIMA;238,987;BR-101/RJ;Sul;Colisão Traseira;1;;;1;;;;;;;1;1;;1;
12/04/2021;07:14:00;25;2 - Acidente com VITIMA;313,962;BR-101/RJ;Sul;Engavetamento;2;;;;;;;;;1;9;;1;;
12/04/2021;09:04:00;55;3 - Acidente com Danos Materiais;310,49;BR-101/RJ;Sul;Colisão Traseira;1;;;1;;;;;;;2;;;;
12/04/2021;09:06:00;57;3 - Acidente com Danos Materiais;312,582;BR-101/RJ;Sul;Engavetamento;3;;;;;;;;;;5;;;;
12/04/2021;09:33:00;63;3 - Acidente com Danos Materiais;296,036;BR-101/RJ;Sul;Outros - Sequência;1;;1;;;1;;;;;3;;;;
12/04/2021;11:45:00;95;2 - Acidente com VITIMA;57,621;BR-101/RJ;Sul;Colisão Traseira;;;1;1;;;;;;;1;1;;;
12/04/2021;13:17:00;104;2 - Acidente com VITIMA;262,265;BR-101/RJ;Norte;Choque - Defensa, barreira ou "submarino";1;;1;;;;;;;;1;1;;;
12/04/2021;14:40:00;119;2 - Acidente com VITIMA;295,447;BR-101/RJ;Sul;Atropelamento - Usuário;;;;;;1;;;;;1;;1;;
12/04/2021;18:31:00;153;3 - Acidente com Danos Materiais;297,091;BR-101/RJ;Sul;Choque - Defensa, barreira ou "submarino";1;;;;;;;;;;1;;;;
12/04/2021;18:47:00;154;2 - Acidente com VITIMA;297,328;BR-101/RJ;Sul;Colisão Traseira;1;;;;;;;;;1;1;1;1;;
13/04/2021;05:56:00;19;2 - Acidente com VITIMA;321,85;BR-101/RJ;Norte;Colisão Transversal;1;;1;;;;;;;;2;1;;;
13/04/2021;06:35:00;21;2 - Acidente com VITIMA;187,47;BR-101/RJ;Sul;Colisão Lateral;1;;;;;1;;;;;1;1;;;
13/04/2021;09:17:00;56;2 - Acidente com VITIMA;282,9;BR-101/RJ;Sul;Colisão Lateral;2;;;;;;;;;;1;1;;;
13/04/2021;09:36:00;60;3 - Acidente com Danos Materiais;283,2;BR-101/RJ;Norte;Colisão Lateral;;;;;;1;;;;1;4;;;;
13/04/2021;09:44:00;63;2 - Acidente com VITIMA;91,859;BR-101/RJ;Norte;Choque - Defensa, barreira ou "submarino";1;;;;;;;;;;1;1;;;
13/04/2021;13:32:00;94;3 - Acidente com Danos Materiais;297,7;BR-101/RJ;Norte;Colisão Traseira;1;;1;;;;;;;;2;;;;
13/04/2021;17:31:00;126;3 - Acidente com Danos Materiais;80,121;BR-101/RJ;Norte;Colisão Frontal;2;;;;;;;;;;4;;;;
13/04/2021;17:32:00;127;2 - Acidente com VITIMA;95,062;BR-101/RJ;Sul;Capotamento;1;;;;;;;;;;0;2;;;
14/04/2021;07:40:00;45;2 - Acidente com VITIMA;303,153;BR-101/RJ;Sul;Colisão Traseira;2;;;;;;;;;;1;;1;;
14/04/2021;08:21:00;57;3 - Acidente com Danos Materiais;314,533;BR-101/RJ;Sul;Colisão Lateral;1;;;1;;;;;;;4;;;;
14/04/2021;11:25:00;99;3 - Acidente com Danos Materiais;80,05;BR-101/RJ;Norte;Colisão Traseira;2;;;;;;;;;;4;;;;
14/04/2021;12:07:00;106;2 - Acidente com VITIMA;321,646;BR-101/RJ;Sul;Colisão Traseira;1;;;1;;;;;;;1;1;;;
14/04/2021;16:31:00;152;3 - Acidente com Danos Materiais;295,171;BR-101/RJ;Sul;Choque - Poste;1;;;;;;;;;;1;;;;
14/04/2021;16:32:00;153;3 - Acidente com Danos Materiais;58,1;BR-101/RJ;Sul;Colisão Traseira;;;1;;;1;;;;;2;;;;
14/04/2021;18:05:00;165;2 - Acidente com VITIMA;87,454;BR-101/RJ;Norte;Capotamento;1;;;;;;;;;;0;1;;;
14/04/2021;18:13:00;167;3 - Acidente com Danos Materiais;303,346;BR-101/RJ;Norte;Choque - Defensa, barreira ou "submarino";1;;;;;;;;;;2;;;;