data;horario;n_da_ocorrencia;tipo_de_ocorrencia;km;trecho;sentido;tipo_de_acidente;automovel;bicicleta;caminhao;moto;onibus;outros;tracao_animal;transporte_de_cargas_especiais;trator_maquinas;utilitarios;ilesos;levemente_feridos;moderadamente_feridos;gravemente_feridos;mortos
14/04/2021;18:59:00;174;3 - Acidente com Danos Materiais;305,062;BR-101/RJ;Norte;Colisão Lateral;1;;1;;;;;;;;2;;;;
14/04/2021;19:39:00;177;2 - Acidente com VITIMA;51,811;BR-101/RJ;Norte;Atropelamento - Morador;;;;1;;;;;;;0;1;;1;
15/04/2021;06:43:00;19;3 - Acidente com Danos Materiais;140,119;BR-101/RJ;Sul;Capotamento;1;;;;;;;;;;1;;;;
15/04/2021;07:22:00;30;2 - Acidente com VITIMA;44,675;BR-101/RJ;Norte;Colisão Lateral;;;2;;;;;;;;2;1;;;
15/04/2021;18:18:00;147;3 - Acidente com Danos Materiais;244,477;BR-101/RJ;Sul;Objeto lançado contra veículo;3;;1;;;;;;;1;9;;;;
15/04/2021;23:12:00;179;2 - Acidente com VITIMA;133,988;BR-101/RJ;Sul;Colisão Traseira;2;;;;;;;;;;1;2;;;
16/04/2021;10:08:00;78;2 - Acidente com VITIMA;152,127;BR-101/RJ;Norte;Atropelamento de Animal;1;;;;;;;;;;0;1;;;
16/04/2021;10:27:00;88;2 - Acidente com VITIMA;53,428;BR-101/RJ;Norte;Colisão Lateral;1;;;;;1;;;;;1;2;;;
16/04/2021;17:31:00;165;2 - Acidente com VITIMA;231,643;BR-101/RJ;Norte;Choque - Defensa, barreira ou "submarino";1;;;;;;;;;;0;1;;;
17/04/2021;06:46:00;37;3 - Acidente com Danos Materiais;306,6;BR-101/RJ;Norte;Colisão Traseira;1;;;;;;;;;1;2;;;;
17/04/2021;13:46:00;89;2 - Acidente com VITIMA;282,773;BR-101/RJ;Norte;Outros - Sequência;2;;;2;;;;;;;2;;1;2;
17/04/2021;15:28:00;104;2 - Acidente com VITIMA;79,85;BR-101/RJ;Sul;Colisão Traseira;1;;;1;;;;;;;2;;1;;
17/04/2021;15:57:00;112;2 - Acidente com VITIMA;267,125;BR-101/RJ;Sul;Colisão Traseira;1;;;1;;;;;;;5;1;;;
17/04/2021;16:25:00;116;3 - Acidente com Danos Materiais;297,923;BR-101/RJ;Sul;Colisão Lateral;1;;;;;1;;;;;4;;;;
18/04/2021;00:06:00;4;2 - Acidente com VITIMA;49,017;BR-101/RJ;Sul;Colisão Lateral;;;;1;;1;;;;;1;2;;;
18/04/2021;01:16:00;11;2 - Acidente com VITIMA;276,196;BR-101/RJ;Sul;Colisão Lateral;;;;2;;;;;;;0;;1;3;
18/04/2021;03:27:00;14;2 - Acidente com VITIMA;40,61;BR-101/RJ;Sul;Choque - Cancela de Pedagio;;;;1;;;;;;;0;1;1;;
18/04/2021;04:57:00;18;3 - Acidente com Danos Materiais;292,509;BR-101/RJ;Norte;Choque - Defensa, barreira ou "submarino";;;;;;;;;;1;1;;;;
18/04/2021;09:17:00;43;3 - Acidente com Danos Materiais;320,1;BR-101/RJ;Sul;Choque - Defensa, barreira ou "submarino";1;;;;;;;;;;1;;;;
18/04/2021;12:22:00;66;2 - Acidente com VITIMA;320,805;BR-101/RJ;Norte;Choque - Defensa, barreira ou "submarino";1;;;;;;;;;;1;;1;;
18/04/2021;18:53:00;120;3 - Acidente com Danos Materiais;244,56;BR-101/RJ;Norte;Colisão Traseira;2;;;;;;;;;;3;;;;
18/04/2021;19:54:00;130;2 - Acidente com VITIMA;201,103;BR-101/RJ;Norte;Outros;;;;1;;;;;;;1;1;;;
18/04/2021;21:32:00;143;2 - Acidente com VITIMA;297,923;BR-101/RJ;Sul;Choque - Elemento de Drenagem;1;;;;;;;;;;2;;2;;
18/04/2021;23:08:00;149;3 - Acidente com Danos Materiais;112,636;BR-101/RJ;Norte;Atropelamento de Animal;1;;;;;;;;;;1;;;;
19/04/2021;08:01:00;45;3 - Acidente com Danos Materiais;312,213;BR-101/RJ;Sul;Engavetamento;1;;;;;2;;;;;5;;;;
19/04/2021;13:46:00;136;3 - Acidente com Danos Materiais;40,531;BR-101/RJ;Sul;Colisão Traseira;1;;1;;;;;;;;2;;;;
19/04/2021;14:16:00;141;2 - Acidente com VITIMA;52,809;BR-101/RJ;Sul;Colisão Traseira;;1;;;;;;;;1;1;1;;;
19/04/2021;15:06:00;148;2 - Acidente com VITIMA;196,466;BR-101/RJ;Sul;Choque - Defensa, barreira ou "submarino";1;;;;;;;;;;0;;1;;
19/04/2021;16:50:00;163;3 - Acidente com Danos Materiais;190,334;BR-101/RJ;Norte;Choque - Defensa, barreira ou "submarino";1;;;;;;;;;;1;;;;
19/04/2021;20:55:00;195;3 - Acidente com Danos Materiais;308,424;BR-101/RJ;Norte;Colisão Traseira;1;;;;;1;;;;;2;;;;
20/04/2021;06:23:00;27;3 - Acidente com Danos Materiais;294,537;BR-101/RJ;Sul;Choque - Defensa, barreira ou "submarino";1;;;;;;;;;;2;;;;
20/04/2021;09:15:00;64;2 - Acidente com VITIMA;23,906;BR-101/RJ;Sul;Colisão Lateral;2;;1;;;;;;;;2;3;1;;
20/04/2021;14:00:00;122;2 - Acidente com VITIMA;190,2;BR-101/RJ;Sul;Tombamento;;;;1;;;;;;;0;1;1;;
20/04/2021;17:46:00;155;3 - Acidente com Danos Materiais;310,808;BR-101/RJ;Norte;Atropelamento de Animal;1;;;;;;;;;;1;;;;
20/04/2021;19:44:00;172;2 - Acidente com VITIMA;60,732;BR-101/RJ;Sul;Colisão Lateral;1;;;1;;;;;;;1;1;;;
20/04/2021;21:49:00;191;3 - Acidente com Danos Materiais;304,82;BR-101/RJ;Norte;Saida de Pista;1;;;;;;;;;;1;;;;
21/04/2021;05:37:00;31;2 - Acidente com VITIMA;288,5;BR-101/RJ;Norte;Colisão Traseira;1;1;;;;;;;;;1;;;1;
21/04/2021;12:38:00;118;3 - Acidente com Danos Materiais;265,635;BR-101/RJ;Sul;Choque - Suporte de Sinalização;1;;;;;;;;;;1;;;;
21/04/2021;13:12:00;125;3 - Acidente com Danos Materiais;297,381;BR-101/RJ;Norte;Colisão Lateral;1;;;;1;;;;;;2;;;;
21/04/2021;13:18:00;127;2 - Acidente com VITIMA;306,885;BR-101/RJ;Norte;Choque - Defensa, barreira ou "submarino";1;;;;;;;;;;1;2;;;
21/04/2021;13:23:00;128;3 - Acidente com Danos Materiais;125,074;BR-101/RJ;Norte;Capotamento;1;;;;;;;;;;1;;;;
21/04/2021;15:32:00;150;3 - Acidente com Danos Materiais;228,37;BR-101/RJ;Norte;Choque - Defensa, barreira ou "submarino";1;;;;;;;;;;1;;;;
21/04/2021;18:21:00;171;2 - Acidente com VITIMA;262,573;BR-101/RJ;Norte;Colisão Traseira;;;;1;;;;;;1;1;;1;;
21/04/2021;20:03:00;178;3 - Acidente com Danos Materiais;61,3;BR-101/RJ;Norte;Colisão Transversal;1;;;1;;;;;;;2;;;;
22/04/2021;06:44:00;25;2 - Acidente com VITIMA;309,127;BR-101/RJ;Sul;Engavetamento;4;;;;;1;;;;1;5;1;;;
22/04/2021;06:57:00;30;3 - Acidente com Danos Materiais;306,579;BR-101/RJ;Sul;Engavetamento;3;;;;;;;;;;5;;;;
22/04/2021;07:05:00;33;3 - Acidente com Danos Materiais;308,566;BR-101/RJ;Norte;Engavetamento;2;;;;;1;;;;;3;;;;
22/04/2021;07:22:00;37;3 - Acidente com Danos Materiais;309,062;BR-101/RJ;Norte;Engavetamento;3;;;;;;;;;;6;;;;
22/04/2021;08:38:00;52;3 - Acidente com Danos Materiais;271,073;BR-101/RJ;Sul;Choque - Suporte de Sinalização;1;;;;;;;;;;1;;;;
22/04/2021;11:26:00;100;3 - Acidente com Danos Materiais;285,888;BR-101/RJ;Sul;Engavetamento;4;;;;;2;;;;;7;;;;
22/04/2021;11:44:00;103;3 - Acidente com Danos Materiais;266,429;BR-101/RJ;Norte;Choque - Defensa, barreira ou "submarino";1;;;;;;;;;;1;;;;
23/04/2021;00:26:00;9;2 - Acidente com VITIMA;320,63;BR-101/RJ;Norte;Choque - Defensa, barreira ou "submarino";1;;;;;;;;;;0;;1;;
23/04/2021;08:33:00;48;2 - Acidente com VITIMA;314,603;BR-101/RJ;Sul;Tombamento;;;;1;;;;;;;0;2;;;
23/04/2021;10:14:00;75;2 - Acidente com VITIMA;282,525;BR-101/RJ;Norte;Colisão Traseira;1;;;;;;;;;1;3;1;;;
23/04/2021;14:42:00;117;2 - Acidente com VITIMA;18,9;BR-101/RJ;Norte;Colisão Lateral;2;;;;;;;;;;3;1;;;
23/04/2021;17:09:00;146;2 - Acidente com VITIMA;65,956;BR-101/RJ;Sul;Colisão Lateral;1;;;1;;;;;;;4;1;;;
23/04/2021;19:36:00;168;3 - Acidente com Danos Materiais;294,09;BR-101/RJ;Sul;Colisão Traseira;2;;;;;;;;;;2;;;;
23/04/2021;19:42:00;169;2 - Acidente com VITIMA;264,5;BR-101/RJ;Norte;Atropelamento - Ciclista;1;1;;;;;;;;;1;1;;;
23/04/2021;21:36:00;187;2 - Acidente com VITIMA;72,854;BR-101/RJ;Norte;Colisão Lateral;1;;;1;;;;;;;1;1;;;
24/04/2021;07:18:00;26;2 - Acidente com VITIMA;299,776;BR-101/RJ;Norte;Choque - Suporte de Sinalização;;;;1;;;;;;;0;2;;;
24/04/2021;15:47:00;118;3 - Acidente com Danos Materiais;252,89;BR-101/RJ;Norte;Choque - Outros;;;1;;;;;;;;1;;;;
24/04/2021;17:10:00;131;2 - Acidente com VITIMA;309,05;BR-101/RJ;Norte;Choque - Veiculo parado no acostamento;1;;;1;;;;;;;1;1;;;
24/04/2021;23:11:00;177;2 - Acidente com VITIMA;320,728;BR-101/RJ;Sul;Choque - Defensa, barreira ou "submarino";1;;;;;;;;;;0;1;;;
25/04/2021;02:10:00;8;3 - Acidente com Danos Materiais;318,3;BR-101/RJ;Sul;Choque - Elemento de Drenagem;1;;;;;;;;;;1;;;;
25/04/2021;11:01:00;60;3 - Acidente com Danos Materiais;40,531;BR-101/RJ;Sul;Choque - Defensa, barreira ou "submarino";;;1;;;;;;;;1;;;;
25/04/2021;12:51:00;75;3 - Acidente com Danos Materiais;306,467;BR-101/RJ;Sul;Engavetamento;4;;;;;;;;;;9;;;;
25/04/2021;15:23:00;105;3 - Acidente com Danos Materiais;292,188;BR-101/RJ;Sul;Colisão Traseira;1;;;;;;;;;1;5;;;;
25/04/2021;17:39:00;129;3 - Acidente com Danos Materiais;283,3;BR-101/RJ;Sul;Engavetamento;3;;;;;;;;;;7;;;;
25/04/2021;18:31:00;142;2 - Acidente com VITIMA;299,7;BR-101/RJ;Sul;Colisão Traseira;2;;;;;;;;;;4;1;;;
25/04/2021;20:07:00;166;2 - Acidente com VITIMA;204,306;BR-101/RJ;Norte;Colisão Traseira;;1;;;;1;;;;;1;;1;;
25/04/2021;21:11:00;173;3 - Acidente com Danos Materiais;315,7;BR-101/RJ;Norte;Atropelamento de Animal;1;;;;;;;;;;5;;;;
25/04/2021;22:59:00;184;3 - Acidente com Danos Materiais;319,104;BR-101/RJ;Norte;Choque - Defensa, barreira ou "submarino";1;;;;;;;;;;4;;;;
26/04/2021;06:07:00;20;2 - Acidente com VITIMA;46,7;BR-101/RJ;Sul;Outros;;;;;;1;;;;;1;;1;;
26/04/2021;09:44:00;79;3 - Acidente com Danos Materiais;312,962;BR-101/RJ;Sul;Colisão Traseira;2;;;;;;;;;;3;;;;
26/04/2021;18:29:00;170;2 - Acidente com VITIMA;320,608;BR-101/RJ;Sul;Colisão Lateral;1;;;1;;1;;;;;2;1;;;
26/04/2021;23:10:00;204;2 - Acidente com VITIMA;301,201;BR-101/RJ;Norte;Colisão Lateral;;;1;;;;;;;1;7;1;;;
27/04/2021;02:15:00;9;3 - Acidente com Danos Materiais;304,985;BR-101/RJ;Sul;Tombamento;;;1;;;;;;;;1;;;;
27/04/2021;02:20:00;11;2 - Acidente com VITIMA;303,445;BR-101/RJ;Sul;Choque - Defensa, barreira ou "submarino";1;;;;;;;;;;0;1;;;
28/04/2021;03:19:00;7;2 - Acidente com VITIMA;14,192;BR-101/RJ;Norte;Choque - Arvore;;;1;;;;;;;;1;;1;;
28/04/2021;06:51:00;24;3 - Acidente com Danos Materiais;293,939;BR-101/RJ;Norte;Colisão Frontal;2;;;;;;;;;;5;;;;
28/04/2021;09:03:00;55;2 - Acidente com VITIMA;59,785;BR-101/RJ;Sul;Queda;;;;;;;;;;;0;1;;;
28/04/2021;10:55:00;87;2 - Acidente com VITIMA;51,409;BR-101/RJ;Norte;Tombamento;;;;1;;;;;;;0;2;;;
28/04/2021;15:55:00;139;3 - Acidente com Danos Materiais;231,218;BR-101/RJ;Sul;Atropelamento de Animal;1;;;;;;;;;;1;;;;
28/04/2021;16:36:00;146;2 - Acidente com VITIMA;271,779;BR-101/RJ;Sul;Colisão Traseira;1;1;;;;;;;;;5;;;1;
29/04/2021;06:36:00;23;3 - Acidente com Danos Materiais;310,595;BR-101/RJ;Sul;Colisão Traseira;2;;;;;;;;;;2;;;;
29/04/2021;06:43:00;28;3 - Acidente com Danos Materiais;308,346;BR-101/RJ;Sul;Colisão Lateral;;;;;1;1;;;;;2;;;;
29/04/2021;07:12:00;31;2 - Acidente com VITIMA;164,719;BR-101/RJ;Sul;Tombamento;;;;;;;;;;1;0;1;;;
29/04/2021;07:31:00;34;3 - Acidente com Danos Materiais;228,445;BR-101/RJ;Norte;Choque - Defensa, barreira ou "submarino";1;;;;;;;;;;1;;;;
29/04/2021;08:21:00;40;2 - Acidente com VITIMA;266,13;BR-101/RJ;Norte;Capotamento;1;;;;;;;;;;0;1;;;
29/04/2021;08:47:00;43;3 - Acidente com Danos Materiais;297,359;BR-101/RJ;Sul;Engavetamento;2;;;;;1;;;;;3;;;;
29/04/2021;08:53:00;46;3 - Acidente com Danos Materiais;67,42;BR-101/RJ;Sul;Colisão Transversal;2;;;;;;;;;;4;;;;
29/04/2021;22:53:00;167;3 - Acidente com Danos Materiais;272,144;BR-101/RJ;Sul;Colisão Traseira;;;2;;;;;;;;4;;;;
30/04/2021;02:15:00;9;3 - Acidente com Danos Materiais;217,999;BR-101/RJ;Sul;Choque - Outros;;;1;;;;;;;;2;;;;
30/04/2021;03:18:00;12;3 - Acidente com Danos Materiais;120,126;BR-101/RJ;Norte;Choque - Objeto sobre a pista;;;2;;;;;;;;2;;;;
30/04/2021;09:28:00;63;2 - Acidente com VITIMA;321,2;BR-101/RJ;Norte;Tombamento;;;;1;;1;;;;;1;;;1;
30/04/2021;15:20:00;129;2 - Acidente com VITIMA;317,087;BR-101/RJ;Norte;Colisão Traseira;2;;;;;;;;;;2;;1;;
30/04/2021;17:34:00;152;2 - Acidente com VITIMA;54,021;BR-101/RJ;Sul;Atropelamento - Sem Informação;1;;;;;;;;;;0;1;;1;
30/04/2021;17:59:00;154;3 - Acidente com Danos Materiais;53,639;BR-101/RJ;Sul;Engavetamento;3;;;;;;;;;;3;;;;
01/05/2021;01:34:00;19;2 - Acidente com VITIMA;313,968;BR-101/RJ;Norte;Colisão Traseira;1;;;;;1;;;;;2;1;1;;
01/05/2021;01:36:00;20;3 - Acidente com Danos Materiais;196,79;BR-101/RJ;Sul;Choque - Talude;1;;;;;;;;;;1;;;;
01/05/2021;09:32:00;66;3 - Acidente com Danos Materiais;294,3;BR-101/RJ;Norte;Colisão Lateral;2;;;;;;;;;;6;;;;
01/05/2021;12:46:00;96;3 - Acidente com Danos Materiais;196,407;BR-101/RJ;Sul;Colisão Traseira;2;;;;;;;;;;4;;;;
01/05/2021;13:35:00;103;3 - Acidente com Danos Materiais;287,81;BR-101/RJ;Sul;Colisão Traseira;1;;;;;;;;;1;5;;;;
01/05/2021;15:10:00;115;3 - Acidente com Danos Materiais;260,307;BR-101/RJ;Norte;Tombamento;1;;;;;;;;;;1;;;;
01/05/2021;15:18:00;118;3 - Acidente com Danos Materiais;145,206;BR-101/RJ;Sul;Choque - Suporte de Sinalização;1;;;;;;;;;;1;;;;
01/05/2021;16:03:00;123;3 - Acidente com Danos Materiais;208,688;BR-101/RJ;Norte;Choque - Defensa, barreira ou "submarino";1;;;;;;;;;;3;;;;
01/05/2021;18:40:00;136;2 - Acidente com VITIMA;279,793;BR-101/RJ;Sul;Choque - Defensa, barreira ou "submarino";1;;;;;;;;;;2;1;;;
02/05/2021;04:36:00;17;2 - Acidente com VITIMA;178,445;BR-101/RJ;Sul;Choque - Defensa, barreira ou "submarino";1;;;;;;;;;;1;;1;;
02/05/2021;05:42:00;21;3 - Acidente com Danos Materiais;316,121;BR-101/RJ;Norte;Choque - Defensa, barreira ou "submarino";1;;;;;;;;;;1;;;;
02/05/2021;06:27:00;22;3 - Acidente com Danos Materiais;184,909;BR-101/RJ;Norte;Capotamento;1;;;;;;;;;;1;;;;
02/05/2021;08:04:00;32;3 - Acidente com Danos Materiais;187,93;BR-101/RJ;Norte;Choque - Defensa, barreira ou "submarino";;;1;;;;;;;;1;;;;
02/05/2021;19:56:00;121;3 - Acidente com Danos Materiais;291,582;BR-101/RJ;Sul;Engavetamento;1;;;;;;;;;2;5;;;;
02/05/2021;21:29:00;137;3 - Acidente com Danos Materiais;289,615;BR-101/RJ;Norte;Atropelamento de Animal;1;;;;;;;;;;1;;;;
04/05/2021;05:49:00;12;2 - Acidente com VITIMA;62,5;BR-101/RJ;Norte;Colisão Traseira;2;;;;;;;;;;2;2;;;
04/05/2021;08:28:00;45;3 - Acidente com Danos Materiais;305,466;BR-101/RJ;Sul;Colisão Traseira;2;;;;;;;;;;3;;;;
04/05/2021;16:11:00;131;3 - Acidente com Danos Materiais;299,7;BR-101/RJ;Sul;Colisão Lateral;1;;1;;;;;;;;2;;;;
04/05/2021;17:05:00;143;3 - Acidente com Danos Materiais;311,189;BR-101/RJ;Norte;Engavetamento;3;;;;;;;;;;3;;;;
04/05/2021;17:59:00;154;3 - Acidente com Danos Materiais;63,5;BR-101/RJ;Norte;Colisão Lateral;1;;1;;;;;;;;2;;;;
05/05/2021;04:02:00;11;3 - Acidente com Danos Materiais;259,672;BR-101/RJ;Sul;Choque - Defensa, barreira ou "submarino";;;;;;;;;;1;1;;;;
05/05/2021;04:45:00;13;2 - Acidente com VITIMA;184,919;BR-101/RJ;Sul;Tombamento;;;1;;;;;;;;1;1;;;
05/05/2021;15:11:00;119;2 - Acidente com VITIMA;299,099;BR-101/RJ;Norte;Colisão Traseira;1;;1;;;;;;;;3;;1;;
05/05/2021;16:27:00;139;3 - Acidente com Danos Materiais;195,316;BR-101/RJ;Sul;Choque - Elemento de Drenagem;1;;;;;;;;;;1;;;;
05/05/2021;17:50:00;152;2 - Acidente com VITIMA;319,345;BR-101/RJ;Norte;Colisão Lateral;1;;;1;;;;;;;2;1;;;
05/05/2021;18:55:00;157;2 - Acidente com VITIMA;197,528;BR-101/RJ;Sul;Colisão Traseira;1;;1;;;;;;;;2;;1;;
06/05/2021;07:00:00;32;2 - Acidente com VITIMA;77,33;BR-101/RJ;Sul;Colisão Frontal;3;;;1;;;;;;;5;2;2;;
06/05/2021;08:34:00;51;2 - Acidente com VITIMA;296,386;BR-101/RJ;Norte;Colisão Traseira;;;1;;1;;;;;;1;1;;;
06/05/2021;12:13:00;86;3 - Acidente com Danos Materiais;298,466;BR-101/RJ;Sul;Colisão Traseira;;;2;;;;;;;;2;;;;
06/05/2021;12:59:00;101;3 - Acidente com Danos Materiais;313,232;BR-101/RJ;Norte;Colisão Traseira;2;;;;;;;;;;2;;;;
06/05/2021;13:33:00;104;3 - Acidente com Danos Materiais;316,132;BR-101/RJ;Sul;Engavetamento;;;;;;2;;;;1;3;;;;
06/05/2021;14:49:00;122;3 - Acidente com Danos Materiais;307,639;BR-101/RJ;Sul;Colisão Traseira;1;;;;;;;;;1;2;;;;
06/05/2021;15:25:00;127;3 - Acidente com Danos Materiais;303,14;BR-101/RJ;Norte;Colisão Traseira;2;;;;;;;;;;4;;;;
06/05/2021;17:23:00;148;3 - Acidente com Danos Materiais;318,59;BR-101/RJ;Norte;Colisão Traseira;1;;;;;;;;;1;2;;;;
06/05/2021;23:31:00;201;3 - Acidente com Danos Materiais;142,715;BR-101/RJ;Sul;Choque - Defensa, barreira ou "submarino";1;;;;;;;;;;2;;;;
06/05/2021;23:58:00;203;2 - Acidente com VITIMA;80,979;BR-101/RJ;Norte;Colisão Frontal;1;;;1;;;;;;;0;1;;1;
07/05/2021;15:33:00;125;3 - Acidente com Danos Materiais;75,014;BR-101/RJ;Norte;Colisão Traseira;;;1;;;;;;;1;5;;;;
07/05/2021;17:00:00;152;3 - Acidente com Danos Materiais;147,306;BR-101/RJ;Sul;Colisão Frontal;2;;;;;;;;;;2;;;;
07/05/2021;18:59:00;176;2 - Acidente com VITIMA;295,146;BR-101/RJ;Norte;Colisão Traseira;;;1;1;;;;;;;1;;1;1;
07/05/2021;19:10:00;181;3 - Acidente com Danos Materiais;261,377;BR-101/RJ;Sul;Saida de Pista;1;;;;;;;;;;1;;;;
07/05/2021;19:23:00;184;3 - Acidente com Danos Materiais;266,137;BR-101/RJ;Norte;Choque - Defensa, barreira ou "submarino";1;;;;;;;;;;1;;;;
07/05/2021;19:56:00;192;2 - Acidente com VITIMA;293,941;BR-101/RJ;Norte;Engavetamento;3;;;;;;;;;;5;;1;;
08/05/2021;00:46:00;7;3 - Acidente com Danos Materiais;73,269;BR-101/RJ;Norte;Colisão Traseira;1;;;;;;;;;;3;;;;
08/05/2021;04:15:00;22;3 - Acidente com Danos Materiais;297,914;BR-101/RJ;Sul;Colisão Frontal;2;;;;;;;;;;4;;;;
08/05/2021;05:38:00;27;3 - Acidente com Danos Materiais;276,526;BR-101/RJ;Norte;Colisão Lateral;1;;;;;1;;;;;2;;;;
08/05/2021;09:13:00;61;2 - Acidente com VITIMA;198,67;BR-101/RJ;Sul;Choque - Defensa, barreira ou "submarino";1;;;;;;;;;;0;;1;;
08/05/2021;09:22:00;64;3 - Acidente com Danos Materiais;297,595;BR-101/RJ;Norte;Colisão Lateral;1;;1;;;;;;;;2;;;;
08/05/2021;11:58:00;105;3 - Acidente com Danos Materiais;296,726;BR-101/RJ;Sul;Colisão Traseira;3;;;;;;;;;;3;;;;
08/05/2021;14:42:00;138;2 - Acidente com VITIMA;321,254;BR-101/RJ;Sul;Colisão Lateral;1;;;1;;;;;;;2;1;;;
08/05/2021;15:01:00;145;3 - Acidente com Danos Materiais;196,416;BR-101/RJ;Sul;Saida de Pista;1;;;;;;;;;;2;;;;
08/05/2021;16:18:00;161;3 - Acidente com Danos Materiais;63,321;BR-101/RJ;Norte;Colisão Lateral;1;;;;;1;;;;;4;;;;
08/05/2021;23:56:00;218;3 - Acidente com Danos Materiais;304,7;BR-101/RJ;Sul;Colisão Traseira;2;;;;;;;;;;4;;;;
09/05/2021;02:10:00;6;2 - Acidente com VITIMA;295,7;BR-101/RJ;Sul;Capotamento;1;;;;;;;;;;0;;1;;
09/05/2021;04:25:00;9;2 - Acidente com VITIMA;282,789;BR-101/RJ;Norte;Tombamento;;;;1;;;;;;;0;;1;;
09/05/2021;07:59:00;23;3 - Acidente com Danos Materiais;268,166;BR-101/RJ;Sul;Capotamento;1;;;;;1;;;;;3;;;;
09/05/2021;10:57:00;45;3 - Acidente com Danos Materiais;262,598;BR-101/RJ;Sul;Choque - Defensa, barreira ou "submarino";1;;;;;;;;;;1;;;;
09/05/2021;13:28:00;67;2 - Acidente com VITIMA;307,573;BR-101/RJ;Sul;Colisão Traseira;1;;;1;;;;;;;2;;1;;
09/05/2021;13:44:00;72;1 - Acidente com Vitima Fatal;174,95;BR-101/RJ;Sul;Colisão Frontal;1;;1;;;;;;;;4;;;;1
09/05/2021;15:58:00;93;3 - Acidente com Danos Materiais;91,793;BR-101/RJ;Norte;Choque - Defensa, barreira ou "submarino";1;;;;;;;;;;2;;;;
09/05/2021;16:03:00;96;3 - Acidente com Danos Materiais;86,094;BR-101/RJ;Norte;Choque - Suporte de Sinalização;1;;;;;;;;;;2;;;;
09/05/2021;17:37:00;113;2 - Acidente com VITIMA;50,875;BR-101/RJ;Sul;Tombamento;;;;1;;;;;;;0;;1;;
09/05/2021;17:37:00;118;3 - Acidente com Danos Materiais;50,875;BR-101/RJ;Sul;Colisão Traseira;2;;;;;;;;;;9;;;;
09/05/2021;18:05:00;120;3 - Acidente com Danos Materiais;49,676;BR-101/RJ;Sul;Engavetamento;3;;;;;;;;;;6;;;;
09/05/2021;18:09:00;122;3 - Acidente com Danos Materiais;295,92;BR-101/RJ;Norte;Engavetamento;3;;;;;;;;;;10;;;;
09/05/2021;18:56:00;128;2 - Acidente com VITIMA;209,706;BR-101/RJ;Norte;Colisão Transversal;2;;;;;;;;;;6;1;;;
09/05/2021;19:26:00;138;3 - Acidente com Danos Materiais;293,514;BR-101/RJ;Sul;Colisão Traseira;2;;;;;;;;;;2;;;;
09/05/2021;22:06:00;167;2 - Acidente com VITIMA;276,852;BR-101/RJ;Sul;Colisão Traseira;2;;;;;;;;;;2;2;;;
09/05/2021;23:20:00;175;3 - Acidente com Danos Materiais;268,9;BR-101/RJ;Norte;Colisão Lateral;1;;1;;;;;;;;3;;;;
10/05/2021;02:17:00;15;1 - Acidente com Vitima Fatal;305,32;BR-101/RJ;Norte;Atropelamento - Morador;1;;;;;;;;;;1;1;;;2
10/05/2021;07:29:00;50;3 - Acidente com Danos Materiais;52,713;BR-101/RJ;Sul;Colisão Traseira;2;;;;;;;;;;5;;;;
10/05/2021;07:50:00;57;2 - Acidente com VITIMA;313,692;BR-101/RJ;Sul;Colisão Lateral;1;;;1;;;;;;;2;1;;;
10/05/2021;15:54:00;151;3 - Acidente com Danos Materiais;296,951;BR-101/RJ;Sul;Colisão Traseira;2;;;;;;;;;;2;;;;
10/05/2021;16:16:00;158;3 - Acidente com Danos Materiais;314,235;BR-101/RJ;Norte;Colisão Traseira;2;;;;;;;;;;2;;;;
10/05/2021;17:28:00;171;3 - Acidente com Danos Materiais;309,163;BR-101/RJ;Norte;Engavetamento;3;;;;;;;;;;4;;;;
10/05/2021;18:12:00;179;3 - Acidente com Danos Materiais;264,886;BR-101/RJ;Sul;Choque - Elemento de Drenagem;1;;;;;;;;;;3;;;;