data;horario;n_da_ocorrencia;tipo_de_ocorrencia;km;trecho;sentido;tipo_de_acidente;automovel;bicicleta;caminhao;moto;onibus;outros;tracao_animal;transporte_de_cargas_especiais;trator_maquinas;utilitarios;ilesos;levemente_feridos;moderadamente_feridos;gravemente_feridos;mortos
06/06/2021;09:31:00;46;3 - Acidente com Danos Materiais;307,3;BR-101/RJ;Sul;Colisão Traseira;2;;;;;;;;;;9;;;;
06/06/2021;12:49:00;69;3 - Acidente com Danos Materiais;309,5;BR-101/RJ;Norte;Outros - Sequência;1;;1;;;1;;;;;6;;;;
06/06/2021;14:02:00;75;2 - Acidente com VITIMA;49,265;BR-101/RJ;Sul;Outros - Sequência;2;;;;;1;;;;;2;1;;;
06/06/2021;14:55:00;86;3 - Acidente com Danos Materiais;20,058;BR-101/RJ;Norte;Choque - Defensa, barreira ou "submarino";1;;;;;;;;;;2;;;;
06/06/2021;16:16:00;103;2 - Acidente com VITIMA;274,579;BR-101/RJ;Norte;Colisão Frontal;2;;;;;;;;;;3;2;1;;
06/06/2021;18:20:00;127;3 - Acidente com Danos Materiais;262,358;BR-101/RJ;Sul;Engavetamento;2;;;;1;;;;;;9;;;;
06/06/2021;23:00:00;185;3 - Acidente com Danos Materiais;295,404;BR-101/RJ;Norte;Choque - Outros;1;;;;;;;;;;4;;;;
07/06/2021;05:52:00;27;3 - Acidente com Danos Materiais;114,685;BR-101/RJ;Sul;Choque - Elemento de Drenagem;1;;;;;1;;;;;3;;;;
07/06/2021;07:13:00;38;2 - Acidente com VITIMA;318,262;BR-101/RJ;Sul;Colisão Lateral;1;;;1;;;;;;;1;1;;;
07/06/2021;07:14:00;40;3 - Acidente com Danos Materiais;315,738;BR-101/RJ;Sul;Colisão Traseira;2;;;;;;;;;;2;;;;
07/06/2021;07:22:00;43;2 - Acidente com VITIMA;317,292;BR-101/RJ;Sul;Colisão Lateral;;;;1;;1;;;;;1;;1;;
07/06/2021;07:17:00;44;3 - Acidente com Danos Materiais;118,058;BR-101/RJ;Norte;Colisão Traseira;;;1;;1;;;;;;4;;;;
07/06/2021;08:09:00;57;2 - Acidente com VITIMA;306,457;BR-101/RJ;Sul;Engavetamento;3;;;;;;;;;;6;2;;;
07/06/2021;08:21:00;63;2 - Acidente com VITIMA;309,2;BR-101/RJ;Sul;Colisão Lateral;;1;;;;;;;;1;1;;1;;
07/06/2021;17:14:00;174;3 - Acidente com Danos Materiais;297,883;BR-101/RJ;Sul;Colisão Lateral;1;;;;;1;;;;;2;;;;
08/06/2021;07:40:00;42;2 - Acidente com VITIMA;285,998;BR-101/RJ;Sul;Capotamento;1;;;;;;;;;;0;;1;;
08/06/2021;10:26:00;80;3 - Acidente com Danos Materiais;321,9;BR-101/RJ;Norte;Colisão Transversal;1;;1;;;;;;;;2;;;;
08/06/2021;18:56:00;167;3 - Acidente com Danos Materiais;297,8;BR-101/RJ;Norte;Colisão Lateral;1;;1;;;;;;;;2;;;;
09/06/2021;03:22:00;19;2 - Acidente com VITIMA;280,751;BR-101/RJ;Norte;Choque - Defensa, barreira ou "submarino";1;;;;;;;;;;1;1;;;
09/06/2021;05:47:00;26;3 - Acidente com Danos Materiais;241,97;BR-101/RJ;Sul;Colisão Traseira;2;;;;;;;;;;2;;;;
09/06/2021;08:14:00;50;3 - Acidente com Danos Materiais;226,05;BR-101/RJ;Sul;Colisão Traseira;1;;;;;;;;;1;3;;;;
09/06/2021;08:51:00;64;3 - Acidente com Danos Materiais;101,726;BR-101/RJ;Norte;Choque - Elemento de Drenagem;1;;;;;;;;;;2;;;;
09/06/2021;08:52:00;65;3 - Acidente com Danos Materiais;137,673;BR-101/RJ;Norte;Choque - Defensa, barreira ou "submarino";1;;;;;;;;;;3;;;;
09/06/2021;10:42:00;85;2 - Acidente com VITIMA;297,571;BR-101/RJ;Sul;Colisão Lateral;2;;;1;;;;;;;4;1;;;
09/06/2021;11:30:00;92;3 - Acidente com Danos Materiais;12,244;BR-101/RJ;Norte;Choque - Elemento de Drenagem;1;;;;;;;;;;3;;;;
09/06/2021;12:06:00;101;2 - Acidente com VITIMA;293,964;BR-101/RJ;Norte;Atropelamento - Ciclista;;1;;;;1;;;;;1;1;;;
09/06/2021;14:13:00;121;2 - Acidente com VITIMA;48,633;BR-101/RJ;Norte;Colisão Transversal;1;;;1;;;;;;;1;1;;;
09/06/2021;17:33:00;166;3 - Acidente com Danos Materiais;310,108;BR-101/RJ;Sul;Atropelamento de Animal;1;;;;;;;;;;1;;;;
09/06/2021;18:20:00;173;3 - Acidente com Danos Materiais;312,682;BR-101/RJ;Norte;Tombamento;;;;1;;;;;;;1;;;;
09/06/2021;19:49:00;184;3 - Acidente com Danos Materiais;299,7;BR-101/RJ;Sul;Colisão Traseira;2;;;;;;;;;;2;;;;
10/06/2021;04:05:00;13;2 - Acidente com VITIMA;320,916;BR-101/RJ;Sul;Tombamento;;;1;;;;;;;;0;1;;;
10/06/2021;04:22:00;14;2 - Acidente com VITIMA;279,277;BR-101/RJ;Norte;Capotamento;1;;;;;;;;;;0;1;;;
10/06/2021;06:38:00;28;3 - Acidente com Danos Materiais;248,913;BR-101/RJ;Sul;Colisão Lateral;;;1;;;;;;;1;2;;;;
10/06/2021;07:05:00;38;2 - Acidente com VITIMA;313,646;BR-101/RJ;Sul;Colisão Lateral;;;;1;;1;;;;;1;1;;;
10/06/2021;07:52:00;45;3 - Acidente com Danos Materiais;226,754;BR-101/RJ;Sul;Choque - Talude;1;;;;;;;;;;2;;;;
10/06/2021;08:31:00;57;3 - Acidente com Danos Materiais;318,013;BR-101/RJ;Sul;Colisão Lateral;2;;;;;;;;;;2;;;;
10/06/2021;09:13:00;71;2 - Acidente com VITIMA;297,353;BR-101/RJ;Sul;Engavetamento;4;;;;;;;;;;3;2;;;
10/06/2021;16:12:00;155;3 - Acidente com Danos Materiais;293,899;BR-101/RJ;Norte;Engavetamento;2;;;;;;;;;1;5;;;;
10/06/2021;16:43:00;163;3 - Acidente com Danos Materiais;158,2;BR-101/RJ;Norte;Colisão Traseira;2;;;;;;;;;;2;;;;
10/06/2021;16:46:00;164;2 - Acidente com VITIMA;308,7;BR-101/RJ;Norte;Colisão Traseira;;;;;;;;;;2;3;;1;;
10/06/2021;23:04:00;224;3 - Acidente com Danos Materiais;65,221;BR-101/RJ;Sul;Choque - Elemento de Drenagem;1;;;;;;;;;;2;;;;
11/06/2021;01:20:00;12;3 - Acidente com Danos Materiais;169,715;BR-101/RJ;Norte;Choque - Elemento de Drenagem;1;;;;;;;;;;4;;;;
11/06/2021;07:27:00;49;3 - Acidente com Danos Materiais;261,886;BR-101/RJ;Sul;Tombamento;;;1;;;;;;;;1;;;;
11/06/2021;09:18:00;86;3 - Acidente com Danos Materiais;261,181;BR-101/RJ;Sul;Colisão Traseira;;;1;;;1;;;;;2;;;;
11/06/2021;11:06:00;119;2 - Acidente com VITIMA;279,006;BR-101/RJ;Norte;Colisão Lateral;2;;;;;;;;;;0;2;1;;
11/06/2021;12:24:00;135;2 - Acidente com VITIMA;273,422;BR-101/RJ;Norte;Atropelamento - Outros;;;;;;1;;;;;1;;1;;
11/06/2021;17:29:00;208;3 - Acidente com Danos Materiais;271,274;BR-101/RJ;Sul;Colisão Traseira;2;;;;;2;;;;;10;;;;
11/06/2021;19:49:00;235;3 - Acidente com Danos Materiais;295,952;BR-101/RJ;Norte;Colisão Lateral;1;;;;;1;;;;;2;;;;
11/06/2021;23:29:00;261;3 - Acidente com Danos Materiais;203,421;BR-101/RJ;Norte;Choque - Defensa, barreira ou "submarino";1;;;;;;;;;;1;;;;
12/06/2021;01:54:00;13;3 - Acidente com Danos Materiais;315,574;BR-101/RJ;Norte;Colisão Traseira;2;;;;;;;;;;2;;;;
12/06/2021;03:00:00;19;3 - Acidente com Danos Materiais;74,461;BR-101/RJ;Norte;Colisão Traseira;1;;1;;;;;;;;8;;;;
12/06/2021;03:13:00;23;2 - Acidente com VITIMA;236,836;BR-101/RJ;Norte;Colisão Traseira;1;;1;;;;;;;;1;1;;;
12/06/2021;04:33:00;29;3 - Acidente com Danos Materiais;234,669;BR-101/RJ;Norte;Atropelamento de Animal;1;;;;;;;;;;2;;;;
12/06/2021;05:14:00;33;3 - Acidente com Danos Materiais;200,036;BR-101/RJ;Norte;Colisão Traseira;1;;;;;1;;;;;2;;;;
12/06/2021;06:37:00;41;2 - Acidente com VITIMA;107,755;BR-101/RJ;Sul;Capotamento;1;;;;;;;;;;0;1;;;
12/06/2021;07:01:00;44;3 - Acidente com Danos Materiais;320,944;BR-101/RJ;Norte;Engavetamento;4;;;;;;;;;;6;;;;
12/06/2021;07:38:00;47;2 - Acidente com VITIMA;217,655;BR-101/RJ;Sul;Colisão Frontal;1;;1;;;;;;;;2;;1;1;
12/06/2021;07:42:00;49;2 - Acidente com VITIMA;153,756;BR-101/RJ;Sul;Capotamento;1;;;;;;;;;;1;2;;;
12/06/2021;17:47:00;156;3 - Acidente com Danos Materiais;297,328;BR-101/RJ;Sul;Colisão Transversal;2;;;;;;;;;;4;;;;
12/06/2021;18:14:00;160;2 - Acidente com VITIMA;72,867;BR-101/RJ;Sul;Colisão Traseira;;;;1;;1;;;;;1;;;1;
12/06/2021;20:48:00;181;2 - Acidente com VITIMA;310,467;BR-101/RJ;Sul;Engavetamento;1;;;;;;;;;2;2;1;;;
12/06/2021;21:06:00;183;3 - Acidente com Danos Materiais;310;BR-101/RJ;Norte;Colisão Traseira;;;;;;2;;;;;2;;;;
13/06/2021;01:36:00;11;2 - Acidente com VITIMA;311,114;BR-101/RJ;Sul;Tombamento;;;;1;;;;;;;0;2;;;
13/06/2021;02:51:00;15;2 - Acidente com VITIMA;54,603;BR-101/RJ;Norte;Colisão Lateral;;;;2;;;;;;;0;3;1;;
13/06/2021;08:01:00;37;2 - Acidente com VITIMA;295,7;BR-101/RJ;Norte;Outros - Sequência;2;;;;;;;;;;3;;1;;
13/06/2021;09:12:00;45;3 - Acidente com Danos Materiais;255,661;BR-101/RJ;Sul;Capotamento;1;;;;;;;;;;1;;;;
13/06/2021;13:57:00;105;3 - Acidente com Danos Materiais;316,224;BR-101/RJ;Norte;Choque - Defensa, barreira ou "submarino";1;;;;;;;;;;2;;;;
13/06/2021;17:17:00;140;3 - Acidente com Danos Materiais;209,716;BR-101/RJ;Norte;Choque - Defensa, barreira ou "submarino";1;;;;;;;;;;1;;;;
13/06/2021;22:18:00;181;3 - Acidente com Danos Materiais;320,853;BR-101/RJ;Norte;Choque - Defensa, barreira ou "submarino";1;;;;;;;;;;4;;;;
13/06/2021;23:43:00;195;3 - Acidente com Danos Materiais;302,5;BR-101/RJ;Norte;Colisão Traseira;2;;;;;;;;;;2;;;;
14/06/2021;01:49:00;9;1 - Acidente com Vitima Fatal;16,56;BR-101/RJ;Norte;Tombamento;;;1;;;;;;;;0;1;;;1
14/06/2021;03:31:00;13;3 - Acidente com Danos Materiais;282,781;BR-101/RJ;Sul;Choque - Defensa, barreira ou "submarino";;;;;;;;;;1;1;;;;
14/06/2021;07:32:00;45;2 - Acidente com VITIMA;311,658;BR-101/RJ;Norte;Colisão Traseira;1;;;;1;;;;;;1;1;;;
14/06/2021;15:30:00;167;3 - Acidente com Danos Materiais;63,32;BR-101/RJ;Norte;Colisão Lateral;1;;1;;;;;;;;2;;;;
14/06/2021;17:05:00;188;2 - Acidente com VITIMA;262,091;BR-101/RJ;Norte;Tombamento;;;;1;;;;;;;0;;1;;
14/06/2021;19:02:00;215;2 - Acidente com VITIMA;269,095;BR-101/RJ;Norte;Tombamento;;1;;;;;;;;;1;1;;;
15/06/2021;15:39:00;128;3 - Acidente com Danos Materiais;215,3;BR-101/RJ;Sul;Colisão Traseira;1;;1;;;;;;;;2;;;;
15/06/2021;15:56:00;133;3 - Acidente com Danos Materiais;109,8;BR-101/RJ;Sul;Choque - Defensa, barreira ou "submarino";1;;;;;;;;;;4;;;;
15/06/2021;16:13:00;139;2 - Acidente com VITIMA;291,794;BR-101/RJ;Sul;Colisão Lateral;1;;1;;;;;;;;2;;3;;
15/06/2021;16:20:00;141;3 - Acidente com Danos Materiais;291,807;BR-101/RJ;Norte;Choque - Objeto sobre a pista;1;;;;;;;;;;1;;;;
15/06/2021;20:00:00;181;3 - Acidente com Danos Materiais;210,951;BR-101/RJ;Sul;Atropelamento de Animal;1;;1;;;;;;;;2;;;;
15/06/2021;20:31:00;188;3 - Acidente com Danos Materiais;81,619;BR-101/RJ;Norte;Saida de Pista;;;1;;;;;;;;1;;;;
16/06/2021;06:00:00;17;3 - Acidente com Danos Materiais;272,991;BR-101/RJ;Sul;Colisão Lateral;1;;;;;1;;;;;2;;;;
16/06/2021;07:18:00;27;2 - Acidente com VITIMA;313,3;BR-101/RJ;Sul;Colisão Lateral;1;;;1;;;;;;;3;;1;;
16/06/2021;08:05:00;42;2 - Acidente com VITIMA;283,31;BR-101/RJ;Norte;Atropelamento - Outros;;;;1;;;;;;;1;1;;;
16/06/2021;10:23:00;70;2 - Acidente com VITIMA;252,89;BR-101/RJ;Norte;Colisão Traseira;1;;1;;;;;;;;3;2;;;
16/06/2021;14:25:00;126;2 - Acidente com VITIMA;283,006;BR-101/RJ;Norte;Outros - Sequência;1;;1;;;;;;;;1;1;;;
16/06/2021;15:35:00;143;2 - Acidente com VITIMA;43,453;BR-101/RJ;Norte;Tombamento;;;;1;;;;;;;0;2;;;
16/06/2021;18:55:00;167;3 - Acidente com Danos Materiais;270,61;BR-101/RJ;Norte;Choque - Suporte de Sinalização;1;;;;;;;;;;1;;;;
16/06/2021;21:21:00;189;3 - Acidente com Danos Materiais;152,855;BR-101/RJ;Norte;Colisão Lateral;1;;1;;;;;;;;2;;;;
16/06/2021;23:29:00;198;3 - Acidente com Danos Materiais;92,171;BR-101/RJ;Sul;Tombamento;;;1;;;;;;;;1;;;;
17/06/2021;07:00:00;18;2 - Acidente com VITIMA;221,827;BR-101/RJ;Norte;Capotamento;1;;;;;;;;;;0;1;;;
17/06/2021;07:38:00;30;2 - Acidente com VITIMA;296,364;BR-101/RJ;Norte;Choque - Suporte de Sinalização;1;;;;;;;;;;0;1;;;
17/06/2021;07:52:00;34;2 - Acidente com VITIMA;61,26;BR-101/RJ;Sul;Colisão Lateral;;1;;1;;;;;;;0;1;;1;
17/06/2021;10:14:00;80;3 - Acidente com Danos Materiais;309,82;BR-101/RJ;Norte;Colisão Traseira;2;;;;;;;;;;2;;;;
17/06/2021;14:36:00;124;2 - Acidente com VITIMA;292,449;BR-101/RJ;Sul;Engavetamento;1;;2;;;;;;;;3;;1;;
17/06/2021;16:53:00;151;2 - Acidente com VITIMA;66,005;BR-101/RJ;Norte;Colisão Lateral;;1;;1;;;;;;;0;1;1;;
17/06/2021;20:02:00;175;3 - Acidente com Danos Materiais;318,255;BR-101/RJ;Norte;Engavetamento;4;;;;;;;;;;4;;;;
17/06/2021;21:59:00;186;2 - Acidente com VITIMA;74,474;BR-101/RJ;Norte;Tombamento;;1;;;;;;;;;0;1;;;
17/06/2021;22:47:00;187;3 - Acidente com Danos Materiais;139,45;BR-101/RJ;Norte;Atropelamento de Animal;1;;;;;;;;;;2;;;;
17/06/2021;23:30:00;189;3 - Acidente com Danos Materiais;310,096;BR-101/RJ;Norte;Colisão Lateral;1;;1;;;;;;;;2;;;;
17/06/2021;23:59:00;191;3 - Acidente com Danos Materiais;185,75;BR-101/RJ;Sul;Saida de Pista;;;;;;;;;;1;1;;;;
18/06/2021;01:59:00;7;2 - Acidente com VITIMA;229,505;BR-101/RJ;Norte;Capotamento;;;;;;;;;;1;0;1;;;
18/06/2021;10:23:00;83;3 - Acidente com Danos Materiais;64,932;BR-101/RJ;Sul;Colisão Frontal;1;;1;;;;;;;;2;;;;
18/06/2021;10:46:00;90;2 - Acidente com VITIMA;317,477;BR-101/RJ;Sul;Tombamento;;;;1;;;;;;;0;1;1;;
18/06/2021;11:47:00;100;3 - Acidente com Danos Materiais;309,198;BR-101/RJ;Norte;Engavetamento;2;;;;;;;;;1;3;;;;
18/06/2021;12:09:00;106;3 - Acidente com Danos Materiais;297,71;BR-101/RJ;Norte;Colisão Lateral;1;;1;;;;;;;;4;;;;
18/06/2021;12:44:00;107;3 - Acidente com Danos Materiais;313,777;BR-101/RJ;Norte;Engavetamento;3;;;;;;;;;;9;;;;
18/06/2021;14:56:00;128;3 - Acidente com Danos Materiais;162,986;BR-101/RJ;Sul;Objeto lançado contra veículo;2;;;;;;;;;;2;;;;
19/06/2021;16:15:00;114;2 - Acidente com VITIMA;320,897;BR-101/RJ;Norte;Choque - Defensa, barreira ou "submarino";;;;1;;;;;;;0;1;1;;
19/06/2021;18:12:00;133;2 - Acidente com VITIMA;211,792;BR-101/RJ;Sul;Choque - Defensa, barreira ou "submarino";1;;;;;;;;;;0;;1;;
19/06/2021;18:20:00;134;2 - Acidente com VITIMA;53,648;BR-101/RJ;Sul;Colisão Traseira;1;1;;;;;;;;;1;;1;;
19/06/2021;19:27:00;142;2 - Acidente com VITIMA;66,202;BR-101/RJ;Norte;Colisão Lateral;2;;;;;;;;;;0;2;1;;
20/06/2021;01:24:00;5;3 - Acidente com Danos Materiais;49,315;BR-101/RJ;Sul;Choque - Defensa, barreira ou "submarino";1;;;;;;;;;;2;;;;
20/06/2021;02:10:00;7;3 - Acidente com Danos Materiais;57,605;BR-101/RJ;Norte;Atropelamento de Animal;1;;;;;;;;;;1;;;;
20/06/2021;04:14:00;13;2 - Acidente com VITIMA;296,2;BR-101/RJ;Sul;Tombamento;;;;1;;;;;;;1;;1;;
20/06/2021;05:19:00;16;2 - Acidente com VITIMA;56,576;BR-101/RJ;Sul;Colisão Traseira;1;;;1;;;;;;;1;;1;;
20/06/2021;05:55:00;20;2 - Acidente com VITIMA;16,66;BR-101/RJ;Norte;Tombamento;;;1;;;;;;;;0;;2;;
20/06/2021;06:25:00;22;2 - Acidente com VITIMA;282,002;BR-101/RJ;Sul;Tombamento;;;;1;;;;;;;0;1;1;;
21/06/2021;05:19:00;14;3 - Acidente com Danos Materiais;250,566;BR-101/RJ;Sul;Choque - Defensa, barreira ou "submarino";1;;;;;;;;;;1;;;;
21/06/2021;06:57:00;24;2 - Acidente com VITIMA;317,618;BR-101/RJ;Sul;Colisão Traseira;;;;1;;;;;;1;4;;1;;
21/06/2021;09:45:00;71;3 - Acidente com Danos Materiais;308,797;BR-101/RJ;Norte;Atropelamento de Animal;1;;;;;;;;;;1;;;;
21/06/2021;11:34:00;105;2 - Acidente com VITIMA;308,041;BR-101/RJ;Sul;Engavetamento;3;;;;;2;;;;;10;2;;;
21/06/2021;12:33:00;114;3 - Acidente com Danos Materiais;297,641;BR-101/RJ;Sul;Engavetamento;3;;;;;;;;;;3;;;;
21/06/2021;15:18:00;146;2 - Acidente com VITIMA;82,56;BR-101/RJ;Norte;Tombamento;;;;1;;;;;;;0;1;;;
21/06/2021;15:39:00;153;3 - Acidente com Danos Materiais;27,751;BR-101/RJ;Norte;Colisão Traseira;;;2;;;;;;;;3;;;;
21/06/2021;16:44:00;163;3 - Acidente com Danos Materiais;63,315;BR-101/RJ;Norte;Colisão Lateral;1;;1;;;;;;;;3;;;;
21/06/2021;20:33:00;198;2 - Acidente com VITIMA;303,045;BR-101/RJ;Norte;Colisão Traseira;2;;;;;;;;;;2;2;;;
22/06/2021;16:57:00;174;2 - Acidente com VITIMA;319,763;BR-101/RJ;Norte;Colisão Lateral;1;;;1;;;;;;;4;;1;;
22/06/2021;18:00:00;185;2 - Acidente com VITIMA;37,291;BR-101/RJ;Sul;Colisão Transversal;2;;;;;;;;;;2;2;;;
22/06/2021;23:56:00;222;3 - Acidente com Danos Materiais;318,718;BR-101/RJ;Sul;Colisão Lateral;;;;;;1;;;;1;2;;;;
23/06/2021;00:06:00;2;3 - Acidente com Danos Materiais;276,318;BR-101/RJ;Norte;Colisão Transversal;1;;1;;;;;;;;2;;;;
23/06/2021;08:50:00;61;2 - Acidente com VITIMA;262,712;BR-101/RJ;Sul;Colisão Lateral;1;;;1;;;;;;;2;2;;;
23/06/2021;10:01:00;77;2 - Acidente com VITIMA;297,583;BR-101/RJ;Sul;Choque - Defensa, barreira ou "submarino";1;;;;;;;;;;0;1;;;
23/06/2021;10:44:00;80;3 - Acidente com Danos Materiais;154,156;BR-101/RJ;Norte;Colisão Transversal;1;;1;;;;;;;;3;;;;
23/06/2021;11:47:00;91;2 - Acidente com VITIMA;70,597;BR-101/RJ;Sul;Atropelamento - Morador;1;;;;;;;;;;2;1;;;
23/06/2021;19:30:00;168;3 - Acidente com Danos Materiais;319,708;BR-101/RJ;Norte;Colisão Traseira;1;;;1;;;;;;;2;;;;
23/06/2021;22:15:00;178;3 - Acidente com Danos Materiais;171,483;BR-101/RJ;Sul;Outros - Sequência;2;;1;;;;;;;;4;;;;
24/06/2021;05:15:00;16;3 - Acidente com Danos Materiais;301,334;BR-101/RJ;Norte;Colisão Lateral;2;;;;;;;;;;2;;;;
24/06/2021;18:44:00;165;3 - Acidente com Danos Materiais;67,352;BR-101/RJ;Norte;Colisão Traseira;1;;1;;;;;;;;4;;;;
24/06/2021;21:24:00;181;3 - Acidente com Danos Materiais;80,126;BR-101/RJ;Norte;Atropelamento de Animal;;;;;;1;;;;;1;;;;
24/06/2021;23:43:00;196;1 - Acidente com Vitima Fatal;297,746;BR-101/RJ;Norte;Atropelamento - Andarilho;1;;;;;;;;;;2;;;;1
25/06/2021;11:49:00;101;2 - Acidente com VITIMA;186,559;BR-101/RJ;Norte;Colisão Lateral;1;;;1;;;;;;;4;1;;;
25/06/2021;12:25:00;108;3 - Acidente com Danos Materiais;293,093;BR-101/RJ;Norte;Engavetamento;1;;;;;3;;;;;4;;;;
25/06/2021;14:10:00;126;2 - Acidente com VITIMA;274,192;BR-101/RJ;Sul;Colisão Transversal;1;;;1;;;;;;;0;1;;1;
25/06/2021;18:58:00;183;3 - Acidente com Danos Materiais;321,145;BR-101/RJ;Norte;Outros;;;;1;;;;;;;1;;;;
25/06/2021;19:49:00;188;2 - Acidente com VITIMA;279,494;BR-101/RJ;Norte;Capotamento;1;;;;;;;;;;0;1;;;
26/06/2021;00:38:00;5;3 - Acidente com Danos Materiais;296,441;BR-101/RJ;Norte;Capotamento;1;;;;;;;;;;1;;;;
26/06/2021;04:05:00;12;3 - Acidente com Danos Materiais;209,915;BR-101/RJ;Sul;Choque - Defensa, barreira ou "submarino";1;;;;;;;;;;1;;;;
26/06/2021;05:30:00;19;1 - Acidente com Vitima Fatal;310,768;BR-101/RJ;Sul;Capotamento;1;;;;;;;;;;0;;;;1
26/06/2021;07:20:00;26;3 - Acidente com Danos Materiais;267,58;BR-101/RJ;Sul;Choque - Outros;1;;;;;;;;;;1;;;;
26/06/2021;07:33:00;31;3 - Acidente com Danos Materiais;143,936;BR-101/RJ;Norte;Choque - Defensa, barreira ou "submarino";;;1;;;;;;;;1;;;;
26/06/2021;12:50:00;84;2 - Acidente com VITIMA;11,036;BR-101/RJ;Sul;Tombamento;;;1;;;;;;;;0;1;;;
26/06/2021;16:31:00;113;2 - Acidente com VITIMA;303,468;BR-101/RJ;Norte;Tombamento;;;;1;;;;;;;0;1;1;;
26/06/2021;18:55:00;141;2 - Acidente com VITIMA;67,887;BR-101/RJ;Norte;Tombamento;;1;;;;;;;;;0;1;;;
27/06/2021;02:38:00;13;2 - Acidente com VITIMA;297,343;BR-101/RJ;Norte;Tombamento;1;;;;;;;;;;1;;1;;
27/06/2021;07:50:00;42;3 - Acidente com Danos Materiais;312,3;BR-101/RJ;Sul;Colisão Lateral;1;;;;;1;;;;;3;;;;
27/06/2021;07:59:00;44;2 - Acidente com VITIMA;169,592;BR-101/RJ;Norte;Colisão Lateral;1;;;1;;;;;;;1;1;;;
27/06/2021;09:07:00;53;2 - Acidente com VITIMA;306,8;BR-101/RJ;Sul;Atropelamento - Outros;;;;;;1;;;;;1;;;1;
28/06/2021;01:00:00;8;2 - Acidente com VITIMA;296,199;BR-101/RJ;Sul;Capotamento;1;;;;;;;;;;2;;3;;
28/06/2021;03:02:00;17;2 - Acidente com VITIMA;312,099;BR-101/RJ;Sul;Choque - Defensa, barreira ou "submarino";1;;;;;;;;;;2;1;;;
28/06/2021;07:47:00;59;2 - Acidente com VITIMA;312,486;BR-101/RJ;Sul;Engavetamento;2;;;;;1;;;;;4;1;;;
28/06/2021;10:23:00;97;2 - Acidente com VITIMA;296,102;BR-101/RJ;Norte;Outros - Sequência;1;;;;;;;;;1;2;;1;;
28/06/2021;12:54:00;131;2 - Acidente com VITIMA;175,135;BR-101/RJ;Norte;Capotamento;;;1;;;;;;;;1;2;;;
29/06/2021;00:06:00;3;3 - Acidente com Danos Materiais;197,123;BR-101/RJ;Norte;Atropelamento de Animal;;;1;;;;;;;;4;;;;
29/06/2021;05:25:00;24;3 - Acidente com Danos Materiais;293,469;BR-101/RJ;Sul;Colisão Traseira;1;;1;;;;;;;;3;;;;
29/06/2021;05:58:00;27;3 - Acidente com Danos Materiais;142,5;BR-101/RJ;Sul;Colisão Traseira;1;;1;;;;;;;;3;;;;
29/06/2021;14:51:00;131;2 - Acidente com VITIMA;66,375;BR-101/RJ;Norte;Colisão Transversal;1;1;;;;;;;;;1;1;;;
29/06/2021;17:09:00;147;3 - Acidente com Danos Materiais;65,5;BR-101/RJ;Norte;Colisão Transversal;1;;;1;;;;;;;3;;;;
29/06/2021;18:26:00;159;3 - Acidente com Danos Materiais;303,1;BR-101/RJ;Sul;Choque - Defensa, barreira ou "submarino";1;;;;;;;;;;2;;;;
30/06/2021;00:31:00;3;3 - Acidente com Danos Materiais;274,592;BR-101/RJ;Norte;Choque - Defensa, barreira ou "submarino";1;;;;;;;;;;2;;;;
30/06/2021;09:15:00;69;2 - Acidente com VITIMA;53,076;BR-101/RJ;Norte;Colisão Traseira;;;1;1;;;;;;;1;;1;;
30/06/2021;10:30:00;83;3 - Acidente com Danos Materiais;261,943;BR-101/RJ;Norte;Tombamento;;;1;;;;;;;;1;;;;
30/06/2021;10:54:00;90;3 - Acidente com Danos Materiais;284,201;BR-101/RJ;Norte;Colisão Traseira;2;;;;;;;;;;5;;;;
30/06/2021;13:20:00;115;3 - Acidente com Danos Materiais;261,89;BR-101/RJ;Sul;Colisão Traseira;1;;1;;;;;;;;2;;;;
30/06/2021;13:22:00;117;3 - Acidente com Danos Materiais;261,89;BR-101/RJ;Sul;Choque - Defensa, barreira ou "submarino";;;1;;;;;;;;1;;;;