data;horario;n_da_ocorrencia;tipo_de_ocorrencia;km;trecho;sentido;tipo_de_acidente;automovel;bicicleta;caminhao;moto;onibus;outros;tracao_animal;transporte_de_cargas_especiais;trator_maquinas;utilitarios;ilesos;levemente_feridos;moderadamente_feridos;gravemente_feridos;mortos
30/06/2021;14:21:00;128;3 - Acidente com Danos Materiais;66,312;BR-101/RJ;Sul;Engavetamento;3;;;;;;;;;;4;;;;
30/06/2021;15:01:00;142;3 - Acidente com Danos Materiais;291,585;BR-101/RJ;Sul;Colisão Traseira;2;;;;;;;;;;4;;;;
30/06/2021;21:27:00;203;1 - Acidente com Vitima Fatal;295,691;BR-101/RJ;Sul;Outros - Sequência;;;;1;;1;;;;;1;;;;1
01/07/2021;01:40:00;26;2 - Acidente com VITIMA;83,508;BR-101/RJ;Norte;Colisão Frontal;1;;1;;;;;;;;1;2;;;
01/07/2021;05:04:00;40;2 - Acidente com VITIMA;268,351;BR-101/RJ;Norte;Colisão Traseira;1;;;1;;;;;;;1;1;;;
01/07/2021;08:44:00;93;3 - Acidente com Danos Materiais;321,913;BR-101/RJ;Sul;Colisão Traseira;1;;;;;1;;;;;4;;;;
01/07/2021;09:15:00;105;2 - Acidente com VITIMA;59,391;BR-101/RJ;Sul;Colisão Traseira;1;;2;;;;;;;;2;1;;;
01/07/2021;17:48:00;196;3 - Acidente com Danos Materiais;74,017;BR-101/RJ;Sul;Colisão Transversal;2;;;;;;;;;;2;;;;
01/07/2021;19:15:00;219;3 - Acidente com Danos Materiais;319,168;BR-101/RJ;Norte;Colisão Traseira;1;;;;;1;;;;;2;;;;
01/07/2021;20:09:00;234;2 - Acidente com VITIMA;229,698;BR-101/RJ;Norte;Capotamento;1;;;;;;;;;;0;1;;;
01/07/2021;20:20:00;237;2 - Acidente com VITIMA;315,079;BR-101/RJ;Norte;Atropelamento - Andarilho;1;;;;;;;;;;1;;1;;
01/07/2021;22:30:00;252;2 - Acidente com VITIMA;228,134;BR-101/RJ;Sul;Choque - Talude;1;;;;;;;;;;0;1;;;
02/07/2021;13:09:00;120;2 - Acidente com VITIMA;271,903;BR-101/RJ;Norte;Colisão Traseira;1;;;;1;;;;;;13;;1;;
02/07/2021;16:52:00;158;3 - Acidente com Danos Materiais;297,797;BR-101/RJ;Norte;Colisão Lateral;1;;1;;;;;;;;2;;;;
02/07/2021;17:43:00;170;2 - Acidente com VITIMA;295,763;BR-101/RJ;Norte;Colisão Traseira;1;;1;;;;;;;;2;;1;;
02/07/2021;18:53:00;184;2 - Acidente com VITIMA;240,228;BR-101/RJ;Sul;Atropelamento - Andarilho;1;;;;;;;;;;1;1;;;
02/07/2021;19:51:00;198;3 - Acidente com Danos Materiais;243,824;BR-101/RJ;Norte;Colisão Traseira;1;;;;;;;;;;3;;;;
02/07/2021;20:49:00;209;2 - Acidente com VITIMA;243,831;BR-101/RJ;Norte;Colisão Traseira;2;;;;;;;;;;2;1;;;
03/07/2021;08:56:00;49;2 - Acidente com VITIMA;70,08;BR-101/RJ;Sul;Colisão Frontal;;1;;;;1;;;;;1;1;;;
03/07/2021;09:40:00;64;3 - Acidente com Danos Materiais;294,09;BR-101/RJ;Norte;Colisão Traseira;2;;;;;;;;;;4;;;;
03/07/2021;11:23:00;92;2 - Acidente com VITIMA;312,791;BR-101/RJ;Norte;Colisão Traseira;1;;;1;;;;;;;3;1;;;
03/07/2021;13:04:00;113;2 - Acidente com VITIMA;262,356;BR-101/RJ;Sul;Outros - Sequência;2;;2;;;;;;;;4;2;;1;
03/07/2021;16:30:00;143;2 - Acidente com VITIMA;72,774;BR-101/RJ;Sul;Colisão Frontal;1;;;1;;;;;;;1;;1;;
03/07/2021;20:32:00;179;3 - Acidente com Danos Materiais;310,211;BR-101/RJ;Sul;Colisão Traseira;1;;;;;1;;;;;2;;;;
03/07/2021;21:28:00;187;2 - Acidente com VITIMA;102,9;BR-101/RJ;Norte;Choque - Elemento de Drenagem;1;;;;;;;;;;0;1;;;
03/07/2021;23:17:00;199;2 - Acidente com VITIMA;310,926;BR-101/RJ;Norte;Outros - Sequência;3;;;;;;;;;;2;2;;;
04/07/2021;02:20:00;9;2 - Acidente com VITIMA;46,009;BR-101/RJ;Sul;Tombamento;;;;1;;;;;;;0;1;;;
04/07/2021;05:42:00;22;2 - Acidente com VITIMA;39,356;BR-101/RJ;Sul;Colisão Transversal;2;;;;;;;;;;1;1;1;;
04/07/2021;06:36:00;25;2 - Acidente com VITIMA;2,7;BR-101/RJ;Norte;Choque - Elemento de Drenagem;1;;;;;;;;;;0;2;;;
04/07/2021;19:44:00;138;3 - Acidente com Danos Materiais;299,7;BR-101/RJ;Sul;Colisão Lateral;2;;;;;;;;;;2;;;;
04/07/2021;21:12:00;147;3 - Acidente com Danos Materiais;306,2;BR-101/RJ;Norte;Choque - Defensa, barreira ou "submarino";1;;1;;;;;;;;2;;;;
05/07/2021;01:00:00;8;3 - Acidente com Danos Materiais;277,67;BR-101/RJ;Norte;Choque - Outros;1;;;;;;;;;;1;;;;
05/07/2021;03:08:00;17;3 - Acidente com Danos Materiais;214,567;BR-101/RJ;Norte;Choque - Outros;1;;;;;;;;;;1;;;;
05/07/2021;06:29:00;27;3 - Acidente com Danos Materiais;309,119;BR-101/RJ;Sul;Engavetamento;5;;;;;;;;;;7;;;;
05/07/2021;08:57:00;73;2 - Acidente com VITIMA;316,471;BR-101/RJ;Sul;Tombamento;;;;1;;;;;;;0;1;1;;
05/07/2021;11:00:00;109;2 - Acidente com VITIMA;55,045;BR-101/RJ;Norte;Colisão Traseira;;;1;1;;;;;;;1;1;;;
05/07/2021;13:16:00;135;1 - Acidente com Vitima Fatal;158,35;BR-101/RJ;Sul;Capotamento;1;;;;;;;;;;0;3;2;;1
06/07/2021;01:48:00;13;3 - Acidente com Danos Materiais;82,1;BR-101/RJ;Sul;Choque - Poste;1;;;;;;;;;;1;;;;
06/07/2021;06:39:00;30;2 - Acidente com VITIMA;144,615;BR-101/RJ;Sul;Colisão Traseira;1;;;1;;;;;;;1;;1;;
06/07/2021;06:51:00;32;2 - Acidente com VITIMA;60,699;BR-101/RJ;Sul;Colisão Traseira;;;2;;;;;;;;1;1;;;
06/07/2021;10:29:00;89;2 - Acidente com VITIMA;48,612;BR-101/RJ;Norte;Colisão Transversal;1;;1;;;;;;;;1;1;;;
06/07/2021;11:14:00;102;3 - Acidente com Danos Materiais;169,389;BR-101/RJ;Norte;Colisão Lateral;;;2;;;;;;;;2;;;;
06/07/2021;18:52:00;151;3 - Acidente com Danos Materiais;319,676;BR-101/RJ;Norte;Engavetamento;3;;;;;;;;;;6;;;;
07/07/2021;06:37:00;13;3 - Acidente com Danos Materiais;313,614;BR-101/RJ;Sul;Engavetamento;3;;;;;;;;;;3;;;;
07/07/2021;15:51:00;121;3 - Acidente com Danos Materiais;206,275;BR-101/RJ;Sul;Colisão Traseira;2;;;;;;;;;;2;;;;
07/07/2021;18:14:00;139;2 - Acidente com VITIMA;262,38;BR-101/RJ;Norte;Outros - Sequência;2;;;;;;;;;;1;3;;;
07/07/2021;19:09:00;143;3 - Acidente com Danos Materiais;298,4;BR-101/RJ;Norte;Colisão Lateral;1;;;;1;;;;;;2;;;;
08/07/2021;05:57:00;21;3 - Acidente com Danos Materiais;299,19;BR-101/RJ;Sul;Colisão Traseira;2;;;;;;;;;;2;;;;
08/07/2021;06:38:00;22;2 - Acidente com VITIMA;262,267;BR-101/RJ;Norte;Tombamento;;;;1;;;;;;;0;1;;;
08/07/2021;07:10:00;35;2 - Acidente com VITIMA;71,056;BR-101/RJ;Sul;Colisão Transversal;1;;;1;;;;;;;4;1;;;
08/07/2021;11:07:00;88;3 - Acidente com Danos Materiais;180,643;BR-101/RJ;Sul;Engavetamento;2;;1;;;;;;;;5;;;;
08/07/2021;14:34:00;121;2 - Acidente com VITIMA;319,758;BR-101/RJ;Norte;Tombamento;;;;1;;;;;;;0;;1;;
08/07/2021;14:51:00;128;2 - Acidente com VITIMA;66,45;BR-101/RJ;Sul;Colisão Lateral;1;;;1;;;;;;;2;1;;;
09/07/2021;14:41:00;105;3 - Acidente com Danos Materiais;252,89;BR-101/RJ;Norte;Colisão Lateral;2;;;;;;;;;;2;;;;
10/07/2021;11:45:00;74;2 - Acidente com VITIMA;205,873;BR-101/RJ;Sul;Colisão Transversal;;;;2;;;;;;;0;2;;;
10/07/2021;15:00:00;110;2 - Acidente com VITIMA;200,15;BR-101/RJ;Sul;Colisão Traseira;;2;;;;;;;;;0;2;;;
10/07/2021;18:13:00;142;3 - Acidente com Danos Materiais;290,419;BR-101/RJ;Norte;Tombamento;;;;1;;;;;;;1;;;;
10/07/2021;19:05:00;152;3 - Acidente com Danos Materiais;243,855;BR-101/RJ;Sul;Choque - Objeto sobre a pista;2;;;;;;;;;;2;;;;
10/07/2021;20:11:00;159;2 - Acidente com VITIMA;180,378;BR-101/RJ;Sul;Tombamento;;;1;;;;;;;;0;1;;;
10/07/2021;20:47:00;163;3 - Acidente com Danos Materiais;198,1;BR-101/RJ;Norte;Choque - Defensa, barreira ou "submarino";1;;;;;;;;;;1;;;;
11/07/2021;10:24:00;50;3 - Acidente com Danos Materiais;282,791;BR-101/RJ;Norte;Choque - Defensa, barreira ou "submarino";1;;;;;;;;;;1;;;;
11/07/2021;11:53:00;57;3 - Acidente com Danos Materiais;64,144;BR-101/RJ;Sul;Colisão Transversal;1;;1;;;;;;;;2;;;;
11/07/2021;18:36:00;136;3 - Acidente com Danos Materiais;285,839;BR-101/RJ;Sul;Engavetamento;3;;;;;;;;;;3;;;;
11/07/2021;23:15:00;170;3 - Acidente com Danos Materiais;173,8;BR-101/RJ;Sul;Colisão Traseira;2;;;;;;;;;;5;;;;
12/07/2021;00:58:00;8;3 - Acidente com Danos Materiais;88,562;BR-101/RJ;Norte;Choque - Talude;;;1;;;;;;;;1;;;;
12/07/2021;06:02:00;27;2 - Acidente com VITIMA;299,8;BR-101/RJ;Sul;Choque - Suporte de Sinalização;;;;1;;;;;;;0;1;;;
12/07/2021;07:59:00;51;3 - Acidente com Danos Materiais;309,131;BR-101/RJ;Sul;Engavetamento;5;;;;;;;;;;9;;;;
12/07/2021;08:04:00;52;3 - Acidente com Danos Materiais;312,158;BR-101/RJ;Sul;Colisão Traseira;1;;;;;1;;;;;2;;;;
12/07/2021;09:21:00;72;2 - Acidente com VITIMA;67,096;BR-101/RJ;Norte;Engavetamento;3;;;;;;;;;;4;1;;;
12/07/2021;11:02:00;107;2 - Acidente com VITIMA;56,586;BR-101/RJ;Norte;Colisão Lateral;1;;;1;;;;;;;2;1;;;
12/07/2021;11:55:00;117;3 - Acidente com Danos Materiais;61,381;BR-101/RJ;Norte;Colisão Traseira;2;;;;;;;;;;5;;;;
12/07/2021;12:55:00;128;3 - Acidente com Danos Materiais;58,148;BR-101/RJ;Sul;Engavetamento;3;;;;;;;;;;8;;;;
12/07/2021;16:05:00;160;2 - Acidente com VITIMA;317,152;BR-101/RJ;Norte;Colisão Lateral;;;;2;;;;;;;1;1;1;;
12/07/2021;17:30:00;176;2 - Acidente com VITIMA;203,906;BR-101/RJ;Sul;Choque - Defensa, barreira ou "submarino";;;1;;;;;;;;0;;;1;
12/07/2021;20:25:00;195;3 - Acidente com Danos Materiais;240,288;BR-101/RJ;Norte;Atropelamento de Animal;1;;;;;;;;;;1;;;;
13/07/2021;12:52:00;92;3 - Acidente com Danos Materiais;309,133;BR-101/RJ;Norte;Choque - Defensa, barreira ou "submarino";1;;;;;;;;;;1;;;;
13/07/2021;18:38:00;153;2 - Acidente com VITIMA;318,933;BR-101/RJ;Norte;Colisão Traseira;;;;1;;1;;;;;1;1;;;
13/07/2021;19:23:00;161;3 - Acidente com Danos Materiais;256,651;BR-101/RJ;Norte;Colisão Transversal;1;;1;;;;;;;;5;;;;
14/07/2021;00:01:00;2;2 - Acidente com VITIMA;302,907;BR-101/RJ;Sul;Tombamento;;;1;;;;;;;;0;;1;;
14/07/2021;08:08:00;35;3 - Acidente com Danos Materiais;89,828;BR-101/RJ;Norte;Choque - Defensa, barreira ou "submarino";1;;;;;;;;;;1;;;;
14/07/2021;10:47:00;78;2 - Acidente com VITIMA;270,641;BR-101/RJ;Sul;Outros - Sequência;1;;;;;1;;;;;2;1;;;
14/07/2021;12:14:00;99;2 - Acidente com VITIMA;59,944;BR-101/RJ;Sul;Colisão Transversal;1;;;1;;;;;;;1;;;1;
14/07/2021;17:11:00;149;2 - Acidente com VITIMA;315,838;BR-101/RJ;Norte;Colisão Lateral;;;;1;;1;;;;;1;;1;;
14/07/2021;17:37:00;155;2 - Acidente com VITIMA;316,4;BR-101/RJ;Norte;Tombamento;;;;1;;;;;;;0;;1;;
14/07/2021;18:56:00;169;3 - Acidente com Danos Materiais;301,798;BR-101/RJ;Sul;Colisão Traseira;1;;1;;;;;;;;2;;;;
14/07/2021;20:25:00;180;3 - Acidente com Danos Materiais;302,7;BR-101/RJ;Norte;Colisão Traseira;2;;;;;;;;;;2;;;;
14/07/2021;22:46:00;195;2 - Acidente com VITIMA;30,12;BR-101/RJ;Sul;Choque - Defensa, barreira ou "submarino";;;1;;;;;;;;0;1;;;
14/07/2021;23:28:00;202;2 - Acidente com VITIMA;45,723;BR-101/RJ;Sul;Choque - Defensa, barreira ou "submarino";1;;;;;;;;;;0;1;;;
15/07/2021;05:55:00;19;2 - Acidente com VITIMA;70,277;BR-101/RJ;Sul;Colisão Transversal;1;;;;1;;;;;;2;1;;;
15/07/2021;06:14:00;20;3 - Acidente com Danos Materiais;289,294;BR-101/RJ;Norte;Colisão Traseira;1;;1;;;;;;;;2;;;;
15/07/2021;10:18:00;80;2 - Acidente com VITIMA;314,087;BR-101/RJ;Norte;Tombamento;;;;1;;1;;;;;1;1;;;
15/07/2021;10:35:00;90;3 - Acidente com Danos Materiais;87,594;BR-101/RJ;Norte;Choque - Defensa, barreira ou "submarino";1;;;;;;;;;;4;;;;
15/07/2021;15:47:00;157;2 - Acidente com VITIMA;317,003;BR-101/RJ;Norte;Colisão Lateral;2;;;1;;1;;;;;5;1;;;
15/07/2021;19:47:00;210;3 - Acidente com Danos Materiais;295,399;BR-101/RJ;Norte;Choque - Defensa, barreira ou "submarino";1;;;;;;;;;;1;;;;
15/07/2021;21:20:00;221;3 - Acidente com Danos Materiais;285,691;BR-101/RJ;Sul;Outros - Sequência;3;;2;;;;;;;1;7;;;;
15/07/2021;21:30:00;223;1 - Acidente com Vitima Fatal;285,692;BR-101/RJ;Norte;Choque - Defensa, barreira ou "submarino";;;1;;;;;;;;0;;;;1
16/07/2021;00:13:00;3;2 - Acidente com VITIMA;298,598;BR-101/RJ;Sul;Choque - Defensa, barreira ou "submarino";1;;;;;;;;;;0;1;;;
16/07/2021;07:57:00;47;3 - Acidente com Danos Materiais;269,264;BR-101/RJ;Norte;Colisão Transversal;2;;;;;;;;;;2;;;;
16/07/2021;09:11:00;66;3 - Acidente com Danos Materiais;58,389;BR-101/RJ;Norte;Colisão Traseira;2;;;;;;;;;;2;;;;
16/07/2021;12:41:00;111;3 - Acidente com Danos Materiais;241,825;BR-101/RJ;Sul;Choque - Defensa, barreira ou "submarino";1;;;;;;;;;;2;;;;
16/07/2021;12:44:00;112;2 - Acidente com VITIMA;117,613;BR-101/RJ;Sul;Capotamento;1;;;;;;;;;;0;4;1;;
16/07/2021;12:51:00;114;3 - Acidente com Danos Materiais;67,372;BR-101/RJ;Sul;Engavetamento;3;;;;;;;;;;3;;;;
16/07/2021;13:55:00;129;2 - Acidente com VITIMA;282,785;BR-101/RJ;Norte;Choque - Defensa, barreira ou "submarino";;;;1;;;;;;;0;;1;;
16/07/2021;15:00:00;138;3 - Acidente com Danos Materiais;200,15;BR-101/RJ;Norte;Colisão Traseira;;;;;;1;;;;1;6;;;;
16/07/2021;22:35:00;238;3 - Acidente com Danos Materiais;310,243;BR-101/RJ;Sul;Engavetamento;3;;;;;;;;;;3;;;;
17/07/2021;02:10:00;15;2 - Acidente com VITIMA;311,808;BR-101/RJ;Norte;Capotamento;1;;;;;;;;;;0;;1;;
17/07/2021;02:53:00;21;3 - Acidente com Danos Materiais;289,3;BR-101/RJ;Sul;Tombamento;1;;;;;;;;;;1;;;;
17/07/2021;05:37:00;35;3 - Acidente com Danos Materiais;277,8;BR-101/RJ;Sul;Capotamento;1;;;;;;;;;;1;;;;
17/07/2021;08:20:00;54;3 - Acidente com Danos Materiais;189,1;BR-101/RJ;Sul;Colisão Traseira;1;;;;;;;;;1;2;;;;
18/07/2021;03:09:00;14;3 - Acidente com Danos Materiais;267,972;BR-101/RJ;Norte;Capotamento;1;;;;;;;;;;1;;;;
18/07/2021;07:30:00;49;2 - Acidente com VITIMA;71,334;BR-101/RJ;Norte;Tombamento;;2;;;;;;;;;0;2;;;
18/07/2021;08:20:00;55;2 - Acidente com VITIMA;54,07;BR-101/RJ;Sul;Tombamento;;;;1;;;;;;;0;1;;;
18/07/2021;10:08:00;67;3 - Acidente com Danos Materiais;250,715;BR-101/RJ;Sul;Colisão Traseira;;;1;;;1;;;;;2;;;;
18/07/2021;19:16:00;152;2 - Acidente com VITIMA;266,471;BR-101/RJ;Sul;Colisão Lateral;1;;;1;;;;;;;6;;1;;
18/07/2021;19:27:00;155;2 - Acidente com VITIMA;311,335;BR-101/RJ;Norte;Outros - Sequência;2;;;;;;;;;;3;;1;;
18/07/2021;20:29:00;165;3 - Acidente com Danos Materiais;296,372;BR-101/RJ;Norte;Choque - Defensa, barreira ou "submarino";1;;;;;;;;;;2;;;;
18/07/2021;20:54:00;169;3 - Acidente com Danos Materiais;209,8;BR-101/RJ;Norte;Choque - Defensa, barreira ou "submarino";1;;;;;;;;;;3;;;;
18/07/2021;21:46:00;179;3 - Acidente com Danos Materiais;209,8;BR-101/RJ;Norte;Choque - Defensa, barreira ou "submarino";1;;;;;;;;;;2;;;;
18/07/2021;22:21:00;185;3 - Acidente com Danos Materiais;72,3;BR-101/RJ;Norte;Choque - Defensa, barreira ou "submarino";1;;;;;;;;;;1;;;;
18/07/2021;22:50:00;191;2 - Acidente com VITIMA;320,865;BR-101/RJ;Norte;Colisão Lateral;1;;;1;;;;;;;1;;1;;
19/07/2021;00:12:00;2;2 - Acidente com VITIMA;320,808;BR-101/RJ;Norte;Colisão Traseira;1;;1;;;;;;;;2;;2;;
19/07/2021;01:33:00;9;3 - Acidente com Danos Materiais;297,924;BR-101/RJ;Sul;Choque - Defensa, barreira ou "submarino";1;;;;;;;;;;2;;;;
19/07/2021;05:18:00;26;3 - Acidente com Danos Materiais;299,817;BR-101/RJ;Sul;Colisão Traseira;;;1;;1;;;;;;5;;;;
19/07/2021;06:35:00;31;2 - Acidente com VITIMA;215,758;BR-101/RJ;Sul;Choque - Defensa, barreira ou "submarino";;;;;;;;;;1;1;2;;;
19/07/2021;09:27:00;83;2 - Acidente com VITIMA;307,8;BR-101/RJ;Sul;Tombamento;;;;1;;;;;;;1;1;;;
19/07/2021;12:58:00;124;2 - Acidente com VITIMA;144,369;BR-101/RJ;Norte;Choque - Elemento de Drenagem;1;;;;;;;;;;0;2;;;
19/07/2021;16:48:00;165;2 - Acidente com VITIMA;297,215;BR-101/RJ;Sul;Colisão Lateral;1;;1;;;;;;;;4;1;;;
19/07/2021;19:26:00;181;2 - Acidente com VITIMA;306,601;BR-101/RJ;Sul;Choque - Veiculo parado na pista;2;;;;;;;;;;1;1;;;
19/07/2021;23:30:00;219;3 - Acidente com Danos Materiais;310,919;BR-101/RJ;Norte;Atropelamento de Animal;1;;;;;;;;;;2;;;;
20/07/2021;00:27:00;6;3 - Acidente com Danos Materiais;262,276;BR-101/RJ;Sul;Choque - Objeto sobre a pista;1;;;;;;;;;;3;;;;
20/07/2021;06:58:00;26;2 - Acidente com VITIMA;144,628;BR-101/RJ;Norte;Tombamento;;;;1;;;;;;;0;2;;;
20/07/2021;09:14:00;56;2 - Acidente com VITIMA;264,596;BR-101/RJ;Norte;Colisão Frontal;;1;;1;;;;;;;0;;1;1;
20/07/2021;23:15:00;176;3 - Acidente com Danos Materiais;297,887;BR-101/RJ;Norte;Choque - Defensa, barreira ou "submarino";1;;;;;;;;;;1;;;;
21/07/2021;00:26:00;6;2 - Acidente com VITIMA;192,043;BR-101/RJ;Norte;Outros;;1;;1;;;;;;;1;;;1;
22/07/2021;09:59:00;77;3 - Acidente com Danos Materiais;309,145;BR-101/RJ;Norte;Colisão Traseira;;;1;;;1;;;;;2;;;;
23/07/2021;08:30:00;60;3 - Acidente com Danos Materiais;57,597;BR-101/RJ;Norte;Choque - Suporte de Sinalização;1;;;;;1;;;;;3;;;;
23/07/2021;08:56:00;68;3 - Acidente com Danos Materiais;309,91;BR-101/RJ;Norte;Engavetamento;3;;;;;;;;;;6;;;;
23/07/2021;11:16:00;104;3 - Acidente com Danos Materiais;305,5;BR-101/RJ;Sul;Colisão Traseira;1;;;;;1;;;;;2;;;;
23/07/2021;14:10:00;143;3 - Acidente com Danos Materiais;295,828;BR-101/RJ;Norte;Colisão Traseira;1;;1;;;;;;;;2;;;;
23/07/2021;14:32:00;146;3 - Acidente com Danos Materiais;293,151;BR-101/RJ;Sul;Colisão Lateral;1;;1;;;;;;;;3;;;;
23/07/2021;15:16:00;158;3 - Acidente com Danos Materiais;296,101;BR-101/RJ;Norte;Colisão Traseira;1;;;;;1;;;;;2;;;;
23/07/2021;16:30:00;173;2 - Acidente com VITIMA;316,019;BR-101/RJ;Norte;Colisão Lateral;1;;;1;;;;;;;1;;1;;
23/07/2021;17:04:00;185;1 - Acidente com Vitima Fatal;92,357;BR-101/RJ;Sul;Colisão Traseira;;;1;1;;;;;;;1;;;;1
23/07/2021;19:09:00;211;3 - Acidente com Danos Materiais;259,649;BR-101/RJ;Sul;Choque - Poste;1;;;;;;;;;;1;;;;
23/07/2021;21:47:00;238;2 - Acidente com VITIMA;65,084;BR-101/RJ;Norte;Colisão Transversal;1;;;1;;;;;;;1;1;;;
23/07/2021;23:45:00;260;2 - Acidente com VITIMA;273,559;BR-101/RJ;Sul;Choque - Outros;1;;;;;;;;;;0;;1;;
24/07/2021;07:19:00;41;3 - Acidente com Danos Materiais;131,334;BR-101/RJ;Norte;Tombamento;1;;;;;;;;;;2;;;;
24/07/2021;09:03:00;57;3 - Acidente com Danos Materiais;293,307;BR-101/RJ;Sul;Choque - Defensa, barreira ou "submarino";1;;;;;;;;;;1;;;;
24/07/2021;09:56:00;64;2 - Acidente com VITIMA;50,866;BR-101/RJ;Norte;Tombamento;;;;1;;;;;;;0;;1;;
24/07/2021;12:08:00;89;2 - Acidente com VITIMA;72,162;BR-101/RJ;Norte;Capotamento;1;;;;;;;;;;0;;1;;
24/07/2021;15:20:00;113;3 - Acidente com Danos Materiais;282,778;BR-101/RJ;Norte;Choque - Defensa, barreira ou "submarino";1;;;;;;;;;;2;;;;
25/07/2021;00:45:00;4;3 - Acidente com Danos Materiais;311,589;BR-101/RJ;Sul;Choque - Defensa, barreira ou "submarino";1;;;;;;;;;;1;;;;
25/07/2021;01:36:00;8;2 - Acidente com VITIMA;71,82;BR-101/RJ;Sul;Colisão Transversal;1;;;1;;;;;;;1;;;1;
25/07/2021;03:58:00;19;3 - Acidente com Danos Materiais;277,947;BR-101/RJ;Norte;Choque - Elemento de Drenagem;1;;;;;;;;;;1;;;;
25/07/2021;08:20:00;42;2 - Acidente com VITIMA;62,419;BR-101/RJ;Norte;Colisão Traseira;2;;;;;;;;;;3;;1;;
25/07/2021;12:21:00;74;3 - Acidente com Danos Materiais;192,812;BR-101/RJ;Sul;Colisão Traseira;2;;;;;1;;;;;5;;;;
25/07/2021;16:44:00;127;2 - Acidente com VITIMA;309,824;BR-101/RJ;Sul;Choque - Poste;1;;;;;;;;;;0;;1;;
25/07/2021;19:56:00;181;3 - Acidente com Danos Materiais;279,866;BR-101/RJ;Sul;Colisão Traseira;1;;;;;1;;;;;2;;;;
25/07/2021;20:09:00;183;2 - Acidente com VITIMA;224,119;BR-101/RJ;Sul;Colisão Traseira;2;;;;;;;;;;4;2;;;
26/07/2021;07:27:00;36;2 - Acidente com VITIMA;311,945;BR-101/RJ;Sul;Colisão Traseira;1;;;1;;;;;;;1;;1;;
26/07/2021;16:34:00;168;3 - Acidente com Danos Materiais;295,671;BR-101/RJ;Norte;Choque - Defensa, barreira ou "submarino";1;;;;;;;;;;2;;;;
26/07/2021;20:03:00;200;3 - Acidente com Danos Materiais;309,4;BR-101/RJ;Norte;Colisão Traseira;2;;;;;;;;;;2;;;;
27/07/2021;04:58:00;8;2 - Acidente com VITIMA;310,688;BR-101/RJ;Norte;Colisão Traseira;;1;;;;1;;;;;1;;1;;
27/07/2021;07:45:00;26;3 - Acidente com Danos Materiais;82,557;BR-101/RJ;Norte;Colisão Lateral;;;1;;;;;;1;;2;;;;
27/07/2021;13:53:00;105;3 - Acidente com Danos Materiais;196,722;BR-101/RJ;Sul;Choque - Defensa, barreira ou "submarino";1;;;;;;;;;;1;;;;
27/07/2021;16:57:00;140;1 - Acidente com Vitima Fatal;143,151;BR-101/RJ;Sul;Outros - Sequência;1;;1;;;;;;;;1;;;;1
27/07/2021;18:24:00;154;3 - Acidente com Danos Materiais;55,281;BR-101/RJ;Norte;Capotamento;1;;;;;;;;;;3;;;;
27/07/2021;23:29:00;177;3 - Acidente com Danos Materiais;56,465;BR-101/RJ;Norte;Atropelamento de Animal;;;1;;;;;;;;1;;;;
28/07/2021;07:56:00;52;2 - Acidente com VITIMA;317,551;BR-101/RJ;Sul;Tombamento;;;;1;;1;;;;;1;1;;;
28/07/2021;07:58:00;54;2 - Acidente com VITIMA;65,519;BR-101/RJ;Sul;Outros - Sequência;2;1;;;;;;;;;2;1;;;
28/07/2021;08:24:00;60;2 - Acidente com VITIMA;98,227;BR-101/RJ;Norte;Choque - Defensa, barreira ou "submarino";;;1;;;;;;;;0;1;1;;
28/07/2021;10:31:00;87;2 - Acidente com VITIMA;53,851;BR-101/RJ;Norte;Tombamento;;1;;;;;;;;;0;;1;;
28/07/2021;12:42:00;109;2 - Acidente com VITIMA;271,168;BR-101/RJ;Norte;Choque - Poste;1;;;;;;;;;;0;;;1;
28/07/2021;14:19:00;126;3 - Acidente com Danos Materiais;292,897;BR-101/RJ;Norte;Colisão Lateral;1;;1;;;;;;;;3;;;;
28/07/2021;14:44:00;133;2 - Acidente com VITIMA;318,283;BR-101/RJ;Norte;Colisão Traseira;;;;1;;1;;;;;1;1;;;