data;horario;n_da_ocorrencia;tipo_de_ocorrencia;km;trecho;sentido;tipo_de_acidente;automovel;bicicleta;caminhao;moto;onibus;outros;tracao_animal;transporte_de_cargas_especiais;trator_maquinas;utilitarios;ilesos;levemente_feridos;moderadamente_feridos;gravemente_feridos;mortos
11/09/2021;20:15:00;127;3 - Acidente com Danos Materiais;313,317;BR-101/RJ;Norte;Atropelamento de Animal;1;;;;;;;;;;2;;;;
12/09/2021;00:06:00;3;1 - Acidente com Vitima Fatal;19,872;BR-101/RJ;Norte;Colisão Frontal;1;;;;1;;;;;;48;;;;1
12/09/2021;01:47:00;8;2 - Acidente com VITIMA;272,4;BR-101/RJ;Sul;Colisão Lateral;1;;1;;;;;;;;2;1;1;;
12/09/2021;04:06:00;15;3 - Acidente com Danos Materiais;321,432;BR-101/RJ;Norte;Choque - Defensa, barreira ou "submarino";1;;;;;;;;;;1;;;;
12/09/2021;04:47:00;17;3 - Acidente com Danos Materiais;116,8;BR-101/RJ;Norte;Choque - Suporte de Sinalização;1;;;;;;;;;;1;;;;
12/09/2021;05:25:00;18;3 - Acidente com Danos Materiais;116,8;BR-101/RJ;Norte;Choque - Veiculo parado na pista;1;;;;;;;;;;1;;;;
12/09/2021;05:39:00;19;3 - Acidente com Danos Materiais;297,507;BR-101/RJ;Sul;Choque - Elemento de Drenagem;1;;;;;;;;;;1;;;;
12/09/2021;08:41:00;36;3 - Acidente com Danos Materiais;95,002;BR-101/RJ;Norte;Choque - Defensa, barreira ou "submarino";1;;;;;;;;;;1;;;;
12/09/2021;15:45:00;100;3 - Acidente com Danos Materiais;316,662;BR-101/RJ;Sul;Engavetamento;4;;;;;;;;;;14;;;;
12/09/2021;16:44:00;109;3 - Acidente com Danos Materiais;314,001;BR-101/RJ;Sul;Engavetamento;5;;;;;1;;;;;15;;;;
12/09/2021;17:44:00;117;2 - Acidente com VITIMA;55,1;BR-101/RJ;Sul;Colisão Traseira;;;;1;;1;;;;;1;1;;;
12/09/2021;18:47:00;127;2 - Acidente com VITIMA;290,212;BR-101/RJ;Sul;Engavetamento;5;;;;;;;;;;15;3;;;
12/09/2021;19:23:00;132;2 - Acidente com VITIMA;303,6;BR-101/RJ;Norte;Engavetamento;1;1;;1;;;;;;;1;1;1;;
12/09/2021;22:22:00;153;2 - Acidente com VITIMA;87,7;BR-101/RJ;Norte;Capotamento;1;;;;;;;;;;0;;1;;
12/09/2021;22:45:00;159;2 - Acidente com VITIMA;269,1;BR-101/RJ;Norte;Colisão Traseira;2;;;;;;;;;;3;;1;;
12/09/2021;22:59:00;161;2 - Acidente com VITIMA;305,4;BR-101/RJ;Norte;Choque - Defensa, barreira ou "submarino";1;;;;;;;;;;0;;1;;
13/09/2021;06:31:00;23;2 - Acidente com VITIMA;314,006;BR-101/RJ;Sul;Colisão Traseira;;;;1;;1;;;;;1;1;;;
13/09/2021;06:55:00;33;2 - Acidente com VITIMA;234,004;BR-101/RJ;Sul;Colisão Lateral;1;;;;;1;;;;;1;1;;;
13/09/2021;07:18:00;44;3 - Acidente com Danos Materiais;137,004;BR-101/RJ;Norte;Atropelamento de Animal;;;;;;1;;;;;1;;;;
13/09/2021;07:33:00;50;2 - Acidente com VITIMA;18,2;BR-101/RJ;Norte;Tombamento;;;;1;;;;;;;0;2;;;
13/09/2021;07:36:00;51;3 - Acidente com Danos Materiais;307,008;BR-101/RJ;Sul;Engavetamento;3;;;;;;;;;;3;;;;
13/09/2021;13:13:00;148;2 - Acidente com VITIMA;175,002;BR-101/RJ;Sul;Colisão Lateral;1;;;1;;;;;;;3;2;;;
13/09/2021;15:00:00;163;2 - Acidente com VITIMA;252,89;BR-101/RJ;Sul;Colisão Traseira;;;1;1;;;;;;;1;1;;;
13/09/2021;17:15:00;195;2 - Acidente com VITIMA;129,729;BR-101/RJ;Sul;Choque - Defensa, barreira ou "submarino";1;;;;;;;;;;1;1;;;
13/09/2021;19:09:00;218;3 - Acidente com Danos Materiais;320,795;BR-101/RJ;Norte;Engavetamento;3;;;;;;;;;;4;;;;
14/09/2021;08:33:00;68;3 - Acidente com Danos Materiais;321,21;BR-101/RJ;Sul;Colisão Traseira;1;;;1;;;;;;;2;;;;
14/09/2021;22:40:00;212;2 - Acidente com VITIMA;253,456;BR-101/RJ;Norte;Choque - Defensa, barreira ou "submarino";;;;1;;;;;;;0;;1;;
15/09/2021;00:33:00;4;3 - Acidente com Danos Materiais;271,499;BR-101/RJ;Sul;Atropelamento de Animal;1;;;;;;;;;;2;;;;
15/09/2021;05:25:00;16;2 - Acidente com VITIMA;64,031;BR-101/RJ;Sul;Colisão Transversal;1;;1;;;;;;;;0;1;;2;
15/09/2021;06:15:00;19;3 - Acidente com Danos Materiais;320,206;BR-101/RJ;Sul;Engavetamento;5;;1;;;;;;;;9;;;;
15/09/2021;08:27:00;60;3 - Acidente com Danos Materiais;297,45;BR-101/RJ;Sul;Colisão Traseira;2;;;;;;;;;;2;;;;
15/09/2021;08:35:00;63;3 - Acidente com Danos Materiais;297,785;BR-101/RJ;Norte;Colisão Lateral;1;;1;;;;;;;;2;;;;
15/09/2021;15:37:00;135;3 - Acidente com Danos Materiais;311,69;BR-101/RJ;Norte;Colisão Traseira;2;;;;;;;;;;7;;;;
15/09/2021;15:37:00;139;3 - Acidente com Danos Materiais;311,69;BR-101/RJ;Norte;Colisão Traseira;2;;;;;;;;;;6;;;;
15/09/2021;19:06:00;170;2 - Acidente com VITIMA;319,636;BR-101/RJ;Norte;Colisão Lateral;1;;;1;;;;;;;2;2;;;
15/09/2021;19:15:00;172;2 - Acidente com VITIMA;265,667;BR-101/RJ;Norte;Choque - Defensa, barreira ou "submarino";1;;;;;;;;;;0;1;;;
15/09/2021;22:01:00;197;3 - Acidente com Danos Materiais;305,885;BR-101/RJ;Norte;Colisão Lateral;1;;;;;1;;;;;3;;;;
15/09/2021;23:14:00;203;2 - Acidente com VITIMA;234,589;BR-101/RJ;Norte;Colisão Lateral;1;;1;;;;;;;;1;4;;;
15/09/2021;23:15:00;204;2 - Acidente com VITIMA;16,863;BR-101/RJ;Norte;Tombamento;;;1;;;;;;;;1;1;;;
16/09/2021;01:43:00;7;3 - Acidente com Danos Materiais;82,88;BR-101/RJ;Sul;Colisão Traseira;;;2;;;;;;;;2;;;;
16/09/2021;07:18:00;29;2 - Acidente com VITIMA;192,83;BR-101/RJ;Norte;Objeto lançado contra veículo;;1;;;;;;;;;0;1;;;
16/09/2021;08:44:00;48;3 - Acidente com Danos Materiais;315,218;BR-101/RJ;Sul;Colisão Lateral;1;;1;;;1;;;;;3;;;;
16/09/2021;10:39:00;73;3 - Acidente com Danos Materiais;196,275;BR-101/RJ;Sul;Choque - Defensa, barreira ou "submarino";1;;;;;;;;;;2;;;;
16/09/2021;15:40:00;117;2 - Acidente com VITIMA;218,057;BR-101/RJ;Sul;Choque - Elemento de Drenagem;;;;;;;;;;1;0;1;;;
17/09/2021;00:55:00;5;2 - Acidente com VITIMA;293,35;BR-101/RJ;Sul;Tombamento;;;1;;;;;;;;0;2;;;
17/09/2021;06:03:00;23;3 - Acidente com Danos Materiais;66,822;BR-101/RJ;Sul;Choque - Elemento de Drenagem;1;;;;;;;;;;1;;;;
17/09/2021;18:34:00;197;2 - Acidente com VITIMA;282,591;BR-101/RJ;Sul;Colisão Traseira;1;;;;1;;;;;;1;4;1;;
17/09/2021;20:50:00;213;3 - Acidente com Danos Materiais;192,878;BR-101/RJ;Sul;Colisão Traseira;;;2;;;;;;;;2;;;;
18/09/2021;00:42:00;3;3 - Acidente com Danos Materiais;85,05;BR-101/RJ;Norte;Atropelamento de Animal;1;;;;;;;;;;1;;;;
18/09/2021;00:59:00;6;3 - Acidente com Danos Materiais;85,05;BR-101/RJ;Norte;Atropelamento de Animal;;;1;;;;;;;;1;;;;
18/09/2021;07:57:00;37;2 - Acidente com VITIMA;63,183;BR-101/RJ;Norte;Colisão Lateral;1;;;1;;;;;;;1;1;;;
18/09/2021;08:56:00;60;3 - Acidente com Danos Materiais;252,89;BR-101/RJ;Sul;Colisão Lateral;2;;;;;;;;;;2;;;;
18/09/2021;10:22:00;78;3 - Acidente com Danos Materiais;295,771;BR-101/RJ;Norte;Colisão Traseira;1;;;;;1;;;;;3;;;;
18/09/2021;11:30:00;94;3 - Acidente com Danos Materiais;295,733;BR-101/RJ;Sul;Colisão Traseira;2;;;;;1;;;;;3;;;;
18/09/2021;12:51:00;114;2 - Acidente com VITIMA;276,786;BR-101/RJ;Sul;Colisão Traseira;;;;1;;1;;;;;1;1;1;;
18/09/2021;14:38:00;134;2 - Acidente com VITIMA;258,155;BR-101/RJ;Sul;Capotamento;1;;;;;;;;;;0;;1;;
18/09/2021;16:50:00;162;3 - Acidente com Danos Materiais;85,5;BR-101/RJ;Sul;Choque - Defensa, barreira ou "submarino";1;;;;;;;;;;5;;;;
18/09/2021;17:41:00;168;3 - Acidente com Danos Materiais;66,8;BR-101/RJ;Norte;Choque - Elemento de Drenagem;1;;;;;;;;;1;3;;;;
18/09/2021;17:52:00;171;3 - Acidente com Danos Materiais;296,646;BR-101/RJ;Sul;Choque - Defensa, barreira ou "submarino";1;;;;;;;;;;1;;;;
18/09/2021;19:50:00;192;2 - Acidente com VITIMA;271,077;BR-101/RJ;Norte;Atropelamento de Animal;1;;;;;;;;;;0;1;;;
19/09/2021;04:59:00;17;3 - Acidente com Danos Materiais;295,745;BR-101/RJ;Norte;Choque - Outros;;;;;;;;;;1;1;;;;
19/09/2021;10:09:00;56;3 - Acidente com Danos Materiais;317,871;BR-101/RJ;Norte;Colisão Frontal;2;;;;;;;;;;5;;;;
19/09/2021;13:39:00;83;3 - Acidente com Danos Materiais;293,5;BR-101/RJ;Sul;Colisão Lateral;1;;;;;1;;;;;2;;;;
19/09/2021;17:49:00;126;2 - Acidente com VITIMA;300,854;BR-101/RJ;Sul;Choque - Defensa, barreira ou "submarino";1;;;;;;;;;;4;2;;;
19/09/2021;20:25:00;144;3 - Acidente com Danos Materiais;272,156;BR-101/RJ;Sul;Colisão Traseira;2;;;;;;;;;;5;;;;
19/09/2021;23:06:00;163;2 - Acidente com VITIMA;205,247;BR-101/RJ;Sul;Choque - Defensa, barreira ou "submarino";1;;;;;;;;;;0;2;;;
20/09/2021;06:54:00;29;3 - Acidente com Danos Materiais;314,181;BR-101/RJ;Sul;Colisão Lateral;;;;1;;2;;;;;3;;;;
20/09/2021;07:22:00;38;3 - Acidente com Danos Materiais;319,346;BR-101/RJ;Sul;Colisão Traseira;2;;;;;;;;;;4;;;;
20/09/2021;07:27:00;44;3 - Acidente com Danos Materiais;144,477;BR-101/RJ;Norte;Colisão Traseira;1;;;;;1;;;;;2;;;;
20/09/2021;08:07:00;53;2 - Acidente com VITIMA;321,382;BR-101/RJ;Sul;Colisão Lateral;1;;;1;;;;;;;1;1;;;
20/09/2021;08:49:00;63;3 - Acidente com Danos Materiais;83,621;BR-101/RJ;Norte;Choque - Defensa, barreira ou "submarino";;;1;;;;;;;;3;;;;
20/09/2021;09:12:00;69;2 - Acidente com VITIMA;196,292;BR-101/RJ;Sul;Capotamento;1;;;;;;;;;;4;;1;;
20/09/2021;10:28:00;87;2 - Acidente com VITIMA;311,734;BR-101/RJ;Norte;Choque - Defensa, barreira ou "submarino";1;;;;;;;;;;0;1;;;
20/09/2021;15:26:00;140;2 - Acidente com VITIMA;74,423;BR-101/RJ;Sul;Atropelamento - Sem Informação;;;;1;;;;;;;0;1;;1;
20/09/2021;15:57:00;144;3 - Acidente com Danos Materiais;171,18;BR-101/RJ;Norte;Choque - Defensa, barreira ou "submarino";1;;;;;;;;;;1;;;;
20/09/2021;18:21:00;173;3 - Acidente com Danos Materiais;181,678;BR-101/RJ;Norte;Atropelamento de Animal;1;;;;;;;;;;1;;;;
20/09/2021;20:33:00;186;3 - Acidente com Danos Materiais;58,35;BR-101/RJ;Sul;Colisão Transversal;1;;1;;;;;;;;2;;;;
21/09/2021;07:35:00;33;2 - Acidente com VITIMA;289,581;BR-101/RJ;Norte;Colisão Transversal;2;;;;;;;;;;1;1;;;
21/09/2021;07:57:00;46;2 - Acidente com VITIMA;313,738;BR-101/RJ;Sul;Colisão Traseira;1;;;1;;;;;;;1;1;;;
21/09/2021;08:05:00;49;2 - Acidente com VITIMA;312,583;BR-101/RJ;Sul;Engavetamento;2;;;;1;;;;;;1;1;1;;
21/09/2021;15:52:00;172;2 - Acidente com VITIMA;75,577;BR-101/RJ;Norte;Tombamento;;;;1;;;;;;;0;1;;;
21/09/2021;19:06:00;213;2 - Acidente com VITIMA;47,374;BR-101/RJ;Norte;Colisão Traseira;;;;1;;1;;;;;1;1;;;
22/09/2021;00:37:00;3;3 - Acidente com Danos Materiais;319,851;BR-101/RJ;Sul;Choque - Defensa, barreira ou "submarino";1;;;;;;;;;;1;;;;
22/09/2021;06:45:00;14;3 - Acidente com Danos Materiais;192,672;BR-101/RJ;Sul;Colisão Traseira;2;;;;;;;;;;3;;;;
22/09/2021;07:16:00;21;3 - Acidente com Danos Materiais;144,164;BR-101/RJ;Sul;Saida de Pista;1;;;;;;;;;;1;;;;
22/09/2021;07:38:00;31;3 - Acidente com Danos Materiais;106,909;BR-101/RJ;Sul;Choque - Defensa, barreira ou "submarino";1;;;;;;;;;;1;;;;
22/09/2021;16:34:00;158;3 - Acidente com Danos Materiais;291,57;BR-101/RJ;Sul;Engavetamento;3;;;;;;;;;;3;;;;
22/09/2021;18:19:00;179;3 - Acidente com Danos Materiais;192,89;BR-101/RJ;Norte;Choque - Defensa, barreira ou "submarino";;;1;;;;;;;;1;;;;
22/09/2021;19:39:00;195;3 - Acidente com Danos Materiais;294,655;BR-101/RJ;Norte;Colisão Traseira;2;;;;;;;;;;2;;;;
23/09/2021;06:09:00;22;2 - Acidente com VITIMA;309,984;BR-101/RJ;Sul;Colisão Transversal;1;;;1;1;;;;;;3;2;1;;
23/09/2021;07:45:00;42;2 - Acidente com VITIMA;318,365;BR-101/RJ;Sul;Colisão Lateral;1;;;2;;;;;;;3;1;;;
23/09/2021;08:49:00;63;2 - Acidente com VITIMA;303,272;BR-101/RJ;Sul;Colisão Lateral;1;;;1;;;;;;;1;1;;;
23/09/2021;14:13:00;153;2 - Acidente com VITIMA;253,758;BR-101/RJ;Norte;Choque - Defensa, barreira ou "submarino";1;;;;;;;;;;0;;1;;
23/09/2021;14:53:00;160;1 - Acidente com Vitima Fatal;320,954;BR-101/RJ;Norte;Choque - Defensa, barreira ou "submarino";;;;1;;;;;;;0;;;;1
23/09/2021;15:48:00;168;2 - Acidente com VITIMA;261,803;BR-101/RJ;Sul;Tombamento;1;;1;;;;;;;;0;3;;;
23/09/2021;17:57:00;188;3 - Acidente com Danos Materiais;260,205;BR-101/RJ;Sul;Colisão Lateral;1;;;;;1;;;;;2;;;;
23/09/2021;18:30:00;194;2 - Acidente com VITIMA;240,881;BR-101/RJ;Sul;Choque - Defensa, barreira ou "submarino";1;;;;;;;;;;0;2;;;
24/09/2021;07:03:00;37;3 - Acidente com Danos Materiais;294,842;BR-101/RJ;Sul;Colisão Traseira;2;;1;;;;;;;;6;;;;
24/09/2021;15:50:00;164;2 - Acidente com VITIMA;80,386;BR-101/RJ;Norte;Colisão Transversal;2;;;;;;;;;;3;;1;;
24/09/2021;17:01:00;179;3 - Acidente com Danos Materiais;190,151;BR-101/RJ;Sul;Colisão Transversal;2;;;;;;;;;;3;;;;
24/09/2021;17:30:00;188;2 - Acidente com VITIMA;55,66;BR-101/RJ;Sul;Colisão Traseira;1;;;1;;;;;;;1;1;;;
24/09/2021;17:50:00;199;3 - Acidente com Danos Materiais;54,087;BR-101/RJ;Sul;Colisão Transversal;;;2;;;;;;;;2;;;;
25/09/2021;04:42:00;20;3 - Acidente com Danos Materiais;69,721;BR-101/RJ;Sul;Choque - Outros;1;;;;;;;;;;1;;;;
25/09/2021;08:47:00;58;3 - Acidente com Danos Materiais;296,959;BR-101/RJ;Norte;Colisão Lateral;1;;;;1;;;;;;2;;;;
25/09/2021;17:28:00;128;3 - Acidente com Danos Materiais;168,286;BR-101/RJ;Norte;Colisão Traseira;1;;1;;;;;;;;3;;;;
25/09/2021;19:35:00;148;3 - Acidente com Danos Materiais;292,55;BR-101/RJ;Sul;Atropelamento de Animal;1;;;;;;;;;;1;;;;
25/09/2021;19:40:00;150;2 - Acidente com VITIMA;83,555;BR-101/RJ;Norte;Tombamento;;;1;;;;;;;;0;1;;;
25/09/2021;20:01:00;152;2 - Acidente com VITIMA;51,615;BR-101/RJ;Norte;Colisão Traseira;1;;;1;;;;;;;1;;1;;
25/09/2021;22:46:00;167;2 - Acidente com VITIMA;65,5;BR-101/RJ;Sul;Colisão Traseira;;;;1;;1;;;;;1;2;;;
26/09/2021;01:41:00;5;2 - Acidente com VITIMA;293,458;BR-101/RJ;Sul;Tombamento;;;1;;;;;;;;0;1;;;
26/09/2021;04:12:00;14;2 - Acidente com VITIMA;27,869;BR-101/RJ;Sul;Colisão Frontal;1;;1;;;;;;;;1;1;;;
26/09/2021;12:06:00;74;2 - Acidente com VITIMA;299,448;BR-101/RJ;Norte;Colisão Lateral;1;;1;;;;;;;;5;1;;;
26/09/2021;16:55:00;122;2 - Acidente com VITIMA;66,203;BR-101/RJ;Norte;Colisão Transversal;1;;;1;;;;;;;1;1;1;;
26/09/2021;17:02:00;125;3 - Acidente com Danos Materiais;292,835;BR-101/RJ;Sul;Engavetamento;1;;;;;2;;;;1;4;;;;
26/09/2021;19:40:00;163;2 - Acidente com VITIMA;236,895;BR-101/RJ;Norte;Colisão Traseira;1;;;;;;;;;1;6;1;1;;
26/09/2021;21:58:00;180;2 - Acidente com VITIMA;303,34;BR-101/RJ;Sul;Colisão Traseira;2;;;;;;;;;;1;;1;;
27/09/2021;04:44:00;12;3 - Acidente com Danos Materiais;188,952;BR-101/RJ;Sul;Choque - Defensa, barreira ou "submarino";;;1;;;;;;;;1;;;;
27/09/2021;06:33:00;18;3 - Acidente com Danos Materiais;187,814;BR-101/RJ;Norte;Colisão Lateral;2;;;;;;;;;;2;;;;
27/09/2021;15:06:00;135;3 - Acidente com Danos Materiais;280,868;BR-101/RJ;Norte;Colisão Traseira;1;;;;;1;;;;;2;;;;
27/09/2021;16:26:00;149;2 - Acidente com VITIMA;173,805;BR-101/RJ;Sul;Colisão Traseira;;;2;;;;;;;;1;1;;;
27/09/2021;23:58:00;201;3 - Acidente com Danos Materiais;205,193;BR-101/RJ;Sul;Choque - Talude;1;;;;;;;;;;1;;;;
28/09/2021;07:08:00;20;3 - Acidente com Danos Materiais;176,26;BR-101/RJ;Sul;Colisão Lateral;1;;1;;;;;;;;3;;;;
28/09/2021;13:52:00;109;2 - Acidente com VITIMA;281,225;BR-101/RJ;Sul;Choque - Defensa, barreira ou "submarino";1;;;;;;;;;;0;1;;;
28/09/2021;20:08:00;181;3 - Acidente com Danos Materiais;229,789;BR-101/RJ;Sul;Choque - Objeto sobre a pista;1;;;;;;;;;;1;;;;
29/09/2021;07:48:00;44;2 - Acidente com VITIMA;297,747;BR-101/RJ;Norte;Tombamento;;;;1;;;;;;;0;1;;;
29/09/2021;10:46:00;92;3 - Acidente com Danos Materiais;59,489;BR-101/RJ;Sul;Colisão Traseira;2;;;;;;;;;;2;;;;
29/09/2021;18:47:00;196;3 - Acidente com Danos Materiais;205,277;BR-101/RJ;Sul;Tombamento;;;;;;;;;;1;2;;;;
30/09/2021;00:42:00;2;2 - Acidente com VITIMA;161,902;BR-101/RJ;Sul;Colisão Traseira;;;2;;;;;;;;1;1;;;
30/09/2021;02:12:00;5;2 - Acidente com VITIMA;242,384;BR-101/RJ;Norte;Colisão Traseira;;;2;;;;;;;;0;2;;;
30/09/2021;13:27:00;114;3 - Acidente com Danos Materiais;289,033;BR-101/RJ;Sul;Capotamento;1;;;;;;;;;;1;;;;
01/10/2021;01:18:00;20;2 - Acidente com VITIMA;321,608;BR-101/RJ;Norte;Choque - Suporte de Sinalização;;;;1;;;;;;;1;;1;;
01/10/2021;06:01:00;37;3 - Acidente com Danos Materiais;302,325;BR-101/RJ;Norte;Colisão Traseira;2;;1;;;;;;;;4;;;;
01/10/2021;07:50:00;60;2 - Acidente com VITIMA;79,537;BR-101/RJ;Norte;Colisão Traseira;1;;1;;;;;;;;3;2;;;
01/10/2021;08:26:00;70;3 - Acidente com Danos Materiais;319,268;BR-101/RJ;Sul;Colisão Lateral;2;;1;;;;;;;;6;;;;
01/10/2021;10:54:00;103;2 - Acidente com VITIMA;274,426;BR-101/RJ;Norte;Colisão Frontal;1;;;1;;;;;;;1;1;;;
01/10/2021;11:12:00;110;2 - Acidente com VITIMA;291,934;BR-101/RJ;Sul;Engavetamento;3;;;;;;;;;;6;;2;;
01/10/2021;13:54:00;140;2 - Acidente com VITIMA;272,063;BR-101/RJ;Norte;Choque - Suporte de Sinalização;;;;1;;;;;;;0;1;;;
01/10/2021;13:55:00;142;3 - Acidente com Danos Materiais;97,4;BR-101/RJ;Norte;Tombamento;;;1;;;;;;;;1;;;;
01/10/2021;18:20:00;197;3 - Acidente com Danos Materiais;297,929;BR-101/RJ;Norte;Colisão Traseira;2;;;;;;;;;;2;;;;
01/10/2021;18:22:00;198;3 - Acidente com Danos Materiais;140,018;BR-101/RJ;Sul;Capotamento;1;;;;;;;;;;5;;;;
01/10/2021;19:09:00;205;2 - Acidente com VITIMA;274,11;BR-101/RJ;Sul;Colisão Transversal;1;;;1;;;;;;;1;1;;;
01/10/2021;19:45:00;215;3 - Acidente com Danos Materiais;140,101;BR-101/RJ;Sul;Colisão Traseira;1;;1;;;;;;;;4;;;;
01/10/2021;20:39:00;225;3 - Acidente com Danos Materiais;299,7;BR-101/RJ;Sul;Colisão Traseira;1;;1;;;;;;;;2;;;;
02/10/2021;14:46:00;118;3 - Acidente com Danos Materiais;312,798;BR-101/RJ;Norte;Colisão Traseira;2;;;;;;;;;;4;;;;
02/10/2021;18:06:00;158;3 - Acidente com Danos Materiais;299,981;BR-101/RJ;Sul;Choque - Elemento de Drenagem;1;;;;;;;;;;1;;;;
02/10/2021;23:16:00;191;2 - Acidente com VITIMA;307,1;BR-101/RJ;Norte;Tombamento;;;;1;;;;;;;0;2;;;
03/10/2021;04:03:00;11;2 - Acidente com VITIMA;41,9;BR-101/RJ;Norte;Capotamento;1;;;;;;;;;;0;1;1;;
03/10/2021;04:37:00;13;2 - Acidente com VITIMA;282,8;BR-101/RJ;Norte;Atropelamento - Outros;;;;;;1;;;;;1;;1;;
03/10/2021;08:59:00;34;2 - Acidente com VITIMA;304,835;BR-101/RJ;Norte;Colisão Lateral;2;;;;;;;;;;1;2;;;
03/10/2021;11:26:00;46;2 - Acidente com VITIMA;234,114;BR-101/RJ;Norte;Choque - Defensa, barreira ou "submarino";1;;;;;;;;;;0;;1;;
03/10/2021;19:28:00;135;3 - Acidente com Danos Materiais;320,934;BR-101/RJ;Norte;Choque - Defensa, barreira ou "submarino";1;;;;;;;;;;1;;;;
03/10/2021;19:49:00;136;3 - Acidente com Danos Materiais;264,387;BR-101/RJ;Sul;Choque - Elemento de Drenagem;1;;;;;;;;;;3;;;;
03/10/2021;20:12:00;139;3 - Acidente com Danos Materiais;303,038;BR-101/RJ;Sul;Engavetamento;3;;;;;;;;;;3;;;;
03/10/2021;20:19:00;141;3 - Acidente com Danos Materiais;264,385;BR-101/RJ;Sul;Choque - Elemento de Drenagem;1;;;;;;;;;;4;;;;
03/10/2021;21:19:00;150;3 - Acidente com Danos Materiais;264,386;BR-101/RJ;Sul;Choque - Elemento de Drenagem;1;;;;;;;;;;3;;;;
03/10/2021;22:20:00;158;2 - Acidente com VITIMA;61,7;BR-101/RJ;Sul;Colisão Transversal;1;;;1;;;;;;;3;;1;;
03/10/2021;23:16:00;165;2 - Acidente com VITIMA;309,45;BR-101/RJ;Sul;Choque - Defensa, barreira ou "submarino";1;;;;;;;;;;1;2;;;
04/10/2021;00:46:00;5;3 - Acidente com Danos Materiais;300,955;BR-101/RJ;Sul;Colisão Traseira;1;;;;;;;;;1;3;;;;
04/10/2021;02:27:00;8;3 - Acidente com Danos Materiais;246,315;BR-101/RJ;Sul;Colisão Traseira;1;;;;;1;;;;;4;;;;
04/10/2021;05:47:00;12;3 - Acidente com Danos Materiais;293,456;BR-101/RJ;Sul;Choque - Defensa, barreira ou "submarino";1;;;;;;;;;;1;;;;
04/10/2021;06:50:00;15;2 - Acidente com VITIMA;59,565;BR-101/RJ;Norte;Engavetamento;3;;;;;;;;;;3;1;;;
04/10/2021;08:01:00;35;3 - Acidente com Danos Materiais;67,692;BR-101/RJ;Norte;Colisão Traseira;1;;1;;;;;;;;2;;;;
04/10/2021;08:13:00;40;2 - Acidente com VITIMA;138,8;BR-101/RJ;Sul;Choque - Defensa, barreira ou "submarino";1;;;;;;;;;;0;1;;;
04/10/2021;08:48:00;47;3 - Acidente com Danos Materiais;314,722;BR-101/RJ;Sul;Colisão Traseira;1;;;;;1;;;;;2;;;;
04/10/2021;11:14:00;101;3 - Acidente com Danos Materiais;63,475;BR-101/RJ;Sul;Colisão Transversal;1;;1;;;;;;;;2;;;;
04/10/2021;13:50:00;131;2 - Acidente com VITIMA;309,262;BR-101/RJ;Norte;Colisão Traseira;1;;;1;;;;;;;5;1;;;
04/10/2021;14:32:00;141;2 - Acidente com VITIMA;269,291;BR-101/RJ;Norte;Tombamento;;;1;;;;;;;;1;;1;;
05/10/2021;05:03:00;21;1 - Acidente com Vitima Fatal;277,4;BR-101/RJ;Norte;Atropelamento - Andarilho;;;;;1;;;;;;1;;;;1
05/10/2021;05:14:00;22;2 - Acidente com VITIMA;76,659;BR-101/RJ;Norte;Colisão Traseira;2;;;;;;;;;;1;1;;;
05/10/2021;08:53:00;71;3 - Acidente com Danos Materiais;109,45;BR-101/RJ;Norte;Atropelamento de Animal;1;;;;;;;;;;1;;;;
05/10/2021;11:21:00;97;2 - Acidente com VITIMA;284,5;BR-101/RJ;Norte;Colisão Traseira;1;;;;;1;;;;;2;1;;;
06/10/2021;03:08:00;11;1 - Acidente com Vitima Fatal;46,61;BR-101/RJ;Norte;Atropelamento - Andarilho;;;;;1;;;;;;28;;;;1
06/10/2021;13:46:00;86;2 - Acidente com VITIMA;235,184;BR-101/RJ;Sul;Choque - Arvore;1;;;;;;;;;;0;;1;;