data;horario;n_da_ocorrencia;tipo_de_ocorrencia;km;trecho;sentido;tipo_de_acidente;automovel;bicicleta;caminhao;moto;onibus;outros;tracao_animal;transporte_de_cargas_especiais;trator_maquinas;utilitarios;ilesos;levemente_feridos;moderadamente_feridos;gravemente_feridos;mortos
06/10/2021;15:17:00;102;2 - Acidente com VITIMA;258,184;BR-101/RJ;Sul;Capotamento;1;;;;;;;;;;1;;1;;
06/10/2021;21:52:00;151;2 - Acidente com VITIMA;264,818;BR-101/RJ;Norte;Colisão Lateral;2;;;;;;;;;;2;1;;;
07/10/2021;09:58:00;67;3 - Acidente com Danos Materiais;76,4;BR-101/RJ;Norte;Colisão Traseira;2;;;;;;;;;;2;;;;
07/10/2021;16:41:00;156;3 - Acidente com Danos Materiais;319,811;BR-101/RJ;Norte;Colisão Traseira;1;;;;;1;;;;;2;;;;
07/10/2021;18:17:00;166;3 - Acidente com Danos Materiais;294,245;BR-101/RJ;Norte;Engavetamento;3;;;;1;;;;;;6;;;;
07/10/2021;19:42:00;180;3 - Acidente com Danos Materiais;293,438;BR-101/RJ;Sul;Choque - Defensa, barreira ou "submarino";1;;;;;;;;;;2;;;;
07/10/2021;21:36:00;195;3 - Acidente com Danos Materiais;59,5;BR-101/RJ;Sul;Colisão Traseira;1;;1;;;;;;;;2;;;;
08/10/2021;07:12:00;34;2 - Acidente com VITIMA;316,714;BR-101/RJ;Sul;Colisão Traseira;1;;;1;;;;;;;1;;1;;
08/10/2021;07:19:00;36;3 - Acidente com Danos Materiais;293,197;BR-101/RJ;Sul;Choque - Suporte de Sinalização;1;;;;;;;;;;4;;;;
08/10/2021;08:41:00;58;2 - Acidente com VITIMA;317,547;BR-101/RJ;Sul;Colisão Traseira;;;;1;;1;;;;;1;2;;;
08/10/2021;13:27:00;119;2 - Acidente com VITIMA;66,3;BR-101/RJ;Norte;Colisão Traseira;;;;;;;;;;2;2;1;;;
08/10/2021;14:40:00;133;3 - Acidente com Danos Materiais;318,247;BR-101/RJ;Sul;Colisão Lateral;1;;1;;;;;;;;2;;;;
08/10/2021;15:07:00;137;3 - Acidente com Danos Materiais;314,873;BR-101/RJ;Norte;Colisão Lateral;1;;;;;1;;;;;2;;;;
08/10/2021;16:51:00;152;2 - Acidente com VITIMA;278,054;BR-101/RJ;Sul;Colisão Traseira;1;;;;;1;;;;;1;1;;;
08/10/2021;17:54:00;164;3 - Acidente com Danos Materiais;139,001;BR-101/RJ;Sul;Capotamento;1;;;;;;;;;;3;;;;
08/10/2021;18:36:00;174;3 - Acidente com Danos Materiais;234,177;BR-101/RJ;Sul;Choque - Objeto sobre a pista;1;;;;;;;;;;1;;;;
08/10/2021;18:54:00;179;3 - Acidente com Danos Materiais;321,3;BR-101/RJ;Norte;Colisão Traseira;1;;;;;1;;;;;2;;;;
08/10/2021;19:21:00;188;3 - Acidente com Danos Materiais;294,335;BR-101/RJ;Norte;Colisão Traseira;1;;;;;1;;;;;2;;;;
08/10/2021;22:02:00;215;3 - Acidente com Danos Materiais;321,929;BR-101/RJ;Norte;Tombamento;1;;;;;;;;;;3;;;;
09/10/2021;04:16:00;22;2 - Acidente com VITIMA;287,021;BR-101/RJ;Norte;Capotamento;2;;;;;;;;;;3;1;;;
09/10/2021;07:10:00;37;2 - Acidente com VITIMA;270,658;BR-101/RJ;Norte;Capotamento;1;;;;;;;;;;0;;1;;
09/10/2021;09:57:00;64;2 - Acidente com VITIMA;306,065;BR-101/RJ;Norte;Tombamento;;;;1;;;;;;;0;1;;;
09/10/2021;14:10:00;111;2 - Acidente com VITIMA;287,361;BR-101/RJ;Sul;Choque - Defensa, barreira ou "submarino";1;;;;;;;;;;0;1;;;
09/10/2021;15:51:00;131;3 - Acidente com Danos Materiais;298,5;BR-101/RJ;Norte;Colisão Traseira;1;;;;;1;;;;;2;;;;
09/10/2021;17:35:00;142;3 - Acidente com Danos Materiais;269,227;BR-101/RJ;Sul;Choque - Elemento de Drenagem;1;;;;;;;;;;1;;;;
09/10/2021;20:45:00;165;3 - Acidente com Danos Materiais;297,638;BR-101/RJ;Sul;Colisão Traseira;2;;;;;;;;;;7;;;;
09/10/2021;21:38:00;170;3 - Acidente com Danos Materiais;294,528;BR-101/RJ;Sul;Choque - Elemento de Drenagem;1;;;;;;;;;;1;;;;
09/10/2021;21:40:00;171;3 - Acidente com Danos Materiais;297,002;BR-101/RJ;Norte;Engavetamento;1;;;;;2;;;;;3;;;;
09/10/2021;21:43:00;172;3 - Acidente com Danos Materiais;282,273;BR-101/RJ;Norte;Choque - Defensa, barreira ou "submarino";1;;;;;;;;;;1;;;;
09/10/2021;22:46:00;180;3 - Acidente com Danos Materiais;66,45;BR-101/RJ;Norte;Choque - Elemento de Drenagem;1;;;;;;;;;;1;;;;
10/10/2021;00:08:00;2;3 - Acidente com Danos Materiais;60,01;BR-101/RJ;Sul;Colisão Traseira;1;;;;;1;;;;;2;;;;
10/10/2021;00:40:00;3;3 - Acidente com Danos Materiais;289,265;BR-101/RJ;Norte;Atropelamento de Animal;1;;;;;;;;;;1;;;;
10/10/2021;03:29:00;11;2 - Acidente com VITIMA;117,71;BR-101/RJ;Sul;Choque - Poste;1;;;;;;;;;;0;1;;;
10/10/2021;06:20:00;13;2 - Acidente com VITIMA;306,085;BR-101/RJ;Norte;Choque - Arvore;1;;;;;;;;;;2;2;;;
10/10/2021;08:19:00;24;3 - Acidente com Danos Materiais;282,731;BR-101/RJ;Norte;Choque - Defensa, barreira ou "submarino";1;;;;;;;;;;4;;;;
10/10/2021;09:38:00;36;3 - Acidente com Danos Materiais;209,761;BR-101/RJ;Norte;Saida de Pista;1;;;;;;;;;;1;;;;
10/10/2021;10:44:00;43;2 - Acidente com VITIMA;146,513;BR-101/RJ;Sul;Tombamento;;;;1;;;;;;;0;;1;1;
10/10/2021;13:42:00;67;2 - Acidente com VITIMA;196,224;BR-101/RJ;Sul;Choque - Defensa, barreira ou "submarino";1;;;;;;;;;;4;;1;;
10/10/2021;14:09:00;71;3 - Acidente com Danos Materiais;99,6;BR-101/RJ;Norte;Choque - Defensa, barreira ou "submarino";1;;;;;;;;;;1;;;;
10/10/2021;14:28:00;76;3 - Acidente com Danos Materiais;229,796;BR-101/RJ;Sul;Choque - Defensa, barreira ou "submarino";1;;;;;;;;;;1;;;;
10/10/2021;15:20:00;90;3 - Acidente com Danos Materiais;92,183;BR-101/RJ;Norte;Choque - Defensa, barreira ou "submarino";1;;;;;;;;;;1;;;;
10/10/2021;17:36:00;112;3 - Acidente com Danos Materiais;209,96;BR-101/RJ;Sul;Choque - Defensa, barreira ou "submarino";1;;;;;;;;;;1;;;;
10/10/2021;18:09:00;117;2 - Acidente com VITIMA;313,42;BR-101/RJ;Sul;Colisão Traseira;2;;;;;;;;;;2;;1;;
10/10/2021;18:33:00;124;2 - Acidente com VITIMA;264,922;BR-101/RJ;Sul;Choque - Elemento de Drenagem;1;;;;;;;;;;1;3;;;
10/10/2021;20:20:00;133;3 - Acidente com Danos Materiais;289,891;BR-101/RJ;Norte;Choque - Defensa, barreira ou "submarino";;;;;;;;;;1;1;;;;
10/10/2021;20:51:00;135;2 - Acidente com VITIMA;301,166;BR-101/RJ;Norte;Outros;;;;;;;;;;;0;;;1;
10/10/2021;22:32:00;141;3 - Acidente com Danos Materiais;199,403;BR-101/RJ;Norte;Choque - Defensa, barreira ou "submarino";;;1;;;;;;;;1;;;;
10/10/2021;23:23:00;145;3 - Acidente com Danos Materiais;73,778;BR-101/RJ;Norte;Colisão Lateral;1;;1;;;;;;;;2;;;;
10/10/2021;23:58:00;147;2 - Acidente com VITIMA;275,397;BR-101/RJ;Norte;Capotamento;1;;;;;1;;;;;2;1;;;
11/10/2021;03:50:00;5;2 - Acidente com VITIMA;313,099;BR-101/RJ;Sul;Colisão Lateral;1;;1;;;;;;;;1;1;;;
11/10/2021;08:55:00;44;3 - Acidente com Danos Materiais;293,462;BR-101/RJ;Sul;Choque - Defensa, barreira ou "submarino";1;;;;;;;;;;1;;;;
11/10/2021;09:59:00;56;2 - Acidente com VITIMA;92,818;BR-101/RJ;Norte;Choque - Defensa, barreira ou "submarino";1;;;;;;;;;;2;1;;;
11/10/2021;12:31:00;82;3 - Acidente com Danos Materiais;14,213;BR-101/RJ;Sul;Choque - Arvore;;;1;;;;;;;;1;;;;
11/10/2021;14:04:00;91;3 - Acidente com Danos Materiais;252,142;BR-101/RJ;Sul;Capotamento;1;;;;;;;;;;1;;;;
11/10/2021;14:36:00;98;3 - Acidente com Danos Materiais;92,895;BR-101/RJ;Sul;Choque - Defensa, barreira ou "submarino";1;;;;;;;;;;1;;;;
11/10/2021;16:13:00;113;3 - Acidente com Danos Materiais;268,711;BR-101/RJ;Sul;Choque - Elemento de Drenagem;;;1;;;;;;;;3;;;;
11/10/2021;16:57:00;121;3 - Acidente com Danos Materiais;198,263;BR-101/RJ;Norte;Choque - Defensa, barreira ou "submarino";1;;;;;;;;;;2;;;;
11/10/2021;17:23:00;126;2 - Acidente com VITIMA;195,3;BR-101/RJ;Sul;Choque - Defensa, barreira ou "submarino";1;;;;;;;;;;0;1;;;
11/10/2021;20:12:00;153;3 - Acidente com Danos Materiais;295,467;BR-101/RJ;Norte;Choque - Defensa, barreira ou "submarino";1;;;;;;;;;;3;;;;
11/10/2021;21:34:00;168;3 - Acidente com Danos Materiais;92,8;BR-101/RJ;Norte;Choque - Defensa, barreira ou "submarino";1;;;;;;;;;;3;;;;
12/10/2021;06:30:00;14;2 - Acidente com VITIMA;261,794;BR-101/RJ;Sul;Choque - Defensa, barreira ou "submarino";1;;;;;;;;;;0;2;;;
12/10/2021;06:37:00;15;3 - Acidente com Danos Materiais;308,85;BR-101/RJ;Norte;Atropelamento de Animal;1;;;;;;;;;;5;;;;
12/10/2021;06:39:00;16;3 - Acidente com Danos Materiais;209,796;BR-101/RJ;Norte;Capotamento;1;;;;;;;;;;1;;;;
12/10/2021;07:06:00;18;3 - Acidente com Danos Materiais;282,99;BR-101/RJ;Sul;Choque - Defensa, barreira ou "submarino";2;;;;;;;;;;3;;;;
12/10/2021;07:47:00;21;3 - Acidente com Danos Materiais;196,271;BR-101/RJ;Sul;Choque - Defensa, barreira ou "submarino";1;;;;;;;;;;4;;;;
12/10/2021;09:42:00;37;3 - Acidente com Danos Materiais;316,476;BR-101/RJ;Sul;Colisão Traseira;2;;;;;;;;;;2;;;;
12/10/2021;11:26:00;53;2 - Acidente com VITIMA;144,184;BR-101/RJ;Sul;Choque - Defensa, barreira ou "submarino";;;;;;;;;;1;2;2;;;
12/10/2021;11:26:00;59;3 - Acidente com Danos Materiais;144,184;BR-101/RJ;Sul;Colisão Traseira;1;;1;;;;;;;;6;;;;
12/10/2021;13:47:00;79;2 - Acidente com VITIMA;99,593;BR-101/RJ;Norte;Choque - Defensa, barreira ou "submarino";1;;;;;;;;;;0;2;;;
12/10/2021;15:44:00;102;3 - Acidente com Danos Materiais;277,225;BR-101/RJ;Sul;Engavetamento;3;;;;;;;;;;8;;;;
12/10/2021;18:21:00;129;3 - Acidente com Danos Materiais;123,128;BR-101/RJ;Norte;Colisão Traseira;1;;1;;;;;;;;2;;;;
12/10/2021;18:47:00;137;3 - Acidente com Danos Materiais;265,5;BR-101/RJ;Sul;Saida de Pista;1;;;;;;;;;;1;;;;
12/10/2021;23:14:00;157;2 - Acidente com VITIMA;276,278;BR-101/RJ;Norte;Atropelamento - Morador;;;;;;1;;;;;1;;;1;
13/10/2021;05:07:00;14;2 - Acidente com VITIMA;317,943;BR-101/RJ;Sul;Colisão Traseira;2;;;;;;;;;;2;1;;;
13/10/2021;09:26:00;69;2 - Acidente com VITIMA;308,098;BR-101/RJ;Sul;Colisão Traseira;1;;;1;;;;;;;1;1;;;
13/10/2021;11:54:00;102;3 - Acidente com Danos Materiais;297,904;BR-101/RJ;Sul;Choque - Defensa, barreira ou "submarino";1;;;;;;;;;;5;;;;
13/10/2021;15:54:00;144;3 - Acidente com Danos Materiais;321,9;BR-101/RJ;Sul;Colisão Lateral;1;;;2;;;;;;;3;;;;
13/10/2021;18:01:00;172;3 - Acidente com Danos Materiais;103,35;BR-101/RJ;Sul;Choque - Talude;1;;;;;;;;;;1;;;;
13/10/2021;18:38:00;184;2 - Acidente com VITIMA;197,486;BR-101/RJ;Norte;Colisão Transversal;2;;;;;;;;;;1;1;;;
13/10/2021;19:54:00;198;3 - Acidente com Danos Materiais;76,255;BR-101/RJ;Norte;Atropelamento de Animal;;;1;;;;;;;;1;;;;
14/10/2021;01:39:00;4;2 - Acidente com VITIMA;235,809;BR-101/RJ;Sul;Choque - Defensa, barreira ou "submarino";1;;;;;;;;;;0;1;;;
14/10/2021;08:20:00;49;3 - Acidente com Danos Materiais;278,409;BR-101/RJ;Norte;Colisão Lateral;2;;;;;;;;;;2;;;;
14/10/2021;15:11:00;133;2 - Acidente com VITIMA;76,759;BR-101/RJ;Sul;Tombamento;;;;1;;;;;;;0;1;;;
14/10/2021;18:33:00;167;3 - Acidente com Danos Materiais;66,782;BR-101/RJ;Norte;Engavetamento;2;;;;;1;;;;;3;;;;
14/10/2021;20:32:00;189;3 - Acidente com Danos Materiais;290,475;BR-101/RJ;Sul;Choque - Defensa, barreira ou "submarino";1;;;;;;;;;;6;;;;
14/10/2021;22:52:00;206;2 - Acidente com VITIMA;317,963;BR-101/RJ;Sul;Choque - Defensa, barreira ou "submarino";1;;;;;;;;;;0;1;;;
15/10/2021;06:28:00;17;3 - Acidente com Danos Materiais;253,742;BR-101/RJ;Norte;Choque - Defensa, barreira ou "submarino";1;;;;;;;;;;1;;;;
15/10/2021;07:15:00;26;3 - Acidente com Danos Materiais;209,644;BR-101/RJ;Sul;Choque - Defensa, barreira ou "submarino";1;;;;;;;;;;1;;;;
15/10/2021;10:55:00;93;2 - Acidente com VITIMA;273,544;BR-101/RJ;Norte;Colisão Lateral;1;;;1;;;;;;;1;1;;;
15/10/2021;13:14:00;124;3 - Acidente com Danos Materiais;283,016;BR-101/RJ;Sul;Choque - Defensa, barreira ou "submarino";1;;;;;;;;;;2;;;;
15/10/2021;14:32:00;142;2 - Acidente com VITIMA;318,813;BR-101/RJ;Norte;Tombamento;;;;1;;;;;;;0;1;;;
15/10/2021;14:39:00;144;3 - Acidente com Danos Materiais;291,162;BR-101/RJ;Sul;Colisão Traseira;2;;;;;;;;;;5;;;;
15/10/2021;19:46:00;207;3 - Acidente com Danos Materiais;310,01;BR-101/RJ;Norte;Engavetamento;2;;;;1;;;;;;3;;;;
16/10/2021;02:20:00;10;3 - Acidente com Danos Materiais;32,97;BR-101/RJ;Sul;Choque - Elemento de Drenagem;1;;;;;;;;;;1;;;;
16/10/2021;14:49:00;113;3 - Acidente com Danos Materiais;190,524;BR-101/RJ;Sul;Choque - Defensa, barreira ou "submarino";;;1;;;;;;;;1;;;;
16/10/2021;21:55:00;168;3 - Acidente com Danos Materiais;288,846;BR-101/RJ;Sul;Colisão Lateral;1;;;;;1;;;;;8;;;;
16/10/2021;23:27:00;177;2 - Acidente com VITIMA;216,772;BR-101/RJ;Sul;Colisão Frontal;1;;;1;;;;;;;2;1;1;;
16/10/2021;23:43:00;179;1 - Acidente com Vitima Fatal;227,309;BR-101/RJ;Sul;Atropelamento - Outros;1;;;;;;;;;;2;;;;1
17/10/2021;00:54:00;4;3 - Acidente com Danos Materiais;297,31;BR-101/RJ;Sul;Tombamento;;;;1;;;;;;;2;;;;
17/10/2021;01:26:00;6;3 - Acidente com Danos Materiais;74,105;BR-101/RJ;Sul;Colisão Traseira;2;;;;;;;;;;2;;;;
17/10/2021;01:50:00;9;3 - Acidente com Danos Materiais;277,586;BR-101/RJ;Norte;Choque - Elemento de Drenagem;1;;;;;;;;;;2;;;;
17/10/2021;04:36:00;17;3 - Acidente com Danos Materiais;321,053;BR-101/RJ;Norte;Choque - Defensa, barreira ou "submarino";1;;;;;;;;;;5;;;;
17/10/2021;16:37:00;110;3 - Acidente com Danos Materiais;295,7;BR-101/RJ;Norte;Tombamento;1;;;;;;;;;;2;;;;
17/10/2021;17:55:00;121;3 - Acidente com Danos Materiais;305,001;BR-101/RJ;Sul;Colisão Traseira;2;;;;;;;;;;2;;;;
17/10/2021;20:38:00;141;3 - Acidente com Danos Materiais;83,606;BR-101/RJ;Norte;Choque - Defensa, barreira ou "submarino";1;;;;;;;;;;5;;;;
17/10/2021;21:37:00;147;3 - Acidente com Danos Materiais;293,18;BR-101/RJ;Sul;Engavetamento;2;;;;;;;;;1;12;;;;
17/10/2021;23:07:00;159;3 - Acidente com Danos Materiais;271,041;BR-101/RJ;Norte;Atropelamento de Animal;;;1;;;;;;;;2;;;;
17/10/2021;23:07:00;161;3 - Acidente com Danos Materiais;271,042;BR-101/RJ;Norte;Atropelamento de Animal;1;;;;;;;;;;1;;;;
18/10/2021;08:38:00;52;2 - Acidente com VITIMA;265,676;BR-101/RJ;Sul;Atropelamento - Ciclista;1;1;;;;;;;;;1;1;;;
18/10/2021;12:15:00;94;3 - Acidente com Danos Materiais;308,089;BR-101/RJ;Sul;Engavetamento;1;;;;;2;;;;;4;;;;
18/10/2021;13:53:00;105;3 - Acidente com Danos Materiais;299,598;BR-101/RJ;Sul;Colisão Traseira;1;;;;;1;;;;;3;;;;
18/10/2021;17:45:00;125;3 - Acidente com Danos Materiais;291,1;BR-101/RJ;Sul;Engavetamento;2;;;;;;;;;1;7;;;;
18/10/2021;18:54:00;139;3 - Acidente com Danos Materiais;289,339;BR-101/RJ;Sul;Saida de Pista;1;;;;;;;;;;5;;;;
18/10/2021;20:23:00;147;3 - Acidente com Danos Materiais;312,984;BR-101/RJ;Norte;Choque - Defensa, barreira ou "submarino";1;;;;;;;;;;1;;;;
18/10/2021;21:15:00;153;3 - Acidente com Danos Materiais;295,406;BR-101/RJ;Norte;Choque - Defensa, barreira ou "submarino";1;;;;;;;;;;1;;;;
18/10/2021;21:54:00;162;3 - Acidente com Danos Materiais;302,114;BR-101/RJ;Sul;Choque - Defensa, barreira ou "submarino";1;;;;;;;;;;1;;;;
19/10/2021;04:59:00;18;3 - Acidente com Danos Materiais;99,9;BR-101/RJ;Sul;Choque - Elemento de Drenagem;;;1;;;;;;;;1;;;;
19/10/2021;07:45:00;35;3 - Acidente com Danos Materiais;266,065;BR-101/RJ;Norte;Choque - Defensa, barreira ou "submarino";1;;;;;;;;;;1;;;;
19/10/2021;08:56:00;53;2 - Acidente com VITIMA;229,787;BR-101/RJ;Sul;Choque - Defensa, barreira ou "submarino";1;;;;;;;;;;0;2;;;
19/10/2021;13:17:00;92;3 - Acidente com Danos Materiais;282,743;BR-101/RJ;Norte;Colisão Lateral;1;;;;;1;;;;;2;;;;
19/10/2021;17:34:00;128;3 - Acidente com Danos Materiais;163,596;BR-101/RJ;Norte;Saida de Pista;1;;;;;;;;;;1;;;;
19/10/2021;18:08:00;133;2 - Acidente com VITIMA;316,512;BR-101/RJ;Norte;Engavetamento;2;;;;;;;;;1;3;1;;;
19/10/2021;18:14:00;137;3 - Acidente com Danos Materiais;314,727;BR-101/RJ;Norte;Choque - Defensa, barreira ou "submarino";1;;;;;;;;;;1;;;;
19/10/2021;18:43:00;141;2 - Acidente com VITIMA;295,339;BR-101/RJ;Sul;Colisão Traseira;;;1;1;;;;;;;1;1;;;
19/10/2021;19:22:00;146;3 - Acidente com Danos Materiais;70,619;BR-101/RJ;Norte;Colisão Traseira;;;2;;;;;;;;2;;;;
19/10/2021;22:27:00;170;3 - Acidente com Danos Materiais;304,105;BR-101/RJ;Norte;Saida de Pista;1;;;;;;;;;;1;;;;
20/10/2021;00:23:00;3;2 - Acidente com VITIMA;144,385;BR-101/RJ;Sul;Tombamento;;;;1;;;;;;;0;1;;;
20/10/2021;06:20:00;30;3 - Acidente com Danos Materiais;198,9;BR-101/RJ;Norte;Choque - Defensa, barreira ou "submarino";1;;;;;;;;;;1;;;;
20/10/2021;06:30:00;31;3 - Acidente com Danos Materiais;92,696;BR-101/RJ;Sul;Choque - Suporte de Sinalização;1;;;;;;;;;;2;;;;
20/10/2021;07:08:00;34;3 - Acidente com Danos Materiais;229,9;BR-101/RJ;Norte;Saida de Pista;1;;;;;;;;;;2;;;;
20/10/2021;17:23:00;129;3 - Acidente com Danos Materiais;247,427;BR-101/RJ;Norte;Choque - Elemento de Drenagem;1;;;;;;;;;;2;;;;
20/10/2021;22:03:00;181;3 - Acidente com Danos Materiais;6,5;BR-101/RJ;Norte;Choque - Outros;;;1;;;;;;;;1;;;;
21/10/2021;02:24:00;19;3 - Acidente com Danos Materiais;297,616;BR-101/RJ;Norte;Choque - Suporte de Sinalização;1;;;;;;;;;;1;;;;
21/10/2021;04:21:00;28;3 - Acidente com Danos Materiais;235,498;BR-101/RJ;Sul;Choque - Talude;;;1;;;;;;;;1;;;;
21/10/2021;09:41:00;93;3 - Acidente com Danos Materiais;312,32;BR-101/RJ;Sul;Colisão Traseira;2;;;;;;;;;;2;;;;
22/10/2021;02:35:00;13;3 - Acidente com Danos Materiais;103,6;BR-101/RJ;Norte;Colisão Traseira;;;2;;;;;;;;2;;;;
22/10/2021;07:00:00;36;3 - Acidente com Danos Materiais;209,792;BR-101/RJ;Norte;Tombamento;;;1;;;;;;;;1;;;;
22/10/2021;18:58:00;181;3 - Acidente com Danos Materiais;240,95;BR-101/RJ;Sul;Choque - Objeto sobre a pista;1;;;;;;;;;;1;;;;
22/10/2021;19:06:00;184;3 - Acidente com Danos Materiais;240,29;BR-101/RJ;Sul;Choque - Objeto sobre a pista;1;;;;;;;;;;2;;;;
22/10/2021;19:06:00;185;3 - Acidente com Danos Materiais;240,95;BR-101/RJ;Sul;Choque - Objeto sobre a pista;1;;;;;;;;;;2;;;;
22/10/2021;19:06:00;186;3 - Acidente com Danos Materiais;240,95;BR-101/RJ;Sul;Choque - Objeto sobre a pista;1;;;;;;;;;;3;;;;
22/10/2021;20:02:00;203;2 - Acidente com VITIMA;309,959;BR-101/RJ;Sul;Colisão Traseira;2;;;;;;;;;;2;;1;;
23/10/2021;01:04:00;7;3 - Acidente com Danos Materiais;144,8;BR-101/RJ;Norte;Choque - Defensa, barreira ou "submarino";;;1;;;;;;;;2;;;;
23/10/2021;05:15:00;20;3 - Acidente com Danos Materiais;102,046;BR-101/RJ;Norte;Atropelamento de Animal;1;;;;;;;;;;1;;;;
23/10/2021;08:19:00;47;3 - Acidente com Danos Materiais;113,656;BR-101/RJ;Sul;Choque - Defensa, barreira ou "submarino";1;;;;;;;;;;5;;;;
23/10/2021;16:15:00;138;2 - Acidente com VITIMA;299,7;BR-101/RJ;Sul;Engavetamento;2;;1;;;;;;;;9;1;;;
23/10/2021;19:39:00;169;2 - Acidente com VITIMA;293,423;BR-101/RJ;Norte;Tombamento;;;;1;;;;;;;0;1;;;
23/10/2021;21:50:00;189;1 - Acidente com Vitima Fatal;205,047;BR-101/RJ;Sul;Atropelamento - Outros;;;1;;;;;;;;1;;;;1
24/10/2021;04:40:00;16;3 - Acidente com Danos Materiais;31,465;BR-101/RJ;Sul;Capotamento;1;;;;;;;;;;1;;;;
24/10/2021;06:50:00;26;2 - Acidente com VITIMA;295,725;BR-101/RJ;Sul;Choque - Defensa, barreira ou "submarino";1;;;;;;;;;;0;1;;;
24/10/2021;13:07:00;83;3 - Acidente com Danos Materiais;262,498;BR-101/RJ;Sul;Choque - Defensa, barreira ou "submarino";1;;;;;;;;;;5;;;;
24/10/2021;13:39:00;85;3 - Acidente com Danos Materiais;252,89;BR-101/RJ;Norte;Choque - Defensa, barreira ou "submarino";;;1;;;;;;;;1;;;;
24/10/2021;14:49:00;98;3 - Acidente com Danos Materiais;308,37;BR-101/RJ;Sul;Colisão Lateral;;;1;;1;;;;;;2;;;;
24/10/2021;17:19:00;119;2 - Acidente com VITIMA;309,001;BR-101/RJ;Norte;Tombamento;;;;1;;;;;;;0;1;;;
24/10/2021;17:59:00;127;3 - Acidente com Danos Materiais;268,335;BR-101/RJ;Sul;Colisão Traseira;1;;;;;1;;;;;6;;;;
24/10/2021;19:37:00;145;3 - Acidente com Danos Materiais;264,776;BR-101/RJ;Sul;Choque - Elemento de Drenagem;1;;;;;;;;;;3;;;;
24/10/2021;22:20:00;163;3 - Acidente com Danos Materiais;290,397;BR-101/RJ;Norte;Saida de Pista;1;;;;;;;;;;1;;;;
25/10/2021;06:32:00;24;3 - Acidente com Danos Materiais;317,77;BR-101/RJ;Sul;Colisão Traseira;2;;;;;;;;;;4;;;;
25/10/2021;06:39:00;25;3 - Acidente com Danos Materiais;316,587;BR-101/RJ;Sul;Colisão Traseira;1;;;;1;;;;;;2;;;;
25/10/2021;20:42:00;193;3 - Acidente com Danos Materiais;299,104;BR-101/RJ;Sul;Atropelamento de Animal;1;;;;;;;;;;1;;;;
25/10/2021;20:56:00;195;3 - Acidente com Danos Materiais;182,707;BR-101/RJ;Norte;Atropelamento de Animal;1;;;;;;;;;;1;;;;
25/10/2021;21:50:00;202;3 - Acidente com Danos Materiais;305,5;BR-101/RJ;Norte;Colisão Traseira;2;;;;;;;;;;3;;;;
26/10/2021;03:36:00;15;2 - Acidente com VITIMA;299,6;BR-101/RJ;Sul;Colisão Traseira;1;;1;;;;;;;;3;1;;;
26/10/2021;03:48:00;17;3 - Acidente com Danos Materiais;258,28;BR-101/RJ;Norte;Atropelamento de Animal;;;1;;;;;;;;1;;;;
26/10/2021;05:30:00;22;3 - Acidente com Danos Materiais;29,675;BR-101/RJ;Norte;Atropelamento de Animal;1;;;;;;;;;;1;;;;
26/10/2021;06:56:00;32;2 - Acidente com VITIMA;74,868;BR-101/RJ;Norte;Colisão Transversal;1;;;1;;;;;;;1;1;;;
26/10/2021;10:54:00;91;2 - Acidente com VITIMA;66,864;BR-101/RJ;Norte;Atropelamento - Ciclista;;1;;;;1;;;;;1;1;;;