data;horario;n_da_ocorrencia;tipo_de_ocorrencia;km;trecho;sentido;tipo_de_acidente;automovel;bicicleta;caminhao;moto;onibus;outros;tracao_animal;transporte_de_cargas_especiais;trator_maquinas;utilitarios;ilesos;levemente_feridos;moderadamente_feridos;gravemente_feridos;mortos
26/10/2021;11:26:00;96;2 - Acidente com VITIMA;273,127;BR-101/RJ;Norte;Choque - Outros;1;;;;;;;;;;0;1;;;
26/10/2021;18:13:00;176;2 - Acidente com VITIMA;279,001;BR-101/RJ;Norte;Choque - Outros;1;;;;;;;;;;0;2;1;;
26/10/2021;19:17:00;184;3 - Acidente com Danos Materiais;280,059;BR-101/RJ;Norte;Colisão Traseira;1;;;;;1;;;;;2;;;;
27/10/2021;02:41:00;11;3 - Acidente com Danos Materiais;319,755;BR-101/RJ;Sul;Choque - Defensa, barreira ou "submarino";1;;;;;;;;;;1;;;;
27/10/2021;08:21:00;53;3 - Acidente com Danos Materiais;61,251;BR-101/RJ;Sul;Colisão Traseira;;;2;;;;;;;;2;;;;
27/10/2021;15:32:00;149;3 - Acidente com Danos Materiais;293,224;BR-101/RJ;Sul;Colisão Lateral;;;2;;;;;;;;2;;;;
28/10/2021;13:18:00;114;3 - Acidente com Danos Materiais;156,991;BR-101/RJ;Sul;Choque - Suporte de Sinalização;;;;;;1;;;;1;8;;;;
28/10/2021;16:33:00;159;3 - Acidente com Danos Materiais;288,865;BR-101/RJ;Norte;Choque - Defensa, barreira ou "submarino";1;;;;;;;;;;5;;;;
28/10/2021;18:18:00;176;3 - Acidente com Danos Materiais;236,636;BR-101/RJ;Norte;Saida de Pista;1;;;;;;;;;;1;;;;
29/10/2021;03:19:00;14;3 - Acidente com Danos Materiais;293,406;BR-101/RJ;Norte;Choque - Defensa, barreira ou "submarino";1;;;;;;;;;;1;;;;
29/10/2021;05:50:00;25;2 - Acidente com VITIMA;236,95;BR-101/RJ;Norte;Colisão Traseira;1;;1;;;;;;;;1;1;;;
29/10/2021;09:59:00;88;3 - Acidente com Danos Materiais;92,78;BR-101/RJ;Sul;Colisão Traseira;2;;;;;;;;;;5;;;;
29/10/2021;10:03:00;90;3 - Acidente com Danos Materiais;297,719;BR-101/RJ;Sul;Colisão Lateral;1;;1;;;;;;;;2;;;;
29/10/2021;10:24:00;98;2 - Acidente com VITIMA;254,268;BR-101/RJ;Norte;Choque - Defensa, barreira ou "submarino";1;;1;;;;;;;;1;4;1;;
29/10/2021;11:50:00;116;3 - Acidente com Danos Materiais;261,439;BR-101/RJ;Sul;Choque - Defensa, barreira ou "submarino";;;1;;;;;;;;1;;;;
29/10/2021;12:46:00;127;3 - Acidente com Danos Materiais;262,123;BR-101/RJ;Sul;Choque - Defensa, barreira ou "submarino";1;;;;;;;;;;2;;;;
29/10/2021;14:21:00;146;2 - Acidente com VITIMA;60,826;BR-101/RJ;Norte;Colisão Lateral;1;;1;;;;;;;;1;1;;;
29/10/2021;15:02:00;153;3 - Acidente com Danos Materiais;286,365;BR-101/RJ;Norte;Atropelamento de Animal;1;;;;;;;;;;1;;;;
29/10/2021;16:46:00;176;2 - Acidente com VITIMA;52,895;BR-101/RJ;Sul;Colisão Traseira;;;1;1;;;;;;;1;1;1;;
29/10/2021;17:19:00;184;3 - Acidente com Danos Materiais;123,116;BR-101/RJ;Sul;Choque - Cancela de Pedagio;1;;;;;;;;;;1;;;;
29/10/2021;21:49:00;232;3 - Acidente com Danos Materiais;116,26;BR-101/RJ;Norte;Choque - Objeto sobre a pista;1;;;;;;;;;;3;;;;
30/10/2021;00:32:00;8;3 - Acidente com Danos Materiais;248,86;BR-101/RJ;Sul;Atropelamento de Animal;;;1;;;;;;;;2;;;;
30/10/2021;07:28:00;45;2 - Acidente com VITIMA;17,043;BR-101/RJ;Sul;Colisão Frontal;1;;1;;;;;;;;0;2;;2;
30/10/2021;08:52:00;68;2 - Acidente com VITIMA;59,37;BR-101/RJ;Sul;Colisão Traseira;;;2;;;;;;;;2;;1;;
30/10/2021;09:36:00;83;3 - Acidente com Danos Materiais;296,183;BR-101/RJ;Norte;Colisão Traseira;2;;;;;;;;;;7;;;;
30/10/2021;10:03:00;87;3 - Acidente com Danos Materiais;314,147;BR-101/RJ;Norte;Colisão Traseira;1;;;;;;;;;1;5;;;;
30/10/2021;11:54:00;101;3 - Acidente com Danos Materiais;308,9;BR-101/RJ;Norte;Choque - Defensa, barreira ou "submarino";1;;;;;;;;;;1;;;;
30/10/2021;15:23:00;135;3 - Acidente com Danos Materiais;115,19;BR-101/RJ;Sul;Choque - Defensa, barreira ou "submarino";1;;;;;;;;;;1;;;;
30/10/2021;15:35:00;139;3 - Acidente com Danos Materiais;80,101;BR-101/RJ;Norte;Engavetamento;3;;;;;;;;;;6;;;;
30/10/2021;18:37:00;172;3 - Acidente com Danos Materiais;294,322;BR-101/RJ;Norte;Engavetamento;4;;;;;;;;;;8;;;;
30/10/2021;23:13:00;199;3 - Acidente com Danos Materiais;256,82;BR-101/RJ;Sul;Choque - Veiculo parado na pista;2;;;;;;;;;;2;;;;
31/10/2021;01:32:00;7;3 - Acidente com Danos Materiais;129,997;BR-101/RJ;Norte;Choque - Suporte de Sinalização;;;;;1;;;;;;1;;;;
31/10/2021;15:20:00;89;3 - Acidente com Danos Materiais;136,614;BR-101/RJ;Norte;Colisão Traseira;1;;;;;1;;;;;2;;;;
31/10/2021;18:17:00;107;3 - Acidente com Danos Materiais;303,01;BR-101/RJ;Sul;Colisão Frontal;2;;;;;;;;;;2;;;;
31/10/2021;18:36:00;108;3 - Acidente com Danos Materiais;290,489;BR-101/RJ;Sul;Choque - Elemento de Drenagem;1;;;;;;;;;;1;;;;
31/10/2021;19:12:00;114;3 - Acidente com Danos Materiais;268,589;BR-101/RJ;Sul;Choque - Elemento de Drenagem;1;;;;;;;;;;1;;;;
31/10/2021;19:28:00;120;3 - Acidente com Danos Materiais;130,68;BR-101/RJ;Sul;Choque - Defensa, barreira ou "submarino";1;;;;;;;;;;1;;;;
31/10/2021;20:24:00;127;2 - Acidente com VITIMA;309,005;BR-101/RJ;Norte;Colisão Traseira;1;;;1;;;;;;;1;1;;;
31/10/2021;20:27:00;128;3 - Acidente com Danos Materiais;274,417;BR-101/RJ;Sul;Choque - Elemento de Drenagem;1;;;;;;;;;;1;;;;
03/11/2021;02:31:21;9;Sem vítima;106,510;BR-101/RJ;Crescente;Colisão traseira;1;0;0;0;1;0;0;0;0;0;2;0;0;0;0
03/11/2021;11:46:58;110;Com vítima;58,340;BR-101/RJ;Crescente;Colisão traseira;0;0;0;1;0;0;0;0;0;0;0;0;1;0;0
04/11/2021;17:30:53;190;Com vítima;321,900;BR-101/RJ;Crescente;Colisão lateral no mesmo sentido;1;0;0;1;0;0;0;0;0;0;1;1;0;0;0
06/11/2021;19:07:21;170;Com vítima;44,507;BR-101/RJ;Decrescente;Colisão transversal;0;0;1;1;0;0;0;0;0;0;1;0;0;1;0
07/11/2021;01:13:20;12;Com vítima;46,958;BR-101/RJ;Crescente;Atropelamento de ciclista;0;1;0;0;0;0;0;0;0;0;0;0;0;0;0
07/11/2021;04:33:25;22;Com vítima;313,192;BR-101/RJ;Crescente;Atropelamento de animal;2;0;0;0;0;0;0;0;0;0;5;1;0;0;0
08/11/2021;10:55:15;102;Com vítima;63,200;BR-101/RJ;Decrescente;Colisão traseira;0;1;0;0;0;0;0;0;0;0;0;0;0;0;0
09/11/2021;07:02:03;23;Sem vítima;285,683;BR-101/RJ;Decrescente;Colisão lateral no mesmo sentido;0;0;1;0;0;0;0;0;0;0;1;0;0;0;0
09/11/2021;12:39:49;104;Com vítima;318,796;BR-101/RJ;Crescente;Atropelamento de animal;0;0;0;0;0;0;0;0;0;0;0;0;0;0;0
10/11/2021;08:20:21;52;Com vítima;157,551;BR-101/RJ;Decrescente;Colisão frontal;1;0;1;0;0;0;0;0;0;0;1;0;0;0;1
10/11/2021;19:47:28;182;Sem vítima;297,803;BR-101/RJ;Decrescente;Colisão lateral no mesmo sentido;1;0;0;0;1;0;0;0;0;0;0;0;0;0;0
10/11/2021;22:18:58;206;Com vítima;285,397;BR-101/RJ;Decrescente;Atropelamento de animal;0;0;1;0;0;0;0;0;0;0;2;0;0;0;0
11/11/2021;17:22:06;157;Com vítima;59,560;BR-101/RJ;Decrescente;Colisão transversal;0;0;1;1;0;0;0;0;0;0;0;2;0;0;0
12/11/2021;06:34:50;20;Com vítima;49,050;BR-101/RJ;Crescente;Colisão traseira;0;1;0;0;0;0;0;0;0;0;0;0;0;0;0
12/11/2021;15:32:11;141;Com vítima;312,400;BR-101/RJ;Crescente;Atropelamento de pedestre;1;0;0;0;0;0;0;0;0;0;1;0;0;0;1
12/11/2021;21:11:41;190;Com vítima;262,355;BR-101/RJ;Decrescente;Colisão lateral no mesmo sentido;1;0;0;1;0;0;0;0;0;0;3;1;0;0;0
13/11/2021;01:54:23;11;Com vítima;255,500;BR-101/RJ;Decrescente;Atropelamento de animal;1;0;0;0;0;0;0;0;0;0;0;0;0;0;0
13/11/2021;13:30:13;123;Com vítima;262,300;BR-101/RJ;Crescente;Atropelamento de pedestre;0;0;0;0;0;0;0;0;0;0;0;0;0;1;0
14/11/2021;04:57:09;20;Com vítima;295,100;BR-101/RJ;Decrescente;Capotamento;1;0;0;0;0;0;0;0;0;0;0;3;0;0;0
14/11/2021;20:14:27;145;Com vítima;64,300;BR-101/RJ;Decrescente;Colisão transversal;0;0;0;1;0;0;0;0;0;0;0;0;1;0;0
15/11/2021;00:31:56;5;Com vítima;305,000;BR-101/RJ;Crescente;Atropelamento de animal;1;0;0;0;0;0;0;0;0;0;2;0;0;0;0
15/11/2021;14:35:25;84;Com vítima;277,320;BR-101/RJ;Decrescente;Colisão traseira;1;0;1;1;0;0;0;0;0;0;4;0;0;2;0
16/11/2021;10:25:42;112;Com vítima;292,200;BR-101/RJ;Decrescente;Colisão traseira;1;0;0;0;0;0;0;0;0;0;0;1;0;0;0
16/11/2021;17:41:00;201;Com vítima;270,759;BR-101/RJ;Crescente;Colisão lateral no mesmo sentido;2;0;0;0;0;0;0;0;0;0;2;0;1;0;0
17/11/2021;00:27:35;4;Com vítima;300,893;BR-101/RJ;Decrescente;Capotamento;1;0;0;0;0;0;0;0;0;0;0;1;0;0;0
17/11/2021;00:54:52;5;Com vítima;141,428;BR-101/RJ;Decrescente;Atropelamento de animal;1;0;0;0;0;0;0;0;0;0;1;0;0;0;0
17/11/2021;19:53:27;185;Com vítima;241,464;BR-101/RJ;Decrescente;Atropelamento de animal;1;0;0;0;0;0;0;0;0;0;0;0;0;0;0
20/11/2021;04:12:10;13;Sem vítima;296,801;BR-101/RJ;Crescente;Colisão transversal;1;0;1;0;1;0;0;0;0;0;4;0;0;0;0
20/11/2021;19:43:16;147;Com vítima;287,843;BR-101/RJ;Decrescente;Atropelamento de animal;3;0;0;0;0;0;0;0;0;0;1;8;0;0;0
24/11/2021;10:08:09;76;Com vítima;45,673;BR-101/RJ;Crescente;Colisão frontal;1;0;1;0;0;0;0;0;0;0;1;0;0;2;0
27/11/2021;19:33:24;165;Com vítima;174,171;BR-101/RJ;Crescente;Colisão traseira;2;0;1;0;0;0;0;0;0;0;1;1;1;0;1
28/11/2021;04:32:34;15;Com vítima;304,868;BR-101/RJ;Decrescente;Atropelamento de animal;0;0;0;0;0;0;0;0;0;1;1;0;0;0;0
28/11/2021;13:18:43;90;Com vítima;248,958;BR-101/RJ;Crescente;Choque;1;0;0;0;0;0;0;0;0;0;0;1;0;0;0
29/11/2021;15:16:15;164;Sem vítima;302,940;BR-101/RJ;Decrescente;Engavetamento;3;0;0;0;0;0;0;0;0;0;0;0;0;0;0
30/11/2021;14:43:39;135;Com vítima;57,683;BR-101/RJ;Decrescente;Acidentes de outra natureza;0;0;0;2;0;0;0;0;0;0;0;1;0;1;0
30/11/2021;15:08:46;142;Com vítima;164,436;BR-101/RJ;Decrescente;Choque;0;0;1;0;0;0;0;0;0;0;2;0;0;1;0
30/11/2021;19:08:29;175;Sem vítima;310,869;BR-101/RJ;Crescente;Colisão traseira;2;0;0;0;0;0;0;0;0;0;2;0;0;0;0
30/11/2021;19:34:53;177;Sem vítima;143,422;BR-101/RJ;Crescente;Choque;1;0;0;0;0;0;0;0;0;0;1;0;0;0;0
01/12/2021;06:03:31;31;Sem vítima;273,103;BR-101/RJ;Crescente;Choque;2;0;0;0;0;0;0;0;0;0;2;0;0;0;0
01/12/2021;07:21:50;48;Sem vítima;308,946;BR-101/RJ;Decrescente;Colisão traseira;1;0;0;0;0;0;0;0;0;1;0;0;0;0;0
02/12/2021;00:05:34;2;Com vítima;98,800;BR-101/RJ;Crescente;Capotamento;1;0;0;0;0;0;0;0;0;0;0;0;1;0;0
02/12/2021;16:26:01;184;Sem vítima;276,167;BR-101/RJ;Crescente;Choque;1;0;0;0;0;0;0;0;0;0;1;0;0;0;0
03/12/2021;06:49:25;27;Com vítima;314,841;BR-101/RJ;Decrescente;Atropelamento de pedestre;0;0;0;1;0;0;0;0;0;0;1;1;0;0;0
03/12/2021;07:35:09;38;Sem vítima;297,405;BR-101/RJ;Decrescente;Engavetamento;3;0;0;0;1;0;0;0;0;0;4;0;0;0;0
03/12/2021;11:38:12;101;Com vítima;234,290;BR-101/RJ;Decrescente;Capotamento;1;0;0;0;0;0;0;0;0;0;0;0;0;1;0
04/12/2021;04:11:45;20;Com vítima;310,046;BR-101/RJ;Decrescente;Atropelamento de pedestre;0;0;0;0;0;0;0;0;0;0;0;1;0;0;0
04/12/2021;04:53:48;23;Sem vítima;269,950;BR-101/RJ;Decrescente;Colisão lateral no mesmo sentido;1;0;1;0;0;0;0;0;0;0;2;0;0;0;0
04/12/2021;10:34:08;93;Sem vítima;297,807;BR-101/RJ;Crescente;Colisão lateral no mesmo sentido;1;0;0;0;0;0;0;0;0;0;0;0;0;0;0
06/12/2021;13:37:40;129;Sem vítima;215,726;BR-101/RJ;Crescente;Choque;1;0;0;0;0;0;0;0;0;0;1;0;0;0;0
06/12/2021;16:16:45;157;Sem vítima;212,412;BR-101/RJ;Decrescente;Choque;1;0;0;0;0;0;0;0;0;0;2;0;0;0;0
07/12/2021;06:50:59;28;Sem vítima;58,100;BR-101/RJ;Decrescente;Acidentes de outra natureza;0;0;0;1;0;0;0;0;0;0;0;0;0;0;0
07/12/2021;10:44:07;93;Sem vítima;262,263;BR-101/RJ;Decrescente;Choque;1;0;0;0;0;0;0;0;0;0;1;0;0;0;0
07/12/2021;14:36:32;139;Sem vítima;46,958;BR-101/RJ;Crescente;Choque;1;0;0;0;0;0;0;0;0;0;1;0;0;0;0
07/12/2021;19:38:43;194;Sem vítima;294,715;BR-101/RJ;Crescente;Colisão traseira;3;0;0;0;0;0;0;0;0;0;6;0;0;0;0
08/12/2021;16:17:16;148;Sem vítima;315,150;BR-101/RJ;Crescente;Engavetamento;2;0;1;0;0;0;0;0;0;0;3;0;0;0;0
09/12/2021;08:10:42;48;Sem vítima;318,930;BR-101/RJ;Decrescente;Colisão traseira;0;0;0;1;0;0;0;0;0;0;0;0;0;0;0
09/12/2021;19:43:03;191;Sem vítima;319,100;BR-101/RJ;Crescente;Engavetamento;2;0;0;0;0;0;0;0;0;1;0;0;0;0;0
10/12/2021;06:17:18;22;Sem vítima;302,258;BR-101/RJ;Crescente;Atropelamento de pedestre;1;0;0;0;0;1;0;0;0;0;4;0;0;0;0
10/12/2021;08:11:49;62;Sem vítima;273,533;BR-101/RJ;Crescente;Atropelamento de pedestre;0;1;0;0;0;1;0;0;0;0;0;0;0;0;0
10/12/2021;15:05:50;163;Sem vítima;195,470;BR-101/RJ;Crescente;Choque;1;0;0;0;0;0;0;0;0;0;1;0;0;0;0
10/12/2021;20:54:53;216;Sem vítima;306,526;BR-101/RJ;Crescente;Choque;0;0;1;0;0;0;0;0;0;0;1;0;0;0;0
11/12/2021;12:23:35;117;Sem vítima;291,164;BR-101/RJ;Decrescente;Colisão traseira;1;0;0;0;0;0;0;0;0;1;0;0;0;0;0
11/12/2021;15:03:06;150;Sem vítima;252,800;BR-101/RJ;Crescente;Choque;0;0;0;0;0;1;0;0;0;0;0;0;0;0;0
11/12/2021;17:20:57;179;Sem vítima;192,744;BR-101/RJ;Decrescente;Choque;0;0;0;0;0;1;0;0;0;0;0;0;0;0;0
12/12/2021;06:27:05;24;Sem vítima;301,576;BR-101/RJ;Crescente;Tombamento;0;0;0;0;0;1;0;0;0;0;0;0;0;0;0
14/12/2021;15:11:15;138;Sem vítima;193,988;BR-101/RJ;Decrescente;Tombamento;0;0;0;1;0;0;0;0;0;0;0;0;0;0;0
14/12/2021;20:37:02;185;Sem vítima;293,380;BR-101/RJ;Crescente;Choque;1;0;0;0;0;0;0;0;0;0;1;0;0;0;0
14/12/2021;20:41:06;186;Sem vítima;275,905;BR-101/RJ;Crescente;Colisão frontal;0;1;0;1;0;0;0;0;0;0;1;0;0;0;0
15/12/2021;14:04:24;123;Sem vítima;229,300;BR-101/RJ;Crescente;Choque;1;0;0;0;0;0;0;0;0;0;1;0;0;0;0
15/12/2021;14:55:31;131;Sem vítima;308,775;BR-101/RJ;Crescente;Colisão traseira;1;0;0;0;0;0;0;0;0;0;0;0;0;0;0
16/12/2021;18:26:35;217;Sem vítima;73,623;BR-101/RJ;Decrescente;Tombamento;0;0;0;1;0;0;0;0;0;0;0;0;0;0;0
17/12/2021;13:00:01;129;Sem vítima;297,439;BR-101/RJ;Decrescente;Engavetamento;1;0;0;0;0;0;0;0;0;0;0;0;0;0;0
17/12/2021;15:26:06;165;Sem vítima;200,200;BR-101/RJ;Decrescente;Choque;1;0;0;0;0;0;0;0;0;0;1;0;0;0;0
17/12/2021;16:18:42;172;Sem vítima;23,409;BR-101/RJ;Crescente;Choque;0;0;1;0;0;0;0;0;0;0;1;0;0;0;0
17/12/2021;17:10:51;186;Sem vítima;199,673;BR-101/RJ;Decrescente;Colisão traseira;2;0;0;0;0;0;0;0;0;0;2;0;0;0;0
18/12/2021;03:01:34;9;Sem vítima;297,937;BR-101/RJ;Decrescente;Choque;1;0;0;0;0;0;0;0;0;0;0;0;0;0;0
18/12/2021;11:53:22;116;Sem vítima;247,370;BR-101/RJ;Decrescente;Choque;1;0;0;0;0;0;0;0;0;0;1;0;0;0;0
18/12/2021;14:22:47;140;Sem vítima;229,700;BR-101/RJ;Decrescente;Choque;1;0;0;0;0;0;0;0;0;0;2;0;0;0;0
18/12/2021;15:56:03;159;Sem vítima;298,438;BR-101/RJ;Crescente;Choque;0;0;0;0;0;1;0;0;0;0;0;0;0;0;0
19/12/2021;20:05:34;171;Com vítima;88,191;BR-101/RJ;Decrescente;Colisão traseira;0;0;2;0;0;0;0;0;0;0;1;0;0;0;1
19/12/2021;20:26:31;180;Sem vítima;263,914;BR-101/RJ;Decrescente;Choque;2;0;0;0;0;0;0;0;0;0;4;0;0;0;0
19/12/2021;20:34:08;183;Sem vítima;59,481;BR-101/RJ;Crescente;Choque;1;0;0;0;0;0;0;0;0;0;0;0;0;0;0
19/12/2021;23:13:01;212;Com vítima;54,100;BR-101/RJ;Decrescente;Choque;1;0;0;1;0;0;0;0;0;0;4;0;0;0;1
21/12/2021;07:03:33;27;Sem vítima;118,325;BR-101/RJ;Decrescente;Choque;1;0;0;0;0;0;0;0;0;0;1;0;0;0;0
22/12/2021;12:37:29;140;Sem vítima;299,307;BR-101/RJ;Crescente;Choque;0;0;1;0;0;0;0;0;0;0;0;0;0;0;0
22/12/2021;15:00:02;170;Sem vítima;295,770;BR-101/RJ;Crescente;Colisão traseira;2;0;0;0;0;0;0;0;0;0;2;0;0;0;0
23/12/2021;06:19:18;43;Sem vítima;229,400;BR-101/RJ;Crescente;Choque;1;0;0;0;0;0;0;0;0;0;2;0;0;0;0
23/12/2021;10:05:14;86;Sem vítima;63,332;BR-101/RJ;Decrescente;Engavetamento;1;0;1;0;0;1;0;0;0;0;2;0;0;0;0
23/12/2021;16:16:47;190;Sem vítima;66,500;BR-101/RJ;Crescente;Colisão transversal;0;1;0;1;0;0;0;0;0;0;0;0;0;0;0
24/12/2021;02:45:30;18;Com vítima;263,548;BR-101/RJ;Decrescente;Colisão traseira;1;0;0;0;0;1;0;0;0;0;0;0;0;0;1
24/12/2021;09:11:21;57;Sem vítima;288,860;BR-101/RJ;Crescente;Choque;1;0;0;0;0;0;0;0;0;0;0;0;0;0;0
24/12/2021;15:05:32;123;Sem vítima;192,830;BR-101/RJ;Decrescente;Colisão traseira;2;0;0;0;0;0;0;0;0;0;0;0;0;0;0
24/12/2021;17:47:33;156;Sem vítima;297,922;BR-101/RJ;Crescente;Choque;1;0;0;0;0;0;0;0;0;0;1;0;0;0;0
24/12/2021;18:13:58;163;Sem vítima;304,840;BR-101/RJ;Crescente;Tombamento;1;0;0;0;0;0;0;0;0;0;1;0;0;0;0
26/12/2021;18:01:33;127;Sem vítima;301,881;BR-101/RJ;Crescente;Colisão traseira;1;0;0;0;0;0;0;0;0;0;0;0;0;0;0
26/12/2021;20:51:24;154;Sem vítima;295,241;BR-101/RJ;Decrescente;Capotamento;2;0;0;0;0;0;0;0;0;0;5;0;0;0;0
26/12/2021;22:39:04;166;Com vítima;263,543;BR-101/RJ;Crescente;Atropelamento de pedestre;1;0;0;0;0;1;0;0;0;0;2;0;0;0;1
27/12/2021;05:48:48;18;Sem vítima;303,200;BR-101/RJ;Decrescente;Choque;1;0;0;0;0;0;0;0;0;0;1;0;0;0;0
27/12/2021;07:14:13;32;Sem vítima;293,234;BR-101/RJ;Decrescente;Colisão traseira;0;0;0;0;0;1;0;0;0;0;1;0;0;0;0
27/12/2021;14:14:16;145;Sem vítima;89,910;BR-101/RJ;Crescente;Choque;2;0;0;0;0;0;0;0;0;0;2;0;0;0;0
27/12/2021;15:21:57;159;Com vítima;164,776;BR-101/RJ;Decrescente;Colisão frontal;3;0;0;0;0;0;0;0;0;0;2;0;0;0;1
28/12/2021;06:16:14;18;Sem vítima;295,935;BR-101/RJ;Crescente;Colisão traseira;2;0;0;0;0;0;0;0;0;0;2;0;0;0;0
28/12/2021;13:43:46;117;Com vítima;48,108;BR-101/RJ;Crescente;Colisão traseira;1;0;0;0;0;0;0;0;0;1;0;5;0;0;1
28/12/2021;15:39:57;143;Sem vítima;61,792;BR-101/RJ;Crescente;Choque;0;0;1;0;0;0;0;0;0;0;0;0;0;0;0
28/12/2021;15:50:57;148;Sem vítima;98,038;BR-101/RJ;Decrescente;Choque;1;0;0;0;0;0;0;0;0;0;2;0;0;0;0
28/12/2021;22:29:12;218;Sem vítima;317,867;BR-101/RJ;Crescente;Choque;0;0;1;0;0;0;0;0;0;0;2;0;0;0;0
28/12/2021;23:50:01;227;Sem vítima;86,958;BR-101/RJ;Crescente;Choque;1;0;0;0;0;0;0;0;0;0;1;0;0;0;0
29/12/2021;02:10:41;7;Sem vítima;319,759;BR-101/RJ;Decrescente;Choque;1;0;0;0;0;0;0;0;0;0;1;0;0;0;0
29/12/2021;02:27:38;8;Sem vítima;87,206;BR-101/RJ;Crescente;Choque;1;0;0;0;0;0;0;0;0;0;4;0;0;0;0
29/12/2021;11:22:45;106;Com vítima;70,089;BR-101/RJ;Decrescente;Colisão lateral no mesmo sentido;2;0;1;0;0;0;0;0;0;1;8;2;0;2;0
29/12/2021;11:43:29;113;Sem vítima;298,127;BR-101/RJ;Crescente;Colisão traseira;2;0;0;0;0;0;0;0;0;0;2;0;0;0;0
29/12/2021;14:18:41;148;Sem vítima;141,658;BR-101/RJ;Decrescente;Choque;1;0;0;0;0;0;0;0;0;0;3;0;0;0;0
29/12/2021;15:43:23;166;Com vítima;213,560;BR-101/RJ;Decrescente;Choque;1;0;0;0;0;0;0;0;0;0;0;2;0;0;0
29/12/2021;17:56:14;189;Sem vítima;318,334;BR-101/RJ;Crescente;Colisão traseira;1;0;1;0;0;0;0;0;0;0;4;0;0;0;0
29/12/2021;18:01:16;192;Sem vítima;88,154;BR-101/RJ;Decrescente;Choque;1;0;0;0;0;0;0;0;0;0;4;0;0;0;0
29/12/2021;18:07:53;198;Sem vítima;83,553;BR-101/RJ;Decrescente;Choque;1;0;0;0;0;0;0;0;0;0;2;0;0;0;0
29/12/2021;19:51:13;217;Sem vítima;304,105;BR-101/RJ;Crescente;Colisão traseira;1;0;0;0;1;0;0;0;0;0;6;0;0;0;0
29/12/2021;20:40:22;224;Sem vítima;279,492;BR-101/RJ;Crescente;Colisão lateral no mesmo sentido;1;0;1;0;0;0;0;0;0;0;10;0;0;0;0
30/12/2021;02:45:59;10;Sem vítima;299,700;BR-101/RJ;Crescente;Choque;1;0;0;0;0;0;0;0;0;0;8;0;0;0;0
30/12/2021;03:31:24;14;Com vítima;272,762;BR-101/RJ;Crescente;Atropelamento de animal;2;0;0;0;0;0;0;0;0;0;6;0;0;0;0
30/12/2021;03:50:28;17;Com vítima;272,400;BR-101/RJ;Crescente;Atropelamento de animal;0;0;1;0;0;0;0;0;0;0;2;0;0;0;0
30/12/2021;08:48:23;75;Com vítima;302,046;BR-101/RJ;Crescente;Colisão lateral no mesmo sentido;1;0;0;1;0;0;0;0;0;0;8;2;0;0;0
30/12/2021;15:31:34;154;Sem vítima;158,166;BR-101/RJ;Crescente;Saída de pista;1;0;0;0;0;0;0;0;0;0;4;0;0;0;0
30/12/2021;16:22:23;169;Sem vítima;300,890;BR-101/RJ;Crescente;Colisão traseira;2;0;0;0;0;0;0;0;0;0;2;0;0;0;0
30/12/2021;21:51:08;222;Com vítima;297,850;BR-101/RJ;Crescente;Tombamento;0;0;0;1;0;0;0;0;0;0;0;2;0;0;0
31/12/2021;01:09:48;14;Sem vítima;296,157;BR-101/RJ;Crescente;Colisão traseira;1;0;0;0;0;0;0;0;0;0;1;0;0;0;0
31/12/2021;01:38:15;18;Sem vítima;269,698;BR-101/RJ;Crescente;Engavetamento;2;0;0;0;0;0;0;0;0;0;3;0;0;0;0
31/12/2021;03:44:52;31;Sem vítima;219,635;BR-101/RJ;Crescente;Choque;1;0;0;0;0;0;0;0;0;0;1;0;0;0;0
31/12/2021;11:24:07;102;Sem vítima;49,730;BR-101/RJ;Crescente;Colisão traseira;1;0;0;0;0;0;0;0;0;1;2;0;0;0;0
31/12/2021;13:04:50;118;Sem vítima;311,380;BR-101/RJ;Crescente;Engavetamento;6;0;0;0;0;0;0;0;0;0;12;0;0;0;0
31/12/2021;16:29:33;160;Com vítima;304,941;BR-101/RJ;Crescente;Colisão traseira;1;0;0;0;0;0;0;0;0;0;1;0;1;0;0
31/12/2021;17:24:08;180;Com vítima;138,996;BR-101/RJ;Decrescente;Atropelamento de animal;1;0;0;0;0;0;0;0;0;0;1;0;0;0;0
31/12/2021;18:41:51;197;Com vítima;74,287;BR-101/RJ;Decrescente;Colisão transversal;1;1;0;0;0;0;0;0;0;0;1;0;0;0;0
01/01/2022;00:19:46;1;Sem vítima;295,700;BR-101/RJ;Decrescente;Choque;1;0;0;0;0;0;0;0;0;0;1;0;0;0;0
01/01/2022;06:48:55;35;Sem vítima;198,800;BR-101/RJ;Decrescente;Choque;1;0;0;0;0;0;0;0;0;0;1;0;0;0;0
01/01/2022;07:52:06;43;Sem vítima;266,089;BR-101/RJ;Crescente;Choque;1;0;0;0;0;0;0;0;0;0;1;0;0;0;0
01/01/2022;15:10:31;94;Sem vítima;308,780;BR-101/RJ;Decrescente;Colisão lateral no mesmo sentido;1;0;0;0;0;0;0;0;0;0;2;0;0;0;0
01/01/2022;21:00:38;153;Com vítima;103,956;BR-101/RJ;Crescente;Atropelamento de pedestre;1;0;0;0;0;0;0;0;0;0;1;0;0;0;1
01/01/2022;22:53:29;159;Sem vítima;270,814;BR-101/RJ;Decrescente;Saída de pista;1;0;0;0;0;0;0;0;0;0;4;0;0;0;0