data;horario;n_da_ocorrencia;tipo_de_ocorrencia;km;trecho;sentido;tipo_de_acidente;automovel;bicicleta;caminhao;moto;onibus;outros;tracao_animal;transporte_de_cargas_especiais;trator_maquinas;utilitarios;ilesos;levemente_feridos;moderadamente_feridos;gravemente_feridos;mortos
02/01/2022;01:21:31;7;Sem vítima;72,971;BR-101/RJ;Crescente;Atropelamento de animal;1;0;0;0;0;0;0;0;0;0;2;0;0;0;0
02/01/2022;07:57:01;22;Com vítima;261,443;BR-101/RJ;Decrescente;Choque;1;0;0;0;0;0;0;0;0;0;3;2;0;0;0
02/01/2022;08:42:45;30;Sem vítima;266,055;BR-101/RJ;Decrescente;Choque;1;0;0;0;0;0;0;0;0;0;1;0;0;0;0
02/01/2022;09:41:38;38;Com vítima;296,386;BR-101/RJ;Crescente;Choque;1;0;0;0;0;0;0;0;0;0;2;2;0;0;0
02/01/2022;11:19:34;56;Sem vítima;27,775;BR-101/RJ;Crescente;Colisão traseira;1;0;0;0;0;0;0;0;0;0;1;0;0;0;0
02/01/2022;15:42:18;97;Com vítima;267,002;BR-101/RJ;Decrescente;Atropelamento de pedestre;0;0;0;1;0;0;0;0;0;0;0;2;0;0;0
02/01/2022;23:11:47;193;Com vítima;115,737;BR-101/RJ;Crescente;Choque;1;0;0;0;0;0;0;0;0;0;0;3;0;0;0
02/01/2022;23:21:24;194;Sem vítima;93,900;BR-101/RJ;Decrescente;Colisão traseira;0;0;1;0;0;0;0;0;0;0;1;0;0;0;0
03/01/2022;06:40:30;48;Com vítima;292,884;BR-101/RJ;Decrescente;Colisão traseira;1;0;0;0;0;0;0;0;0;0;1;1;0;0;0
03/01/2022;06:54:06;53;Sem vítima;305,880;BR-101/RJ;Decrescente;Colisão traseira;2;0;0;0;0;0;0;0;0;0;2;0;0;0;0
03/01/2022;08:22:01;78;Sem vítima;193,830;BR-101/RJ;Decrescente;Colisão traseira;2;0;0;0;0;0;0;0;0;0;4;0;0;0;0
03/01/2022;08:42:42;88;Sem vítima;46,844;BR-101/RJ;Decrescente;Colisão transversal;2;0;0;0;0;0;0;0;0;0;5;0;0;0;0
03/01/2022;09:22:49;101;Com vítima;314,821;BR-101/RJ;Decrescente;Tombamento;0;0;0;1;0;0;0;0;0;0;0;2;0;0;0
03/01/2022;10:14:47;119;Com vítima;285,703;BR-101/RJ;Crescente;Colisão traseira;2;0;0;0;0;0;0;0;0;0;6;2;0;0;0
03/01/2022;12:18:51;152;Sem vítima;292,884;BR-101/RJ;Decrescente;Engavetamento;4;0;0;0;0;0;0;0;0;0;12;0;0;0;0
03/01/2022;13:40:00;170;Sem vítima;296,999;BR-101/RJ;Decrescente;Colisão traseira;1;0;0;0;0;0;0;0;0;0;0;0;0;0;0
03/01/2022;15:16:49;193;Sem vítima;297,942;BR-101/RJ;Decrescente;Choque;1;0;0;0;0;0;0;0;0;0;0;0;0;0;0
03/01/2022;15:50:13;206;Sem vítima;11,032;BR-101/RJ;Crescente;Saída de pista;1;0;0;0;0;0;0;0;0;0;0;0;0;0;0
03/01/2022;16:18:10;218;Com vítima;269,474;BR-101/RJ;Decrescente;Colisão traseira;2;0;0;0;0;0;0;0;0;0;5;3;0;0;0
03/01/2022;16:57:21;230;Sem vítima;69,114;BR-101/RJ;Decrescente;Atropelamento de animal;1;0;0;0;0;0;0;0;0;0;0;0;0;0;0
03/01/2022;21:45:58;273;Com vítima;236,920;BR-101/RJ;Crescente;Colisão traseira;1;0;0;0;0;0;0;0;0;1;9;1;0;0;0
03/01/2022;23:37:32;291;Sem vítima;270,264;BR-101/RJ;Decrescente;Colisão lateral no mesmo sentido;0;0;0;0;0;0;0;0;0;1;1;0;0;0;0
04/01/2022;00:04:33;2;Sem vítima;304,140;BR-101/RJ;Decrescente;Choque;0;0;1;0;0;0;0;0;0;0;1;0;0;0;0
04/01/2022;06:08:14;23;Com vítima;291,659;BR-101/RJ;Decrescente;Colisão transversal;2;0;0;0;0;0;0;0;0;0;1;1;0;0;0
04/01/2022;11:03:20;113;Sem vítima;252,800;BR-101/RJ;Crescente;Colisão traseira;1;0;0;0;0;0;0;0;0;1;0;0;0;0;0
04/01/2022;11:30:22;123;Sem vítima;314,010;BR-101/RJ;Crescente;Colisão traseira;1;0;0;0;0;0;0;0;0;1;2;0;0;0;0
04/01/2022;15:19:33;181;Com vítima;317,416;BR-101/RJ;Crescente;Tombamento;0;0;0;1;0;0;0;0;0;0;0;1;0;0;0
05/01/2022;08:32:05;45;Sem vítima;272,817;BR-101/RJ;Decrescente;Choque;1;0;0;0;0;0;0;0;0;0;1;0;0;0;0
05/01/2022;09:03:47;61;Com vítima;309,809;BR-101/RJ;Crescente;Atropelamento de animal;1;0;0;0;0;0;0;0;0;0;0;1;0;0;0
05/01/2022;10:38:15;83;Sem vítima;278,492;BR-101/RJ;Crescente;Choque;1;0;0;0;0;0;0;0;0;0;0;0;0;0;0
05/01/2022;12:10:32;107;Sem vítima;297,765;BR-101/RJ;Crescente;Colisão lateral no mesmo sentido;1;0;1;0;0;0;0;0;0;0;0;0;0;0;0
05/01/2022;15:06:35;141;Sem vítima;297,001;BR-101/RJ;Decrescente;Colisão traseira;1;0;0;0;0;0;0;0;0;0;0;0;0;0;0
05/01/2022;16:20:28;152;Sem vítima;317,002;BR-101/RJ;Crescente;Colisão traseira;2;0;0;0;0;0;0;0;0;0;5;0;0;0;0
05/01/2022;16:51:42;157;Sem vítima;316,500;BR-101/RJ;Crescente;Colisão lateral no mesmo sentido;1;0;1;0;0;0;0;0;0;0;0;0;0;0;0
06/01/2022;08:22:26;52;Com vítima;108,011;BR-101/RJ;Decrescente;Choque;1;0;0;0;0;0;0;0;0;0;0;1;0;0;0
06/01/2022;11:15:35;96;Sem vítima;194,043;BR-101/RJ;Decrescente;Tombamento;0;0;0;1;0;0;0;0;0;0;1;0;0;0;0
06/01/2022;12:12:40;107;Com vítima;22,443;BR-101/RJ;Decrescente;Tombamento;0;0;1;0;0;0;0;0;0;0;0;0;1;0;0
07/01/2022;13:53:18;119;Sem vítima;203,379;BR-101/RJ;Crescente;Colisão traseira;2;0;0;0;0;0;0;0;0;0;4;0;0;0;0
07/01/2022;14:34:39;129;Com vítima;224,500;BR-101/RJ;Crescente;Choque;1;0;0;0;0;0;0;0;0;0;3;1;0;0;0
07/01/2022;14:55:18;131;Com vítima;61,640;BR-101/RJ;Crescente;Colisão traseira;1;0;1;0;0;0;0;0;0;0;0;3;0;0;0
07/01/2022;16:45:49;157;Com vítima;231,815;BR-101/RJ;Decrescente;Choque;0;0;1;0;0;0;0;0;0;0;0;2;1;0;0
07/01/2022;16:52:53;162;Sem vítima;103,402;BR-101/RJ;Crescente;Choque;1;0;0;0;0;0;0;0;0;0;3;0;0;0;0
07/01/2022;16:56:31;164;Sem vítima;302,953;BR-101/RJ;Decrescente;Colisão traseira;2;0;0;0;0;0;0;0;0;0;0;0;0;0;0
07/01/2022;17:38:40;175;Sem vítima;169,687;BR-101/RJ;Crescente;Colisão traseira;1;0;0;0;0;0;0;0;0;0;1;0;0;0;0
07/01/2022;18:36:41;182;Sem vítima;297,776;BR-101/RJ;Crescente;Colisão lateral no mesmo sentido;0;0;2;0;0;0;0;0;0;0;0;0;0;0;0
07/01/2022;19:21:51;194;Sem vítima;234,013;BR-101/RJ;Crescente;Choque;1;0;0;0;0;0;0;0;0;0;2;0;0;0;0
07/01/2022;20:49:46;202;Sem vítima;67,426;BR-101/RJ;Crescente;Engavetamento;3;0;0;0;0;0;0;0;0;0;3;0;0;0;0
08/01/2022;00:49:31;3;Sem vítima;76,720;BR-101/RJ;Decrescente;Colisão traseira;0;0;2;0;0;0;0;0;0;0;4;0;0;0;0
08/01/2022;01:07:28;4;Sem vítima;313,970;BR-101/RJ;Crescente;Saída de pista;1;0;0;0;0;0;0;0;0;0;1;0;0;0;0
08/01/2022;05:22:47;19;Sem vítima;59,562;BR-101/RJ;Decrescente;Colisão traseira;2;0;0;0;0;0;0;0;0;0;0;0;0;0;0
08/01/2022;05:27:05;20;Com vítima;294,996;BR-101/RJ;Decrescente;Colisão traseira;0;0;0;1;0;0;0;0;0;1;1;0;0;1;1
08/01/2022;05:34:36;21;Sem vítima;144,282;BR-101/RJ;Decrescente;Capotamento;1;0;0;0;0;0;0;0;0;0;3;0;0;0;0
08/01/2022;08:30:28;43;Com vítima;173,403;BR-101/RJ;Crescente;Colisão frontal;1;0;1;0;0;0;0;0;0;0;1;0;0;1;1
08/01/2022;14:23:48;106;Sem vítima;87,343;BR-101/RJ;Crescente;Choque;1;0;0;0;0;0;0;0;0;0;2;0;0;0;0
08/01/2022;15:06:22;114;Com vítima;227,776;BR-101/RJ;Decrescente;Choque;1;0;0;0;0;0;0;0;0;0;0;2;0;0;0
08/01/2022;20:43:20;173;Sem vítima;100,600;BR-101/RJ;Crescente;Choque;1;0;0;0;0;0;0;0;0;0;5;0;0;0;0
08/01/2022;22:43:34;185;Com vítima;276,242;BR-101/RJ;Decrescente;Colisão traseira;1;0;0;1;0;0;0;0;0;0;1;1;0;0;0
09/01/2022;06:55:10;21;Sem vítima;190,366;BR-101/RJ;Decrescente;Tombamento;0;0;0;1;0;0;0;0;0;0;1;0;0;0;0
09/01/2022;11:56:00;75;Sem vítima;99,407;BR-101/RJ;Crescente;Choque;1;0;0;0;0;0;0;0;0;0;1;0;0;0;0
09/01/2022;11:56:04;76;Sem vítima;99,407;BR-101/RJ;Crescente;Choque;1;0;0;0;0;0;0;0;0;0;1;0;0;0;0
09/01/2022;11:56:08;77;Sem vítima;99,407;BR-101/RJ;Crescente;Choque;1;0;0;0;0;0;0;0;0;0;3;0;0;0;0
09/01/2022;11:56:12;78;Sem vítima;99,407;BR-101/RJ;Crescente;Choque;0;0;0;0;0;0;0;0;0;1;0;0;0;0;0
09/01/2022;13:21:04;88;Sem vítima;282,150;BR-101/RJ;Decrescente;Choque;1;0;0;0;0;0;0;0;0;0;2;0;0;0;0
09/01/2022;14:24:12;99;Sem vítima;103,593;BR-101/RJ;Crescente;Choque;1;0;0;0;0;0;0;0;0;0;2;0;0;0;0
09/01/2022;16:32:19;129;Sem vítima;262,334;BR-101/RJ;Decrescente;Choque;1;0;0;0;0;0;0;0;0;0;1;0;0;0;0
09/01/2022;18:28:22;156;Com vítima;140,079;BR-101/RJ;Decrescente;Choque;1;0;0;0;0;0;0;0;0;0;0;2;0;0;0
09/01/2022;19:26:52;176;Com vítima;280,820;BR-101/RJ;Decrescente;Capotamento;1;0;0;0;0;0;0;0;0;0;0;0;1;0;0
10/01/2022;00:51:21;4;Com vítima;308,711;BR-101/RJ;Crescente;Choque;1;0;0;0;0;0;0;0;0;0;0;1;0;0;0
10/01/2022;02:00:46;8;Sem vítima;275,364;BR-101/RJ;Decrescente;Saída de pista;1;0;0;0;0;0;0;0;0;0;2;0;0;0;0
10/01/2022;08:08:42;40;Sem vítima;196,281;BR-101/RJ;Decrescente;Colisão lateral no mesmo sentido;1;0;1;0;0;0;0;0;0;0;2;0;0;0;0
10/01/2022;09:48:15;70;Com vítima;101,936;BR-101/RJ;Crescente;Colisão lateral no mesmo sentido;1;0;0;0;0;0;0;0;0;0;0;1;0;0;0
10/01/2022;16:58:23;158;Sem vítima;297,480;BR-101/RJ;Decrescente;Colisão traseira;1;0;0;0;0;0;0;0;0;0;1;0;0;0;0
10/01/2022;17:14:14;161;Com vítima;315,714;BR-101/RJ;Crescente;Tombamento;0;0;0;1;0;0;0;0;0;0;0;1;0;0;0
10/01/2022;18:28:14;171;Com vítima;106,645;BR-101/RJ;Decrescente;Choque;1;0;0;0;0;0;0;0;0;0;0;1;1;0;0
10/01/2022;18:48:59;174;Sem vítima;318,624;BR-101/RJ;Crescente;Colisão lateral no mesmo sentido;1;0;0;1;0;0;0;0;0;0;2;0;0;0;0
11/01/2022;07:57:03;67;Sem vítima;178,703;BR-101/RJ;Crescente;Colisão lateral no mesmo sentido;1;0;1;0;0;0;0;0;0;0;0;0;0;0;0
11/01/2022;09:57:12;106;Sem vítima;316,570;BR-101/RJ;Decrescente;Engavetamento;3;0;0;0;0;0;0;0;0;0;0;0;0;0;0
11/01/2022;11:01:46;120;Com vítima;262,116;BR-101/RJ;Decrescente;Colisão traseira;1;0;0;1;0;0;0;0;0;0;1;1;0;0;0
11/01/2022;14:47:34;166;Sem vítima;260,837;BR-101/RJ;Decrescente;Engavetamento;3;0;0;0;0;0;0;0;0;0;4;0;0;0;0
11/01/2022;21:52:08;250;Sem vítima;108,680;BR-101/RJ;Decrescente;Choque;0;0;1;0;0;0;0;0;0;0;1;0;0;0;0
12/01/2022;07:53:16;43;Com vítima;67,747;BR-101/RJ;Crescente;Colisão traseira;0;1;0;0;0;0;0;0;0;0;0;0;0;0;0
12/01/2022;08:14:28;47;Com vítima;58,379;BR-101/RJ;Decrescente;Colisão traseira;0;0;0;1;0;0;0;0;0;0;1;1;0;0;0
12/01/2022;10:46:26;91;Com vítima;287,110;BR-101/RJ;Decrescente;Colisão traseira;2;0;0;0;0;0;0;0;0;0;5;1;0;0;0
12/01/2022;12:36:57;129;Sem vítima;58,722;BR-101/RJ;Crescente;Colisão traseira;2;0;0;0;0;0;0;0;0;0;5;0;0;0;0
12/01/2022;20:52:19;194;Com vítima;278,874;BR-101/RJ;Decrescente;Atropelamento de animal;1;0;0;0;0;0;0;0;0;0;4;0;0;0;0
12/01/2022;23:38:54;212;Sem vítima;178,661;BR-101/RJ;Crescente;Colisão lateral no mesmo sentido;0;0;2;0;0;0;0;0;0;0;3;0;0;0;0
13/01/2022;01:24:57;7;Com vítima;315,684;BR-101/RJ;Crescente;Atropelamento de animal;0;0;0;1;0;0;0;0;0;0;0;1;0;0;0
13/01/2022;07:00:37;35;Com vítima;60,689;BR-101/RJ;Decrescente;Colisão traseira;0;0;1;0;0;0;0;0;0;1;1;1;0;0;0
13/01/2022;12:12:53;104;Com vítima;205,955;BR-101/RJ;Decrescente;Colisão traseira;2;0;0;0;0;0;0;0;0;0;3;1;0;0;0
13/01/2022;12:51:24;111;Com vítima;302,805;BR-101/RJ;Crescente;Colisão traseira;2;0;0;0;0;0;0;0;0;0;4;0;1;0;0
13/01/2022;15:35:09;152;Com vítima;67,412;BR-101/RJ;Crescente;Colisão lateral no mesmo sentido;1;0;0;1;0;0;0;0;0;0;1;2;0;0;0
14/01/2022;05:53:58;18;Com vítima;264,295;BR-101/RJ;Decrescente;Atropelamento de pedestre;0;0;0;0;0;0;0;0;0;0;0;1;0;0;0
14/01/2022;08:36:08;59;Com vítima;320,013;BR-101/RJ;Decrescente;Colisão traseira;1;0;0;1;0;0;0;0;0;0;1;1;0;0;0
14/01/2022;13:03:44;125;Sem vítima;272,320;BR-101/RJ;Crescente;Engavetamento;2;0;1;0;0;0;0;0;0;0;6;0;0;0;0
14/01/2022;13:11:56;127;Com vítima;54,105;BR-101/RJ;Decrescente;Tombamento;0;0;0;1;0;0;0;0;0;0;0;0;1;0;0
14/01/2022;13:45:26;135;Sem vítima;180,600;BR-101/RJ;Decrescente;Saída de pista;1;0;0;0;0;0;0;0;0;0;3;0;0;0;0
15/01/2022;03:13:39;15;Com vítima;73,900;BR-101/RJ;Crescente;Colisão frontal;0;0;0;1;0;0;0;0;0;0;0;0;0;1;0
15/01/2022;06:42:57;32;Sem vítima;63,001;BR-101/RJ;Crescente;Choque;0;0;0;0;0;0;0;0;0;1;1;0;0;0;0
15/01/2022;10:21:44;83;Sem vítima;192,830;BR-101/RJ;Crescente;Colisão traseira;1;0;0;0;0;0;0;0;0;0;0;0;0;0;0
15/01/2022;11:33:48;97;Sem vítima;299,700;BR-101/RJ;Decrescente;Colisão traseira;1;0;1;0;0;0;0;0;0;0;5;0;0;0;0
15/01/2022;22:46:36;185;Sem vítima;280,617;BR-101/RJ;Decrescente;Choque;1;0;0;0;0;0;0;0;0;0;1;0;0;0;0
16/01/2022;00:27:20;4;Sem vítima;260,730;BR-101/RJ;Decrescente;Choque;0;0;1;0;0;0;0;0;0;0;1;0;0;0;0
16/01/2022;01:36:24;11;Sem vítima;267,677;BR-101/RJ;Decrescente;Saída de pista;1;0;0;0;0;0;0;0;0;0;1;0;0;0;0
16/01/2022;16:52:45;105;Sem vítima;293,178;BR-101/RJ;Decrescente;Engavetamento;3;0;0;0;0;0;0;0;0;0;7;0;0;0;0
16/01/2022;22:33:19;166;Sem vítima;176,118;BR-101/RJ;Crescente;Colisão traseira;1;0;0;0;0;0;0;0;0;0;7;0;0;0;0
17/01/2022;01:45:28;11;Sem vítima;295,134;BR-101/RJ;Decrescente;Choque;1;0;0;0;0;0;0;0;0;0;2;0;0;0;0
17/01/2022;03:26:51;15;Com vítima;85,328;BR-101/RJ;Crescente;Atropelamento de animal;1;0;0;0;0;0;0;0;0;0;4;0;0;0;0
17/01/2022;09:49:34;81;Com vítima;66,010;BR-101/RJ;Crescente;Atropelamento de pedestre;1;0;0;0;0;0;0;0;0;0;1;1;0;0;0
17/01/2022;12:54:41;123;Sem vítima;295,081;BR-101/RJ;Crescente;Colisão traseira;1;0;1;0;0;0;0;0;0;0;4;0;0;0;0
17/01/2022;13:57:33;138;Com vítima;319,400;BR-101/RJ;Decrescente;Tombamento;0;0;0;1;0;0;0;0;0;0;0;2;0;0;0
17/01/2022;17:16:01;188;Sem vítima;314,300;BR-101/RJ;Crescente;Colisão traseira;1;0;0;0;0;0;0;0;0;1;0;0;0;0;0
17/01/2022;17:51:27;198;Com vítima;319,208;BR-101/RJ;Crescente;Engavetamento;4;0;0;1;0;0;0;0;0;0;9;2;1;0;0
17/01/2022;23:48:56;253;Sem vítima;96,261;BR-101/RJ;Crescente;Colisão traseira;0;0;2;0;0;0;0;0;0;0;2;0;0;0;0
18/01/2022;16:13:55;152;Com vítima;295,252;BR-101/RJ;Decrescente;Colisão traseira;0;0;1;1;0;0;0;0;0;0;0;2;0;0;0
18/01/2022;16:47:36;162;Sem vítima;152,100;BR-101/RJ;Decrescente;Colisão lateral no mesmo sentido;1;0;1;0;0;0;0;0;0;0;3;0;0;0;0
18/01/2022;17:30:49;170;Sem vítima;317,935;BR-101/RJ;Decrescente;Colisão traseira;1;0;0;0;0;0;0;0;0;0;0;0;0;0;0
19/01/2022;01:49:51;8;Com vítima;279,748;BR-101/RJ;Decrescente;Colisão traseira;1;0;0;1;0;0;0;0;0;0;1;1;0;0;0
19/01/2022;03:44:03;13;Com vítima;256,761;BR-101/RJ;Crescente;Atropelamento de animal;2;0;1;0;0;0;0;0;0;0;4;2;0;0;0
19/01/2022;10:12:31;96;Sem vítima;297,472;BR-101/RJ;Decrescente;Colisão lateral no mesmo sentido;0;0;1;0;0;0;0;0;0;0;1;0;0;0;0
19/01/2022;12:42:09;138;Sem vítima;67,140;BR-101/RJ;Crescente;Engavetamento;2;0;1;0;0;0;0;0;0;0;0;0;0;0;0
19/01/2022;19:35:22;209;Com vítima;42,765;BR-101/RJ;Decrescente;Colisão transversal;0;0;2;0;0;0;0;0;0;0;0;1;1;0;0
20/01/2022;11:47:45;106;Com vítima;50,695;BR-101/RJ;Decrescente;Colisão transversal;1;0;0;1;0;0;0;0;0;0;3;0;1;0;0
20/01/2022;14:46:04;142;Sem vítima;180,673;BR-101/RJ;Crescente;Acidentes de outra natureza;0;0;2;0;0;0;0;0;0;0;3;0;0;0;0
20/01/2022;20:49:00;200;Sem vítima;262,624;BR-101/RJ;Crescente;Choque;0;0;1;0;0;0;0;0;0;0;1;0;0;0;0
20/01/2022;22:26:21;207;Com vítima;88,251;BR-101/RJ;Crescente;Choque;0;0;1;0;0;0;0;0;0;0;0;1;0;0;0
20/01/2022;23:43:23;212;Com vítima;284,100;BR-101/RJ;Crescente;Atropelamento de animal;0;0;0;0;0;0;0;0;0;1;1;0;0;0;0
21/01/2022;10:34:07;100;Sem vítima;76,489;BR-101/RJ;Decrescente;Colisão traseira;2;0;0;0;0;0;0;0;0;0;5;0;0;0;0
21/01/2022;11:01:01;106;Sem vítima;291,167;BR-101/RJ;Decrescente;Colisão lateral no mesmo sentido;1;0;1;0;0;0;0;0;0;0;0;0;0;0;0
21/01/2022;16:15:19;158;Sem vítima;314,295;BR-101/RJ;Crescente;Colisão traseira;1;0;0;0;0;0;0;0;0;1;3;0;0;0;0
21/01/2022;17:21:09;171;Com vítima;314,967;BR-101/RJ;Decrescente;Choque;0;0;0;1;0;0;0;0;0;0;0;1;0;0;0
21/01/2022;17:53:17;176;Com vítima;51,658;BR-101/RJ;Crescente;Tombamento;0;0;0;1;0;0;0;0;0;0;0;0;1;0;0
21/01/2022;21:10:00;209;Sem vítima;303,597;BR-101/RJ;Decrescente;Atropelamento de animal;1;0;0;0;0;0;0;0;0;0;1;0;0;0;0
22/01/2022;05:25:12;16;Sem vítima;266,800;BR-101/RJ;Decrescente;Colisão traseira;2;0;0;0;0;0;0;0;0;0;8;0;0;0;0
22/01/2022;11:25:15;74;Sem vítima;310,400;BR-101/RJ;Crescente;Colisão traseira;2;0;0;0;0;0;0;0;0;0;7;0;0;0;0
22/01/2022;11:38:00;77;Sem vítima;310,396;BR-101/RJ;Crescente;Engavetamento;5;0;0;0;0;0;0;0;0;0;14;0;0;0;0
22/01/2022;17:20:19;134;Sem vítima;311,890;BR-101/RJ;Crescente;Colisão traseira;2;0;0;0;0;0;0;0;0;0;2;0;0;0;0
22/01/2022;21:35:22;172;Com vítima;305,500;BR-101/RJ;Crescente;Atropelamento de animal;3;0;0;0;0;0;0;0;0;0;5;0;0;0;0
23/01/2022;01:05:09;7;Com vítima;117,001;BR-101/RJ;Crescente;Choque;0;0;0;1;0;0;0;0;0;0;0;1;0;0;0
23/01/2022;05:15:19;20;Com vítima;92,800;BR-101/RJ;Crescente;Choque;1;0;0;0;0;0;0;0;0;0;1;1;0;0;0
23/01/2022;06:24:33;28;Com vítima;74,914;BR-101/RJ;Decrescente;Colisão traseira;1;0;0;0;0;0;0;0;0;0;0;1;0;0;0
23/01/2022;11:43:57;64;Sem vítima;276,815;BR-101/RJ;Decrescente;Colisão traseira;0;0;0;0;0;0;0;0;0;2;4;0;0;0;0
23/01/2022;17:36:51;129;Sem vítima;292,862;BR-101/RJ;Decrescente;Colisão traseira;2;0;0;0;0;0;0;0;0;0;10;0;0;0;0
23/01/2022;18:52:46;154;Sem vítima;313,032;BR-101/RJ;Decrescente;Colisão lateral no mesmo sentido;3;0;0;0;0;0;0;0;0;0;4;0;0;0;0
24/01/2022;07:15:36;32;Sem vítima;304,979;BR-101/RJ;Decrescente;Engavetamento;2;0;0;0;0;0;0;0;0;0;2;0;0;0;0
24/01/2022;08:14:57;43;Com vítima;144,405;BR-101/RJ;Decrescente;Tombamento;0;0;1;0;0;0;0;0;0;0;0;1;0;0;0
24/01/2022;09:04:29;56;Com vítima;311,845;BR-101/RJ;Decrescente;Tombamento;0;0;0;1;0;0;0;0;0;0;0;1;0;0;0
24/01/2022;09:40:52;67;Com vítima;86,690;BR-101/RJ;Crescente;Tombamento;0;0;1;0;0;0;0;0;0;0;0;1;0;0;0
24/01/2022;11:08:56;91;Com vítima;281,032;BR-101/RJ;Decrescente;Engavetamento;5;0;0;0;0;0;0;0;0;0;13;1;0;0;0
24/01/2022;12:34:08;105;Sem vítima;274,686;BR-101/RJ;Decrescente;Engavetamento;2;0;0;0;0;0;0;0;0;0;2;0;0;0;0
24/01/2022;13:36:18;114;Sem vítima;293,418;BR-101/RJ;Crescente;Colisão traseira;1;0;0;1;0;0;0;0;0;0;0;0;0;0;0
24/01/2022;14:02:46;120;Sem vítima;297,742;BR-101/RJ;Crescente;Queda de moto;0;0;1;0;0;0;0;0;0;0;0;0;0;0;0
25/01/2022;15:02:58;124;Com vítima;59,331;BR-101/RJ;Crescente;Tombamento;0;0;0;1;0;0;0;0;0;0;0;1;0;0;0
26/01/2022;06:34:03;23;Com vítima;264,292;BR-101/RJ;Crescente;Choque;1;0;0;0;0;0;0;0;0;0;5;2;0;0;0
26/01/2022;15:53:32;129;Sem vítima;306,237;BR-101/RJ;Decrescente;Colisão traseira;1;0;0;0;0;0;0;0;0;1;2;0;0;0;0
27/01/2022;00:37:51;4;Sem vítima;310,109;BR-101/RJ;Crescente;Choque;1;0;0;0;0;0;0;0;0;0;0;0;0;0;0
27/01/2022;06:32:26;24;Sem vítima;308,098;BR-101/RJ;Decrescente;Colisão traseira;0;0;0;1;0;0;0;0;0;0;2;0;0;0;0
27/01/2022;15:21:45;156;Com vítima;293,100;BR-101/RJ;Crescente;Colisão lateral no mesmo sentido;2;0;0;0;0;0;0;0;0;0;3;2;0;0;0
27/01/2022;16:22:24;165;Sem vítima;312,790;BR-101/RJ;Crescente;Engavetamento;3;0;0;0;0;0;0;0;0;0;4;0;0;0;0
27/01/2022;16:36:43;168;Sem vítima;206,767;BR-101/RJ;Crescente;Colisão traseira;2;0;0;0;0;0;0;0;0;0;2;0;0;0;0
28/01/2022;08:10:35;63;Sem vítima;318,850;BR-101/RJ;Crescente;Colisão traseira;1;0;0;0;0;0;0;0;0;0;1;0;0;0;0
28/01/2022;12:34:35;133;Sem vítima;10,950;BR-101/RJ;Decrescente;Acidentes de outra natureza;1;0;1;0;0;0;0;0;0;0;2;0;0;0;0
28/01/2022;12:42:54;135;Sem vítima;297,001;BR-101/RJ;Decrescente;Colisão lateral no mesmo sentido;1;0;0;0;0;0;0;0;0;1;0;0;0;0;0
28/01/2022;16:53:31;193;Com vítima;99,500;BR-101/RJ;Crescente;Choque;1;0;0;0;0;0;0;0;0;0;0;1;0;0;0
28/01/2022;17:27:52;200;Sem vítima;283,049;BR-101/RJ;Decrescente;Choque;1;0;0;0;0;0;0;0;0;0;1;0;0;0;0
28/01/2022;18:13:20;210;Sem vítima;307,617;BR-101/RJ;Decrescente;Colisão traseira;2;0;0;0;0;0;0;0;0;0;2;0;0;0;0
28/01/2022;20:36:56;233;Sem vítima;213,449;BR-101/RJ;Decrescente;Choque;1;0;0;0;0;0;0;0;0;0;1;0;0;0;0
29/01/2022;02:53:10;14;Sem vítima;293,612;BR-101/RJ;Decrescente;Colisão lateral no mesmo sentido;1;0;1;0;0;0;0;0;0;0;2;0;0;0;0
29/01/2022;07:55:30;34;Sem vítima;261,010;BR-101/RJ;Decrescente;Tombamento;0;0;1;0;0;0;0;0;0;0;1;0;0;0;0
29/01/2022;08:33:05;44;Sem vítima;321,900;BR-101/RJ;Crescente;Colisão traseira;2;0;0;0;0;0;0;0;0;0;3;0;0;0;0
29/01/2022;12:46:27;78;Com vítima;304,721;BR-101/RJ;Decrescente;Colisão traseira;2;0;0;0;0;0;0;0;0;0;2;1;0;0;0
29/01/2022;15:55:43;101;Sem vítima;320,979;BR-101/RJ;Decrescente;Choque;1;0;0;0;0;0;0;0;0;0;0;0;0;0;0
29/01/2022;17:38:53;122;Sem vítima;92,043;BR-101/RJ;Crescente;Choque;1;0;0;0;0;0;0;0;0;0;2;0;0;0;0
29/01/2022;18:03:21;126;Sem vítima;92,043;BR-101/RJ;Crescente;Choque;1;0;0;0;0;0;0;0;0;0;1;0;0;0;0
30/01/2022;13:17:51;63;Sem vítima;280,669;BR-101/RJ;Decrescente;Saída de pista;1;0;0;0;0;0;0;0;0;0;1;0;0;0;0
30/01/2022;16:40:36;101;Sem vítima;305,456;BR-101/RJ;Crescente;Engavetamento;3;0;0;0;0;0;0;0;0;0;8;0;0;0;0
30/01/2022;17:35:33;112;Com vítima;190,616;BR-101/RJ;Crescente;Colisão frontal;1;0;0;1;0;0;0;0;0;0;1;1;1;0;0
30/01/2022;18:04:14;120;Sem vítima;254,534;BR-101/RJ;Crescente;Choque;1;0;0;0;0;0;0;0;0;0;2;0;0;0;0
30/01/2022;21:10:40;140;Com vítima;274,579;BR-101/RJ;Crescente;Colisão frontal;1;0;0;1;0;0;0;0;0;0;1;1;1;0;0
31/01/2022;03:09:21;12;Com vítima;318,700;BR-101/RJ;Crescente;Choque;1;0;0;0;0;0;0;0;0;0;0;1;0;0;0
31/01/2022;04:18:16;15;Sem vítima;0,899;BR-101/RJ;Crescente;Choque;0;0;1;0;0;0;0;0;0;0;3;0;0;0;0
31/01/2022;17:47:56;155;Com vítima;282,647;BR-101/RJ;Decrescente;Colisão lateral no mesmo sentido;0;0;0;1;0;0;0;0;0;0;0;0;1;0;0