data;horario;n_da_ocorrencia;tipo_de_ocorrencia;km;trecho;sentido;tipo_de_acidente;automovel;bicicleta;caminhao;moto;onibus;outros;tracao_animal;transporte_de_cargas_especiais;trator_maquinas;utilitarios;ilesos;levemente_feridos;moderadamente_feridos;gravemente_feridos;mortos
01/02/2022;01:45:30;21;Sem vítima;69,464;BR-101/RJ;Crescente;Choque;1;0;0;0;0;0;0;0;0;0;2;0;0;0;0
01/02/2022;07:59:47;63;Sem vítima;287,779;BR-101/RJ;Crescente;Colisão traseira;0;0;1;0;0;0;0;0;0;0;0;0;0;0;0
01/02/2022;12:49:05;129;Sem vítima;263,484;BR-101/RJ;Decrescente;Colisão lateral no mesmo sentido;1;0;1;0;0;0;0;0;0;0;4;0;0;0;0
01/02/2022;19:51:27;206;Sem vítima;86,060;BR-101/RJ;Decrescente;Acidentes de outra natureza;1;0;1;0;0;0;0;0;0;0;2;0;0;0;0
01/02/2022;22:03:02;215;Com vítima;316,928;BR-101/RJ;Decrescente;Tombamento;0;0;0;1;0;0;0;0;0;0;0;1;0;0;0
02/02/2022;09:51:58;78;Sem vítima;58,101;BR-101/RJ;Decrescente;Engavetamento;0;0;2;0;0;0;0;0;0;0;2;0;0;0;0
02/02/2022;10:14:34;84;Com vítima;277,410;BR-101/RJ;Crescente;Colisão lateral no mesmo sentido;1;0;1;0;0;0;0;0;0;0;1;1;1;0;0
02/02/2022;15:34:08;139;Sem vítima;88,433;BR-101/RJ;Decrescente;Choque;0;0;1;0;0;0;0;0;0;0;2;0;0;0;0
02/02/2022;17:00:51;156;Sem vítima;261,484;BR-101/RJ;Decrescente;Choque;1;0;0;0;0;0;0;0;0;0;2;0;0;0;0
02/02/2022;17:05:42;158;Sem vítima;224,232;BR-101/RJ;Crescente;Saída de pista;1;0;0;0;0;0;0;0;0;0;1;0;0;0;0
03/02/2022;03:24:50;10;Sem vítima;273,168;BR-101/RJ;Decrescente;Colisão lateral no mesmo sentido;0;0;2;0;0;0;0;0;0;0;4;0;0;0;0
03/02/2022;06:13:06;22;Com vítima;83,612;BR-101/RJ;Crescente;Capotamento;1;0;0;0;0;0;0;0;0;0;0;1;0;0;0
03/02/2022;07:41:34;36;Sem vítima;95,113;BR-101/RJ;Decrescente;Choque;1;0;0;0;0;0;0;0;0;0;1;0;0;0;0
03/02/2022;14:24:12;131;Com vítima;231,781;BR-101/RJ;Decrescente;Choque;1;0;0;0;0;0;0;0;0;0;0;1;0;0;0
03/02/2022;16:56:03;159;Sem vítima;209,804;BR-101/RJ;Crescente;Colisão traseira;1;0;0;0;0;0;0;0;0;0;1;0;0;0;0
03/02/2022;17:07:41;162;Sem vítima;183,298;BR-101/RJ;Decrescente;Choque;1;0;0;0;0;0;0;0;0;0;4;0;0;0;0
03/02/2022;17:20:18;164;Sem vítima;63,411;BR-101/RJ;Decrescente;Colisão lateral no mesmo sentido;1;0;0;0;0;0;0;0;0;0;1;0;0;0;0
04/02/2022;01:32:35;6;Sem vítima;142,050;BR-101/RJ;Decrescente;Choque;1;0;0;0;0;0;0;0;0;0;1;0;0;0;0
04/02/2022;12:50:24;110;Com vítima;277,700;BR-101/RJ;Decrescente;Colisão traseira;0;0;2;0;0;0;0;0;0;0;2;2;0;0;0
04/02/2022;14:05:26;127;Com vítima;297,342;BR-101/RJ;Decrescente;Colisão traseira;0;0;1;0;0;0;0;0;0;1;3;1;0;0;0
04/02/2022;15:27:56;138;Com vítima;49,466;BR-101/RJ;Decrescente;Colisão frontal;1;0;0;1;0;0;0;0;0;0;1;0;1;0;0
04/02/2022;15:37:59;142;Com vítima;294,203;BR-101/RJ;Crescente;Colisão lateral no mesmo sentido;0;0;0;1;0;0;0;0;0;0;0;1;0;0;0
04/02/2022;16:30:35;150;Sem vítima;206,626;BR-101/RJ;Crescente;Engavetamento;3;0;0;0;0;0;0;0;0;0;0;0;0;0;0
04/02/2022;22:26:07;200;Com vítima;297,500;BR-101/RJ;Crescente;Tombamento;0;0;0;1;0;0;0;0;0;0;0;1;0;0;0
05/02/2022;09:03:49;43;Sem vítima;206,590;BR-101/RJ;Crescente;Colisão traseira;2;0;0;0;0;0;0;0;0;0;2;0;0;0;0
05/02/2022;10:35:40;57;Com vítima;306,311;BR-101/RJ;Crescente;Tombamento;0;0;0;1;0;0;0;0;0;0;0;1;0;0;0
05/02/2022;13:18:32;94;Com vítima;224,256;BR-101/RJ;Crescente;Choque;1;0;0;0;0;0;0;0;0;0;1;1;0;0;0
05/02/2022;14:41:10;111;Sem vítima;264,063;BR-101/RJ;Crescente;Colisão transversal;1;0;1;0;0;0;0;0;0;0;1;0;0;0;0
05/02/2022;17:43:36;141;Sem vítima;299,588;BR-101/RJ;Decrescente;Colisão transversal;2;0;0;0;0;0;0;0;0;0;1;0;0;0;0
05/02/2022;18:45:48;152;Com vítima;61,762;BR-101/RJ;Crescente;Colisão transversal;2;0;0;0;0;0;0;0;0;0;1;0;1;0;0
05/02/2022;23:46:29;177;Com vítima;275,845;BR-101/RJ;Decrescente;Colisão traseira;2;0;0;0;0;0;0;0;0;0;4;1;0;0;0
05/02/2022;23:48:03;178;Sem vítima;307,700;BR-101/RJ;Crescente;Choque;1;0;0;0;0;0;0;0;0;0;1;0;0;0;0
06/02/2022;00:46:46;6;Com vítima;112,682;BR-101/RJ;Decrescente;Colisão frontal;2;0;0;0;0;0;0;0;0;0;0;3;0;0;0
06/02/2022;10:15:42;55;Com vítima;294,966;BR-101/RJ;Crescente;Colisão traseira;1;0;1;0;0;0;0;0;0;0;2;3;0;0;0
06/02/2022;15:09:12;98;Sem vítima;266,774;BR-101/RJ;Decrescente;Choque;1;0;0;0;0;0;0;0;0;0;6;0;0;0;0
06/02/2022;17:34:37;124;Com vítima;275,204;BR-101/RJ;Decrescente;Engavetamento;3;0;0;0;0;0;0;0;0;0;8;1;0;0;0
06/02/2022;18:51:10;144;Sem vítima;62,380;BR-101/RJ;Crescente;Choque;1;0;0;0;0;0;0;0;0;0;1;0;0;0;0
06/02/2022;18:53:05;145;Com vítima;60,900;BR-101/RJ;Decrescente;Acidentes de outra natureza;0;0;0;1;0;0;0;0;0;0;0;0;1;0;0
06/02/2022;21:07:14;162;Sem vítima;319,402;BR-101/RJ;Crescente;Choque;1;0;0;0;0;0;0;0;0;0;1;0;0;0;0
07/02/2022;01:00:15;7;Com vítima;297,620;BR-101/RJ;Crescente;Choque;1;0;0;0;0;0;0;0;0;0;0;1;0;0;0
07/02/2022;04:01:17;20;Com vítima;288,120;BR-101/RJ;Crescente;Atropelamento de animal;1;0;0;0;0;0;0;0;0;0;1;0;0;0;0
07/02/2022;10:25:36;103;Com vítima;66,096;BR-101/RJ;Decrescente;Colisão lateral no mesmo sentido;2;0;0;1;0;0;0;0;0;0;4;1;0;0;0
07/02/2022;15:32:29;150;Com vítima;262,114;BR-101/RJ;Crescente;Tombamento;0;0;1;0;0;0;0;0;0;0;0;0;0;1;0
07/02/2022;16:22:55;161;Sem vítima;67,167;BR-101/RJ;Decrescente;Colisão traseira;2;0;0;0;0;0;0;0;0;0;3;0;0;0;0
07/02/2022;16:37:56;164;Com vítima;154,152;BR-101/RJ;Decrescente;Choque;0;0;1;0;0;0;0;0;0;0;0;3;0;0;0
07/02/2022;18:46:28;186;Com vítima;266,181;BR-101/RJ;Crescente;Colisão lateral no mesmo sentido;0;0;2;0;0;0;0;0;0;0;1;1;0;0;0
07/02/2022;19:08:07;190;Com vítima;7,550;BR-101/RJ;Crescente;Colisão frontal;0;1;0;0;0;0;0;0;0;0;0;0;0;0;0
07/02/2022;19:54:44;197;Sem vítima;260,254;BR-101/RJ;Decrescente;Engavetamento;2;0;0;0;1;0;0;0;0;0;7;0;0;0;0
08/02/2022;05:28:12;16;Com vítima;299,601;BR-101/RJ;Decrescente;Colisão traseira;2;0;0;0;0;0;0;0;0;0;4;1;0;0;0
08/02/2022;05:58:09;17;Sem vítima;317,935;BR-101/RJ;Crescente;Colisão lateral no mesmo sentido;0;0;1;0;0;0;0;0;0;0;1;0;0;0;0
08/02/2022;06:29:21;18;Com vítima;288,007;BR-101/RJ;Decrescente;Choque;1;0;0;0;0;0;0;0;0;0;0;1;0;0;0
08/02/2022;08:51:29;47;Com vítima;280,063;BR-101/RJ;Decrescente;Choque;1;0;0;0;0;0;0;0;0;0;0;1;0;0;0
08/02/2022;16:22:53;121;Com vítima;171,952;BR-101/RJ;Decrescente;Colisão transversal;2;0;0;0;0;0;0;0;0;0;0;0;1;3;0
08/02/2022;21:02:42;151;Com vítima;58,251;BR-101/RJ;Crescente;Colisão transversal;1;0;0;0;0;0;0;0;0;0;0;2;0;0;0
09/02/2022;04:36:36;15;Sem vítima;103,803;BR-101/RJ;Decrescente;Choque;0;0;0;0;0;0;0;0;0;1;2;0;0;0;0
09/02/2022;06:12:14;22;Sem vítima;144,735;BR-101/RJ;Crescente;Colisão lateral no mesmo sentido;2;0;0;0;0;0;0;0;0;0;4;0;0;0;0
09/02/2022;06:37:23;30;Sem vítima;203,280;BR-101/RJ;Crescente;Colisão lateral no mesmo sentido;1;0;0;0;0;0;0;0;0;0;1;0;0;0;0
09/02/2022;08:14:18;57;Sem vítima;66,800;BR-101/RJ;Crescente;Colisão lateral no mesmo sentido;0;0;1;0;0;0;0;0;0;1;3;0;0;0;0
09/02/2022;13:38:09;121;Com vítima;321,719;BR-101/RJ;Decrescente;Colisão traseira;1;0;0;1;0;0;0;0;0;0;2;1;0;0;0
09/02/2022;18:01:44;168;Com vítima;313,943;BR-101/RJ;Crescente;Colisão traseira;2;0;0;0;0;0;0;0;0;0;4;1;0;0;0
09/02/2022;18:14:55;171;Com vítima;56,677;BR-101/RJ;Decrescente;Choque;1;0;0;0;0;0;0;0;0;1;2;2;0;0;0
10/02/2022;21:39:28;172;Sem vítima;318,322;BR-101/RJ;Crescente;Choque;1;0;0;0;0;0;0;0;0;0;1;0;0;0;0
11/02/2022;02:19:23;9;Com vítima;62,400;BR-101/RJ;Crescente;Colisão traseira;1;0;1;0;0;0;0;0;0;0;2;2;0;0;0
11/02/2022;06:30:25;20;Sem vítima;59,800;BR-101/RJ;Decrescente;Colisão traseira;0;0;2;0;0;0;0;0;0;0;2;0;0;0;0
11/02/2022;08:22:45;37;Sem vítima;321,653;BR-101/RJ;Decrescente;Colisão traseira;1;0;0;1;0;0;0;0;0;0;2;0;0;0;0
11/02/2022;14:14:10;106;Sem vítima;310,500;BR-101/RJ;Crescente;Choque;1;0;0;0;0;0;0;0;0;0;1;0;0;0;0
11/02/2022;23:29:14;190;Sem vítima;317,360;BR-101/RJ;Crescente;Choque;1;0;0;0;0;0;0;0;0;0;1;0;0;0;0
12/02/2022;01:22:53;4;Com vítima;46,180;BR-101/RJ;Crescente;Atropelamento de ciclista;0;1;1;0;0;0;0;0;0;0;1;0;0;0;0
12/02/2022;07:03:27;28;Sem vítima;282,400;BR-101/RJ;Decrescente;Colisão traseira;1;0;0;0;0;0;0;0;0;0;1;0;0;0;0
12/02/2022;09:44:18;65;Sem vítima;306,757;BR-101/RJ;Decrescente;Engavetamento;3;0;0;0;0;0;0;0;0;0;0;0;0;0;0
12/02/2022;10:00:23;70;Com vítima;301,090;BR-101/RJ;Decrescente;Colisão traseira;1;0;0;0;0;0;0;0;0;1;1;1;0;0;0
12/02/2022;12:06:58;90;Com vítima;302,988;BR-101/RJ;Decrescente;Engavetamento;4;0;0;0;0;0;0;0;0;0;6;1;0;0;0
12/02/2022;14:11:17;110;Sem vítima;228,300;BR-101/RJ;Crescente;Choque;1;0;0;0;0;0;0;0;0;0;1;0;0;0;0
12/02/2022;16:47:05;132;Sem vítima;311,352;BR-101/RJ;Crescente;Engavetamento;2;0;0;0;0;0;0;0;0;0;0;0;0;0;0
12/02/2022;19:42:21;148;Com vítima;51,082;BR-101/RJ;Decrescente;Colisão traseira;0;1;0;1;0;0;0;0;0;0;0;0;1;0;0
12/02/2022;20:42:08;154;Com vítima;66,900;BR-101/RJ;Crescente;Colisão lateral no mesmo sentido;1;0;0;1;0;0;0;0;0;0;1;2;0;0;0
13/02/2022;04:12:05;14;Com vítima;68,905;BR-101/RJ;Decrescente;Colisão lateral no mesmo sentido;0;0;0;1;0;0;0;0;0;0;0;0;2;0;0
13/02/2022;04:48:35;17;Sem vítima;51,632;BR-101/RJ;Decrescente;Atropelamento de animal;0;0;0;1;0;0;0;0;0;0;1;0;0;0;0
13/02/2022;07:43:25;29;Sem vítima;4,953;BR-101/RJ;Crescente;Choque;1;0;0;0;0;0;0;0;0;0;4;0;0;0;0
13/02/2022;09:02:16;42;Sem vítima;293,225;BR-101/RJ;Decrescente;Colisão traseira;2;0;0;0;0;0;0;0;0;0;5;0;0;0;0
13/02/2022;17:31:50;105;Com vítima;74,660;BR-101/RJ;Crescente;Tombamento;0;0;0;1;0;0;0;0;0;0;0;0;1;0;0
13/02/2022;17:48:44;110;Com vítima;319,789;BR-101/RJ;Decrescente;Choque;1;0;0;0;0;0;0;0;0;0;0;0;1;0;0
13/02/2022;19:03:22;130;Com vítima;296,259;BR-101/RJ;Crescente;Tombamento;0;0;0;1;0;0;0;0;0;0;0;1;0;0;0
13/02/2022;20:15:42;140;Com vítima;303,779;BR-101/RJ;Crescente;Colisão frontal;1;0;0;1;0;0;0;0;0;0;2;0;1;0;0
13/02/2022;23:06:48;155;Sem vítima;290,799;BR-101/RJ;Decrescente;Saída de pista;1;0;0;0;0;0;0;0;0;0;2;0;0;0;0
14/02/2022;04:39:51;22;Sem vítima;270,628;BR-101/RJ;Decrescente;Choque;1;0;0;0;0;0;0;0;0;0;1;0;0;0;0
14/02/2022;06:40:08;29;Sem vítima;303,875;BR-101/RJ;Decrescente;Colisão traseira;2;0;0;0;0;0;0;0;0;0;4;0;0;0;0
15/02/2022;07:25:07;39;Com vítima;203,335;BR-101/RJ;Crescente;Tombamento;0;0;0;1;0;0;0;0;0;0;0;1;0;0;0
15/02/2022;09:05:45;65;Com vítima;296,479;BR-101/RJ;Crescente;Colisão traseira;1;0;0;1;0;0;0;0;0;0;2;2;0;0;0
15/02/2022;09:52:49;77;Sem vítima;319,900;BR-101/RJ;Crescente;Colisão traseira;1;0;0;0;0;0;0;0;0;0;1;0;0;0;0
15/02/2022;12:23:37;106;Sem vítima;195,414;BR-101/RJ;Crescente;Choque;0;0;1;0;0;0;0;0;0;0;1;0;0;0;0
15/02/2022;17:32:05;158;Sem vítima;184,566;BR-101/RJ;Decrescente;Choque;0;0;1;0;0;0;0;0;0;0;1;0;0;0;0
15/02/2022;18:58:19;176;Com vítima;147,423;BR-101/RJ;Crescente;Atropelamento de animal;0;0;1;0;0;0;0;0;0;0;1;0;0;0;0
16/02/2022;10:03:51;59;Com vítima;311,703;BR-101/RJ;Decrescente;Colisão traseira;1;0;0;1;0;0;0;0;0;0;1;1;0;0;0
16/02/2022;14:24:48;97;Sem vítima;246,730;BR-101/RJ;Decrescente;Choque;0;0;1;0;0;0;0;0;0;1;2;0;0;0;0
16/02/2022;16:56:05;124;Com vítima;280,839;BR-101/RJ;Crescente;Tombamento;0;0;0;1;0;0;0;0;0;0;0;0;0;1;0
17/02/2022;00:48:30;6;Sem vítima;23,800;BR-101/RJ;Decrescente;Colisão lateral no mesmo sentido;0;0;2;0;0;0;0;0;0;0;3;0;0;0;0
17/02/2022;06:47:13;20;Com vítima;66,781;BR-101/RJ;Crescente;Colisão frontal;1;1;0;0;0;0;0;0;0;0;1;0;0;0;0
17/02/2022;06:57:10;25;Com vítima;294,958;BR-101/RJ;Decrescente;Colisão traseira;1;0;0;0;1;0;0;0;0;0;1;2;0;0;0
17/02/2022;07:14:53;32;Com vítima;47,815;BR-101/RJ;Decrescente;Colisão frontal;0;1;0;0;0;0;0;0;0;0;0;0;0;0;0
17/02/2022;07:38:02;37;Com vítima;67,559;BR-101/RJ;Decrescente;Colisão traseira;1;1;0;0;0;0;0;0;0;0;1;0;0;0;0
17/02/2022;07:57:18;46;Sem vítima;312,884;BR-101/RJ;Decrescente;Engavetamento;2;0;0;0;0;0;0;0;0;0;3;0;0;0;0
17/02/2022;13:06:18;107;Com vítima;252,800;BR-101/RJ;Decrescente;Choque;1;0;0;0;0;0;0;0;0;0;0;1;0;0;0
17/02/2022;13:08:02;108;Com vítima;261,852;BR-101/RJ;Crescente;Colisão traseira;2;0;0;0;0;0;0;0;0;0;2;2;0;0;0
17/02/2022;13:48:45;114;Com vítima;286,075;BR-101/RJ;Decrescente;Colisão traseira;1;0;0;0;0;0;0;0;0;0;0;1;0;0;0
17/02/2022;15:31:25;131;Com vítima;144,416;BR-101/RJ;Crescente;Tombamento;0;0;1;0;0;0;0;0;0;0;0;1;0;0;0
17/02/2022;20:32:35;188;Sem vítima;270,876;BR-101/RJ;Decrescente;Choque;1;0;0;0;0;0;0;0;0;0;4;0;0;0;0
18/02/2022;11:10:18;92;Sem vítima;316,202;BR-101/RJ;Crescente;Colisão traseira;2;0;0;0;0;0;0;0;0;0;3;0;0;0;0
19/02/2022;15:16:28;120;Sem vítima;92,759;BR-101/RJ;Decrescente;Choque;1;0;0;0;0;0;0;0;0;0;2;0;0;0;0
19/02/2022;18:28:23;150;Sem vítima;130,708;BR-101/RJ;Decrescente;Choque;1;0;0;0;0;0;0;0;0;0;1;0;0;0;0
19/02/2022;19:03:08;155;Sem vítima;295,250;BR-101/RJ;Decrescente;Tombamento;0;0;0;0;0;0;0;0;0;1;2;0;0;0;0
20/02/2022;00:32:46;6;Com vítima;69,642;BR-101/RJ;Decrescente;Atropelamento de ciclista;0;1;0;0;0;0;0;0;0;0;0;0;0;0;0
20/02/2022;01:07:59;12;Com vítima;282,990;BR-101/RJ;Decrescente;Choque;0;0;0;1;0;0;0;0;0;0;0;1;0;0;1
20/02/2022;04:29:53;22;Sem vítima;261,460;BR-101/RJ;Decrescente;Choque;1;0;0;0;0;0;0;0;0;0;2;0;0;0;0
21/02/2022;18:35:44;204;Sem vítima;306,995;BR-101/RJ;Decrescente;Colisão traseira;2;0;0;0;0;0;0;0;0;0;3;0;0;0;0
22/02/2022;06:09:36;16;Com vítima;311,368;BR-101/RJ;Decrescente;Tombamento;0;0;0;2;0;0;0;0;0;0;1;1;0;0;0
22/02/2022;09:54:55;69;Com vítima;263,486;BR-101/RJ;Decrescente;Acidentes de outra natureza;0;1;0;0;0;0;0;0;0;0;0;0;0;0;0
22/02/2022;10:31:37;76;Com vítima;319,888;BR-101/RJ;Crescente;Colisão traseira;1;0;0;1;0;0;0;0;0;0;1;1;0;0;0
22/02/2022;18:40:40;161;Com vítima;299,002;BR-101/RJ;Crescente;Tombamento;0;0;0;1;0;0;0;0;0;0;0;2;0;0;0
23/02/2022;07:28:35;29;Com vítima;317,358;BR-101/RJ;Decrescente;Tombamento;0;0;0;1;0;0;0;0;0;0;1;1;0;0;0
23/02/2022;07:30:40;31;Sem vítima;207,301;BR-101/RJ;Crescente;Colisão traseira;0;0;1;0;0;0;0;0;0;0;1;0;0;0;0
23/02/2022;07:41:17;32;Com vítima;307,312;BR-101/RJ;Decrescente;Colisão traseira;2;0;0;0;0;0;0;0;0;0;6;0;1;0;0
23/02/2022;09:30:15;60;Com vítima;305,240;BR-101/RJ;Crescente;Colisão lateral no mesmo sentido;0;0;0;2;0;0;0;0;0;0;1;0;1;0;0
25/02/2022;19:24:44;221;Com vítima;318,845;BR-101/RJ;Crescente;Colisão lateral no mesmo sentido;1;0;0;2;0;0;0;0;0;0;2;2;0;0;0
25/02/2022;19:33:08;222;Com vítima;77,357;BR-101/RJ;Crescente;Atropelamento de animal;0;0;0;1;0;0;0;0;0;0;0;1;0;0;0
26/02/2022;01:23:46;12;Com vítima;274,209;BR-101/RJ;Decrescente;Atropelamento de animal;3;0;0;0;0;0;0;0;0;0;2;0;0;0;0
26/02/2022;01:25:55;13;Sem vítima;11,070;BR-101/RJ;Crescente;Atropelamento de animal;0;0;1;0;0;0;0;0;0;0;1;0;0;0;0
26/02/2022;06:21:53;42;Com vítima;312,579;BR-101/RJ;Crescente;Colisão lateral no mesmo sentido;1;0;0;1;0;0;0;0;0;0;1;2;0;0;0
26/02/2022;06:53:04;47;Com vítima;286,350;BR-101/RJ;Crescente;Colisão traseira;2;0;0;0;0;0;0;0;0;0;2;2;0;0;0
26/02/2022;08:23:32;59;Com vítima;285,275;BR-101/RJ;Decrescente;Tombamento;0;0;1;0;0;0;0;0;0;0;1;1;0;0;0
26/02/2022;08:24:30;60;Com vítima;152,622;BR-101/RJ;Decrescente;Tombamento;0;0;0;1;0;0;0;0;0;0;0;1;1;0;0
27/02/2022;10:49:37;74;Com vítima;304,919;BR-101/RJ;Crescente;Colisão lateral no mesmo sentido;1;0;0;1;0;0;0;0;0;0;2;2;0;0;0
27/02/2022;12:44:11;100;Com vítima;290,809;BR-101/RJ;Decrescente;Capotamento;1;0;0;0;0;0;0;0;0;0;0;2;0;0;0
27/02/2022;16:05:21;139;Com vítima;310,104;BR-101/RJ;Decrescente;Choque;1;0;0;0;0;0;0;0;0;0;0;0;1;0;0
28/02/2022;06:47:41;22;Sem vítima;219,698;BR-101/RJ;Crescente;Choque;1;0;0;0;0;0;0;0;0;0;1;0;0;0;0
28/02/2022;12:10:41;92;Sem vítima;316,230;BR-101/RJ;Decrescente;Colisão traseira;2;0;0;0;0;0;0;0;0;0;2;0;0;0;0
28/02/2022;13:35:30;109;Sem vítima;192,830;BR-101/RJ;Crescente;Colisão traseira;2;0;0;0;0;0;0;0;0;0;2;0;0;0;0
28/02/2022;14:04:12;112;Com vítima;321,056;BR-101/RJ;Decrescente;Tombamento;0;0;1;0;0;0;0;0;0;0;0;1;0;0;0
28/02/2022;14:49:26;125;Com vítima;234,612;BR-101/RJ;Decrescente;Choque;1;0;0;0;0;0;0;0;0;0;1;0;1;0;0
28/02/2022;15:15:03;131;Sem vítima;306,854;BR-101/RJ;Crescente;Colisão traseira;0;0;1;0;0;0;0;0;0;1;3;0;0;0;0
28/02/2022;16:39:56;148;Sem vítima;308,613;BR-101/RJ;Crescente;Colisão traseira;2;0;0;0;0;0;0;0;0;0;4;0;0;0;0
28/02/2022;18:11:45;161;Sem vítima;286,629;BR-101/RJ;Decrescente;Colisão traseira;1;0;0;0;0;0;0;0;0;0;2;0;0;0;0
28/02/2022;21:12:25;191;Com vítima;293,078;BR-101/RJ;Crescente;Tombamento;0;0;0;1;0;0;0;0;0;0;0;0;1;0;0
01/03/2022;00:23:10;17;Sem vítima;188,282;BR-101/RJ;Decrescente;Choque;1;0;0;0;0;0;0;0;0;0;1;0;0;0;0
01/03/2022;11:16:11;69;Sem vítima;263,947;BR-101/RJ;Decrescente;Engavetamento;3;0;0;0;0;0;0;0;0;0;14;0;0;0;0
01/03/2022;13:49:06;91;Sem vítima;278,988;BR-101/RJ;Decrescente;Engavetamento;3;0;0;0;0;0;0;0;0;0;11;0;0;0;0
01/03/2022;14:06:50;94;Com vítima;275,977;BR-101/RJ;Decrescente;Colisão lateral no mesmo sentido;1;0;0;0;0;0;0;0;0;1;2;1;0;0;0
01/03/2022;14:14:53;95;Com vítima;304,897;BR-101/RJ;Crescente;Choque;1;0;0;0;0;0;0;0;0;0;0;1;0;0;1
01/03/2022;15:50:10;120;Sem vítima;313,902;BR-101/RJ;Crescente;Colisão traseira;1;0;0;0;0;0;0;0;0;0;1;0;0;0;0
01/03/2022;16:59:45;142;Sem vítima;309,641;BR-101/RJ;Decrescente;Choque;1;0;0;0;0;0;0;0;0;0;0;0;0;0;0
01/03/2022;17:01:50;144;Sem vítima;267,457;BR-101/RJ;Decrescente;Engavetamento;4;0;0;0;0;0;0;0;0;0;10;0;0;0;0
01/03/2022;20:33:24;199;Com vítima;74,660;BR-101/RJ;Crescente;Atropelamento de pedestre;0;0;0;0;0;0;0;0;0;0;0;1;0;0;0
02/03/2022;07:52:48;45;Sem vítima;289,147;BR-101/RJ;Crescente;Colisão lateral no mesmo sentido;1;0;1;0;0;0;0;0;0;0;2;0;0;0;0
02/03/2022;07:53:10;46;Sem vítima;289,341;BR-101/RJ;Crescente;Colisão traseira;1;0;0;0;0;0;0;0;0;1;4;0;0;0;0
02/03/2022;09:07:14;62;Sem vítima;263,530;BR-101/RJ;Decrescente;Choque;0;0;0;0;1;0;0;0;0;0;2;0;0;0;0
02/03/2022;12:31:20;116;Sem vítima;131,954;BR-101/RJ;Crescente;Colisão lateral no mesmo sentido;1;0;1;0;0;0;0;0;0;0;6;0;0;0;0
02/03/2022;12:53:17;127;Com vítima;81,107;BR-101/RJ;Decrescente;Colisão transversal;1;0;1;0;0;0;0;0;0;0;2;0;0;1;0
02/03/2022;13:30:20;137;Com vítima;272,276;BR-101/RJ;Decrescente;Engavetamento;4;0;0;0;0;0;0;0;0;0;11;1;0;0;0
02/03/2022;17:32:18;207;Com vítima;268,355;BR-101/RJ;Decrescente;Engavetamento;5;0;0;0;0;0;0;0;0;1;19;3;0;0;0
02/03/2022;20:08:58;240;Sem vítima;278,825;BR-101/RJ;Decrescente;Colisão traseira;2;0;0;0;0;0;0;0;0;0;1;0;0;0;0
02/03/2022;23:48:44;259;Sem vítima;268,018;BR-101/RJ;Decrescente;Choque;0;0;0;0;0;0;0;0;0;1;4;0;0;0;0
03/03/2022;05:30:16;27;Sem vítima;144,117;BR-101/RJ;Crescente;Choque;1;0;0;0;0;0;0;0;0;0;1;0;0;0;0
03/03/2022;10:49:36;87;Sem vítima;308,202;BR-101/RJ;Crescente;Colisão traseira;2;0;0;0;0;0;0;0;0;0;7;0;0;0;0
03/03/2022;10:55:54;89;Com vítima;276,337;BR-101/RJ;Decrescente;Colisão traseira;1;0;0;1;0;0;0;0;0;0;1;1;0;0;0
03/03/2022;11:43:14;100;Com vítima;282,748;BR-101/RJ;Crescente;Tombamento;0;0;0;1;0;0;0;0;0;0;0;0;1;0;0
03/03/2022;14:10:54;131;Com vítima;57,583;BR-101/RJ;Crescente;Colisão transversal;1;0;0;1;0;0;0;0;0;0;0;4;0;0;0
03/03/2022;17:04:01;173;Com vítima;37,114;BR-101/RJ;Decrescente;Colisão frontal;1;0;1;0;0;0;0;0;0;0;0;1;0;0;2
03/03/2022;19:23:31;193;Com vítima;295,541;BR-101/RJ;Crescente;Colisão lateral no mesmo sentido;1;0;0;1;0;0;0;0;0;0;0;1;0;0;0
04/03/2022;06:32:28;22;Sem vítima;312,916;BR-101/RJ;Decrescente;Colisão traseira;1;0;1;0;0;0;0;0;0;0;2;0;0;0;0
04/03/2022;23:54:56;206;Sem vítima;289,162;BR-101/RJ;Decrescente;Choque;1;0;0;0;0;0;0;0;0;0;0;0;0;0;0
05/03/2022;14:57:01;118;Sem vítima;283,323;BR-101/RJ;Crescente;Choque;1;0;0;0;0;0;0;0;0;0;1;0;0;0;0
06/03/2022;08:20:00;43;Sem vítima;302,907;BR-101/RJ;Crescente;Colisão traseira;2;0;0;0;0;0;0;0;0;0;5;0;0;0;0
06/03/2022;10:23:47;68;Sem vítima;58,644;BR-101/RJ;Decrescente;Engavetamento;3;0;0;0;0;0;0;0;0;1;7;0;0;0;0
06/03/2022;11:03:57;73;Com vítima;58,644;BR-101/RJ;Decrescente;Colisão traseira;2;0;0;0;0;0;0;0;0;0;3;1;0;0;0
06/03/2022;12:50:04;86;Sem vítima;299,700;BR-101/RJ;Decrescente;Choque;1;0;0;0;0;0;0;0;0;0;1;0;0;0;0
06/03/2022;15:33:50;118;Sem vítima;66,792;BR-101/RJ;Decrescente;Colisão traseira;0;0;0;2;0;0;0;0;0;0;2;0;0;0;0
06/03/2022;22:25:45;175;Com vítima;104,407;BR-101/RJ;Crescente;Atropelamento de animal;1;0;0;0;0;0;0;0;0;0;2;0;1;0;0
07/03/2022;06:37:26;24;Sem vítima;59,437;BR-101/RJ;Decrescente;Colisão lateral no mesmo sentido;0;0;1;0;1;0;0;0;0;0;2;0;0;0;0
07/03/2022;09:54:12;73;Com vítima;314,211;BR-101/RJ;Crescente;Choque;1;0;0;0;0;0;0;0;0;0;0;0;1;0;0
07/03/2022;11:41:48;98;Com vítima;313,667;BR-101/RJ;Decrescente;Colisão traseira;0;0;0;1;0;0;0;0;0;0;0;1;0;0;0
07/03/2022;12:27:21;108;Sem vítima;205,708;BR-101/RJ;Decrescente;Colisão traseira;1;0;1;0;0;0;0;0;0;0;2;0;0;0;0