data;horario;n_da_ocorrencia;tipo_de_ocorrencia;km;trecho;sentido;tipo_de_acidente;automovel;bicicleta;caminhao;moto;onibus;outros;tracao_animal;transporte_de_cargas_especiais;trator_maquinas;utilitarios;ilesos;levemente_feridos;moderadamente_feridos;gravemente_feridos;mortos
07/03/2022;13:13:58;119;Com vítima;303,023;BR-101/RJ;Decrescente;Tombamento;0;0;0;1;0;0;0;0;0;0;0;1;0;0;0
07/03/2022;16:50:30;166;Sem vítima;319,050;BR-101/RJ;Decrescente;Colisão traseira;2;0;0;0;0;0;0;0;0;0;0;0;0;0;0
08/03/2022;06:46:16;22;Com vítima;293,372;BR-101/RJ;Decrescente;Colisão traseira;1;0;1;0;0;0;0;0;0;0;1;1;0;0;0
08/03/2022;07:59:17;35;Sem vítima;63,997;BR-101/RJ;Crescente;Colisão lateral no mesmo sentido;0;0;0;0;0;0;0;0;0;2;2;0;0;0;0
08/03/2022;09:27:01;67;Sem vítima;319,440;BR-101/RJ;Decrescente;Engavetamento;1;0;0;0;0;0;0;0;0;2;3;0;0;0;0
08/03/2022;11:35:13;94;Sem vítima;76,756;BR-101/RJ;Crescente;Tombamento;0;0;1;1;0;0;0;0;0;0;2;0;0;0;0
08/03/2022;13:45:56;119;Sem vítima;152,837;BR-101/RJ;Decrescente;Choque;1;0;0;0;0;0;0;0;0;0;3;0;0;0;0
08/03/2022;14:26:17;130;Com vítima;175,093;BR-101/RJ;Crescente;Colisão frontal;1;0;1;0;0;0;0;0;0;0;1;0;0;0;1
08/03/2022;19:32:19;182;Com vítima;172,584;BR-101/RJ;Crescente;Atropelamento de animal;0;0;1;0;0;0;0;0;0;0;1;0;0;0;0
08/03/2022;20:04:18;191;Com vítima;314,420;BR-101/RJ;Decrescente;Tombamento;0;0;0;1;0;0;0;0;0;0;1;1;0;0;0
09/03/2022;08:24:30;49;Com vítima;316,005;BR-101/RJ;Decrescente;Colisão traseira;2;0;0;0;0;0;0;0;0;0;1;1;0;0;0
09/03/2022;14:11:07;128;Com vítima;297,345;BR-101/RJ;Decrescente;Atropelamento de pedestre;1;0;1;0;0;0;0;0;0;0;2;2;0;1;0
10/03/2022;14:04:23;128;Com vítima;215,822;BR-101/RJ;Crescente;Colisão lateral no mesmo sentido;0;0;2;0;0;0;0;0;0;1;3;0;0;0;1
10/03/2022;16:24:08;149;Com vítima;297,363;BR-101/RJ;Decrescente;Atropelamento de pedestre;1;0;0;0;0;0;0;0;0;0;1;0;1;0;0
10/03/2022;17:15:46;161;Sem vítima;308,779;BR-101/RJ;Crescente;Choque;1;0;0;0;0;0;0;0;0;0;0;0;0;0;0
10/03/2022;20:56:33;201;Sem vítima;211,001;BR-101/RJ;Decrescente;Colisão lateral no mesmo sentido;0;0;0;0;0;0;0;0;0;1;3;0;0;0;0
10/03/2022;22:59:29;217;Com vítima;224,767;BR-101/RJ;Crescente;Engavetamento;0;0;3;0;0;0;0;0;0;0;2;1;0;0;0
10/03/2022;23:31:03;219;Sem vítima;139,376;BR-101/RJ;Decrescente;Choque;1;0;0;0;0;0;0;0;0;0;1;0;0;0;0
11/03/2022;08:56:30;67;Com vítima;320,300;BR-101/RJ;Decrescente;Choque;0;0;0;1;0;0;0;0;0;0;0;0;2;0;0
11/03/2022;10:21:08;87;Com vítima;63,007;BR-101/RJ;Decrescente;Engavetamento;4;0;0;0;0;0;0;0;0;0;4;0;1;0;0
11/03/2022;13:33:40;126;Sem vítima;319,832;BR-101/RJ;Decrescente;Choque;1;0;0;0;0;0;0;0;0;0;1;0;0;0;0
11/03/2022;16:08:26;160;Sem vítima;310,019;BR-101/RJ;Crescente;Choque;1;0;0;0;0;0;0;0;0;0;1;0;0;0;0
11/03/2022;16:52:53;169;Com vítima;299,426;BR-101/RJ;Crescente;Tombamento;0;0;0;1;0;0;0;0;0;0;1;0;1;0;0
11/03/2022;18:38:03;187;Sem vítima;313,749;BR-101/RJ;Crescente;Engavetamento;4;0;0;0;0;0;0;0;0;0;7;0;0;0;0
11/03/2022;20:26:51;209;Com vítima;221,652;BR-101/RJ;Decrescente;Colisão traseira;1;0;0;0;0;0;0;0;0;1;2;3;1;0;0
12/03/2022;06:01:57;16;Com vítima;148,472;BR-101/RJ;Decrescente;Colisão lateral no mesmo sentido;0;0;1;0;1;0;0;0;0;0;31;3;0;0;0
12/03/2022;07:59:41;34;Com vítima;123,094;BR-101/RJ;Crescente;Colisão traseira;1;0;1;0;0;0;0;0;0;0;5;1;0;0;0
12/03/2022;11:31:54;80;Sem vítima;71,075;BR-101/RJ;Crescente;Colisão traseira;1;0;0;0;0;0;0;0;0;1;2;0;0;0;0
12/03/2022;14:35:32;111;Com vítima;179,524;BR-101/RJ;Crescente;Tombamento;0;0;0;1;0;0;0;0;0;0;0;0;1;0;0
12/03/2022;18:25:23;150;Com vítima;67,411;BR-101/RJ;Crescente;Atropelamento de ciclista;0;1;0;0;0;0;0;0;0;0;0;0;0;0;0
12/03/2022;20:58:17;175;Sem vítima;311,296;BR-101/RJ;Crescente;Colisão lateral no mesmo sentido;1;0;0;0;0;0;0;0;0;0;1;0;0;0;0
13/03/2022;07:59:22;22;Com vítima;305,742;BR-101/RJ;Crescente;Tombamento;0;0;0;1;0;0;0;0;0;0;0;0;1;0;0
13/03/2022;11:14:35;48;Sem vítima;251,042;BR-101/RJ;Crescente;Choque;1;0;0;0;0;0;0;0;0;0;0;0;0;0;0
13/03/2022;16:57:56;90;Sem vítima;249,722;BR-101/RJ;Decrescente;Saída de pista;1;0;0;0;0;0;0;0;0;0;0;0;0;0;0
13/03/2022;19:02:11;117;Com vítima;64,568;BR-101/RJ;Decrescente;Colisão transversal;1;0;0;1;0;0;0;0;0;0;2;1;1;0;0
14/03/2022;07:49:00;37;Sem vítima;298,050;BR-101/RJ;Decrescente;Colisão lateral no mesmo sentido;1;0;0;0;1;0;0;0;0;0;2;0;0;0;0
14/03/2022;11:48:00;94;Com vítima;147,714;BR-101/RJ;Decrescente;Engavetamento;1;0;4;0;0;0;0;0;0;0;0;4;2;0;0
18/03/2022;03:37:36;12;Com vítima;317,600;BR-101/RJ;Crescente;Choque;1;0;0;0;0;0;0;0;0;0;0;1;1;0;0
18/03/2022;06:53:18;28;Com vítima;299,326;BR-101/RJ;Crescente;Colisão lateral no mesmo sentido;0;1;1;0;0;0;0;0;0;0;2;0;0;0;0
18/03/2022;07:28:09;35;Com vítima;310,312;BR-101/RJ;Decrescente;Colisão lateral no mesmo sentido;1;0;0;1;0;0;0;0;0;0;1;1;0;0;0
18/03/2022;08:49:37;66;Sem vítima;27,773;BR-101/RJ;Decrescente;Colisão traseira;2;0;0;0;0;0;0;0;0;0;8;0;0;0;0
18/03/2022;09:43:13;86;Com vítima;95,094;BR-101/RJ;Decrescente;Tombamento;0;0;1;0;0;0;0;0;0;0;1;2;0;0;0
18/03/2022;13:46:13;143;Com vítima;270,172;BR-101/RJ;Decrescente;Colisão traseira;1;0;0;1;0;0;0;0;0;0;1;1;0;0;0
18/03/2022;17:46:43;197;Sem vítima;311,002;BR-101/RJ;Decrescente;Colisão lateral no mesmo sentido;2;0;0;0;0;0;0;0;0;0;6;0;0;0;0
18/03/2022;18:00:05;200;Sem vítima;266,697;BR-101/RJ;Decrescente;Atropelamento de animal;1;0;0;0;0;0;0;0;0;0;1;0;0;0;0
18/03/2022;23:29:24;236;Sem vítima;314,365;BR-101/RJ;Crescente;Capotamento;1;0;0;0;0;0;0;0;0;0;1;0;0;0;0
19/03/2022;00:46:05;3;Sem vítima;210,300;BR-101/RJ;Crescente;Choque;0;0;1;0;0;0;0;0;0;0;1;0;0;0;0
19/03/2022;01:52:11;7;Com vítima;196,183;BR-101/RJ;Crescente;Choque;1;0;0;0;0;0;0;0;0;0;0;1;0;0;0
19/03/2022;05:19:16;20;Com vítima;239,636;BR-101/RJ;Decrescente;Choque;0;0;0;0;0;0;0;0;0;1;0;0;1;0;0
19/03/2022;07:06:11;26;Sem vítima;314,831;BR-101/RJ;Decrescente;Choque;1;0;0;0;0;0;0;0;0;0;1;0;0;0;0
19/03/2022;08:55:14;42;Com vítima;57,600;BR-101/RJ;Decrescente;Tombamento;0;0;0;1;0;0;0;0;0;0;0;1;0;0;0
22/03/2022;20:16:56;173;Com vítima;104,704;BR-101/RJ;Crescente;Atropelamento de animal;0;0;0;0;0;0;0;0;0;1;3;0;0;0;0
23/03/2022;10:24:42;87;Com vítima;318,057;BR-101/RJ;Decrescente;Saída de pista;0;0;1;0;0;0;0;0;0;0;0;0;1;0;0
23/03/2022;16:59:34;155;Sem vítima;275,985;BR-101/RJ;Decrescente;Colisão lateral no mesmo sentido;0;0;2;0;0;0;0;0;0;0;2;0;0;0;0
25/03/2022;04:34:37;16;Com vítima;252,103;BR-101/RJ;Decrescente;Colisão traseira;0;0;2;0;0;0;0;0;0;0;1;1;0;0;0
25/03/2022;06:58:58;29;Sem vítima;125,035;BR-101/RJ;Decrescente;Colisão lateral no mesmo sentido;1;0;0;0;0;0;0;0;0;0;1;0;0;0;0
25/03/2022;08:10:49;50;Com vítima;315,903;BR-101/RJ;Decrescente;Colisão lateral no mesmo sentido;1;0;0;1;0;0;0;0;0;0;1;1;1;0;0
25/03/2022;08:57:52;67;Sem vítima;239,864;BR-101/RJ;Crescente;Choque;1;0;0;0;0;0;0;0;0;0;1;0;0;0;0
25/03/2022;09:21:35;76;Sem vítima;308,375;BR-101/RJ;Decrescente;Colisão traseira;1;0;0;0;0;0;0;0;0;1;2;0;0;0;0
25/03/2022;13:37:08;141;Sem vítima;302,326;BR-101/RJ;Decrescente;Colisão traseira;1;0;1;0;0;0;0;0;0;0;2;0;0;0;0
25/03/2022;15:56:00;180;Sem vítima;300,057;BR-101/RJ;Decrescente;Colisão lateral no mesmo sentido;1;0;1;0;0;0;0;0;0;0;2;0;0;0;0
25/03/2022;16:21:55;188;Com vítima;165,183;BR-101/RJ;Decrescente;Colisão frontal;1;0;1;0;0;0;0;0;0;0;3;1;0;0;0
27/03/2022;05:12:17;19;Com vítima;277,602;BR-101/RJ;Crescente;Choque;1;0;0;0;0;0;0;0;0;0;0;0;1;0;0
27/03/2022;07:25:24;30;Sem vítima;266,070;BR-101/RJ;Crescente;Choque;1;0;0;0;0;0;0;0;0;0;1;0;0;0;0
27/03/2022;10:59:24;56;Sem vítima;252,746;BR-101/RJ;Crescente;Colisão traseira;1;0;1;0;0;0;0;0;0;0;2;0;0;0;0
27/03/2022;14:04:26;79;Com vítima;293,328;BR-101/RJ;Crescente;Colisão traseira;1;0;0;1;0;0;0;0;0;0;1;1;0;0;0
27/03/2022;14:12:06;82;Com vítima;283,202;BR-101/RJ;Crescente;Colisão lateral no mesmo sentido;1;0;0;1;0;0;0;0;0;0;4;1;0;0;0
27/03/2022;20:44:35;130;Com vítima;275,174;BR-101/RJ;Decrescente;Colisão traseira;1;0;0;1;0;0;0;0;0;0;1;1;0;0;0
27/03/2022;21:39:26;142;Sem vítima;274,850;BR-101/RJ;Decrescente;Colisão lateral no mesmo sentido;1;0;0;0;0;0;0;0;0;0;1;0;0;0;0
27/03/2022;21:57:10;144;Com vítima;275,174;BR-101/RJ;Decrescente;Colisão lateral no mesmo sentido;1;0;0;1;0;0;0;0;0;0;3;1;0;0;0
28/03/2022;06:22:45;25;Com vítima;309,716;BR-101/RJ;Crescente;Engavetamento;3;0;0;0;0;0;0;0;0;0;2;1;0;0;0
28/03/2022;14:03:16;143;Com vítima;33,886;BR-101/RJ;Crescente;Colisão lateral no mesmo sentido;0;0;1;1;0;0;0;0;0;0;1;1;0;1;0
28/03/2022;18:22:21;183;Sem vítima;317,165;BR-101/RJ;Crescente;Colisão traseira;1;0;0;0;0;0;0;0;0;1;2;0;0;0;0
28/03/2022;19:34:04;191;Sem vítima;85,954;BR-101/RJ;Crescente;Choque;0;0;0;0;0;0;0;0;0;1;1;0;0;0;0
29/03/2022;01:36:28;8;Sem vítima;123,144;BR-101/RJ;Decrescente;Colisão traseira;0;0;2;0;0;0;0;0;0;0;4;0;0;0;0
29/03/2022;11:42:58;99;Com vítima;205,981;BR-101/RJ;Crescente;Engavetamento;2;0;0;1;0;0;0;0;0;0;2;2;0;0;0
29/03/2022;14:47:51;130;Com vítima;316,885;BR-101/RJ;Crescente;Engavetamento;2;0;0;0;0;0;0;0;0;1;5;1;0;0;0
29/03/2022;18:43:02;166;Com vítima;71,069;BR-101/RJ;Decrescente;Atropelamento de ciclista;0;1;0;0;1;0;0;0;0;0;1;0;0;0;0
29/03/2022;19:04:55;171;Com vítima;317,385;BR-101/RJ;Crescente;Colisão traseira;1;1;0;0;0;0;0;0;0;0;1;0;0;0;0
30/03/2022;00:42:59;2;Sem vítima;263,864;BR-101/RJ;Crescente;Choque;1;0;0;0;0;0;0;0;0;0;1;0;0;0;0
30/03/2022;06:13:27;18;Com vítima;56,347;BR-101/RJ;Decrescente;Colisão traseira;0;0;2;1;0;0;0;0;0;0;2;1;1;0;0
30/03/2022;08:34:22;42;Sem vítima;305,387;BR-101/RJ;Decrescente;Acidentes de outra natureza;1;0;1;0;0;0;0;0;0;0;2;0;0;0;0
30/03/2022;09:49:37;70;Com vítima;58,649;BR-101/RJ;Crescente;Atropelamento de pedestre;1;0;0;0;0;0;0;0;0;0;1;1;0;0;0
30/03/2022;14:45:41;130;Sem vítima;318,318;BR-101/RJ;Decrescente;Colisão lateral no mesmo sentido;1;0;1;0;0;0;0;0;0;0;0;0;0;0;0
30/03/2022;17:26:45;163;Sem vítima;252,800;BR-101/RJ;Crescente;Choque;0;0;1;0;0;0;0;0;0;0;0;0;0;0;0
30/03/2022;21:08:07;194;Sem vítima;181,636;BR-101/RJ;Decrescente;Colisão traseira;0;0;1;0;0;0;0;0;0;0;1;0;0;0;0
30/03/2022;21:41:22;196;Com vítima;71,490;BR-101/RJ;Decrescente;Colisão traseira;0;0;0;2;0;0;0;0;0;0;0;2;0;0;0
31/03/2022;05:10:21;20;Sem vítima;299,400;BR-101/RJ;Crescente;Colisão traseira;1;0;1;0;0;0;0;0;0;0;3;0;0;0;0
31/03/2022;07:38:29;44;Com vítima;32,072;BR-101/RJ;Decrescente;Tombamento;0;0;0;1;0;0;0;0;0;0;0;1;0;0;0
31/03/2022;12:44:29;129;Com vítima;313,399;BR-101/RJ;Decrescente;Tombamento;0;0;0;1;0;0;0;0;0;0;0;1;0;0;0
31/03/2022;16:34:26;169;Sem vítima;296,993;BR-101/RJ;Crescente;Engavetamento;3;0;0;0;0;0;0;0;0;0;0;0;0;0;0
01/04/2022;09:09:27;91;Sem vítima;297,379;BR-101/RJ;Decrescente;Colisão lateral no mesmo sentido;1;0;1;0;0;0;0;0;0;0;0;0;0;0;0
01/04/2022;17:04:45;170;Com vítima;317,156;BR-101/RJ;Crescente;Engavetamento;3;0;0;0;0;0;0;0;0;0;5;1;0;0;0
01/04/2022;17:35:41;180;Com vítima;67,420;BR-101/RJ;Decrescente;Colisão lateral no mesmo sentido;1;0;0;1;0;0;0;0;0;0;1;0;1;0;0
01/04/2022;18:38:16;195;Sem vítima;300,955;BR-101/RJ;Crescente;Choque;1;0;0;0;0;0;0;0;0;0;1;0;0;0;0
01/04/2022;18:48:22;198;Sem vítima;208,115;BR-101/RJ;Crescente;Colisão traseira;2;0;0;0;0;0;0;0;0;0;2;0;0;0;0
02/04/2022;00:15:16;5;Com vítima;238,397;BR-101/RJ;Decrescente;Tombamento;0;0;0;1;0;0;0;0;0;0;0;1;0;0;0
02/04/2022;03:58:33;15;Sem vítima;320,050;BR-101/RJ;Crescente;Choque;1;0;0;0;0;0;0;0;0;0;1;0;0;0;0
02/04/2022;08:48:26;41;Sem vítima;307,610;BR-101/RJ;Crescente;Colisão traseira;2;0;0;0;0;0;0;0;0;0;9;0;0;0;0
02/04/2022;12:56:02;95;Com vítima;120,617;BR-101/RJ;Decrescente;Choque;1;0;0;0;0;0;0;0;0;0;0;3;0;0;0
02/04/2022;17:07:33;130;Com vítima;169,113;BR-101/RJ;Decrescente;Choque;0;0;0;0;0;0;0;0;0;2;14;1;0;0;0
02/04/2022;18:29:45;141;Com vítima;101,066;BR-101/RJ;Decrescente;Colisão traseira;0;0;0;1;0;0;0;0;0;0;0;0;2;0;0
02/04/2022;18:52:08;143;Sem vítima;132,289;BR-101/RJ;Crescente;Choque;1;0;0;0;0;0;0;0;0;0;0;0;0;0;0
02/04/2022;22:04:49;161;Com vítima;294,170;BR-101/RJ;Crescente;Tombamento;0;0;0;1;0;0;0;0;0;0;0;0;1;1;0
02/04/2022;23:56:57;173;Sem vítima;277,650;BR-101/RJ;Decrescente;Choque;1;0;0;0;0;0;0;0;0;0;1;0;0;0;0
03/04/2022;03:54:33;14;Sem vítima;218,200;BR-101/RJ;Crescente;Colisão traseira;1;0;1;0;0;0;0;0;0;0;3;0;0;0;0
03/04/2022;06:11:10;23;Sem vítima;178,071;BR-101/RJ;Crescente;Saída de pista;1;0;0;0;0;0;0;0;0;0;2;0;0;0;0
03/04/2022;15:54:11;104;Com vítima;302,190;BR-101/RJ;Crescente;Tombamento;0;0;0;1;0;0;0;0;0;0;0;2;0;0;0
04/04/2022;03:02:55;9;Sem vítima;307,858;BR-101/RJ;Crescente;Choque;1;0;0;0;0;0;0;0;0;0;1;0;0;0;0
04/04/2022;03:41:36;11;Sem vítima;316,305;BR-101/RJ;Decrescente;Choque;1;0;0;0;0;0;0;0;0;0;3;0;0;0;0
04/04/2022;06:36:03;20;Com vítima;305,685;BR-101/RJ;Crescente;Colisão traseira;2;0;0;0;0;0;0;0;0;0;0;3;1;0;0
04/04/2022;08:16:05;47;Com vítima;282,730;BR-101/RJ;Crescente;Tombamento;0;0;0;1;0;0;0;0;0;0;0;1;0;0;0
04/04/2022;09:14:04;56;Com vítima;244,496;BR-101/RJ;Crescente;Tombamento;0;0;1;0;0;0;0;0;0;0;0;0;1;0;0
04/04/2022;14:57:17;108;Com vítima;282,990;BR-101/RJ;Decrescente;Tombamento;0;0;0;1;0;0;0;0;0;0;0;0;1;0;0
04/04/2022;15:02:44;110;Com vítima;66,439;BR-101/RJ;Decrescente;Tombamento;1;0;0;1;0;0;0;0;0;0;0;1;0;0;0
05/04/2022;13:36:30;108;Com vítima;297,352;BR-101/RJ;Decrescente;Atropelamento de pedestre;0;0;1;0;0;0;0;0;0;0;1;0;0;1;0
06/04/2022;08:09:24;32;Sem vítima;282,752;BR-101/RJ;Crescente;Choque;0;0;0;0;0;0;0;0;0;1;1;0;0;0;0
06/04/2022;08:26:55;37;Sem vítima;162,800;BR-101/RJ;Crescente;Colisão traseira;1;0;1;0;0;0;0;0;0;0;3;0;0;0;0
06/04/2022;22:30:43;169;Com vítima;61,609;BR-101/RJ;Crescente;Colisão lateral no mesmo sentido;0;0;0;1;0;0;0;0;0;0;0;1;0;0;0
07/04/2022;06:16:06;19;Sem vítima;266,207;BR-101/RJ;Decrescente;Colisão traseira;2;0;0;0;0;0;0;0;0;0;4;0;0;0;0
07/04/2022;12:18:54;96;Sem vítima;60,258;BR-101/RJ;Crescente;Colisão lateral no mesmo sentido;1;0;0;0;0;0;0;0;0;1;0;0;0;0;0
07/04/2022;14:52:26;126;Com vítima;297,935;BR-101/RJ;Decrescente;Choque;1;0;0;0;0;0;0;0;0;0;0;2;0;0;0
07/04/2022;17:46:54;153;Com vítima;276,392;BR-101/RJ;Decrescente;Colisão traseira;1;0;0;1;0;0;0;0;0;0;1;1;0;0;0
08/04/2022;12:31:07;110;Com vítima;262,849;BR-101/RJ;Decrescente;Tombamento;0;0;0;1;0;0;0;0;0;0;0;2;0;0;0
08/04/2022;13:08:45;115;Com vítima;268,800;BR-101/RJ;Crescente;Colisão traseira;1;0;1;0;0;0;0;0;0;0;2;1;2;0;0
08/04/2022;16:49:24;144;Com vítima;299,368;BR-101/RJ;Crescente;Colisão traseira;1;0;0;0;0;0;0;0;0;1;3;1;0;0;0
08/04/2022;18:51:14;166;Com vítima;68,273;BR-101/RJ;Crescente;Colisão traseira;1;0;0;0;0;0;0;0;0;1;1;1;0;0;0
08/04/2022;19:00:57;169;Com vítima;71,166;BR-101/RJ;Crescente;Tombamento;0;1;0;0;0;0;0;0;0;0;0;0;0;0;0
09/04/2022;02:43:09;8;Sem vítima;262,154;BR-101/RJ;Crescente;Capotamento;1;0;0;0;0;0;0;0;0;0;1;0;0;0;0
09/04/2022;05:39:09;11;Sem vítima;318,244;BR-101/RJ;Decrescente;Choque;0;0;0;0;0;0;0;0;0;1;0;0;0;0;0
09/04/2022;08:01:51;19;Sem vítima;308,787;BR-101/RJ;Crescente;Colisão traseira;1;0;0;0;0;0;0;0;0;1;0;0;0;0;0
09/04/2022;08:02:19;20;Sem vítima;144,371;BR-101/RJ;Decrescente;Choque;1;0;0;0;0;0;0;0;0;0;1;0;0;0;0
09/04/2022;08:11:03;23;Sem vítima;92,043;BR-101/RJ;Crescente;Choque;1;0;0;0;0;0;0;0;0;0;2;0;0;0;0
09/04/2022;10:58:48;42;Sem vítima;64,082;BR-101/RJ;Decrescente;Colisão transversal;1;0;1;0;0;0;0;0;0;0;2;0;0;0;0
10/04/2022;03:34:55;19;Sem vítima;302,200;BR-101/RJ;Decrescente;Colisão traseira;2;0;0;0;0;0;0;0;0;0;3;0;0;0;0
10/04/2022;08:26:11;52;Com vítima;282,843;BR-101/RJ;Crescente;Tombamento;0;0;0;1;0;0;0;0;0;0;0;0;1;0;0
10/04/2022;13:29:48;94;Sem vítima;321,981;BR-101/RJ;Decrescente;Colisão traseira;2;0;0;0;0;0;0;0;0;0;8;0;0;0;0
10/04/2022;19:46:23;141;Sem vítima;272,902;BR-101/RJ;Decrescente;Choque;1;0;0;0;1;0;0;0;0;0;6;0;0;0;0
11/04/2022;01:25:25;7;Com vítima;310,600;BR-101/RJ;Crescente;Choque;1;0;0;0;0;0;0;0;0;0;0;2;2;0;0
11/04/2022;01:44:14;8;Sem vítima;265,473;BR-101/RJ;Decrescente;Capotamento;1;0;0;0;0;0;0;0;0;0;0;0;0;0;0
11/04/2022;04:48:39;15;Com vítima;95,179;BR-101/RJ;Decrescente;Capotamento;1;0;0;0;0;0;0;0;0;0;0;0;2;0;0
11/04/2022;08:06:39;46;Com vítima;313,431;BR-101/RJ;Decrescente;Colisão traseira;0;0;1;1;0;0;0;0;0;0;2;2;0;0;0
11/04/2022;09:29:59;65;Sem vítima;65,740;BR-101/RJ;Decrescente;Colisão traseira;1;0;1;0;0;0;0;0;0;0;4;0;0;0;0
11/04/2022;10:36:59;80;Com vítima;251,662;BR-101/RJ;Decrescente;Choque;0;0;1;0;0;0;0;0;0;0;0;2;0;0;0
11/04/2022;13:20:14;109;Com vítima;272,470;BR-101/RJ;Decrescente;Choque;0;0;0;0;0;0;0;0;0;1;0;1;0;0;0
11/04/2022;15:33:39;127;Sem vítima;40,531;BR-101/RJ;Decrescente;Colisão traseira;1;0;1;0;0;0;0;0;0;0;3;0;0;0;0
11/04/2022;18:21:58;157;Com vítima;82,145;BR-101/RJ;Crescente;Colisão traseira;0;0;1;1;0;0;0;0;0;0;2;1;0;0;0
11/04/2022;19:29:11;169;Sem vítima;297,267;BR-101/RJ;Crescente;Colisão lateral no mesmo sentido;1;0;1;0;0;0;0;0;0;0;0;0;0;0;0
12/04/2022;13:20:13;94;Sem vítima;316,942;BR-101/RJ;Crescente;Engavetamento;2;0;0;0;0;0;0;0;0;0;2;0;0;0;0
12/04/2022;15:23:05;113;Com vítima;55,291;BR-101/RJ;Crescente;Tombamento;0;0;0;1;0;0;0;0;0;0;0;1;0;0;0
12/04/2022;21:43:59;174;Com vítima;120,487;BR-101/RJ;Crescente;Atropelamento de pedestre;1;0;0;0;0;0;0;0;0;0;1;0;0;1;0
13/04/2022;06:23:23;20;Sem vítima;309,794;BR-101/RJ;Decrescente;Colisão traseira;1;0;0;0;0;0;0;0;0;1;6;0;0;0;0
13/04/2022;11:57:09;105;Com vítima;88,156;BR-101/RJ;Crescente;Choque;1;0;0;0;0;0;0;0;0;0;0;1;0;0;0
13/04/2022;18:30:39;180;Sem vítima;209,878;BR-101/RJ;Decrescente;Choque;1;0;0;0;0;0;0;0;0;0;2;0;0;0;0
14/04/2022;19:17:19;205;Com vítima;295,863;BR-101/RJ;Crescente;Colisão lateral no mesmo sentido;0;0;0;1;0;0;0;0;0;1;1;1;0;0;0
14/04/2022;20:03:23;214;Sem vítima;67,493;BR-101/RJ;Crescente;Colisão transversal;2;0;0;0;0;0;0;0;0;0;3;0;0;0;0
14/04/2022;20:53:56;221;Sem vítima;87,476;BR-101/RJ;Crescente;Choque;1;0;0;0;0;0;0;0;0;0;3;0;0;0;0
14/04/2022;21:08:51;227;Sem vítima;85,895;BR-101/RJ;Crescente;Choque;1;0;0;0;0;0;0;0;0;0;2;0;0;0;0
15/04/2022;01:43:42;7;Sem vítima;318,300;BR-101/RJ;Crescente;Choque;1;0;0;0;0;0;0;0;0;0;4;0;0;0;0
15/04/2022;02:39:36;13;Com vítima;275,795;BR-101/RJ;Crescente;Atropelamento de animal;1;0;0;0;0;0;0;0;0;0;1;0;0;0;0
15/04/2022;07:22:27;45;Sem vítima;209,482;BR-101/RJ;Decrescente;Saída de pista;1;0;0;0;0;0;0;0;0;0;1;0;0;0;0
15/04/2022;09:19:32;68;Com vítima;291,839;BR-101/RJ;Crescente;Saída de pista;1;0;0;0;0;0;0;0;0;0;4;1;0;0;0
15/04/2022;19:00:38;185;Com vítima;59,978;BR-101/RJ;Crescente;Tombamento;0;0;0;1;0;0;0;0;0;0;0;0;1;0;0
16/04/2022;04:49:21;22;Com vítima;50,010;BR-101/RJ;Decrescente;Tombamento;0;0;0;1;0;0;0;0;0;0;0;0;1;0;1
16/04/2022;07:38:19;31;Sem vítima;318,244;BR-101/RJ;Decrescente;Choque;0;0;0;1;0;0;0;0;0;0;1;0;0;0;0
16/04/2022;10:09:57;46;Com vítima;51,711;BR-101/RJ;Decrescente;Colisão transversal;1;1;0;0;0;0;0;0;0;0;2;0;0;0;0
16/04/2022;10:49:43;53;Sem vítima;306,580;BR-101/RJ;Decrescente;Colisão traseira;2;0;0;0;0;0;0;0;0;0;2;0;0;0;0
16/04/2022;22:11:50;133;Com vítima;274,643;BR-101/RJ;Decrescente;Atropelamento de animal;1;0;0;0;0;0;0;0;0;0;1;0;0;0;0
17/04/2022;06:17:59;27;Com vítima;293,062;BR-101/RJ;Decrescente;Tombamento;0;0;1;0;0;0;0;0;0;0;0;1;0;0;0
17/04/2022;07:19:55;29;Com vítima;132,716;BR-101/RJ;Decrescente;Atropelamento de animal;1;0;0;0;0;0;0;0;0;0;3;0;0;0;0
17/04/2022;10:24:28;52;Com vítima;211,055;BR-101/RJ;Decrescente;Choque;1;0;0;0;0;0;0;0;0;0;0;3;0;0;0
17/04/2022;13:32:15;87;Sem vítima;310,900;BR-101/RJ;Decrescente;Colisão traseira;1;0;0;0;0;0;0;0;0;1;0;0;0;0;0
17/04/2022;16:58:44;121;Com vítima;37,270;BR-101/RJ;Decrescente;Colisão frontal;1;0;0;1;0;0;0;0;0;0;1;0;1;0;0
17/04/2022;17:30:52;130;Sem vítima;80,107;BR-101/RJ;Crescente;Engavetamento;3;0;0;0;0;0;0;0;0;0;9;0;0;0;0
17/04/2022;20:09:45;155;Com vítima;159,250;BR-101/RJ;Crescente;Choque;1;0;0;0;0;0;0;0;0;0;3;2;0;0;0
17/04/2022;20:21:15;157;Sem vítima;189,957;BR-101/RJ;Crescente;Colisão lateral no mesmo sentido;0;0;0;0;0;0;0;0;0;1;1;0;0;0;0
17/04/2022;21:17:56;168;Com vítima;313,553;BR-101/RJ;Decrescente;Atropelamento de pedestre;1;0;0;0;0;0;0;0;0;0;2;0;1;0;0
17/04/2022;22:17:30;175;Com vítima;308,308;BR-101/RJ;Decrescente;Colisão traseira;1;0;0;1;0;0;0;0;0;0;1;0;1;0;0
18/04/2022;06:58:37;36;Com vítima;57,604;BR-101/RJ;Crescente;Colisão traseira;0;0;0;2;0;0;0;0;0;0;2;0;1;0;0
18/04/2022;08:05:11;51;Sem vítima;316,674;BR-101/RJ;Decrescente;Colisão traseira;1;0;0;1;0;0;0;0;0;0;4;0;0;0;0