data;horario;n_da_ocorrencia;tipo_de_ocorrencia;km;trecho;sentido;tipo_de_acidente;automovel;bicicleta;caminhao;moto;onibus;outros;tracao_animal;transporte_de_cargas_especiais;trator_maquinas;utilitarios;ilesos;levemente_feridos;moderadamente_feridos;gravemente_feridos;mortos
18/04/2022;19:26:44;197;Sem vítima;312,059;BR-101/RJ;Decrescente;Engavetamento;5;0;0;0;0;0;0;0;0;1;6;0;0;0;0
19/04/2022;08:49:42;71;Sem vítima;97,400;BR-101/RJ;Crescente;Choque;0;0;1;0;0;0;0;0;0;0;1;0;0;0;0
19/04/2022;09:27:23;82;Com vítima;303,748;BR-101/RJ;Crescente;Colisão transversal;1;0;0;1;0;0;0;0;0;0;2;1;0;0;0
19/04/2022;13:54:32;132;Com vítima;157,316;BR-101/RJ;Crescente;Choque;1;0;0;0;0;0;0;0;0;0;0;1;0;0;0
19/04/2022;16:10:54;164;Com vítima;294,071;BR-101/RJ;Crescente;Colisão traseira;0;0;0;1;0;0;0;0;0;2;1;1;0;0;0
19/04/2022;16:56:11;173;Sem vítima;229,506;BR-101/RJ;Decrescente;Choque;1;0;0;0;0;0;0;0;0;0;3;0;0;0;0
19/04/2022;17:06:43;178;Sem vítima;310,751;BR-101/RJ;Crescente;Engavetamento;3;0;0;0;0;0;0;0;0;0;9;0;0;0;0
20/04/2022;07:10:17;33;Sem vítima;303,286;BR-101/RJ;Crescente;Colisão traseira;0;0;1;0;0;0;0;0;0;0;3;0;0;0;0
20/04/2022;09:32:52;71;Sem vítima;63,814;BR-101/RJ;Decrescente;Colisão lateral no mesmo sentido;1;0;1;0;0;0;0;0;0;0;0;0;0;0;0
20/04/2022;11:55:08;108;Com vítima;304,800;BR-101/RJ;Decrescente;Tombamento;0;0;0;1;0;0;0;0;0;0;0;1;0;0;0
20/04/2022;14:32:18;126;Sem vítima;286,100;BR-101/RJ;Decrescente;Choque;1;0;0;0;0;0;0;0;0;0;1;0;0;0;0
20/04/2022;15:09:32;137;Com vítima;144,392;BR-101/RJ;Decrescente;Tombamento;0;0;0;1;0;0;0;0;0;0;0;0;1;0;0
20/04/2022;16:01:13;152;Sem vítima;294,236;BR-101/RJ;Crescente;Colisão lateral no mesmo sentido;1;0;1;0;0;0;0;0;0;0;4;0;0;0;0
20/04/2022;17:57:33;177;Sem vítima;277,565;BR-101/RJ;Decrescente;Colisão traseira;1;0;0;0;0;0;0;0;0;0;1;0;0;0;0
21/04/2022;05:09:51;30;Sem vítima;92,051;BR-101/RJ;Decrescente;Saída de pista;1;0;0;0;0;0;0;0;0;0;2;0;0;0;0
21/04/2022;07:40:01;49;Com vítima;67,350;BR-101/RJ;Decrescente;Engavetamento;3;0;0;0;0;0;0;0;0;0;3;2;0;0;0
21/04/2022;08:26:07;61;Sem vítima;64,321;BR-101/RJ;Crescente;Colisão traseira;1;0;0;0;1;0;0;0;0;0;2;0;0;0;0
21/04/2022;10:59:09;98;Com vítima;303,877;BR-101/RJ;Crescente;Engavetamento;2;0;0;0;0;0;0;0;0;0;6;0;1;0;0
21/04/2022;11:04:53;100;Sem vítima;307,514;BR-101/RJ;Crescente;Colisão traseira;2;0;0;0;0;0;0;0;0;0;0;0;0;0;0
21/04/2022;15:19:59;166;Com vítima;63,157;BR-101/RJ;Decrescente;Engavetamento;1;0;2;0;0;0;0;0;0;0;2;3;0;0;0
21/04/2022;20:31:50;213;Com vítima;79,669;BR-101/RJ;Decrescente;Colisão traseira;1;0;1;1;0;0;0;0;0;0;1;0;0;1;0
21/04/2022;21:58:43;220;Com vítima;297,938;BR-101/RJ;Decrescente;Tombamento;0;0;0;1;0;0;0;0;0;0;0;1;0;0;0
22/04/2022;00:14:02;2;Com vítima;193,930;BR-101/RJ;Decrescente;Colisão traseira;0;0;2;0;0;0;0;0;0;0;1;1;0;0;1
22/04/2022;02:03:03;9;Sem vítima;310,370;BR-101/RJ;Crescente;Choque;1;0;0;0;0;0;0;0;0;0;2;0;0;0;0
22/04/2022;11:08:10;64;Sem vítima;297,924;BR-101/RJ;Decrescente;Choque;0;0;1;0;0;0;0;0;0;0;0;0;0;0;0
22/04/2022;13:39:04;83;Com vítima;304,673;BR-101/RJ;Crescente;Tombamento;0;0;0;1;0;0;0;0;0;0;0;2;0;0;0
22/04/2022;18:43:24;132;Sem vítima;14,950;BR-101/RJ;Decrescente;Choque;1;0;0;0;0;0;0;0;0;0;2;0;0;0;0
23/04/2022;04:28:11;21;Com vítima;216,779;BR-101/RJ;Decrescente;Colisão frontal;1;0;1;0;0;0;0;0;0;0;3;1;1;0;0
23/04/2022;07:00:59;32;Com vítima;33,482;BR-101/RJ;Crescente;Colisão transversal;2;0;0;0;0;0;0;0;0;0;1;0;1;0;0
23/04/2022;13:01:37;82;Com vítima;257,119;BR-101/RJ;Decrescente;Atropelamento de pedestre;0;0;1;0;0;0;0;0;0;0;0;1;1;0;1
23/04/2022;15:17:17;101;Com vítima;237,600;BR-101/RJ;Decrescente;Colisão traseira;0;0;1;1;0;0;0;0;0;0;2;0;0;1;0
23/04/2022;19:42:40;138;Sem vítima;307,391;BR-101/RJ;Decrescente;Colisão traseira;2;0;0;0;0;0;0;0;0;0;2;0;0;0;0
23/04/2022;23:08:24;162;Sem vítima;177,712;BR-101/RJ;Crescente;Atropelamento de animal;1;0;0;0;0;0;0;0;0;0;3;0;0;0;0
24/04/2022;03:23:34;14;Sem vítima;290,863;BR-101/RJ;Decrescente;Colisão traseira;1;0;0;1;0;0;0;0;0;0;2;0;0;0;0
24/04/2022;06:39:14;25;Com vítima;66,681;BR-101/RJ;Crescente;Choque;0;0;0;1;0;0;0;0;0;0;0;0;0;0;1
24/04/2022;10:03:00;50;Sem vítima;263,233;BR-101/RJ;Decrescente;Colisão traseira;2;0;0;0;0;0;0;0;0;0;6;0;0;0;0
24/04/2022;12:55:12;79;Sem vítima;306,338;BR-101/RJ;Decrescente;Colisão traseira;2;0;0;0;0;0;0;0;0;0;1;0;0;0;0
24/04/2022;13:12:06;86;Com vítima;219,106;BR-101/RJ;Crescente;Capotamento;1;0;0;0;0;0;0;0;0;0;0;0;1;0;0
24/04/2022;14:57:55;106;Com vítima;303,062;BR-101/RJ;Crescente;Capotamento;1;0;0;0;0;0;0;0;0;0;0;1;1;0;0
24/04/2022;15:30:39;113;Com vítima;183,639;BR-101/RJ;Crescente;Colisão frontal;2;0;0;0;0;0;0;0;0;1;0;2;1;5;1
24/04/2022;17:04:47;131;Com vítima;187,347;BR-101/RJ;Decrescente;Colisão traseira;2;0;0;0;0;0;0;0;0;0;4;2;0;0;0
24/04/2022;18:53:06;161;Com vítima;53,433;BR-101/RJ;Decrescente;Engavetamento;3;0;0;0;0;0;0;0;0;0;6;2;0;0;0
24/04/2022;19:24:06;171;Sem vítima;206,478;BR-101/RJ;Decrescente;Engavetamento;2;0;0;0;0;0;0;0;0;0;4;0;0;0;0
25/04/2022;08:12:15;54;Sem vítima;315,066;BR-101/RJ;Decrescente;Colisão traseira;2;0;0;0;0;0;0;0;0;0;0;0;0;0;0
25/04/2022;09:38:47;88;Com vítima;282,955;BR-101/RJ;Decrescente;Choque;1;0;0;0;0;0;0;0;0;0;0;3;0;0;0
25/04/2022;11:18:49;115;Sem vítima;312,851;BR-101/RJ;Decrescente;Engavetamento;3;0;0;0;0;0;0;0;0;1;11;0;0;0;0
25/04/2022;16:47:25;184;Sem vítima;61,757;BR-101/RJ;Crescente;Colisão traseira;0;0;2;0;0;0;0;0;0;0;2;0;0;0;0
25/04/2022;17:15:13;188;Com vítima;296,843;BR-101/RJ;Crescente;Colisão lateral no mesmo sentido;1;0;0;0;0;0;0;0;0;0;0;0;1;0;0
25/04/2022;18:33:33;195;Sem vítima;70,086;BR-101/RJ;Crescente;Engavetamento;3;0;0;0;0;0;0;0;0;0;8;0;0;0;0
26/04/2022;00:49:30;6;Com vítima;218,295;BR-101/RJ;Crescente;Choque;1;0;0;0;0;0;0;0;0;0;1;1;0;0;0
26/04/2022;08:00:20;46;Com vítima;319,300;BR-101/RJ;Decrescente;Colisão lateral no mesmo sentido;1;0;0;1;0;0;0;0;0;0;1;2;0;0;0
26/04/2022;09:46:55;88;Com vítima;82,837;BR-101/RJ;Crescente;Colisão frontal;2;0;1;0;0;0;0;0;0;0;0;2;0;0;1
26/04/2022;13:35:04;128;Com vítima;195,988;BR-101/RJ;Crescente;Choque;1;0;0;0;0;0;0;0;0;0;2;1;0;0;0
26/04/2022;15:14:10;140;Com vítima;273,700;BR-101/RJ;Decrescente;Engavetamento;2;0;1;0;0;0;0;0;0;1;10;3;1;0;0
26/04/2022;20:16:30;187;Sem vítima;191,770;BR-101/RJ;Decrescente;Choque;0;0;1;0;0;0;0;0;0;0;1;0;0;0;0
27/04/2022;08:57:09;62;Com vítima;309,062;BR-101/RJ;Crescente;Colisão lateral no mesmo sentido;0;0;0;1;1;0;0;0;0;0;1;1;0;0;0
27/04/2022;16:41:27;170;Sem vítima;301,293;BR-101/RJ;Decrescente;Colisão lateral no mesmo sentido;1;0;1;0;0;0;0;0;0;0;3;0;0;0;0
28/04/2022;11:44:44;92;Sem vítima;204,365;BR-101/RJ;Crescente;Colisão lateral no mesmo sentido;1;1;0;0;0;0;0;0;0;0;1;0;0;0;0
28/04/2022;13:12:45;104;Sem vítima;261,167;BR-101/RJ;Decrescente;Colisão lateral no mesmo sentido;1;0;0;0;0;0;0;0;0;0;1;0;0;0;0
28/04/2022;14:45:00;119;Com vítima;182,900;BR-101/RJ;Crescente;Tombamento;0;0;0;1;0;0;0;0;0;0;0;0;1;0;0
29/04/2022;08:34:24;48;Sem vítima;66,491;BR-101/RJ;Decrescente;Colisão traseira;1;0;1;0;0;0;0;0;0;0;2;0;0;0;0
29/04/2022;13:31:26;119;Com vítima;86,163;BR-101/RJ;Decrescente;Tombamento;0;0;0;1;0;0;0;0;0;0;0;2;0;0;0
29/04/2022;18:02:49;169;Com vítima;122,638;BR-101/RJ;Decrescente;Acidentes de outra natureza;0;0;0;1;0;0;0;0;0;0;0;0;0;0;1
29/04/2022;18:26:04;173;Sem vítima;66,549;BR-101/RJ;Crescente;Colisão lateral no mesmo sentido;1;0;1;0;0;0;0;0;0;0;3;0;0;0;0
30/04/2022;08:27:04;57;Sem vítima;262,307;BR-101/RJ;Decrescente;Choque;0;0;0;0;0;0;0;0;0;1;0;0;0;0;0
30/04/2022;08:53:11;61;Com vítima;288,510;BR-101/RJ;Crescente;Capotamento;0;0;0;0;0;0;0;0;0;1;0;2;0;0;0
30/04/2022;09:41:13;79;Com vítima;224,551;BR-101/RJ;Crescente;Capotamento;1;0;0;0;0;0;0;0;0;0;1;2;0;0;0
30/04/2022;10:40:10;91;Com vítima;196,121;BR-101/RJ;Crescente;Choque;1;0;0;0;0;0;0;0;0;0;0;1;0;0;0
30/04/2022;11:36:16;96;Com vítima;65,028;BR-101/RJ;Crescente;Colisão lateral no mesmo sentido;0;0;0;1;0;0;0;0;0;0;0;1;0;0;0
30/04/2022;12:07:39;102;Com vítima;115,866;BR-101/RJ;Decrescente;Choque;1;0;0;0;0;0;0;0;0;0;0;0;1;0;0
30/04/2022;14:51:11;128;Com vítima;270,195;BR-101/RJ;Decrescente;Choque;1;0;0;0;0;0;0;0;0;0;0;0;1;0;0
30/04/2022;15:33:27;146;Sem vítima;309,543;BR-101/RJ;Decrescente;Choque;1;0;0;0;0;0;0;0;0;0;2;0;0;0;0
30/04/2022;17:49:07;171;Sem vítima;217,806;BR-101/RJ;Crescente;Choque;0;0;1;0;0;0;0;0;0;0;1;0;0;0;0
30/04/2022;19:33:15;188;Sem vítima;262,672;BR-101/RJ;Crescente;Choque;1;0;0;0;0;0;0;0;0;0;0;0;0;0;0
30/04/2022;20:37:46;192;Com vítima;270,194;BR-101/RJ;Decrescente;Choque;1;0;0;0;0;0;0;0;0;0;0;1;0;0;0
30/04/2022;23:23:05;209;Com vítima;295,500;BR-101/RJ;Crescente;Choque;1;0;0;0;0;0;0;0;0;0;2;1;0;0;0
30/04/2022;23:42:30;212;Sem vítima;295,499;BR-101/RJ;Crescente;Colisão traseira;1;0;0;0;0;0;0;0;0;0;2;0;0;0;0
01/05/2022;00:49:05;17;Sem vítima;227,870;BR-101/RJ;Decrescente;Choque;1;0;0;0;0;0;0;0;0;0;1;0;0;0;0
01/05/2022;07:41:40;33;Sem vítima;67,102;BR-101/RJ;Decrescente;Colisão transversal;2;0;0;0;0;0;0;0;0;0;0;0;0;0;0
01/05/2022;13:51:28;68;Sem vítima;50,010;BR-101/RJ;Decrescente;Choque;1;0;0;0;0;0;0;0;0;0;1;0;0;0;0
01/05/2022;14:49:56;79;Com vítima;259,181;BR-101/RJ;Decrescente;Atropelamento de animal;1;0;0;0;0;0;0;0;0;0;1;0;0;0;0
01/05/2022;17:13:10;106;Sem vítima;64,303;BR-101/RJ;Crescente;Colisão traseira;2;0;0;0;0;0;0;0;0;0;0;0;0;0;0
02/05/2022;05:16:36;26;Com vítima;243,151;BR-101/RJ;Crescente;Colisão traseira;1;0;0;1;0;0;0;0;0;0;1;1;0;0;0
02/05/2022;05:59:07;31;Sem vítima;62,494;BR-101/RJ;Crescente;Choque;1;0;0;0;0;0;0;0;0;0;1;0;0;0;0
02/05/2022;06:30:52;34;Com vítima;297,927;BR-101/RJ;Decrescente;Colisão lateral no mesmo sentido;0;0;0;1;1;0;0;0;0;0;1;1;0;0;0
02/05/2022;06:44:53;37;Com vítima;295,339;BR-101/RJ;Crescente;Capotamento;1;0;0;0;0;0;0;0;0;0;0;1;0;0;0
02/05/2022;07:17:32;46;Com vítima;279,155;BR-101/RJ;Decrescente;Tombamento;0;1;0;0;0;0;0;0;0;0;0;0;0;0;0
02/05/2022;08:04:49;60;Com vítima;275,066;BR-101/RJ;Decrescente;Atropelamento de pedestre;1;0;0;0;0;0;0;0;0;0;3;0;1;0;0
02/05/2022;09:28:15;102;Sem vítima;66,290;BR-101/RJ;Crescente;Colisão traseira;2;0;0;0;0;0;0;0;0;0;2;0;0;0;0
02/05/2022;17:45:01;196;Com vítima;305,667;BR-101/RJ;Crescente;Atropelamento de pedestre;0;0;0;1;0;0;0;0;0;0;0;0;0;0;1
02/05/2022;21:29:42;224;Com vítima;69,292;BR-101/RJ;Decrescente;Atropelamento de animal;1;0;0;1;0;0;0;0;0;0;0;2;0;0;0
02/05/2022;22:33:09;232;Com vítima;312,300;BR-101/RJ;Crescente;Colisão traseira;2;0;0;0;0;0;0;0;0;0;2;3;0;0;0
03/05/2022;00:31:35;3;Com vítima;299,306;BR-101/RJ;Decrescente;Choque;1;0;0;0;0;0;0;0;0;0;0;1;0;0;0
03/05/2022;05:20:33;20;Com vítima;305,283;BR-101/RJ;Crescente;Atropelamento de animal;3;0;0;0;0;0;0;0;0;0;2;1;0;0;0
03/05/2022;06:27:11;25;Com vítima;314,759;BR-101/RJ;Decrescente;Choque;1;0;0;0;0;0;0;0;0;0;1;1;0;0;0
03/05/2022;10:04:22;97;Com vítima;308,387;BR-101/RJ;Decrescente;Colisão traseira;1;0;0;0;0;0;0;0;0;1;2;0;1;0;0
03/05/2022;11:29:17;114;Sem vítima;304,938;BR-101/RJ;Decrescente;Colisão traseira;1;0;0;0;0;0;0;0;0;0;1;0;0;0;0
03/05/2022;16:27:13;170;Com vítima;306,061;BR-101/RJ;Crescente;Colisão transversal;2;0;0;0;0;0;0;0;0;0;2;1;0;0;0
03/05/2022;20:37:16;210;Sem vítima;199,733;BR-101/RJ;Decrescente;Saída de pista;1;0;0;0;0;0;0;0;0;0;1;0;0;0;0
04/05/2022;07:04:50;36;Sem vítima;316,328;BR-101/RJ;Decrescente;Colisão traseira;0;0;0;1;0;0;0;0;0;0;0;0;0;0;0
04/05/2022;12:27:44;114;Com vítima;65,554;BR-101/RJ;Decrescente;Colisão traseira;1;0;0;0;0;0;0;0;0;1;2;2;0;0;0
04/05/2022;17:59:08;189;Com vítima;276,299;BR-101/RJ;Decrescente;Colisão traseira;2;0;0;0;0;0;0;0;0;0;4;1;0;0;0
04/05/2022;22:30:38;231;Sem vítima;303,046;BR-101/RJ;Crescente;Choque;1;0;0;0;0;0;0;0;0;0;0;0;0;0;0
04/05/2022;23:05:44;236;Sem vítima;297,930;BR-101/RJ;Crescente;Choque;1;0;0;0;0;0;0;0;0;0;2;0;0;0;0
05/05/2022;04:04:33;9;Sem vítima;95,612;BR-101/RJ;Crescente;Choque;1;0;0;0;0;0;0;0;0;0;1;0;0;0;0
05/05/2022;07:50:59;30;Sem vítima;143,843;BR-101/RJ;Decrescente;Choque;2;0;0;0;0;0;0;0;0;0;2;0;0;0;0
05/05/2022;08:10:29;35;Com vítima;8,500;BR-101/RJ;Crescente;Colisão lateral no mesmo sentido;1;0;1;0;0;0;0;0;0;0;2;1;0;0;0
05/05/2022;08:36:00;45;Sem vítima;144,230;BR-101/RJ;Decrescente;Choque;1;0;0;0;0;0;0;0;0;0;1;0;0;0;0
05/05/2022;09:21:21;57;Com vítima;212,852;BR-101/RJ;Crescente;Tombamento;0;0;1;0;0;0;0;0;0;0;0;1;0;0;0
05/05/2022;10:06:01;75;Sem vítima;92,253;BR-101/RJ;Decrescente;Choque;1;0;0;0;0;0;0;0;0;0;1;0;0;0;0
05/05/2022;12:20:20;103;Com vítima;66,118;BR-101/RJ;Decrescente;Colisão lateral no mesmo sentido;0;0;0;1;0;0;0;0;0;0;0;0;1;0;0
05/05/2022;14:00:21;116;Com vítima;316,603;BR-101/RJ;Decrescente;Colisão traseira;0;0;0;1;0;0;0;0;0;0;0;1;0;0;0
05/05/2022;17:22:21;158;Com vítima;67,407;BR-101/RJ;Crescente;Colisão lateral no mesmo sentido;1;0;0;1;0;0;0;0;0;0;1;0;1;0;0
05/05/2022;18:22:08;168;Com vítima;314,051;BR-101/RJ;Crescente;Colisão lateral no mesmo sentido;1;0;0;1;0;0;0;0;0;0;2;1;0;0;0
06/05/2022;12:17:56;98;Sem vítima;297,817;BR-101/RJ;Crescente;Engavetamento;2;0;1;0;0;0;0;0;0;0;3;0;0;0;0
07/05/2022;07:11:45;30;Com vítima;292,962;BR-101/RJ;Decrescente;Choque;1;0;0;0;0;0;0;0;0;0;0;1;0;0;0
07/05/2022;07:48:32;36;Com vítima;59,401;BR-101/RJ;Decrescente;Atropelamento de animal;0;0;0;1;0;0;0;0;0;0;0;0;1;0;0
07/05/2022;09:09:47;55;Com vítima;282,760;BR-101/RJ;Crescente;Choque;1;0;0;0;0;0;0;0;0;0;0;1;0;0;0
07/05/2022;09:42:20;65;Sem vítima;262,970;BR-101/RJ;Decrescente;Colisão traseira;1;0;0;0;0;0;0;0;0;0;1;0;0;0;0
07/05/2022;11:16:17;83;Sem vítima;302,037;BR-101/RJ;Crescente;Colisão traseira;1;0;0;0;0;0;0;0;0;1;0;0;0;0;0
07/05/2022;16:56:10;139;Sem vítima;57,733;BR-101/RJ;Crescente;Colisão transversal;2;0;0;0;0;0;0;0;0;0;2;0;0;0;0
07/05/2022;17:53:37;150;Sem vítima;310,696;BR-101/RJ;Decrescente;Choque;1;0;0;0;0;0;0;0;0;0;2;0;0;0;0
07/05/2022;20:27:39;163;Sem vítima;267,600;BR-101/RJ;Decrescente;Choque;1;0;0;0;0;0;0;0;0;0;2;0;0;0;0
07/05/2022;22:23:49;171;Com vítima;256,908;BR-101/RJ;Crescente;Colisão traseira;2;0;0;0;0;0;0;0;0;0;0;1;2;0;0
08/05/2022;00:35:45;7;Sem vítima;312,881;BR-101/RJ;Decrescente;Colisão traseira;2;0;0;0;0;0;0;0;0;0;2;0;0;0;0
08/05/2022;04:12:27;27;Com vítima;262,159;BR-101/RJ;Crescente;Tombamento;0;0;0;1;0;0;0;0;0;0;0;0;1;1;0
08/05/2022;04:48:22;30;Sem vítima;321,118;BR-101/RJ;Decrescente;Choque;1;0;0;0;0;0;0;0;0;0;0;0;0;0;0
08/05/2022;06:29:43;36;Com vítima;292,813;BR-101/RJ;Decrescente;Colisão traseira;2;0;0;0;0;0;0;0;0;0;3;1;0;0;0
08/05/2022;07:32:38;46;Com vítima;316,856;BR-101/RJ;Crescente;Atropelamento de pedestre;1;0;0;0;0;0;0;0;0;0;1;0;1;0;0
08/05/2022;11:17:33;87;Sem vítima;304,735;BR-101/RJ;Decrescente;Engavetamento;5;0;0;0;0;0;0;0;0;0;13;0;0;0;0
08/05/2022;17:36:03;149;Com vítima;208,166;BR-101/RJ;Crescente;Engavetamento;3;0;0;0;0;0;0;0;0;0;0;2;0;0;0
08/05/2022;17:44:07;151;Com vítima;64,363;BR-101/RJ;Decrescente;Colisão transversal;2;0;0;0;0;0;0;0;0;0;3;1;0;0;0
08/05/2022;19:44:32;172;Sem vítima;63,849;BR-101/RJ;Crescente;Colisão traseira;1;0;0;0;0;0;0;0;0;0;1;0;0;0;0
08/05/2022;23:40:28;202;Sem vítima;139,893;BR-101/RJ;Decrescente;Tombamento;0;0;1;0;0;0;0;0;0;0;1;0;0;0;0
09/05/2022;07:47:53;41;Sem vítima;317,700;BR-101/RJ;Decrescente;Colisão traseira;1;0;0;1;0;0;0;0;0;0;2;0;0;0;0
09/05/2022;08:40:45;59;Sem vítima;317,378;BR-101/RJ;Decrescente;Colisão lateral no mesmo sentido;0;0;0;0;1;0;0;0;0;1;2;0;0;0;0
09/05/2022;09:46:23;79;Com vítima;295,925;BR-101/RJ;Crescente;Tombamento;0;0;0;1;0;0;0;0;0;0;0;0;1;1;0
09/05/2022;09:50:37;81;Com vítima;59,395;BR-101/RJ;Decrescente;Engavetamento;2;0;2;0;0;0;0;0;0;0;5;1;1;0;0
09/05/2022;16:13:10;134;Com vítima;269,275;BR-101/RJ;Crescente;Colisão transversal;0;0;0;1;0;0;0;0;0;0;0;0;1;0;0
09/05/2022;21:42:05;183;Com vítima;305,113;BR-101/RJ;Decrescente;Atropelamento de animal;1;0;0;0;0;0;0;0;0;0;0;1;0;0;0
10/05/2022;07:05:06;29;Com vítima;312,725;BR-101/RJ;Crescente;Atropelamento de pedestre;0;0;0;0;1;0;0;0;0;0;1;1;0;0;0
10/05/2022;07:21:40;31;Sem vítima;252,800;BR-101/RJ;Crescente;Colisão traseira;0;0;2;0;0;0;0;0;0;0;1;0;0;0;0
10/05/2022;07:49:10;39;Sem vítima;241,606;BR-101/RJ;Decrescente;Choque;1;0;0;0;0;0;0;0;0;0;2;0;0;0;0
10/05/2022;16:00:55;127;Com vítima;302,980;BR-101/RJ;Crescente;Choque;0;0;0;0;0;0;0;0;0;1;0;1;0;0;0
10/05/2022;17:34:50;145;Com vítima;205,166;BR-101/RJ;Decrescente;Colisão traseira;2;0;0;0;0;0;0;0;0;0;1;0;1;0;0
10/05/2022;17:53:46;149;Sem vítima;313,300;BR-101/RJ;Crescente;Colisão lateral no mesmo sentido;1;0;0;0;0;0;0;0;0;0;3;0;0;0;0
10/05/2022;21:05:44;171;Sem vítima;227,406;BR-101/RJ;Decrescente;Choque;1;0;0;0;0;0;0;0;0;0;3;0;0;0;0
10/05/2022;22:02:28;174;Com vítima;285,089;BR-101/RJ;Crescente;Atropelamento de pedestre;0;0;0;0;0;0;0;0;0;0;0;0;0;0;1
11/05/2022;01:26:34;5;Com vítima;272,916;BR-101/RJ;Decrescente;Atropelamento de animal;1;0;0;0;0;0;0;0;0;0;0;0;0;0;0
11/05/2022;05:51:25;20;Com vítima;46,883;BR-101/RJ;Decrescente;Atropelamento de animal;0;0;1;0;0;0;0;0;0;0;1;0;0;0;0
11/05/2022;06:28:01;23;Com vítima;311,413;BR-101/RJ;Decrescente;Tombamento;0;0;0;1;0;0;0;0;0;0;0;2;0;0;0
11/05/2022;16:47:24;170;Com vítima;16,001;BR-101/RJ;Decrescente;Tombamento;0;0;0;1;0;0;0;0;0;0;0;1;1;0;0
11/05/2022;17:48:07;178;Sem vítima;104,500;BR-101/RJ;Crescente;Choque;0;0;0;0;0;0;0;0;0;1;0;0;0;0;0
11/05/2022;23:42:42;216;Sem vítima;272,299;BR-101/RJ;Decrescente;Choque;0;0;1;0;0;0;0;0;0;0;1;0;0;0;0
12/05/2022;04:03:52;16;Sem vítima;78,135;BR-101/RJ;Crescente;Colisão traseira;0;0;2;0;0;0;0;0;0;0;2;0;0;0;0
12/05/2022;05:14:38;19;Sem vítima;59,650;BR-101/RJ;Crescente;Colisão transversal;1;0;0;0;1;0;0;0;0;0;2;0;0;0;0
12/05/2022;06:39:48;29;Com vítima;321,503;BR-101/RJ;Decrescente;Tombamento;0;0;0;1;0;0;0;0;0;0;0;1;0;0;0
12/05/2022;08:14:56;53;Sem vítima;298,515;BR-101/RJ;Crescente;Colisão lateral no mesmo sentido;2;0;0;0;0;0;0;0;0;0;3;0;0;0;0
12/05/2022;11:07:48;97;Com vítima;308,084;BR-101/RJ;Crescente;Acidentes de outra natureza;0;0;0;1;0;0;0;0;0;0;0;1;0;0;0
12/05/2022;19:38:13;198;Com vítima;154,291;BR-101/RJ;Crescente;Atropelamento de animal;1;0;0;0;0;0;0;0;0;0;1;0;0;0;0
12/05/2022;20:05:48;201;Sem vítima;70,553;BR-101/RJ;Decrescente;Colisão transversal;2;0;0;0;0;0;0;0;0;0;0;0;0;0;0
13/05/2022;09:46:14;90;Sem vítima;66,548;BR-101/RJ;Crescente;Colisão lateral no mesmo sentido;1;0;1;0;0;0;0;0;0;0;6;0;0;0;0
13/05/2022;16:53:15;183;Com vítima;313,789;BR-101/RJ;Crescente;Colisão transversal;2;0;0;0;0;0;0;0;0;0;1;1;0;0;0
14/05/2022;01:31:45;9;Sem vítima;281,401;BR-101/RJ;Crescente;Colisão traseira;2;0;0;0;0;0;0;0;0;0;2;0;0;0;0
14/05/2022;08:31:29;39;Com vítima;320,253;BR-101/RJ;Crescente;Colisão lateral no mesmo sentido;0;0;0;1;0;0;0;0;0;0;0;1;0;0;0
14/05/2022;09:37:01;54;Sem vítima;299,700;BR-101/RJ;Decrescente;Colisão lateral no mesmo sentido;1;0;0;0;1;0;0;0;0;0;2;0;0;0;0
14/05/2022;15:14:06;105;Com vítima;275,109;BR-101/RJ;Crescente;Atropelamento de pedestre;1;0;0;0;0;0;0;0;0;0;2;0;0;1;0
14/05/2022;15:25:48;106;Sem vítima;275,107;BR-101/RJ;Crescente;Choque;0;0;0;0;0;0;0;0;0;1;1;0;0;0;0
14/05/2022;16:47:27;117;Sem vítima;192,830;BR-101/RJ;Decrescente;Colisão traseira;0;0;2;0;0;0;0;0;0;0;2;0;0;0;0
14/05/2022;17:24:11;121;Com vítima;297,458;BR-101/RJ;Decrescente;Colisão transversal;1;0;0;1;0;0;0;0;0;0;3;1;0;0;0
14/05/2022;22:05:40;151;Sem vítima;203,703;BR-101/RJ;Decrescente;Colisão traseira;1;0;0;0;0;0;0;0;0;0;1;0;0;0;0
15/05/2022;00:23:19;3;Sem vítima;41,789;BR-101/RJ;Crescente;Choque;1;0;0;0;0;0;0;0;0;0;1;0;0;0;0
15/05/2022;03:43:16;14;Com vítima;58,771;BR-101/RJ;Crescente;Tombamento;0;0;0;1;0;0;0;0;0;0;0;0;1;0;1
15/05/2022;04:10:43;16;Com vítima;320,100;BR-101/RJ;Crescente;Tombamento;0;0;0;1;0;0;0;0;0;0;0;0;1;0;0
15/05/2022;13:05:01;70;Com vítima;222,992;BR-101/RJ;Decrescente;Choque;0;0;1;0;0;0;0;0;0;0;0;1;0;0;0
15/05/2022;15:27:16;95;Com vítima;196,220;BR-101/RJ;Decrescente;Choque;1;0;0;0;0;0;0;0;0;0;0;1;0;0;0
15/05/2022;16:57:19;111;Sem vítima;19,330;BR-101/RJ;Decrescente;Tombamento;0;1;0;0;0;0;0;0;0;0;0;0;0;0;0
15/05/2022;20:02:10;134;Com vítima;281,585;BR-101/RJ;Crescente;Colisão traseira;2;0;0;0;0;0;0;0;0;0;0;1;1;0;0
16/05/2022;06:48:23;33;Sem vítima;62,130;BR-101/RJ;Crescente;Choque;1;0;0;0;0;0;0;0;0;0;1;0;0;0;0
16/05/2022;08:34:11;68;Com vítima;320,475;BR-101/RJ;Decrescente;Colisão traseira;2;0;0;0;0;0;0;0;0;0;2;1;0;0;0
16/05/2022;09:14:23;79;Com vítima;319,197;BR-101/RJ;Decrescente;Colisão traseira;0;0;0;1;0;0;0;0;0;1;4;1;0;0;0