data;horario;n_da_ocorrencia;tipo_de_ocorrencia;km;trecho;sentido;tipo_de_acidente;automovel;bicicleta;caminhao;moto;onibus;outros;tracao_animal;transporte_de_cargas_especiais;trator_maquinas;utilitarios;ilesos;levemente_feridos;moderadamente_feridos;gravemente_feridos;mortos
16/05/2022;09:28:12;86;Com vítima;317,946;BR-101/RJ;Decrescente;Tombamento;0;0;0;1;0;0;0;0;0;0;0;1;0;0;0
16/05/2022;09:54:04;93;Sem vítima;297,500;BR-101/RJ;Decrescente;Colisão lateral no mesmo sentido;0;0;0;0;1;0;0;0;0;1;0;0;0;0;0
16/05/2022;12:11:46;123;Sem vítima;317,946;BR-101/RJ;Decrescente;Colisão lateral no mesmo sentido;0;0;0;0;0;0;0;0;0;1;3;0;0;0;0
16/05/2022;13:32:41;134;Com vítima;16,307;BR-101/RJ;Crescente;Tombamento;0;0;0;1;0;0;0;0;0;0;0;1;0;0;0
16/05/2022;16:33:20;165;Sem vítima;169,113;BR-101/RJ;Decrescente;Colisão lateral no mesmo sentido;1;0;0;0;0;0;0;0;0;1;2;0;0;0;0
17/05/2022;00:27:19;2;Sem vítima;120,828;BR-101/RJ;Decrescente;Atropelamento de animal;0;0;1;0;0;0;0;0;0;0;1;0;0;0;0
17/05/2022;11:51:03;99;Com vítima;48,184;BR-101/RJ;Crescente;Engavetamento;0;0;3;0;0;0;0;0;0;0;3;1;0;0;0
17/05/2022;12:35:45;106;Sem vítima;284,187;BR-101/RJ;Crescente;Choque;1;0;0;0;0;0;0;0;0;0;1;0;0;0;0
18/05/2022;06:27:49;23;Sem vítima;180,260;BR-101/RJ;Decrescente;Tombamento;0;0;1;0;0;0;0;0;0;0;1;0;0;0;0
18/05/2022;08:04:24;47;Com vítima;294,947;BR-101/RJ;Decrescente;Colisão lateral no mesmo sentido;1;0;2;0;0;0;0;0;0;0;2;1;0;0;0
18/05/2022;09:08:07;67;Sem vítima;297,102;BR-101/RJ;Decrescente;Colisão traseira;2;0;0;0;0;0;0;0;0;0;2;0;0;0;0
18/05/2022;09:23:12;72;Sem vítima;122,900;BR-101/RJ;Decrescente;Colisão traseira;1;0;1;0;0;0;0;0;0;0;2;0;0;0;0
19/05/2022;01:35:12;6;Com vítima;68,381;BR-101/RJ;Decrescente;Atropelamento de animal;0;0;0;0;0;0;0;0;0;1;1;0;0;0;0
19/05/2022;08:04:19;43;Com vítima;58,836;BR-101/RJ;Decrescente;Colisão traseira;1;0;1;0;0;0;0;0;0;0;2;2;0;0;0
19/05/2022;18:56:41;177;Com vítima;273,587;BR-101/RJ;Decrescente;Colisão lateral no mesmo sentido;1;0;0;0;1;0;0;0;0;0;25;1;0;0;0
19/05/2022;23:01:39;203;Com vítima;273,459;BR-101/RJ;Decrescente;Colisão traseira;0;0;1;0;0;0;0;0;0;1;1;2;0;0;0
20/05/2022;11:23:29;96;Com vítima;250,234;BR-101/RJ;Decrescente;Choque;1;0;0;0;0;0;0;0;0;0;3;1;0;0;0
20/05/2022;11:50:34;103;Sem vítima;279,924;BR-101/RJ;Decrescente;Colisão traseira;1;0;1;0;0;0;0;0;0;0;3;0;0;0;0
20/05/2022;14:31:08;123;Com vítima;14,975;BR-101/RJ;Decrescente;Colisão lateral no mesmo sentido;1;0;1;0;0;0;0;0;0;0;1;1;0;0;0
21/05/2022;03:36:43;13;Sem vítima;285,281;BR-101/RJ;Crescente;Colisão lateral no mesmo sentido;1;0;0;0;0;0;0;0;0;0;1;0;0;0;0
21/05/2022;08:01:25;49;Sem vítima;308,784;BR-101/RJ;Decrescente;Colisão traseira;1;0;1;0;0;0;0;0;0;0;4;0;0;0;0
21/05/2022;11:22:26;92;Com vítima;271,330;BR-101/RJ;Decrescente;Atropelamento de pedestre;0;0;0;0;0;0;0;0;0;0;0;1;0;0;0
21/05/2022;15:18:54;128;Sem vítima;301,272;BR-101/RJ;Decrescente;Colisão traseira;1;0;1;0;0;0;0;0;0;0;3;0;0;0;0
21/05/2022;17:06:34;144;Sem vítima;286,356;BR-101/RJ;Crescente;Colisão lateral no mesmo sentido;2;0;0;0;0;0;0;0;0;0;0;0;0;0;0
21/05/2022;22:31:54;185;Com vítima;311,996;BR-101/RJ;Crescente;Colisão traseira;1;0;0;0;0;0;0;0;0;1;2;1;0;0;0
22/05/2022;07:25:16;27;Com vítima;61,221;BR-101/RJ;Decrescente;Colisão transversal;0;1;0;0;0;0;0;0;0;1;1;0;0;0;0
22/05/2022;07:54:34;32;Sem vítima;209,761;BR-101/RJ;Crescente;Choque;1;0;0;0;0;0;0;0;0;0;1;0;0;0;0
22/05/2022;08:02:32;33;Sem vítima;272,586;BR-101/RJ;Crescente;Choque;1;0;0;0;0;0;0;0;0;0;4;0;0;0;0
22/05/2022;12:38:41;60;Com vítima;222,454;BR-101/RJ;Decrescente;Choque;0;0;1;0;0;0;0;0;0;0;0;2;1;0;0
23/05/2022;06:29:13;26;Sem vítima;308,900;BR-101/RJ;Decrescente;Engavetamento;0;0;0;0;1;0;0;0;0;2;3;0;0;0;0
23/05/2022;07:33:18;40;Sem vítima;87,194;BR-101/RJ;Crescente;Colisão traseira;1;0;0;0;0;0;0;0;0;0;0;0;0;0;0
23/05/2022;07:42:22;41;Com vítima;299,725;BR-101/RJ;Crescente;Tombamento;0;0;0;1;0;0;0;0;0;0;0;0;1;0;0
23/05/2022;08:24:49;55;Sem vítima;321,984;BR-101/RJ;Decrescente;Colisão traseira;2;0;0;0;0;0;0;0;0;0;2;0;0;0;0
23/05/2022;08:28:16;58;Sem vítima;95,106;BR-101/RJ;Decrescente;Choque;1;0;0;0;0;0;0;0;0;0;0;0;0;0;0
23/05/2022;09:23:03;72;Sem vítima;300,444;BR-101/RJ;Crescente;Colisão traseira;2;0;0;0;0;0;0;0;0;0;2;0;0;0;0
23/05/2022;09:27:31;73;Sem vítima;270,100;BR-101/RJ;Decrescente;Colisão traseira;1;0;0;1;0;0;0;0;0;0;2;0;0;0;0
23/05/2022;09:34:18;76;Com vítima;56,230;BR-101/RJ;Decrescente;Choque;0;0;0;1;0;0;0;0;0;0;0;0;1;0;0
23/05/2022;09:41:43;78;Sem vítima;318,679;BR-101/RJ;Crescente;Colisão lateral no mesmo sentido;1;0;0;1;0;0;0;0;0;0;4;0;0;0;0
23/05/2022;09:47:04;80;Sem vítima;307,767;BR-101/RJ;Decrescente;Colisão traseira;2;0;0;0;0;0;0;0;0;0;3;0;0;0;0
23/05/2022;12:38:26;116;Sem vítima;311,277;BR-101/RJ;Decrescente;Choque;1;0;0;0;0;0;0;0;0;0;1;0;0;0;0
23/05/2022;13:32:29;122;Sem vítima;316,147;BR-101/RJ;Crescente;Colisão lateral no mesmo sentido;1;0;0;0;0;0;0;0;0;0;1;0;0;0;0
23/05/2022;13:57:00;127;Sem vítima;63,011;BR-101/RJ;Crescente;Colisão lateral no mesmo sentido;1;0;2;0;0;0;0;0;0;0;3;0;0;0;0
24/05/2022;04:46:46;17;Sem vítima;192,900;BR-101/RJ;Decrescente;Choque;0;0;1;0;0;0;0;0;0;0;1;0;0;0;0
24/05/2022;06:01:13;21;Sem vítima;274,350;BR-101/RJ;Crescente;Tombamento;0;0;1;0;0;0;0;0;0;0;3;0;0;0;0
24/05/2022;07:15:51;34;Sem vítima;67,834;BR-101/RJ;Crescente;Colisão traseira;0;0;2;0;0;0;0;0;0;0;4;0;0;0;0
24/05/2022;08:24:18;47;Sem vítima;252,800;BR-101/RJ;Crescente;Choque;0;0;1;0;0;0;0;0;0;0;0;0;0;0;0
24/05/2022;11:18:21;96;Sem vítima;217,965;BR-101/RJ;Crescente;Colisão traseira;1;0;1;0;0;0;0;0;0;0;3;0;0;0;0
24/05/2022;13:04:00;114;Com vítima;299,551;BR-101/RJ;Crescente;Colisão traseira;1;0;0;1;0;0;0;0;0;0;1;1;0;0;0
24/05/2022;13:24:31;117;Com vítima;297,292;BR-101/RJ;Crescente;Tombamento;0;0;0;1;0;0;0;0;0;0;0;1;0;0;0
24/05/2022;14:23:48;124;Com vítima;297,459;BR-101/RJ;Crescente;Colisão traseira;0;0;0;1;0;0;0;0;0;0;0;2;0;0;0
24/05/2022;15:43:46;136;Com vítima;311,120;BR-101/RJ;Decrescente;Colisão traseira;1;0;0;1;0;0;0;0;0;0;2;1;0;0;0
25/05/2022;04:22:06;19;Sem vítima;74,071;BR-101/RJ;Crescente;Colisão traseira;1;0;0;0;0;0;0;0;0;0;1;0;0;0;0
25/05/2022;05:05:37;22;Sem vítima;61,070;BR-101/RJ;Crescente;Saída de pista;1;0;0;0;0;0;0;0;0;0;0;0;0;0;0
25/05/2022;08:44:08;64;Sem vítima;297,744;BR-101/RJ;Crescente;Colisão traseira;1;0;1;0;0;0;0;0;0;0;2;0;0;0;0
25/05/2022;09:04:42;73;Sem vítima;297,700;BR-101/RJ;Decrescente;Colisão traseira;1;0;1;0;0;0;0;0;0;0;2;0;0;0;0
25/05/2022;10:51:40;96;Com vítima;318,970;BR-101/RJ;Crescente;Colisão traseira;1;0;1;0;0;0;0;0;0;0;3;1;0;0;0
25/05/2022;13:21:28;121;Com vítima;148,077;BR-101/RJ;Decrescente;Colisão transversal;1;0;1;0;0;0;0;0;0;0;0;1;0;0;2
25/05/2022;14:38:14;135;Sem vítima;252,800;BR-101/RJ;Crescente;Choque;0;0;1;0;0;0;0;0;0;0;0;0;0;0;0
25/05/2022;17:12:54;163;Com vítima;48,724;BR-101/RJ;Crescente;Tombamento;0;0;0;1;0;0;0;0;0;0;0;1;0;0;0
25/05/2022;18:19:14;184;Com vítima;285,032;BR-101/RJ;Crescente;Colisão traseira;1;0;0;1;0;0;0;0;0;0;0;1;0;0;0
25/05/2022;20:34:26;204;Com vítima;273,541;BR-101/RJ;Decrescente;Atropelamento de animal;0;0;0;0;1;0;0;0;0;0;1;0;0;0;0
25/05/2022;20:40:43;206;Com vítima;273,541;BR-101/RJ;Decrescente;Atropelamento de animal;1;0;0;0;0;0;0;0;0;0;1;1;0;0;0
26/05/2022;04:41:02;16;Sem vítima;297,927;BR-101/RJ;Decrescente;Choque;1;0;0;0;0;0;0;0;0;0;0;0;0;0;0
26/05/2022;10:04:49;74;Com vítima;56,836;BR-101/RJ;Crescente;Colisão transversal;1;0;0;1;0;0;0;0;0;0;1;0;0;1;0
26/05/2022;16:49:08;145;Sem vítima;302,710;BR-101/RJ;Decrescente;Choque;1;0;0;0;0;0;0;0;0;0;0;0;0;0;0
26/05/2022;17:17:50;151;Sem vítima;318,579;BR-101/RJ;Crescente;Colisão lateral no mesmo sentido;1;0;0;1;0;0;0;0;0;0;0;0;0;0;0
27/05/2022;01:21:25;4;Sem vítima;154,576;BR-101/RJ;Decrescente;Colisão lateral no mesmo sentido;0;0;1;0;0;0;0;0;0;0;1;0;0;0;0
27/05/2022;10:23:30;75;Sem vítima;209,328;BR-101/RJ;Decrescente;Choque;1;0;0;0;0;0;0;0;0;0;1;0;0;0;0
28/05/2022;02:02:32;12;Com vítima;297,701;BR-101/RJ;Crescente;Atropelamento de animal;1;0;0;0;0;0;0;0;0;0;0;0;0;0;0
28/05/2022;04:32:51;16;Sem vítima;2,110;BR-101/RJ;Decrescente;Choque;1;0;0;0;0;0;0;0;0;0;5;0;0;0;0
28/05/2022;08:54:09;41;Com vítima;124,045;BR-101/RJ;Crescente;Tombamento;0;1;0;0;0;0;0;0;0;0;0;0;0;0;0
28/05/2022;08:56:27;43;Com vítima;71,851;BR-101/RJ;Crescente;Tombamento;0;1;0;0;0;0;0;0;0;0;0;0;0;0;0
28/05/2022;09:07:47;46;Com vítima;124,045;BR-101/RJ;Crescente;Tombamento;0;1;0;0;0;0;0;0;0;0;0;0;0;0;0
28/05/2022;09:11:31;48;Com vítima;124,045;BR-101/RJ;Crescente;Tombamento;0;1;0;0;0;0;0;0;0;0;0;0;0;0;0
28/05/2022;11:24:45;75;Com vítima;208,572;BR-101/RJ;Crescente;Colisão transversal;1;1;0;0;0;0;0;0;0;0;0;1;0;0;0
28/05/2022;17:37:43;137;Com vítima;23,481;BR-101/RJ;Crescente;Capotamento;1;0;0;0;0;0;0;0;0;0;0;4;0;0;0
28/05/2022;17:51:44;142;Sem vítima;26,133;BR-101/RJ;Decrescente;Atropelamento de animal;1;0;0;0;0;0;0;0;0;0;0;0;0;0;0
29/05/2022;07:05:57;27;Sem vítima;317,496;BR-101/RJ;Crescente;Colisão traseira;1;0;0;0;0;0;0;0;0;0;0;0;0;0;0
29/05/2022;18:23:14;129;Sem vítima;302,083;BR-101/RJ;Decrescente;Engavetamento;2;0;0;0;0;0;0;0;0;0;2;0;0;0;0
29/05/2022;18:44:10;133;Com vítima;71,600;BR-101/RJ;Crescente;Colisão transversal;0;1;0;1;0;0;0;0;0;0;1;0;0;0;0
30/05/2022;07:11:45;30;Sem vítima;226,374;BR-101/RJ;Crescente;Saída de pista;1;0;0;0;0;0;0;0;0;0;2;0;0;0;0
30/05/2022;07:47:57;45;Com vítima;195,079;BR-101/RJ;Decrescente;Colisão lateral no mesmo sentido;1;0;1;0;0;0;0;0;0;0;1;1;0;0;0
31/05/2022;17:50:27;169;Com vítima;141,446;BR-101/RJ;Crescente;Colisão traseira;0;0;1;0;0;0;0;0;0;0;2;0;1;0;0
31/05/2022;18:05:51;172;Com vítima;310,810;BR-101/RJ;Crescente;Atropelamento de pedestre;1;0;0;0;0;0;0;0;0;0;1;1;0;0;0
31/05/2022;20:41:09;187;Com vítima;298,473;BR-101/RJ;Decrescente;Colisão traseira;1;0;0;1;0;0;0;0;0;0;1;0;1;0;0
01/06/2022;00:39:32;8;Sem vítima;317,827;BR-101/RJ;Crescente;Atropelamento de animal;0;0;1;0;0;0;0;0;0;0;1;0;0;0;0
01/06/2022;05:11:14;23;Com vítima;295,649;BR-101/RJ;Crescente;Atropelamento de animal;1;0;0;0;0;0;0;0;0;0;1;0;0;0;0
01/06/2022;08:45:57;62;Com vítima;87,501;BR-101/RJ;Crescente;Choque;1;0;0;0;0;0;0;0;0;0;0;1;0;0;0
01/06/2022;14:43:08;138;Com vítima;292,908;BR-101/RJ;Crescente;Colisão lateral no mesmo sentido;0;0;1;1;0;0;0;0;0;0;2;1;0;0;0
01/06/2022;15:59:49;151;Sem vítima;148,256;BR-101/RJ;Crescente;Colisão lateral no mesmo sentido;1;0;0;0;0;0;0;0;0;0;0;0;0;0;0
01/06/2022;17:56:58;176;Com vítima;74,595;BR-101/RJ;Crescente;Colisão transversal;1;1;0;0;0;0;0;0;0;0;1;0;0;0;0
01/06/2022;23:21:34;211;Sem vítima;303,010;BR-101/RJ;Decrescente;Tombamento;0;0;0;1;0;0;0;0;0;0;1;0;0;0;0
02/06/2022;04:03:49;15;Sem vítima;275,948;BR-101/RJ;Crescente;Choque;1;0;0;0;0;0;0;0;0;0;1;0;0;0;0
02/06/2022;10:45:07;85;Sem vítima;261,196;BR-101/RJ;Decrescente;Colisão lateral no mesmo sentido;2;0;0;0;0;0;0;0;0;0;2;0;0;0;0
02/06/2022;15:59:11;144;Com vítima;61,727;BR-101/RJ;Crescente;Colisão transversal;1;0;0;1;0;0;0;0;0;0;1;2;0;0;0
03/06/2022;05:39:34;17;Com vítima;138,500;BR-101/RJ;Decrescente;Tombamento;0;0;0;0;1;0;0;0;0;0;26;1;2;0;0
03/06/2022;11:09:25;63;Com vítima;299,190;BR-101/RJ;Decrescente;Colisão traseira;2;0;0;0;0;0;0;0;0;0;2;0;1;0;0
03/06/2022;12:27:47;72;Sem vítima;74,749;BR-101/RJ;Crescente;Colisão traseira;2;0;0;0;0;0;0;0;0;0;0;0;0;0;0
03/06/2022;16:42:15;110;Sem vítima;303,474;BR-101/RJ;Crescente;Colisão traseira;1;0;0;0;0;0;0;0;0;1;0;0;0;0;0
03/06/2022;18:59:19;138;Sem vítima;313,123;BR-101/RJ;Crescente;Colisão traseira;2;0;0;0;0;0;0;0;0;0;2;0;0;0;0
03/06/2022;19:48:43;145;Sem vítima;294,499;BR-101/RJ;Crescente;Colisão traseira;1;0;0;0;1;0;0;0;0;0;0;0;0;0;0
04/06/2022;02:18:03;10;Com vítima;298,915;BR-101/RJ;Crescente;Choque;1;0;0;0;0;0;0;0;0;1;1;2;2;0;0
04/06/2022;05:16:38;15;Sem vítima;295,715;BR-101/RJ;Crescente;Colisão traseira;2;0;0;0;0;0;0;0;0;0;2;0;0;0;0
04/06/2022;07:14:24;29;Sem vítima;198,720;BR-101/RJ;Decrescente;Choque;1;0;0;0;0;0;0;0;0;0;1;0;0;0;0
04/06/2022;07:21:17;30;Sem vítima;180,110;BR-101/RJ;Decrescente;Choque;1;0;0;0;0;0;0;0;0;0;3;0;0;0;0
04/06/2022;07:28:29;33;Com vítima;198,859;BR-101/RJ;Crescente;Choque;1;0;0;0;0;0;0;0;0;0;0;0;1;0;0
04/06/2022;07:40:41;39;Com vítima;188,227;BR-101/RJ;Crescente;Colisão frontal;1;0;1;0;0;0;0;0;0;0;1;0;0;1;0
04/06/2022;07:45:15;40;Sem vítima;190,359;BR-101/RJ;Crescente;Choque;1;0;0;0;0;0;0;0;0;0;1;0;0;0;0
04/06/2022;07:47:14;41;Com vítima;62,378;BR-101/RJ;Crescente;Colisão transversal;0;0;2;0;0;0;0;0;0;0;3;1;0;0;0
04/06/2022;08:24:18;44;Com vítima;261,866;BR-101/RJ;Crescente;Choque;1;0;0;0;0;0;0;0;0;0;2;2;0;0;0
04/06/2022;11:28:17;69;Com vítima;284,218;BR-101/RJ;Decrescente;Choque;1;0;1;0;0;0;0;0;0;0;1;2;0;0;0
04/06/2022;12:17:30;77;Sem vítima;247,302;BR-101/RJ;Decrescente;Choque;1;0;0;0;0;0;0;0;0;0;0;0;0;0;0
04/06/2022;13:45:51;93;Com vítima;209,964;BR-101/RJ;Crescente;Choque;0;0;0;0;0;0;0;0;0;1;0;2;0;0;0
04/06/2022;14:57:03;99;Com vítima;63,837;BR-101/RJ;Decrescente;Colisão traseira;1;0;0;0;0;0;0;0;0;1;1;2;0;0;0
04/06/2022;15:29:02;105;Com vítima;87,468;BR-101/RJ;Crescente;Choque;1;0;0;0;0;0;0;0;0;0;0;3;1;0;0
04/06/2022;15:47:15;108;Sem vítima;203,229;BR-101/RJ;Decrescente;Choque;1;0;0;0;0;0;0;0;0;0;1;0;0;0;0
04/06/2022;18:02:47;119;Com vítima;317,043;BR-101/RJ;Decrescente;Colisão traseira;0;1;0;0;0;0;0;0;0;0;0;0;0;0;0
04/06/2022;20:39:20;137;Com vítima;259,685;BR-101/RJ;Decrescente;Choque;0;0;0;1;0;0;0;0;0;0;0;0;1;0;0
05/06/2022;05:19:58;17;Sem vítima;144,324;BR-101/RJ;Decrescente;Capotamento;1;0;0;0;0;0;0;0;0;0;1;0;0;0;0
05/06/2022;06:05:17;20;Com vítima;300,362;BR-101/RJ;Crescente;Colisão lateral no mesmo sentido;1;0;0;1;0;0;0;0;0;0;1;1;0;0;0
06/06/2022;04:41:21;8;Com vítima;71,330;BR-101/RJ;Crescente;Tombamento;0;1;0;0;0;0;0;0;0;0;0;0;0;0;0
06/06/2022;08:39:10;57;Sem vítima;312,848;BR-101/RJ;Decrescente;Engavetamento;6;0;0;0;0;0;0;0;0;0;14;0;0;0;0
06/06/2022;08:49:07;59;Sem vítima;290,860;BR-101/RJ;Decrescente;Colisão traseira;0;0;0;0;0;0;0;0;0;2;0;0;0;0;0
06/06/2022;11:16:59;110;Sem vítima;316,493;BR-101/RJ;Crescente;Colisão traseira;2;0;0;0;0;0;0;0;0;0;2;0;0;0;0
06/06/2022;11:44:12;113;Sem vítima;261,699;BR-101/RJ;Decrescente;Tombamento;0;0;1;0;0;0;0;0;0;0;1;0;0;0;0
06/06/2022;12:57:25;125;Com vítima;207,500;BR-101/RJ;Decrescente;Tombamento;0;0;0;1;0;0;0;0;0;0;0;0;2;0;0
07/06/2022;06:58:25;32;Com vítima;286,864;BR-101/RJ;Crescente;Choque;1;0;0;0;0;0;0;0;0;0;0;1;0;0;0
07/06/2022;08:38:54;58;Sem vítima;66,483;BR-101/RJ;Crescente;Colisão lateral no mesmo sentido;1;0;1;0;0;0;0;0;0;0;2;0;0;0;0
07/06/2022;11:15:23;108;Sem vítima;284,316;BR-101/RJ;Crescente;Colisão lateral no mesmo sentido;1;0;0;0;0;0;0;0;0;0;1;0;0;0;0
07/06/2022;12:11:13;114;Com vítima;175,170;BR-101/RJ;Crescente;Colisão lateral no mesmo sentido;0;0;1;1;0;0;0;0;0;0;2;0;1;0;0
07/06/2022;15:23:00;156;Sem vítima;297,813;BR-101/RJ;Crescente;Colisão lateral no mesmo sentido;1;0;1;0;0;0;0;0;0;0;2;0;0;0;0
07/06/2022;15:56:18;158;Sem vítima;63,496;BR-101/RJ;Crescente;Colisão traseira;0;0;0;0;1;0;0;0;0;0;0;0;0;0;0
07/06/2022;23:38:33;210;Com vítima;241,516;BR-101/RJ;Crescente;Colisão traseira;0;0;2;0;0;0;0;0;0;0;1;0;1;0;0
08/06/2022;05:45:11;17;Sem vítima;308,986;BR-101/RJ;Decrescente;Colisão traseira;0;0;0;0;1;0;0;0;0;1;2;0;0;0;0
08/06/2022;10:25:44;99;Sem vítima;270,978;BR-101/RJ;Decrescente;Colisão traseira;1;0;0;0;0;0;0;0;0;0;1;0;0;0;0
08/06/2022;10:55:37;104;Com vítima;284,308;BR-101/RJ;Crescente;Tombamento;0;0;0;1;0;0;0;0;0;0;0;2;0;0;0
08/06/2022;12:08:24;115;Sem vítima;252,800;BR-101/RJ;Crescente;Choque;0;0;1;0;0;0;0;0;0;0;0;0;0;0;0
08/06/2022;12:35:40;123;Com vítima;273,865;BR-101/RJ;Decrescente;Choque;1;0;0;0;0;0;0;0;0;0;0;1;0;0;0
08/06/2022;13:23:23;132;Com vítima;209,830;BR-101/RJ;Crescente;Choque;0;0;1;0;0;0;0;0;0;0;0;1;0;0;0
08/06/2022;17:11:16;165;Com vítima;198,508;BR-101/RJ;Decrescente;Choque;1;0;0;0;0;0;0;0;0;0;0;1;0;0;0
08/06/2022;18:37:44;181;Com vítima;236,708;BR-101/RJ;Decrescente;Tombamento;0;0;0;1;0;0;0;0;0;0;0;1;0;0;0
08/06/2022;21:05:52;202;Com vítima;273,932;BR-101/RJ;Crescente;Colisão frontal;2;0;0;0;0;0;0;0;0;0;1;1;0;0;0
09/06/2022;00:50:34;3;Sem vítima;311,100;BR-101/RJ;Crescente;Atropelamento de animal;1;0;0;0;0;0;0;0;0;0;1;0;0;0;0
09/06/2022;06:16:08;24;Sem vítima;319,158;BR-101/RJ;Decrescente;Colisão traseira;2;0;0;0;0;0;0;0;0;0;5;0;0;0;0
09/06/2022;06:56:35;29;Sem vítima;133,323;BR-101/RJ;Crescente;Choque;1;0;0;0;0;0;0;0;0;0;1;0;0;0;0
09/06/2022;09:46:32;75;Sem vítima;297,756;BR-101/RJ;Crescente;Colisão lateral no mesmo sentido;1;0;1;0;0;0;0;0;0;0;0;0;0;0;0
09/06/2022;12:55:06;108;Com vítima;313,723;BR-101/RJ;Decrescente;Tombamento;0;0;0;1;0;0;0;0;0;0;0;2;0;0;0
09/06/2022;17:17:21;157;Com vítima;321,311;BR-101/RJ;Decrescente;Colisão lateral no mesmo sentido;1;0;1;0;0;0;0;0;0;0;3;1;0;0;0
10/06/2022;06:54:59;34;Com vítima;66,621;BR-101/RJ;Decrescente;Colisão traseira;0;0;0;1;0;0;0;0;0;0;0;2;0;0;0
10/06/2022;11:23:11;110;Sem vítima;176,673;BR-101/RJ;Crescente;Colisão lateral no mesmo sentido;1;0;1;0;0;0;0;0;0;0;4;0;0;0;0
10/06/2022;16:05:25;144;Sem vítima;303,158;BR-101/RJ;Crescente;Colisão lateral no mesmo sentido;1;0;1;0;0;0;0;0;0;0;4;0;0;0;0
10/06/2022;17:41:46;159;Com vítima;299,244;BR-101/RJ;Crescente;Colisão lateral no mesmo sentido;1;0;0;1;0;0;0;0;0;0;2;1;0;0;0
10/06/2022;17:59:12;162;Com vítima;299,318;BR-101/RJ;Crescente;Engavetamento;3;0;0;0;0;0;0;0;0;1;11;0;1;0;0
10/06/2022;22:15:48;189;Sem vítima;294,965;BR-101/RJ;Decrescente;Choque;1;0;0;0;0;0;0;0;0;0;2;0;0;0;0
10/06/2022;23:38:40;198;Com vítima;296,372;BR-101/RJ;Crescente;Colisão lateral no mesmo sentido;1;0;0;0;0;0;0;0;0;0;4;1;0;0;0
11/06/2022;00:40:17;8;Sem vítima;57,499;BR-101/RJ;Decrescente;Choque;1;0;0;0;0;0;0;0;0;0;1;0;0;0;0
11/06/2022;05:37:01;28;Sem vítima;292,919;BR-101/RJ;Decrescente;Colisão lateral no mesmo sentido;1;0;1;0;0;0;0;0;0;0;2;0;0;0;0
11/06/2022;06:08:41;31;Sem vítima;267,545;BR-101/RJ;Decrescente;Saída de pista;1;0;0;0;0;0;0;0;0;0;2;0;0;0;0
11/06/2022;06:15:26;32;Sem vítima;67,528;BR-101/RJ;Crescente;Tombamento;0;0;1;0;0;0;0;0;0;0;1;0;0;0;0
11/06/2022;07:42:24;35;Sem vítima;261,646;BR-101/RJ;Decrescente;Colisão traseira;1;0;1;0;0;0;0;0;0;0;2;0;0;0;0
11/06/2022;10:29:25;65;Com vítima;292,107;BR-101/RJ;Crescente;Colisão lateral no mesmo sentido;1;0;0;0;0;0;0;0;0;0;0;1;0;0;0
11/06/2022;12:55:34;87;Sem vítima;196,565;BR-101/RJ;Crescente;Capotamento;1;0;0;0;0;0;0;0;0;0;5;0;0;0;0
11/06/2022;13:24:19;89;Sem vítima;66,590;BR-101/RJ;Crescente;Colisão traseira;1;0;0;0;0;0;0;0;0;1;0;0;0;0;0
11/06/2022;14:12:32;93;Sem vítima;229,730;BR-101/RJ;Decrescente;Choque;1;0;0;0;0;0;0;0;0;0;3;0;0;0;0
11/06/2022;15:48:48;110;Com vítima;70,100;BR-101/RJ;Crescente;Atropelamento de pedestre;1;0;0;0;0;0;0;0;0;0;1;1;0;0;0
11/06/2022;16:14:45;114;Sem vítima;228,163;BR-101/RJ;Crescente;Choque;1;0;0;0;0;0;0;0;0;0;1;0;0;0;0
11/06/2022;22:50:14;159;Sem vítima;271,970;BR-101/RJ;Decrescente;Atropelamento de animal;0;0;0;0;0;0;0;0;0;1;2;0;0;0;0
12/06/2022;00:19:14;5;Sem vítima;184,584;BR-101/RJ;Crescente;Choque;1;0;0;0;0;0;0;0;0;0;1;0;0;0;0
12/06/2022;00:42:57;7;Sem vítima;314,484;BR-101/RJ;Crescente;Colisão lateral no mesmo sentido;2;0;0;0;0;0;0;0;0;0;2;0;0;0;0
12/06/2022;01:16:19;11;Com vítima;318,286;BR-101/RJ;Decrescente;Choque;1;0;0;0;0;0;0;0;0;0;0;1;0;0;0
12/06/2022;02:52:31;17;Sem vítima;196,375;BR-101/RJ;Crescente;Choque;1;0;0;0;0;0;0;0;0;0;4;0;0;0;0
12/06/2022;03:25:58;20;Com vítima;56,215;BR-101/RJ;Crescente;Tombamento;0;0;0;1;0;0;0;0;0;0;0;0;1;0;0
12/06/2022;07:07:00;31;Com vítima;296,353;BR-101/RJ;Crescente;Choque;1;0;0;0;0;0;0;0;0;0;0;1;0;0;0
12/06/2022;09:16:56;41;Sem vítima;245,877;BR-101/RJ;Crescente;Choque;1;0;0;0;0;0;0;0;0;0;0;0;0;0;0
12/06/2022;14:32:54;85;Com vítima;66,483;BR-101/RJ;Crescente;Colisão traseira;1;0;0;1;0;0;0;0;0;0;2;2;0;0;0
12/06/2022;15:32:00;94;Com vítima;50,789;BR-101/RJ;Crescente;Colisão transversal;2;0;0;0;0;0;0;0;0;0;1;4;0;0;0
12/06/2022;18:00:06;119;Com vítima;303,110;BR-101/RJ;Crescente;Choque;0;0;0;1;0;0;0;0;0;0;0;0;0;1;0
13/06/2022;05:40:37;17;Com vítima;268,167;BR-101/RJ;Decrescente;Choque;1;0;0;0;0;0;0;0;0;0;0;1;0;0;0
13/06/2022;07:54:30;35;Com vítima;317,859;BR-101/RJ;Decrescente;Colisão lateral no mesmo sentido;0;0;0;1;0;0;0;0;0;0;0;1;0;0;0
13/06/2022;08:07:45;39;Com vítima;309,886;BR-101/RJ;Crescente;Engavetamento;3;0;0;0;0;0;0;0;0;0;2;1;0;0;0